Date,open,high,low,close,volume
2012-02-22 00:00:00-05:00,105.86277737150925,106.08809009178357,105.4976251874679,105.68408966064453,124455300
2012-02-23 00:00:00-05:00,105.62972752917683,106.22794557638383,105.2723401987272,106.15026092529297,137704300
2012-02-24 00:00:00-05:00,106.38334655761719,106.5931176788153,106.15028070609105,106.38334655761719,105539100
2012-02-27 00:00:00-05:00,105.67637916681166,106.84952096237109,105.5054562754286,106.56206512451172,145728900
2012-02-28 00:00:00-05:00,106.5930662163847,106.99706658868895,106.38329519646264,106.87275695800781,129355900
2012-02-29 00:00:00-05:00,107.02817381709315,107.36225457928161,106.08033331249732,106.45326232910156,185934700
2012-03-01 00:00:00-05:00,106.67859397884557,107.20690431053474,106.38336138599496,107.00489807128906,145023500
2012-03-02 00:00:00-05:00,106.93496553441176,107.07481690294239,106.43773861652755,106.67858123779297,120638300
2012-03-05 00:00:00-05:00,106.51542570374538,106.59311036398154,105.87834747376047,106.24349975585938,140765000
2012-03-06 00:00:00-05:00,105.1558221396895,105.21796512740607,104.38666929992638,104.68966674804688,202129900
2012-03-07 00:00:00-05:00,104.93051328667315,105.59089814044901,104.8295101819058,105.41997528076172,143692200
2012-03-08 00:00:00-05:00,106.06482991151141,106.686366572498,105.84729385838996,106.46881866455078,116968900
2012-03-09 00:00:00-05:00,106.67080598236288,107.16025608769007,106.53873139173024,106.88057708740234,122836800
2012-03-12 00:00:00-04:00,106.86502197182034,107.0281680348006,106.50763464725514,106.8883285522461,104003500
2012-03-13 00:00:00-04:00,107.46324214424384,108.86946102524583,107.28454257071303,108.81507110595703,184090500
2012-03-14 00:00:00-04:00,108.84614832875452,109.11806234545104,108.3644514093479,108.69853210449219,145163600
2012-03-15 00:00:00-04:00,108.86171781032915,109.37448640098066,108.58202692950331,109.32787322998047,165118500
2012-03-16 00:00:00-04:00,109.52607312398415,109.6197080194134,109.24515653091927,109.47925567626953,152893500
2012-03-19 00:00:00-04:00,109.40904885311762,110.24398793416302,109.33101182194139,109.90845489501953,125291100
2012-03-20 00:00:00-04:00,109.28414522508713,109.7211238269115,108.96421021061792,109.58847045898438,121729700
2012-03-21 00:00:00-04:00,109.65094047119433,109.75237431756705,109.18274212548847,109.40904235839844,122388400
2012-03-22 00:00:00-04:00,108.60525508782352,108.89398244364173,108.26192326774773,108.62086486816406,135216700
2012-03-23 00:00:00-04:00,108.7145270853156,109.09687745716518,108.11367547798359,108.9720230102539,120521000
2012-03-26 00:00:00-04:00,109.7523424600255,110.50145721435547,109.71333586485449,110.50145721435547,120164000
2012-03-27 00:00:00-04:00,110.60295467608222,110.67318086837068,110.08793878573888,110.15816497802734,119868500
2012-03-28 00:00:00-04:00,110.10350730490053,110.27517920400025,108.96423123876382,109.61190032958984,148562100
2012-03-29 00:00:00-04:00,108.9642569534253,109.62753598436407,108.5350771043931,109.42464447021484,164963700
2012-03-30 00:00:00-04:00,109.96304084283386,110.06448657391697,109.28416410534156,109.87720489501953,135486800
2012-04-02 00:00:00-04:00,109.74453142292552,110.96964318966823,109.52604212424603,110.68091583251953,151741100
2012-04-03 00:00:00-04:00,110.52488942679788,110.71217113188183,109.58069386881888,110.22836303710938,155806700
2012-04-04 00:00:00-04:00,109.41682662256893,109.5104615164397,108.73013898277812,109.13591003417969,146896000
2012-04-05 00:00:00-04:00,108.76139080239803,109.40124927821059,108.66774397398169,109.08131408691406,137439400
2012-04-09 00:00:00-04:00,107.70790748280172,109.12028922089641,107.55964431130656,107.85617065429688,127555900
2012-04-10 00:00:00-04:00,107.64545465925761,107.94977986798733,105.93654698455494,106.04579162597656,235360300
2012-04-11 00:00:00-04:00,107.13045542887292,107.32553602590814,106.70908657825775,106.90416717529297,154133000
2012-04-12 00:00:00-04:00,107.00563039903028,108.38679267908104,106.92759338474166,108.30095672607422,154321500
2012-04-13 00:00:00-04:00,108.05125039023999,108.32436800990983,106.91197437651299,107.01342010498047,169246700
2012-04-16 00:00:00-04:00,107.55967170319443,107.71573385254213,106.576469446203,106.94322204589844,147825300
2012-04-17 00:00:00-04:00,107.55970096300496,108.74579505290626,107.4504562380655,108.52730560302734,147877600
2012-04-18 00:00:00-04:00,108.04347120558596,108.52726740191203,107.98104396948294,108.16051483154297,123884200
2012-04-19 00:00:00-04:00,108.17611502936708,108.58187416790658,106.95881380019507,107.46601867675781,198666700
2012-04-20 00:00:00-04:00,107.94196537769655,108.33212645609198,107.5830119465934,107.64543914794922,143199600
2012-04-23 00:00:00-04:00,106.54522242642385,106.83394983045918,106.07703609898464,106.74030303955078,171844900
2012-04-24 00:00:00-04:00,106.83397099574995,107.4192129510753,106.74813503269777,107.1460952758789,137484200
2012-04-25 00:00:00-04:00,108.191717297777,108.65991559266455,108.09808240151038,108.61309814453125,150252200
2012-04-26 00:00:00-04:00,108.37898985318859,109.49485720225509,108.31656262535206,109.37000274658203,136291600
2012-04-27 00:00:00-04:00,109.69774744513245,109.86160851573109,109.08909679792554,109.54948425292969,130725000
2012-04-30 00:00:00-04:00,109.33096603953817,109.40900303803637,108.84716998781724,109.14368438720703,115092200
2012-05-01 00:00:00-04:00,109.08130051714963,110.54051200287135,108.95645793942577,109.82261657714844,138832200
2012-05-02 00:00:00-04:00,109.18272925487877,109.60411009769678,108.82378755135822,109.49486541748047,121081000
2012-05-03 00:00:00-04:00,109.51046080793684,109.59629676235535,108.45703253837526,108.659912109375,143759700
2012-05-04 00:00:00-04:00,108.09026053916394,108.6989110493718,106.84173995542874,106.90416717529297,193927300
2012-05-07 00:00:00-04:00,106.52179378314119,107.34113458639214,106.48278719323157,106.98219299316406,127765900
2012-05-08 00:00:00-04:00,106.34234152798163,106.7247038113056,105.28110252974471,106.55303192138672,213377700
2012-05-09 00:00:00-04:00,105.42154605434649,106.5998284248317,104.94554898157003,105.92095184326172,220752500
2012-05-10 00:00:00-04:00,106.65450744334727,106.78717278842655,105.89760533229502,106.1395034790039,150600000
2012-05-11 00:00:00-04:00,105.47616768404964,106.80271326076151,105.42935024943698,105.81951141357422,153032400
2012-05-14 00:00:00-04:00,104.80511760635682,105.81953928162088,104.49299335555723,104.64905548095703,163910000
2012-05-15 00:00:00-04:00,104.57882802260515,105.19527757771439,103.88434145236862,104.04820251464844,207629300
2012-05-16 00:00:00-04:00,104.51638878631653,104.99238594765214,103.62682168722093,103.65023040771484,207265500
2012-05-17 00:00:00-04:00,103.67365939534577,103.79851386690478,102.05838592484267,102.1130142211914,247992900
2012-05-18 00:00:00-04:00,102.51094630168565,102.69042902030223,101.09076577475231,101.23902893066406,319615900
2012-05-21 00:00:00-04:00,101.56677473983025,103.01817499868349,101.40290178346055,102.97915649414062,177861100
2012-05-22 00:00:00-04:00,103.24444341368239,103.9623385134257,102.48752981690194,103.15860748291016,197531200
2012-05-23 00:00:00-04:00,102.41732457959309,103.36152001088925,101.43412255006835,103.2132568359375,204958400
2012-05-24 00:00:00-04:00,103.49416707115314,103.6580281126616,102.5499716976188,103.41613006591797,167357600
2012-05-25 00:00:00-04:00,103.3771189995399,103.66584641425888,102.83089564392799,103.08060455322266,135465600
2012-05-29 00:00:00-04:00,103.90776310358433,104.50860294906825,102.35491680085205,104.32913208007812,152883500
2012-05-30 00:00:00-04:00,103.43953741287727,104.32130555187223,102.60459862046687,102.81527709960938,162370400
2012-05-31 00:00:00-04:00,102.77630149788088,103.35373263869644,101.70725137048638,102.58901977539062,196186000
2012-06-01 00:00:00-04:00,100.98155256167819,102.6124239709664,100.00614929199219,100.00614929199219,253240900
2012-06-04 00:00:00-04:00,100.18560071462915,100.45871833984293,99.21019763425977,99.95931243896484,202545800
2012-06-05 00:00:00-04:00,99.76423192960561,100.8644835753345,99.70960959192246,100.71623229980469,164149400
2012-06-06 00:00:00-04:00,101.41851156663287,103.02597393688171,101.38729200028823,102.97915649414062,184202800
2012-06-07 00:00:00-04:00,104.14963663206194,104.19645407320377,102.83088980828161,103.04158020019531,184772700
2012-06-08 00:00:00-04:00,102.77626847864528,103.88432485713867,102.44852259288852,103.86091613769531,143915400
2012-06-11 00:00:00-04:00,104.69588432232752,104.758311560637,102.44075243055215,102.54219818115234,169756100
2012-06-12 00:00:00-04:00,102.83868323811912,103.79067751293185,102.34708822568456,103.72045135498047,181931800
2012-06-13 00:00:00-04:00,103.41613159453294,104.0638006458773,102.70603531943277,103.05718994140625,172223900
2012-06-14 00:00:00-04:00,103.26784446759929,104.56318226976057,102.98692797926036,104.14961242675781,230615500
2012-06-15 00:00:00-04:00,104.61869961636216,105.30893328536008,104.39907818052593,105.21481323242188,169444500
2012-06-18 00:00:00-04:00,104.77557328774576,105.67758906952386,104.54026118035597,105.41874694824219,131360900
2012-06-19 00:00:00-04:00,105.95209746876228,106.86980370472612,105.39519267507403,106.43840026855469,137382600
2012-06-20 00:00:00-04:00,106.44629716627668,106.75219937592517,105.31680840189044,106.26588439941406,206451800
2012-06-21 00:00:00-04:00,106.39138467686983,106.50119541843307,103.79513559753873,103.88141632080078,205272200
2012-06-22 00:00:00-04:00,104.42259255605958,104.87752602458387,104.02255845403766,104.68143463134766,130029200
2012-06-25 00:00:00-04:00,103.57549039430481,103.61471107198247,102.6342539723932,103.0029067993164,146375700
2012-06-26 00:00:00-04:00,103.3009778893087,103.83435287975162,102.69701284627669,103.52059936523438,141634000
2012-06-27 00:00:00-04:00,103.86569762704725,104.65790262253563,103.51273547929382,104.45397186279297,108088000
2012-06-28 00:00:00-04:00,103.76374666449001,104.3128123005834,102.97154151324192,104.15592956542969,169242100
2012-06-29 00:00:00-04:00,106.04625323865956,106.88553038535034,105.77173239110884,106.75218963623047,212250900
2012-07-02 00:00:00-04:00,107.05019283342766,107.18353352317428,106.2972087068036,107.07372283935547,129524500
2012-07-03 00:00:00-04:00,107.050212124112,107.85810772246347,106.94040142050507,107.77967834472656,80450000
2012-07-05 00:00:00-04:00,107.37964617351224,108.08558239670344,106.9011826773436,107.29336547851562,126177500
2012-07-06 00:00:00-04:00,106.25804437796013,106.49335653046592,105.77174137299522,106.27373504638672,151192100
2012-07-09 00:00:00-04:00,106.18745615578294,106.336487587225,105.65408113633103,106.14039611816406,103780500
2012-07-10 00:00:00-04:00,106.68157324357189,106.85413465293902,104.8539997487077,105.21481323242188,167884800
2012-07-11 00:00:00-04:00,105.26972757630509,105.57562972554456,104.6187025984937,105.23050689697266,141733400
2012-07-12 00:00:00-04:00,104.61870557103119,105.28540926474186,104.006901255169,104.72066497802734,143583200
2012-07-13 00:00:00-04:00,104.9951575346725,106.5874184091356,104.97946687481276,106.47760772705078,129642600
2012-07-16 00:00:00-04:00,106.23447485068624,106.54037694463602,105.81091074000574,106.22662353515625,97525200
2012-07-17 00:00:00-04:00,106.65021355439359,107.17573717841037,105.53641560922003,106.95611572265625,138860300
2012-07-18 00:00:00-04:00,106.70509096077485,107.96008070819667,106.64235224502607,107.74829864501953,113349700
2012-07-19 00:00:00-04:00,107.9679271070938,108.3836399447784,107.62281627405888,108.03067779541016,129847300
2012-07-20 00:00:00-04:00,107.41888110393735,107.58360316841795,106.92473884743724,107.04238891601562,142904500
2012-07-23 00:00:00-04:00,105.47364283824052,106.9717840016842,104.97948868197595,105.95994567871094,145210900
2012-07-24 00:00:00-04:00,106.03842617004018,106.08548620830065,104.34419298182145,105.05011749267578,173301200
2012-07-25 00:00:00-04:00,105.26973799300512,105.54425883855477,104.51674156811274,105.07364654541016,129122300
2012-07-26 00:00:00-04:00,106.58745406285486,107.03454825491123,106.09329984394427,106.80707550048828,156526500
2012-07-27 00:00:00-04:00,107.37184633931703,109.08177020528848,106.78357192107215,108.7758560180664,236768900
2012-07-30 00:00:00-04:00,108.6503665715475,109.29354037855559,108.4542750987992,108.7758560180664,106782000
2012-07-31 00:00:00-04:00,108.6268113143957,108.92486214516312,108.01500701904297,108.01500701904297,120575900
2012-08-01 00:00:00-04:00,108.79152196924386,108.81505198314966,107.77184414893236,107.9208755493164,138293800
2012-08-02 00:00:00-04:00,107.10516067738908,107.90521720651375,106.34432483499593,107.17575073242188,199556600
2012-08-03 00:00:00-04:00,108.68169791516699,109.52881421726477,107.2070867261298,109.30135345458984,157825000
2012-08-06 00:00:00-04:00,109.59158681150222,109.94454901582037,109.46608541533118,109.51314544677734,86326200
2012-08-07 00:00:00-04:00,109.95237976420027,110.5328146997346,109.83472969478768,110.06220245361328,109545100
2012-08-08 00:00:00-04:00,109.6935402184816,110.32102315957891,109.66215889034478,110.1955337524414,89754700
2012-08-09 00:00:00-04:00,110.03866244495775,110.50928666799132,109.92885172204608,110.28966522216797,90291700
2012-08-10 00:00:00-04:00,109.84255971644653,110.5092753024291,109.66215896917487,110.47005462646484,99792700
2012-08-13 00:00:00-04:00,110.28182040221162,110.47006050730907,109.84256556388624,110.4151611328125,79426900
2012-08-14 00:00:00-04:00,110.8230070681434,110.89360906608422,110.10139217378051,110.43082427978516,102379400
2012-08-15 00:00:00-04:00,110.31321446428717,110.74461808251726,110.24262440906949,110.55636596679688,71085900
2012-08-16 00:00:00-04:00,110.71320931375706,111.50542629870844,110.43868851088315,111.37208557128906,112014200
2012-08-17 00:00:00-04:00,111.56032358165494,111.61523492228305,111.27011211967796,111.52110290527344,90813700
2012-08-20 00:00:00-04:00,111.36424673607314,111.55249882624807,111.05834456983366,111.52896881103516,78255700
2012-08-21 00:00:00-04:00,111.80348521645021,112.23488875905294,110.94852944831916,111.19168090820312,105581100
2012-08-22 00:00:00-04:00,110.90931013153613,111.4191550403226,110.65047997126439,111.23875427246094,133243500
2012-08-23 00:00:00-04:00,110.96422994767921,110.97206929697721,110.15633413651412,110.32889556884766,111466400
2012-08-24 00:00:00-04:00,110.05436885648825,111.246608281872,109.98377880347502,110.99560546875,99481200
2012-08-27 00:00:00-04:00,111.29363675684803,111.44266813881818,110.86223327442644,111.01910400390625,68785900
2012-08-28 00:00:00-04:00,110.73674796920308,111.2544322232149,110.57203786831737,110.90930938720703,75689600
2012-08-29 00:00:00-04:00,111.00345678695561,111.29366831721417,110.68970327055311,110.99560546875,65421300
2012-08-30 00:00:00-04:00,110.5171145707893,110.54849589892612,109.96022166529495,110.1955337524414,96589900
2012-08-31 00:00:00-04:00,110.8229905601915,111.23871526491715,110.09353642736815,110.72103118896484,151970400
2012-09-04 00:00:00-04:00,110.62691893719335,110.95636302138469,109.9131553373634,110.61907958984375,120226200
2012-09-05 00:00:00-04:00,110.66610525120832,110.9641679165201,110.30530388964034,110.5249252319336,100660300
2012-09-06 00:00:00-04:00,111.19168951028298,112.77611174911209,111.18385016107325,112.76827239990234,158272500
2012-09-07 00:00:00-04:00,112.95647866315404,113.25454140237085,112.85451928010762,113.20748138427734,107272100
2012-09-10 00:00:00-04:00,113.09767535729269,113.29376675309395,112.52509183272431,112.56430053710938,86458500
2012-09-11 00:00:00-04:00,112.63489273373935,113.23884556295141,112.60351141079943,112.87804412841797,88760000
2012-09-12 00:00:00-04:00,113.25453186035156,113.38003321033936,112.87018846418921,113.25453186035156,87640900
2012-09-13 00:00:00-04:00,113.23888581341065,115.33314104649973,112.9408349503477,114.98017883300781,225470200
2012-09-14 00:00:00-04:00,115.20764098412805,116.17240747023614,115.1135089590038,115.4900131225586,169777000
2012-09-17 00:00:00-04:00,115.25472539802745,115.45081686985792,114.80763109738666,115.09785461425781,119427800
2012-09-18 00:00:00-04:00,114.90174847197041,115.15273930026103,114.71349637439836,115.00370788574219,98326600
2012-09-19 00:00:00-04:00,115.13701153445636,115.43507426745376,114.83896076992723,115.06642150878906,128318300
2012-09-20 00:00:00-04:00,114.54090496586743,115.13701849945473,114.22716352049915,115.07427978515625,154009800
2012-09-21 00:00:00-04:00,115.63336538989707,115.65702100788755,114.97886521665575,115.02617645263672,108737500
2012-09-24 00:00:00-04:00,114.45843812473447,115.1129384155918,114.37169683239527,114.85271453857422,95682000
2012-09-25 00:00:00-04:00,115.09714814381694,115.31794191949822,113.59889091471297,113.63043975830078,133165200
2012-09-26 00:00:00-04:00,113.60678900083086,113.63832581340917,112.72360182797284,112.99170684814453,146502200
2012-09-27 00:00:00-04:00,113.46490536393775,114.31654415796999,113.16525133482489,114.05632019042969,111830300
2012-09-28 00:00:00-04:00,113.6225613211369,113.99318207120703,113.1257812773688,113.52793884277344,150696100
2012-10-01 00:00:00-04:00,113.96164346207432,114.88424870867568,113.55947387064006,113.82759094238281,135911200
2012-10-02 00:00:00-04:00,114.27703719369417,114.4584009160407,113.41751777870697,113.94584655761719,113422200
2012-10-03 00:00:00-04:00,114.25343988301498,114.67925319459137,113.65414395462804,114.41114807128906,121283100
2012-10-04 00:00:00-04:00,114.84482885793206,115.3968134092837,114.68712070502599,115.2312240600586,124311600
2012-10-05 00:00:00-04:00,115.8462635687355,116.04340171569787,114.89210964320026,115.23907470703125,124842100
2012-10-08 00:00:00-04:00,114.81328130054746,115.22332005327566,114.5845942727186,114.84481811523438,78415400
2012-10-09 00:00:00-04:00,114.75810451638513,114.8527270156304,113.66989764561418,113.7093276977539,148872900
2012-10-10 00:00:00-04:00,113.69354130615925,113.80395025347687,112.83402160883062,112.98384857177734,124247500
2012-10-11 00:00:00-04:00,113.77238785000262,113.93798921889194,113.02326515686299,113.04692077636719,123601500
2012-10-12 00:00:00-04:00,113.12576556455387,113.5121486524439,112.4318353999801,112.67628479003906,124181900
2012-10-15 00:00:00-04:00,112.94440280373789,113.73295552434669,112.58167529037922,113.61467742919922,107689100
2012-10-16 00:00:00-04:00,114.15089051763343,114.84482078044627,114.07204246290648,114.76596069335938,108815500
2012-10-17 00:00:00-04:00,114.8448426647172,115.38106488789607,114.67136006595601,115.28643035888672,128834100
2012-10-18 00:00:00-04:00,114.98678588867188,115.53877049412648,114.60039064867266,114.98678588867188,148108500
2012-10-19 00:00:00-04:00,114.77387186310986,114.78175306010657,112.80248970136755,113.07059478759766,185645200
2012-10-22 00:00:00-04:00,112.88128761528918,113.29133829180748,112.19525077816465,113.08631896972656,125578600
2012-10-23 00:00:00-04:00,111.86410843070071,112.02181659514252,111.05189995308177,111.51714324951172,192056300
2012-10-24 00:00:00-04:00,111.91929510750064,112.0533596743488,111.02823860974974,111.20172119140625,120179400
2012-10-25 00:00:00-04:00,111.99030272638673,112.19532217894141,110.84690325940426,111.5250473022461,134457400
2012-10-26 00:00:00-04:00,111.42250690638427,111.8483201006805,110.70492101016121,111.4619369506836,146023500
2012-10-31 00:00:00-04:00,111.85621332895647,111.99814704960181,110.933596015321,111.4619369506836,103438500
2012-11-01 00:00:00-04:00,111.69849924244497,112.77093153111906,111.59599556050964,112.62899780273438,100995600
2012-11-02 00:00:00-04:00,113.29925330870698,113.33080215681868,111.50924723007121,111.62752532958984,137702200
2012-11-05 00:00:00-05:00,111.46194004145813,112.10854706292838,111.13073728604792,111.85621643066406,98378500
2012-11-06 00:00:00-05:00,112.19526144192788,113.17307098429916,112.07698336647708,112.73148345947266,107068100
2012-11-07 00:00:00-05:00,111.7063610029799,111.72212339123065,109.65611948878353,110.17656707763672,264304500
2012-11-08 00:00:00-05:00,110.16081469818482,110.72069243440102,108.76507298785533,108.85181427001953,181517300
2012-11-09 00:00:00-05:00,108.5206316622884,109.95580352293281,108.46543922353477,108.94645690917969,201055300
2012-11-12 00:00:00-05:00,109.28552612660977,109.45900869958292,108.78874606069614,109.03319549560547,97677500
2012-11-13 00:00:00-05:00,108.45753254128172,109.80596294602393,108.31559883149794,108.65467071533203,123018300
2012-11-14 00:00:00-05:00,108.9858999355113,109.15937050108343,106.9435388111686,107.18798828125,191505000
2012-11-15 00:00:00-05:00,107.22737793032078,107.62954745234667,106.59653345119516,107.00658416748047,178128400
2012-11-16 00:00:00-05:00,107.16432184443072,107.74785525427387,106.21806088085987,107.53494262695312,239483900
2012-11-19 00:00:00-05:00,108.74138311825847,109.72707372677189,107.56644761361834,109.71131134033203,151495800
2012-11-20 00:00:00-05:00,109.53787316909663,109.94003076850622,108.88337289623409,109.7586669921875,119807400
2012-11-21 00:00:00-05:00,109.85329479453806,110.05832623473063,109.63250096076261,109.96369171142578,81710800
2012-11-23 00:00:00-05:00,110.49990162510899,111.50135496262274,110.42892273242614,111.4619369506836,65409200
2012-11-26 00:00:00-05:00,110.90996680549138,111.46984469019745,110.54723918922804,111.22539520263672,100124400
2012-11-27 00:00:00-05:00,111.11498538957967,111.4934873899093,110.58665642202162,110.65762329101562,128646200
2012-11-28 00:00:00-05:00,110.20815640834763,111.61177970246435,109.60886049556221,111.5487060546875,177086500
2012-11-29 00:00:00-05:00,111.9665881407546,112.37662682995177,111.47767734616136,112.069091796875,151085900
2012-11-30 00:00:00-05:00,112.08487698359325,112.30567077047807,111.70637506784198,112.09275817871094,136568300
2012-12-03 00:00:00-05:00,112.60533779401565,112.69996027591878,111.4540454572994,111.54078674316406,124656300
2012-12-04 00:00:00-05:00,111.5329294002887,111.87200138786461,111.08344845039919,111.38310241699219,127512200
2012-12-05 00:00:00-05:00,111.4776692554855,112.10063250314496,110.68911671176447,111.58018493652344,147300500
2012-12-06 00:00:00-05:00,111.47765410224518,112.00598279083931,111.31206482869233,111.95867156982422,103220600
2012-12-07 00:00:00-05:00,112.39239009152472,112.51856138291521,111.71423444074658,112.29776763916016,108726400
2012-12-10 00:00:00-05:00,112.14008103928602,112.61320542416733,112.09275777167487,112.34510040283203,98840700
2012-12-11 00:00:00-05:00,112.8103467355936,113.63832947265269,112.75515430371459,113.11000061035156,152570400
2012-12-12 00:00:00-05:00,113.55159445367292,113.9853008667388,113.00749113840482,113.16519927978516,145880100
2012-12-13 00:00:00-05:00,113.09426502593688,113.41757463001022,112.18743392729183,112.4713134765625,135715000
2012-12-14 00:00:00-05:00,112.22681964387017,112.43183900253703,111.87985455046578,112.05333709716797,137701700
2012-12-17 00:00:00-05:00,112.34512577326035,113.4333325592427,112.3135769210617,113.37024688720703,143238200
2012-12-18 00:00:00-05:00,113.55159123028439,114.73442030559985,113.38598986550201,114.63190460205078,177762800
2012-12-19 00:00:00-05:00,114.75809089502944,114.79752094248896,113.74086305179615,113.78028106689453,150895400
2012-12-20 00:00:00-05:00,113.85127771744992,114.4505736222516,113.53584932095193,114.43479919433594,168487000
2012-12-21 00:00:00-05:00,112.9036754889032,114.42843354614315,112.72102539872702,113.39604187011719,245883800
2012-12-24 00:00:00-05:00,113.14984627448108,113.21337936794653,112.91954941365503,113.04661560058594,53874600
2012-12-26 00:00:00-05:00,113.27689540287894,113.33249139542588,112.25245320455481,112.57010650634766,106947700
2012-12-27 00:00:00-05:00,112.60190822721307,112.83221725540028,111.11685971503802,112.41925811767578,167920600
2012-12-28 00:00:00-05:00,111.68860702846145,112.30803946248903,111.07711168595326,111.20417785644531,148806700
2012-12-31 00:00:00-05:00,110.91033864445653,113.21335523254217,110.81503296572683,113.09423828125,243935200
2013-01-02 00:00:00-05:00,115.23845360535289,116.06435959081082,114.93667443869583,115.99288940429688,192059000
2013-01-03 00:00:00-05:00,115.93730528636958,116.2390723347181,115.42110344351534,115.73081970214844,144761800
2013-01-04 00:00:00-05:00,115.92139852369351,116.42965106655801,115.68315249347967,116.23905181884766,116817700
2013-01-07 00:00:00-05:00,115.8261236559384,116.03259711934896,115.4925718891775,115.92141723632812,110002500
2013-01-08 00:00:00-05:00,115.71491099829503,115.87373762652531,115.13517623459676,115.58784484863281,121265100
2013-01-09 00:00:00-05:00,115.8419965405102,116.19937169835688,115.65934647424737,115.88170623779297,90745600
2013-01-10 00:00:00-05:00,116.52498455189516,116.81087746255662,115.92143823725459,116.80294036865234,130735400
2013-01-11 00:00:00-05:00,116.7711702807108,116.85852678634768,116.42969346993999,116.79500579833984,113917300
2013-01-14 00:00:00-05:00,116.65201257076053,116.79496503814146,116.28670036985075,116.71554565429688,89567200
2013-01-15 00:00:00-05:00,116.17556104710516,116.90618570390487,116.10409084732069,116.79500579833984,93172600
2013-01-16 00:00:00-05:00,116.55673112469626,116.96174094194747,116.42966494441033,116.77909088134766,104849500
2013-01-17 00:00:00-05:00,117.29530034898198,117.86708613895462,116.85851785418345,117.5335464477539,133833500
2013-01-18 00:00:00-05:00,117.50973847617342,117.92269762707751,117.0808930185457,117.7956314086914,169906000
2013-01-22 00:00:00-05:00,117.79558945516813,118.430908203125,117.51763371615662,118.430908203125,111797300
2013-01-23 00:00:00-05:00,118.43091096147224,118.7247408906957,118.21648830403207,118.62149810791016,104596100
2013-01-24 00:00:00-05:00,118.44677373166961,119.23298198805948,118.33559386772829,118.65325927734375,146426400
2013-01-25 00:00:00-05:00,119.02650549484048,119.3203353881836,118.62148362272319,119.3203353881836,147211600
2013-01-28 00:00:00-05:00,119.35211479179617,119.38388739582494,118.73268230791241,119.17741394042969,113357700
2013-01-29 00:00:00-05:00,118.93920689350456,119.79688571813418,118.8597874750807,119.64599609375,105694400
2013-01-30 00:00:00-05:00,119.63007054740721,119.86831660683126,119.0662219440269,119.17741394042969,137447700
2013-01-31 00:00:00-05:00,119.0344497407033,119.42358533671513,118.80415291380437,118.88356018066406,108975800
2013-02-01 00:00:00-05:00,119.6379515406743,120.24944664566641,119.43147818209552,120.10650634765625,131173000
2013-02-04 00:00:00-05:00,119.3759448172532,120.13038053934119,118.66914376362323,118.75650024414062,159073600
2013-02-05 00:00:00-05:00,119.39981179385519,120.2971882019713,119.35215287260584,119.9557113647461,113912400
2013-02-06 00:00:00-05:00,119.53480756746048,120.12246759773593,119.44745106056804,120.04306030273438,138762800
2013-02-07 00:00:00-05:00,120.08275269402168,120.19393258515335,119.01065136563109,119.88421630859375,162490000
2013-02-08 00:00:00-05:00,120.09069416372479,120.62277024193905,120.09069416372479,120.55130004882812,103133700
2013-02-11 00:00:00-05:00,120.50365005263617,120.63070413111424,120.22569426321033,120.52747344970703,73775000
2013-02-12 00:00:00-05:00,120.53538341464643,120.94834240043134,120.40038015572951,120.72598266601562,65392700
2013-02-13 00:00:00-05:00,120.97222194348464,121.19458178111252,120.48779255771629,120.82926940917969,82322600
2013-02-14 00:00:00-05:00,120.46390399581718,121.08333636811454,120.32890074725962,120.94038391113281,80834300
2013-02-15 00:00:00-05:00,121.05162092830534,121.17868714613296,120.35278096565635,120.79750061035156,215226500
2013-02-19 00:00:00-05:00,121.0039450237634,121.72662033143547,120.83718125596127,121.70279693603516,95105400
2013-02-20 00:00:00-05:00,121.6154075291108,121.65511721659585,120.12241052707859,120.18594360351562,160574800
2013-02-21 00:00:00-05:00,119.88422872362781,120.24952892473355,119.07419679424031,119.45538330078125,183257000
2013-02-22 00:00:00-05:00,120.03507734584673,120.62274932861328,119.51095056953888,120.62274932861328,106356600
2013-02-25 00:00:00-05:00,121.21041898021862,121.39306903333285,118.32766723632812,118.32766723632812,245824800
2013-02-26 00:00:00-05:00,118.89944165679962,119.28062802827122,118.11323340529918,119.13768768310547,186596200
2013-02-27 00:00:00-05:00,119.0344340019426,120.97215039902605,118.93119123920933,120.63861083984375,150781900
2013-02-28 00:00:00-05:00,120.63071804672923,121.40104028808075,120.24159443788417,120.40042114257812,126866000
2013-03-01 00:00:00-05:00,119.9874686188273,120.98015072491535,119.44745536961211,120.79750061035156,170634800
2013-03-04 00:00:00-05:00,120.51951555452938,121.4407272338867,120.32892839169583,121.44072723388672,99010200
2013-03-05 00:00:00-05:00,122.02839836575865,122.85430433994432,122.01251206307282,122.52870178222656,121431900
2013-03-06 00:00:00-05:00,122.96547161737716,123.0290047039088,122.42545855840409,122.69546508789062,94469900
2013-03-07 00:00:00-05:00,122.8543135818633,123.0766733653983,122.71137320003338,122.9178466796875,86101400
2013-03-08 00:00:00-05:00,123.4578876486741,123.60876514277722,122.82256870735759,123.44200134277344,123477800
2013-03-11 00:00:00-04:00,123.34671631571341,123.91849007316715,123.19582669342213,123.91055297851562,83746800
2013-03-12 00:00:00-04:00,123.82315236365139,123.96610484037483,123.25931590167444,123.63255310058594,105755800
2013-03-13 00:00:00-04:00,123.69610160625223,123.98199447763652,123.27520545083911,123.80728149414062,92550900
2013-03-14 00:00:00-04:00,124.13280728336638,124.52194270912777,123.81515411951034,124.46634674072266,126329900
2013-03-15 00:00:00-04:00,124.31805046483223,124.46959897449726,123.88729777371941,124.30209350585938,138601100
2013-03-18 00:00:00-04:00,123.11357091916585,124.15055434345808,123.00189653018641,123.6161117553711,126704300
2013-03-19 00:00:00-04:00,123.87932554156909,124.04683101042541,122.51529158005769,123.32892608642578,167567300
2013-03-20 00:00:00-04:00,124.05482595369344,124.39782148539335,123.84742198420562,124.1904296875,113759300
2013-03-21 00:00:00-04:00,123.44856747920471,124.15052758526501,122.9221095712524,123.12950134277344,128605000
2013-03-22 00:00:00-04:00,123.52037889625757,124.11863708496094,123.42464930938111,124.11863708496094,111163600
2013-03-25 00:00:00-04:00,124.44570279787212,124.65310680503075,123.12156696836625,123.60016632080078,151322300
2013-03-26 00:00:00-04:00,124.11062209615879,124.6211351385136,123.97501840055106,124.5892333984375,86856600
2013-03-27 00:00:00-04:00,123.84738709706461,124.62911970222589,123.63999535759238,124.5892333984375,99950600
2013-03-28 00:00:00-04:00,124.50954383131986,125.11578684141304,124.23833625922508,124.97219848632812,102932800
2013-04-01 00:00:00-04:00,124.90833301867711,125.1635956941783,124.17447108400263,124.47759246826172,99194100
2013-04-02 00:00:00-04:00,124.92430209468979,125.40291357187594,124.73285506949624,125.0918197631836,101504300
2013-04-03 00:00:00-04:00,125.16357555692252,125.25929295903859,123.49643255490861,123.82347106933594,154167400
2013-04-04 00:00:00-04:00,123.9829659727373,124.57325150450066,123.71175863581438,124.32597351074219,131885000
2013-04-05 00:00:00-04:00,122.80240621651862,123.91916163321756,122.65883015854234,123.7676010131836,159666000
2013-04-08 00:00:00-04:00,123.85542846020152,124.61321989333597,123.44063261944294,124.6052474975586,86571200
2013-04-09 00:00:00-04:00,124.83654556396095,125.49064704442496,124.42174980004707,125.03596496582031,101922200
2013-04-10 00:00:00-04:00,125.37102625449326,126.72707616550446,125.33912449598861,126.56754302978516,135711100
2013-04-11 00:00:00-04:00,126.59145621444924,127.397118530013,126.46382485354457,126.9823226928711,110142500
2013-04-12 00:00:00-04:00,126.57553501491267,126.86269957228727,125.96930413672185,126.6712646484375,116359900
2013-04-15 00:00:00-04:00,126.03301710101886,126.1367190479728,123.71975773172477,123.73570251464844,217259000
2013-04-16 00:00:00-04:00,124.66904689060571,125.62626990253447,124.36593763031807,125.56245422363281,147507800
2013-04-17 00:00:00-04:00,124.66902931877085,124.69297084513114,123.06570169148935,123.72777557373047,226834800
2013-04-18 00:00:00-04:00,123.93515762215465,123.96707154039468,122.48339080366456,122.95401763916016,167583200
2013-04-19 00:00:00-04:00,123.24118284275332,124.07874671386745,122.9380614754793,124.02290344238281,149687600
2013-04-22 00:00:00-04:00,124.26218662974973,124.86841708286347,123.44057986672277,124.57328033447266,106553500
2013-04-23 00:00:00-04:00,125.19546262848966,125.97718305454138,124.57327524446612,125.85753631591797,166141300
2013-04-24 00:00:00-04:00,125.89749160442716,126.2724011529988,125.66615822087567,125.9373779296875,96781200
2013-04-25 00:00:00-04:00,126.30424955363027,127.0460959409711,126.11281474780742,126.44783782958984,131060600
2013-04-26 00:00:00-04:00,126.29623718717713,126.51161344715258,125.81762598091805,126.22444915771484,95918800
2013-04-29 00:00:00-04:00,126.5674970836935,127.34921768505926,126.36807769353737,127.07003784179688,88572800
2013-04-30 00:00:00-04:00,127.04608468078612,127.40503708148219,126.51961466824984,127.37312316894531,116010700
2013-05-01 00:00:00-04:00,127.09393419996769,127.15774984884168,126.11279446316,126.2563705444336,138874200
2013-05-02 00:00:00-04:00,126.5754647950448,127.54065996319557,126.45581803401475,127.42898559570312,96407600
2013-05-03 00:00:00-04:00,128.53772902189735,129.12801464877657,127.45288732781073,128.72119140625,144202300
2013-05-06 00:00:00-04:00,128.81703382148706,129.23181764762177,128.76119051512205,129.04835510253906,66882100
2013-05-07 00:00:00-04:00,129.32748310363812,129.74226672390836,128.96054602398885,129.702392578125,90359200
2013-05-08 00:00:00-04:00,129.5588319473198,130.33258041769625,129.48704386365955,130.29269409179688,97419200
2013-05-09 00:00:00-04:00,130.23679866991452,130.5797941257841,129.59865428539408,129.9257049560547,106738600
2013-05-10 00:00:00-04:00,130.0135180211211,130.46021567264714,129.63062388701468,130.34854125976562,103203000
2013-05-13 00:00:00-04:00,130.18097151386846,130.667555297965,129.87786232670194,130.45217895507812,81843200
2013-05-14 00:00:00-04:00,130.5559176097369,131.89602257670256,130.5559176097369,131.80029296875,119000900
2013-05-15 00:00:00-04:00,131.58485069170345,132.7733820601727,131.54496439301352,132.51014709472656,120718500
2013-05-16 00:00:00-04:00,132.23899584992665,132.70165033354684,131.68859634059237,131.8880157470703,109913600
2013-05-17 00:00:00-04:00,132.37461656668438,133.2440823692801,132.19912649274443,133.16432189941406,129801000
2013-05-20 00:00:00-04:00,133.0367100034234,133.67485471368565,132.9011062303773,133.15635681152344,85071200
2013-05-21 00:00:00-04:00,133.275974998636,133.85030384492396,132.81332052959326,133.34776306152344,95804200
2013-05-22 00:00:00-04:00,133.4833709514435,134.86336200732845,131.75241196442164,132.358642578125,244031800
2013-05-23 00:00:00-04:00,130.9467701965626,132.3427061293837,130.77128013413744,131.97576904296875,211064400
2013-05-24 00:00:00-04:00,131.1940588443314,131.91994850876407,130.80319237003772,131.86410522460938,151573900
2013-05-28 00:00:00-04:00,133.2440516692443,133.83433743391012,132.2629116976183,132.65377807617188,143679800
2013-05-29 00:00:00-04:00,131.95184573023792,132.25496715587354,131.0903523402177,131.7923126220703,160363400
2013-05-30 00:00:00-04:00,131.89594216893516,132.885054199211,131.7922402283717,132.27882385253906,107793800
2013-05-31 00:00:00-04:00,131.9119565845916,132.6617755656729,130.12516633683597,130.3804168701172,176850100
2013-06-03 00:00:00-04:00,130.6835622685583,131.1861032037493,129.75028065434492,131.09835815429688,168390700
2013-06-04 00:00:00-04:00,131.17008445462795,131.6965545033626,129.8060506322868,130.46812438964844,157631500
2013-06-05 00:00:00-04:00,130.09326193352243,130.35649705284266,128.52982035231918,128.64149475097656,211737800
2013-06-06 00:00:00-04:00,128.5856151462673,129.81404535611938,127.82782392859114,129.80606079101562,200225500
2013-06-07 00:00:00-04:00,130.69951442079818,131.57695271141537,130.1331578185328,131.45730590820312,188337800
2013-06-10 00:00:00-04:00,131.8641172107222,131.93590529264955,131.1142981196656,131.45730590820312,105667100
2013-06-11 00:00:00-04:00,130.2607904539159,131.24990316099667,129.81409282212488,130.10125732421875,159505400
2013-06-12 00:00:00-04:00,130.99461769181343,131.13022142451206,128.90470625484332,129.02435302734375,177361500
2013-06-13 00:00:00-04:00,128.95259821891932,131.21800028750192,128.66543371926818,130.98667907714844,163587800
2013-06-14 00:00:00-04:00,130.8430546265045,131.35356779924052,129.94965961711506,130.16502380371094,141197500
2013-06-17 00:00:00-04:00,131.05046128375994,131.7923078587411,130.19695249153358,131.1701202392578,136295600
2013-06-18 00:00:00-04:00,131.24194245772452,132.40655753431176,131.23397006058852,132.20713806152344,114695600
2013-06-19 00:00:00-04:00,132.09543121807025,132.32675239421872,130.32458576067268,130.3804168701172,206149500
2013-06-20 00:00:00-04:00,129.11208764422778,130.39634897579285,126.81477242463481,127.14979553222656,321255900
2013-06-21 00:00:00-04:00,128.0150438068026,128.1112676870462,126.27492596841434,127.55796813964844,271956800
2013-06-24 00:00:00-04:00,126.22688986528166,127.04481781075664,124.87969355249197,125.94622039794922,222329000
2013-06-25 00:00:00-04:00,127.0848785470908,128.3839625162118,126.23486804339484,127.15705871582031,162262200
2013-06-26 00:00:00-04:00,128.1994996202335,128.704699552689,127.70232650321323,128.416015625,134848000
2013-06-27 00:00:00-04:00,129.18584119927183,129.76320904431878,129.06554909388768,129.1697998046875,129483700
2013-06-28 00:00:00-04:00,128.8089069291816,129.4263597100049,128.19144191236327,128.6405029296875,160402900
2013-07-01 00:00:00-04:00,129.31412289793735,130.29243985914096,129.16978706890617,129.39431762695312,131954800
2013-07-02 00:00:00-04:00,129.20186769541985,130.1481141804139,128.70469459754082,129.2740478515625,154863700
2013-07-03 00:00:00-04:00,128.68863334378054,129.72308898353296,128.48014419465062,129.3301544189453,75216400
2013-07-05 00:00:00-04:00,130.28446297834677,130.77362160048625,129.34624311017788,130.7255096435547,122416900
2013-07-08 00:00:00-04:00,131.39908451534427,131.82408972793098,130.77360468414122,131.47125244140625,108092500
2013-07-09 00:00:00-04:00,132.29717312789086,132.57784241672448,131.72783220848075,132.41746520996094,119298000
2013-07-10 00:00:00-04:00,132.28921852880583,132.91469848396787,132.0165759300946,132.46563720703125,121410100
2013-07-11 00:00:00-04:00,134.00523900916974,134.40618819988163,132.45756877030271,134.26986694335938,135592200
2013-07-12 00:00:00-04:00,134.2297648826451,134.66278460963062,134.0212757157258,134.32598876953125,104212700
2013-07-15 00:00:00-04:00,134.69483656598865,135.03163232899976,134.4622792445794,134.83917236328125,69450600
2013-07-16 00:00:00-04:00,134.92741183998515,135.00760656930936,133.9731630826148,134.33401489257812,88702100
2013-07-17 00:00:00-04:00,134.84726761035796,135.10386879221147,134.5024448596158,134.67886352539062,92873900
2013-07-18 00:00:00-04:00,134.96751904961852,135.73734690489206,134.87930973532673,135.4165802001953,103620100
2013-07-19 00:00:00-04:00,135.13595160554723,135.7052927429867,134.96754752055733,135.6571807861328,103831700
2013-07-22 00:00:00-04:00,135.8496155254378,136.11424347480545,135.52884881287142,135.92178344726562,79428600
2013-07-23 00:00:00-04:00,136.16234300868584,136.18639898043526,135.5609192429549,135.63308715820312,80829700
2013-07-24 00:00:00-04:00,136.1543274774179,136.2104662401507,134.86327053055038,135.13592529296875,112914000
2013-07-25 00:00:00-04:00,134.8953501489094,135.58498326399567,134.67081957525326,135.46469116210938,111088600
2013-07-26 00:00:00-04:00,134.89533503952677,135.64912141065577,134.3340086682596,135.60902404785156,107814600
2013-07-29 00:00:00-04:00,135.26424557172925,135.56897094533062,134.80716974732835,135.19207763671875,79695000
2013-07-30 00:00:00-04:00,135.60105374044718,135.74538961046815,134.87132310156028,135.19207763671875,85209600
2013-07-31 00:00:00-04:00,135.472656389116,136.20238653975062,135.11180471950325,135.28822326660156,142388700
2013-08-01 00:00:00-04:00,136.31479525780733,136.97234597784993,136.24261505911494,136.85206604003906,110438400
2013-08-02 00:00:00-04:00,136.5472328154961,137.10054456488174,136.36279964436628,137.08450317382812,91116700
2013-08-05 00:00:00-04:00,136.7798252421093,137.09256514988948,136.603406603259,136.88406372070312,54072700
2013-08-06 00:00:00-04:00,136.61944625023372,136.9161570216227,135.80151857386485,136.10623168945312,87495000
2013-08-07 00:00:00-04:00,135.67320320728865,135.8656510077868,135.1599886792944,135.66517639160156,84854700
2013-08-08 00:00:00-04:00,136.3066588073315,136.4670360074242,135.46466321184968,136.16232299804688,102181300
2013-08-09 00:00:00-04:00,135.98589459641178,136.40288507536582,135.29626167337037,135.76937866210938,91757700
2013-08-12 00:00:00-04:00,135.0877950393886,135.76940126307116,135.0236417061013,135.60902404785156,68593300
2013-08-13 00:00:00-04:00,135.84960202570028,136.2425243850498,135.04770367796957,136.00997924804688,80806000
2013-08-14 00:00:00-04:00,135.9457804760949,136.1622963836976,135.28020360160787,135.31228637695312,79829200
2013-08-15 00:00:00-04:00,134.24579986672296,134.26182902310683,133.18728821751864,133.4198455810547,152931800
2013-08-16 00:00:00-04:00,133.16320817747012,133.62029600773366,132.71414715994493,132.97877502441406,130868200
2013-08-19 00:00:00-04:00,132.82643177388292,133.28351967076736,132.12075736577927,132.1287841796875,96437600
2013-08-20 00:00:00-04:00,132.34531880183818,133.27552396857615,132.20098294975796,132.77835083007812,89294400
2013-08-21 00:00:00-04:00,132.40941867245988,133.13914892592916,131.66365926589955,131.96035766601562,159530500
2013-08-22 00:00:00-04:00,132.23306380378227,133.35572909673166,132.2250492233757,133.16326904296875,101471400
2013-08-23 00:00:00-04:00,133.55617816339753,133.78070873180397,132.93069840340837,133.6123046875,90888900
2013-08-26 00:00:00-04:00,133.7486372145078,134.15761325542297,133.02693350324463,133.11514282226562,89702100
2013-08-27 00:00:00-04:00,131.80002974206948,133.11514271073557,130.87785141889483,130.9740753173828,158619400
2013-08-28 00:00:00-04:00,130.91795232863305,131.9042963509897,130.74956048598733,131.43919372558594,108113000
2013-08-29 00:00:00-04:00,131.15051660993498,132.34533767588263,131.0302244800467,131.64768981933594,119200500
2013-08-30 00:00:00-04:00,131.92034623857487,131.93638763810932,130.84580495381658,131.230712890625,134928900
2013-09-03 00:00:00-04:00,132.49764248684622,132.77831176464673,131.27073916113972,131.8240509033203,142375100
2013-09-04 00:00:00-04:00,131.85614584907213,133.1391881621649,131.6155861218658,132.91465759277344,97389400
2013-09-05 00:00:00-04:00,132.99484428222704,133.4358785794302,132.89860816116658,133.0830535888672,63090500
2013-09-06 00:00:00-04:00,133.5241253592645,133.90101866286494,131.89627225477795,133.14723205566406,159756500
2013-09-09 00:00:00-04:00,133.47596437360573,134.50239317862886,133.47596437360573,134.42221069335938,87559300
2013-09-10 00:00:00-04:00,135.23214699249382,135.44063617354774,134.9274216820316,135.4165802001953,105847200
2013-09-11 00:00:00-04:00,135.23212968623076,135.84156799316406,134.99958456158427,135.84156799316406,94545900
2013-09-12 00:00:00-04:00,135.79346802654817,135.9698866481108,135.29629494905248,135.48072814941406,83209000
2013-09-13 00:00:00-04:00,135.6250994291586,135.88972740678804,135.31235949850569,135.7854766845703,72727800
2013-09-16 00:00:00-04:00,137.2529534745458,137.3171068243979,136.3548188126163,136.5713348388672,106299200
2013-09-17 00:00:00-04:00,136.69161234021303,137.2128414275196,136.69161234021303,137.18077087402344,82523300
2013-09-18 00:00:00-04:00,137.13262946038176,139.145402106355,136.7878190506239,138.7685089111328,203460600
2013-09-19 00:00:00-04:00,139.14546156646745,139.20961492881287,138.39968943570454,138.5360107421875,146616900
2013-09-20 00:00:00-04:00,138.86474807876078,138.86474807876078,137.4545855617542,137.56739807128906,132867100
2013-09-23 00:00:00-04:00,137.38209433646844,137.511014162907,136.49570136670613,136.9308319091797,104616500
2013-09-24 00:00:00-04:00,136.90665000377106,137.41431251754625,136.35065331683055,136.60850524902344,106333100
2013-09-25 00:00:00-04:00,136.69712752485214,136.9710990110926,136.09277214868786,136.21363830566406,117306500
2013-09-26 00:00:00-04:00,136.43928202618847,137.12421077392506,136.2217106377817,136.7374267578125,77146900
2013-09-27 00:00:00-04:00,136.05244381221604,136.2941883586983,135.75429917241632,136.10885620117188,99141800
2013-09-30 00:00:00-04:00,134.95652930540314,135.81068260865936,134.69061156645108,135.38360595703125,143937000
2013-10-01 00:00:00-04:00,135.48835655267303,136.58425430618823,135.35137087043813,136.455322265625,127160000
2013-10-02 00:00:00-04:00,135.65766779262466,136.4554091734608,135.2386445417382,136.32647705078125,113350000
2013-10-03 00:00:00-04:00,136.0122206381138,136.1330991210592,134.44089872498142,135.06942749023438,176698000
2013-10-04 00:00:00-04:00,135.1741385930636,136.22974390776955,134.99686005060178,136.09275817871094,96878000
2013-10-07 00:00:00-04:00,134.90820612207548,135.73818634631758,134.7712204078999,134.916259765625,96295000
2013-10-08 00:00:00-04:00,134.89211903644744,135.06939760235707,133.24827777468045,133.344970703125,178015000
2013-10-09 00:00:00-04:00,133.6028551707242,133.92517317818826,132.57947643877793,133.4416961669922,168973000
2013-10-10 00:00:00-04:00,134.80346856261957,136.39090958289123,134.75512210241084,136.31838989257812,195955000
2013-10-11 00:00:00-04:00,136.10885379453765,137.24504453596774,135.9960413142591,137.19668579101562,105040000
2013-10-14 00:00:00-04:00,136.35058645804688,137.85744137670048,136.24582762990104,137.74462890625,112106000
2013-10-15 00:00:00-04:00,137.39813928744803,137.91385524613497,136.56010546544613,136.7454376220703,155485000
2013-10-16 00:00:00-04:00,137.56741348260945,138.72777787961297,137.5029474277045,138.65525817871094,161676000
2013-10-17 00:00:00-04:00,138.09116110150356,139.66249480929125,138.06698787175057,139.5819091796875,129389000
2013-10-18 00:00:00-04:00,140.097627187068,140.62139689984755,139.8155897751769,140.5247039794922,138316000
2013-10-21 00:00:00-04:00,140.57303817317387,140.81478274860845,140.2184811019551,140.53274536132812,104104000
2013-10-22 00:00:00-04:00,140.94374555490856,141.76566007667307,140.55694923163315,141.34664916992188,126663000
2013-10-23 00:00:00-04:00,140.86312458702778,140.9275906247398,140.17819599066178,140.66973876953125,105484000
2013-10-24 00:00:00-04:00,140.95178327932393,141.31439403274808,140.62139940137791,141.13711547851562,70350000
2013-10-25 00:00:00-04:00,141.42721167748454,141.82206161637018,141.15324019122508,141.78176879882812,93625000
2013-10-28 00:00:00-04:00,141.73341378417757,142.200783389054,141.58030846414073,142.00738525390625,84979000
2013-10-29 00:00:00-04:00,142.3297163645197,142.82125920239216,142.12826458335297,142.7648468017578,87401000
2013-10-30 00:00:00-04:00,142.93406416185863,143.03881072149943,141.54807499695318,142.05572509765625,140002000
2013-10-31 00:00:00-04:00,141.94286193394126,142.53916338830447,141.44326565595117,141.65277099609375,133795000
2013-11-01 00:00:00-04:00,141.8381666590801,142.31358988866052,141.19351853143115,141.99127197265625,142805000
2013-11-04 00:00:00-05:00,142.37809323199795,142.54730587875736,141.8059646412145,142.49090576171875,85677000
2013-11-05 00:00:00-05:00,141.93489870815043,142.4264416577483,141.47559493642595,142.03965759277344,85825000
2013-11-06 00:00:00-05:00,142.6520342961301,143.0307646283748,142.25718437861258,142.7648468017578,87348000
2013-11-07 00:00:00-05:00,143.03078462784882,143.14359714925072,140.8228683711059,140.95985412597656,157000000
2013-11-08 00:00:00-05:00,140.91150500468348,142.87767659405904,140.8953977131028,142.86155700683594,136713000
2013-11-11 00:00:00-05:00,142.72455566536883,143.05493954132263,142.55534305275714,142.88572692871094,62614000
2013-11-12 00:00:00-05:00,142.5795377607422,142.91797533258756,142.1202217231816,142.5956573486328,83990000
2013-11-13 00:00:00-05:00,141.89457816287776,143.78016394385847,141.89457816287776,143.73988342285156,103844000
2013-11-14 00:00:00-05:00,143.8687680623188,144.577882115976,143.6350894558936,144.45701599121094,103435000
2013-11-15 00:00:00-05:00,144.69070616507705,145.14195612779332,144.50537399374127,145.08555603027344,102818000
2013-11-18 00:00:00-05:00,145.32731838908316,145.44818453831022,144.25559344858715,144.57791137695312,104796000
2013-11-19 00:00:00-05:00,144.50541651062187,144.94054701822694,144.0138735932598,144.263671875,93891000
2013-11-20 00:00:00-05:00,144.55374957764127,144.98888004490718,143.41755850250001,143.81240844726562,124909000
2013-11-21 00:00:00-05:00,144.21527203727675,145.08554502606796,144.1266327802062,144.9727325439453,92841000
2013-11-22 00:00:00-05:00,145.02916140581752,145.71410237319768,144.85994879688698,145.69798278808594,81296000
2013-11-25 00:00:00-05:00,145.95586687008463,145.98809374906185,145.3434455087354,145.55296325683594,79486000
2013-11-26 00:00:00-05:00,145.62545511083798,146.02835864704645,145.37565688569114,145.5932159423828,86994000
2013-11-27 00:00:00-05:00,145.74631740225797,146.04447437220907,145.56903886735944,145.94776916503906,58800000
2013-11-29 00:00:00-05:00,146.10890780188637,146.45539885462975,145.68988478604385,145.85104370117188,55870900
2013-12-02 00:00:00-05:00,145.92363168366563,146.1976031972084,145.2467565458625,145.47238159179688,99726000
2013-12-03 00:00:00-05:00,144.99699270999335,145.3596035988369,144.37651753845924,144.84388732910156,116563000
2013-12-04 00:00:00-05:00,144.32006287839408,145.43206836428718,143.71570752680222,144.8277130126953,123033000
2013-12-05 00:00:00-05:00,144.5698619312295,144.83577976289334,144.05414585348058,144.19113159179688,106934000
2013-12-06 00:00:00-05:00,145.58516302158694,145.93972010251483,145.16613989906853,145.802734375,127728000
2013-12-09 00:00:00-05:00,146.2298285416646,146.3909875169971,145.98003028555303,146.1734161376953,70124000
2013-12-10 00:00:00-05:00,145.83494459038644,146.14115517905543,145.56097316665043,145.6496124267578,80976000
2013-12-11 00:00:00-05:00,145.7060703535577,145.7302435869926,143.83659166364,144.0138702392578,130591000
2013-12-12 00:00:00-05:00,143.94936352001346,144.1266420455511,143.2402494178629,143.5384063720703,115565000
2013-12-13 00:00:00-05:00,143.83655734613754,143.96548942412403,143.2483216468288,143.5222930908203,107808000
2013-12-16 00:00:00-05:00,144.19922239660568,144.8922172073805,144.15892957009603,144.4167938232422,96195000
2013-12-17 00:00:00-05:00,144.54570663410888,144.56987986765552,143.63514051837691,143.95745849609375,89886000
2013-12-18 00:00:00-05:00,144.17498812091782,146.43930384177713,142.88570428796018,146.41513061523438,234906000
2013-12-19 00:00:00-05:00,145.99611538953005,146.41513849823008,145.61739738809015,146.2459259033203,136531200
2013-12-20 00:00:00-05:00,146.39177956558183,147.44501858055847,146.29456168685633,147.0966339111328,197087000
2013-12-23 00:00:00-05:00,147.81766078185262,147.97159729542506,147.50980011710044,147.88247680664062,85598000
2013-12-24 00:00:00-05:00,147.89058780407177,148.2713742583008,147.88249043612421,148.20655822753906,45368800
2013-12-26 00:00:00-05:00,148.5387087716292,149.04102982820234,148.5225140386754,148.9600067138672,63365000
2013-12-27 00:00:00-05:00,149.15444971345363,149.21925336785458,148.79796780229267,148.951904296875,61814000
2013-12-30 00:00:00-05:00,148.96812676441957,149.08966145442898,148.7331794768976,148.92762756347656,56857000
2013-12-31 00:00:00-05:00,149.1301832602598,149.6324920654297,149.01674593016926,149.6324920654297,86119900
2014-01-02 00:00:00-05:00,149.05724655469206,149.1301723133106,147.84197383469942,148.19845581054688,119636900
2014-01-03 00:00:00-05:00,148.449668552571,148.74944434777657,147.9635666909158,148.17420959472656,81390600
2014-01-06 00:00:00-05:00,148.66029105731053,148.71699736559427,147.51793153621463,147.74478149414062,108028200
2014-01-07 00:00:00-05:00,148.33625112663032,148.90337617539979,148.2228261168764,148.6522216796875,86144200
2014-01-08 00:00:00-05:00,148.62786690440757,148.93573998200495,148.17416701893444,148.68458557128906,96582300
2014-01-09 00:00:00-05:00,149.162631680905,149.17883878489306,148.10129507405247,148.78184509277344,90683400
2014-01-10 00:00:00-05:00,149.0329836006231,149.25173621262283,148.27141050598445,149.18692016601562,102026400
2014-01-13 00:00:00-05:00,148.80610675943316,149.21929507427785,146.91838146581892,147.2019500732422,149892000
2014-01-14 00:00:00-05:00,147.68805160085304,148.88712970151192,147.41259272464544,148.8061065673828,105016100
2014-01-15 00:00:00-05:00,149.15448495211024,149.83503474562457,148.83851452209328,149.60818481445312,98525800
2014-01-16 00:00:00-05:00,149.30031709578466,149.60819016870454,148.9357377192395,149.4137420654297,72290600
2014-01-17 00:00:00-05:00,149.15453431011005,149.43809063671137,148.52259324095513,148.78184509277344,107848700
2014-01-21 00:00:00-05:00,149.64064327969788,149.69736196515257,148.30384765350908,149.21934509277344,88621200
2014-01-22 00:00:00-05:00,149.4704648610254,149.53528089724108,149.0005578702578,149.3165283203125,61270900
2014-01-23 00:00:00-05:00,148.56304661992186,148.58735108720603,147.30727460225907,148.0931396484375,132496900
2014-01-24 00:00:00-05:00,147.1290705541697,147.17767950094685,144.88486273291034,144.9334716796875,208677100
2014-01-27 00:00:00-05:00,145.0711830516192,145.44387220107907,143.4994280357858,144.22048950195312,180843100
2014-01-28 00:00:00-05:00,144.32582422141817,145.26563832946474,144.30961711958383,145.0792999267578,110463200
2014-01-29 00:00:00-05:00,143.8720988678548,144.65797627571578,143.30497402774745,143.68576049804688,216597300
2014-01-30 00:00:00-05:00,144.88484024457557,145.67881509762626,144.42303059707754,145.2089080810547,118938100
2014-01-31 00:00:00-05:00,143.4103342419154,145.25754850753415,143.3374208172616,144.35824584960938,194677900
2014-02-03 00:00:00-05:00,144.18809976593195,144.51216763948628,140.83394658881727,141.10940551757812,254837100
2014-02-04 00:00:00-05:00,141.7412811476001,142.46234234171186,141.0607315095962,142.09776306152344,165012400
2014-02-05 00:00:00-05:00,141.60353955707953,142.2354802183111,140.73665167047326,141.9195098876953,164230500
2014-02-06 00:00:00-05:00,142.25173603247998,143.79107666015625,141.96007006106404,143.79107666015625,132877600
2014-02-07 00:00:00-05:00,144.46351073161745,145.72739232621592,143.99360381729878,145.57345581054688,170787200
2014-02-10 00:00:00-05:00,145.5896963993232,145.8894721323108,145.1927151490573,145.84085083007812,92218800
2014-02-11 00:00:00-05:00,145.96239532178333,147.80960933372947,145.86516507319908,147.43692016601562,117814100
2014-02-12 00:00:00-05:00,147.65565347037497,148.12556046284902,147.2181606773239,147.50982666015625,94717700
2014-02-13 00:00:00-05:00,146.51332964653807,148.4253599185605,146.50523227591012,148.27142333984375,100542200
2014-02-14 00:00:00-05:00,148.13371548175533,149.36519592879972,147.99598598659375,149.08973693847656,96498400
2014-02-18 00:00:00-05:00,149.21932302885187,149.47048984707172,148.7899275342391,149.2679443359375,80460900
2014-02-19 00:00:00-05:00,148.87900661461964,149.84312495724913,148.15794529017805,148.27947998046875,126524300
2014-02-20 00:00:00-05:00,148.4820731474718,149.49480074668332,147.9392526377821,149.15452575683594,104998100
2014-02-21 00:00:00-05:00,149.43801374387465,149.7944956737966,148.91140057801204,148.98431396484375,118116400
2014-02-24 00:00:00-05:00,149.3003266619537,150.8153629312274,149.23551062337577,149.8107452392578,114063900
2014-02-25 00:00:00-05:00,149.93225406093626,150.3616494606869,149.2598016290414,149.75401306152344,117085000
2014-02-26 00:00:00-05:00,149.97280414356274,150.36979781010294,149.3408631151256,149.7621612548828,98677200
2014-02-27 00:00:00-05:00,149.54340447415106,150.58853388060575,149.37326080396693,150.54803466796875,93880800
2014-02-28 00:00:00-05:00,150.5236810461113,151.62552886080928,149.92415438675698,150.92877197265625,150842000
2014-03-03 00:00:00-05:00,149.60013107917146,150.24827928043163,148.870972079253,149.86749267578125,167748500
2014-03-04 00:00:00-05:00,151.33385690915574,152.29797525415432,151.30145507576805,151.97390747070312,167545900
2014-03-05 00:00:00-05:00,152.1035969651313,152.37095855051444,151.86863722537115,152.1116943359375,88376900
2014-03-06 00:00:00-05:00,152.4843845864031,152.8084524944207,152.13599984100586,152.46006774902344,82516500
2014-03-07 00:00:00-05:00,153.09196321768718,153.09196321768718,151.85237365101298,152.5248260498047,114513500
2014-03-10 00:00:00-04:00,152.28991109870154,152.50055396764373,151.56884961523474,152.44384765625,74939200
2014-03-11 00:00:00-04:00,152.67067893018606,152.88943150424993,151.34198111115174,151.6903533935547,99009100
2014-03-12 00:00:00-04:00,150.95312813739542,151.78761467453904,150.61284079151804,151.73089599609375,104824400
2014-03-13 00:00:00-04:00,152.18455134749405,152.30608603892492,149.60817907275467,150.0294647216797,155014300
2014-03-14 00:00:00-04:00,149.7621213454039,150.53179163776375,149.42994381676212,149.60818481445312,153919600
2014-03-17 00:00:00-04:00,150.3616730332421,151.3176942129153,150.29685699034934,150.96121215820312,98359500
2014-03-18 00:00:00-04:00,151.26901098777685,152.24122642895097,151.10696477892276,152.03868103027344,101804600
2014-03-19 00:00:00-04:00,152.05498409216653,152.26563936880123,150.26448841516466,151.22860717773438,176267300
2014-03-20 00:00:00-04:00,150.8964211455039,152.22511933921538,150.62905956012074,152.1116943359375,117241000
2014-03-21 00:00:00-04:00,152.7504340600702,153.8164544560838,151.38331492922305,151.5216522216797,163128000
2014-03-24 00:00:00-04:00,152.0424357502499,152.2296088999828,150.2358932562444,150.89503479003906,121411000
2014-03-25 00:00:00-04:00,151.660029533502,152.12387741615595,150.7649034490005,151.6112060546875,103852000
2014-03-26 00:00:00-04:00,152.2052392438912,152.44936904449938,150.4800768423198,150.52076721191406,119843000
2014-03-27 00:00:00-04:00,150.34175225176256,150.8218663695466,149.6500531609521,150.2034149169922,142383000
2014-03-28 00:00:00-04:00,150.6347072707036,151.70072800493435,150.54519341577802,150.94393920898438,101642000
2014-03-31 00:00:00-04:00,151.90415725506446,152.416828609481,150.96834081210383,152.1808319091797,99745000
2014-04-01 00:00:00-04:00,152.6772394843825,153.2794247462945,152.17271360521457,153.18991088867188,89193000
2014-04-02 00:00:00-04:00,153.38516495963228,153.9059692945807,153.10034485055456,153.70252990722656,78774000
2014-04-03 00:00:00-04:00,153.93847746362852,153.9791678147975,153.02707319881182,153.49905395507812,77435000
2014-04-04 00:00:00-04:00,154.33732213026056,154.36986698192007,151.44034607113065,151.68446350097656,169381000
2014-04-07 00:00:00-04:00,151.3182067303883,151.57046957215786,149.6988372298853,150.008056640625,140803000
2014-04-08 00:00:00-04:00,149.94299048633408,150.8706737747982,149.39777431317123,150.62655639648438,112660000
2014-04-09 00:00:00-04:00,151.0333894590753,152.2947035878135,150.59395347742492,152.24588012695312,100254000
2014-04-10 00:00:00-04:00,152.23776441964205,152.31099961930167,148.86066312641873,149.04783630371094,172959000
2014-04-11 00:00:00-04:00,148.21779511557287,149.25940375427803,147.54237487974848,147.7051239013672,167251000
2014-04-14 00:00:00-04:00,148.86062889355915,149.21868412105007,147.64813836595368,148.8687744140625,132382000
2014-04-15 00:00:00-04:00,149.17806671049902,149.99995751291175,147.70515485128857,149.8941650390625,157093000
2014-04-16 00:00:00-04:00,150.92762342355442,151.47283952681371,150.26033622983206,151.46470642089844,105197000
2014-04-17 00:00:00-04:00,151.2612880841551,152.09945753750634,151.0008796551355,151.67630004882812,105255000
2014-04-21 00:00:00-04:00,151.71698355599767,152.254066603841,151.52982276670323,152.20523071289062,68329000
2014-04-22 00:00:00-04:00,152.35979822640013,153.31189291749425,152.27842993459504,152.89688110351562,85790000
2014-04-23 00:00:00-04:00,152.83999347797013,152.92136180647563,152.41683595208283,152.5388946533203,73869000
2014-04-24 00:00:00-04:00,153.28756832425498,153.30384695865067,152.1157549869619,152.84814453125,88170000
2014-04-25 00:00:00-04:00,152.351741421761,152.44125527944314,151.25316338811305,151.59494018554688,100380000
2014-04-28 00:00:00-04:00,152.2134105887089,152.73421512377286,150.51265963699566,152.0750732421875,135121000
2014-04-29 00:00:00-04:00,152.5632409993683,153.01894317793545,152.2377429909498,152.782958984375,84098000
2014-04-30 00:00:00-04:00,152.53074327977941,153.39332444378468,152.3191583336942,153.23870849609375,101508000
2014-05-01 00:00:00-04:00,153.1654452803039,153.66997098203467,152.7666996153187,153.2549591064453,93019000
2014-05-02 00:00:00-04:00,153.23870247587024,153.91412282153638,152.80741191081154,153.03526306152344,98122000
2014-05-05 00:00:00-04:00,152.2865774327571,153.43397848315044,151.86342005773432,153.32818603515625,75883000
2014-05-06 00:00:00-04:00,152.98643766664537,153.09223013420257,151.96110750132425,151.99365234375,85454000
2014-05-07 00:00:00-04:00,152.50632684972697,152.96202915503147,151.3670586695092,152.8887939453125,106500000
2014-05-08 00:00:00-04:00,152.75048311772537,153.84091559691004,152.23781172688774,152.72605895996094,93618000
2014-05-09 00:00:00-04:00,152.75046377265326,153.01899288750838,152.03435302115395,152.9539031982422,83679000
2014-05-12 00:00:00-04:00,153.63745727644346,154.51631708838772,152.98644862867468,154.4430694580078,86940000
2014-05-13 00:00:00-04:00,154.6464495278139,154.95568131062976,154.42674397187332,154.58135986328125,66454000
2014-05-14 00:00:00-04:00,154.44306918822426,154.5163168184762,153.62931148417408,153.84902954101562,72367000
2014-05-15 00:00:00-04:00,153.5398084037388,153.57236566767918,151.74954381271587,152.49819946289062,154956000
2014-05-16 00:00:00-04:00,152.58770925294638,153.0922474949326,151.9448461022474,153.0271453857422,97458000
2014-05-19 00:00:00-04:00,152.73412951086198,153.71063591462038,152.59579224188354,153.5885772705078,63839000
2014-05-20 00:00:00-04:00,153.5154265542856,153.5317051894253,152.22969996833885,152.62030029296875,111644000
2014-05-21 00:00:00-04:00,153.05964532877348,153.9791952780029,153.03523359710846,153.9059600830078,89093000
2014-05-22 00:00:00-04:00,153.94670602870124,154.5977148002371,153.6863099702626,154.2803497314453,61549000
2014-05-23 00:00:00-04:00,154.41866195586297,155.0045685132304,154.2803246321731,154.89878845214844,61092800
2014-05-27 00:00:00-04:00,155.47648096606088,155.89963827477354,155.38696715877458,155.85081481933594,72010000
2014-05-28 00:00:00-04:00,155.850925127358,156.0950549942881,155.4765910091371,155.73699951171875,66723000
2014-05-29 00:00:00-04:00,156.09501519933391,156.56698376025776,155.69626943777257,156.54257202148438,64377000
2014-05-30 00:00:00-04:00,156.39608176940274,156.89247442315178,156.26587756780648,156.79481506347656,76316000
2014-06-02 00:00:00-04:00,157.0145520643685,157.04710932717757,156.2170729629523,156.97386169433594,64656000
2014-06-03 00:00:00-04:00,156.59138778063894,156.97385489184703,156.4449173552182,156.89248657226562,65047000
2014-06-04 00:00:00-04:00,156.62391717704,157.2993374358825,156.46116814987485,157.20982360839844,55529000
2014-06-05 00:00:00-04:00,157.3888659864315,158.39791749942088,156.81109260644888,158.23516845703125,92103000
2014-06-06 00:00:00-04:00,158.57694952795757,159.03265182595115,158.50371431941352,158.99197387695312,78696000
2014-06-09 00:00:00-04:00,158.96754809579812,159.5371759179628,158.82106527469563,159.1547088623047,65119000
2014-06-10 00:00:00-04:00,158.95940506942534,159.20353483045977,158.61762837075932,159.17098999023438,57129000
2014-06-11 00:00:00-04:00,158.60138189057085,158.78040959048786,158.2596051226269,158.61766052246094,68772000
2014-06-12 00:00:00-04:00,158.43054962462506,158.52006350278265,157.14481047334405,157.49472045898438,106350000
2014-06-13 00:00:00-04:00,157.8039283778587,158.1294389837028,157.29940246000035,157.97482299804688,82017000
2014-06-16 00:00:00-04:00,157.77951280534364,158.43865469286104,157.59235197212553,158.10501098632812,87424000
2014-06-17 00:00:00-04:00,157.8852765674043,158.65834391926754,157.71438198246568,158.54441833496094,84834000
2014-06-18 00:00:00-04:00,158.54441653828323,159.7975979514545,158.19449426526288,159.7080841064453,105267000
2014-06-19 00:00:00-04:00,159.846364088959,159.98471377731082,159.33370535776345,159.88705444335938,85929000
2014-06-20 00:00:00-04:00,160.28528656861064,160.34252854225846,160.0154582852451,160.21170043945312,100587000
2014-06-23 00:00:00-04:00,160.2526014613287,160.30165888556718,159.86830166951967,160.16265869140625,70611000
2014-06-24 00:00:00-04:00,159.87645642276894,160.66958463255747,159.01791416226592,159.1977996826172,96237000
2014-06-25 00:00:00-04:00,158.86254355978355,160.08085675522173,158.8298427754924,159.91732788085938,82782000
2014-06-26 00:00:00-04:00,159.9419024285487,159.95825906360886,158.73177343969272,159.8029022216797,84312000
2014-06-27 00:00:00-04:00,159.4267755074071,160.1626743724009,159.35318936384482,160.11361694335938,71445100
2014-06-30 00:00:00-04:00,160.01551897218388,160.39981887213872,159.87651873890692,160.03187561035156,70201200
2014-07-01 00:00:00-04:00,160.42427907618404,161.59353491484333,160.36704958172808,161.10293579101562,90470000
2014-07-02 00:00:00-04:00,161.1193224722518,161.47090901128735,161.04573633288945,161.26649475097656,52475000
2014-07-03 00:00:00-04:00,161.72435849484407,162.13318695933793,161.60171494607775,162.05960083007812,52938800
2014-07-07 00:00:00-04:00,161.74887593670033,161.87969154402944,161.25827686074462,161.49539184570312,61696000
2014-07-08 00:00:00-04:00,161.20108971708862,161.25833170188,160.06454686517728,160.45703125,108143000
2014-07-09 00:00:00-04:00,160.85764322923512,161.3237136647991,160.51422881819278,161.17652893066406,72992000
2014-07-10 00:00:00-04:00,159.62297039085314,160.9639271185345,159.49214230121268,160.5387420654297,99040000
2014-07-11 00:00:00-04:00,160.44065102516717,160.87400821945897,160.08087996353885,160.75953674316406,64243000
2014-07-14 00:00:00-04:00,161.57720284032473,161.7816170935777,161.43820264528745,161.56903076171875,58658000
2014-07-15 00:00:00-04:00,161.66715119270998,161.97786486084837,160.55513711756103,161.26649475097656,111307000
2014-07-16 00:00:00-04:00,161.98601635275142,162.10865990276847,161.42183106976358,161.86337280273438,79986400
2014-07-17 00:00:00-04:00,161.36462344173327,161.97786622784102,159.7947109300158,160.02366638183594,145398000
2014-07-18 00:00:00-04:00,160.54698238672265,161.8225255126589,160.4570396034088,161.65899658203125,124330000
2014-07-21 00:00:00-04:00,161.15204628178157,161.4872887109238,160.6123895631318,161.35646057128906,67592000
2014-07-22 00:00:00-04:00,161.90424401733773,162.3539578235719,161.78977254633764,162.05960083007812,67678000
2014-07-23 00:00:00-04:00,162.30491633514671,162.59110127896483,161.97785852203103,162.4193878173828,65612000
2014-07-24 00:00:00-04:00,162.5747360111355,162.76279361986664,162.2640223716583,162.42755126953125,56888000
2014-07-25 00:00:00-04:00,161.96962801414688,162.1086281691077,161.34821335494803,161.66709899902344,76837000
2014-07-28 00:00:00-04:00,161.69983068115712,161.9696589663929,160.76770227600386,161.7325439453125,69259000
2014-07-29 00:00:00-04:00,162.03510982225907,162.26405281752918,161.01303842321133,161.03756713867188,80466000
2014-07-30 00:00:00-04:00,161.60990144804896,161.82250025349185,160.39160050005088,161.06207275390625,104222000
2014-07-31 00:00:00-04:00,159.9418153585537,160.08081548975306,157.78320233463708,157.88131713867188,183479000
2014-08-01 00:00:00-04:00,157.4480137175457,158.4291995212605,156.63854135579683,157.39895629882812,189261000
2014-08-04 00:00:00-04:00,157.70150878949482,158.87076484057556,157.03103650667495,158.5355224609375,91340000
2014-08-05 00:00:00-04:00,157.8895464854533,158.29837492018888,156.42593370228596,156.998291015625,152690000
2014-08-06 00:00:00-04:00,156.26240718505616,157.71783543659228,156.23787847671767,157.04736328125,94818000
2014-08-07 00:00:00-04:00,157.7587648177936,157.91412166494467,155.80456482372696,156.19703674316406,135733000
2014-08-08 00:00:00-04:00,156.5486302316989,158.11034577443928,156.1316171354197,158.00405883789062,117014000
2014-08-11 00:00:00-04:00,158.6009142421388,159.1650995148492,158.38832793383025,158.4619140625,74544000
2014-08-12 00:00:00-04:00,158.3065639560834,158.74809322325737,157.75873529202562,158.24114990234375,73632000
2014-08-13 00:00:00-04:00,158.86257253309796,159.4921719144952,158.59275670324052,159.31228637695312,69047000
2014-08-14 00:00:00-04:00,159.57395791809583,160.06454467773438,159.42677315668448,160.06454467773438,57371000
2014-08-15 00:00:00-04:00,160.64511853881658,160.79229085294773,158.87897591048707,160.03187561035156,139951000
2014-08-18 00:00:00-04:00,160.91487111669977,161.44634308040656,160.824928363839,161.3727569580078,75424000
2014-08-19 00:00:00-04:00,161.7652519914076,162.33760937526148,161.4381941939069,162.2149658203125,59135000
2014-08-20 00:00:00-04:00,161.99421778358717,162.84458813930624,161.9615169898089,162.64834594726562,72763000
2014-08-21 00:00:00-04:00,162.787316255925,163.33514490540614,162.65648815192674,163.12255859375,67791000
2014-08-22 00:00:00-04:00,162.9917384043023,163.2779233361382,162.501151705169,162.8690948486328,76107000
2014-08-25 00:00:00-04:00,163.64584309743697,164.01378618832806,162.83635831631378,163.6949005126953,63855000
2014-08-26 00:00:00-04:00,163.8012237548828,164.20188016527197,163.76033841072794,163.8012237548828,47298000
2014-08-27 00:00:00-04:00,163.88296632054315,163.99745026382894,163.4823224248595,163.7357940673828,47874000
2014-08-28 00:00:00-04:00,163.19619060487236,163.75220396495627,163.03266166712706,163.64590454101562,58330000
2014-08-29 00:00:00-04:00,163.89935491516508,164.12829789347623,163.38423945219327,164.11195373535156,65907000
2014-09-02 00:00:00-04:00,164.3244930643598,164.3490217709855,163.41689348985,164.03013610839844,72426000
2014-09-03 00:00:00-04:00,164.65980413962072,164.68433285649272,163.7113188323762,163.9402618408203,57462000
2014-09-04 00:00:00-04:00,164.21819454191441,164.82326508689715,163.25336547239246,163.7030792236328,85236000
2014-09-05 00:00:00-04:00,163.67036543076046,164.50437888703135,163.0489507342672,164.43896484375,102177000
2014-09-08 00:00:00-04:00,164.2836680701248,164.5207956232088,163.5314250122434,164.0138397216797,64146000
2014-09-09 00:00:00-04:00,163.86664598738696,163.98111747085966,162.64016046026978,162.97540283203125,88591000
2014-09-10 00:00:00-04:00,163.06532586001646,163.69492522928775,162.52568173423936,163.58863830566406,67251000
2014-09-11 00:00:00-04:00,162.93448679143233,163.80120107108627,162.81183077595358,163.77667236328125,66774400
2014-09-12 00:00:00-04:00,163.6131354414622,163.62947959489287,162.35393694593108,162.82000732421875,117409300
2014-09-15 00:00:00-04:00,162.84454189908553,162.97536998996358,162.2067705516219,162.69735717773438,76401000
2014-09-16 00:00:00-04:00,162.39485928485348,164.21823092407925,162.30491651467878,163.9238739013672,116201000
2014-09-17 00:00:00-04:00,164.161025215083,164.9050837200585,163.32701145043856,164.14466857910156,151266000
2014-09-18 00:00:00-04:00,164.64338834023368,165.04404469926882,164.43080204491403,165.01951599121094,94990000
2014-09-19 00:00:00-04:00,165.54445315364154,165.8566066529436,164.53402494905814,164.87083435058594,121649000
2014-09-22 00:00:00-04:00,164.58336503767555,164.60800841123827,163.2525601913986,163.5975799560547,125553000
2014-09-23 00:00:00-04:00,163.00607620337743,163.6879052953278,162.6117697828336,162.6610565185547,111393000
2014-09-24 00:00:00-04:00,162.6857353128319,164.04118351419962,162.25857515371405,163.93438720703125,107276000
2014-09-25 00:00:00-04:00,163.50717537324027,163.51539818553277,161.2316875581392,161.2891845703125,150300000
2014-09-26 00:00:00-04:00,161.58489131453874,162.97319261119705,161.3548782335889,162.57066345214844,103547000
2014-09-29 00:00:00-04:00,161.1742299440265,162.56253191310876,161.051013067685,162.27500915527344,95112000
2014-09-30 00:00:00-04:00,162.39816768571174,162.8992703220862,161.51096895894517,161.8477783203125,131302000
2014-10-01 00:00:00-04:00,161.5849484882693,161.6424580462418,159.29302714400507,159.65447998046875,177798000
2014-10-02 00:00:00-04:00,159.51475609284344,160.23766148751366,158.0114608372116,159.67906188964844,157285000
2014-10-03 00:00:00-04:00,160.74699041125197,161.78206188147936,160.2541105759389,161.43704223632812,121569000
2014-10-06 00:00:00-04:00,162.11064802945648,162.32424057218302,160.6648496341685,161.2480926513672,104778000
2014-10-07 00:00:00-04:00,160.41839352085552,160.77984623099928,158.7261490458851,158.75900268554688,147913000
2014-10-08 00:00:00-04:00,158.84941945588642,161.76567294959213,158.01973002569693,161.53565979003906,186461000
2014-10-09 00:00:00-04:00,161.28101656749686,161.5028194663607,158.20046949630316,158.3319091796875,210705000
2014-10-10 00:00:00-04:00,158.2908770571878,159.07949030886874,156.48362477607225,156.52468872070312,221909000
2014-10-13 00:00:00-04:00,156.45888238181726,157.0256923137955,153.86300595701567,153.953369140625,230939000
2014-10-14 00:00:00-04:00,154.78314707912045,155.93322576025125,153.64950149573207,154.19168090820312,215847000
2014-10-15 00:00:00-04:00,152.10509164732125,154.18343302008776,149.44349452737913,153.1483612060547,380715000
2014-10-16 00:00:00-04:00,150.37998345406402,154.09307302453345,150.24033349135146,153.01693725585938,270391000
2014-10-17 00:00:00-04:00,154.78302023638358,155.87558844746053,154.12583474783278,154.8240966796875,214625000
2014-10-20 00:00:00-04:00,154.5448608018225,156.450685718143,154.49557406339343,156.3274688720703,130011000
2014-10-21 00:00:00-04:00,157.4610915970967,159.5312222248781,157.2967983010323,159.4244384765625,154949000
2014-10-22 00:00:00-04:00,159.70371619727962,160.1144556478967,158.22505166810348,158.290771484375,151822000
2014-10-23 00:00:00-04:00,159.8762486515083,161.17418705428872,159.58051569220675,160.1309051513672,154944000
2014-10-24 00:00:00-04:00,160.39381970469586,161.41245846271576,159.76950000223232,161.3631591796875,117927000
2014-10-27 00:00:00-04:00,160.78813008509604,161.37959614785012,160.21309711707917,161.14137268066406,82954000
2014-10-28 00:00:00-04:00,161.68352105068703,162.9978800782127,161.6095784059101,162.9896697998047,106736000
2014-10-29 00:00:00-04:00,163.1046320293955,163.57286846688046,161.66704400791843,162.74317932128906,142557000
2014-10-30 00:00:00-04:00,162.3077737240852,164.25467435999357,162.15990103028008,163.78643798828125,113330000
2014-10-31 00:00:00-04:00,165.75805834804967,165.7909245328237,164.92836893676946,165.65948486328125,146903000
2014-11-03 00:00:00-05:00,165.873094807846,166.3084778237115,165.37199194536961,165.7498779296875,93600000
2014-11-04 00:00:00-05:00,165.30621654298392,165.61017229825384,164.34508761202454,165.17478942871094,93343000
2014-11-05 00:00:00-05:00,166.3823719268475,166.42344838893314,165.48696271335152,166.21807861328125,91709000
2014-11-06 00:00:00-05:00,166.25914904511157,166.9738318273301,165.64303974050227,166.8834686279297,107089000
2014-11-07 00:00:00-05:00,166.8999160898097,167.25315863961796,166.43988977498898,167.03956604003906,89540000
2014-11-10 00:00:00-05:00,167.07239723756584,167.6145638323363,166.86702749468742,167.56527709960938,66319000
2014-11-11 00:00:00-05:00,167.63102551675448,167.83639529466578,167.29421607263362,167.72959899902344,54499400
2014-11-12 00:00:00-05:00,167.04777117544438,167.7788870344358,167.01490499370564,167.5488739013672,90120300
2014-11-13 00:00:00-05:00,167.71318011551497,168.26356962163666,166.93277745861934,167.73782348632812,85357900
2014-11-14 00:00:00-05:00,167.66386307430284,167.98423937175338,167.3516970540474,167.77886962890625,80417500
2014-11-17 00:00:00-05:00,167.45846016171376,168.05813618230826,167.29415437216184,167.8856201171875,80441000
2014-11-18 00:00:00-05:00,167.9432143239465,169.15900006401884,167.9432143239465,168.8550567626953,76068100
2014-11-19 00:00:00-05:00,168.657929769759,168.85508933379273,167.82824010716394,168.58399963378906,82373000
2014-11-20 00:00:00-05:00,167.79526531487085,168.98641967466628,167.72954550272698,168.87962341308594,72840300
2014-11-21 00:00:00-05:00,170.5719354601238,170.73622878823045,169.20827702076141,169.78330993652344,142327300
2014-11-24 00:00:00-05:00,170.18580500486468,170.36653138985446,169.97222497477443,170.25973510742188,65880800
2014-11-25 00:00:00-05:00,170.48973505728972,170.69510479393398,169.8818486590781,170.13650512695312,79108300
2014-11-26 00:00:00-05:00,170.28437674955342,170.67047288313998,170.07079672162726,170.5718994140625,62167800
2014-11-28 00:00:00-05:00,170.44870043246496,170.76085396216712,169.97224105738928,170.21046447753906,57890100
2014-12-01 00:00:00-05:00,169.5532423399224,169.6682488861552,168.7153428751293,169.02749633789062,103968400
2014-12-02 00:00:00-05:00,169.06857936617251,170.32544114701997,169.043936000648,170.1200714111328,74507200
2014-12-03 00:00:00-05:00,170.29255221178636,170.9908016482275,170.12825896408086,170.7772216796875,68952000
2014-12-04 00:00:00-05:00,170.4897471256687,171.08943582415705,169.79970777004428,170.5883331298828,91316600
2014-12-05 00:00:00-05:00,170.76086422350582,171.2537567196929,170.4979974177091,170.86766052246094,91025500
2014-12-08 00:00:00-05:00,170.4733485596189,170.96622850516556,169.16718724719559,169.72579956054688,108588200
2014-12-09 00:00:00-05:00,167.88566780644217,169.71757509518446,167.50779446658734,169.61077880859375,125180100
2014-12-10 00:00:00-05:00,169.15069872679632,169.2081957233589,166.70268293549898,166.89163208007812,159856400
2014-12-11 00:00:00-05:00,167.48316696474103,169.38078172601433,167.3435170185409,167.73782348632812,159012800
2014-12-12 00:00:00-05:00,166.4644893682512,167.43384102078957,164.9940476033174,165.0269012451172,202330200
2014-12-15 00:00:00-05:00,165.92233427661947,166.37415025907953,163.29360383518193,163.89328002929688,189965800
2014-12-16 00:00:00-05:00,163.12933852595322,166.26738250350382,162.5378725082869,162.57894897460938,259543800
2014-12-17 00:00:00-05:00,163.0143483529413,166.21811249219832,162.89111894156747,165.76629638671875,253910100
2014-12-18 00:00:00-05:00,168.18962103416158,174.95038993808632,167.5160022131921,169.8654327392578,257633900
2014-12-19 00:00:00-05:00,170.51390606577024,171.25732553971102,169.83658176707223,170.5882568359375,245084600
2014-12-22 00:00:00-05:00,170.77820961900173,171.37294006347656,170.53867136406922,171.37294006347656,148318900
2014-12-23 00:00:00-05:00,171.95115680038083,172.000715573,171.31512314252663,171.60423278808594,122167900
2014-12-24 00:00:00-05:00,171.8272002383737,172.09151780193486,171.5793938573153,171.62069702148438,42963400
2014-12-26 00:00:00-05:00,172.06674758901318,172.5128016194677,172.01718883095307,172.17413330078125,57326700
2014-12-29 00:00:00-05:00,171.99240432314073,172.61191398833196,171.92632177971223,172.40541076660156,79643900
2014-12-30 00:00:00-05:00,171.98418463246966,172.1163371429564,171.40596540775925,171.48031616210938,73540800
2014-12-31 00:00:00-05:00,171.80244365946461,171.9676437341075,169.65480487723386,169.77870178222656,130333800
2015-01-02 00:00:00-05:00,170.47257341496748,170.8855799305739,168.6553346631324,169.68785095214844,121465900
2015-01-05 00:00:00-05:00,168.647096929558,168.8122970325031,166.31774648892383,166.6233673095703,169632600
2015-01-06 00:00:00-05:00,166.928980437492,167.44937271154942,164.26096171619886,165.05393981933594,209151400
2015-01-07 00:00:00-05:00,166.3755058100245,167.44932502984875,165.9294644192436,167.11065673828125,125346700
2015-01-08 00:00:00-05:00,168.51490105817123,170.2908365016817,168.49838987366132,170.07606506347656,147217800
2015-01-09 00:00:00-05:00,170.48908829723226,170.5056120873232,168.10191108942752,168.71316528320312,158567300
2015-01-12 00:00:00-05:00,168.84533157044453,169.0022760675028,166.78855452639888,167.39154052734375,144396100
2015-01-13 00:00:00-05:00,168.60573013625051,169.72910805795988,165.6238233987396,166.92066955566406,214553300
2015-01-14 00:00:00-05:00,164.91348263853635,166.111211515272,164.0213997320499,165.9129638671875,192991100
2015-01-15 00:00:00-05:00,166.54902209394717,166.86289849504993,164.2774861138506,164.39312744140625,176613900
2015-01-16 00:00:00-05:00,164.18661346110187,166.70595572276284,164.0048895862307,166.54901123046875,211879600
2015-01-20 00:00:00-05:00,167.1850467519091,167.44937699436866,165.34304106412313,166.90420532226562,130991100
2015-01-21 00:00:00-05:00,166.4415870447863,168.22577780182866,165.9790218716173,167.74668884277344,122942700
2015-01-22 00:00:00-05:00,168.49836906255456,170.37340919341256,167.12718468012818,170.2412567138672,174356000
2015-01-23 00:00:00-05:00,169.9852772558881,170.2413519749461,169.17578772340295,169.30795288085938,117516800
2015-01-26 00:00:00-05:00,169.09313463881273,169.79523815908667,168.3827629216211,169.70437622070312,92009700
2015-01-27 00:00:00-05:00,167.655845533799,168.60575536241527,166.63985315825929,167.4658660888672,134044600
2015-01-28 00:00:00-05:00,168.64711530371815,168.7462328554921,165.12830357216745,165.3182830810547,168514300
2015-01-29 00:00:00-05:00,165.51649304484636,167.10243653138437,164.1122608271368,166.84637451171875,173585400
2015-01-30 00:00:00-05:00,165.67346483912053,166.99507832706456,164.48400387719852,164.74832153320312,197729700
2015-02-02 00:00:00-05:00,165.24387318713673,166.8793751012651,163.43490302874275,166.78851318359375,163107000
2015-02-03 00:00:00-05:00,167.6806093444516,169.20873816577404,167.3089060809817,169.20046997070312,124212900
2015-02-04 00:00:00-05:00,168.44057206127013,169.64655660572535,168.10190370106497,168.55621337890625,134306700
2015-02-05 00:00:00-05:00,169.2170253881554,170.40648613676643,169.14268724235677,170.25779724121094,97953200
2015-02-06 00:00:00-05:00,170.62125595934074,171.18295139519486,169.26659504269838,169.7869873046875,125672000
2015-02-09 00:00:00-05:00,169.1426646169671,169.86129180480972,168.6222724580705,169.0270233154297,87219000
2015-02-10 00:00:00-05:00,170.0595726937605,171.08382082082983,169.06834693936443,170.8277587890625,96164200
2015-02-11 00:00:00-05:00,170.6625774875651,171.3564255088663,170.0182882386482,170.92689514160156,91087800
2015-02-12 00:00:00-05:00,171.7198101932229,172.62842936615894,170.95987988674725,172.5706024169922,97545900
2015-02-13 00:00:00-05:00,172.69452848136683,173.3305493595107,172.43845388699384,173.28099060058594,93670400
2015-02-17 00:00:00-05:00,172.9671141018099,173.72705713986363,172.7193202893553,173.5535888671875,76968200
2015-02-18 00:00:00-05:00,173.18190224563585,173.64446754543653,172.91757201491595,173.57012939453125,80652900
2015-02-19 00:00:00-05:00,172.97536146007414,173.80962993740306,172.83494078194687,173.44618225097656,91462500
2015-02-20 00:00:00-05:00,173.0332236230692,174.56135292583096,172.41371378745657,174.4870147705078,140896400
2015-02-23 00:00:00-05:00,174.23920742827661,174.4622344970703,173.85923585195994,174.4622344970703,74411100
2015-02-24 00:00:00-05:00,174.38785846833633,175.1560571033271,174.090493287688,174.9578094482422,72472300
2015-02-25 00:00:00-05:00,174.83389192729734,175.31298091762983,174.47044423780673,174.80911254882812,73061700
2015-02-26 00:00:00-05:00,174.7182719301766,174.87521641558922,173.99963205507456,174.60263061523438,72697900
2015-02-27 00:00:00-05:00,174.50347369283446,174.76780386009438,173.95831477978405,174.00787353515625,108076000
2015-03-02 00:00:00-05:00,174.1070098663145,175.16430544173227,174.05745110558516,175.1064910888672,87491400
2015-03-03 00:00:00-05:00,174.67697275512717,175.15606181483415,173.52881517195365,174.3878631591797,110325800
2015-03-04 00:00:00-05:00,173.79316120112242,173.86751196341103,172.68630660836746,173.65274047851562,114497200
2015-03-05 00:00:00-05:00,173.9748649116038,174.12355381496485,173.3388439366605,173.84271240234375,76873000
2015-03-06 00:00:00-05:00,172.98363319579175,173.41316346565193,171.06728967572505,171.39768981933594,188128000
2015-03-09 00:00:00-04:00,171.5959387365701,172.46324227095045,171.43899425580943,172.10806274414062,89818900
2015-03-10 00:00:00-04:00,170.74514307546252,170.82773680839537,169.27482842335175,169.31613159179688,157121300
2015-03-11 00:00:00-04:00,169.57214594426426,169.74561416140978,168.83699512675014,168.9196014404297,110145700
2015-03-12 00:00:00-04:00,169.54740269157224,171.13334594125118,169.497843934388,171.06727600097656,93993500
2015-03-13 00:00:00-04:00,170.79467305582406,171.75283834092306,168.9857029767861,170.01821899414062,162410900
2015-03-16 00:00:00-04:00,170.74521511633574,172.38071792436406,170.04309876840358,172.28985595703125,136099200
2015-03-17 00:00:00-04:00,171.55463715174756,172.15762309564545,170.96816239253445,171.7776641845703,94510400
2015-03-18 00:00:00-04:00,171.30684628378546,174.51178095757123,170.67081270488325,173.84271240234375,228808500
2015-03-19 00:00:00-04:00,173.42962346857453,173.8508853873367,172.66142514147538,173.04965209960938,117917300
2015-03-20 00:00:00-04:00,173.99640669875154,175.0833117613719,173.81387167111257,174.5771942138672,177715100
2015-03-23 00:00:00-04:00,174.58551785943564,175.15801303387462,174.23704528808594,174.23704528808594,71784500
2015-03-24 00:00:00-04:00,174.11257043384242,174.5688953590549,173.191602819688,173.2579803466797,77805300
2015-03-25 00:00:00-04:00,173.46538811728843,173.69770310854292,170.67759556201722,170.7190704345703,159521700
2015-03-26 00:00:00-04:00,170.0553102954272,171.22517762361446,169.35835270347835,170.31251525878906,153067200
2015-03-27 00:00:00-04:00,170.19638183333447,170.87672931710654,170.0055416991604,170.70249938964844,118939000
2015-03-30 00:00:00-04:00,171.73129641311075,173.08371141679822,171.7147115290507,172.78501892089844,96180400
2015-03-31 00:00:00-04:00,171.96363121206426,172.66058888963727,171.21690621635824,171.2749786376953,126768700
2015-04-01 00:00:00-04:00,171.24180662976426,171.26669662045506,169.6819663586385,170.6693115234375,137303600
2015-04-02 00:00:00-04:00,170.60296489926685,171.73135776912642,170.42042982765565,171.2833251953125,86900900
2015-04-06 00:00:00-04:00,170.39551652393973,172.9509945167097,170.262774121107,172.43658447265625,114368200
2015-04-07 00:00:00-04:00,172.461467457011,173.20819250095542,171.94705743385904,171.98023986816406,81236300
2015-04-08 00:00:00-04:00,172.2042701655457,173.0007752267654,171.81431007882907,172.56103515625,89351900
2015-04-09 00:00:00-04:00,172.3951111403809,173.55668638726806,171.9055910477799,173.32437133789062,85548900
2015-04-10 00:00:00-04:00,173.57328798988937,174.3117206984161,173.37416803447064,174.27023315429688,72722900
2015-04-13 00:00:00-04:00,174.12915970810909,174.7597399003102,173.4322146474628,173.48199462890625,74436600
2015-04-14 00:00:00-04:00,173.28289617370427,173.9964388699827,172.6606210081203,173.81390380859375,75099900
2015-04-15 00:00:00-04:00,174.27850309836572,175.09989806919253,174.19552802686758,174.59378051757812,99529300
2015-04-16 00:00:00-04:00,174.26191135152382,175.05012391611444,174.06277876943213,174.54400634765625,68934900
2015-04-17 00:00:00-04:00,173.35755579846713,173.59816327762158,171.7562278847155,172.53614807128906,191113200
2015-04-20 00:00:00-04:00,173.4571243470922,174.4444696253035,173.37416192199962,174.1125946044922,92189500
2015-04-21 00:00:00-04:00,174.79287790809778,174.95052291608002,173.60641311785812,173.9051055908203,72559800
2015-04-22 00:00:00-04:00,174.24528201169025,174.94223959173425,173.3243145604123,174.75970458984375,78264600
2015-04-23 00:00:00-04:00,174.36147293633184,175.8466432219657,174.24531542741792,175.19947814941406,102585900
2015-04-24 00:00:00-04:00,175.6143842078456,175.87158929816246,175.1580464700788,175.6060791015625,61327400
2015-04-27 00:00:00-04:00,176.17019970466308,176.2946496385879,174.68502963866905,174.87586975097656,79358100
2015-04-28 00:00:00-04:00,174.85100566816996,175.4815731938354,173.68112547509182,175.43179321289062,86863500
2015-04-29 00:00:00-04:00,174.54398029617153,175.30730275659872,173.90512042855713,174.70993041992188,125684900
2015-04-30 00:00:00-04:00,174.13746218128156,174.52742224365647,172.26233184044423,172.95928955078125,161304900
2015-05-01 00:00:00-04:00,173.7391862143041,174.87588389704135,173.63962625911066,174.8343963623047,103399700
2015-05-04 00:00:00-04:00,175.25760799332912,175.91307838426684,175.1497555527142,175.33229064941406,70927200
2015-05-05 00:00:00-04:00,175.09163686228817,175.4484145411168,173.1833238193558,173.32437133789062,113326200
2015-05-06 00:00:00-04:00,173.8719416972736,174.1789266667018,171.54877900859634,172.6107940673828,135060200
2015-05-07 00:00:00-04:00,172.51128675011236,173.72265477190496,172.17941169055874,173.29949951171875,88244900
2015-05-08 00:00:00-04:00,174.9672066267344,175.7803093912612,174.88423153107524,175.5811767578125,155877300
2015-05-11 00:00:00-04:00,175.53971250189247,175.805210035682,174.66852458559572,174.74319458007812,75708100
2015-05-12 00:00:00-04:00,173.9134587041349,174.75975644947212,173.0920509518764,174.22044372558594,119727600
2015-05-13 00:00:00-04:00,174.62699413270371,175.24926925428832,174.02131655922287,174.25363159179688,94667900
2015-05-14 00:00:00-04:00,175.26583815484017,176.1619157026827,174.99203562687012,176.07064819335938,95934000
2015-05-15 00:00:00-04:00,176.261474609375,176.4025220938169,175.78024707763444,176.261474609375,76510100
2015-05-18 00:00:00-04:00,176.0955850883532,177.05802775369216,176.02920754932617,176.8091278076172,74549700
2015-05-19 00:00:00-04:00,176.92529548891795,177.19909810553395,176.46895779455798,176.7510528564453,72114600
2015-05-20 00:00:00-04:00,176.85059685814068,177.37331204809766,176.31129677913978,176.6265869140625,76857500
2015-05-21 00:00:00-04:00,176.48554883127272,177.34843153585038,176.31959865019664,177.14100646972656,64764600
2015-05-22 00:00:00-04:00,176.75929408842902,177.17414411579225,176.6514416902629,176.7178192138672,57433500
2015-05-26 00:00:00-04:00,176.228328472623,176.65148370371313,174.40299045014385,174.81784057617188,124308600
2015-05-27 00:00:00-04:00,175.27412563801573,176.70950309837983,174.8675680788576,176.47718811035156,93214000
2015-05-28 00:00:00-04:00,176.1702873626031,176.38600490881416,175.58949961493994,176.2781524658203,74974600
2015-05-29 00:00:00-04:00,176.21169390832307,176.2531687810571,174.9173639056266,175.182861328125,124919600
2015-06-01 00:00:00-04:00,175.84664258087983,176.17851755936138,174.75143236349666,175.53965759277344,93338800
2015-06-02 00:00:00-04:00,175.08330724450371,176.05405477905722,174.46103221002957,175.3654022216797,91531000
2015-06-03 00:00:00-04:00,175.8963946070347,176.45229207076486,175.34049714330453,175.83001708984375,87820900
2015-06-04 00:00:00-04:00,175.12478391204863,175.78024133719322,174.02957384242922,174.34486389160156,151882800
2015-06-05 00:00:00-04:00,174.19554356303513,174.71825870761285,173.39073340655372,174.04620361328125,121704700
2015-06-08 00:00:00-04:00,173.9383003357597,174.0876529129266,172.901175378439,172.97584533691406,89063300
2015-06-09 00:00:00-04:00,172.9510040283203,173.49031675404825,172.32043643447227,172.9510040283203,105034700
2015-06-10 00:00:00-04:00,173.71434061537542,175.40693624748826,173.65626818007914,175.0252685546875,134551300
2015-06-11 00:00:00-04:00,175.46495390674622,175.971071417342,175.23263891764168,175.58941650390625,73876400
2015-06-12 00:00:00-04:00,174.7680459769165,175.46499109192928,173.97152823103042,174.24533081054688,135382400
2015-06-15 00:00:00-04:00,173.10860566512972,173.78066063239635,172.403355608492,173.49856567382812,124384200
2015-06-16 00:00:00-04:00,173.3492325606859,174.52741782155275,173.17500263268036,174.44444274902344,85308200
2015-06-17 00:00:00-04:00,174.72657775878906,175.33226807449984,173.70604996607278,174.72657775878906,126708600
2015-06-18 00:00:00-04:00,175.3239341446082,177.00822441202155,174.75974412764305,176.54359436035156,165867900
2015-06-19 00:00:00-04:00,176.30182373940372,176.3768569276957,175.38470903205058,175.7598876953125,130478700
2015-06-22 00:00:00-04:00,176.67701763935042,177.24395207329624,176.4519053332587,176.66033935546875,70696000
2015-06-23 00:00:00-04:00,176.8687485589522,177.11887189486686,176.39352567033555,176.78536987304688,68476800
2015-06-24 00:00:00-04:00,176.51856260613104,176.89374121005542,175.47639274978548,175.50140380859375,92307300
2015-06-25 00:00:00-04:00,176.00161027900472,176.1266655445187,174.89274027819164,174.9677734375,97107400
2015-06-26 00:00:00-04:00,175.32635352834328,175.56814411418458,174.38424041488037,174.93450927734375,104174800
2015-06-29 00:00:00-04:00,173.45878205663925,174.9428311592116,171.19101905728778,171.26605224609375,202621300
2015-06-30 00:00:00-04:00,172.80014629128402,172.85018114556345,171.1493523105692,171.6245880126953,182925100
2015-07-01 00:00:00-04:00,173.19198460957617,173.44210796677788,172.21651496611176,173.00022888183594,135979900
2015-07-02 00:00:00-04:00,173.47545965044043,173.6422043099479,172.4249441241193,172.84181213378906,104373700
2015-07-06 00:00:00-04:00,171.55785267148914,173.1252676311306,171.35775146051736,172.3498992919922,117975400
2015-07-07 00:00:00-04:00,172.5499731339721,173.55878636499753,170.17382092755489,173.43373107910156,173820200
2015-07-08 00:00:00-04:00,172.0997778121791,172.3832449894244,170.29057227957045,170.52401733398438,164020100
2015-07-09 00:00:00-04:00,172.61668341636218,172.87515224406943,170.72411199229873,170.83248901367188,144113100
2015-07-10 00:00:00-04:00,172.82510865174763,173.40038845669895,170.87416970419113,172.9835205078125,129456900
2015-07-13 00:00:00-04:00,174.24250913650008,175.00119930594377,174.20081978785296,174.892822265625,106069400
2015-07-14 00:00:00-04:00,174.85109465607158,175.95996493406554,174.79272703637704,175.65147399902344,81709600
2015-07-15 00:00:00-04:00,175.69321443252878,176.15177185705397,175.1179344564702,175.59317016601562,97914100
2015-07-16 00:00:00-04:00,176.6435774901981,177.00209045410156,176.4017997364284,177.00209045410156,106683300
2015-07-17 00:00:00-04:00,176.9937793139445,177.2105587785068,176.5852568863609,177.15219116210938,89030000
2015-07-20 00:00:00-04:00,177.37731254025718,177.73581287041966,176.92710075231818,177.24391174316406,70446800
2015-07-21 00:00:00-04:00,177.1105134144091,177.3689822330543,176.24343366482006,176.5435791015625,77965000
2015-07-22 00:00:00-04:00,175.85996069770812,176.56030873500586,175.82661684917207,176.226806640625,88667900
2015-07-23 00:00:00-04:00,176.36016778288803,176.4602120277821,174.87611878188716,175.234619140625,90509100
2015-07-24 00:00:00-04:00,175.33464818245892,175.39300307541941,173.08356397825546,173.41705322265625,117755000
2015-07-27 00:00:00-04:00,172.5333474647767,173.041926985497,171.96640031164114,172.4082794189453,132361100
2015-07-28 00:00:00-04:00,173.24194921997795,174.66764297743268,172.41655895358676,174.52590942382812,123544800
2015-07-29 00:00:00-04:00,174.6509751382141,175.95160097542293,174.50924157613866,175.72650146484375,105791300
2015-07-30 00:00:00-04:00,175.2179958472517,175.93500945948728,174.60102650404292,175.7682647705078,91304400
2015-07-31 00:00:00-04:00,176.2684392962481,176.2934503550564,175.21793666089977,175.50140380859375,103266900
2015-08-03 00:00:00-04:00,175.46812984148264,175.52648476133868,173.95905660227538,174.90951538085938,113965700
2015-08-04 00:00:00-04:00,174.83446167232952,175.29301908230389,174.0841042536832,174.5676727294922,81820800
2015-08-05 00:00:00-04:00,175.45974010894733,176.1767535837583,174.85944916623106,175.14292907714844,85786800
2015-08-06 00:00:00-04:00,175.32637610530585,175.4347658799372,173.1253130938221,173.7089385986328,116030800
2015-08-07 00:00:00-04:00,173.5504868841622,173.70055325602934,172.47496033190805,173.37539672851562,117858000
2015-08-10 00:00:00-04:00,174.48422711234036,175.64311936484467,174.48422711234036,175.55975341796875,80270700
2015-08-11 00:00:00-04:00,174.22580081719414,174.64266878819345,173.21697472978343,173.97567749023438,126081400
2015-08-12 00:00:00-04:00,172.6750373934088,174.36752020008473,171.21599961373644,174.18409729003906,172123700
2015-08-13 00:00:00-04:00,174.0257316203212,174.70940132497384,173.42544061392488,173.96737670898438,89383300
2015-08-14 00:00:00-04:00,173.77551874174938,174.6759547875612,173.63378520515818,174.60092163085938,72786500
2015-08-17 00:00:00-04:00,174.00907700255445,175.5764923095703,173.55051957690992,175.5764923095703,79072600
2015-08-18 00:00:00-04:00,175.30130086270307,175.6514684043163,174.83441080721877,175.06785583496094,71692700
2015-08-19 00:00:00-04:00,174.3258512052676,175.09288677233275,172.87515875699717,173.6838836669922,172946000
2015-08-20 00:00:00-04:00,172.17479724965054,173.65884614356457,169.998746027617,170.05711364746094,194327900
2015-08-21 00:00:00-04:00,168.1895379121759,170.0320998308811,164.67951693145798,164.93797302246094,346588500
2015-08-24 00:00:00-04:00,156.31717608187415,164.64619105211446,152.07344993271698,157.99298095703125,507244300
2015-08-25 00:00:00-04:00,162.93700341049941,162.95368169086757,155.84191536900306,156.13372802734375,369833100
2015-08-26 00:00:00-04:00,160.1440304415734,162.4034481318135,157.05086393563715,162.12832641601562,339257000
2015-08-27 00:00:00-04:00,164.26271953614378,166.26368144740985,162.75365895914152,166.1386260986328,274143900
2015-08-28 00:00:00-04:00,165.49658334975751,166.61378645112822,165.01301498010434,166.1468963623047,160414400
2015-08-31 00:00:00-04:00,165.1714418279935,166.02185612224434,164.2543271261738,164.80459594726562,163298800
2015-09-01 00:00:00-04:00,161.01104897004456,162.3867206333518,159.01842097452524,159.88551330566406,256000400
2015-09-02 00:00:00-04:00,162.26172097409798,162.96206898938476,160.42750403896449,162.92037963867188,160269300
2015-09-03 00:00:00-04:00,163.6290396128962,165.12143433062988,162.5451928788408,163.03709411621094,152087800
2015-09-04 00:00:00-04:00,160.7859475318908,161.62801607554673,159.7521106023959,160.5691680908203,207081000
2015-09-08 00:00:00-04:00,163.3622336908571,164.75457128266729,162.72025340947818,164.6044921875,116025700
2015-09-09 00:00:00-04:00,166.18027845850835,166.30533377944414,162.0366092008,162.4034423828125,149347700
2015-09-10 00:00:00-04:00,162.21165920366735,164.42939981290357,161.9532031029294,163.2871856689453,158611100
2015-09-11 00:00:00-04:00,162.89538460417893,164.09596678076616,162.18670373772525,164.02926635742188,119691200
2015-09-14 00:00:00-04:00,164.20427649476838,164.25429861131062,162.93699441456607,163.42056274414062,79452000
2015-09-15 00:00:00-04:00,163.92080987050704,165.90510531161007,163.3788866438561,165.46322631835938,113806200
2015-09-16 00:00:00-04:00,165.76342416223778,167.0890615612163,165.42158929428368,166.8972930908203,99581600
2015-09-17 00:00:00-04:00,166.76390058189295,169.1567191508858,166.14693127954274,166.52210998535156,276046600
2015-09-18 00:00:00-04:00,164.01877931187536,166.50783687324343,163.39022645170527,163.80087280273438,223657500
2015-09-21 00:00:00-04:00,164.6305281045718,165.66972706910326,163.59970523919577,164.6472930908203,105726200
2015-09-22 00:00:00-04:00,162.48515858354247,162.97124114556132,161.37889907247654,162.5102996826172,153890900
2015-09-23 00:00:00-04:00,162.6778691251511,163.14718657021248,161.67218705888504,162.25045776367188,92790600
2015-09-24 00:00:00-04:00,161.03525019150445,162.12474445816738,159.70272109335767,161.66380310058594,159378800
2015-09-25 00:00:00-04:00,163.12208924861264,163.4237952282441,160.7503475063878,161.6219482421875,155054800
2015-09-28 00:00:00-04:00,160.72515737628274,160.8341106320066,157.2555460629324,157.5656280517578,178515900
2015-09-29 00:00:00-04:00,157.78349409278962,159.0154584188091,156.6604702066107,157.65777587890625,159045600
2015-09-30 00:00:00-04:00,159.54344943762996,160.76703778299435,158.764050145454,160.59942626953125,163452000
2015-10-01 00:00:00-04:00,160.9765723137938,161.32018426471683,159.08253771523917,161.0184783935547,131079000
2015-10-02 00:00:00-04:00,159.040661430058,163.4489081848222,158.495907866993,163.42376708984375,211003300
2015-10-05 00:00:00-04:00,164.64731598970752,166.55811547378664,164.5383627458455,166.3318328857422,126320800
2015-10-06 00:00:00-04:00,166.1977325448011,166.7592381565138,165.09986240936743,165.76193237304688,110274500
2015-10-07 00:00:00-04:00,166.69217435958467,167.47158637337225,165.50211609094887,167.11959838867188,124307300
2015-10-08 00:00:00-04:00,166.73414136871068,168.91313001848616,166.4324354447101,168.62818908691406,153055200
2015-10-09 00:00:00-04:00,168.77065059171088,169.20643806817367,168.1001915975367,168.72874450683594,107069200
2015-10-12 00:00:00-04:00,168.80412730347533,169.0890681515825,168.37671603131454,168.887939453125,56395600
2015-10-13 00:00:00-04:00,168.15886204336746,169.42435684319722,167.65602735233972,167.82363891601562,88038700
2015-10-14 00:00:00-04:00,167.76492510688843,168.34319572404036,166.72572600400844,167.01904296875,99106200
2015-10-15 00:00:00-04:00,167.68111857892492,169.59191797003,167.31236557573996,169.5835418701172,134142200
2015-10-16 00:00:00-04:00,169.9857850193439,170.37129016102787,169.22313804661948,170.3545379638672,114580100
2015-10-19 00:00:00-04:00,169.7092981902237,170.43841552734375,169.39921615727704,170.43841552734375,76523900
2015-10-20 00:00:00-04:00,170.00256531023766,170.83224672217682,169.7511416628866,170.220458984375,78448500
2015-10-21 00:00:00-04:00,170.6395196068124,170.79036614497844,168.9968959484565,169.16452026367188,102038000
2015-10-22 00:00:00-04:00,170.1115694105604,172.23188703797183,169.16455831386938,172.02236938476562,174911700
2015-10-23 00:00:00-04:00,173.6901262741854,174.2767731177643,172.89396178733242,173.90802001953125,144442300
2015-10-26 00:00:00-04:00,173.73202980492053,173.79068809444453,173.11185298629266,173.48060607910156,69033000
2015-10-27 00:00:00-04:00,172.81018029823892,173.480639433348,172.46656823315317,173.14541625976562,77905800
2015-10-28 00:00:00-04:00,173.4805724101665,175.1399482178146,172.81850242234762,175.11480712890625,135906700
2015-10-29 00:00:00-04:00,174.61198147797265,175.3830047490535,174.49465212776337,175.01425170898438,90525500
2015-10-30 00:00:00-04:00,175.2070182725639,175.52548915759263,174.10077185226265,174.25999450683594,131076900
2015-11-02 00:00:00-05:00,174.5868408471371,176.51439263594077,174.46112260790636,176.32164001464844,86270800
2015-11-03 00:00:00-05:00,175.9696437316192,177.3859847602942,175.74336114194094,176.83285522460938,95246100
2015-11-04 00:00:00-05:00,177.12618784722594,177.25189329467037,175.76012897461092,176.29649353027344,96224500
2015-11-05 00:00:00-05:00,176.3551879167048,176.81612929827372,175.2321763964768,176.1205291748047,78408700
2015-11-06 00:00:00-05:00,175.77690939553904,176.26299181489833,174.70418019003608,176.0283203125,110471500
2015-11-09 00:00:00-05:00,175.4165348072266,175.56739414738445,173.43868791009058,174.38571166992188,131008700
2015-11-10 00:00:00-05:00,173.90795700910348,174.8214633216322,173.6397811726082,174.78793334960938,75874600
2015-11-11 00:00:00-05:00,175.0561995797447,175.10648177213253,174.03375237471542,174.10079956054688,67846000
2015-11-12 00:00:00-05:00,173.06148761724364,173.53080485962747,171.6535358900922,171.6702880859375,121315200
2015-11-13 00:00:00-05:00,171.25973163297792,171.5279075743205,169.65901372340684,169.74281311035156,153577100
2015-11-16 00:00:00-05:00,169.5584285031652,172.3827219761185,169.44108635756888,172.3240509033203,117645200
2015-11-17 00:00:00-05:00,172.6341492455715,173.51411305218159,171.70389046640724,172.19834899902344,121123700
2015-11-18 00:00:00-05:00,172.6760538291458,175.07293615993984,172.63416053119036,174.9304656982422,121342500
2015-11-19 00:00:00-05:00,174.81308872002745,175.1986067021689,174.4862417997517,174.77957153320312,88220500
2015-11-20 00:00:00-05:00,175.53386378238736,176.0953694832022,175.03940525616932,175.41653442382812,94011500
2015-11-23 00:00:00-05:00,175.47517757537733,175.9780121229308,174.75443654807228,175.2153778076172,64931200
2015-11-24 00:00:00-05:00,174.20970448066703,175.85232822831483,173.82419922577145,175.45005798339844,98874400
2015-11-25 00:00:00-05:00,175.57572749693176,175.77686897218496,175.1650684470999,175.4248809814453,51980100
2015-11-27 00:00:00-05:00,175.51708434940895,175.82717910489592,175.03939085313215,175.62603759765625,37317800
2015-11-30 00:00:00-05:00,175.78527952413694,175.90260887737918,174.78797362760773,174.8969268798828,112822700
2015-12-01 00:00:00-05:00,175.5254524613775,176.681993612213,175.2488877171369,176.5646514892578,97858400
2015-12-02 00:00:00-05:00,176.51442766375988,176.83289858748088,174.51143941876535,174.7628631591797,108441300
2015-12-03 00:00:00-05:00,175.0142618268885,175.28243773375337,171.59493269576072,172.315673828125,166224200
2015-12-04 00:00:00-05:00,172.31562763233055,175.96961449785195,172.31562763233055,175.67628479003906,192913900
2015-12-07 00:00:00-05:00,175.34949288008445,175.76852814381505,173.6482107323735,174.61199951171875,102027100
2015-12-08 00:00:00-05:00,173.05318491064102,174.56170160436466,172.45814921945004,173.43869018554688,103372400
2015-12-09 00:00:00-05:00,172.80173567385899,174.88852275963552,171.1172060065192,172.08937072753906,162401500
2015-12-10 00:00:00-05:00,172.1564553948511,173.8409726411973,171.9217966576867,172.53358459472656,116128900
2015-12-11 00:00:00-05:00,170.42161596421371,171.08368593413098,168.8795567545404,169.1896514892578,211173300
2015-12-14 00:00:00-05:00,169.3488617974309,170.17016706298082,167.57214416909764,170.04444885253906,182385200
2015-12-15 00:00:00-05:00,171.55305551868912,172.7347381768895,170.0193847302054,171.82962036132812,154069600
2015-12-16 00:00:00-05:00,172.9525352034785,174.64544051098503,171.63677169914146,174.34373474121094,197017000
2015-12-17 00:00:00-05:00,174.6538513489731,174.7208985098075,171.6703230255021,171.6870880126953,173092500
2015-12-18 00:00:00-05:00,170.94691963686665,171.08179917599455,168.46832640071943,168.62850952148438,251393500
2015-12-21 00:00:00-05:00,169.80031028938737,170.19654856782793,168.68746758464948,170.01950073242188,99094300
2015-12-22 00:00:00-05:00,170.9047782313083,171.857438219146,169.91840157192314,171.56236267089844,111026200
2015-12-23 00:00:00-05:00,172.56559014783053,173.7290146149224,172.47285322851093,173.68685913085938,110987200
2015-12-24 00:00:00-05:00,173.4339217902471,173.94818777080295,173.1810017751457,173.4001922607422,48539600
2015-12-28 00:00:00-05:00,172.70889178931722,173.0461099010935,171.93327984099471,173.00396728515625,65899900
2015-12-29 00:00:00-05:00,174.09997460624697,175.17908826127268,174.06625793254906,174.8502960205078,92640700
2015-12-30 00:00:00-05:00,174.6058232777152,174.69013426214704,173.46768930813562,173.6110076904297,63317700
2015-12-31 00:00:00-05:00,172.93652912124026,173.577248708989,171.874267578125,171.874267578125,114877900
2016-01-04 00:00:00-05:00,169.02472259585497,169.47996830831684,167.42290449220576,169.47154235839844,222353500
2016-01-05 00:00:00-05:00,169.7919106364143,170.2134397222684,168.6537898230363,169.75819396972656,110845800
2016-01-06 00:00:00-05:00,167.21214413008352,168.6622051229766,166.58828935540473,167.6168212890625,152112600
2016-01-07 00:00:00-05:00,164.67454181615454,166.45339493899422,163.20761607684997,163.59542846679688,213436100
2016-01-08 00:00:00-05:00,164.55656335032836,165.11298495531275,161.51312215609832,161.7997589111328,209817200
2016-01-11 00:00:00-05:00,162.7186624135249,163.05589341995838,160.02931749748547,161.9599151611328,187941300
2016-01-12 00:00:00-05:00,163.4015244612569,164.0169532623226,161.14212210067134,163.26663208007812,172330500
2016-01-13 00:00:00-05:00,163.93268573198264,164.27834272629687,158.81532848192018,159.1947021484375,221168900
2016-01-14 00:00:00-05:00,159.80171165185732,162.92945090371774,158.20833189652004,161.8081817626953,240795600
2016-01-15 00:00:00-05:00,157.45797250848364,159.13564997514615,156.40414983282272,158.33474731445312,324846400
2016-01-19 00:00:00-05:00,160.14731979196418,160.27377335933696,156.97741315333434,158.54550170898438,195244400
2016-01-20 00:00:00-05:00,155.99105620650136,158.07341096946286,152.61039748829143,156.5137481689453,286547800
2016-01-21 00:00:00-05:00,156.98586912340346,159.22839410217688,155.66226160803873,157.39053344726562,195772900
2016-01-22 00:00:00-05:00,159.9956237238477,160.8218173621808,159.23687630187553,160.61949157714844,168319600
2016-01-25 00:00:00-05:00,160.11360839355606,160.3075081734972,157.997536987637,158.19143676757812,130371700
2016-01-26 00:00:00-05:00,158.84898246402852,160.6278353098517,158.5117644188856,160.34962463378906,141036800
2016-01-27 00:00:00-05:00,159.82693898727493,161.49619024417947,157.70242920136823,158.60450744628906,185681700
2016-01-28 00:00:00-05:00,160.14732966105083,160.3496553813156,157.78676430027338,159.43072509765625,143798800
2016-01-29 00:00:00-05:00,160.19793252616049,163.45213789098824,160.07990488553142,163.31724548339844,210529300
2016-02-01 00:00:00-05:00,162.31397302549723,164.04224468266708,161.7322608851968,163.25819396972656,136061600
2016-02-02 00:00:00-05:00,161.83345580102923,161.84188175187165,159.7932436610134,160.31594848632812,182564900
2016-02-03 00:00:00-05:00,161.369775492127,161.6817029141604,157.7361966556225,161.27703857421875,205054900
2016-02-04 00:00:00-05:00,160.77961654673646,162.49944941735478,160.14732296923702,161.52993774414062,139531800
2016-02-05 00:00:00-05:00,161.01569349009503,161.5889669028916,157.82049564391338,158.45278930664062,180788300
2016-02-08 00:00:00-05:00,156.61493026107567,156.9099929217756,154.1110463004901,156.31985473632812,191526700
2016-02-09 00:00:00-05:00,154.58307834154806,157.6012268017939,154.44818600651067,156.3282012939453,184513100
2016-02-10 00:00:00-05:00,157.15446033381306,158.7815562592034,156.0669082029163,156.19337463378906,148214100
2016-02-11 00:00:00-05:00,153.72321201774534,155.20700251784558,152.66938938485407,154.16160583496094,219058900
2016-02-12 00:00:00-05:00,155.93207520421836,157.3568329836755,155.08901686974585,157.33998107910156,127632400
2016-02-16 00:00:00-05:00,159.14413638202305,160.0209114501945,158.18305032896677,159.99562072753906,120250700
2016-02-17 00:00:00-05:00,161.15896332211912,162.97997160988223,161.03249690922124,162.60902404785156,136009500
2016-02-18 00:00:00-05:00,162.87884935997835,162.93786961150857,161.63112676698148,161.94305419921875,102343000
2016-02-19 00:00:00-05:00,161.16737162955178,162.0188554480701,160.5603689334057,161.8671112060547,114793000
2016-02-22 00:00:00-05:00,163.44370559690904,164.3542100883974,163.37625939042303,164.2108917236328,103640300
2016-02-23 00:00:00-05:00,163.5533560924553,163.82314099889933,162.0189833811727,162.13702392578125,111455300
2016-02-24 00:00:00-05:00,160.71220733876964,163.15707125544148,159.60780302749964,162.8788604736328,150812200
2016-02-25 00:00:00-05:00,163.32565975002663,164.86003183247877,162.5669125237012,164.85159301757812,110728300
2016-02-26 00:00:00-05:00,165.71993371250397,165.81265775224122,164.31201539215382,164.47219848632812,129833700
2016-02-29 00:00:00-05:00,164.48905454530703,165.43327543273068,162.98841226463242,163.18231201171875,125918100
2016-03-01 00:00:00-05:00,164.4047791383236,167.1025757382741,163.93266859254652,167.0182647705078,141799700
2016-03-02 00:00:00-05:00,166.70632132039938,167.81915137646766,166.29321820053025,167.76856994628906,102415000
2016-03-03 00:00:00-05:00,167.59153048775184,168.44302748531464,167.0182570982276,168.42616271972656,95172200
2016-03-04 00:00:00-05:00,168.6200839320446,169.7497918171889,167.79389040987522,168.9741668701172,129293600
2016-03-07 00:00:00-05:00,168.05518624135055,169.51368590949613,167.97931410528602,169.1090087890625,100219000
2016-03-08 00:00:00-05:00,168.03835062068885,168.54417777416353,167.10255559310772,167.26272583007812,123974900
2016-03-09 00:00:00-05:00,168.0720787159687,168.43458755741102,167.2880279218925,168.0889434814453,94801200
2016-03-10 00:00:00-05:00,168.57788107599362,169.51367595798664,166.40278992152216,168.22378540039062,156838700
2016-03-11 00:00:00-05:00,169.67384382062787,170.98058625779174,168.20693117363018,170.9384307861328,137964500
2016-03-14 00:00:00-04:00,170.4326625925799,171.17454512106875,170.10387038253248,170.71929931640625,73612000
2016-03-15 00:00:00-04:00,169.75814989672682,170.74452615785452,169.49680398959597,170.44102478027344,93169100
2016-03-16 00:00:00-04:00,169.96051635333183,171.83210634515947,169.91836087595732,171.42742919921875,129303200
2016-03-17 00:00:00-04:00,171.34313387955126,173.02081127539734,170.94689554110465,172.51498413085938,134278500
2016-03-18 00:00:00-04:00,173.01492535802336,173.53184366636853,172.7013891962115,173.19288635253906,138372400
2016-03-21 00:00:00-04:00,172.93026924792804,173.66750884443863,172.70146584782538,173.43870544433594,72926700
2016-03-22 00:00:00-04:00,172.66753124752051,173.91321974650177,172.5065348857441,173.345458984375,97471900
2016-03-23 00:00:00-04:00,172.96410706036843,173.15053748796785,172.0319549223713,172.20144653320312,81052500
2016-03-24 00:00:00-04:00,171.17610725384458,172.15910186414206,170.95578622618342,172.1251983642578,84360900
2016-03-28 00:00:00-04:00,172.54038859451902,172.75224015887895,171.7777281349806,172.2268524169922,62408200
2016-03-29 00:00:00-04:00,171.82008233027528,173.93012849534293,171.51501557063168,173.81996154785156,92922900
2016-03-30 00:00:00-04:00,174.8199143203331,175.30292916554708,174.21825018534045,174.5826416015625,86365300
2016-03-31 00:00:00-04:00,174.48942346607075,174.91312658967516,173.9979262910424,174.158935546875,94584100
2016-04-01 00:00:00-04:00,173.16749404386812,175.5317520880499,172.85394489943778,175.34532165527344,114423500
2016-04-04 00:00:00-04:00,175.26899339439066,175.47237549961517,174.4724296452489,174.77749633789062,63497000
2016-04-05 00:00:00-04:00,173.43865755883377,174.78603056334993,172.7776816347166,173.0319061279297,99662200
2016-04-06 00:00:00-04:00,173.03188798409573,174.9809249871637,172.8539269783888,174.92160034179688,91839800
2016-04-07 00:00:00-04:00,173.83695269721892,174.1928618424129,172.09976694798488,172.8285369873047,113859000
2016-04-08 00:00:00-04:00,174.00638903997393,174.43857448496388,172.76070086981346,173.29457092285156,95040600
2016-04-11 00:00:00-04:00,173.93013874413782,174.6250180994244,172.79461743370686,172.88783264160156,83757500
2016-04-12 00:00:00-04:00,173.05730624126357,174.77753990260072,172.6166513686354,174.49789428710938,115350600
2016-04-13 00:00:00-04:00,175.41313736255353,176.3452896414696,175.27754922554817,176.2605438232422,96336400
2016-04-14 00:00:00-04:00,176.31988296331204,176.7690073899321,175.92160085964557,176.26902770996094,65212900
2016-04-15 00:00:00-04:00,176.26896597530424,176.4045540759585,175.7520476556538,176.07406616210938,75761600
2016-04-18 00:00:00-04:00,176.0740908506917,177.34520037917224,175.4131149303134,177.31130981445312,82531000
2016-04-19 00:00:00-04:00,177.73499977198375,178.12479942403957,177.0570721544678,177.87057495117188,88316100
2016-04-20 00:00:00-04:00,177.9129203804974,178.73490538862524,177.4383750006281,178.0400390625,81100300
2016-04-21 00:00:00-04:00,178.05703173609004,178.16719870773824,176.8113432719301,177.08251953125,85695000
2016-04-22 00:00:00-04:00,176.7266103886894,177.3536828601742,176.1842708004453,177.08251953125,99251700
2016-04-25 00:00:00-04:00,176.48083791459973,176.81980820538138,175.87070432158723,176.77743530273438,66166500
2016-04-26 00:00:00-04:00,177.1417847029803,177.54854898506105,176.56555469895437,177.04010009765625,75864200
2016-04-27 00:00:00-04:00,176.65880402601422,177.79432543947834,176.30289490822972,177.40452575683594,77329400
2016-04-28 00:00:00-04:00,176.65032222852545,177.751940069478,175.37921278398585,175.79443359375,97216200
2016-04-29 00:00:00-04:00,175.1758554167909,175.52329515077844,173.74373650434114,174.84536743164062,142424100
2016-05-02 00:00:00-04:00,175.34532812902663,176.4130555222075,174.91315552639526,176.235107421875,62188000
2016-05-03 00:00:00-04:00,175.0063607445574,175.24363348503738,173.95557222929278,174.7012939453125,106422100
2016-05-04 00:00:00-04:00,173.70985256274832,174.43862262579916,173.2268246804303,173.72679138183594,92243800
2016-05-05 00:00:00-04:00,174.19289892045248,174.54880814140395,173.2692288281928,173.69293212890625,67619200
2016-05-06 00:00:00-04:00,172.9217779802772,174.37084886559472,172.76925100834785,174.32847595214844,89315000
2016-05-09 00:00:00-04:00,174.20135557223787,174.90469156894966,174.02339452280697,174.47251892089844,74374900
2016-05-10 00:00:00-04:00,175.1757909862349,176.65875166936016,175.10799694621653,176.6417999267578,77472200
2016-05-11 00:00:00-04:00,176.18424108823578,176.7180982468476,174.98939514160156,174.98939514160156,81727000
2016-05-12 00:00:00-04:00,175.6588403846355,175.8283319833032,174.03182189449538,175.0402374267578,89586300
2016-05-13 00:00:00-04:00,174.74362657194527,175.29443539316273,173.1928717774143,173.51487731933594,96474600
2016-05-16 00:00:00-04:00,173.684366358799,175.7011841586057,173.62504172302076,175.2266387939453,77486800
2016-05-17 00:00:00-04:00,174.95551118991153,175.2436262299386,173.06578582235952,173.5911865234375,114924900
2016-05-18 00:00:00-04:00,173.24374681139082,174.81992305361686,172.557349774201,173.64202880859375,120062100
2016-05-19 00:00:00-04:00,172.9217078869592,173.32845924429304,171.83702898047395,173.04034423828125,115430500
2016-05-20 00:00:00-04:00,173.65053228615866,174.650478644596,173.59968996682053,174.13356018066406,104990400
2016-05-23 00:00:00-04:00,174.15049760539685,174.43014328991345,173.7098555543978,173.8962860107422,58682600
2016-05-24 00:00:00-04:00,174.70983238321853,176.46397040455147,174.68441121743686,176.15042114257812,93537800
2016-05-25 00:00:00-04:00,176.82828119514468,177.76043335068047,176.1503535302454,177.34519958496094,76621400
2016-05-26 00:00:00-04:00,177.48078767711476,177.70959101169245,177.08250565893664,177.3960418701172,55280700
2016-05-27 00:00:00-04:00,177.55705770486466,178.16719133268288,177.5062153909457,178.15872192382812,64211200
2016-05-31 00:00:00-04:00,178.42986622882066,178.5400331841697,177.26044141171204,177.81973266601562,109879400
2016-06-01 00:00:00-04:00,177.20961797158864,178.36209116510832,177.0147181247832,178.18414306640625,69936200
2016-06-02 00:00:00-04:00,177.78583423166788,178.74339450363115,177.31128879947488,178.72645568847656,63044700
2016-06-03 00:00:00-04:00,178.16720579410213,178.5400667002992,176.98931134792298,178.192626953125,101757100
2016-06-06 00:00:00-04:00,178.54854326255548,179.45527440534923,178.38753396202972,179.099365234375,64887000
2016-06-07 00:00:00-04:00,179.25189200266425,179.93828918383645,179.22647084265023,179.37899780273438,60974800
2016-06-08 00:00:00-04:00,179.51454452608584,180.0907875243807,179.38743875534112,179.9636688232422,66170900
2016-06-09 00:00:00-04:00,179.23489823755855,179.83656238777846,178.96373495084086,179.71792602539062,73786900
2016-06-10 00:00:00-04:00,178.3451363787507,178.6840937280972,177.47229598991518,178.0146484375,113829200
2016-06-13 00:00:00-04:00,177.4129425852768,178.26881809602548,176.5570670745281,176.6417999267578,117751200
2016-06-14 00:00:00-04:00,176.26051251313893,176.88759783759872,175.34531214651957,176.29440307617188,125059300
2016-06-15 00:00:00-04:00,176.29444825824095,177.41303108091927,175.8622755842411,176.0487060546875,109124500
2016-06-16 00:00:00-04:00,176.04863269544754,176.74351196490105,174.21823225582534,176.5740203857422,149533100
2016-06-17 00:00:00-04:00,176.47017740743334,176.49573076917162,175.26060396047285,175.91650390625,117055700
2016-06-20 00:00:00-04:00,177.87563727878802,178.5485639825912,176.96419092301392,177.04937744140625,82789600
2016-06-21 00:00:00-04:00,177.4326875929435,177.96080760410712,176.98974110100497,177.55194091796875,72461700
2016-06-22 00:00:00-04:00,177.73084655371028,178.4548930850924,177.11753991475223,177.26235961914062,95560500
2016-06-23 00:00:00-04:00,178.71891135430852,179.62183119566257,178.2589379814508,179.5707244873047,102731400
2016-06-24 00:00:00-04:00,173.45470414468605,179.6047957109169,172.67955111125858,173.12249755859375,333444400
2016-06-27 00:00:00-04:00,171.7170885424633,171.72561499636151,169.21275465329637,170.02198791503906,230775800
2016-06-28 00:00:00-04:00,171.62333532467787,173.11400855868138,171.31668202520586,173.0884552001953,159382400
2016-06-29 00:00:00-04:00,174.48542967094025,176.26571631196322,174.383216236283,176.03573608398438,137328600
2016-06-30 00:00:00-04:00,176.5042289771642,178.48894240865778,175.9505425669414,178.43783569335938,165021900
2016-07-01 00:00:00-04:00,178.43780696283076,179.298146523958,178.27596039201924,178.81260681152344,106055300
2016-07-05 00:00:00-04:00,177.98640172520842,178.09714162296606,176.93016146096247,177.52642822265625,109803700
2016-07-06 00:00:00-04:00,177.03233631305994,178.71040933220064,176.3764365193641,178.59115600585938,96021500
2016-07-07 00:00:00-04:00,178.77006691614102,179.43448030163498,177.71382666106882,178.48045349121094,85593800
2016-07-08 00:00:00-04:00,179.7751531352173,181.38507933652699,179.54515996427702,181.13804626464844,133971000
2016-07-11 00:00:00-04:00,181.59802778174412,182.347627431479,181.39358796882487,181.7769012451172,73633900
2016-07-12 00:00:00-04:00,182.73951473729417,183.39541464824282,181.80251486451039,183.09727478027344,101275600
2016-07-13 00:00:00-04:00,183.51469346365351,183.5232069190821,182.58621991390547,183.07174682617188,87324100
2016-07-14 00:00:00-04:00,184.3324092932635,184.56240254403048,183.70207571376685,184.09390258789062,91230900
2016-07-15 00:00:00-04:00,184.65606748793815,184.85198088781613,183.4039010235686,183.8468475341797,107155400
2016-07-18 00:00:00-04:00,183.96615763217082,184.50280428182324,183.71061098959146,184.34095764160156,58725900
2016-07-19 00:00:00-04:00,183.9235254473303,184.18758548966142,183.6765053102707,184.1535186767578,54345700
2016-07-20 00:00:00-04:00,184.15347838031607,185.1586116115223,184.15347838031607,184.92010498046875,58159500
2016-07-21 00:00:00-04:00,184.80938706527985,185.03085380551673,183.7786874330219,184.2216339111328,67777300
2016-07-22 00:00:00-04:00,184.3409060500352,185.09901931234043,184.07684602574125,185.04791259765625,62787500
2016-07-25 00:00:00-04:00,184.84345841291403,184.89456512363662,183.966091885143,184.54531860351562,55873100
2016-07-26 00:00:00-04:00,184.44310848175783,184.98826840194747,183.78720868792976,184.63050842285156,70080500
2016-07-27 00:00:00-04:00,185.00531412403691,185.07346074090879,183.6679611384984,184.43460083007812,84083900
2016-07-28 00:00:00-04:00,184.23868801764283,184.93718114385538,183.77871456688854,184.64756774902344,65035700
2016-07-29 00:00:00-04:00,184.3835222992612,185.30346927354668,184.10242233581388,184.94570922851562,79519400
2016-08-01 00:00:00-04:00,185.00529642288348,185.39712318535925,184.34088321900114,184.79234313964844,73311400
2016-08-02 00:00:00-04:00,184.54535479474276,184.6986879546182,182.77359448659124,183.60836791992188,92295500
2016-08-03 00:00:00-04:00,183.54870710658165,184.204606918532,183.25058028125014,184.1449737548828,53993600
2016-08-04 00:00:00-04:00,184.25577109486107,184.65612446878555,182.50103741220082,184.34095764160156,46585500
2016-08-05 00:00:00-04:00,184.3409173872479,185.89121081778012,184.3409173872479,185.84861755371094,71892200
2016-08-08 00:00:00-04:00,186.03601136483033,186.13823779474342,185.4738244896835,185.73788452148438,39906500
2016-08-09 00:00:00-04:00,185.80603728728104,186.34267082210715,185.5249373415915,185.84861755371094,51251700
2016-08-10 00:00:00-04:00,185.95935469412962,186.0360147697383,185.0393947939079,185.38864135742188,57941100
2016-08-11 00:00:00-04:00,185.91672529073242,186.49596496611446,185.65266530542866,186.24893188476562,72504300
2016-08-12 00:00:00-04:00,185.94230799561387,186.30008099732774,185.68677441958778,186.08712768554688,61313500
2016-08-15 00:00:00-04:00,186.45338874073167,186.97299530682014,186.44487528797663,186.62374877929688,49813500
2016-08-16 00:00:00-04:00,186.20636902959353,186.27450264705396,185.6612091064453,185.6612091064453,53213600
2016-08-17 00:00:00-04:00,185.69528553228906,186.14674550776292,184.86051219996892,186.0104522705078,75134300
2016-08-18 00:00:00-04:00,185.984894674359,186.46190799624154,185.87416779454654,186.42784118652344,52989300
2016-08-19 00:00:00-04:00,185.95934477450407,186.33414467656135,185.47381799057598,186.15525817871094,75443000
2016-08-22 00:00:00-04:00,185.91672008352035,186.37670643015156,185.5504466941994,186.14671325683594,61368800
2016-08-23 00:00:00-04:00,186.76008263313307,187.0582225137017,186.4619427525644,186.52157592773438,53399200
2016-08-24 00:00:00-04:00,186.37672479739823,186.4704247663063,185.1501117490151,185.5675048828125,71728900
2016-08-25 00:00:00-04:00,185.18419646592582,185.85713621615523,185.03087631886928,185.4397430419922,69224800
2016-08-26 00:00:00-04:00,185.627131094704,186.64930433578445,184.20460460957435,185.09048461914062,122506300
2016-08-29 00:00:00-04:00,185.21827125245898,186.26599788851843,185.18419144450021,186.00193786621094,70502200
2016-08-30 00:00:00-04:00,185.91674874049886,186.1978486628494,185.14160858841032,185.69528198242188,58114500
2016-08-31 00:00:00-04:00,185.3630887083761,185.48234204788133,184.3920220873651,185.16717529296875,85269500
2016-09-01 00:00:00-04:00,185.15861927743916,185.46527252972356,184.0171927819061,185.1756591796875,97844200
2016-09-02 00:00:00-04:00,186.02749217457432,186.43635888870114,185.43973896184536,186.0104522705078,79293900
2016-09-06 00:00:00-04:00,186.29151670298387,186.64927663438348,185.57599684018467,186.57261657714844,56702100
2016-09-07 00:00:00-04:00,186.41079634401157,186.73448951712933,185.95082293799388,186.55560302734375,76554900
2016-09-08 00:00:00-04:00,186.22338441350036,186.49597085702842,185.8230311980916,186.1296844482422,74102900
2016-09-09 00:00:00-04:00,184.81793687935007,184.86904359887217,181.64919029258272,181.67474365234375,221589100
2016-09-12 00:00:00-04:00,180.91659072552463,184.68160321216067,180.84844411519546,184.28125,168110900
2016-09-13 00:00:00-04:00,183.00357638087698,183.26763643886903,181.0103362679948,181.6321563720703,182828800
2016-09-14 00:00:00-04:00,181.68326396938673,182.88432391408446,181.0103371408601,181.5640106201172,134185500
2016-09-15 00:00:00-04:00,181.40218712475806,183.76170088109808,181.22330059205066,183.37838745117188,134427900
2016-09-16 00:00:00-04:00,182.76366792581595,182.94345806111463,181.98461217497623,182.66949462890625,155236400
2016-09-19 00:00:00-04:00,183.32015528309017,183.96224239525162,182.37842229326847,182.70375061035156,80250500
2016-09-20 00:00:00-04:00,183.55985516954945,183.71394979635636,182.67805663625666,182.71229553222656,69665300
2016-09-21 00:00:00-04:00,183.4143483203543,184.94679064511112,182.7294527143507,184.7670135498047,110284400
2016-09-22 00:00:00-04:00,185.77719504411826,186.23093553533752,185.52892712117182,185.93128967285156,76678700
2016-09-23 00:00:00-04:00,185.537451837607,185.67443352635397,184.81831756662461,184.91249084472656,73630900
2016-09-26 00:00:00-04:00,184.08209142666828,184.2618684960777,183.21740578661957,183.41432189941406,89827300
2016-09-27 00:00:00-04:00,183.25163275907568,184.6470929586741,182.88349608546716,184.5529327392578,78494800
2016-09-28 00:00:00-04:00,184.77551177596033,185.62307129089558,183.81666606772146,185.46896362304688,87411000
2016-09-29 00:00:00-04:00,185.26350574056914,185.66588132423695,183.24307136462014,183.79098510742188,128070600
2016-09-30 00:00:00-04:00,184.62144938310027,185.87994121543213,184.37318143822424,185.1779327392578,117202900
2016-10-03 00:00:00-04:00,184.76696374787355,184.95529725204656,184.09918124112315,184.7327117919922,83512100
2016-10-04 00:00:00-04:00,184.8440172416814,185.06660270918726,183.2002760132762,183.79098510742188,119948100
2016-10-05 00:00:00-04:00,184.4159472616854,185.0323518152725,184.34745641536537,184.6042938232422,72816000
2016-10-06 00:00:00-04:00,184.3817010923231,184.95529725204656,183.84235688848102,184.7327117919922,62927400
2016-10-07 00:00:00-04:00,185.00666074402258,185.17788132018285,183.3714761556129,184.0991668701172,89788300
2016-10-10 00:00:00-04:00,185.0580291748047,185.52032604567063,184.91249102910072,185.0580291748047,51855000
2016-10-11 00:00:00-04:00,184.62998863208392,184.6984794829944,181.99314965685426,182.72084045410156,130367400
2016-10-12 00:00:00-04:00,182.85781322727746,183.48278731258375,182.36126437989276,182.96055603027344,73866100
2016-10-13 00:00:00-04:00,181.63357631731463,182.8578159446073,180.82026871823211,182.36126708984375,101357000
2016-10-14 00:00:00-04:00,183.3372428027531,183.79955277491104,182.37839702834248,182.4554443359375,93346200
2016-10-17 00:00:00-04:00,182.42976500852797,182.68660243484823,181.6421398142282,181.82192993164062,58275700
2016-10-18 00:00:00-04:00,183.41429646501757,183.47421779207957,182.5838629003062,182.96055603027344,76869700
2016-10-19 00:00:00-04:00,183.22597713186872,183.75676495027773,182.86640992617598,183.4485626220703,66519200
2016-10-20 00:00:00-04:00,183.09752483983908,183.6625645353384,182.44688138226903,183.10609436035156,73639800
2016-10-21 00:00:00-04:00,183.10612290915276,183.27734352328338,182.14726395608955,183.1917266845703,89089100
2016-10-24 00:00:00-04:00,184.06495270797885,184.33891611727435,183.61976869952085,183.9707794189453,60146600
2016-10-25 00:00:00-04:00,183.79095400311965,184.04779138418704,183.19167548949028,183.35433959960938,66542300
2016-10-26 00:00:00-04:00,182.53252658412072,183.56841979028252,182.29280204849215,182.98626708984375,75705500
2016-10-27 00:00:00-04:00,183.70534120897295,183.73958009522707,182.42116743013958,182.4982147216797,77220200
2016-10-28 00:00:00-04:00,182.4725676586778,183.1488935654366,181.24832802261642,181.95889282226562,140623200
2016-10-31 00:00:00-04:00,182.29279876235523,182.51539731357715,181.8048193679365,181.9674835205078,61272500
2016-11-01 00:00:00-04:00,182.29277374641168,182.34415167961674,179.44191895997065,180.64903259277344,122781800
2016-11-02 00:00:00-04:00,180.34085382978796,180.7261165309572,179.12517051792338,179.56179809570312,103330800
2016-11-03 00:00:00-04:00,179.77583549116116,179.98986452919675,178.465978823447,178.73992919921875,88939300
2016-11-04 00:00:00-04:00,178.85118627336155,179.69017624675064,178.39744586486492,178.54298400878906,109122100
2016-11-07 00:00:00-05:00,178.54301394389404,182.51539209591,178.54301394389404,182.48114013671875,109794900
2016-11-08 00:00:00-05:00,182.08738643323196,183.86810998791537,181.8219924579765,183.30307006835938,106772100
2016-11-09 00:00:00-05:00,181.81330522945103,185.86274230139423,181.78762280094315,185.246337890625,258429000
2016-11-10 00:00:00-05:00,186.03402274157074,186.8986952607369,184.2532997663908,185.7086944580078,172113300
2016-11-11 00:00:00-05:00,184.98959378734756,185.52038166177718,184.33895016503715,185.28067016601562,100552700
2016-11-14 00:00:00-05:00,185.80287114251522,186.00834370377714,184.68136117179486,185.42617797851562,94580000
2016-11-15 00:00:00-05:00,185.81141254639604,186.8730010986328,185.6059530650747,186.8730010986328,91652600
2016-11-16 00:00:00-05:00,186.25660928341745,186.7531581694383,186.1367535566741,186.52200317382812,65617700
2016-11-17 00:00:00-05:00,186.67614465798366,187.54081733866747,186.5648453689651,187.48089599609375,69797200
2016-11-18 00:00:00-05:00,187.5493021104357,187.72052266465573,186.881519741383,187.06130981445312,86265800
2016-11-21 00:00:00-05:00,187.63494794012425,188.49962042400998,187.48940978323023,188.47393798828125,72402600
2016-11-22 00:00:00-05:00,188.7821371419699,189.02184858031546,188.11436769753672,188.84207153320312,67429000
2016-11-23 00:00:00-05:00,188.3283891520488,188.9961585697166,188.13148613486294,188.94479370117188,56620200
2016-11-25 00:00:00-05:00,189.28728337550007,189.6810894836144,189.2102229949598,189.6468505859375,37872300
2016-11-28 00:00:00-05:00,189.33858953652754,189.61253982287272,188.65369422572732,188.7564239501953,76572500
2016-11-29 00:00:00-05:00,188.7907185282828,189.5783437413918,188.49107267987097,189.12460327148438,69886700
2016-11-30 00:00:00-05:00,189.74101303143192,189.90367717850862,188.61093352329578,188.67086791992188,113291800
2016-12-01 00:00:00-05:00,188.97053241172634,188.97053241172634,187.6178671962816,187.97744750976562,79040500
2016-12-02 00:00:00-05:00,188.06303777935497,188.55958672629782,187.7120270139356,188.07159423828125,74840300
2016-12-05 00:00:00-05:00,188.9019533541829,189.54404022902824,188.7050503702851,189.20159912109375,67837800
2016-12-06 00:00:00-05:00,189.39004745119223,189.83523158143706,188.91062441706606,189.8009796142578,59877400
2016-12-07 00:00:00-05:00,189.6468370623224,192.34359747994642,189.52698133405676,192.28367614746094,110738100
2016-12-08 00:00:00-05:00,192.25791992792747,193.22532184078057,191.99251307270586,192.75445556640625,99714400
2016-12-09 00:00:00-05:00,192.97716425395544,193.93601025981906,192.94291228900482,193.91888427734375,88005800
2016-12-12 00:00:00-05:00,193.82468599748915,194.30412200195045,193.27677219854309,193.69627380371094,102016100
2016-12-13 00:00:00-05:00,194.35549606822372,195.48556261678567,194.33837008714514,194.989013671875,110477500
2016-12-14 00:00:00-05:00,194.68934251772694,195.39135084417444,192.94285856387455,193.37948608398438,142501800
2016-12-15 00:00:00-05:00,193.6192042449696,195.0317904674374,193.3880492594279,194.17567443847656,124972600
2016-12-16 00:00:00-05:00,194.6312573112015,194.6915449704416,193.47730315707153,193.79592895507812,156420200
2016-12-19 00:00:00-05:00,193.97680164061245,194.63990026889914,193.8304056313038,194.21792602539062,90341100
2016-12-20 00:00:00-05:00,194.75179627515462,195.11349590689724,194.51929197797907,194.9670867919922,89838800
2016-12-21 00:00:00-05:00,194.8379452358374,195.0101750455565,194.42459106445312,194.42459106445312,67909000
2016-12-22 00:00:00-05:00,194.27814076185035,194.39870290898173,193.69254380414898,194.08868408203125,56219100
2016-12-23 00:00:00-05:00,194.13175682131336,194.38150117720235,193.94231325723612,194.37289428710938,36697800
2016-12-27 00:00:00-05:00,194.63982731069177,195.25124493566398,194.62260039243822,194.85511779785156,42672500
2016-12-28 00:00:00-05:00,195.1134995195581,195.1307133002148,193.13282409992078,193.24476623535156,64095000
2016-12-29 00:00:00-05:00,193.31369386357355,193.6667735318223,192.7625505615506,193.20175170898438,48696100
2016-12-30 00:00:00-05:00,193.52890554358686,193.6150269876709,191.80658178420566,192.49551391601562,108998300
2017-01-03 00:00:00-05:00,193.79588148560507,194.47620679182577,192.79694359971245,193.96812438964844,91366500
2017-01-04 00:00:00-05:00,194.29539466616654,195.26851207345445,194.28678777541126,195.1221160888672,78744400
2017-01-05 00:00:00-05:00,194.85514465863406,195.12210279706622,194.17481926686474,194.9670867919922,78379000
2017-01-06 00:00:00-05:00,195.07903007244784,196.12964878124782,194.53649379847863,195.6646270751953,71559900
2017-01-09 00:00:00-05:00,195.4062733251903,195.54406239938967,194.98429921306328,195.0187530517578,46939700
2017-01-10 00:00:00-05:00,195.0359668308157,195.87129502525147,194.63121963803593,195.0187530517578,63771900
2017-01-11 00:00:00-05:00,194.93271193105574,195.56997680664062,194.26961323594801,195.56997680664062,74650000
2017-01-12 00:00:00-05:00,195.05316094644505,195.26845141106583,193.72697746610726,195.07899475097656,72113200
2017-01-13 00:00:00-05:00,195.25124681761267,195.8282237519275,195.2168061210621,195.52682495117188,62717900
2017-01-17 00:00:00-05:00,194.88960402791093,195.29435128955922,194.45041606199737,194.8379364013672,61240800
2017-01-18 00:00:00-05:00,195.08765908587074,195.31156964479436,194.53651585975967,195.2685089111328,54793300
2017-01-19 00:00:00-05:00,195.34600995331297,195.48379904463542,194.11455444288248,194.54513549804688,66608800
2017-01-20 00:00:00-05:00,195.2254643669878,195.75077382452264,194.59681965232878,195.25991821289062,129168600
2017-01-23 00:00:00-05:00,195.25988085598757,195.32015536434764,193.9939716372401,194.7517852783203,75061600
2017-01-24 00:00:00-05:00,194.967083306671,196.41384238690753,194.855141175314,196.00048828125,95555300
2017-01-25 00:00:00-05:00,196.9477557982735,197.6969757080078,196.7841329083282,197.6969757080078,84437700
2017-01-26 00:00:00-05:00,197.55056992098218,197.8175411955517,197.21471724555164,197.49029541015625,59970700
2017-01-27 00:00:00-05:00,197.56783347843495,197.7142294779201,196.9994632637566,197.18031311035156,59711100
2017-01-30 00:00:00-05:00,196.49139014809327,196.51722396452,194.97574930978664,195.9574737548828,79737300
2017-01-31 00:00:00-05:00,195.46657427051073,196.00050372017813,194.898217258071,195.94021606445312,75880800
2017-02-01 00:00:00-05:00,195.94021401779992,196.8530437527953,195.43213152610113,196.01771545410156,79117700
2017-02-02 00:00:00-05:00,196.01766841614332,196.43103559113922,195.3287494050592,196.1468505859375,69657600
2017-02-03 00:00:00-05:00,197.05110656225563,197.6797511793912,196.74108769868505,197.4989013671875,80563200
2017-02-06 00:00:00-05:00,197.09416062482688,197.4903009625108,196.80997556219742,197.1458282470703,57790100
2017-02-07 00:00:00-05:00,197.53340874635316,197.77453313445136,196.96503848571015,197.1544952392578,57931200
2017-02-08 00:00:00-05:00,197.1544447735918,197.54196507382068,196.61190846909716,197.4127960205078,51566200
2017-02-09 00:00:00-05:00,197.41278823132038,198.88536794214565,197.41278823132038,198.58396911621094,65955200
2017-02-10 00:00:00-05:00,198.9284572962501,199.5915558331859,198.60121147329366,199.36764526367188,66015900
2017-02-13 00:00:00-05:00,199.85850903956066,200.71106428018317,199.83267522684102,200.4527130126953,55182100
2017-02-14 00:00:00-05:00,200.2718463350098,201.26219058701622,199.92738676753206,201.25357055664062,71109000
2017-02-15 00:00:00-05:00,201.03827471556946,202.49364065914128,200.98660709584573,202.30418395996094,86785800
2017-02-16 00:00:00-05:00,202.3300674218224,202.51091727552614,201.38279683374938,202.1320037841797,84722400
2017-02-17 00:00:00-05:00,201.4688526018663,202.45057678222656,201.45162568212956,202.45057678222656,77204100
2017-02-21 00:00:00-05:00,202.8209064325544,203.82846453736573,202.81228640155743,203.65623474121094,88946100
2017-02-22 00:00:00-05:00,203.25147490734517,203.69926972156108,203.08785201202807,203.47537231445312,62115200
2017-02-23 00:00:00-05:00,203.99210316217946,204.00931694491763,202.85536276743795,203.61318969726562,74615900
2017-02-24 00:00:00-05:00,202.76921937918132,203.91455332700036,202.72615864919575,203.8715057373047,82381600
2017-02-27 00:00:00-05:00,203.78539254474492,204.36236955714747,203.535661325161,204.1901397705078,56515400
2017-02-28 00:00:00-05:00,203.81122209260744,204.05234641691743,203.25147201266427,203.6389923095703,96961900
2017-03-01 00:00:00-05:00,205.29242616150023,206.95447579618843,205.27519924075014,206.48944091796875,149158200
2017-03-02 00:00:00-05:00,206.29999552679604,206.30861555778915,205.13743454805757,205.18910217285156,70246000
2017-03-03 00:00:00-05:00,205.10293156730737,205.48184491207374,204.724018222541,205.31822204589844,81974300
2017-03-06 00:00:00-05:00,204.52598307687302,205.05989933306515,204.10400894970482,204.7068328857422,55391500
2017-03-07 00:00:00-05:00,204.40546264673017,204.75854230642355,203.88876006472563,204.09544372558594,65103700
2017-03-08 00:00:00-05:00,204.38824297183825,204.64659427200291,203.57874836345906,203.71653747558594,78168800
2017-03-09 00:00:00-05:00,203.83706442731702,204.30209931528373,203.01035617805067,203.974853515625,90683900
2017-03-10 00:00:00-05:00,204.9306994773639,204.97376020064905,203.7422918441906,204.6895751953125,81991700
2017-03-13 00:00:00-04:00,204.62933059248675,204.83601422355267,204.30209793532902,204.79295349121094,57256800
2017-03-14 00:00:00-04:00,204.2504474886715,204.3021282593268,203.39790530710178,204.0093231201172,59880800
2017-03-15 00:00:00-04:00,204.57768905340063,206.1966781857777,204.34517158134187,205.7747039794922,96081800
2017-03-16 00:00:00-04:00,205.91243981213134,205.98994123600284,205.04267095023275,205.36990356445312,78344000
2017-03-17 00:00:00-04:00,205.63195134954955,205.82223223414456,205.00921630859375,205.00921630859375,89002100
2017-03-20 00:00:00-04:00,205.00928004947667,205.2947014651116,204.3952023470911,204.78440856933594,52537000
2017-03-21 00:00:00-04:00,205.38983785536394,205.51092452648842,202.02534406755785,202.1550750732422,131809300
2017-03-22 00:00:00-04:00,202.18968445195426,202.91620449898713,201.56694921236672,202.6307830810547,97569200
2017-03-23 00:00:00-04:00,202.63077792289533,203.54757889187846,202.04264643239952,202.41455078125,100410300
2017-03-24 00:00:00-04:00,202.7172732379335,203.2881028594989,201.48910466205444,202.26751708984375,112504900
2017-03-27 00:00:00-04:00,200.5982540724432,202.31942701311294,200.3214901709673,202.05995178222656,87454500
2017-03-28 00:00:00-04:00,201.75719325688067,203.95405486324012,201.64475093774175,203.53025817871094,93483900
2017-03-29 00:00:00-04:00,203.24483095448198,203.95404898429783,203.01994632268642,203.72052001953125,61950400
2017-03-30 00:00:00-04:00,203.65996842333578,204.56812482226906,203.48698939436136,204.3691864013672,56737900
2017-03-31 00:00:00-04:00,204.03191476196116,204.55950948750663,203.84163383160336,203.89353942871094,73733100
2017-04-03 00:00:00-04:00,203.94546381276962,204.14438910844746,202.3107869801188,203.53895568847656,85546500
2017-04-04 00:00:00-04:00,203.25344208881862,203.75509046575343,202.87288034097477,203.66859436035156,56466200
2017-04-05 00:00:00-04:00,204.34332411644053,205.32067516778423,202.85568010097163,203.06326293945312,108800600
2017-04-06 00:00:00-04:00,203.2016094614245,204.15300091336346,202.76049767058808,203.63406372070312,69135800
2017-04-07 00:00:00-04:00,203.38323508840378,204.11841261621606,202.94213649019045,203.42648315429688,74412300
2017-04-10 00:00:00-04:00,203.56483299048935,204.3432452387694,203.01993649822074,203.5475311279297,67615300
2017-04-11 00:00:00-04:00,203.16703137404872,203.40920473401556,201.8177760263882,203.305419921875,88045300
2017-04-12 00:00:00-04:00,203.02864167040403,203.21892261084852,202.18967930502347,202.41455078125,81864400
2017-04-13 00:00:00-04:00,202.0771889279115,202.81236631371326,201.09983825683594,201.09983825683594,92880400
2017-04-17 00:00:00-04:00,201.6187589333394,202.88153076171875,201.41983373482805,202.88153076171875,68405400
2017-04-18 00:00:00-04:00,202.1464378130178,202.81242112623795,201.59289684029733,202.2761688232422,83225800
2017-04-19 00:00:00-04:00,202.83835390279546,203.2102582391283,201.67936643251812,201.9042510986328,68699900
2017-04-20 00:00:00-04:00,202.5182880636242,203.98864283974876,202.19827619226862,203.5475311279297,92572200
2017-04-21 00:00:00-04:00,203.46976868224397,203.52166109188718,202.5010751756791,202.89892578125,110389800
2017-04-24 00:00:00-04:00,205.1389543909375,205.33789281192935,202.87289875620314,205.13031005859375,119209900
2017-04-25 00:00:00-04:00,205.77041834716968,206.66991752867415,205.68392220391834,206.32395935058594,76698300
2017-04-26 00:00:00-04:00,206.28933907936556,207.17154951947384,206.15096373769677,206.19419860839844,84702500
2017-04-27 00:00:00-04:00,206.51420510170553,206.66988229606818,205.83091999989713,206.36717224121094,57410300
2017-04-28 00:00:00-04:00,206.62665285973316,206.65259906113272,205.78769048792753,205.9174346923828,63532800
2017-05-01 00:00:00-04:00,206.4363555908203,206.8601655092565,206.02120320380425,206.4363555908203,66882500
2017-05-02 00:00:00-04:00,206.57475792811164,206.69584459897976,206.10771311117955,206.51422119140625,57375700
2017-05-03 00:00:00-04:00,206.51419754423213,206.60933800312412,205.58873915342298,206.26336669921875,73137700
2017-05-04 00:00:00-04:00,206.56611939387074,206.64395799930222,205.6579627381305,206.5055694580078,61462700
2017-05-05 00:00:00-04:00,206.87745917038717,207.33585960395547,206.4363474040606,207.3185577392578,62001300
2017-05-08 00:00:00-04:00,207.3618199234985,207.50885278980158,206.86017139275205,207.2839813232422,48385700
2017-05-09 00:00:00-04:00,207.54346036253196,207.7423856326874,206.74773288699615,207.0937042236328,51363200
2017-05-10 00:00:00-04:00,207.05049997146165,207.4656524658203,206.8429171255524,207.4656524658203,54293800
2017-05-11 00:00:00-04:00,207.0158781386859,207.20615908597674,205.96068859369421,207.0418243408203,62358300
2017-05-12 00:00:00-04:00,206.79098702830493,207.0850527749916,206.42772701225834,206.6958465576172,53912700
2017-05-15 00:00:00-04:00,207.11964874350585,207.9586110815385,207.10234687745015,207.8375244140625,61918900
2017-05-16 00:00:00-04:00,208.13154811015895,208.15749430527327,207.25799541391686,207.64720153808594,51241800
2017-05-17 00:00:00-04:00,207.64727473166946,207.64727473166946,203.90221861310798,203.9627685546875,172174100
2017-05-18 00:00:00-04:00,203.88489625385785,205.63201528405148,203.6254210398754,204.78440856933594,107047700
2017-05-19 00:00:00-04:00,205.268726412231,206.7823162173544,205.21683401621968,206.1163330078125,115011400
2017-05-22 00:00:00-04:00,206.62660489049898,207.32719175801526,206.55742383446582,207.16285705566406,61010600
2017-05-23 00:00:00-04:00,207.53482648845247,207.78565738578942,207.15426457349884,207.62132263183594,48341700
2017-05-24 00:00:00-04:00,207.85486465748568,208.20946719362954,207.51753759567328,208.10568237304688,46927700
2017-05-25 00:00:00-04:00,208.61594932157783,209.37707310415792,208.40837970629798,209.1002960205078,64071700
2017-05-26 00:00:00-04:00,208.90999129615258,209.2213588810894,208.83215269928246,209.05703735351562,46629900
2017-05-30 00:00:00-04:00,208.73702345379505,209.12622965651605,208.58134625168944,208.8754119873047,35201900
2017-05-31 00:00:00-04:00,209.1695208296843,209.20412456892151,208.13163300938263,208.8235626220703,91796000
2017-06-01 00:00:00-04:00,209.28190858500193,210.5014327244796,208.9964871993291,210.484130859375,68962000
2017-06-02 00:00:00-04:00,210.5360110522851,211.34038276481593,210.2419453498353,211.1846923828125,88666100
2017-06-05 00:00:00-04:00,211.0116898370438,211.29711117438754,210.83005327784178,211.02899169921875,44698800
2017-06-06 00:00:00-04:00,210.4668602986055,211.02040128717894,210.2765793465217,210.35443115234375,50375400
2017-06-07 00:00:00-04:00,210.69169891436508,210.9684627494031,210.02571572770137,210.74359130859375,54144300
2017-06-08 00:00:00-04:00,210.83878303284237,211.32312976002748,210.31983256945347,210.84742736816406,65950700
2017-06-09 00:00:00-04:00,211.11556689923026,211.91128134020343,209.26466276105234,210.52743530273438,132256400
2017-06-12 00:00:00-04:00,210.28520560176892,210.53602325723256,209.63652423363692,210.484130859375,86108100
2017-06-13 00:00:00-04:00,211.02039298829786,211.565289620332,210.6744348330919,211.51339721679688,60067000
2017-06-14 00:00:00-04:00,211.78147826011883,211.79012259331708,210.423565693046,211.2452392578125,78602300
2017-06-15 00:00:00-04:00,209.89595445720175,210.95980124210382,209.61919064469484,210.83871459960938,66464900
2017-06-16 00:00:00-04:00,210.99783260155976,211.04997806682266,210.00702897611282,210.8848419189453,84553100
2017-06-19 00:00:00-04:00,211.71051597210155,212.70131962832218,211.61491152887774,212.64048767089844,65123800
2017-06-20 00:00:00-04:00,212.2840964967575,212.29278298541092,211.18900214476346,211.2063751220703,56906400
2017-06-21 00:00:00-04:00,211.59751403942832,211.7104914506489,210.684928689232,211.1542510986328,55977600
2017-06-22 00:00:00-04:00,211.1629284400103,211.65832352725792,210.8848016626108,211.05862426757812,44148100
2017-06-23 00:00:00-04:00,211.11946010978448,211.64092790155846,210.73704243872845,211.3106689453125,66986800
2017-06-26 00:00:00-04:00,211.97987454289122,212.3970646667427,211.2411252311376,211.44970703125,56700500
2017-06-27 00:00:00-04:00,211.23246021410642,211.5279732492118,209.72887535654044,209.7462615966797,82247700
2017-06-28 00:00:00-04:00,210.76314106699724,211.82347628093936,210.52847323786168,211.6235809326172,70042600
2017-06-29 00:00:00-04:00,211.77132102248703,211.82346647947858,208.55555631046235,209.76364135742188,106949700
2017-06-30 00:00:00-04:00,210.57193157446784,210.94566280210128,209.96354578022047,210.15475463867188,86820700
2017-07-03 00:00:00-04:00,211.09339088533196,211.5279540165934,210.51107788085938,210.51107788085938,39153800
2017-07-05 00:00:00-04:00,210.87614082870252,211.20639983977458,210.06784638763787,210.99781799316406,54427600
2017-07-06 00:00:00-04:00,210.23295488728553,210.35463203575168,208.88580650381542,209.06832885742188,65400800
2017-07-07 00:00:00-04:00,209.64194027036658,210.57189842478374,209.0770002732185,210.4241485595703,57972300
2017-07-10 00:00:00-04:00,210.42417841054788,211.023877706191,210.1199788872515,210.650146484375,36663300
2017-07-11 00:00:00-04:00,210.65013448651465,210.80658411472686,209.3290720753313,210.4936981201172,50354600
2017-07-12 00:00:00-04:00,211.4584586799916,212.24066714602068,211.4584586799916,212.07553100585938,59610400
2017-07-13 00:00:00-04:00,212.08422425743714,212.54486018070784,211.85824290969333,212.43186950683594,39471600
2017-07-14 00:00:00-04:00,212.43188011754648,213.7790287344336,212.33627567991405,213.4226837158203,60262700
2017-07-17 00:00:00-04:00,213.34446098258874,213.72687872498506,213.2227838156278,213.3966064453125,33531900
2017-07-18 00:00:00-04:00,212.988101404327,213.56172797868854,212.64914265798896,213.50958251953125,42742500
2017-07-19 00:00:00-04:00,213.8224433044374,214.67418331440118,213.81374355439402,214.66549682617188,51034300
2017-07-20 00:00:00-04:00,214.9175294927569,215.03920663244577,214.21353938014167,214.76109313964844,47135200
2017-07-21 00:00:00-04:00,214.18749805873117,214.59598850082523,213.96151672202305,214.56991577148438,82340800
2017-07-24 00:00:00-04:00,214.4917057542839,214.65684189782053,214.04845604938308,214.51779174804688,46622300
2017-07-25 00:00:00-04:00,215.26519841336034,215.36950258874876,214.81326227999904,215.0392303466797,54915600
2017-07-26 00:00:00-04:00,215.3259935418868,215.36075275105551,214.78713959799367,215.04786682128906,47575400
2017-07-27 00:00:00-04:00,215.50859755944205,215.54335678178802,213.5269770784798,214.84805297851562,70766600
2017-07-28 00:00:00-04:00,214.37001170050198,214.72635669145512,213.91807554115323,214.5959930419922,50088400
2017-07-31 00:00:00-04:00,214.9957720304814,215.09137645548512,214.26570910962465,214.47430419921875,65838700
2017-08-01 00:00:00-04:00,215.074008699399,215.10876791760106,214.43085043723022,214.95233154296875,55050400
2017-08-02 00:00:00-04:00,215.08266757439077,215.19565822721768,214.12662342388683,215.0565948486328,47211200
2017-08-03 00:00:00-04:00,214.9436057790186,214.9696785049686,214.3612927964457,214.63941955566406,40856000
2017-08-04 00:00:00-04:00,215.12613725672801,215.3607918002414,214.64811515765828,215.03053283691406,60191800
2017-08-07 00:00:00-04:00,215.10006939833806,215.43032836914062,214.99576522593466,215.43032836914062,31995000
2017-08-08 00:00:00-04:00,215.11742804149972,216.33421271848638,214.52642857179112,214.900146484375,61719400
2017-08-09 00:00:00-04:00,214.2135620334,214.94362494873806,213.85721706455107,214.8914794921875,62632600
2017-08-10 00:00:00-04:00,214.05711915685916,214.18749606416483,211.8060851326242,211.8582305908203,120479500
2017-08-11 00:00:00-04:00,212.08422263855766,212.762140152982,211.84955480300584,212.17112731933594,74869900
2017-08-14 00:00:00-04:00,213.4487314454998,214.491680385441,213.4139722276217,214.27439880371094,73291900
2017-08-15 00:00:00-04:00,214.65676609549627,214.67415233125965,213.9440895709437,214.24827575683594,55242700
2017-08-16 00:00:00-04:00,214.76977439774194,215.16957828230625,214.19614792668534,214.6220245361328,56715500
2017-08-17 00:00:00-04:00,214.013680686834,214.32656670840692,211.2759246826172,211.2759246826172,128490400
2017-08-18 00:00:00-04:00,211.11078631966924,212.23196674420893,210.5024005235471,210.94566345214844,136748000
2017-08-21 00:00:00-04:00,210.88482598104898,211.37153463580879,210.18083572957025,211.1107940673828,65469700
2017-08-22 00:00:00-04:00,211.6931125941719,213.47481101197403,211.67572635376834,213.31837463378906,63140100
2017-08-23 00:00:00-04:00,212.35360200555618,212.97937391862,212.20585214577906,212.55349731445312,50203800
2017-08-24 00:00:00-04:00,212.93594879691088,213.0923851691312,211.84954089488582,212.05813598632812,50741700
2017-08-25 00:00:00-04:00,212.84899703400743,213.46608245948897,212.405747454676,212.55349731445312,64445900
2017-08-28 00:00:00-04:00,213.08366257173552,213.1097352960207,212.14500471202982,212.56219482421875,40565600
2017-08-29 00:00:00-04:00,211.24979876540687,213.06626922634067,211.13680812273213,212.8055419921875,51135700
2017-08-30 00:00:00-04:00,212.78824931908295,214.0832526193116,212.60572691310801,213.81381225585938,62030800
2017-08-31 00:00:00-04:00,214.43086661448717,215.34345198746985,213.84855351750988,215.10009765625,103803900
2017-09-01 00:00:00-04:00,215.47378279149711,215.83012774424623,215.25650122447658,215.4042510986328,62007000
2017-09-05 00:00:00-04:00,214.9001417922281,215.12612309426453,212.8924623701218,213.85719299316406,91398800
2017-09-06 00:00:00-04:00,214.53513481681557,214.91755251446293,214.00496723813447,214.5872802734375,57916900
2017-09-07 00:00:00-04:00,214.89149051924016,214.9088767595875,214.15272781535776,214.56121826171875,58034700
2017-09-08 00:00:00-04:00,214.27440110391774,214.76980948125174,214.06581927077957,214.30917358398438,63832800
2017-09-11 00:00:00-04:00,215.57811163769642,216.67321941576003,215.56073865778382,216.59500122070312,71364800
2017-09-12 00:00:00-04:00,216.95999602215846,217.3597866815819,216.7774736694203,217.3250274658203,56896000
2017-09-13 00:00:00-04:00,217.03826280691024,217.4641395507926,216.92527212220693,217.4293670654297,59228000
2017-09-14 00:00:00-04:00,217.10777668488015,217.55972612475762,216.93395405779384,217.3598175048828,95446300
2017-09-15 00:00:00-04:00,217.21566977959978,217.7397254791433,217.11086130521687,217.6523895263672,95432400
2017-09-18 00:00:00-04:00,218.01929280014022,218.46474226707042,217.73105608825622,218.11537170410156,46235200
2017-09-19 00:00:00-04:00,218.35992710062743,218.4210742774791,218.01055654831933,218.33372497558594,47108100
2017-09-20 00:00:00-04:00,218.42102014628162,218.52582862047296,217.41655673397517,218.4122772216797,59574100
2017-09-21 00:00:00-04:00,218.25507757696303,218.34241353480814,217.65240215902375,217.82708740234375,48211400
2017-09-22 00:00:00-04:00,217.53011717373215,218.03671369942697,217.5039150540953,217.87075805664062,51214000
2017-09-25 00:00:00-04:00,217.61749654587692,217.9668804234547,216.6829229945747,217.4253387451172,57064400
2017-09-26 00:00:00-04:00,217.8532711530073,218.0978331385597,217.32047254284774,217.55630493164062,54082000
2017-09-27 00:00:00-04:00,218.25506607895477,218.78786470597146,217.37288365607444,218.40354919433594,81001400
2017-09-28 00:00:00-04:00,218.12407725765934,218.74422526534195,218.0367412903613,218.66561889648438,44778800
2017-09-29 00:00:00-04:00,218.65684347170293,219.51282378636614,218.47342863829596,219.4342041015625,85578000
2017-10-02 00:00:00-04:00,219.66131981077575,220.3862762451172,219.48662123661734,220.3862762451172,59023000
2017-10-03 00:00:00-04:00,220.3862739216219,220.8841275353606,220.30765423302748,220.85792541503906,66810200
2017-10-04 00:00:00-04:00,220.70944693575927,221.36452661284386,220.59589552688965,221.11996459960938,55953600
2017-10-05 00:00:00-04:00,221.4518382143416,222.44755868087944,221.1548719920263,222.4300994873047,63522800
2017-10-06 00:00:00-04:00,221.9846763219045,222.4650707832565,221.7226550953771,222.1768341064453,80646000
2017-10-09 00:00:00-04:00,222.40394345392528,222.46507729936198,221.54796299676016,221.80999755859375,35803100
2017-10-10 00:00:00-04:00,222.37774343936067,222.77078862202265,221.836201785734,222.39520263671875,43057400
2017-10-11 00:00:00-04:00,222.29908992244182,222.7445526123047,222.13314760699538,222.7445526123047,47674300
2017-10-12 00:00:00-04:00,222.43013121510202,222.77950172323375,222.1768262682205,222.41265869140625,47065100
2017-10-13 00:00:00-04:00,222.84942737212296,222.96297880960688,222.41270747734904,222.6834716796875,54800400
2017-10-16 00:00:00-04:00,222.91052901548102,223.1725502367093,222.56988810025342,222.9803924560547,38221700
2017-10-17 00:00:00-04:00,222.92795822456165,223.1812631411833,222.70959835115698,223.13758850097656,31561000
2017-10-18 00:00:00-04:00,223.5131697489327,223.5568443908322,223.1637992689959,223.35595703125,40888300
2017-10-19 00:00:00-04:00,222.57863488865067,223.4520745672181,222.1593875746752,223.41712951660156,61903800
2017-10-20 00:00:00-04:00,224.21196630472966,224.59628187884428,223.3996605089635,224.57005310058594,89176400
2017-10-23 00:00:00-04:00,224.89321349255337,224.91941561151043,223.617972622621,223.6965789794922,63915300
2017-10-24 00:00:00-04:00,224.12462095301717,224.32549501443242,223.73156244590075,224.0896759033203,66935900
2017-10-25 00:00:00-04:00,223.75775317683716,223.87130459112328,221.85366122188066,222.9803924560547,103715300
2017-10-26 00:00:00-04:00,223.59178214127675,223.86253292591013,223.14631946711546,223.2686004638672,69798000
2017-10-27 00:00:00-04:00,224.01108998639089,225.25138613887677,223.27740380734522,225.09414672851562,85562500
2017-10-30 00:00:00-04:00,224.01105321483814,224.99804421858872,223.95864897174172,224.255615234375,54285700
2017-10-31 00:00:00-04:00,224.63118258968325,224.858285407945,224.30801421308635,224.60498046875,60304800
2017-11-01 00:00:00-04:00,225.38238536234172,225.72301298114465,224.53514779573626,224.9019775390625,54202700
2017-11-02 00:00:00-04:00,224.83212135422747,225.12908766017168,223.76652383042074,224.9893341064453,56449500
2017-11-03 00:00:00-04:00,225.14650410247782,225.7841245724056,224.73598644613577,225.74046325683594,59589700
2017-11-06 00:00:00-05:00,225.60945120754656,226.220869625396,225.53958776377712,226.08985900878906,49652600
2017-11-07 00:00:00-05:00,226.19465366347248,226.5265649754122,225.42602255271962,225.93263244628906,57502200
2017-11-08 00:00:00-05:00,225.75790711573666,226.4129867363392,225.47840008035098,226.31689453125,50469600
2017-11-09 00:00:00-05:00,225.11156462700185,225.68803787692877,223.91493016041056,225.49588012695312,95085500
2017-11-10 00:00:00-05:00,225.1116151635526,225.60073924506818,224.79716302242787,225.42604064941406,59984700
2017-11-13 00:00:00-05:00,224.74478219430358,225.86278401930667,224.70983714047864,225.63568115234375,50228600
2017-11-14 00:00:00-05:00,224.8320804677906,225.21639600683287,224.05470646441782,225.11158752441406,61315200
2017-11-15 00:00:00-05:00,224.14207601909382,224.66614513383567,223.27737930569037,223.98486328125,80811500
2017-11-16 00:00:00-05:00,224.9281576360003,226.2558028958665,224.8844963178253,225.88894653320312,67777000
2017-11-17 00:00:00-05:00,225.53954973835357,225.86271808991955,225.14649129953867,225.22509765625,75756800
2017-11-20 00:00:00-05:00,225.46967865833645,225.80156326810715,225.22509001652006,225.60940551757812,48075500
2017-11-21 00:00:00-05:00,226.37808728873543,227.26901281156458,225.57453771922826,227.0855712890625,69176800
2017-11-22 00:00:00-05:00,227.09430631489215,227.22531692979058,226.7187336670959,226.8846893310547,45033400
2017-11-24 00:00:00-05:00,227.37381878799133,227.51357233228404,227.23406524369858,227.4087371826172,27856500
2017-11-27 00:00:00-05:00,227.45236345579315,227.74932966113093,227.09425009355337,227.29515075683594,52274900
2017-11-28 00:00:00-05:00,227.75812937033317,229.62727634177566,227.6620371490641,229.60107421875,98971700
2017-11-29 00:00:00-05:00,229.73209840085838,230.26491047419557,229.015898110774,229.46133422851562,77512100
2017-11-30 00:00:00-05:00,230.3784913819879,232.37864934265127,230.29988499820908,231.4702911376953,127894400
2017-12-01 00:00:00-05:00,231.25190080537664,231.73228197266988,227.7581420461125,230.98985290527344,164390900
2017-12-04 00:00:00-05:00,232.6056759761227,233.03365281038865,230.6578962545037,230.7103271484375,94040600
2017-12-05 00:00:00-05:00,229.8805694580078,231.59250360309943,229.74955884962907,229.8805694580078,77994500
2017-12-06 00:00:00-05:00,229.97670540685155,230.35230480617656,229.46137908599778,229.92430114746094,75898600
2017-12-07 00:00:00-05:00,230.64918518066406,230.9636106197974,229.66219423795215,230.64918518066406,77218600
2017-12-08 00:00:00-05:00,231.60124271960038,231.91566817453804,230.61425172727832,231.90695190429688,76563900
2017-12-11 00:00:00-05:00,232.60569763183594,232.66684480106926,231.88075449249916,232.60569763183594,83077500
2017-12-12 00:00:00-05:00,233.39176216427342,233.4878543703505,232.64061698611724,233.0161895751953,85195800
2017-12-13 00:00:00-05:00,233.2607696276706,233.69748941303737,232.90265620503862,232.99000549316406,102905400
2017-12-14 00:00:00-05:00,233.28699142018422,233.4005428387963,231.98557487973446,232.03797912597656,100666700
2017-12-15 00:00:00-05:00,233.03965390050294,234.43551820355714,232.9869817978599,233.97023010253906,144610300
2017-12-18 00:00:00-05:00,235.36613793134373,235.80509006221476,235.2607937065766,235.4539337158203,83653600
2017-12-19 00:00:00-05:00,235.6997350038883,235.74361949835358,234.47943527623028,234.5496826171875,82382900
2017-12-20 00:00:00-05:00,235.5154117674613,235.56808388993463,234.12833455646833,234.42681884765625,76751500
2017-12-21 00:00:00-05:00,235.05005956036698,235.6207187178105,234.66377957294816,234.9095916748047,67032300
2017-12-22 00:00:00-05:00,234.92718321653447,234.9623068882412,234.31263952346958,234.84817504882812,78720900
2017-12-26 00:00:00-05:00,234.44426502174645,234.78666045998,234.30382395075893,234.5671844482422,45244400
2017-12-27 00:00:00-05:00,234.73405333966332,235.04132519945648,234.4092330390153,234.68138122558594,57751000
2017-12-28 00:00:00-05:00,235.181775060121,235.20811111513945,234.7954950588432,235.16419982910156,45116100
2017-12-29 00:00:00-05:00,235.74363881357894,235.7611872545007,234.0844136307907,234.27752685546875,96007400
2018-01-02 00:00:00-05:00,235.13788587052997,235.98945411816476,234.75160583295255,235.95433044433594,86655700
2018-01-03 00:00:00-05:00,236.12107258166156,237.59597178965154,236.12107258166156,237.44671630859375,90070400
2018-01-04 00:00:00-05:00,238.08763838347974,238.93041894439426,237.50821837550382,238.4475555419922,80636400
2018-01-05 00:00:00-05:00,239.2376944978411,240.1594832389474,238.74607026371623,240.03659057617188,83524000
2018-01-08 00:00:00-05:00,239.94006554471255,240.63361756894395,239.65036886151196,240.47560119628906,57319200
2018-01-09 00:00:00-05:00,240.89690172182273,241.64312563339757,240.6159659541577,241.0198211669922,57254000
2018-01-10 00:00:00-05:00,240.2647973076733,240.9144645859903,239.59760838310203,240.6510772705078,69574300
2018-01-11 00:00:00-05:00,241.20416646404138,242.40689086914062,241.0373625313552,242.40689086914062,62361500
2018-01-12 00:00:00-05:00,242.67031094880144,244.15394452208946,242.37179991942867,243.98716735839844,90816100
2018-01-16 00:00:00-05:00,245.2426305239513,245.8922712888522,242.45966143561077,243.15321350097656,106555100
2018-01-17 00:00:00-05:00,244.0837329224632,245.85708997416316,243.1531565021984,245.47080993652344,113258800
2018-01-18 00:00:00-05:00,245.35662013203756,245.777996906449,244.56648509700818,245.05813598632812,100728000
2018-01-19 00:00:00-05:00,245.6375450366647,246.17308044433594,245.05815193414344,246.17308044433594,140920100
2018-01-22 00:00:00-05:00,245.96237419359392,248.1746826171875,245.9096753056834,248.1746826171875,91322400
2018-01-23 00:00:00-05:00,248.21865937524475,248.99121946507964,247.89383906281728,248.70152282714844,97084700
2018-01-24 00:00:00-05:00,249.34229457344156,249.93928967925865,247.42847020558543,248.6048583984375,134816100
2018-01-25 00:00:00-05:00,249.46529301349233,249.56184962807964,247.92017284798752,248.7102813720703,84587300
2018-01-26 00:00:00-05:00,249.54424737555524,251.63366347839286,249.28964767784194,251.58975219726562,107743100
2018-01-29 00:00:00-05:00,251.0191331432591,251.45808522868774,249.76373660889539,249.9217529296875,90118300
2018-01-30 00:00:00-05:00,248.0957279260588,249.97442894951632,246.88421586467027,247.35829162597656,131796400
2018-01-31 00:00:00-05:00,248.2097848757737,248.7101697484899,246.41006576538592,247.48110961914062,108364800
2018-02-01 00:00:00-05:00,246.7524977240842,248.49951821002367,246.41010228471623,247.20021057128906,90102500
2018-02-02 00:00:00-05:00,245.88336854660707,246.01507559481632,241.78357140273644,241.81869506835938,173174800
2018-02-05 00:00:00-05:00,240.06291099027115,242.1698756837403,231.1609496616137,231.7052459716797,294681800
2018-02-06 00:00:00-05:00,228.20244317759622,236.77079761721302,227.11385043179706,236.2703857421875,355026800
2018-02-07 00:00:00-05:00,235.7172962159094,239.10599383417136,234.90961250020038,234.9886474609375,167376100
2018-02-08 00:00:00-05:00,235.28711910488605,235.4275869953834,226.13934532363862,226.17446899414062,246449500
2018-02-09 00:00:00-05:00,228.957431978035,231.42434093123214,222.0395551652409,229.5719757080078,283565300
2018-02-12 00:00:00-05:00,231.61741052872057,234.4091657307602,229.7123737697383,232.94305419921875,143736000
2018-02-13 00:00:00-05:00,231.74033205487234,234.06677241807566,231.16091216963022,233.52247619628906,81223600
2018-02-14 00:00:00-05:00,232.03886114791155,237.03413827941714,232.0300735324697,236.6741943359375,120735700
2018-02-15 00:00:00-05:00,238.41248106990378,239.70300148361503,235.95433291489908,239.6942138671875,111200300
2018-02-16 00:00:00-05:00,239.07087926559547,241.70459187762137,239.02696798048893,239.764404296875,160420100
2018-02-20 00:00:00-05:00,238.8162675010244,240.25604318291386,237.47307520829037,238.26318359375,86369700
2018-02-21 00:00:00-05:00,238.7020694980846,241.17776497216042,236.98138532365306,237.07794189453125,98883700
2018-02-22 00:00:00-05:00,237.99975157370844,239.71164809607853,236.71801938711582,237.3852081298828,110511300
2018-02-23 00:00:00-05:00,238.6055718002206,241.16903686523438,238.13149606679718,241.16903686523438,92766400
2018-02-26 00:00:00-05:00,242.24005616182345,244.0661115745576,241.65187545623988,243.9695281982422,86491400
2018-02-27 00:00:00-05:00,244.1538520686274,244.86497890871945,240.86171229126572,240.9231719970703,99099200
2018-02-28 00:00:00-05:00,242.0205723469025,242.46831196768898,238.1665876538822,238.4826202392578,121907800
2018-03-01 00:00:00-05:00,238.27198600532518,239.81710599569337,233.52252099123643,235.0149688720703,176855100
2018-03-02 00:00:00-05:00,233.34696106461368,236.78835783926957,232.48663196458529,236.2264862060547,139083200
2018-03-05 00:00:00-05:00,235.04126616716488,239.571254380669,234.93589517396205,238.9567108154297,97307400
2018-03-06 00:00:00-05:00,239.93120475708733,240.01023971083006,238.0700521582396,239.5625,79213200
2018-03-07 00:00:00-05:00,237.40284479799493,239.82584195994448,237.20970481921924,239.4746856689453,87063500
2018-03-08 00:00:00-05:00,240.15072722480363,240.75648337718926,239.15871780178804,240.6335906982422,66901200
2018-03-09 00:00:00-05:00,242.0381348622031,244.82107543945312,241.72207550192218,244.82107543945312,113625300
2018-03-12 00:00:00-04:00,245.11089605402182,245.7342006175469,244.12762071398598,244.51390075683594,71924800
2018-03-13 00:00:00-04:00,245.67272707268907,246.1731389352705,242.32791395587557,242.9336700439453,91968900
2018-03-14 00:00:00-04:00,243.89057519707148,244.07492758617036,241.1339698102425,241.68702697753906,105895100
2018-03-15 00:00:00-04:00,242.1961590473828,242.83701181881128,240.92318753477184,241.42359924316406,83433000
2018-03-16 00:00:00-04:00,241.9498400999178,242.73431697378314,241.63254174564145,241.6854248046875,100343700
2018-03-19 00:00:00-04:00,240.93615834832266,241.86163857331567,236.7670321345128,238.415283203125,109208400
2018-03-20 00:00:00-04:00,238.81203900501873,239.45548556355632,238.14215091113388,238.82086181640625,59757300
2018-03-21 00:00:00-04:00,238.77675641430042,240.8657182435724,238.15095552635282,238.36248779296875,78709600
2018-03-22 00:00:00-04:00,236.14132741776228,236.98748341572107,232.1308487161802,232.40411376953125,148785900
2018-03-23 00:00:00-04:00,232.84478414512185,233.17090531261704,227.25655645235332,227.45046997070312,183534800
2018-03-26 00:00:00-04:00,231.0466640245638,233.95533970718193,228.6492001841799,233.67327880859375,141956100
2018-03-27 00:00:00-04:00,234.6076373138364,235.13646793923286,228.14681188586164,229.6981201171875,129941400
2018-03-28 00:00:00-04:00,229.83034294898033,231.49624022540982,227.91764906479978,229.01942443847656,146452300
2018-03-29 00:00:00-04:00,230.1564425245714,233.80553513065988,229.0282257239141,231.9457244873047,111601600
2018-04-02 00:00:00-04:00,231.41682631878385,231.9280650176336,224.47124538181424,226.93922424316406,186286300
2018-04-03 00:00:00-04:00,228.17325309173245,230.3239206279813,226.38397108152986,229.8479461669922,119956900
2018-04-04 00:00:00-04:00,226.30459943999386,233.01219315656473,226.17239181131873,232.30706787109375,123715300
2018-04-05 00:00:00-04:00,234.06113617759715,235.02190791920242,232.97700648742247,234.14048767089844,82652600
2018-04-06 00:00:00-04:00,232.18372032516052,233.67329571244264,227.40641101791257,228.92245483398438,179521200
2018-04-09 00:00:00-04:00,230.37681089226027,233.43534029483922,229.11638636610888,230.05068969726562,105442900
2018-04-10 00:00:00-04:00,232.93285743634337,234.49298807649285,231.79584498532407,233.70851135253906,103529000
2018-04-11 00:00:00-04:00,232.22782477620186,234.14051880483157,232.1573229824398,232.4834442138672,91140200
2018-04-12 00:00:00-04:00,233.80555112463333,235.33921379794384,233.6292563098291,234.39608764648438,68890500
2018-04-13 00:00:00-04:00,235.70052919196857,235.81511809760713,232.70370652387035,233.70851135253906,85079200
2018-04-16 00:00:00-04:00,235.33922430803474,236.3969394464726,234.51950987009275,235.6300811767578,63405300
2018-04-17 00:00:00-04:00,237.39291974783774,238.75031455399508,236.8817078046116,238.1509552001953,64682000
2018-04-18 00:00:00-04:00,238.59159420914054,239.12924752533578,237.86882331629653,238.32717895507812,57303900
2018-04-19 00:00:00-04:00,237.67491160741451,237.87764790291487,235.97377736301559,237.0050506591797,77655900
2018-04-20 00:00:00-04:00,236.93451137365278,237.15486637674564,234.11395657454264,234.99537658691406,99953100
2018-04-23 00:00:00-04:00,235.5684025074935,236.12370161096285,233.88488647431987,234.96022033691406,65558000
2018-04-24 00:00:00-04:00,235.98267553861925,236.20303062196353,230.2975036288115,231.79592895507812,112885500
2018-04-25 00:00:00-04:00,231.7341204615188,232.8094538680215,229.9183975306899,232.36874389648438,103840900
2018-04-26 00:00:00-04:00,233.3912538357174,235.5595399175105,232.9505437516809,234.7310028076172,67731900
2018-04-27 00:00:00-04:00,235.33924313749466,235.63892284097292,234.01711255807052,234.951416015625,57053600
2018-04-30 00:00:00-04:00,235.5683758116827,236.12367485222273,233.0739415341474,233.14447021484375,82182300
2018-05-01 00:00:00-04:00,232.58037107286572,233.66452772924058,231.02906273180506,233.5587615966797,74203400
2018-05-02 00:00:00-04:00,233.36485118585458,234.17574281224557,231.60201055601448,231.98983764648438,86368900
2018-05-03 00:00:00-04:00,231.1612782885642,232.1308190231915,228.3318999811481,231.47857666015625,136311500
2018-05-04 00:00:00-04:00,230.5089667454372,235.15406772398305,230.1828456237386,234.47535705566406,91222100
2018-05-07 00:00:00-04:00,235.24218945821275,236.23817143250855,234.55465605655988,235.2686309814453,55304900
2018-05-08 00:00:00-04:00,234.8984227573863,235.6299894993563,233.7085004143144,235.2686309814453,67499200
2018-05-09 00:00:00-04:00,235.93856383142008,237.86887631255698,235.41852911669892,237.54275512695312,59666100
2018-05-10 00:00:00-04:00,238.28316684656053,240.09009464765438,238.17740071163087,239.76394653320312,72063900
2018-05-11 00:00:00-04:00,239.88734702869564,240.75994449971634,239.37610820211677,240.4955291748047,59871500
2018-05-14 00:00:00-04:00,240.92740579766743,241.579648169337,240.06360427665848,240.610107421875,54790600
2018-05-15 00:00:00-04:00,239.38498190453197,239.4026006303343,238.0099681250462,238.95309448242188,87036100
2018-05-16 00:00:00-04:00,238.98825361961775,240.41614984670522,238.9617851943398,239.95779418945312,53942600
2018-05-17 00:00:00-04:00,239.69348210035056,240.83052202568538,238.97953367948904,239.75518798828125,56536400
2018-05-18 00:00:00-04:00,239.41132004082448,239.77270550482476,238.8031380280931,239.15570068359375,64368000
2018-05-21 00:00:00-04:00,240.6365437940962,241.49152248673255,240.24871674390172,240.95384216308594,58025900
2018-05-22 00:00:00-04:00,241.47387347025818,241.72949286311118,239.9578296314086,240.28395080566406,52966400
2018-05-23 00:00:00-04:00,239.01469160518607,240.97144523152645,238.85601554990004,240.94497680664062,64694200
2018-05-24 00:00:00-04:00,240.5484320183078,240.82167017612028,238.67100236063115,240.4514617919922,76043800
2018-05-25 00:00:00-04:00,239.87847900390625,240.5042797541157,239.37606308246154,239.87847900390625,56374800
2018-05-29 00:00:00-04:00,238.25674504247283,239.01478057026313,236.00913379265558,237.1197052001953,115908600
2018-05-30 00:00:00-04:00,238.42416707191094,240.72466091115743,238.35366529050847,240.28395080566406,69678400
2018-05-31 00:00:00-04:00,239.8784614132531,240.17814100262822,238.2125915048435,238.81195068359375,93519900
2018-06-01 00:00:00-04:00,240.10769344433027,241.45626535039463,240.0371647610212,241.15658569335938,71258400
2018-06-04 00:00:00-04:00,241.9763384764614,242.5580791614445,241.73836465484743,242.30245971679688,45385200
2018-06-05 00:00:00-04:00,242.43458106982055,242.8576723897408,241.66774990774505,242.47866821289062,51135000
2018-06-06 00:00:00-04:00,243.08689252902062,244.61173231021175,242.46988760909116,244.50596618652344,62732200
2018-06-07 00:00:00-04:00,244.9906850437545,245.28154179081008,243.57158494161715,244.4794464111328,72969400
2018-06-08 00:00:00-04:00,244.02115556466143,245.25513830214365,243.85368359684531,245.20225524902344,72139700
2018-06-11 00:00:00-04:00,245.4226609959224,246.24237538751734,245.30807205754232,245.52842712402344,58892500
2018-06-12 00:00:00-04:00,245.9426158937768,246.20703112820215,245.2022263385827,245.84567260742188,72329000
2018-06-13 00:00:00-04:00,246.08373004921717,246.33934946200577,244.85854294896512,245.061279296875,79070600
2018-06-14 00:00:00-04:00,245.92501919674507,246.20705317244978,245.0876593814196,245.67822265625,77097600
2018-06-15 00:00:00-04:00,244.89557310376134,245.70127036855243,243.78885054546487,245.3648223876953,120041600
2018-06-18 00:00:00-04:00,243.91282259238102,244.98414962861307,243.43473783628795,244.8601837158203,52917600
2018-06-19 00:00:00-04:00,242.59370048509103,244.1431128057075,242.17757152391263,243.92176818847656,97531500
2018-06-20 00:00:00-04:00,244.603401698487,245.00183265741478,244.00135106598808,244.33779907226562,53785500
2018-06-21 00:00:00-04:00,244.32888136494853,244.34660621575017,242.31022080360503,242.8060302734375,71061400
2018-06-22 00:00:00-04:00,244.06327782725214,244.17838127864604,243.02737378429646,243.24871826171875,54898500
2018-06-25 00:00:00-04:00,242.09780964362213,242.25717122996454,238.25527161742454,239.93748474121094,137854200
2018-06-26 00:00:00-04:00,240.50406586998284,241.31859840750252,239.75148925061256,240.46864318847656,68547400
2018-06-27 00:00:00-04:00,241.0530156445214,242.4784612120571,238.3260363559265,238.4765625,105110700
2018-06-28 00:00:00-04:00,238.42349268702802,240.60151539893317,237.7151739460364,239.84010314941406,76650500
2018-06-29 00:00:00-04:00,240.92909341827357,242.29258330965268,240.07027554780439,240.1853790283203,97592500
2018-07-02 00:00:00-04:00,238.61829634130885,240.85830219113393,238.3792269257358,240.69891357421875,63554800
2018-07-03 00:00:00-04:00,241.59314941291314,241.6905550668388,239.42398899604595,239.8489532470703,42187100
2018-07-05 00:00:00-04:00,240.97338766695466,241.86760124254315,239.90206063048137,241.8056182861328,56925900
2018-07-06 00:00:00-04:00,241.83221463826726,244.22271956770294,241.4514814771822,243.8508758544922,66493700
2018-07-09 00:00:00-04:00,244.85130397928495,246.09969034891844,244.8070458819004,246.04656982421875,50550400
2018-07-10 00:00:00-04:00,246.4981344115885,247.0293667064297,246.20594449060724,246.9319610595703,51966800
2018-07-11 00:00:00-04:00,245.38249959930695,246.17049896399453,244.82470715366816,245.125732421875,77054700
2018-07-12 00:00:00-04:00,246.38308537516556,247.40126507051315,245.78103458378126,247.34814453125,60124700
2018-07-13 00:00:00-04:00,247.17103350001074,247.84390253014723,246.71948199088973,247.54287719726562,48216000
2018-07-16 00:00:00-04:00,247.58710176349595,247.72873845760168,246.87878319501408,247.32147216796875,48201000
2018-07-17 00:00:00-04:00,246.55128025824675,248.71160533141384,246.4981597252672,248.32203674316406,52315500
2018-07-18 00:00:00-04:00,248.40179316587373,248.95072352017806,247.95910390987243,248.844482421875,44593500
2018-07-19 00:00:00-04:00,248.18027247756254,248.56097848294303,247.42769587232033,247.9058074951172,61412100
2018-07-20 00:00:00-04:00,247.7022699136115,248.3309079420703,247.46322750676137,247.62258911132812,82337700
2018-07-23 00:00:00-04:00,247.41888278692855,248.28653589889728,247.0735724116495,248.08291625976562,47047600
2018-07-24 00:00:00-04:00,249.49067214292117,250.17240347028664,248.4636304289784,249.33128356933594,68026900
2018-07-25 00:00:00-04:00,249.08343422718482,251.77499148944142,249.03917612553772,251.45626831054688,78882900
2018-07-26 00:00:00-04:00,250.73909822087222,251.54476854513118,250.64169257599485,250.863037109375,57919500
2018-07-27 00:00:00-04:00,251.19065899609888,251.2880646550527,248.24236127402867,249.1631622314453,76768700
2018-07-30 00:00:00-04:00,249.24285179323138,249.40221340119325,247.3392668484823,247.86166381835938,63742500
2018-07-31 00:00:00-04:00,248.6229719725251,249.69427169204494,248.24226595098523,249.08335876464844,68570500
2018-08-01 00:00:00-04:00,249.28705758708554,249.79172959266052,248.0209733790744,248.6672821044922,53853300
2018-08-02 00:00:00-04:00,247.36576246882862,250.19009331753426,247.16211580994263,250.0218963623047,63426400
2018-08-03 00:00:00-04:00,250.14585496093795,251.14633646287567,249.96876854623287,251.0932159423828,53935400
2018-08-06 00:00:00-04:00,251.12870559188278,252.32394464127194,250.73913699132908,252.0140838623047,39400900
2018-08-07 00:00:00-04:00,252.67814696122522,253.22707722961223,252.54531858952848,252.84634399414062,43196600
2018-08-08 00:00:00-04:00,252.67811058599844,253.13849754684549,252.27967956747327,252.7400665283203,42114600
2018-08-09 00:00:00-04:00,252.80202652249167,253.1915950768919,252.2619588109262,252.39476013183594,35717000
2018-08-10 00:00:00-04:00,250.9605331858726,251.50060107252307,249.99544689532925,250.70376586914062,77076000
2018-08-13 00:00:00-04:00,250.97814624222252,251.589059329678,249.47299257350093,249.7651824951172,65732900
2018-08-14 00:00:00-04:00,250.49123330231163,251.59795614540195,250.1016646999758,251.35888671875,43842000
2018-08-15 00:00:00-04:00,250.01302843557366,250.15469214912642,248.0474883168638,249.48179626464844,102925400
2018-08-16 00:00:00-04:00,250.91616596894616,252.36819912554938,250.88074327694193,251.50051879882812,69967900
2018-08-17 00:00:00-04:00,251.2969003032694,252.82861442412454,250.88963386809417,252.38592529296875,65618500
2018-08-20 00:00:00-04:00,252.83746690516844,253.1916127922392,252.38591536288368,252.92601013183594,39807500
2018-08-21 00:00:00-04:00,253.43957577539047,254.3780747503178,252.9614638573465,253.51925659179688,67272000
2018-08-22 00:00:00-04:00,253.11188513982498,253.8910221589118,252.84625550899398,253.36865234375,44993300
2018-08-23 00:00:00-04:00,253.19161868002593,254.05043666143328,252.7135068605827,253.03225708007812,49204900
2018-08-24 00:00:00-04:00,253.6076470996255,254.6966716405088,253.5545265873472,254.5550079345703,57487400
2018-08-27 00:00:00-04:00,255.75029016014744,256.67109089621715,255.59092859609513,256.5648498535156,57072400
2018-08-28 00:00:00-04:00,257.0253248860289,257.13159298478024,256.2284897728139,256.68890380859375,46943500
2018-08-29 00:00:00-04:00,256.9013929354146,258.30027888148373,256.6623505008469,258.0700988769531,61485500
2018-08-30 00:00:00-04:00,257.59195413028306,257.9637978699567,256.432110766729,257.0252990722656,61229500
2018-08-31 00:00:00-04:00,256.6180203252793,257.4768382804098,256.1310731115822,257.0341491699219,66140800
2018-09-04 00:00:00-04:00,256.61799092686505,256.94557650796173,255.59094906584016,256.5914306640625,57594400
2018-09-05 00:00:00-04:00,256.23728113360505,256.4409278252253,254.89151613831157,255.9008331298828,72452400
2018-09-06 00:00:00-04:00,256.0070239302775,256.3080491851552,254.10346677819166,255.13050842285156,65909900
2018-09-07 00:00:00-04:00,254.08582026001167,255.608671693143,253.84675087727635,254.63475036621094,73524800
2018-09-10 00:00:00-04:00,255.6440968788717,255.90972655484634,254.8826845841951,255.0774688720703,50210900
2018-09-11 00:00:00-04:00,254.43105906643362,256.3611765271306,254.085775713545,255.91848754882812,50530500
2018-09-12 00:00:00-04:00,255.92737874577733,256.58254986104964,255.1925268478039,255.98049926757812,59810800
2018-09-13 00:00:00-04:00,257.0429823679138,257.68045569530796,256.75965488471724,257.4945068359375,51034200
2018-09-14 00:00:00-04:00,257.69811887974004,257.8840406945149,256.75962035999163,257.53875732421875,55079900
2018-09-17 00:00:00-04:00,257.48566226721647,257.52105793665976,255.90082792279205,256.17529296875,68244000
2018-09-18 00:00:00-04:00,256.38777016818403,258.15852631195645,256.36120990681127,257.5653381347656,61930400
2018-09-19 00:00:00-04:00,257.6184687058169,258.2559420232231,257.4945028015122,257.8398132324219,49080600
2018-09-20 00:00:00-04:00,259.0970602153132,260.2480409377501,257.85750925934076,259.9292907714844,100360600
2018-09-21 00:00:00-04:00,260.6701329824998,260.78575750232153,259.5317200165653,259.6918029785156,105479700
2018-09-24 00:00:00-04:00,259.11374214506895,259.25604717756437,258.25103654562844,258.8291320800781,53409600
2018-09-25 00:00:00-04:00,259.2826786788656,259.38940064759277,258.3488343105982,258.5889587402344,44370000
2018-09-26 00:00:00-04:00,258.7312519258059,259.91412321436593,257.3971730938539,257.815185546875,79739700
2018-09-27 00:00:00-04:00,258.2865565354975,259.62063535481394,258.01084908419097,258.53558349609375,59249500
2018-09-28 00:00:00-04:00,257.9130857394722,259.0604014939994,257.8775298349885,258.5623474121094,70091400
2018-10-01 00:00:00-04:00,259.7985457060066,260.5278487801344,258.7935622699914,259.4606018066406,62078900
2018-10-02 00:00:00-04:00,259.3094177246094,260.0209157713873,258.9358907497197,259.3094177246094,47258200
2018-10-03 00:00:00-04:00,260.3589465154056,260.77695917771814,259.09603312163875,259.4517822265625,64694600
2018-10-04 00:00:00-04:00,258.971473535749,259.02483453770105,255.8408438062701,257.4239501953125,111545900
2018-10-05 00:00:00-04:00,257.64625615039654,258.16208813528516,254.5600853615641,255.9831085205078,105951700
2018-10-08 00:00:00-04:00,255.298263866853,256.3388575247664,253.91972629713487,255.9831085205078,87742200
2018-10-09 00:00:00-04:00,255.60069795928243,256.90806953987845,255.04925574862452,255.6095733642578,74339000
2018-10-10 00:00:00-04:00,255.10263769184056,255.17380378895442,247.14264730325567,247.51617431640625,214731000
2018-10-11 00:00:00-04:00,246.43110159758785,248.04979089872194,240.45442560578684,242.06423950195312,274840500
2018-10-12 00:00:00-04:00,246.15540825667637,246.44001835410387,242.2421144137428,245.42613220214844,183186500
2018-10-15 00:00:00-04:00,245.07028903016487,246.3954925595385,243.9585565864753,244.04750061035156,102263700
2018-10-16 00:00:00-04:00,246.00420892011994,249.7574194733854,245.53283535702332,249.3838653564453,118255800
2018-10-17 00:00:00-04:00,249.41945743831997,250.05091401359377,246.8580209490984,249.42835998535156,110626000
2018-10-18 00:00:00-04:00,248.49443661830605,249.09033716550948,244.55446325309785,245.82627868652344,134557500
2018-10-19 00:00:00-04:00,246.47559630970608,248.4055491200804,244.99921199445404,245.69293212890625,139901600
2018-10-22 00:00:00-04:00,246.35994223177246,246.68010818995015,244.0564355596308,244.59007263183594,82415800
2018-10-23 00:00:00-04:00,240.97915149539128,244.4655294729058,238.89796433649786,243.3448944091797,146352700
2018-10-24 00:00:00-04:00,243.0958722305184,243.47832885220126,235.42049357209595,235.97190856933594,177806700
2018-10-25 00:00:00-04:00,237.8040269298721,241.7440002948675,236.78123848445856,240.20535278320312,138061500
2018-10-26 00:00:00-04:00,236.50555084001812,241.02362004077827,233.27707512923888,235.9807891845703,201574600
2018-10-29 00:00:00-04:00,239.06697033859635,240.35659102695715,231.10698111147096,234.67340087890625,160749100
2018-10-30 00:00:00-04:00,234.50440300293118,238.46215415518796,234.01522445024443,238.15086364746094,157116000
2018-10-31 00:00:00-04:00,240.71232751034958,243.0069587045786,240.2409539924511,240.69454956054688,128296300
2018-11-01 00:00:00-04:00,241.55722056865167,243.4516169152178,240.47216866386236,243.25595092773438,99495000
2018-11-02 00:00:00-04:00,244.35877035739765,244.7856853505812,239.76953596281086,241.8151397705078,122634100
2018-11-05 00:00:00-05:00,242.3043186776565,243.70066118097728,241.33489121602472,243.1492462158203,65622500
2018-11-06 00:00:00-05:00,243.08701262334208,244.8479797106511,243.02474908298626,244.68789672851562,60085900
2018-11-07 00:00:00-05:00,246.8580138331892,250.0064483555935,246.43109871665462,249.92640686035156,102752100
2018-11-08 00:00:00-05:00,249.12593521994543,250.11316793555736,248.3343956800287,249.47280883789062,65584900
2018-11-09 00:00:00-05:00,248.1654452190553,248.35220873254718,245.63068896829316,247.0359344482422,98812600
2018-11-12 00:00:00-05:00,246.52889591785222,246.7690203554735,241.90407807858057,242.41993713378906,99673600
2018-11-13 00:00:00-05:00,242.88246681934416,244.87468316220532,241.24599951743505,241.96640014648438,98176600
2018-11-14 00:00:00-05:00,243.83406416161853,244.23427156850525,238.75567780247712,240.31210327148438,125335900
2018-11-15 00:00:00-05:00,239.04921696143316,243.28270387403552,237.47501319005792,242.82020568847656,135101400
2018-11-16 00:00:00-05:00,241.72614294434302,244.35871697241288,241.21028404754122,243.45155334472656,126668000
2018-11-19 00:00:00-05:00,242.8469064738273,243.14041913793633,238.4177802874054,239.33384704589844,103061700
2018-11-20 00:00:00-05:00,236.00746255389294,237.46606866293442,234.0419270384769,234.90463256835938,136021300
2018-11-21 00:00:00-05:00,236.45220506168295,237.59952087377042,235.6962484957569,235.7051239013672,75563700
2018-11-23 00:00:00-05:00,234.06865686123018,235.52726327765873,233.97083740598626,234.13092041015625,42807900
2018-11-26 00:00:00-05:00,236.38106700331844,238.13315893155394,235.98973489758671,237.9108123779297,79981400
2018-11-27 00:00:00-05:00,236.87910933634961,238.71124267578125,236.27433325461553,238.71124267578125,75502400
2018-11-28 00:00:00-05:00,239.77848590009825,244.20761108398438,238.6489482392209,244.20761108398438,127629600
2018-11-29 00:00:00-05:00,243.43376815232799,245.07023468954867,242.29535546809186,243.67391967773438,82346400
2018-11-30 00:00:00-05:00,243.52278892831978,245.71957352817088,243.20262298270973,245.1592559814453,98204200
2018-12-03 00:00:00-05:00,249.27712569459774,249.38384767989874,246.81353606087058,248.405517578125,103176300
2018-12-04 00:00:00-05:00,247.57842453840732,248.00533967236856,240.04532257036914,240.3566131591797,177986000
2018-12-06 00:00:00-05:00,236.50556502661695,240.1075678957514,233.41049160957218,239.991943359375,204185400
2018-12-07 00:00:00-05:00,239.65395115076464,241.2192792431404,233.57945653094646,234.4154815673828,161018900
2018-12-10 00:00:00-05:00,234.23760261616204,235.82961126558462,230.01301882509009,234.8601837158203,151445900
2018-12-11 00:00:00-05:00,238.05310632378428,238.23986982038016,233.4460924616727,234.91357421875,121504400
2018-12-12 00:00:00-05:00,237.8841103617398,239.24487006116965,236.01639405183923,236.096435546875,97976700
2018-12-13 00:00:00-05:00,237.03916121383372,237.90186677142725,234.90464011376045,236.01637268066406,96662700
2018-12-14 00:00:00-05:00,233.87294881626218,234.82459840670106,231.1069712205048,231.65838623046875,116961100
2018-12-17 00:00:00-05:00,230.70673052985472,231.81846306627645,225.4860388815235,227.11361694335938,165492300
2018-12-18 00:00:00-05:00,228.75010114550832,229.41714067784332,225.26369591406458,226.86459350585938,134515100
2018-12-19 00:00:00-05:00,226.9446197617869,230.70671867180351,221.76840039515483,223.4671173095703,214992800
2018-12-20 00:00:00-05:00,222.22199466662704,223.7873091985889,217.58828746517864,219.8295440673828,252053400
2018-12-21 00:00:00-05:00,220.72861735508985,223.38552036390047,214.68124937399995,215.32534790039062,255345600
2018-12-24 00:00:00-05:00,213.84032507460728,215.45057126158082,209.57318974188104,209.63580322265625,147311600
2018-12-26 00:00:00-05:00,211.0939499958353,220.22760009765625,209.11692306726735,220.22760009765625,218485400
2018-12-27 00:00:00-05:00,216.998207573705,222.1151909748024,213.76877426318353,221.91839599609375,186267300
2018-12-28 00:00:00-05:00,223.26920838177477,224.89733637571823,220.46916948727355,221.6321258544922,153100200
2018-12-31 00:00:00-05:00,223.25128453571088,223.81487405617736,221.38161643315587,223.57333374023438,144299400
2019-01-02 00:00:00-05:00,220.0487067791242,224.72736835312008,220.02187048062882,223.80593872070312,126925200
2019-01-03 00:00:00-05:00,222.06153288497993,222.36570038148278,217.9822513104657,218.46533203125,144140700
2019-01-04 00:00:00-05:00,221.48898887122783,226.42707273146465,221.11326702808634,225.78297424316406,142628800
2019-01-07 00:00:00-05:00,226.0513447804907,228.96766966524018,225.15676508760038,227.5631866455078,103139100
2019-01-08 00:00:00-05:00,229.74600880148805,230.18434420172517,227.2232870155942,229.70126342773438,102512600
2019-01-09 00:00:00-05:00,230.40792306192012,231.61561100018852,229.18235335952744,230.7747039794922,95006600
2019-01-10 00:00:00-05:00,229.24504182356054,231.8393179366992,228.56515239927478,231.58883666992188,96823900
2019-01-11 00:00:00-05:00,230.51532876711232,231.70513525362898,229.93385732577602,231.6782989501953,73858100
2019-01-14 00:00:00-05:00,229.78173558745547,231.0699325784489,229.37919109052422,230.2648162841797,70908200
2019-01-15 00:00:00-05:00,230.6405685877629,233.2169627574834,230.6316140537097,232.9038543701172,85208300
2019-01-16 00:00:00-05:00,233.33322893857783,234.3530629785704,233.1274930641431,233.46743774414062,77636700
2019-01-17 00:00:00-05:00,232.59969924486884,236.09750948945432,232.55495387525625,235.2386932373047,96118400
2019-01-18 00:00:00-05:00,237.0457750313044,238.83493470526588,235.2744971259349,238.36973571777344,127900300
2019-01-22 00:00:00-05:00,236.9025808874693,237.1172712595665,233.53895278912816,235.14918518066406,115531200
2019-01-23 00:00:00-05:00,236.17803449701725,236.87580568670793,233.181186544988,235.6412811279297,86030300
2019-01-24 00:00:00-05:00,235.46229517851125,236.3479475705065,234.4514158353714,235.76644897460938,59204100
2019-01-25 00:00:00-05:00,237.60927725188202,238.58439305172763,235.8648633915669,237.76136779785156,96883400
2019-01-28 00:00:00-05:00,235.62341653832786,236.01700658391746,234.19208321653988,235.95440673828125,85613700
2019-01-29 00:00:00-05:00,236.09752558671568,236.66108795882667,234.80932842106972,235.6412811279297,66136300
2019-01-30 00:00:00-05:00,237.15311782437777,240.21256554741154,236.39271951061926,239.3716583251953,92473700
2019-01-31 00:00:00-05:00,239.30903974505677,241.95698818402894,239.0943220389077,241.47390747070312,104012100
2019-02-01 00:00:00-05:00,241.6707188640082,242.61004400064866,240.80297539703585,241.5902099609375,85782500
2019-02-04 00:00:00-05:00,241.63489342197394,243.3524983427084,240.963958692069,243.2898712158203,60744800
2019-02-05 00:00:00-05:00,243.71931224094328,244.61389200183342,243.21834975887742,244.3097381591797,79552800
2019-02-06 00:00:00-05:00,244.03238574275397,244.52439362076777,243.25410583006848,243.98764038085938,58347800
2019-02-07 00:00:00-05:00,242.37741121874424,242.92309169804167,240.006780619395,241.66175842285156,95482000
2019-02-08 00:00:00-05:00,240.41833753894525,242.05540667168086,239.59531205500326,241.95701599121094,75788900
2019-02-11 00:00:00-05:00,242.6100733987666,242.8694819066253,241.56340293120226,242.09120178222656,68021400
2019-02-12 00:00:00-05:00,243.7014429213756,245.58003867487145,243.62986124861985,245.20433044433594,72270200
2019-02-13 00:00:00-05:00,246.03630963906483,246.84142609171184,245.61585599262298,246.00051879882812,65277200
2019-02-14 00:00:00-05:00,244.91811104245204,246.5820440368639,244.10403996728482,245.45486450195312,83234400
2019-02-15 00:00:00-05:00,247.22604336493276,248.16536847036366,247.0203074973905,248.12957763671875,97088700
2019-02-19 00:00:00-05:00,247.33339021467367,249.21198562989034,247.32443568208936,248.5589599609375,59120800
2019-02-20 00:00:00-05:00,248.5231680196707,249.51616561794017,248.02220560446585,249.05992126464844,76610800
2019-02-21 00:00:00-05:00,248.42476708591184,248.78259346762562,247.2170791597752,248.17428588867188,64214700
2019-02-22 00:00:00-05:00,248.79155411176745,249.90977876755096,248.15641015139627,249.71299743652344,78114600
2019-02-25 00:00:00-05:00,251.13539394000878,251.6542382053372,249.97242383431418,250.0529327392578,69030700
2019-02-26 00:00:00-05:00,249.7040968454373,250.75074006112388,249.49833363617677,249.8740692138672,56844100
2019-02-27 00:00:00-05:00,249.15828198984414,250.11548864335228,248.22793893074171,249.76661682128906,56921600
2019-02-28 00:00:00-05:00,249.55191857492036,249.9902811449562,248.9794018248287,249.3014373779297,69268300
2019-03-01 00:00:00-05:00,250.87599029042724,251.26960763195135,249.4267752150031,250.8581085205078,78880500
2019-03-04 00:00:00-05:00,251.9136582318563,252.1551849315805,247.65544996733956,249.94557189941406,106494600
2019-03-05 00:00:00-05:00,250.070835547476,250.2676441881034,249.05995604336294,249.6056365966797,59114600
2019-03-06 00:00:00-05:00,249.72189143423049,249.73084596641513,247.77171444618895,248.09375,75039800
2019-03-07 00:00:00-05:00,247.64651660427654,247.78965264981824,245.17749489480767,246.01840209960938,94885100
2019-03-08 00:00:00-05:00,244.16661570345593,245.69633953555666,243.7014440300641,245.5263671875,85795800
2019-03-11 00:00:00-04:00,246.2421103137223,249.24788614108067,246.21527400456432,249.0868682861328,65098900
2019-03-12 00:00:00-04:00,249.64141454290714,250.54494879646793,249.453560445773,250.0260772705078,79667500
2019-03-13 00:00:00-04:00,250.91176574305734,252.61146199517697,250.75072062201053,251.68109130859375,80639200
2019-03-14 00:00:00-04:00,251.70787361502687,252.1283271456543,251.0816842356358,251.52001953125,67518400
2019-03-15 00:00:00-04:00,252.07089033563017,253.57140386734258,251.88218133147745,252.7627410888672,81309000
2019-03-18 00:00:00-04:00,252.97833933405315,253.97571096745602,252.75370929471526,253.67918395996094,62199800
2019-03-19 00:00:00-04:00,254.73939102219583,255.50311101686006,252.85249370807736,253.7420196533203,90268100
2019-03-20 00:00:00-04:00,253.52648993504164,254.73050384084684,251.87321588136902,252.97837829589844,84609200
2019-03-21 00:00:00-04:00,252.16068848642908,256.2399499079423,252.115746030022,255.83563232421875,79550400
2019-03-22 00:00:00-04:00,254.4789155595248,255.00004525839176,250.8488859396825,250.9117889404297,122659300
2019-03-25 00:00:00-04:00,250.57024675002336,251.75629963033535,249.46508479302298,250.72300720214844,85575200
2019-03-26 00:00:00-04:00,252.4752137289537,253.54445509403368,251.19033626357648,252.59202575683594,68125900
2019-03-27 00:00:00-04:00,252.5829343773154,253.16699429149978,249.7256474675577,251.27110290527344,72224700
2019-03-28 00:00:00-04:00,251.90004150435314,252.67275540139417,250.74993721110997,252.22349548339844,56238500
2019-03-29 00:00:00-04:00,253.73310132614503,254.13741891416976,252.60995121387023,253.81396484375,82186800
2019-04-01 00:00:00-04:00,255.8087003800633,257.12053213515975,255.53912787981554,256.8240051269531,77617900
2019-04-02 00:00:00-04:00,257.0126405229433,257.1833614980266,256.15903564752676,256.9497375488281,40070400
2019-04-03 00:00:00-04:00,258.16281915464305,258.55817021900583,256.7521359213784,257.3541564941406,68243200
2019-04-04 00:00:00-04:00,257.67764571070825,258.2886329223049,256.98579496410593,258.03704833984375,48997500
2019-04-05 00:00:00-04:00,258.70185623328587,259.33979767108934,258.4143232903756,259.285888671875,58621700
2019-04-08 00:00:00-04:00,258.86360058977857,259.59139954862746,258.20767116115127,259.48358154296875,53566300
2019-04-09 00:00:00-04:00,258.522174565323,258.8456286022435,257.6056940400608,258.1537780761719,66142300
2019-04-10 00:00:00-04:00,258.56705387482947,259.1241592292054,258.15374241120253,259.0343017578125,52601500
2019-04-11 00:00:00-04:00,259.5196026050741,259.5285965825624,258.3964522455626,258.9625244140625,55093100
2019-04-12 00:00:00-04:00,260.5708636013834,260.99316920128797,259.0074471943866,260.7146301269531,69727800
2019-04-15 00:00:00-04:00,260.78647484201645,260.8853263154702,259.74418819639936,260.54388427734375,49596700
2019-04-16 00:00:00-04:00,261.42446877799716,261.4783777975032,260.12160349172586,260.7146301269531,52153200
2019-04-17 00:00:00-04:00,261.8287579409137,261.8557124477344,259.6633211574548,260.07666015625,58268300
2019-04-18 00:00:00-04:00,260.66070312049783,260.858378651933,259.36683190031505,260.58880615234375,68708500
2019-04-22 00:00:00-04:00,259.8250653691345,260.9661760070736,259.7352078763909,260.81341552734375,40160100
2019-04-23 00:00:00-04:00,261.1818444505832,263.39222387949684,260.9482478452623,263.1585998535156,52246600
2019-04-24 00:00:00-04:00,263.0777235358863,263.410171605521,262.43078792825753,262.5745544433594,50392900
2019-04-25 00:00:00-04:00,262.475714273737,263.06874089132936,261.2267854647723,262.4128112792969,57770900
2019-04-26 00:00:00-04:00,262.4577369591944,263.7066656882998,261.68499538422964,263.6347961425781,50916400
2019-04-29 00:00:00-04:00,263.72461115092415,264.56922213553327,263.6347536677554,264.0480651855469,57197700
2019-04-30 00:00:00-04:00,263.7066772500253,264.47042488251304,262.29602141570473,264.1828918457031,81111700
2019-05-01 00:00:00-04:00,264.8118402899683,265.0185097807534,262.1881495792361,262.1971435546875,71671900
2019-05-02 00:00:00-04:00,262.0803024726753,262.9968104059952,260.13949601586444,261.63104248046875,65030200
2019-05-03 00:00:00-04:00,263.10466237001356,264.4704030511326,261.7388942682371,264.1918640136719,56543700
2019-05-06 00:00:00-04:00,259.8969517961515,263.54494138916215,259.58246426144535,263.10467529296875,107198100
2019-05-07 00:00:00-04:00,260.705561358726,261.2985878238254,256.8059880160905,258.7108459472656,144729900
2019-05-08 00:00:00-04:00,258.3514099121094,260.05859213332144,257.7583835239863,258.3514099121094,91568300
2019-05-09 00:00:00-04:00,256.28494681196247,258.17181744485043,254.55078184893665,257.56982421875,103471100
2019-05-10 00:00:00-04:00,256.6353077314568,259.6184010578606,253.652214405053,258.8636474609375,112429300
2019-05-13 00:00:00-04:00,253.76009998975235,254.7214958134563,251.52276593072727,252.35838317871094,127290500
2019-05-14 00:00:00-04:00,253.37366265002794,256.16807429211826,253.24788410051545,254.6405792236328,77003200
2019-05-15 00:00:00-04:00,253.0143053717125,256.7701133090534,252.8076358497461,256.1321716308594,73956400
2019-05-16 00:00:00-04:00,256.8330106305001,259.86101931664007,256.7611410796038,258.5042724609375,76749600
2019-05-17 00:00:00-04:00,256.2040296890674,259.312901499198,256.1860417381828,256.8329772949219,100353000
2019-05-20 00:00:00-04:00,255.23368125153678,256.9408643844069,254.38906995262954,255.13485717773438,62877600
2019-05-21 00:00:00-04:00,256.82395261777503,257.81233007528556,256.5723681213772,257.4349670410156,46847100
2019-05-22 00:00:00-04:00,256.48256008080267,257.59671617184193,256.1680725781415,256.644287109375,49482500
2019-05-23 00:00:00-04:00,254.42491861053117,254.46983364087836,252.09775517308566,253.50843811035156,98733800
2019-05-24 00:00:00-04:00,254.9459757917741,255.35931460456402,253.46342374247638,254.08340454101562,55268100
2019-05-28 00:00:00-04:00,254.3620954665406,255.31452474232293,251.7024831919406,251.72044372558594,70029400
2019-05-29 00:00:00-04:00,250.60630089681214,251.01061858059722,248.62954526276232,250.03123474121094,104972900
2019-05-30 00:00:00-04:00,250.78595035873343,251.62159495277587,249.61788511125124,250.71408081054688,62523800
2019-05-31 00:00:00-04:00,248.17124628444185,248.997869366568,247.30864730223772,247.33560180664062,86862800
2019-06-03 00:00:00-04:00,247.37160702364017,248.4857633553792,245.3768909783469,246.7067108154297,96428000
2019-06-04 00:00:00-04:00,248.99791717121533,252.1966469375377,248.54865706447725,252.06187438964844,77231900
2019-06-05 00:00:00-04:00,253.67919765838639,254.2722242847403,251.87319069063545,254.24526977539062,71169700
2019-06-06 00:00:00-04:00,254.54175190960748,256.5723885707165,253.8948163786434,255.89849853515625,69430400
2019-06-07 00:00:00-04:00,256.91383395209493,259.53752459010883,256.74311294719047,258.45928955078125,74272200
2019-06-10 00:00:00-04:00,260.0048494610901,261.30771503792096,259.5555892512404,259.64544677734375,60799100
2019-06-11 00:00:00-04:00,261.46033152755564,261.8287280257867,258.9354924680753,259.5824279785156,58641300
2019-06-12 00:00:00-04:00,259.3488976402078,259.90597580686716,258.61210445561744,259.124267578125,47096300
2019-06-13 00:00:00-04:00,260.03166288574414,260.5528198019677,259.33081843547797,260.1933898925781,48945200
2019-06-14 00:00:00-04:00,259.9059143066406,260.50790737500523,259.14216679214854,259.9059143066406,52324700
2019-06-17 00:00:00-04:00,260.13953327502185,260.7685083224592,259.83403972704474,260.0047607421875,39205700
2019-06-18 00:00:00-04:00,261.8197473625696,263.7785143172778,261.46031743785153,262.72723388671875,85434800
2019-06-19 00:00:00-04:00,262.8621193786363,263.85049725511794,261.89172945851396,263.32037353515625,78674400
2019-06-20 00:00:00-04:00,265.9979361214567,266.2405267117123,263.38323896605675,265.836181640625,116570000
2019-06-21 00:00:00-04:00,265.5671176917623,266.82212083031214,265.2330527028107,265.4497375488281,83309500
2019-06-24 00:00:00-04:00,265.6573967423069,265.97338627298683,264.9711913645555,265.12469482421875,47582700
2019-06-25 00:00:00-04:00,265.1788523150936,265.2059379178657,262.4160106162554,262.52435302734375,82028700
2019-06-26 00:00:00-04:00,263.41824118962137,263.92385754593755,262.1542002988309,262.2625427246094,51584900
2019-06-27 00:00:00-04:00,263.02092303525444,263.6980906365372,262.64172460878746,263.1924743652344,40355200
2019-06-28 00:00:00-04:00,264.16764892571615,265.0434536754882,263.6530223625105,264.546875,59350900
2019-07-01 00:00:00-04:00,267.86945491993043,268.08616730223594,265.7476574629136,266.9485168457031,78705600
2019-07-02 00:00:00-04:00,266.9033612093092,267.69790900113674,266.06367992868246,267.64373779296875,61504500
2019-07-03 00:00:00-04:00,268.3208916824014,269.80164477374774,268.1764259500246,269.7835693359375,40898900
2019-07-05 00:00:00-04:00,268.5556549615941,269.6391341895929,267.2645286286108,269.4765930175781,51677300
2019-07-08 00:00:00-04:00,268.1674925462859,269.2961055716428,267.4542013991323,267.9959411621094,45841800
2019-07-09 00:00:00-04:00,266.8401319541879,268.6278366109929,266.7859607557403,268.32989501953125,41101300
2019-07-10 00:00:00-04:00,269.39534519807506,270.5600812739369,268.8626432853066,269.6120300292969,58448500
2019-07-11 00:00:00-04:00,270.2530867910683,270.48781949375126,269.2418542299152,270.2440490722656,50826100
2019-07-12 00:00:00-04:00,270.731586921279,271.5261345736811,270.42460761085414,271.4538879394531,40326000
2019-07-15 00:00:00-04:00,271.88735320178154,271.88735320178154,271.03863413807807,271.54425048828125,33900000
2019-07-16 00:00:00-04:00,271.45393658906914,271.6616112571717,270.3614471482306,270.6684265136719,36650100
2019-07-17 00:00:00-04:00,270.64135633183906,270.80386996621183,268.8265380859375,268.8265380859375,36036300
2019-07-18 00:00:00-04:00,268.33000403131257,270.18995607768375,267.8875965462523,269.81072998046875,51392600
2019-07-19 00:00:00-04:00,270.903180082799,270.93026568631416,268.1403383081677,268.3118896484375,58678600
2019-07-22 00:00:00-04:00,268.7092233807768,269.5128091364652,268.19459674660476,268.9710693359375,43638100
2019-07-23 00:00:00-04:00,270.090607031503,270.8941650390625,269.259935864137,270.8941650390625,44564500
2019-07-24 00:00:00-04:00,270.13573328679485,272.167236328125,270.04543875193104,272.167236328125,47213200
2019-07-25 00:00:00-04:00,271.7158456654226,271.77001688639325,270.0635407637308,270.86712646484375,55394100
2019-07-26 00:00:00-04:00,271.55327198811625,272.88052171662747,271.4268541311043,272.681884765625,45084100
2019-07-29 00:00:00-04:00,272.5644676648038,272.68184778639005,271.63449196441434,272.18524169921875,38126500
2019-07-30 00:00:00-04:00,270.7858119974368,271.9234625037329,270.4065859773304,271.51715087890625,45849000
2019-07-31 00:00:00-04:00,271.76085606462857,271.9504828061591,266.53314273076955,268.54656982421875,104245200
2019-08-01 00:00:00-04:00,268.70014633011544,271.65258755474997,265.4136125645929,266.2081604003906,142646600
2019-08-02 00:00:00-04:00,265.31430025667504,265.55807069993347,262.6507630499362,264.2037353515625,116749700
2019-08-05 00:00:00-04:00,260.1136319797592,260.22197439410274,254.36222586817163,256.25830078125,178745400
2019-08-06 00:00:00-04:00,258.14529773750104,260.06845795439847,256.6735825460155,259.85174560546875,120711700
2019-08-07 00:00:00-04:00,256.7819852077057,260.7727722927134,254.6511774136103,260.00531005859375,140572300
2019-08-08 00:00:00-04:00,261.4950674503696,265.10662841796875,260.94431762874206,265.10662841796875,87713900
2019-08-09 00:00:00-04:00,264.1676704197368,264.7635814112252,261.5222080674551,263.3009033203125,93730000
2019-08-12 00:00:00-04:00,261.80215203989064,263.291916026931,259.14765145758554,260.095703125,65527600
2019-08-13 00:00:00-04:00,259.79757348733773,265.5851019991185,259.4544708605961,264.1404724121094,94299800
2019-08-14 00:00:00-04:00,260.09563131231886,260.7005524202266,256.20417608457865,256.33056640625,135622100
2019-08-15 00:00:00-04:00,257.215365095548,257.9015704661981,254.96717731036955,257.0076904296875,99556600
2019-08-16 00:00:00-04:00,258.6599596100818,261.23317429061143,257.06182653655287,260.7998046875,83018300
2019-08-19 00:00:00-04:00,263.81550422440336,264.6190622184229,263.13833653723043,263.94189453125,53571800
2019-08-20 00:00:00-04:00,263.43622123692984,263.9689230625115,261.79298227907464,261.91937255859375,51596400
2019-08-21 00:00:00-04:00,264.07737857699556,264.4204537634302,263.3911730960728,264.05029296875,49524700
2019-08-22 00:00:00-04:00,264.7545624531943,265.3865692020705,262.19936718570995,263.9690246582031,51666400
2019-08-23 00:00:00-04:00,262.6687503888014,264.33006455244094,255.9422093930637,257.1882019042969,149161500
2019-08-26 00:00:00-04:00,259.37325938101276,260.0323791503906,257.8473727295932,260.0323791503906,72423800
2019-08-27 00:00:00-04:00,261.4229061159633,261.7930945034179,258.25375184938554,259.0121765136719,66668900
2019-08-28 00:00:00-04:00,258.3530199208042,260.99848164367427,257.5494344017355,260.8359680175781,59696700
2019-08-29 00:00:00-04:00,263.39119104890403,264.69135544136327,262.3889683674536,264.16766357421875,57899400
2019-08-30 00:00:00-04:00,265.6483989632906,265.6664468507787,263.12031701361735,264.05029296875,62901200
2019-09-03 00:00:00-04:00,262.35281071811187,263.26471107882736,261.1790369315544,262.50628662109375,69101400
2019-09-04 00:00:00-04:00,264.6732441815311,265.50388772814705,263.9238298917129,265.48583984375,46887300
2019-09-05 00:00:00-04:00,267.96879736456265,269.8106735830968,265.44972592383255,268.8987731933594,83258100
2019-09-06 00:00:00-04:00,269.2147237052525,269.7474254993275,268.53755620454444,269.1063537597656,49584300
2019-09-09 00:00:00-04:00,270.0906319733859,270.1808989649801,268.3028991645869,269.2419128417969,51260300
2019-09-10 00:00:00-04:00,268.4834677166774,269.24191987648885,267.22846442804376,269.1787109375,57947100
2019-09-11 00:00:00-04:00,269.4856603743414,271.1740607730114,268.83557827685104,271.0928039550781,68821100
2019-09-12 00:00:00-04:00,271.99570650637503,273.0881960688336,271.23728195073244,272.0318298339844,72908700
2019-09-13 00:00:00-04:00,272.47428446935595,272.8264249779895,271.4810994432451,271.8512878417969,62104800
2019-09-16 00:00:00-04:00,270.72260415700487,271.89637799232213,270.3704912942259,271.01153564453125,58191200
2019-09-17 00:00:00-04:00,270.8129115165538,271.7880208906066,270.64136015983695,271.69775390625,41475500
2019-09-18 00:00:00-04:00,271.30945217296875,271.968571901471,269.27794933684083,271.8602294921875,73375800
2019-09-19 00:00:00-04:00,272.24853581465317,273.2417207457767,271.5081590883585,271.84222412109375,76560500
2019-09-20 00:00:00-04:00,272.44444179650503,272.7256557739762,269.7686322549902,270.5577697753906,89565000
2019-09-23 00:00:00-04:00,269.89566087758845,271.2109087987867,269.6416852140578,270.49432373046875,43476800
2019-09-24 00:00:00-04:00,271.582733535712,271.9727625422939,267.4102536031992,268.3717346191406,94869400
2019-09-25 00:00:00-04:00,268.4533536576858,270.40352627736024,266.97484206860895,269.9590759277344,71854000
2019-09-26 00:00:00-04:00,269.9682111328825,270.17681716965757,267.99082742388725,269.3967590332031,56179700
2019-09-27 00:00:00-04:00,270.14967534254725,270.25854579792986,266.39446122946606,267.9455261230469,84746600
2019-09-30 00:00:00-04:00,268.4624431933133,269.89558524708093,268.4171012837451,269.1880798339844,51662400
2019-10-01 00:00:00-04:00,270.0679131700186,270.72099718134706,265.7684595761757,265.98614501953125,88242400
2019-10-02 00:00:00-04:00,264.4079159140389,264.4169953695027,259.9996188362365,261.2876281738281,122539500
2019-10-03 00:00:00-04:00,261.0608737824399,263.4555248952082,258.3487738908161,263.4283142089844,85278800
2019-10-04 00:00:00-04:00,264.081418140647,267.2470481606347,264.02696908285304,266.9930725097656,65091200
2019-10-07 00:00:00-04:00,266.19480049123445,267.818445039267,265.5598476544299,265.8410339355469,59610500
2019-10-08 00:00:00-04:00,263.990626093179,264.7253421334106,261.6776075713752,261.7138977050781,95708100
2019-10-09 00:00:00-04:00,263.72764914999317,265.13358083305707,263.1017756443016,264.1993103027344,62359400
2019-10-10 00:00:00-04:00,264.117604480698,266.865993928109,263.95434039818133,265.98614501953125,55296300
2019-10-11 00:00:00-04:00,268.7346339216523,270.97507304287916,268.6167393837116,268.74371337890625,98720400
2019-10-14 00:00:00-04:00,268.42617702704035,269.09742004492904,268.0996488139588,268.4443359375,40394800
2019-10-15 00:00:00-04:00,269.48751570095226,271.84587709862797,269.36959347887756,271.1020812988281,46754500
2019-10-16 00:00:00-04:00,270.6394458056109,271.35603084525394,270.2312854776649,270.6666564941406,48928200
2019-10-17 00:00:00-04:00,271.82760100086114,272.33555213753766,270.7754085945281,271.46478271484375,45736600
2019-10-18 00:00:00-04:00,270.92966490395844,271.57366954233504,269.42394247522446,270.2765808105469,64304000
2019-10-21 00:00:00-04:00,271.5918227015919,272.3083799212792,271.1564240881151,272.10882568359375,39048600
2019-10-22 00:00:00-04:00,272.6440336093649,272.93429940069217,271.12925918317654,271.219970703125,48594700
2019-10-23 00:00:00-04:00,270.9660418171917,272.06357665854426,270.7574080534328,272.0091552734375,34352200
2019-10-24 00:00:00-04:00,272.9433722970273,273.08850518920275,271.62812449255955,272.45355224609375,35453100
2019-10-25 00:00:00-04:00,271.88215940170795,274.11354696390293,271.8277380154373,273.5693054199219,45205400
2019-10-28 00:00:00-04:00,274.7846778376868,275.6101055167936,274.7574671529367,275.1112060546875,42147000
2019-10-29 00:00:00-04:00,274.8391577345471,275.95485140942054,274.7121560578241,275.0296325683594,44284900
2019-10-30 00:00:00-04:00,275.22916703094626,276.24506964645207,273.92299861636155,275.8731994628906,49643900
2019-10-31 00:00:00-04:00,275.86406156075225,275.86406156075225,273.6871238914147,275.1383972167969,69053800
2019-11-01 00:00:00-04:00,276.58073316174546,277.73268933726877,276.41744133237114,277.6873474121094,71141500
2019-11-04 00:00:00-05:00,279.23837720396307,279.374430643672,278.43108065957426,278.802978515625,60606900
2019-11-05 00:00:00-05:00,279.00245799553085,279.30180316391466,278.2042411215235,278.4945068359375,42933200
2019-11-06 00:00:00-05:00,278.4946046311865,278.8302123707764,277.61475540627197,278.55810546875,46487100
2019-11-07 00:00:00-05:00,279.89145582645773,280.87106825413883,279.06602806695554,279.5376892089844,54272300
2019-11-08 00:00:00-05:00,279.19295893958304,280.28144163006976,278.49453294996727,280.2270202636719,49032100
2019-11-11 00:00:00-05:00,278.84833556176477,279.864238107545,278.7122544469131,279.69189453125,35797300
2019-11-12 00:00:00-05:00,280.0546986848405,281.1794439203386,279.5104572968919,280.2814636230469,46484600
2019-11-13 00:00:00-05:00,279.2927281958677,280.7712397910703,279.0659632930762,280.37213134765625,53917700
2019-11-14 00:00:00-05:00,280.0910183287371,280.862024736105,279.4560653623706,280.7803649902344,51219900
2019-11-15 00:00:00-05:00,282.11374103249324,282.85753674364037,281.4243943784293,282.81219482421875,62023600
2019-11-18 00:00:00-05:00,282.57633203669667,283.2566268714091,282.1228021468884,283.0207824707031,49228000
2019-11-19 00:00:00-05:00,283.61947336896316,283.6285528256652,282.2951737101685,282.9391784667969,67804700
2019-11-20 00:00:00-05:00,282.34951110935566,282.8665417247279,280.33583769061437,281.88690185546875,79406200
2019-11-21 00:00:00-05:00,281.99581092576324,282.1046536636578,280.635221339549,281.43341064453125,54664700
2019-11-22 00:00:00-05:00,282.1772789129553,282.31333237035267,281.0525334234393,282.0593566894531,44850200
2019-11-25 00:00:00-05:00,282.98453205746335,284.2453308105469,282.98453205746335,284.2453308105469,48647200
2019-11-26 00:00:00-05:00,284.2815373110843,285.0706746917591,283.96406093185885,284.8892517089844,37569000
2019-11-27 00:00:00-05:00,285.3700145636202,286.1591796875,285.1523291122122,286.1591796875,44444600
2019-11-29 00:00:00-05:00,285.5967415266676,285.84166530822546,284.8711049975358,285.0978698730469,36592700
2019-12-02 00:00:00-05:00,285.351926627072,285.4154274537873,282.2497977488334,282.6761169433594,75767800
2019-12-03 00:00:00-05:00,279.9640166629559,280.862024736105,278.58529565869156,280.7803649902344,73941700
2019-12-04 00:00:00-05:00,281.82344036418806,283.11144954756696,281.47875327303325,282.5127868652344,49080000
2019-12-05 00:00:00-05:00,283.2112849549353,283.2294161852713,281.71461417355385,283.0207824707031,40709000
2019-12-06 00:00:00-05:00,284.9256011908763,286.00500449632267,284.9165217354681,285.60589599609375,48927000
2019-12-09 00:00:00-05:00,285.21589807283027,285.88711349587976,284.63536648869166,284.70794677734375,34838500
2019-12-10 00:00:00-05:00,284.6534969724014,285.3156328729228,283.73735776823526,284.39044189453125,52649800
2019-12-11 00:00:00-05:00,284.8440482574191,285.45179063198384,284.3088861837475,285.19781494140625,53429100
2019-12-12 00:00:00-05:00,285.206841471859,288.43597254390977,284.971024718016,287.6559143066406,96389600
2019-12-13 00:00:00-05:00,287.42002857849036,289.0527527941986,286.6490222278449,287.8282165527344,81503900
2019-12-16 00:00:00-05:00,289.55159690245364,290.3951557751756,287.76468819631657,289.8055725097656,82749700
2019-12-17 00:00:00-05:00,290.18661712815833,290.4859347171941,289.787508555263,289.869140625,61097700
2019-12-18 00:00:00-05:00,290.2591048310666,290.4858697567159,289.8327856635954,289.88720703125,48133000
2019-12-19 00:00:00-05:00,290.0776074646101,291.14795867708114,289.8236319202332,291.07537841796875,85310500
2019-12-20 00:00:00-05:00,292.10549549710834,293.4818986755226,291.13019089245233,292.35162353515625,147142100
2019-12-23 00:00:00-05:00,293.1354754488179,293.19016437902224,292.6523713537724,292.7982177734375,52990000
2019-12-24 00:00:00-05:00,293.026067710231,293.07163254163527,292.5064951089071,292.80731201171875,20270000
2019-12-26 00:00:00-05:00,293.1901602146185,294.37515192605576,293.1810639379538,294.36602783203125,30911200
2019-12-27 00:00:00-05:00,295.0953240109606,295.1500129574212,293.7645132848047,294.2931823730469,42528800
2019-12-30 00:00:00-05:00,294.3752190438764,294.5119413986182,292.1875500985432,292.670654296875,49729100
2019-12-31 00:00:00-05:00,292.1692833540794,293.6277198137139,291.82290156546304,293.381591796875,57077300
2020-01-02 00:00:00-05:00,294.91293581934144,296.1434923281095,293.99229250686125,296.125244140625,59151200
2020-01-03 00:00:00-05:00,292.7436266674431,295.00420520161396,292.6889377189637,293.8830261230469,77709700
2020-01-06 00:00:00-05:00,292.13275138044804,295.08609221990963,292.0142494450799,295.0040588378906,55653900
2020-01-07 00:00:00-05:00,294.43891159464124,294.9129193650481,293.72792775638845,294.1745910644531,40496400
2020-01-08 00:00:00-05:00,294.3660590478099,296.95477064555246,294.11995883928836,295.7424621582031,68296000
2020-01-09 00:00:00-05:00,297.30122807910067,297.8208009132974,296.71784219845114,297.74786376953125,48473300
2020-01-10 00:00:00-05:00,298.33120751452185,298.48615024274386,296.4261352089056,296.8909912109375,53029300
2020-01-13 00:00:00-05:00,297.510801872737,298.94186605271307,297.082386683004,298.9327697753906,47086800
2020-01-14 00:00:00-05:00,298.49524063629786,299.54348231822837,297.9209789989077,298.4770202636719,62832800
2020-01-15 00:00:00-05:00,298.38584690535674,299.9080685509151,298.3038135068561,299.1515197753906,72056600
2020-01-16 00:00:00-05:00,300.52802066844026,301.64007568359375,300.30014077039544,301.64007568359375,54050300
2020-01-17 00:00:00-05:00,302.35097758583424,302.7884890679203,301.5761805798231,302.578857421875,95846000
2020-01-21 00:00:00-05:00,301.62169549358066,302.7884389482875,301.5487861977557,301.9862976074219,77742400
2020-01-22 00:00:00-05:00,302.84325022550865,303.4904491427102,301.8679454358583,302.02288818359375,48914900
2020-01-23 00:00:00-05:00,301.3757401528406,302.77948817393155,300.26368508994005,302.3692932128906,51963000
2020-01-24 00:00:00-05:00,303.02552540689584,303.1075588185603,298.3949910655985,299.68023681640625,87578400
2020-01-27 00:00:00-05:00,294.44811064824233,296.35318285602233,294.1108529210448,294.87652587890625,84062500
2020-01-28 00:00:00-05:00,296.298487210109,298.84163406721996,294.9676767051918,297.9665832519531,63834000
2020-01-29 00:00:00-05:00,299.32471133178075,299.55259115613137,297.5198931086739,297.7204284667969,53888900
2020-01-30 00:00:00-05:00,295.6604550917531,298.8963660446492,294.91303023429634,298.68670654296875,75491800
2020-01-31 00:00:00-05:00,298.0668193889295,298.22178991387807,292.3516032332454,293.26312255859375,113845600
2020-02-03 00:00:00-05:00,294.7398209430448,297.3011883827756,294.62131896327486,295.4416809082031,69083000
2020-02-04 00:00:00-05:00,299.0421238964606,300.8104734483571,298.723086598825,299.94451904296875,62573200
2020-02-05 00:00:00-05:00,302.87050163975044,303.61795412672234,301.4120930432873,303.4082946777344,65951100
2020-02-06 00:00:00-05:00,304.3654472195234,304.62067153969036,303.35364621707834,304.42926025390625,50359700
2020-02-07 00:00:00-05:00,303.37183913632214,304.4383010658972,302.2597845544811,302.80670166015625,64139400
2020-02-10 00:00:00-05:00,301.92256617332515,305.1311042908256,301.886097610239,305.0672912597656,42070000
2020-02-11 00:00:00-05:00,306.4164008111858,307.2002942348692,305.0673419265735,305.5960388183594,54864500
2020-02-12 00:00:00-05:00,307.02712038790895,307.7745731014097,306.6625181282939,307.56494140625,43992700
2020-02-13 00:00:00-05:00,306.1428600443528,308.20290257264736,305.8694153801374,307.2366943359375,54501900
2020-02-14 00:00:00-05:00,307.64681793808313,307.84735325121005,306.4527301518042,307.7288513183594,64582200
2020-02-18 00:00:00-05:00,306.735347223604,307.79271287619065,305.550355525555,306.9358825683594,57226200
2020-02-19 00:00:00-05:00,307.9021483533661,309.077988360176,307.6195795625174,308.4034729003906,48814700
2020-02-20 00:00:00-05:00,307.85643255424077,308.6768219464852,304.15566746657606,307.1363525390625,74163400
2020-02-21 00:00:00-05:00,305.78745621324725,306.0973695137125,303.15315143324005,303.9735412597656,113788200
2020-02-24 00:00:00-05:00,294.5484154937722,304.04643281297626,292.81650624331786,293.8921203613281,161088400
2020-02-25 00:00:00-05:00,295.2775405729495,295.88824287722144,284.11143004396996,284.9864807128906,218913200
2020-02-26 00:00:00-05:00,286.38112799579915,289.9633921811157,283.2090586238566,283.9382629394531,194773800
2020-02-27 00:00:00-05:00,278.43272007694435,283.99299421889395,271.1861572265625,271.1861572265625,284353500
2020-02-28 00:00:00-05:00,263.15560884540804,271.5324726677233,260.2752047841163,270.04669189453125,384975800
2020-03-02 00:00:00-05:00,271.8241515658398,281.80529862026447,268.40595433040124,281.7414855957031,238703600
2020-03-03 00:00:00-05:00,282.1152386233994,286.0712292614889,271.2408194618374,273.674560546875,300139100
2020-03-04 00:00:00-05:00,279.0342862432625,285.3967010302959,276.4911395839047,285.17791748046875,176613400
2020-03-05 00:00:00-05:00,277.995197331708,281.17639114422417,273.46494478951723,275.6981506347656,186366800
2020-03-06 00:00:00-05:00,267.21185726562237,272.343714991951,264.5502366862195,271.1405029296875,228667200
2020-03-09 00:00:00-04:00,250.94129282702897,259.04471406948755,249.25500410266218,249.9659881591797,309417300
2020-03-10 00:00:00-04:00,259.4548189035631,262.99148976667317,249.3004824278456,262.9003601074219,276444100
2020-03-11 00:00:00-04:00,255.86351506144038,256.99379025278967,246.91238758499932,250.08445739746094,255316300
2020-03-12 00:00:00-04:00,233.34894558391483,243.06574485920348,225.7650981762707,226.1570587158203,392220700
2020-03-13 00:00:00-04:00,239.81161165387473,247.45927200830852,226.5307825549705,245.49038696289062,329566100
2020-03-16 00:00:00-04:00,219.84023822786799,234.16932404862888,216.35824141554718,218.6279296875,297240000
2020-03-17 00:00:00-04:00,223.35868442017195,233.50391264622428,216.0938883539165,230.4320831298828,262070500
2020-03-18 00:00:00-04:00,215.34646582603455,226.39407689191867,207.84466479454713,218.76466369628906,327597100
2020-03-19 00:00:00-04:00,218.08099810602204,225.49165465544974,211.6730183757266,219.22950744628906,289322000
2020-03-20 00:00:00-04:00,222.37074721498362,224.14949538908877,209.50693107809147,209.78199768066406,347158800
2020-03-23 00:00:00-04:00,209.22272735900054,210.5888688079637,200.11810699641129,204.41827392578125,326025200
2020-03-24 00:00:00-04:00,214.93484144271505,223.81024024329707,214.3663807599711,222.93919372558594,235494500
2020-03-25 00:00:00-04:00,224.5162352253458,235.04201992086357,219.82181757105965,226.27664184570312,299430300
2020-03-26 00:00:00-04:00,228.7796754724951,240.95581473219283,228.3487411790397,239.48883056640625,257632800
2020-03-27 00:00:00-04:00,232.21804924789328,239.13131375893414,230.18257586335054,232.35557556152344,224341200
2020-03-30 00:00:00-04:00,234.44605962945386,240.61665407010992,232.45643301160396,239.9014892578125,171369500
2020-03-31 00:00:00-04:00,238.90211266816877,241.44185872909284,234.922859122693,236.32568359375,194881100
2020-04-01 00:00:00-04:00,227.3677561407306,236.2431562593995,223.62688640381754,225.6898651123047,189554600
2020-04-02 00:00:00-04:00,224.80962736839078,231.67704405266247,224.2594942177443,230.897705078125,177660400
2020-04-03 00:00:00-04:00,229.91662928983567,232.26385185645358,224.83712454211462,227.5602569580078,135561200
2020-04-06 00:00:00-04:00,236.40812276656246,244.80673935456574,227.54190283658446,242.8446044921875,188061200
2020-04-07 00:00:00-04:00,251.41749200591784,252.16933982804701,242.87219727816253,243.0922393798828,201427200
2020-04-08 00:00:00-04:00,245.68703684697715,253.0587562775526,243.20230109645226,251.25250244140625,153774500
2020-04-09 00:00:00-04:00,254.50736272812495,257.8264895451894,252.57276069196072,255.0758514404297,189999200
2020-04-13 00:00:00-04:00,254.10397034489313,254.44321124594032,248.85024130979565,252.74697875976562,114839100
2020-04-14 00:00:00-04:00,257.6248038351175,261.2189556921162,252.60947200950213,260.20123291015625,134143400
2020-04-15 00:00:00-04:00,254.49821499657006,260.3387321420968,252.5635849639978,254.67242431640625,121775000
2020-04-16 00:00:00-04:00,255.94697109979646,256.75382973935785,252.83876336438243,255.90113830566406,131798300
2020-04-17 00:00:00-04:00,261.659114795478,263.4195080259015,258.92680340917883,262.81439208984375,146684800
2020-04-20 00:00:00-04:00,259.11931962908403,262.95189746439894,257.9640704078135,258.1841125488281,100109300
2020-04-21 00:00:00-04:00,253.72798241574282,254.92909188820968,249.4094613850949,250.34469604492188,126385700
2020-04-22 00:00:00-04:00,255.21347850798543,257.64320419692683,253.89316945796656,255.90113830566406,92951600
2020-04-23 00:00:00-04:00,257.17549374033564,260.33873886010645,255.58013253954968,255.8826904296875,104709700
2020-04-24 00:00:00-04:00,257.39544928111945,260.1185810043095,255.35079905754318,259.4492492675781,85063200
2020-04-27 00:00:00-04:00,261.420615255831,264.3087793852271,260.96217561684955,263.190185546875,77896600
2020-04-28 00:00:00-04:00,266.8302527082662,267.17867138306195,261.67739457497856,261.97998046875,105270000
2020-04-29 00:00:00-04:00,267.2978754969445,270.36942737195216,266.27097494933463,268.8382263183594,118745600
2020-04-30 00:00:00-04:00,267.4629184687706,268.93910905447325,264.6022588270189,266.3351745605469,122901700
2020-05-01 00:00:00-04:00,261.59485828058166,266.5001686462375,258.11987753446385,259.2843322753906,125180000
2020-05-04 00:00:00-04:00,257.4046969992286,260.30203907180845,255.92853469244014,259.9994812011719,80873200
2020-05-05 00:00:00-04:00,262.81430977989436,265.20735144767355,260.1278320243504,262.4017028808594,79569900
2020-05-06 00:00:00-04:00,264.09796681903833,264.48304052192884,260.1920513755059,260.62298583984375,73632600
2020-05-07 00:00:00-04:00,263.8319800050877,265.6932435927499,263.26351939914133,263.7677917480469,75250400
2020-05-08 00:00:00-04:00,266.89447017023934,268.5998807173139,265.7666982281265,268.13226318359375,76452400
2020-05-11 00:00:00-04:00,266.20676247386785,269.56254444611375,265.7850057832069,268.1872253417969,79514200
2020-05-12 00:00:00-04:00,269.37009800773325,269.78267708892804,262.70436460396604,262.8419189453125,95870800
2020-05-13 00:00:00-04:00,262.2825424788248,263.3186207708161,255.77269255804435,258.1932678222656,144721100
2020-05-14 00:00:00-04:00,255.76347804149395,261.41142959963264,250.29885756390482,261.2830810546875,121977900
2020-05-15 00:00:00-04:00,258.89919065123917,262.53002466488874,257.95480613821377,262.48419189453125,111146300
2020-05-18 00:00:00-04:00,268.6914444443786,272.0839087534759,268.37055910186746,270.4793701171875,119703800
2020-05-19 00:00:00-04:00,269.8833792126806,271.58876097438247,267.68287488299757,267.7012023925781,95189300
2020-05-20 00:00:00-04:00,271.2312398155431,273.1108311782877,271.00201999174817,272.24896240234375,85861700
2020-05-21 00:00:00-04:00,272.1205969507901,272.9274551573874,269.2782657160711,270.3693542480469,78293900
2020-05-22 00:00:00-04:00,270.0851015880697,271.0569912617553,268.84730912262285,270.8827819824219,63958200
2020-05-26 00:00:00-04:00,276.83341854716673,277.0718161691973,270.90120710948116,274.2203063964844,88951400
2020-05-27 00:00:00-04:00,277.00752054474054,278.33700648648875,272.19390507286226,278.3003234863281,104817400
2020-05-28 00:00:00-04:00,279.32730748503195,281.3352756373356,277.1176247426951,277.7869567871094,90405200
2020-05-29 00:00:00-04:00,277.3193091660714,279.61150744849493,274.5778489741923,279.02471923828125,119090800
2020-06-01 00:00:00-04:00,278.38289544316814,280.7576095309241,277.86944526100126,280.1524658203125,55758300
2020-06-02 00:00:00-04:00,281.06940446353366,282.5180897682759,279.7399459537755,282.47222900390625,74267200
2020-06-03 00:00:00-04:00,284.45263612777273,287.18494662104723,284.1775835194625,286.23138427734375,92567600
2020-06-04 00:00:00-04:00,285.2503943614797,286.98331020860866,283.38912992249556,285.4796142578125,75794400
2020-06-05 00:00:00-04:00,290.86163222663976,294.56580447547407,290.79744395981476,292.7962341308594,150524700
2020-06-08 00:00:00-04:00,293.60307791418927,296.52792499363557,293.0621225082108,296.33538818359375,73641200
2020-06-09 00:00:00-04:00,293.67653392942805,296.4088452965522,292.81466483983,294.1258239746094,77479200
2020-06-10 00:00:00-04:00,294.70338803982554,295.5927621739855,291.7693627776029,292.4845275878906,95000800
2020-06-11 00:00:00-04:00,285.57125517345406,286.2039042091924,275.07300264511355,275.62310791015625,209243600
2020-06-12 00:00:00-04:00,282.61894313978905,283.38911860299044,273.7802388403364,278.9239196777344,194678900
2020-06-15 00:00:00-04:00,273.2483818586524,282.65557322051234,272.0747773753375,281.5278015136719,135782700
2020-06-16 00:00:00-04:00,289.25708690915724,289.4037909524716,282.0962619316776,286.946533203125,137627500
2020-06-17 00:00:00-04:00,287.9642291345723,288.2576371655434,285.02102704171295,285.7545471191406,83398900
2020-06-18 00:00:00-04:00,284.2417274083413,286.34136061280276,283.78328781211144,285.8645935058594,80828700
2020-06-19 00:00:00-04:00,289.3235800973279,289.5169641791191,282.28778324973854,284.2309265136719,135549600
2020-06-22 00:00:00-04:00,283.6322825514577,286.4502770307113,282.4903582303145,286.0542907714844,74649400
2020-06-23 00:00:00-04:00,288.6973956071107,289.627527981212,286.9660723422408,287.37127685546875,68471200
2020-06-24 00:00:00-04:00,285.3359965817493,285.95302134093265,278.2081310603143,280.0407409667969,132813500
2020-06-25 00:00:00-04:00,279.46981736237365,283.3100417218154,277.45301313177083,283.04296875,89468000
2020-06-26 00:00:00-04:00,281.9470509652658,282.1588713157659,275.7400992165521,276.32025146484375,127961000
2020-06-29 00:00:00-04:00,277.5727536803356,280.5196622715444,275.28887633629,280.38153076171875,79773300
2020-06-30 00:00:00-04:00,279.94863284970944,285.66752892214726,279.79209321079117,283.9730224609375,113394800
2020-07-01 00:00:00-04:00,285.08736775765794,287.2238950877985,284.62691073499315,285.96221923828125,72396500
2020-07-02 00:00:00-04:00,289.38806675534465,290.7326217108491,286.8739889973159,287.53704833984375,69344200
2020-07-06 00:00:00-04:00,291.3496151795207,292.55601050927066,290.6036769406393,291.975830078125,61713800
2020-07-07 00:00:00-04:00,290.43785396731937,292.4085952599446,288.5868078840447,288.9643859863281,82910000
2020-07-08 00:00:00-04:00,289.7287189273089,291.2850657221682,287.96979804712055,291.174560546875,54638600
2020-07-09 00:00:00-04:00,291.7824392568342,292.0218859318801,286.109604655345,289.5169982910156,83354200
2020-07-10 00:00:00-04:00,289.4525470058198,292.74021752489676,288.02514120267125,292.47314453125,57550400
2020-07-13 00:00:00-04:00,294.8122566026346,297.18820278628755,289.2867716039281,289.94061279296875,102997500
2020-07-14 00:00:00-04:00,288.522406144319,294.4715320808562,287.32522893206374,293.6979675292969,93657000
2020-07-15 00:00:00-04:00,296.91194993690715,297.4921303782736,294.0202658653574,296.396240234375,87196500
2020-07-16 00:00:00-04:00,294.49922110661043,295.87137455654613,293.85456979097415,295.4201354980469,54622500
2020-07-17 00:00:00-04:00,296.4238694209868,297.0593024720893,294.45309952821765,296.2765197753906,62774900
2020-07-20 00:00:00-04:00,296.00938243299004,299.4167754994566,295.26344433587724,298.67083740234375,56308800
2020-07-21 00:00:00-04:00,300.63245415579655,301.0744749886083,298.32095050262376,299.30633544921875,57292200
2020-07-22 00:00:00-04:00,298.94711028029644,301.323084234717,298.8366050924752,301.00994873046875,57792900
2020-07-23 00:00:00-04:00,300.65081332964456,301.35071700630476,296.05546117826077,297.41839599609375,75738000
2020-07-24 00:00:00-04:00,295.56746146986495,296.5251921252175,294.00189588834417,295.50299072265625,73766600
2020-07-27 00:00:00-04:00,296.193647698937,297.8328739008944,295.40164684860423,297.65789794921875,48293000
2020-07-28 00:00:00-04:00,296.93029101258077,298.04461717526414,295.4752592743561,295.76995849609375,57495000
2020-07-29 00:00:00-04:00,296.64488066256155,299.9693955729184,296.60803622504216,299.4076232910156,48454200
2020-07-30 00:00:00-04:00,296.4422441472383,298.7537475391664,294.36099738513786,298.3393249511719,61861700
2020-07-31 00:00:00-04:00,300.12596755695097,300.798245119707,295.9173824216007,300.6969299316406,84986800
2020-08-03 00:00:00-04:00,302.3546141881708,303.5517916334194,301.81127807969176,302.7874450683594,53077900
2020-08-04 00:00:00-04:00,301.930856580021,303.9568786621094,301.930856580021,303.9568786621094,41917900
2020-08-05 00:00:00-04:00,305.2553866917395,306.1026399985558,304.988313743364,305.8447570800781,42697700
2020-08-06 00:00:00-04:00,305.264638297825,308.00894452980793,304.942312718452,307.88922119140625,43679400
2020-08-07 00:00:00-04:00,306.922272863609,308.3957411535914,306.0197668612782,308.1102600097656,57308300
2020-08-10 00:00:00-04:00,308.5615137232704,309.21535494485994,306.6275882566364,309.03118896484375,44282100
2020-08-11 00:00:00-04:00,310.20985119434204,310.8452840303046,305.75263131441477,306.4801330566406,69601100
2020-08-12 00:00:00-04:00,308.91146746286313,311.52686046889016,308.88384116049235,310.7532958984375,53774400
2020-08-13 00:00:00-04:00,309.98892606516085,311.49923889521347,309.2706140885454,310.1915283203125,41816100
2020-08-14 00:00:00-04:00,309.80478873517694,310.7349211885929,309.0772585556513,310.2007751464844,47260400
2020-08-17 00:00:00-04:00,311.2136919707807,311.5820519648369,310.2098990427494,311.1860656738281,35481000
2020-08-18 00:00:00-04:00,311.5821682959095,312.28207221877597,309.9889762993076,311.85845947265625,38733900
2020-08-19 00:00:00-04:00,312.23588712741235,312.75159673010216,309.9980728045905,310.5598449707031,68054200
2020-08-20 00:00:00-04:00,308.8377736301808,312.0057207368476,308.7088602558769,311.52685546875,42207800
2020-08-21 00:00:00-04:00,311.1953037485117,312.85293788001695,310.8545419255064,312.6319274902344,55106600
2020-08-24 00:00:00-04:00,315.0631784958775,315.8735875319697,312.60435318835533,315.7999267578125,48588700
2020-08-25 00:00:00-04:00,316.36163229349035,316.9878471615432,315.2012714878101,316.90496826171875,38463400
2020-08-26 00:00:00-04:00,317.49441695300277,320.3492287448196,316.95108089894495,320.0821838378906,50790200
2020-08-27 00:00:00-04:00,320.94785991195465,322.227916207643,319.1244394337551,320.7820739746094,58034100
2020-08-28 00:00:00-04:00,321.80420702373715,322.9829758804368,320.61622003326073,322.8540344238281,48588900
2020-08-31 00:00:00-04:00,322.6422984405211,323.5171500758055,321.4543112428884,321.6845397949219,66099200
2020-09-01 00:00:00-04:00,322.51332671022755,324.8156120146118,321.6200388879637,324.7143249511719,54908700
2020-09-02 00:00:00-04:00,326.6206721827685,330.37798998883557,325.4787193923163,329.4110412597656,69540000
2020-09-03 00:00:00-04:00,327.72577971733415,328.19545502122673,315.4960384795062,318.0746154785156,148011100
2020-09-04 00:00:00-04:00,318.7560834008521,320.3216209085487,308.3865789911979,315.4776306152344,139156300
2020-09-08 00:00:00-04:00,310.08104920352173,315.5420924165605,306.553959764829,306.85784912109375,114465300
2020-09-09 00:00:00-04:00,310.8545526760322,315.37624441716423,309.98889114735533,312.91741943359375,91462300
2020-09-10 00:00:00-04:00,314.7869130200324,315.44075426286713,306.5263111431715,307.48406982421875,90569500
2020-09-11 00:00:00-04:00,309.2614738195936,310.32051973572015,304.822659763259,307.6406555175781,84680200
2020-09-14 00:00:00-04:00,310.7992781526269,313.46073328485505,307.78789928384793,311.69256591796875,65605700
2020-09-15 00:00:00-04:00,314.14215483655477,314.9709717515064,311.7017385465061,313.2673034667969,52920900
2020-09-16 00:00:00-04:00,314.50130843935,315.92871371302925,311.7477568248734,312.0240478515625,82096000
2020-09-17 00:00:00-04:00,307.1801324619214,310.9927306673699,306.65520463292705,309.2798156738281,91523300
2020-09-18 00:00:00-04:00,310.0833240814501,310.1942716478776,303.2412847248806,305.7192077636719,105877900
2020-09-21 00:00:00-04:00,301.14235702314835,302.4645288032245,297.47169236186676,302.31658935546875,99450800
2020-09-22 00:00:00-04:00,303.79599750028683,305.95030428150574,301.29030979270976,305.3955383300781,63612100
2020-09-23 00:00:00-04:00,305.9503536740996,306.22775080288056,297.8138791281714,298.31317138671875,93112200
2020-09-24 00:00:00-04:00,297.0001882528296,302.1594468796686,295.6872430633771,299.1082763671875,76681300
2020-09-25 00:00:00-04:00,298.25762343564503,304.7298270780176,297.38852490576954,303.9439392089844,71069400
2020-09-28 00:00:00-04:00,308.0954761934487,309.7042725378093,307.10614657674506,308.9923400878906,64584600
2020-09-29 00:00:00-04:00,308.788814611231,309.5284836874694,306.6159979020015,307.3094482421875,51304000
2020-09-30 00:00:00-04:00,307.97516755399596,312.78310129067506,307.78100935569034,309.63946533203125,104081100
2020-10-01 00:00:00-04:00,312.22836509125534,313.1991843917802,309.7504423645945,311.62738037109375,88698700
2020-10-02 00:00:00-04:00,306.6900399805022,311.5996670640401,306.2184846303253,308.6686706542969,89431100
2020-10-05 00:00:00-04:00,310.7212700191764,314.3272066536649,310.675051276602,314.1423034667969,45713100
2020-10-06 00:00:00-04:00,314.28097349200937,316.37057974539914,309.16793362544905,309.67645263671875,90128900
2020-10-07 00:00:00-04:00,312.62593551915137,315.87129250041943,312.5981986311307,315.06689453125,56999600
2020-10-08 00:00:00-04:00,316.99938098191984,317.92398175584026,316.0840070284668,317.8592529296875,45242500
2020-10-09 00:00:00-04:00,319.50498071538817,321.1600236881462,318.8855141153723,320.6977233886719,59528600
2020-10-12 00:00:00-04:00,323.2311019429976,327.32707559553944,322.7410647815939,325.8569641113281,80388500
2020-10-13 00:00:00-04:00,325.71829333157706,325.89396970025575,322.76881520469266,323.73040771484375,73255500
2020-10-14 00:00:00-04:00,324.30363883511666,325.39466069842285,320.96584443553525,321.6962585449219,57727900
2020-10-15 00:00:00-04:00,317.7944619067174,321.7794882050628,317.25820597808996,321.2987060546875,60357700
2020-10-16 00:00:00-04:00,322.6485591089017,324.30360178414776,320.9288158479538,321.1044921875,89501900
2020-10-19 00:00:00-04:00,322.36198948401005,322.9907111121093,315.3257925506402,316.22265625,68425600
2020-10-20 00:00:00-04:00,317.56327447111846,320.72542054305353,316.8051235185024,317.48931884765625,60051900
2020-10-21 00:00:00-04:00,317.4430127605339,319.60660232157625,316.58314124219487,316.8882751464844,63575000
2020-10-22 00:00:00-04:00,317.1010319977672,319.2091203575822,314.9652067470299,318.6266174316406,55399300
2020-10-23 00:00:00-04:00,319.8470889921267,319.9025627725712,317.25821851614603,319.7084045410156,49143900
2020-10-26 00:00:00-04:00,316.3336287158571,317.11954492115404,310.31446938243005,313.80023193359375,91473000
2020-10-27 00:00:00-04:00,314.14230712329396,314.475149793473,312.5057460118679,312.7184143066406,65994100
2020-10-28 00:00:00-04:00,307.05985871686283,312.7461466489848,301.5399921174108,302.030029296875,127094300
2020-10-29 00:00:00-04:00,302.26117045534187,308.2618190207296,300.57839067530114,305.0997009277344,90597700
2020-10-30 00:00:00-04:00,303.52789396877716,304.8315842442729,298.27616915749184,301.9190979003906,120287300
2020-11-02 00:00:00-05:00,305.3031311035156,307.3002435800331,302.566292996373,305.3031311035156,86068300
2020-11-03 00:00:00-05:00,308.5299198245358,312.74609552911073,305.38628400502864,310.6934814453125,93294200
2020-11-04 00:00:00-05:00,315.15934752702685,321.70553558783416,313.9851149209246,317.6372985839844,126959700
2020-11-05 00:00:00-05:00,322.9074308608974,325.635013295376,322.5560781983881,323.83203125,82039700
2020-11-06 00:00:00-05:00,323.5454798982403,325.0063646417054,321.43739166729375,323.7581481933594,74973000
2020-11-09 00:00:00-05:00,336.52684917649657,336.9059387720614,327.36405472488747,327.82635498046875,172304200
2020-11-10 00:00:00-05:00,326.83706430106344,328.39964160698554,324.08177251066513,327.3456115722656,85552000
2020-11-11 00:00:00-05:00,329.52768350264563,330.6002236995473,328.28872195189047,329.77734375,58649000
2020-11-12 00:00:00-05:00,328.7695157722759,329.823574150401,324.7752620558113,326.5782165527344,67546200
2020-11-13 00:00:00-05:00,328.48282147525566,331.8391259274995,327.96504743366876,331.0994567871094,62892200
2020-11-16 00:00:00-05:00,333.76234079790987,335.4266106214588,332.4771323966517,335.2324523925781,74541100
2020-11-17 00:00:00-05:00,332.8283977244911,334.63137974023823,331.32129460037004,333.42938232421875,66111000
2020-11-18 00:00:00-05:00,333.6976230414402,334.24313403742127,329.3797256027603,329.4167175292969,70591300
2020-11-19 00:00:00-05:00,328.7879360767462,331.1733928980095,327.44725409515723,330.8035583496094,59940900
2020-11-20 00:00:00-05:00,330.5446951604477,330.7481084092092,328.46434393216515,328.5382995605469,70417300
2020-11-23 00:00:00-05:00,330.3412386076394,331.7651311623136,328.112948198128,330.5076599121094,63230600
2020-11-24 00:00:00-05:00,333.0503176608031,336.37888489880055,332.1997010545498,335.8333740234375,62415900
2020-11-25 00:00:00-05:00,335.75017614636334,335.77791303204526,334.22459100072433,335.31561279296875,45330900
2020-11-27 00:00:00-05:00,336.4067390827349,336.7210999569683,335.24173308907643,336.24957275390625,28514100
2020-11-30 00:00:00-05:00,335.47282708749947,335.74096916518056,332.08881368370197,334.7608947753906,83872700
2020-12-01 00:00:00-05:00,338.00621842500254,339.95711197569057,337.4144605490259,338.4222717285156,74231400
2020-12-02 00:00:00-05:00,337.3127825968703,339.2914131198718,336.73953476512753,339.1342468261719,45927000
2020-12-03 00:00:00-05:00,339.03255404637883,340.42871003443537,337.94153206913154,339.04180908203125,62882000
2020-12-04 00:00:00-05:00,339.62432345507125,341.96356201171875,339.53185774514355,341.96356201171875,50749900
2020-12-07 00:00:00-05:00,341.1961049259402,341.75087093197277,339.9941354266788,341.2608337402344,48944300
2020-12-08 00:00:00-05:00,339.99411677063375,342.8233922079248,339.9478980295718,342.2593994140625,42458900
2020-12-09 00:00:00-05:00,342.9158052793327,343.0729715480787,338.35753202065183,339.1896667480469,74098300
2020-12-10 00:00:00-05:00,337.82129446332254,340.1235407764272,336.952167699225,339.0787658691406,57735400
2020-12-11 00:00:00-05:00,337.38668688428726,339.0879482674164,335.870356871384,338.6811218261719,57698600
2020-12-14 00:00:00-05:00,340.84477647871296,341.9172883370529,336.98917958686485,337.16485595703125,69216200
2020-12-15 00:00:00-05:00,339.69829722459764,341.7231750488281,338.3299062242927,341.7231750488281,63865300
2020-12-16 00:00:00-05:00,341.93578357691985,343.17474493301853,341.05740176418556,342.2593994140625,58420500
2020-12-17 00:00:00-05:00,343.8959099470601,344.3766920459077,343.0730019635639,344.17327880859375,64119500
2020-12-18 00:00:00-05:00,344.4611087749372,344.62823947679175,340.7933577976849,342.79901123046875,136542300
2020-12-21 00:00:00-05:00,338.8898932592316,351.4159127548199,336.15997816972384,341.5733642578125,96386700
2020-12-22 00:00:00-05:00,341.8983061447887,342.00972660665593,339.87409218928934,340.99761962890625,47949000
2020-12-23 00:00:00-05:00,341.96339496968784,343.20763766131074,340.9791428653168,341.30413818359375,46201400
2020-12-24 00:00:00-05:00,341.77759567483866,342.6597215709097,341.1926382423749,342.6318664550781,26457900
2020-12-28 00:00:00-05:00,345.17620587854617,345.96547227304984,344.55409858579725,345.57550048828125,39000400
2020-12-29 00:00:00-05:00,347.09815522580993,347.27458040793783,344.3310908811892,344.91607666015625,53680500
2020-12-30 00:00:00-05:00,345.7332289197448,346.4389297116673,345.0182619794542,345.4082336425781,49455300
2020-12-31 00:00:00-05:00,345.2132342407314,347.8874388872676,344.70254763729105,347.1631774902344,78520700
2021-01-04 00:00:00-05:00,348.4910332362678,348.6210426946345,338.7506384714175,342.43695068359375,110210800
2021-01-05 00:00:00-05:00,341.79620806023695,345.88178590422,341.74976397277425,344.7953796386719,66426200
2021-01-06 00:00:00-05:00,343.29115366008426,350.0416701451585,342.743317442046,346.85675048828125,107997700
2021-01-07 00:00:00-05:00,349.2246280958658,352.7530761209453,349.0482028609267,352.01025390625,68766800
2021-01-08 00:00:00-05:00,353.3937336428552,354.22941562712896,350.1531317059406,354.015869140625,71677200
2021-01-11 00:00:00-05:00,350.84954484541544,353.3844459686813,350.72882987062206,351.6295166015625,51034700
2021-01-12 00:00:00-05:00,351.8151841603632,352.71584242095815,349.4659464169587,351.7037353515625,52547700
2021-01-13 00:00:00-05:00,351.6294773146356,353.6443970420134,350.84950564563337,352.65087890625,45303600
2021-01-14 00:00:00-05:00,353.39372265354797,353.89514316325904,351.0816626236897,351.4159240722656,49989100
2021-01-15 00:00:00-05:00,349.80031300572944,350.5988454547158,346.9961266104406,348.85321044921875,107160000
2021-01-19 00:00:00-05:00,351.3045005009363,352.13091630295105,349.8281224423444,351.59234619140625,51233300
2021-01-20 00:00:00-05:00,353.87651262058415,357.2935676023044,353.48654097639,356.4578857421875,61836100
2021-01-21 00:00:00-05:00,357.01500286554875,357.4421524664681,355.86362018115483,356.7828674316406,47840100
2021-01-22 00:00:00-05:00,354.93503377752586,356.6806965547213,354.5543283134063,355.52001953125,52860500
2021-01-25 00:00:00-05:00,356.2535985157263,357.2749716933398,351.4158759647186,356.9221496582031,70402000
2021-01-26 00:00:00-05:00,357.86925374578055,358.2778143535909,356.1328853310083,356.3650207519531,42665300
2021-01-27 00:00:00-05:00,353.05019098865546,353.1430508430368,345.4268701693278,347.6553649902344,123351100
2021-01-28 00:00:00-05:00,349.46593655582046,354.6379205656578,349.02954916525357,350.64520263671875,94198100
2021-01-29 00:00:00-05:00,348.78808575780386,349.75377695616334,341.9540048463349,343.6253967285156,126765100
2021-02-01 00:00:00-05:00,347.01456637013837,350.3758824135657,343.91324084010205,349.34521484375,75817600
2021-02-02 00:00:00-05:00,352.52093227928594,355.8358337158987,349.42890017127894,354.28515625,64450700
2021-02-03 00:00:00-05:00,355.11155700905664,356.28152883956943,353.29162286803046,354.563720703125,52427100
2021-02-04 00:00:00-05:00,355.594427146348,358.64004369374027,354.67517965802557,358.5936279296875,47142600
2021-02-05 00:00:00-05:00,360.4599180558391,360.71061412663744,358.54712432112404,360.0049133300781,48669800
2021-02-08 00:00:00-05:00,361.4534777465929,362.6513046740329,360.59923510850524,362.6048889160156,38365200
2021-02-09 00:00:00-05:00,361.76918395765694,362.95774475328056,361.3606516052226,362.36346435546875,35551100
2021-02-10 00:00:00-05:00,364.09979957873327,364.24836966450124,359.8099410732521,362.20556640625,59154400
2021-02-11 00:00:00-05:00,363.28271443963257,363.70056961850463,360.36710768462626,362.79058837890625,42913300
2021-02-12 00:00:00-05:00,361.9920628197405,364.8241042599518,361.9177635996305,364.58270263671875,50593300
2021-02-16 00:00:00-05:00,365.8082587527633,366.0032729008585,363.5519093548807,364.2668762207031,50972400
2021-02-17 00:00:00-05:00,362.52129645099154,364.6012209832248,361.5091609681263,364.35052490234375,52290600
2021-02-18 00:00:00-05:00,361.7506393479471,363.5427184335589,360.03283114692755,362.7998962402344,59712800
2021-02-19 00:00:00-05:00,364.05341301185115,364.34125872083973,361.71346939446187,362.1591796875,83241000
2021-02-22 00:00:00-05:00,359.4013902770424,361.7784550408201,359.1042500973584,359.37353515625,67414200
2021-02-23 00:00:00-05:00,357.1728509983925,361.15630279532843,353.0315629822929,359.8099060058594,107284100
2021-02-24 00:00:00-05:00,358.7235712258007,364.2019909749651,357.7393191021612,363.77484130859375,72433900
2021-02-25 00:00:00-05:00,362.5120335653563,363.8769912428288,353.57017085547034,355.0093994140625,146670500
2021-02-26 00:00:00-05:00,356.8850463128118,358.0271345906392,351.20237503364604,353.1801452636719,152701600
2021-03-01 00:00:00-05:00,358.03645997578053,362.98560406297776,353.3751899411778,361.7413330078125,105348800
2021-03-02 00:00:00-05:00,361.9642260505401,362.1963615356677,358.41718903694675,358.9186096191406,79595300
2021-03-03 00:00:00-05:00,358.22215187611573,359.18781495345684,354.06227437694446,354.1644287109375,119940200
2021-03-04 00:00:00-05:00,353.97867561907805,356.5600204671109,345.30609935501286,349.78167724609375,183433000
2021-03-05 00:00:00-05:00,353.2729412236846,357.2656872416636,346.01176720058334,356.2164306640625,152039600
2021-03-08 00:00:00-05:00,357.1728776946545,359.9770636155982,354.1644114525265,354.4429626464844,123149200
2021-03-09 00:00:00-05:00,358.27788847962165,362.04776622878813,357.77646793232316,359.5035705566406,113633600
2021-03-10 00:00:00-05:00,361.8434873497362,363.4312860296286,360.43211389392627,361.7413330078125,109899400
2021-03-11 00:00:00-05:00,364.2019950148293,367.37759240388004,363.7469902205475,365.4090881347656,86245000
2021-03-12 00:00:00-05:00,364.0533342174548,366.0403986280399,363.2455075098559,365.901123046875,64653600
2021-03-15 00:00:00-04:00,366.15180845909873,368.34318144087337,364.0161740450138,368.08319091796875,73427200
2021-03-16 00:00:00-04:00,368.6960999272851,369.40177242737843,366.84828247321997,367.6189880371094,73722500
2021-03-17 00:00:00-04:00,366.33762904443535,369.6710910137919,365.19551232371896,368.87255859375,97959300
2021-03-18 00:00:00-04:00,366.2912103516865,368.371135091279,362.82773894437463,363.5055847167969,115349100
2021-03-19 00:00:00-04:00,363.20560482975657,364.7799824618673,360.6623728633488,362.8329772949219,113624500
2021-03-22 00:00:00-04:00,363.34537402520954,367.1089779028957,363.2894813107104,365.730224609375,73778600
2021-03-23 00:00:00-04:00,365.09671154896347,366.54065388487237,362.06906667782835,362.8515930175781,90686600
2021-03-24 00:00:00-04:00,364.24899956726335,365.8792700256846,360.96051229403434,361.007080078125,97588600
2021-03-25 00:00:00-04:00,359.5724129695901,363.82972563036685,357.63470442840975,363.03790283203125,116128600
2021-03-26 00:00:00-04:00,364.18373344592686,369.28881849367565,363.5875351124933,368.88824462890625,114409100
2021-03-29 00:00:00-04:00,367.4162848468423,369.60551031662703,365.935071468474,368.7018737792969,108107600
2021-03-30 00:00:00-04:00,367.435118905406,368.3946486226086,366.1308794663853,367.7239074707031,76262200
2021-03-31 00:00:00-04:00,368.2920667610857,370.7700812685605,368.26412040470916,369.2143249511719,112734200
2021-04-01 00:00:00-04:00,371.1426257443496,373.2573371455199,370.93767636691575,373.201416015625,99682900
2021-04-05 00:00:00-04:00,375.8564291896752,379.0983479190761,375.7819150666603,378.5580139160156,91684800
2021-04-06 00:00:00-04:00,377.99905545096397,379.37777983436615,377.66367085118264,378.33441162109375,62021000
2021-04-07 00:00:00-04:00,378.16675464905626,379.11695894712534,377.710288137678,378.77227783203125,55836300
2021-04-08 00:00:00-04:00,380.02068189018087,380.6262052108521,379.089098803099,380.5703125,57863100
2021-04-09 00:00:00-04:00,380.4492124791382,383.5048037222059,380.32810213483407,383.33709716796875,61104600
2021-04-12 00:00:00-04:00,382.74084817389485,383.7469452179368,382.13532496213276,383.476806640625,56704900
2021-04-13 00:00:00-04:00,383.37434940887186,385.2375154018544,382.9923969687516,384.61334228515625,56551000
2021-04-14 00:00:00-04:00,384.585426479011,385.6381198974038,382.7595316211662,383.29986572265625,61659900
2021-04-15 00:00:00-04:00,385.4331734470441,387.68761700399335,385.3866056650256,387.4174499511719,60229800
2021-04-16 00:00:00-04:00,388.7030774145645,389.3179257179002,387.287081231819,388.71240234375,82037300
2021-04-19 00:00:00-04:00,387.78079162080644,388.227933315343,385.4797802188034,386.8026123046875,78498500
2021-04-20 00:00:00-04:00,385.5914957452918,386.6907567846418,382.4986335803177,383.9705505371094,81851800
2021-04-21 00:00:00-04:00,383.35574340510965,387.808709170284,383.2159832062883,387.603759765625,66793000
2021-04-22 00:00:00-04:00,387.43607511013636,388.2651692129653,383.00173084573123,384.063720703125,97582800
2021-04-23 00:00:00-04:00,384.6227137075241,389.6346353832558,384.5481995678462,388.2279357910156,73209200
2021-04-26 00:00:00-04:00,388.87997690212677,389.60661044348035,388.29307511302295,389.038330078125,52182400
2021-04-27 00:00:00-04:00,389.33645070740164,389.53210359386003,387.8179659687333,388.9544982910156,51303100
2021-04-28 00:00:00-04:00,389.2246953658085,390.342606350338,388.3769514146441,388.8427429199219,51238900
2021-04-29 00:00:00-04:00,391.56289934262634,391.93552678623496,387.94835343735446,391.3206787109375,78544300
2021-04-30 00:00:00-04:00,389.05707214653626,389.90481621732505,387.8553219330377,388.7496337890625,85527000
2021-05-03 00:00:00-04:00,390.73387217038277,391.1158246327663,389.0943053331574,389.5880432128906,68128300
2021-05-04 00:00:00-04:00,387.6037329855272,388.09747082223015,383.5047736052085,387.18450927734375,101591200
2021-05-05 00:00:00-04:00,388.8241183887439,389.0570141395226,386.7466780571217,387.3056335449219,60162200
2021-05-06 00:00:00-04:00,387.3801805344539,390.5289359008101,385.3772825937991,390.3985290527344,74321400
2021-05-07 00:00:00-04:00,391.1624256128691,393.89195716185367,390.48235974282153,393.2398376464844,67733800
2021-05-10 00:00:00-04:00,393.59384166171475,393.81741249794896,389.22471484913274,389.3458251953125,81852400
2021-05-11 00:00:00-04:00,384.8368977997584,386.85841675179097,382.0048778519801,385.8709411621094,116888000
2021-05-12 00:00:00-04:00,383.09494694764567,384.3618863785904,376.35959057471223,377.6731262207031,134811000
2021-05-13 00:00:00-04:00,379.21949593633536,384.1382530041698,379.1728997288725,382.2098693847656,106394000
2021-05-14 00:00:00-04:00,384.9393362560565,388.92650966267627,384.9113899081225,388.0787658691406,82201600
2021-05-17 00:00:00-04:00,386.97034873222174,387.9019319072765,385.0792075943848,387.0914306640625,65129200
2021-05-18 00:00:00-04:00,387.3521831986254,387.59440386559174,383.597905008926,383.75628662109375,59810200
2021-05-19 00:00:00-04:00,379.0797721892408,382.9271861523255,377.5985301803542,382.75018310546875,106467100
2021-05-20 00:00:00-04:00,383.62587868681237,388.1254406224363,383.5047967743601,386.8677978515625,78022200
2021-05-21 00:00:00-04:00,388.3490042918943,389.5880256140857,386.0945893314259,386.5510559082031,76578700
2021-05-24 00:00:00-04:00,388.7868254622032,391.56295289159766,388.544604797389,390.49163818359375,51376700
2021-05-25 00:00:00-04:00,391.57227976579446,391.9262858634761,389.0476977323679,389.6252746582031,57451400
2021-05-26 00:00:00-04:00,390.2122010644439,390.9015634477315,389.17815748951244,390.3985290527344,43088600
2021-05-27 00:00:00-04:00,391.42316045586614,391.9355196277636,390.32387113726895,390.6033630371094,56707700
2021-05-28 00:00:00-04:00,392.1685199593985,392.4293620777178,391.0692587771713,391.3021545410156,58520200
2021-06-01 00:00:00-04:00,393.6590742965092,393.79880607447905,390.5196438229263,390.9574890136719,54216600
2021-06-02 00:00:00-04:00,391.60950638441597,392.41068247668926,390.6034093428114,391.5722351074219,49097100
2021-06-03 00:00:00-04:00,389.26200853094554,391.25558160462,387.79941622388145,390.1190490722656,58138800
2021-06-04 00:00:00-04:00,391.963486198523,393.98503350269976,390.18415953410863,393.6869201660156,55938800
2021-06-07 00:00:00-04:00,393.67768124837585,393.85468430384935,392.3734706525122,393.3050537109375,51555000
2021-06-08 00:00:00-04:00,394.162117490748,394.2552814880263,391.563021073544,393.388916015625,47134300
2021-06-09 00:00:00-04:00,394.2272923071258,394.3018348687151,392.57840061009364,392.8019714355469,48436300
2021-06-10 00:00:00-04:00,394.0222844350054,395.57804034366546,392.7087491710795,394.6278076171875,51020100
2021-06-11 00:00:00-04:00,395.17753829078254,395.3917841957337,393.8919491424424,395.2799987792969,45570800
2021-06-14 00:00:00-04:00,395.3918091672138,396.2674995574854,394.1528161505777,396.1650390625,42358500
2021-06-15 00:00:00-04:00,396.31410594008616,396.35134879576736,394.56272511460134,395.43841552734375,51508500
2021-06-16 00:00:00-04:00,395.5781373986484,395.8017082457771,391.19038894578637,393.23052978515625,80386100
2021-06-17 00:00:00-04:00,392.8205731235447,394.07818729216916,390.63134762723126,393.10003662109375,90949700
2021-06-18 00:00:00-04:00,389.8250684379665,390.5166859456781,387.5913161649363,387.79693603515625,118676300
2021-06-21 00:00:00-04:00,389.5541254102761,393.53566194360144,388.74100113745214,393.3487243652344,72822000
2021-06-22 00:00:00-04:00,393.339353041914,396.28343417143736,392.61966911686017,395.45159912109375,57700300
2021-06-23 00:00:00-04:00,395.5263432061953,396.33011186649463,394.89080121581947,394.97491455078125,49445400
2021-06-24 00:00:00-04:00,397.115319978314,397.7321512462469,396.86295139148933,397.31158447265625,45110300
2021-06-25 00:00:00-04:00,398.05922899461444,399.1714418641056,397.73210252899935,398.7228088378906,58129500
2021-06-28 00:00:00-04:00,399.2462640059079,399.69486854958024,398.0499376849995,399.5266418457031,53159600
2021-06-29 00:00:00-04:00,399.9097733050363,400.545315311481,399.20880030663477,399.7415466308594,35970500
2021-06-30 00:00:00-04:00,399.28353069746186,400.7509075851133,399.2554929203643,400.0779724121094,64827900
2021-07-01 00:00:00-04:00,400.83509959729395,402.4520211210759,400.7696685970019,402.2931213378906,53441000
2021-07-02 00:00:00-04:00,403.45206040174946,405.72320623377107,402.3772122424309,405.3680419921875,57697700
2021-07-06 00:00:00-04:00,405.4240804253988,405.6390557421083,401.90053315862076,404.629638671875,68710400
2021-07-07 00:00:00-04:00,405.31199914635374,406.34009873848606,403.3025486160357,406.0596923828125,63549500
2021-07-08 00:00:00-04:00,400.7509751205796,403.50814726468866,399.57333123869796,402.7510986328125,97595200
2021-07-09 00:00:00-04:00,404.25584763381096,407.349473214676,402.55481277928465,407.0503845214844,76238600
2021-07-12 00:00:00-04:00,406.9662573135737,408.76076088893643,406.5363351584208,408.5083923339844,52889600
2021-07-13 00:00:00-04:00,407.72331850573784,409.2187334442086,406.854118733952,407.1158142089844,52911300
2021-07-14 00:00:00-04:00,408.80744158086895,409.2934677745335,406.48022038406873,407.7232666015625,64130400
2021-07-15 00:00:00-04:00,406.38676403559714,407.0596992666777,404.43338933545084,406.3306884765625,55126400
2021-07-16 00:00:00-04:00,407.50838463044124,407.55510476141916,402.75111727654803,403.1436462402344,75874700
2021-07-19 00:00:00-04:00,398.3302836206056,403.20905730096297,394.38614069493224,397.1900329589844,147987000
2021-07-20 00:00:00-04:00,397.85360950811923,404.1530401378472,397.0591676686946,402.8819274902344,99608200
2021-07-21 00:00:00-04:00,404.07824240394586,406.28398573679834,402.83519609526724,406.1437683105469,64724400
2021-07-22 00:00:00-04:00,406.32141887481384,407.2373674036416,405.34006786173984,406.9943542480469,47878500
2021-07-23 00:00:00-04:00,408.91960818789283,411.51788035862415,408.2373460404216,411.1814270019531,63766600
2021-07-26 00:00:00-04:00,410.59261588453984,412.20018185039044,410.5458957579973,412.1908264160156,43719200
2021-07-27 00:00:00-04:00,411.15338725210887,411.18142503169713,407.4896224241449,410.3122253417969,67397100
2021-07-28 00:00:00-04:00,410.93836258827423,411.5178289786352,408.7232926987571,410.1439208984375,52472400
2021-07-29 00:00:00-04:00,411.0692398503543,412.919790195163,411.0598844170451,411.844970703125,47435300
2021-07-30 00:00:00-04:00,409.28412555399376,411.29357581662805,409.1532635675781,409.84490966796875,68951200
2021-08-02 00:00:00-04:00,411.55528082300833,412.1067095157106,408.62988215553224,408.98504638671875,58783300
2021-08-03 00:00:00-04:00,409.7794757496443,412.43382344600275,407.59244339115173,412.31231689453125,58053900
2021-08-04 00:00:00-04:00,411.0318422374195,412.28424381294224,410.0504915209961,410.2841491699219,46732200
2021-08-05 00:00:00-04:00,411.44307668627965,412.9665291012957,411.12530571054964,412.8824157714844,38969700
2021-08-06 00:00:00-04:00,413.20029762470335,413.9853841029397,412.91989126076,413.5647888183594,46930000
2021-08-09 00:00:00-04:00,413.53671760242094,413.8544886377314,412.4618979342041,413.2283020019531,41222600
2021-08-10 00:00:00-04:00,413.67690908891893,414.4526685963435,412.9946468851688,413.7423400878906,43339300
2021-08-11 00:00:00-04:00,414.80783999492405,414.8639155599606,413.6862716488568,414.77044677734375,44034300
2021-08-12 00:00:00-04:00,414.62092846348145,416.1537367311729,413.72369084389135,416.0135192871094,38909400
2021-08-13 00:00:00-04:00,416.4620637284058,416.78919015715337,415.9760660634455,416.7705078125,39470300
2021-08-16 00:00:00-04:00,415.47142121296486,417.8827560853764,413.91993068902,417.7519226074219,73740000
2021-08-17 00:00:00-04:00,415.2003062311289,415.8732414325838,412.0319231944984,415.0133972167969,92673900
2021-08-18 00:00:00-04:00,414.004033503329,415.5648794226537,410.2281457688839,410.47113037109375,89351900
2021-08-19 00:00:00-04:00,407.7513683082851,412.30304425730367,407.6111793930043,411.106689453125,92812200
2021-08-20 00:00:00-04:00,411.45252871527185,414.7050256555393,410.96650244315384,414.3778991699219,72008700
2021-08-23 00:00:00-04:00,416.06015823361497,418.9294809997778,414.4525924726287,418.02288818359375,54973000
2021-08-24 00:00:00-04:00,418.68658447265625,419.2193309044513,418.1725489124351,418.68658447265625,38744700
2021-08-25 00:00:00-04:00,418.87350683269574,420.0791600532625,418.49963168684314,419.56512451171875,40529700
2021-08-26 00:00:00-04:00,419.2847386206746,419.51839633690446,416.994910115224,417.08837890625,57829600
2021-08-27 00:00:00-04:00,417.89207569885787,421.1913209422029,417.8360001384459,420.8174743652344,77235100
2021-08-30 00:00:00-04:00,421.49047733469286,423.4532078324658,421.2474641854184,422.6681213378906,48357400
2021-08-31 00:00:00-04:00,422.5745248356213,422.9109781504676,421.4436298305058,422.0417785644531,59300200
2021-09-01 00:00:00-04:00,422.97644169749003,423.49047714229727,422.03245562039876,422.26611328125,48721400
2021-09-02 00:00:00-04:00,423.6867531244278,424.36901521225076,422.36892054735074,423.56524658203125,42501000
2021-09-03 00:00:00-04:00,422.4343619875005,423.97649682090514,422.03244913978364,423.4624328613281,47170500
2021-09-07 00:00:00-04:00,423.1166832249812,423.2101520054819,421.27545948751975,421.9483947753906,51671500
2021-09-08 00:00:00-04:00,421.4156743425341,422.14468518971387,419.5183465302411,421.4343566894531,56181900
2021-09-09 00:00:00-04:00,421.2379671718306,422.98572159927767,419.38738856018495,419.6304016113281,57970400
2021-09-10 00:00:00-04:00,421.5558988174952,421.9764655786585,416.2004538773262,416.32196044921875,89948200
2021-09-13 00:00:00-04:00,419.31278639177305,419.57448188147487,415.07888137909265,417.3874206542969,83738600
2021-09-14 00:00:00-04:00,418.82672304337876,419.03234294728094,414.2470381175579,415.13494873046875,78197100
2021-09-15 00:00:00-04:00,415.55548138185304,419.09773958576324,414.4526240434599,418.6023864746094,78792200
2021-09-16 00:00:00-04:00,418.0790622084627,419.05105771787464,414.99476341128366,417.9388732910156,77786700
2021-09-17 00:00:00-04:00,417.1681956679975,417.5901098184233,413.5114346800141,413.86773681640625,118425000
2021-09-20 00:00:00-04:00,407.7543373535724,409.32954038102963,402.10981691745377,406.96673583984375,166445500
2021-09-21 00:00:00-04:00,409.30141250201683,410.59533949300106,406.0572382327374,406.5823059082031,92526100
2021-09-22 00:00:00-04:00,408.8513325900805,412.58309005146594,406.69480673198865,410.5484313964844,102350100
2021-09-23 00:00:00-04:00,412.41434258074156,417.1399803704705,412.17993634176355,415.53662109375,76396000
2021-09-24 00:00:00-04:00,413.90516505538227,416.9337039803391,413.6895010133059,416.2210998535156,62094800
2021-09-27 00:00:00-04:00,415.1897452245322,416.35239112758217,414.33650299714867,415.0303649902344,61371100
2021-09-28 00:00:00-04:00,412.26433994291904,412.59251441684535,405.93537117136833,406.6667175292969,130436300
2021-09-29 00:00:00-04:00,408.0449684995728,409.7795802277792,406.7885546104285,407.35113525390625,82329200
2021-09-30 00:00:00-04:00,408.8232109595568,409.52642965582174,402.0348156347722,402.37237548828125,140506000
2021-10-01 00:00:00-04:00,404.0976889255961,408.8326843876151,400.58159468725086,407.1543273925781,129240100
2021-10-04 00:00:00-04:00,405.99156459254795,406.891676446688,399.7657217841494,401.9035339355469,128570000
2021-10-05 00:00:00-04:00,403.40382646967265,408.3263583984505,402.6068680010138,406.08544921875,90682500
2021-10-06 00:00:00-04:00,402.4942986652522,407.9794109817039,400.8722256266175,407.77313232421875,113032200
2021-10-07 00:00:00-04:00,411.04546603542565,414.1302318975777,410.867314983928,411.2986145019531,72437500
2021-10-08 00:00:00-04:00,412.0674077940218,412.4518374427157,409.9202387275282,410.5484313964844,74557400
2021-10-11 00:00:00-04:00,409.8921372238028,412.7987803671197,407.5105617770027,407.5762023925781,65233300
2021-10-12 00:00:00-04:00,408.4950853785661,408.89825725037673,405.7853354665387,406.57293701171875,71181200
2021-10-13 00:00:00-04:00,407.5949901170963,408.85140428938456,404.62273464026305,408.0356750488281,72974000
2021-10-14 00:00:00-04:00,411.6923881563111,415.04910180856405,411.2235756383798,414.8990783691406,70236800
2021-10-15 00:00:00-04:00,417.00870250976914,418.42452536112467,416.3898666001841,418.058837890625,66260200
2021-10-18 00:00:00-04:00,416.27735526871015,419.6340400404351,415.621006350095,419.2965087890625,62213200
2021-10-19 00:00:00-04:00,420.91862541650084,422.59695355572194,420.3091462784129,422.5313415527344,46996800
2021-10-20 00:00:00-04:00,422.99075914645675,424.4909648278342,422.878248727811,424.19091796875,49571600
2021-10-21 00:00:00-04:00,423.5908483463569,425.5223536137635,423.1595488456662,425.2973327636719,41305400
2021-10-22 00:00:00-04:00,424.86601382430814,426.30996431243693,422.91573783259383,424.85662841796875,58845100
2021-10-25 00:00:00-04:00,425.94420601670936,427.4631536608838,424.1721099698522,427.1349792480469,45214500
2021-10-26 00:00:00-04:00,428.68214462677764,429.8916602272119,427.144425952367,427.51947021484375,56075100
2021-10-27 00:00:00-04:00,427.97890546543795,428.6446111455954,425.5504317463337,425.6254577636719,72438000
2021-10-28 00:00:00-04:00,427.050677407055,429.80729721502064,427.0413206145411,429.7322998046875,51437900
2021-10-29 00:00:00-04:00,427.43510150597126,430.8949400235168,427.14444004690756,430.6042785644531,70162400
2021-11-01 00:00:00-04:00,431.5887337216653,431.96380657611127,429.61974430603044,431.344970703125,48433600
2021-11-02 00:00:00-04:00,431.51381650455664,433.3984520764042,431.38253525829714,433.0890197753906,48908400
2021-11-03 00:00:00-04:00,432.5264031559585,436.1362651463071,432.08571825925554,435.73309326171875,52509800
2021-11-04 00:00:00-04:00,436.33313266603705,437.87085131761023,435.9862160130472,437.7864685058594,52847100
2021-11-05 00:00:00-04:00,440.00860807313694,441.29314959663833,437.7958270632598,439.3053894042969,66390600
2021-11-08 00:00:00-05:00,440.40253164977514,440.8994718203254,438.99609396549533,439.6805419921875,50405200
2021-11-09 00:00:00-05:00,440.0461982673925,440.2806045314554,436.8207657847632,438.2272033691406,51149100
2021-11-10 00:00:00-05:00,436.53942763125457,438.2271697715408,433.220255788708,434.7016906738281,69429700
2021-11-11 00:00:00-05:00,436.1924978999976,436.2675239203641,434.8235734757579,434.8423156738281,34848500
2021-11-12 00:00:00-05:00,436.1081050332003,438.67718819768925,435.161094692695,438.1239929199219,53466700
2021-11-15 00:00:00-05:00,439.40868649591675,439.56806675569794,437.14900633520267,438.2741394042969,46980500
2021-11-16 00:00:00-05:00,438.0114907479462,441.14315465497026,437.9364933419403,440.0086364746094,48857500
2021-11-17 00:00:00-05:00,439.74607145027005,439.9242224676994,438.32089192487604,438.9397277832031,47858300
2021-11-18 00:00:00-05:00,439.97117780399594,440.6931674194312,437.2520708292828,440.4306335449219,50625600
2021-11-19 00:00:00-05:00,440.31806790988196,441.5651251990252,439.27731788187225,439.64300537109375,57315600
2021-11-22 00:00:00-05:00,441.5182563851529,444.0029569483632,438.19905582510415,438.40533447265625,72762000
2021-11-23 00:00:00-05:00,438.07713594296996,439.83987544998917,435.4799250989726,438.98663330078125,73206500
2021-11-24 00:00:00-05:00,436.98945366666055,440.28052618496287,436.17372459112534,440.15863037109375,61858800
2021-11-26 00:00:00-05:00,433.50155816840993,434.96425094373944,429.21660486222436,430.3417663574219,112669600
2021-11-29 00:00:00-05:00,435.12360436955294,437.45828126856935,432.9295654860119,435.62054443359375,86268800
2021-11-30 00:00:00-05:00,433.1826850458105,435.08606236584416,426.9005870421709,427.1443786621094,148559600
2021-12-01 00:00:00-05:00,432.8452422514508,435.68624501124225,422.2031922004538,422.40008544921875,131939200
2021-12-02 00:00:00-05:00,422.6157168413784,430.43550572803196,422.22190176024696,428.8696594238281,127637800
2021-12-03 00:00:00-05:00,430.5292831950463,431.5887754076615,420.91862695944747,425.137939453125,137331600
2021-12-06 00:00:00-05:00,427.67879672433503,432.04813164553576,425.269094165353,430.1728820800781,98977500
2021-12-07 00:00:00-05:00,435.4424103932935,439.633595102183,430.0416814760553,439.0710144042969,95484700
2021-12-08 00:00:00-05:00,439.46484235390875,440.68374339000826,437.7114595944113,440.2336730957031,72238800
2021-12-09 00:00:00-05:00,438.94912708653544,440.3368223530035,437.06452034105865,437.26141357421875,61272600
2021-12-10 00:00:00-05:00,439.9617996675269,441.52761743144606,437.41145846142433,441.3775939941406,77159800
2021-12-13 00:00:00-05:00,440.8619411504924,441.2088578538092,437.1864382259011,437.4677429199219,87724700
2021-12-14 00:00:00-05:00,434.20476780499797,436.6894683893485,431.5419161774256,434.4579162597656,97264100
2021-12-15 00:00:00-05:00,434.51416709666717,441.49007040259744,432.00131048296834,441.2463073730469,116899300
2021-12-16 00:00:00-05:00,443.0934545318682,443.3747305871484,435.80808994562267,437.3551940917969,116568600
2021-12-17 00:00:00-05:00,434.28120719660683,437.2827414785998,430.9974086651927,432.7004699707031,135511600
2021-12-20 00:00:00-05:00,427.62887521925904,428.4945046145701,424.4862092214544,428.0993347167969,107134800
2021-12-21 00:00:00-05:00,431.51492459595994,435.84315849906136,429.35082200169626,435.7020263671875,69806300
2021-12-22 00:00:00-05:00,435.44797367017134,440.1713773813337,435.2503599777173,440.0584716796875,58890200
2021-12-23 00:00:00-05:00,441.0558332086626,444.2925972471357,440.9523458894644,442.7965393066406,56439700
2021-12-27 00:00:00-05:00,444.1702284294298,449.1100532638039,444.12319396445406,449.0630187988281,56808600
2021-12-28 00:00:00-05:00,449.49583182545905,450.5214301033936,447.9339028188725,448.696044921875,47274600
2021-12-29 00:00:00-05:00,448.79965148280036,450.28629118812887,447.8022794254561,449.2701110839844,54503000
2021-12-30 00:00:00-05:00,449.69343150623797,450.7002217741406,447.56697399413,448.02801513671875,55329000
2021-12-31 00:00:00-05:00,447.53880315085513,448.6866969603346,446.6261104168571,446.8989562988281,65237400
2022-01-03 00:00:00-05:00,448.15975083339737,449.61819265083415,445.8545162929149,449.4864501953125,72668200
2022-01-04 00:00:00-05:00,450.9072851460478,451.6223929028808,447.48232558918886,449.3359375,71178700
2022-01-05 00:00:00-05:00,448.9689713732978,449.7405319442751,440.61360498167255,440.70770263671875,104538900
2022-01-06 00:00:00-05:00,440.2466361867598,443.0035221624816,437.9319546066855,440.2936706542969,86858900
2022-01-07 00:00:00-05:00,440.30316424651267,441.47931328156096,437.1981135652395,438.55303955078125,85111600
2022-01-10 00:00:00-05:00,435.36328278709937,438.2236562011222,429.62367048499374,438.00726318359375,119362000
2022-01-11 00:00:00-05:00,437.7438209696161,442.0908627934465,434.751676287286,441.99676513671875,74303100
2022-01-12 00:00:00-05:00,443.72798110407143,445.2428756029094,441.2345515344107,443.191650390625,67605400
2022-01-13 00:00:00-05:00,444.29252568167936,444.94176206075105,436.0594847879406,437.0850830078125,91173100
2022-01-14 00:00:00-05:00,433.9425030975037,437.6120820227763,432.7287093594842,437.2639465332031,95890900
2022-01-18 00:00:00-05:00,432.578128611285,432.7851319574491,428.4098639787604,429.5201416015625,109709100
2022-01-19 00:00:00-05:00,431.0632797435182,432.45582165960354,424.7873365975809,425.0602111816406,109357600
2022-01-20 00:00:00-05:00,426.94202425230395,431.6372011815895,418.2385229314581,420.3555908203125,122379700
2022-01-21 00:00:00-05:00,419.2359139440063,421.58821170548157,412.0755333410702,412.103759765625,202271200
2022-01-24 00:00:00-05:00,406.5053054589265,414.36198622480896,395.90115681307793,413.8538818359375,251783900
2022-01-25 00:00:00-05:00,407.4744480032651,413.7409730372485,401.9136123373261,408.8011474609375,167997300
2022-01-26 00:00:00-05:00,414.68194835284964,417.8058072699386,403.52263070334715,407.7756042480469,186391100
2022-01-27 00:00:00-05:00,412.3672026513168,415.50045053402,404.0777079047049,405.7619323730469,149878300
2022-01-28 00:00:00-05:00,407.1168944257264,415.88626787051186,402.54404110046244,415.8392333984375,164457400
2022-01-31 00:00:00-05:00,415.17116710249303,423.6770844746201,413.82565957531546,423.3289489746094,152251400
2022-02-01 00:00:00-05:00,424.0534262540882,426.82914917104256,420.5343978995624,426.1893310546875,123155400
2022-02-02 00:00:00-05:00,428.58867006151223,431.05387362428513,426.28340667304684,430.3293762207031,117361000
2022-02-03 00:00:00-05:00,424.30751219871513,426.208158589354,419.37707621036856,420.2145080566406,118024400
2022-02-04 00:00:00-05:00,419.9792032496543,426.0293055549054,417.6080689818472,422.19036865234375,118454400
2022-02-07 00:00:00-05:00,422.95251700944823,424.3450587788941,419.5087499574974,420.83544921875,84472900
2022-02-08 00:00:00-05:00,420.3368340105605,425.2202068332441,418.9160368655322,424.298095703125,81012000
2022-02-09 00:00:00-05:00,428.3252089130967,430.8280572528607,428.1276239352286,430.5081481933594,92589900
2022-02-10 00:00:00-05:00,424.67438876665915,430.6680383540824,420.778998939607,422.77374267578125,140103700
2022-02-11 00:00:00-05:00,422.858431768966,424.9284364407401,413.00700821201644,414.43719482421875,153214600
2022-02-14 00:00:00-05:00,413.9291560964369,415.50989334254666,409.61973040303707,413.0823059082031,123006300
2022-02-15 00:00:00-05:00,417.51401451434305,419.91334657222757,416.99649181538837,419.7439880371094,88482700
2022-02-16 00:00:00-05:00,417.7022412323989,421.5882420080019,415.8298212683436,420.2145080566406,84863600
2022-02-17 00:00:00-05:00,417.0341632264874,420.186247943638,410.63592485416507,411.23809814453125,102259100
2022-02-18 00:00:00-05:00,411.49214366579196,412.74358216810356,406.3076988713617,408.5753173828125,132642900
2022-02-22 00:00:00-05:00,406.37358261467153,409.7702869392554,400.6998126141375,404.1906433105469,124391800
2022-02-23 00:00:00-05:00,407.0980794779474,407.6626367061376,396.45628627766916,397.0208435058594,132578000
2022-02-24 00:00:00-05:00,386.7365259239518,403.4284488931798,386.3790008159794,402.99560546875,213942900
2022-02-25 00:00:00-05:00,404.22820402320997,411.97197784953823,402.5815957478885,411.8872985839844,121804500
2022-02-28 00:00:00-05:00,406.50529284633944,412.3107765451423,405.25388303089113,410.8335266113281,145615000
2022-03-01 00:00:00-05:00,409.3374336179091,411.34159579885494,401.8759236906789,404.5763854980469,137785900
2022-03-02 00:00:00-05:00,406.82521187285215,413.7409734291532,406.07248803205465,412.01910400390625,117726500
2022-03-03 00:00:00-05:00,414.4466183746847,415.04879163986294,408.17067562721684,409.96783447265625,105501700
2022-03-04 00:00:00-05:00,406.2418252656333,407.7661096277124,402.60047290853925,406.63702392578125,113978200
2022-03-07 00:00:00-05:00,406.05365494553234,406.75934432063025,394.58384800510765,394.64971923828125,137896600
2022-03-08 00:00:00-05:00,394.82848568696517,401.97005852746355,390.59434954887394,391.6575927734375,164772700
2022-03-09 00:00:00-05:00,400.02238799071915,404.13420015154503,397.8394486342406,402.15826416015625,116990800
2022-03-10 00:00:00-05:00,397.5571741386675,401.23617169428314,395.6000748169369,400.3423156738281,93972700
2022-03-11 00:00:00-05:00,402.82618602999435,403.4377775586542,394.74369630218587,395.2518005371094,95636300
2022-03-14 00:00:00-04:00,396.0234396841189,399.4671781987032,391.2247467020312,392.3632507324219,95729200
2022-03-15 00:00:00-04:00,394.9695806826798,401.62188528128036,393.69936293232934,400.9914855957031,106219100
2022-03-16 00:00:00-04:00,404.4917908123016,409.93969260401786,399.70248655331574,409.88323974609375,144954800
2022-03-17 00:00:00-04:00,407.9731446506093,415.01123046875,407.5967827207491,415.01123046875,102676900
2022-03-18 00:00:00-04:00,413.4028912886427,419.87763507524926,412.66669551110175,419.5567321777344,106345500
2022-03-21 00:00:00-04:00,419.3868421211315,421.3877829881189,415.9323761926658,419.4340515136719,88349800
2022-03-22 00:00:00-04:00,420.82152925763495,425.2764662267554,420.82152925763495,424.3420715332031,74650400
2022-03-23 00:00:00-04:00,421.8124388431465,423.30369655482366,418.79213287032195,418.8770751953125,79426100
2022-03-24 00:00:00-04:00,420.89699675804104,425.2009149244502,419.78326986493045,425.19146728515625,64736900
2022-03-25 00:00:00-04:00,425.8238364518409,427.5416361124458,423.2471369609336,427.2679138183594,77101300
2022-03-28 00:00:00-04:00,426.6732396590378,430.3070373535156,424.7855555376232,430.3070373535156,68529800
2022-03-29 00:00:00-04:00,434.18629362949696,436.1211874892994,431.50578514438973,435.63037109375,86581500
2022-03-30 00:00:00-04:00,434.4883159212036,435.30003519309184,430.83565120715195,432.9404296875,79666900
2022-03-31 00:00:00-04:00,432.1758375929519,432.996975544084,425.823770410925,426.2768249511719,121699900
2022-04-01 00:00:00-04:00,427.8530688001301,427.99463935727147,423.9172632927216,427.4849853515625,89048800
2022-04-04 00:00:00-04:00,427.6832403411355,431.2509628688752,426.8621021980193,431.1471252441406,59601000
2022-04-05 00:00:00-04:00,429.6559040358435,432.1193186765421,424.55916124519194,425.7012023925781,74214500
2022-04-06 00:00:00-04:00,421.793612229182,423.71902938512,418.5656595556562,421.4443664550781,106898000
2022-04-07 00:00:00-04:00,420.5666126114327,425.3802132507673,418.62230012164184,423.5680236816406,78097200
2022-04-08 00:00:00-04:00,422.8129558921499,425.32357938924946,420.89695753959705,422.4354248046875,79272700
2022-04-11 00:00:00-04:00,419.16972953989875,420.0097628914947,414.7148221783834,415.2150573730469,89770500
2022-04-12 00:00:00-04:00,418.19758861647455,420.71765996000386,412.12869019333453,413.6766052246094,84363600
2022-04-13 00:00:00-04:00,413.4311873130841,419.16973507105604,413.25185499529334,418.4146728515625,74070400
2022-04-14 00:00:00-04:00,418.64113099890267,419.7548865120772,413.1007827575576,413.2046203613281,97869500
2022-04-18 00:00:00-04:00,412.2797123367979,415.05461073103595,411.1470901663332,413.37457275390625,66002500
2022-04-19 00:00:00-04:00,413.2707073837323,420.76481631207815,413.10082271070314,420.0475158691406,77821000
2022-04-20 00:00:00-04:00,421.82202678994,422.4355185436729,418.5752068704938,419.7361145019531,65224400
2022-04-21 00:00:00-04:00,423.3509795921558,424.73842874926703,412.55342274585064,413.4595031738281,85417300
2022-04-22 00:00:00-04:00,412.3740611145033,413.47834025677906,401.5481909244776,402.114501953125,132471800
2022-04-25 00:00:00-04:00,399.8776988422103,404.61577704311816,395.3189241873108,404.4458923339844,119647700
2022-04-26 00:00:00-04:00,401.9163552608038,402.11458288317993,392.7044739689954,392.7327880859375,103996300
2022-04-27 00:00:00-04:00,393.8087220181219,399.1697677643689,391.7039722839688,393.8370361328125,122030000
2022-04-28 00:00:00-04:00,398.57509707971343,405.51234242525084,394.14847523083597,403.78509521484375,105449100
2022-04-29 00:00:00-04:00,399.80207204922027,401.95403088704296,388.11730223189977,388.8629455566406,145491100
2022-05-02 00:00:00-04:00,388.92904179526005,392.56283983474725,382.2749373532382,391.2037048339844,158312500
2022-05-03 00:00:00-04:00,391.7039805238848,395.4038260055901,390.14661777180356,392.9970397949219,100028200
2022-05-04 00:00:00-04:00,393.65769528593023,405.53124638806986,390.4769516548114,404.9649353027344,144247900
2022-05-05 00:00:00-04:00,400.7082064100307,401.1329469341785,386.44676416954945,390.57135009765625,172929100
2022-05-06 00:00:00-04:00,388.01353835630266,391.50573725161655,382.9451102963641,388.24005126953125,151770800
2022-05-09 00:00:00-04:00,382.3504814055953,383.5869123846669,374.23343271582064,375.8096618652344,155586100
2022-05-10 00:00:00-04:00,381.77478247387813,383.2754883521144,372.64784309050333,376.67803955078125,132497200
2022-05-11 00:00:00-04:00,375.71524733858433,381.3499860628742,369.94835688896774,370.6940002441406,142361000
2022-05-12 00:00:00-04:00,367.5038249274551,373.5727232304534,363.5208097766853,370.3070373535156,125090800
2022-05-13 00:00:00-04:00,374.43164996045624,380.53831045425517,373.3934177273955,379.1603088378906,104174400
2022-05-16 00:00:00-04:00,377.51798684544667,381.28390774009296,375.271637959596,377.6217956542969,78622400
2022-05-17 00:00:00-04:00,383.7001932426954,385.6256395203469,379.9720047899369,385.3896789550781,83029700
2022-05-18 00:00:00-04:00,380.840309909265,381.12345103452697,368.61754246873323,369.8539733886719,117674500
2022-05-19 00:00:00-04:00,366.79598209392395,372.00600991179766,365.3707710345012,367.58880615234375,98510700
2022-05-20 00:00:00-04:00,371.1659411793916,374.7336635050742,359.1697150107811,367.7492370605469,131432200
2022-05-23 00:00:00-04:00,370.7695728217986,375.39442331926466,368.4571763768478,374.6299133300781,76414900
2022-05-24 00:00:00-04:00,370.5146932699092,372.95924112163084,365.22917116715337,371.77001953125,91448800
2022-05-25 00:00:00-04:00,370.27866600739725,377.0177119551158,369.88226848328026,375.05450439453125,91472900
2022-05-26 00:00:00-04:00,376.28151834129653,384.18147159869255,376.0738719405769,382.5486145019531,82168300
2022-05-27 00:00:00-04:00,385.0026951176574,392.0531978674875,384.8044963104918,391.93994140625,84768700
2022-05-31 00:00:00-04:00,390.3259612932842,393.07254576990726,387.0036468547426,389.74078369140625,95937000
2022-06-01 00:00:00-04:00,391.8548806040497,392.8647696139848,384.077603239355,386.5882263183594,86585800
2022-06-02 00:00:00-04:00,386.4278638148007,393.9974674509903,384.1815149003103,393.9502868652344,79609600
2022-06-03 00:00:00-04:00,389.2405180200075,390.78843305581245,386.5128290364629,387.4849853515625,71874300
2022-06-06 00:00:00-04:00,391.48684319664267,393.21406164588547,387.4943805595861,388.6647644042969,57508900
2022-06-07 00:00:00-04:00,385.18200495505744,392.84599895820924,384.7195026936411,392.3929443359375,59272400
2022-06-08 00:00:00-04:00,390.68451274322166,392.46838795175415,387.3338851596179,388.126708984375,64350000
2022-06-09 00:00:00-04:00,386.35240557578845,388.61762134646665,378.89605712890625,378.89605712890625,86289800
2022-06-10 00:00:00-04:00,372.70440234363315,373.55385453962793,367.86248738155257,367.90966796875,132893900
2022-06-13 00:00:00-04:00,358.5184977773577,360.3684205912054,352.33631352731584,353.94085693359375,170004900
2022-06-14 00:00:00-04:00,355.68689685396777,356.71568127410126,349.7784361620524,352.8742370605469,104011800
2022-06-15 00:00:00-04:00,356.1682429235863,362.3409783554577,351.22251951050276,357.9049377441406,125666800
2022-06-16 00:00:00-04:00,349.70299946215493,350.1088447146559,343.63407193506487,346.05975341796875,134473300
2022-06-17 00:00:00-04:00,346.4739460122469,350.1423885814665,343.30789944734585,346.8056945800781,111113900
2022-06-21 00:00:00-04:00,352.521756092844,356.9200870230244,352.4459063417937,355.5361328125,76811900
2022-06-22 00:00:00-04:00,351.3178358414842,358.99598772773135,350.90074904768903,354.8915100097656,90059400
2022-06-23 00:00:00-04:00,357.0243321478926,359.1002487608876,353.46963484148904,358.370361328125,79292100
2022-06-24 00:00:00-04:00,361.53644062032527,369.7738622299875,361.5080041964566,369.7643737792969,98050300
2022-06-27 00:00:00-04:00,370.6838940402718,370.9777467592325,367.26191866802355,368.3520202636719,66009600
2022-06-28 00:00:00-04:00,369.9065529188097,372.68394948048416,360.71172428504013,360.8254699707031,86548900
2022-06-29 00:00:00-04:00,361.3753394353569,362.3611548271313,358.7116881165058,360.53167724609375,65676000
2022-06-30 00:00:00-04:00,356.6451313576215,360.8349471944622,353.1567954408799,357.6025390625,112508300
2022-07-01 00:00:00-04:00,356.9484798436387,361.82079880218214,354.33221338787916,361.3847351074219,74839700
2022-07-05 00:00:00-04:00,356.30389388763615,362.0862071237408,353.4790840960441,362.0672302246094,81438000
2022-07-06 00:00:00-04:00,362.2094581257224,365.7736442291068,359.8302001680812,363.29010009765625,70426200
2022-07-07 00:00:00-04:00,365.06272708039626,369.52741950591667,363.30907034528104,368.7311706542969,64525900
2022-07-08 00:00:00-04:00,367.100746104859,370.2952588737565,365.57460971282467,368.4278564453125,72397800
2022-07-11 00:00:00-04:00,365.7546492181339,366.7215164411496,363.5270331899998,364.2190246582031,58366900
2022-07-12 00:00:00-04:00,363.6692331147653,366.0485198112267,359.251925711996,360.99609375,62219200
2022-07-13 00:00:00-04:00,355.5645600399159,362.02937706003513,355.14747320454023,359.10028076171875,84224600
2022-07-14 00:00:00-04:00,354.15207948496095,359.30876226262916,351.71594911911046,358.2281494140625,89704800
2022-07-15 00:00:00-04:00,362.6265260152687,365.185919762693,360.72122784420594,365.0721740722656,79060400
2022-07-18 00:00:00-04:00,368.1528525900141,368.82586710212945,360.834915426236,362.0577392578125,63203600
2022-07-19 00:00:00-04:00,365.9727386763569,372.40912002024146,365.31870085166923,371.8403625488281,78506000
2022-07-20 00:00:00-04:00,372.02984989964705,375.62247177061846,370.66484393622255,374.2100524902344,71843800
2022-07-21 00:00:00-04:00,373.63182056702766,378.0680753048155,371.2335862430008,378.02069091796875,64903900
2022-07-22 00:00:00-04:00,378.1440056178114,379.3383643459128,372.29533041038957,374.5134582519531,72197300
2022-07-25 00:00:00-04:00,375.1390328241593,375.8215358224329,372.7313098957775,374.9684143066406,53631500
2022-07-26 00:00:00-04:00,373.3284791799176,373.5370225526236,369.6410886834943,370.5321350097656,52946400
2022-07-27 00:00:00-04:00,373.82144153900765,381.8977324950311,373.5275888700464,380.153564453125,82342100
2022-07-28 00:00:00-04:00,380.95927437369363,385.61353235014826,377.4140367716771,384.92156982421875,73966600
2022-07-29 00:00:00-04:00,386.3529667558723,391.51913892921795,385.58515437514285,390.5332946777344,87003700
2022-08-01 00:00:00-04:00,387.8411455020427,391.8792906615118,387.13020608259814,389.37677001953125,69997500
2022-08-02 00:00:00-04:00,387.8126838455422,391.4906148313067,385.632481339068,386.8078918457031,63435400
2022-08-03 00:00:00-04:00,388.9313152353376,394.0311261963377,388.64695098882254,392.8652038574219,67820600
2022-08-04 00:00:00-04:00,392.78929793981433,393.4718009620609,390.9598207163616,392.5997314453125,45656600
2022-08-05 00:00:00-04:00,388.3245873478551,392.5807353471059,388.26771450946586,391.9361572265625,56814900
2022-08-08 00:00:00-04:00,393.62347746477167,395.87004150956847,390.3815808280443,391.4811706542969,53886100
2022-08-09 00:00:00-04:00,390.75135154157846,391.25374768614296,388.85551266726645,389.9266662597656,44931800
2022-08-10 00:00:00-04:00,396.96963344138766,398.258818700046,395.01692204612334,398.1166076660156,68665700
2022-08-11 00:00:00-04:00,400.96036549541424,402.8183081055924,397.3772317875,398.1166076660156,59489700
2022-08-12 00:00:00-04:00,400.050395788599,404.9606110010774,399.10247645360926,404.8563537597656,61694500
2022-08-15 00:00:00-04:00,402.6477019536426,407.0460617331619,402.5908291054767,406.5246887207031,54048300
2022-08-16 00:00:00-04:00,405.4536118611294,409.2452898023257,404.64787451298383,407.3210144042969,59289000
2022-08-17 00:00:00-04:00,403.7283280008868,407.1313549468698,402.42968313864895,404.4297790527344,63563400
2022-08-18 00:00:00-04:00,404.62877901944364,406.2876376325339,403.3396227828059,405.60516357421875,49023200
2022-08-19 00:00:00-04:00,402.84684256762546,403.11225887250237,399.28265596367197,400.1547546386719,68016900
2022-08-22 00:00:00-04:00,395.329701995395,395.5003494416631,390.92188337608326,391.8224182128906,77695600
2022-08-23 00:00:00-04:00,391.3958862975145,393.7846615275958,390.32473282411485,390.8745422363281,49105200
2022-08-24 00:00:00-04:00,390.64704312287796,393.4908012724624,389.96456893805333,392.1258239746094,49177800
2022-08-25 00:00:00-04:00,393.6139873082117,397.70900548583626,392.5238859364247,397.66162109375,50942300
2022-08-26 00:00:00-04:00,397.5478287573556,398.0881206908962,384.14423800473423,384.20111083984375,103087000
2022-08-29 00:00:00-04:00,381.2531987151374,384.70361032886984,380.3052793040388,381.6607971191406,65370800
2022-08-30 00:00:00-04:00,382.81719520790887,383.0541750206006,375.3760233037477,377.4709167480469,85652400
2022-08-31 00:00:00-04:00,379.1013099434974,380.34308175251573,374.4660002053889,374.59869384765625,76029700
2022-09-01 00:00:00-04:00,372.4280160542996,376.1154069737023,369.7264403478649,375.774169921875,78740100
2022-09-02 00:00:00-04:00,379.43310730382876,380.6464427581479,370.00129941700374,371.81182861328125,99632100
2022-09-06 00:00:00-04:00,372.6555302445026,373.5939611226999,368.1908383071308,370.4089660644531,76637400
2022-09-07 00:00:00-04:00,370.0961415467539,377.83116684452074,369.87813861226584,377.0633544921875,70964200
2022-09-08 00:00:00-04:00,374.79781566335777,379.98290632149366,373.59393967123003,379.5279235839844,80821700
2022-09-09 00:00:00-04:00,381.7649972904449,386.28659071940456,381.4995810521483,385.4239807128906,76706900
2022-09-12 00:00:00-04:00,387.49036954861117,390.2867424721617,387.1870284930554,389.5663146972656,69256300
2022-09-13 00:00:00-04:00,380.90239200547273,382.10626800654813,371.5085373863549,372.6270751953125,122947100
2022-09-14 00:00:00-04:00,373.9257465690702,375.5656574561683,370.75021096587693,374.0489807128906,85023700
2022-09-15 00:00:00-04:00,372.4943947202488,375.3381528851013,368.53209861998994,369.80230712890625,87633800
2022-09-16 00:00:00-04:00,365.6295510878898,367.6378630769438,363.69734233012485,366.9811096191406,103084800
2022-09-19 00:00:00-04:00,363.84014194343365,369.8270263671875,363.763980617156,369.8270263671875,73278500
2022-09-20 00:00:00-04:00,366.5051690967704,367.51408871168167,362.83118428153335,365.5819091796875,77274900
2022-09-21 00:00:00-04:00,367.504586823731,370.5504007332188,359.19527603958755,359.2048034667969,106746600
2022-09-22 00:00:00-04:00,358.4338263970015,360.0709463739704,355.4451478506608,356.18756103515625,89472600
2022-09-23 00:00:00-04:00,352.7228482792776,352.7609289323935,345.7841524325805,350.2196044921875,122346900
2022-09-26 00:00:00-04:00,348.7538794551558,352.3707580104209,345.53674617910787,346.75506591796875,92581200
2022-09-27 00:00:00-04:00,350.2862710344236,352.5515910179344,343.4808127042095,345.869873046875,108294100
2022-09-28 00:00:00-04:00,346.821678453464,354.3600222961964,345.1274522170946,352.6753234863281,110802200
2022-09-29 00:00:00-04:00,349.1346285560483,349.42016092257757,342.36725004597866,345.308349609375,112952300
2022-09-30 00:00:00-04:00,344.36596930372804,348.2779362644351,339.83535868204586,339.9685974121094,153711200
2022-10-03 00:00:00-04:00,343.6806881754969,350.7907337489844,341.90080218718504,348.9442138671875,89756500
2022-10-04 00:00:00-04:00,354.45525951637643,359.78541969158493,348.90620087696135,359.7568664550781,103602800
2022-10-05 00:00:00-04:00,355.3975589353477,361.1750432151708,353.0751323104993,358.91925048828125,88065700
2022-10-06 00:00:00-04:00,357.5200770483229,360.47070383972516,354.72174385776447,355.2167053222656,82333500
2022-10-07 00:00:00-04:00,351.19054873616767,355.3023890964065,343.5474892236813,345.308349609375,107789500
2022-10-10 00:00:00-04:00,346.42189898919605,346.659852271921,340.43501530969775,342.6717529296875,76042800
2022-10-11 00:00:00-04:00,340.9775239932869,345.5367169870272,338.5694379532379,340.5016174316406,92482800
2022-10-12 00:00:00-04:00,340.91091321016154,342.48139902682294,339.1309983011124,339.37847900390625,76991800
2022-10-13 00:00:00-04:00,332.38265512986965,349.8008528442018,331.3356548770357,348.3350524902344,147254500
2022-10-14 00:00:00-04:00,350.79081983861744,352.41844167988336,339.7593059274595,340.39703369140625,123737000
2022-10-17 00:00:00-04:00,346.46954168027236,350.24824134925336,340.06382821256403,349.1441345214844,93168200
2022-10-18 00:00:00-04:00,357.0536513093477,357.35823847132036,349.81033854515664,353.24639892578125,97162900
2022-10-19 00:00:00-04:00,351.2094821189524,353.9316825006344,347.93524295824557,350.74310302734375,79746900
2022-10-20 00:00:00-04:00,350.2958396474553,354.71226720130164,347.04062545500517,347.8020935058594,88283100
2022-10-21 00:00:00-04:00,347.5260706048134,356.7396164612049,346.02221835785116,356.25421142578125,131038400
2022-10-24 00:00:00-04:00,357.77704931693273,361.7460937798273,355.1309809456278,360.6134338378906,85436900
2022-10-25 00:00:00-04:00,360.5372386075511,366.6859421850005,360.42302570007934,366.3718566894531,78846300
2022-10-26 00:00:00-04:00,363.2309138667366,368.90371186098525,362.9739347843384,363.61163330078125,104087300
2022-10-27 00:00:00-04:00,364.6110821532887,366.44807462100994,361.05128110498777,361.66998291015625,81971800
2022-10-28 00:00:00-04:00,361.5652682350303,370.75025961760167,361.3844214069697,370.27435302734375,100302000
2022-10-31 00:00:00-04:00,367.81871998807645,369.68426585196175,366.6955873080766,367.59979248046875,96631300
2022-11-01 00:00:00-04:00,371.34039469961164,371.5783479860967,364.8204688405162,365.9911804199219,85407600
2022-11-02 00:00:00-04:00,365.4010542504777,369.9031408055681,356.70149735976,356.8061828613281,126990400
2022-11-03 00:00:00-04:00,353.5700586148132,356.1685191668986,351.01920615203176,353.1322326660156,87100100
2022-11-04 00:00:00-04:00,358.8336386983156,360.6135250438023,352.170945141583,358.2149658203125,103505200
2022-11-07 00:00:00-05:00,359.5093069084671,362.2315073959389,357.4343613850076,361.6413879394531,68286900
2022-11-08 00:00:00-05:00,362.745493209243,366.5622732100706,359.5188617569453,363.5926208496094,84641100
2022-11-09 00:00:00-05:00,361.62234147920316,362.77405623568103,355.60687575970667,356.1018371582031,78495500
2022-11-10 00:00:00-05:00,369.351119187772,376.0043135418382,367.0572748219786,375.6711730957031,141455800
2022-11-11 00:00:00-05:00,376.5278212790889,380.106648595616,374.64322048105964,379.30712890625,93839900
2022-11-14 00:00:00-05:00,377.5461835918774,380.89655521020984,375.8043493716394,376.08038330078125,71903500
2022-11-15 00:00:00-05:00,381.8198207261606,382.9239274120566,375.4807419701021,379.2879943847656,93194500
2022-11-16 00:00:00-05:00,377.6604299906343,378.61224316456577,375.76633106956126,376.39453125,68508500
2022-11-17 00:00:00-05:00,371.6449453937852,375.91860608551974,371.34038726892305,375.2427978515625,74496300
2022-11-18 00:00:00-05:00,378.57415608736795,378.64078997970154,374.10065167393867,376.9465637207031,92922500
2022-11-21 00:00:00-05:00,375.6235663390515,376.7466989172969,373.73896579052973,375.5759582519531,51243200
2022-11-22 00:00:00-05:00,377.51770796736366,380.79194799230964,376.1090138482937,380.630126953125,60429000
2022-11-23 00:00:00-05:00,380.29692789864373,383.51406095455076,380.06850204043604,383.0286560058594,68261600
2022-11-25 00:00:00-05:00,382.4671170422372,383.4950916496888,382.19111210524926,382.9430236816406,30545400
2022-11-28 00:00:00-05:00,379.8590951809206,381.4962149118125,376.0708685003482,376.83233642578125,67881600
2022-11-29 00:00:00-05:00,376.96552317001493,378.1552894078284,374.34803744682523,376.18505859375,52310000
2022-11-30 00:00:00-05:00,376.4325522787015,388.03515625,374.51942770651925,388.03515625,144566700
2022-12-01 00:00:00-05:00,389.07263892248426,390.2433795179694,385.24636063389784,387.7496337890625,76398200
2022-12-02 00:00:00-05:00,382.8668240269508,388.20648163885994,382.7621385272809,387.3022766113281,85342700
2022-12-05 00:00:00-05:00,384.4848808065506,385.4176389754673,378.9834027162839,380.3349609375,77289800
2022-12-06 00:00:00-05:00,380.1732617355015,380.7157732131678,372.76815579992063,374.85260009765625,77972200
2022-12-07 00:00:00-05:00,374.005504706076,376.57541212687585,373.0822446819997,374.21490478515625,65927900
2022-12-08 00:00:00-05:00,376.09948257287107,378.2124799961138,374.3195674856605,377.1464538574219,60737900
2022-12-09 00:00:00-05:00,375.90911499149865,378.459967446831,374.20536119651905,374.3291015625,81447700
2022-12-12 00:00:00-05:00,375.119059475854,379.7258605957031,374.4528077117335,379.7258605957031,75405800
2022-12-13 00:00:00-05:00,390.45280046353844,390.70977956297014,379.8400894083029,382.600341796875,123782500
2022-12-14 00:00:00-05:00,382.257673780074,385.9602409589763,377.21307559103866,380.1541748046875,108111300
2022-12-15 00:00:00-05:00,375.2999627142446,376.20419694431035,369.19886518287717,370.8550109863281,117705900
2022-12-16 00:00:00-05:00,368.3029691083944,369.6416209558771,364.34438227509384,366.4766540527344,119858000
2022-12-19 00:00:00-05:00,366.6677725102284,367.00244264852483,361.7051766658202,363.3689270019531,79878100
2022-12-20 00:00:00-05:00,362.6136124267533,365.4821639806004,361.29407404311723,363.8662109375,74427200
2022-12-21 00:00:00-05:00,366.4575070608886,370.4352358837999,365.92204637130624,369.30694580078125,78167400
2022-12-22 00:00:00-05:00,366.26628710078785,369.28783218740784,358.3490843681481,364.03839111328125,100120900
2022-12-23 00:00:00-05:00,363.0152466207401,366.2758375341586,361.46623322301946,366.1324157714844,59857300
2022-12-27 00:00:00-05:00,366.01770849733794,366.36192075609665,363.0152765095284,364.6885986328125,51638200
2022-12-28 00:00:00-05:00,364.6215818081712,366.59134742365524,359.92674469166934,360.1562194824219,70911500
2022-12-29 00:00:00-05:00,362.9961017998292,367.5092910145083,362.47018314198056,366.63916015625,66970900
2022-12-30 00:00:00-05:00,363.9619134619415,365.8168836865277,361.8487256860745,365.6734619140625,84022200
2023-01-03 00:00:00-05:00,367.52841345608357,369.49815002254616,361.274962367188,364.13397216796875,74850700
2023-01-04 00:00:00-05:00,366.3905568832152,368.9722652057651,363.34989894273167,366.9451599121094,85934100
2023-01-05 00:00:00-05:00,364.9945470716449,365.10928447945327,362.1642506841692,362.757080078125,76970500
2023-01-06 00:00:00-05:00,365.84547897836046,372.19455357778276,362.785708249104,371.0758056640625,104189600
2023-01-09 00:00:00-05:00,373.26550947515705,376.44961824670435,370.6838304181261,370.865478515625,73978100
2023-01-10 00:00:00-05:00,370.28219867133123,373.53321794947027,369.3451279864,373.4662780761719,65358100
2023-01-11 00:00:00-05:00,375.0439955334967,378.26633038365287,374.2312334389066,378.1898193359375,68881100
2023-01-12 00:00:00-05:00,379.28943913488575,381.0296714661986,375.2256580025695,379.56671142578125,90157700
2023-01-13 00:00:00-05:00,376.37315440820146,381.6130534140989,376.10542404617286,381.0393371582031,63903900
2023-01-17 00:00:00-05:00,381.0202202604648,382.6935423019026,379.6624261074559,380.34130859375,62677300
2023-01-18 00:00:00-05:00,381.5269162830095,382.58826631918953,374.1356048315,374.3363952636719,99632300
2023-01-19 00:00:00-05:00,372.2998136739957,373.94445143359656,370.2918504811202,371.61138916015625,86958900
2023-01-20 00:00:00-05:00,373.00734634342695,378.68708106087394,371.36270886328373,378.5340881347656,91806400
2023-01-23 00:00:00-05:00,379.3372757234957,385.0074392135379,378.3810918291715,383.0759582519531,84178800
2023-01-24 00:00:00-05:00,381.4026252152029,383.57315208650715,380.21696655885887,382.664794921875,59524900
2023-01-25 00:00:00-05:00,378.6009940622238,383.1428671935605,376.31570073269967,382.8081970214844,84800300
2023-01-26 00:00:00-05:00,385.466459007332,387.1780365308271,382.5022827834098,387.0154724121094,72287400
2023-01-27 00:00:00-05:00,385.97315181927854,390.2759788703347,385.7627902184548,387.9046325683594,68346200
2023-01-30 00:00:00-05:00,385.1508780562935,387.37880296998725,382.7413050405992,383.0377197265625,74202000
2023-01-31 00:00:00-05:00,383.5540875652921,388.717475261581,383.2098461559824,388.669677734375,86811800
2023-02-01 00:00:00-05:00,387.4552290338302,395.5445649835094,384.7205573752073,392.80029296875,101459200
2023-02-02 00:00:00-05:00,396.68245506156615,399.9813013244029,394.78922953717114,398.5183410644531,101654500
2023-02-03 00:00:00-05:00,393.55573107794413,398.7000051703591,393.0776391240828,394.2824401855469,94736800
2023-02-06 00:00:00-05:00,391.8345763914126,393.2688521236934,390.21862339860974,391.872802734375,60295300
2023-02-07 00:00:00-05:00,390.9548967397829,398.241013206568,389.7118693730586,396.99798583984375,90990700
2023-02-08 00:00:00-05:00,395.02826801613645,396.3669196696717,391.9684677962696,392.65692138671875,76227500
2023-02-09 00:00:00-05:00,396.2522033663381,396.4051963035193,388.0290153704697,389.2529296875,78694900
2023-02-10 00:00:00-05:00,388.07678232835883,390.54375312300726,387.26404936045475,390.1612854003906,70769700
2023-02-13 00:00:00-05:00,390.81149214644563,394.875273798094,390.3525133608386,394.74139404296875,64913500
2023-02-14 00:00:00-05:00,393.2210725630297,396.86413102531327,390.61070909281807,394.55975341796875,88389300
2023-02-15 00:00:00-05:00,392.3700513500147,395.9174852871057,391.52860488743005,395.84100341796875,61555700
2023-02-16 00:00:00-05:00,390.87847129038914,394.8179447595729,390.25695751731473,390.39080810546875,76431500
2023-02-17 00:00:00-05:00,388.26800352329917,389.65448174842203,386.34606468801917,389.4154357910156,89257800
2023-02-21 00:00:00-05:00,385.39953691428894,386.4513451946088,381.34532592151567,381.6034851074219,82655900
2023-02-22 00:00:00-05:00,382.01461731866567,383.5540887169433,379.62415734279705,381.07757568359375,83742300
2023-02-23 00:00:00-05:00,383.96523503521115,384.5772067863999,378.88790045751995,383.10467529296875,96242400
2023-02-24 00:00:00-05:00,378.0942177024235,379.8440212478962,376.3922116756281,379.01214599609375,108194400
2023-02-27 00:00:00-05:00,382.3492579579314,383.7070519585176,379.365968807818,380.30303955078125,80444700
2023-02-28 00:00:00-05:00,379.82499112745273,381.785156708453,378.79229603840645,378.8974914550781,96438600
2023-03-01 00:00:00-05:00,378.0847173960627,379.30863174384257,376.1436650512144,377.4440612792969,99706800
2023-03-02 00:00:00-05:00,375.4742885040699,381.2209631061389,375.13961830151106,380.3795166015625,85127800
2023-03-03 00:00:00-05:00,382.1962358283126,386.7285670881584,381.54603781817946,386.4799499511719,90120000
2023-03-06 00:00:00-05:00,387.3022850157021,389.59714976739536,386.3078747490803,386.7477111816406,72795900
2023-03-07 00:00:00-05:00,386.69989002886615,386.9389359941927,380.2073934400801,380.8193359375,108310600
2023-03-08 00:00:00-05:00,380.93414163742426,382.1962822868647,379.21299300204765,381.44091796875,74746600
2023-03-09 00:00:00-05:00,382.2249589763906,383.88873887527785,373.41851305631604,374.40338134765625,111945300
2023-03-10 00:00:00-05:00,373.8583475978051,375.93327957719293,367.4806170891498,369.0009460449219,189253000
2023-03-13 00:00:00-04:00,365.0805650006383,373.2846390345943,363.9713881978472,368.4750061035156,157790000
2023-03-14 00:00:00-04:00,373.38977088173,376.2105247410941,370.09092512623045,374.5658874511719,149752400
2023-03-15 00:00:00-04:00,368.9818486133687,372.42408758364206,366.8973453679593,372.2232971191406,172996900
2023-03-16 00:00:00-04:00,369.8711000150825,379.09826973239205,369.364323664859,378.7540283203125,143254200
2023-03-17 00:00:00-04:00,377.4256197444262,378.55821591341066,372.94318572096427,374.3253479003906,140553400
2023-03-20 00:00:00-04:00,375.10277090610924,378.33743311980123,374.4021114765073,377.9246826171875,93055800
2023-03-21 00:00:00-04:00,381.28412015653794,383.36697102971766,379.69079357481445,382.8870544433594,91524200
2023-03-22 00:00:00-04:00,382.71431965042825,386.3232727268631,376.3218267349629,376.3601989746094,111746600
2023-03-23 00:00:00-04:00,379.22048781510506,383.25179889041164,374.6708879123496,377.37762451171875,119351300
2023-03-24 00:00:00-04:00,376.1010222149094,379.9403548581303,373.75902695920195,379.8539733886719,107682400
2023-03-27 00:00:00-04:00,382.12883352250185,382.8967177472465,379.671662586895,380.5643005371094,74010400
2023-03-28 00:00:00-04:00,379.8731772141997,380.5642582938647,377.8767370350477,379.71002197265625,62871700
2023-03-29 00:00:00-04:00,383.8660584843338,385.46899270747423,382.6662670661032,385.2290344238281,77497900
2023-03-30 00:00:00-04:00,387.8589998974814,388.10856590647154,385.62260139743574,387.48468017578125,69840000
2023-03-31 00:00:00-04:00,388.4061147934353,393.24368242982905,388.30051790737826,392.9461364746094,112062600
2023-04-03 00:00:00-04:00,392.42779542260035,394.84656445369103,392.03426030988214,394.4434509277344,67391100
2023-04-04 00:00:00-04:00,395.08655642138893,395.37452397054454,390.88248211307797,392.25506591796875,66601500
2023-04-05 00:00:00-04:00,391.5255732993779,392.28384974684195,389.57711302940226,391.22802734375,65200200
2023-04-06 00:00:00-04:00,390.43131081559227,393.03247968178334,389.3850962213968,392.7541198730469,63743300
2023-04-10 00:00:00-04:00,390.2776969352446,393.2339990912432,389.6634190235722,393.1571960449219,63681000
2023-04-11 00:00:00-04:00,393.78116601430696,394.6641961280183,392.4949930804865,393.2628479003906,59297900
2023-04-12 00:00:00-04:00,395.32645103436823,395.61441853712375,391.0743974655557,391.6598815917969,86420400
2023-04-13 00:00:00-04:00,392.7445207254535,397.2173467130726,391.6023169352439,396.8622131347656,85814800
2023-04-14 00:00:00-04:00,396.22870868146754,398.41712702758065,393.5891675964206,395.89276123046875,78161500
2023-04-17 00:00:00-04:00,395.8063485445851,397.332479572913,394.57776341721416,397.31329345703125,66436400
2023-04-18 00:00:00-04:00,398.8874765900454,399.0218673008723,396.1999552913603,397.572509765625,63560000
2023-04-19 00:00:00-04:00,395.6624479202901,398.4075568472331,395.60486027089866,397.5053405761719,55227300
2023-04-20 00:00:00-04:00,394.6929889766768,397.0829934844094,393.7907434550367,395.3360900878906,75840400
2023-04-21 00:00:00-04:00,395.6335807728495,396.10388958631245,393.69472858849934,395.6431884765625,73457400
2023-04-24 00:00:00-04:00,395.4416314735753,396.4782676301581,394.10747868962846,396.0559387207031,64332100
2023-04-25 00:00:00-04:00,394.08826140218645,394.6449810037149,389.71142480850085,389.7690124511719,97766700
2023-04-26 00:00:00-04:00,390.3833550986097,391.4583635816679,387.56144318468967,388.1181335449219,80447000
2023-04-27 00:00:00-04:00,390.65211692803183,396.11357024267807,390.40255091976803,395.8448181152344,92968400
2023-04-28 00:00:00-04:00,394.96169701880575,399.23296585827956,394.9041093784705,399.2233581542969,89433100
2023-05-01 00:00:00-04:00,398.781880454679,400.845515871164,398.5899021077479,398.8202819824219,62122300
2023-05-02 00:00:00-04:00,398.1099974743272,398.1580067083917,391.43917444922255,394.3378601074219,103998500
2023-05-03 00:00:00-04:00,394.83694265774216,397.2461331896153,391.3911452329056,391.631103515625,91531800
2023-05-04 00:00:00-04:00,390.58489620304397,390.91123595861524,387.52302611509293,388.8572082519531,94901900
2023-05-05 00:00:00-04:00,392.4853583991723,397.10215328992234,392.2262140059175,396.0559387207031,87891800
2023-05-08 00:00:00-04:00,396.3823017131118,396.64144612156804,394.76018132750204,396.1615295410156,50046800
2023-05-09 00:00:00-04:00,394.61626426292884,395.53769601743005,394.19393527299343,394.4242858886719,49220100
2023-05-10 00:00:00-04:00,397.25577792419296,397.88927136463667,392.44700411687967,396.26715087890625,96142900
2023-05-11 00:00:00-04:00,395.4033173680311,395.8640185793233,393.5028369960926,395.5760803222656,70157100
2023-05-12 00:00:00-04:00,396.8142503993596,397.0254148728848,392.63897016343816,395.0577392578125,70481500
2023-05-15 00:00:00-04:00,395.66246936913564,396.82385941720236,393.75241054660967,396.4207458496094,54289400
2023-05-16 00:00:00-04:00,395.31689334176326,396.2383543170176,393.761968222226,393.7715759277344,57705500
2023-05-17 00:00:00-04:00,395.78721992832476,399.1562144912637,394.14591338269895,398.5515441894531,87287000
2023-05-18 00:00:00-04:00,398.234744921799,402.81316752783374,398.01400205687503,402.3908386230469,97177200
2023-05-19 00:00:00-04:00,403.29311788250186,403.82101441184767,400.58638129995114,401.80535888671875,103793300
2023-05-22 00:00:00-04:00,401.8245977682805,403.50430592203884,400.58640469895295,401.96856689453125,60745400
2023-05-23 00:00:00-04:00,400.32713617991703,401.901276365587,397.0637098266294,397.4572448730469,86383500
2023-05-24 00:00:00-04:00,395.8543837451471,396.2383111304324,393.41639944632345,394.5777893066406,89213700
2023-05-25 00:00:00-04:00,398.0812545290906,399.44423070710803,395.84485582251955,397.994873046875,90961600
2023-05-26 00:00:00-04:00,398.6475192492727,403.86901432087706,398.5707454798897,403.1491394042969,93830000
2023-05-30 00:00:00-04:00,405.07843177412394,405.60632835331285,401.920572129655,403.302734375,72216000
2023-05-31 00:00:00-04:00,401.4790054006544,402.38125089733444,399.5017514717894,401.0662841796875,110811800
2023-06-01 00:00:00-04:00,401.29670331410193,405.93271458460026,400.04893173325473,404.87689208984375,88865000
2023-06-02 00:00:00-04:00,407.44919955900986,411.5188830151562,406.92130300774403,410.7318420410156,91426200
2023-06-05 00:00:00-04:00,411.0773593229492,412.36353228842165,409.2440744066445,409.94476318359375,65460200
2023-06-06 00:00:00-04:00,409.53204325524,411.3652988856477,408.8793344192004,410.83740234375,64022200
2023-06-07 00:00:00-04:00,411.2309690598289,412.36356528982583,408.99454113451293,409.4168701171875,85373300
2023-06-08 00:00:00-04:00,409.48405866767195,412.34437231335727,408.71620378018724,411.89324951171875,61952800
2023-06-09 00:00:00-04:00,412.6898813507892,414.63834160760314,411.64366666036057,412.6322937011719,85742800
2023-06-12 00:00:00-04:00,413.61134578902306,416.4524439304632,412.89147087099775,416.3756408691406,76104300
2023-06-13 00:00:00-04:00,417.8345546921649,419.76379931662035,417.1722675057486,419.1207275390625,95899700
2023-06-14 00:00:00-04:00,419.45677881703784,421.42442545450064,416.17413589387496,419.61993408203125,100612100
2023-06-15 00:00:00-04:00,418.8040614185362,426.07000671204355,418.70810151955646,424.8222351074219,110303100
2023-06-16 00:00:00-04:00,426.80491087916494,427.3733126232331,422.90315763573193,423.3752136230469,114165800
2023-06-20 00:00:00-04:00,421.4387558395076,422.32506614292663,419.1073181445954,421.1786193847656,76160400
2023-06-21 00:00:00-04:00,420.1959468611093,420.99555478179644,418.4329109170005,419.0205993652344,76982300
2023-06-22 00:00:00-04:00,418.06681362984074,420.6390713007603,417.72961825633774,420.5331115722656,70637200
2023-06-23 00:00:00-04:00,417.0841314152319,419.13617505158805,416.6409763099136,417.3538818359375,92074500
2023-06-26 00:00:00-04:00,416.7855154988048,418.7026693868189,415.40786249787595,415.6487121582031,72823600
2023-06-27 00:00:00-04:00,416.52534656947205,420.82209563920264,416.07254809930254,420.2055358886719,72813700
2023-06-28 00:00:00-04:00,419.1265614695,421.4290983033547,418.5100016357142,420.41754150390625,75636000
2023-06-29 00:00:00-04:00,420.00328366247703,422.2383756741101,419.5986726779713,422.0745849609375,67882300
2023-06-30 00:00:00-04:00,425.28267848094407,428.0379843526411,424.96474047999936,427.0553283691406,104964000
2023-07-03 00:00:00-04:00,426.7084788639364,427.8259952574617,426.4290850652605,427.546630859375,32793400
2023-07-05 00:00:00-04:00,425.7355105986345,427.6430505530816,425.725867203726,426.9108581542969,58418400
2023-07-06 00:00:00-04:00,423.3366343156822,423.991738320798,421.06299828536083,423.5678405761719,80658300
2023-07-07 00:00:00-04:00,422.5755319557256,426.438769743823,422.2575939538954,422.4984436035156,86134200
2023-07-10 00:00:00-04:00,422.1420000351028,423.7412452715391,421.57359837767063,423.5678405761719,62443500
2023-07-11 00:00:00-04:00,424.3289998424092,426.756754157654,423.3559576768949,426.2654113769531,64463800
2023-07-12 00:00:00-04:00,430.0514894814251,431.1015903646367,428.62564905437046,429.69500732421875,91924500
2023-07-13 00:00:00-04:00,431.50622355890425,433.89546265173254,431.07271183277675,433.10546875,72425200
2023-07-14 00:00:00-04:00,433.9918445617416,434.83961069702235,432.07466121110787,432.83575439453125,69815800
2023-07-17 00:00:00-04:00,432.6912500682276,435.3887545883977,432.64306249429234,434.3386535644531,52680200
2023-07-18 00:00:00-04:00,434.0110663595222,438.2114701147798,433.5775252322227,437.5660095214844,80668200
2023-07-19 00:00:00-04:00,438.35601441060516,439.724023983291,437.48893213427476,438.5390625,65891700
2023-07-20 00:00:00-04:00,437.5467608684042,438.44271452207744,434.91667207150675,435.62957763671875,70591600
2023-07-21 00:00:00-04:00,437.3444259913096,437.5467608684042,435.61996364299455,435.62957763671875,71275600
2023-07-24 00:00:00-04:00,436.7760157789645,438.38490436691495,435.74517222742827,437.5756530761719,54023400
2023-07-25 00:00:00-04:00,437.3059083742901,440.02267010001805,437.2577208036124,438.770263671875,55191200
2023-07-26 00:00:00-04:00,437.8357342912967,440.26348802035136,436.7856334140258,438.8376770019531,71052900
2023-07-27 00:00:00-04:00,442.2192143317386,442.6238546795818,435.02262562113657,435.92822265625,92194400
2023-07-28 00:00:00-04:00,439.1941631701477,441.0246146496096,435.92822776892785,440.19610595703125,80011800
2023-07-31 00:00:00-04:00,440.6681140687776,441.39066294813205,439.3578768125751,441.0342102050781,62040400
2023-08-01 00:00:00-04:00,439.56979040572475,440.51393144990516,438.818340807487,439.7721252441406,55291500
2023-08-02 00:00:00-04:00,436.6604008783812,436.9205079074881,432.90315234388123,433.65460205078125,93933400
2023-08-03 00:00:00-04:00,431.64112757810364,434.2904737931767,430.9956375639887,432.4118347167969,64276100
2023-08-04 00:00:00-04:00,434.2230076857938,436.32320952695244,429.9358722590493,430.45611572265625,100128900
2023-08-07 00:00:00-04:00,432.28658168791264,434.36752621178806,431.59293351328745,434.21337890625,58357500
2023-08-08 00:00:00-04:00,431.67964426037906,434.2037733620173,428.9724964679823,432.32513427734375,71361300
2023-08-09 00:00:00-04:00,432.59482134894097,432.7586120279548,428.6737824515494,429.43487548828125,78789600
2023-08-10 00:00:00-04:00,431.7855978075418,435.1671361209915,428.4233462814403,429.58905029296875,93005500
2023-08-11 00:00:00-04:00,427.7200594884635,430.3501481391964,427.1227570858758,429.33856201171875,68690900
2023-08-14 00:00:00-04:00,428.4233633029166,431.7085266113281,428.1150686990038,431.7085266113281,47867400
2023-08-15 00:00:00-04:00,429.935919835655,430.292402044995,426.1112258867205,426.6796569824219,75707500
2023-08-16 00:00:00-04:00,426.26537646534126,427.9224233894094,423.4426253576642,423.5486145019531,80107200
2023-08-17 00:00:00-04:00,425.01291328665195,425.273020314269,419.8009235363625,420.3211669921875,95711300
2023-08-18 00:00:00-04:00,417.5079955464786,421.5542809321435,417.1611862051528,420.5234375,98852000
2023-08-21 00:00:00-04:00,421.53502982303786,424.0013277942752,419.38666984217986,423.259521484375,68719000
2023-08-22 00:00:00-04:00,425.0321947779214,425.0321947779214,421.55433988295033,422.11309814453125,64994200
2023-08-23 00:00:00-04:00,423.1728380844883,427.43107286328376,423.0283341735705,426.8144836425781,68441000
2023-08-24 00:00:00-04:00,428.41372832126285,428.9243284062607,420.8703007742917,420.89923095703125,88517300
2023-08-25 00:00:00-04:00,422.6237540187648,425.1478540242897,419.0784536965099,423.8665466308594,102325100
2023-08-28 00:00:00-04:00,426.0534267072631,427.17097271429145,423.8665222680011,426.5544128417969,61595400
2023-08-29 00:00:00-04:00,426.4483889303442,432.999517120143,426.26534084235647,432.7201232910156,83081900
2023-08-30 00:00:00-04:00,433.05737382451,435.13831861559964,432.35408216529396,434.5024719238281,69053900
2023-08-31 00:00:00-04:00,435.1190142078131,436.255817610441,433.6835595621321,433.8666076660156,66084600
2023-09-01 00:00:00-04:00,436.58338220970904,437.06508153807744,433.2211009052936,434.67584228515625,58944100
2023-09-05 00:00:00-04:00,434.23269470933957,434.5506033353466,432.72979513066315,432.7972106933594,55166200
2023-09-06 00:00:00-04:00,431.9879277285903,432.093916863234,427.56593166865076,429.8877258300781,70758500
2023-09-07 00:00:00-04:00,426.8915375451562,429.24223247025344,426.5447281630559,428.56787109375,70355400
2023-09-08 00:00:00-04:00,428.61610689052696,430.745209940048,428.2596540497245,429.2134094238281,61659700
2023-09-11 00:00:00-04:00,431.8337979292306,432.3443980335229,430.1285929169173,432.0361328125,60180100
2023-09-12 00:00:00-04:00,430.5909909482861,432.1131477113599,429.08809157187744,429.6661071777344,67565400
2023-09-13 00:00:00-04:00,429.8877509320253,431.3232055262028,428.7894623481302,430.1671447753906,60199300
2023-09-14 00:00:00-04:00,432.633457559199,434.569868937207,431.3328634452209,433.876220703125,83430800
2023-09-15 00:00:00-04:00,432.2935551441486,432.6222625307114,428.2136712808251,428.6487121582031,111848900
2023-09-18 00:00:00-04:00,428.3393267614431,430.1955896700722,427.86560575276553,428.90008544921875,55752200
2023-09-19 00:00:00-04:00,427.9816479077142,428.57140936349316,425.33263382268484,428.0106506347656,66514600
2023-09-20 00:00:00-04:00,429.2675002876334,429.6832158729015,423.8727570723084,424.0758056640625,82562600
2023-09-21 00:00:00-04:00,421.233389771168,421.49441429318694,416.91180676973505,417.0664978027344,104095800
2023-09-22 00:00:00-04:00,418.091288955446,419.6864977783781,415.71294757869936,416.1286926269531,100829700
2023-09-25 00:00:00-04:00,414.920205158679,417.9172517040119,414.485134786977,417.87860107421875,70874500
2023-09-26 00:00:00-04:00,414.84285049792544,415.54862280920696,410.90798029741677,411.73944091796875,96168400
2023-09-27 00:00:00-04:00,412.9092244496163,413.4699830924983,408.2686118060124,411.90374755859375,104705800
2023-09-28 00:00:00-04:00,411.3527373620953,415.964347748709,410.76297593705533,414.2917785644531,92258300
2023-09-29 00:00:00-04:00,417.3371661441051,417.5111824781116,411.7684074215334,413.2862854003906,115111300
2023-10-02 00:00:00-04:00,412.4548865420046,414.36915501527096,410.3666017087048,413.1219787597656,83798600
2023-10-03 00:00:00-04:00,410.94667474306095,413.1799731499237,406.2287013020404,407.5918884277344,103760600
2023-10-04 00:00:00-04:00,408.0559363281981,411.30435944495287,406.59606370497346,410.5599365234375,87453000
2023-10-05 00:00:00-04:00,410.269877205424,411.2463514179395,407.1858225474584,410.4052429199219,70142700
2023-10-06 00:00:00-04:00,407.9592644123595,416.81512702154566,406.6347574601129,415.2779235839844,113273300
2023-10-09 00:00:00-04:00,413.3830108074734,418.5070521455923,412.8319589906931,417.9366455078125,80374400
2023-10-10 00:00:00-04:00,418.56502711101643,422.70291641435927,418.16863686530417,420.1119079589844,78607300
2023-10-11 00:00:00-04:00,421.17534896503963,422.0841107631383,418.79700772466646,421.832763671875,62451700
2023-10-12 00:00:00-04:00,422.4419089154139,422.8189443567332,416.91182957643576,419.2611389160156,81154200
2023-10-13 00:00:00-04:00,420.75969048751125,421.9585387631344,415.6066757486928,417.1728820800781,95143100
2023-10-16 00:00:00-04:00,419.4158434641518,422.62561629317145,419.1741442361407,421.5621337890625,75433200
2023-10-17 00:00:00-04:00,418.4393454760135,423.5923892481788,418.09131276942526,421.5427551269531,75324700
2023-10-18 00:00:00-04:00,419.77349041439385,420.7306097718711,414.8428210042976,415.9256286621094,93559800
2023-10-19 00:00:00-04:00,416.64105822052716,418.4489633659572,411.59437816274504,412.2711181640625,121323000
2023-10-20 00:00:00-04:00,411.8361348739324,412.3775387523352,407.09880668145956,407.2051696777344,123919900
2023-10-23 00:00:00-04:00,405.67757598059893,410.3568982821464,403.9276761980999,406.4993591308594,92035100
2023-10-24 00:00:00-04:00,408.61667642933105,410.7146385432617,406.7700909338865,409.56414794921875,78564200
2023-10-25 00:00:00-04:00,407.8819905149794,407.9109932440979,403.1736644565339,403.6860656738281,94223200
2023-10-26 00:00:00-04:00,402.622489890532,403.4732461868108,397.93352008348836,398.8519592285156,115156800
2023-10-27 00:00:00-04:00,400.43759484678344,400.8339851009318,395.62293584989493,397.04412841796875,107367700
2023-10-30 00:00:00-04:00,399.8284803456642,402.8448816266276,398.5329761803426,401.79107666015625,86562700
2023-10-31 00:00:00-04:00,402.361504611754,404.63348310254605,400.45691364342605,404.314453125,79665200
2023-11-01 00:00:00-04:00,405.2812643437381,409.43847913059346,404.7495083565733,408.6263732910156,98068100
2023-11-02 00:00:00-04:00,412.416134207257,416.61205795996426,412.3968088942919,416.4573669433594,94938900
2023-11-03 00:00:00-04:00,418.75840416588386,421.80380835994043,418.63271585397734,420.2569274902344,100167800
2023-11-06 00:00:00-05:00,421.01096687249964,421.6683815579989,419.2803924905788,421.2236633300781,67831700
2023-11-07 00:00:00-05:00,421.2237277176419,423.0606358569916,420.0829145000172,422.42254638671875,64256100
2023-11-08 00:00:00-05:00,423.02196085453033,423.5440394282341,420.43095231056213,422.73193359375,61746000
2023-11-09 00:00:00-05:00,423.8727133946502,423.9113935278032,419.0097266771128,419.43511962890625,83174400
2023-11-10 00:00:00-05:00,421.5041020397778,426.28972875327344,419.42546520511473,425.9803466796875,89462200
2023-11-13 00:00:00-05:00,424.64622403342025,426.67647397269064,423.863120884433,425.5743408203125,52236100
2023-11-14 00:00:00-05:00,431.50079597873554,435.1166069139446,431.2784220719966,433.8307800292969,97176900
2023-11-15 00:00:00-05:00,435.16492211328534,436.3927730128096,433.8984205823122,434.74920654296875,77327600
2023-11-16 00:00:00-05:00,434.30447059030485,435.59997479434537,433.24098818272,435.28094482421875,66665800
2023-11-17 00:00:00-05:00,435.2906012114316,436.43144390959674,434.37216191303287,435.8223571777344,83133200
2023-11-20 00:00:00-05:00,435.57099160312566,440.0182630951851,435.5613141930735,439.1771545410156,69936200
2023-11-21 00:00:00-05:00,438.132901509439,439.05137013440714,436.95340840888167,438.21990966796875,49244600
2023-11-22 00:00:00-05:00,439.87318409093035,441.2266936036218,438.81937920232434,439.9118347167969,59394900
2023-11-24 00:00:00-05:00,439.9602117787139,440.3759273074353,439.631504418495,440.18255615234375,29737400
2023-11-27 00:00:00-05:00,439.55423153875734,440.36633744385705,439.003150191057,439.389892578125,50506000
2023-11-28 00:00:00-05:00,439.00310690168646,441.1203943936042,438.4423777026132,439.82489013671875,62115000
2023-11-29 00:00:00-05:00,441.97120588419773,443.1023712619962,439.1191726740231,439.5155334472656,63146000
2023-11-30 00:00:00-05:00,440.35665713551293,441.59415597189025,438.2876976332808,441.24609375,79752700
2023-12-01 00:00:00-05:00,440.63693464669717,444.3881106766868,440.04720280394565,443.85638427734375,89183400
2023-12-04 00:00:00-05:00,440.47259281771954,443.87570666050044,439.2544195055919,441.5263977050781,72430900
2023-12-05 00:00:00-05:00,440.14391844231596,442.3965419933345,439.7668535301099,441.4394226074219,69793500
2023-12-06 00:00:00-05:00,443.57606849081975,443.60507121667763,439.225482586349,439.6605529785156,69124700
2023-12-07 00:00:00-05:00,441.73908007461404,443.6629960502869,441.1396708462714,443.0152587890625,66995400
2023-12-08 00:00:00-05:00,442.2709087807209,445.4516788944759,442.02920955180366,444.9199523925781,83194400
2023-12-11 00:00:00-05:00,444.4268307846884,446.8244975103325,444.2141343049595,446.65045166015625,65002200
2023-12-12 00:00:00-05:00,446.30240990232363,448.78708475043413,445.30661038207074,448.6903991699219,68327600
2023-12-13 00:00:00-05:00,449.0674107718607,455.12924524748996,448.70970069679584,454.87786865234375,93278000
2023-12-14 00:00:00-05:00,456.8115200961749,458.00069086527446,453.66943027540754,456.3377990722656,119026000
2023-12-15 00:00:00-05:00,455.7417439978948,456.91633245678577,453.74207009746453,455.58642578125,141553700
2023-12-18 00:00:00-05:00,457.18810894495897,459.12954211953263,456.13003141968665,458.14910888671875,70375300
2023-12-19 00:00:00-05:00,458.69273602664884,461.0127630324847,458.61509172941334,460.9350891113281,55761800
2023-12-20 00:00:00-05:00,460.08079591053223,461.9639883390121,454.12061185125907,454.5477294921875,102921000
2023-12-21 00:00:00-05:00,457.5278204873464,459.1295265010188,455.1107457468796,458.85772705078125,86667500
2023-12-22 00:00:00-05:00,459.98377994700513,461.4592882220052,457.8870580411275,459.7799377441406,67160400
2023-12-26 00:00:00-05:00,460.1876248035588,462.62410332069675,460.1099508863103,461.7213439941406,55387000
2023-12-27 00:00:00-05:00,461.51747852635486,462.7017539013479,460.98359627385656,462.55615234375,68000300
2023-12-28 00:00:00-05:00,462.91536504878167,463.5657286208665,462.3135254600746,462.7309265136719,77158100
2023-12-29 00:00:00-05:00,462.5367654374911,463.06096072132885,459.4401769650659,461.3913269042969,122283100
2024-01-02 00:00:00-05:00,458.3335624378489,459.7993540123723,456.7124526493962,458.8092041015625,123623700
2024-01-03 00:00:00-05:00,456.6542463475319,457.39200051317124,454.4604467676884,455.0622863769531,103585900
2024-01-04 00:00:00-05:00,454.5865863632777,457.16869615612853,453.37319057475315,453.5964660644531,84232200
2024-01-05 00:00:00-05:00,453.80028176128866,456.6639075045455,452.77132456262234,454.21771240234375,86118900
2024-01-08 00:00:00-05:00,454.71275316529835,460.8476889622242,454.5865552720958,460.70208740234375,74879100
2024-01-09 00:00:00-05:00,458.05205442710235,461.02244496424106,457.54729244084217,460.0032043457031,65931400
2024-01-10 00:00:00-05:00,460.2749615048287,463.4686272393253,459.9934454114867,462.60467529296875,67310600
2024-01-11 00:00:00-05:00,463.60455806414546,464.119036700077,458.4306513904914,462.40087890625,77940700
2024-01-12 00:00:00-05:00,463.8472262405501,464.58498035155515,461.3136700813151,462.72119140625,58026400
2024-01-16 00:00:00-05:00,461.34278348918724,462.6532272077025,459.2071951071508,461.0224304199219,85014900
2024-01-17 00:00:00-05:00,458.00353981867966,458.94513616011074,456.110630489601,458.45977783203125,68843900
2024-01-18 00:00:00-05:00,460.12938495584103,463.09005873569527,458.58594911701266,462.5367431640625,91856200
2024-01-19 00:00:00-05:00,463.6628015298727,468.58434205067863,462.5853202688259,468.3028259277344,110834500
2024-01-22 00:00:00-05:00,469.83659824827777,471.01115715758357,468.64260604571103,469.2929992675781,75844900
2024-01-23 00:00:00-05:00,469.8365052457373,470.90426970251536,468.7493074995451,470.6615905761719,49945300
2024-01-24 00:00:00-05:00,473.52526505734005,474.45714470411593,470.6810725123754,471.1761474609375,81765000
2024-01-25 00:00:00-05:00,473.30199623812143,474.0106300348732,471.1761540957068,473.73883056640625,72525000
2024-01-26 00:00:00-05:00,473.3117458196852,474.7969411657135,472.2925051479898,473.13702392578125,76641600
2024-01-29 00:00:00-05:00,473.4475958586122,477.029542315143,472.9039969579279,476.8839111328125,61322800
2024-01-30 00:00:00-05:00,476.1947226231299,477.2236798269538,475.7578883130134,476.51507568359375,58618400
2024-01-31 00:00:00-05:00,474.3115894395865,474.7581108271003,468.72025176527393,468.73968505859375,126011100
2024-02-01 00:00:00-05:00,470.43839078044346,474.9036930669608,469.6326794127357,474.87457275390625,91891600
2024-02-02 00:00:00-05:00,475.3114294440355,481.52401044125736,474.9716726719537,479.8738098144531,99228200
2024-02-05 00:00:00-05:00,479.2428126687566,479.90289286822576,475.87442477356564,478.12646484375,75757100
2024-02-06 00:00:00-05:00,479.068005956652,479.8445969464688,477.64105148827565,479.5145568847656,55918600
2024-02-07 00:00:00-05:00,481.756982255993,483.93137810723994,480.854193242822,483.51397705078125,70556500
2024-02-08 00:00:00-05:00,483.513949705615,484.1060726186496,482.69855130751233,483.7275085449219,52343600
2024-02-09 00:00:00-05:00,484.2322866772762,486.9599980744067,483.8925299274153,486.523193359375,63979400
2024-02-12 00:00:00-05:00,486.4941004077062,488.7558572787602,485.59131136468835,486.3096618652344,56502300
2024-02-13 00:00:00-05:00,480.04849815534635,482.53353038052535,476.3500701317823,479.6116638183594,113099200
2024-02-14 00:00:00-05:00,482.2422795475269,484.4555120799487,479.92225279096976,483.97015380859375,68387800
2024-02-15 00:00:00-05:00,484.66912826614583,487.49391729462275,484.1934569596569,487.3094787597656,61683000
2024-02-16 00:00:00-05:00,487.0085316428908,488.14425347916483,484.1449058140717,484.8826599121094,75532900
2024-02-20 00:00:00-05:00,483.1450448811934,483.814841673976,479.9708124113375,482.2131652832031,71736700
2024-02-21 00:00:00-05:00,480.9124933217148,482.8053731626366,479.106944807319,482.6500549316406,59293400
2024-02-22 00:00:00-05:00,489.25088043870596,493.5996718242251,488.2898508655614,492.638671875,76402500
2024-02-23 00:00:00-05:00,494.35685563775104,495.1916873577398,492.25041710535265,492.97845458984375,61321800
2024-02-26 00:00:00-05:00,493.4152043952731,493.85203868692207,491.0466536727384,491.1728515625,50386700
2024-02-27 00:00:00-05:00,491.86211180789684,492.30863314805396,489.9692025931845,492.0853576660156,48854500
2024-02-28 00:00:00-05:00,490.53220860244136,492.0174038220213,490.17304819868775,491.43499755859375,56506600
2024-02-29 00:00:00-05:00,493.19203416880555,494.8131144463538,490.5516835957709,493.20172119140625,83924800
2024-03-01 00:00:00-05:00,494.0753617325155,498.25911842016706,493.6676477127876,497.8320007324219,76844800
2024-03-04 00:00:00-05:00,497.03610351614157,499.14254217920546,497.0069535759895,497.29815673828125,49799300
2024-03-05 00:00:00-05:00,495.2984852488147,495.7450362651965,490.1245782125844,492.3280944824219,72855600
2024-03-06 00:00:00-05:00,495.5993458504527,497.0748540345267,493.53174438668293,494.8227844238281,68382400
2024-03-07 00:00:00-05:00,498.1135389799133,500.7830096761973,494.8810360564722,499.734619140625,58652100
2024-03-08 00:00:00-05:00,500.36563844693006,503.0447667007892,496.1624186562773,496.7351379394531,86532500
2024-03-11 00:00:00-04:00,495.53145243574386,496.8904498381802,493.6094227797772,496.3080139160156,62557200
2024-03-12 00:00:00-04:00,498.41443934118087,502.2293483869414,495.9002573325016,501.6469421386719,73114400
2024-03-13 00:00:00-04:00,501.9671962175004,502.1419180781509,499.4239237216424,500.8605651855469,55104100
2024-03-14 00:00:00-04:00,501.8313823905043,501.98673024081194,496.832226949847,499.8705749511719,110171800
2024-03-15 00:00:00-04:00,496.80816405826874,498.2590460217431,494.77306623402836,496.4381408691406,107646300
2024-03-18 00:00:00-04:00,500.4985887866016,501.93969410963876,498.97956820958467,499.3885192871094,88893300
2024-03-19 00:00:00-04:00,498.6971800566581,502.44602683293346,497.69420694088996,502.1636657714844,60755300
2024-03-20 00:00:00-04:00,502.2220766323413,506.94465591796825,501.5501987684062,506.8083190917969,69594600
2024-03-21 00:00:00-04:00,509.6419595938359,510.34301859328446,508.20079481953724,508.48321533203125,60256100
2024-03-22 00:00:00-04:00,508.39551924735605,508.8823855528386,507.2854498071945,507.5191955566406,79070800
2024-03-25 00:00:00-04:00,506.14624650613894,507.2660628859731,505.961234915521,506.1170654296875,48512100
2024-03-26 00:00:00-04:00,507.5386367689601,507.87947884663447,504.7830162330491,505.1822204589844,65463700
2024-03-27 00:00:00-04:00,508.00612262936903,509.46672172053235,505.8444050698442,509.427734375,82999800
2024-03-28 00:00:00-04:00,509.46662856862366,510.82981847863687,509.04793070421056,509.3302917480469,96294900
2024-04-01 00:00:00-04:00,510.07039018205234,510.60593125263364,507.2854696375655,508.4442138671875,62477500
2024-04-02 00:00:00-04:00,504.62724203503336,505.3477947483364,502.9134629158643,505.2115173339844,74230300
2024-04-03 00:00:00-04:00,504.12083842082313,507.2660352902269,504.0721636747669,505.7664489746094,59155800
2024-04-04 00:00:00-04:00,509.76856679026787,510.10934946561747,499.2911933332161,499.5930480957031,96858100
2024-04-05 00:00:00-04:00,500.9464745680228,506.7693762627344,500.50828302932854,504.8121643066406,74546500
2024-04-08 00:00:00-04:00,505.5133924018632,506.51630625250846,504.2864795999242,505.0946350097656,48401800
2024-04-09 00:00:00-04:00,506.82779978442835,507.0712329255352,500.8393207404325,505.6788024902344,68049200
2024-04-10 00:00:00-04:00,499.9922448100833,502.6018412987628,498.6388015333815,500.6154479980469,82652800
2024-04-11 00:00:00-04:00,502.1344572387197,505.8346295064768,498.6290433917763,504.3935241699219,70099000
2024-04-12 00:00:00-04:00,500.85889444352966,502.27081877394835,495.70784003413945,497.4313659667969,92561100
2024-04-15 00:00:00-04:00,501.59888962975333,501.7644075343254,490.3522600316743,491.1994323730469,92101400
2024-04-16 00:00:00-04:00,491.6766166443132,493.19563735543574,489.0183155418661,490.30364990234375,73484000
2024-04-17 00:00:00-04:00,492.75738492725213,492.9229325491744,486.00942494137024,487.40185546875,75910300
2024-04-18 00:00:00-04:00,488.7942988433905,490.887817979909,485.4641202927352,486.3988952636719,74548100
2024-04-19 00:00:00-04:00,486.3210783246666,487.31427501412566,480.8876330360681,482.15350341796875,102212600
2024-04-22 00:00:00-04:00,484.7533807670464,489.1838827819534,482.41642801907807,486.59375,67961000
2024-04-23 00:00:00-04:00,488.5995792337359,492.7963646750655,486.4086807205422,492.367919921875,64633600
2024-04-24 00:00:00-04:00,493.2540334865075,494.0427545951939,489.914137461728,492.1342468261719,55928100
2024-04-25 00:00:00-04:00,486.0678630419317,491.02415872515365,484.42225246602163,490.2646484375,69122400
2024-04-26 00:00:00-04:00,493.0495298783495,496.4868049205615,492.4166096033967,494.90936279296875,64306100
2024-04-29 00:00:00-04:00,496.69128964862307,497.33395677101214,493.9258924563797,496.6620788574219,46415400
2024-04-30 00:00:00-04:00,495.2015209263445,496.1752536684076,488.79437255859375,488.79437255859375,77483600
2024-05-01 00:00:00-04:00,488.2100967940072,494.841213980312,486.7397509352648,487.2071533203125,80242800
2024-05-02 00:00:00-04:00,490.9073316662554,492.6016467604268,486.4281553313073,491.76422119140625,62550200
2024-05-03 00:00:00-04:00,497.7332427499149,499.0867158383158,495.201531622673,497.8598327636719,72756700
2024-05-06 00:00:00-04:00,500.2551653379584,503.0400265445959,499.8169737447077,503.0010986328125,47264700
2024-05-07 00:00:00-04:00,503.9651034446084,504.9485829994704,502.8842743906612,503.55615234375,52561300
2024-05-08 00:00:00-04:00,501.7254700555243,504.14030789046143,501.60862689782874,503.6047668457031,42047200
2024-05-09 00:00:00-04:00,503.7898378767789,506.5455181068331,503.1374535973279,506.50653076171875,43643700
2024-05-10 00:00:00-04:00,508.1034582569593,508.9116730396104,505.94180018838176,507.1589660644531,52233200
2024-05-13 00:00:00-04:00,508.8337946620412,508.94089100323504,506.0878611147721,507.22711181640625,36716400
2024-05-14 00:00:00-04:00,507.42181386177714,510.0703976103099,506.88627278339663,509.5542907714844,57535900
2024-05-15 00:00:00-04:00,512.0178797101214,516.1562436643347,511.38492968552964,515.8641357421875,59504900
2024-05-16 00:00:00-04:00,515.9614786446474,517.558414507879,514.6566506998298,514.802734375,50244800
2024-05-17 00:00:00-04:00,514.9195824580145,515.6109540647997,513.4687302561026,515.5427856445312,59187600
2024-05-20 00:00:00-04:00,515.6595992673854,517.5973177042522,515.2700824401487,516.13671875,37764200
2024-05-21 00:00:00-04:00,515.3772058901883,517.5583573493641,515.1727006539206,517.4025268554688,33437000
2024-05-22 00:00:00-04:00,516.7113097871478,517.4221156794935,513.7413773413039,515.912841796875,48390000
2024-05-23 00:00:00-04:00,518.9605990872589,519.0676954201629,510.93699174891134,512.1444702148438,57211200
2024-05-24 00:00:00-04:00,513.9848197975488,516.3412958961842,513.0403275362747,515.5330810546875,41291100
2024-05-28 00:00:00-04:00,516.3413100648252,516.5749964273494,513.2642811397658,515.8933715820312,36269600
2024-05-29 00:00:00-04:00,511.87174962966077,513.458938533357,511.5698948988185,512.2807006835938,45190300
2024-05-30 00:00:00-04:00,510.7423397089747,511.40447087133504,507.6361297457073,508.8824768066406,46377600
2024-05-31 00:00:00-04:00,509.8367770177735,513.6440460717812,504.7441141188356,513.5174560546875,90785800
2024-06-03 00:00:00-04:00,515.1240809646227,515.4064420460951,508.87267437322015,513.9360961914062,46835700
2024-06-04 00:00:00-04:00,512.6312623824123,515.250605333056,511.17066354967966,514.5105590820312,34632700
2024-06-05 00:00:00-04:00,516.8280281512839,520.6450429850004,514.8415757760073,520.6255493164062,47610400
2024-06-06 00:00:00-04:00,520.9275073614583,521.3559521321091,518.6879340097541,520.6159057617188,30808500
2024-06-07 00:00:00-04:00,519.6421291117942,522.787325920015,518.5515533208824,519.9829711914062,43224500
2024-06-10 00:00:00-04:00,519.1747009286601,521.9108869486413,518.5807383516342,521.5895385742188,35686100
2024-06-11 00:00:00-04:00,520.0413486344055,522.9041247005574,518.0743898707741,522.845703125,36383400
2024-06-12 00:00:00-04:00,527.4028804771598,529.8274655446977,526.1077992631506,527.1399536132812,63251300
2024-06-13 00:00:00-04:00,528.8828575806059,529.0581223075357,525.4163720846324,528.2012329101562,44760900
2024-06-14 00:00:00-04:00,526.6725890295746,528.551886156822,525.6696157422205,528.522705078125,40089900
2024-06-17 00:00:00-04:00,527.8410283318889,534.1216160104203,527.3833430672393,532.7291259765625,55839500
2024-06-18 00:00:00-04:00,532.7876822378984,534.2093537069524,532.3689842110815,534.082763671875,41376400
2024-06-20 00:00:00-04:00,535.0076237066871,535.6697547200665,530.8595134643548,532.6317138671875,70328200
2024-06-21 00:00:00-04:00,531.8102827682807,533.0313753907063,530.4621917432297,531.917724609375,64338600
2024-06-24 00:00:00-04:00,531.7418545665156,534.3012597413704,530.0713785197397,530.1885986328125,45528700
2024-06-25 00:00:00-04:00,531.4096242974609,532.5916631831469,529.8954816744096,532.230224609375,37936200
2024-06-26 00:00:00-04:00,531.1166134619692,533.6076301716555,530.4719028733521,532.89453125,38550600
2024-06-27 00:00:00-04:00,532.7578061070262,534.3110621107577,532.0153722749866,533.7346801757812,35041500
2024-06-28 00:00:00-04:00,534.5064116818106,537.5543137581463,530.3938098387125,531.6343994140625,76144500
2024-07-01 00:00:00-04:00,533.0117876323043,533.2560061424955,529.9737236752046,532.728515625,40297800
2024-07-02 00:00:00-04:00,531.1264605772033,536.3136596679688,531.0776287968915,536.3136596679688,40434800
2024-07-03 00:00:00-04:00,536.000949362856,539.068347757372,535.9618958708759,538.7069091796875,32789900
2024-07-05 00:00:00-04:00,539.009913325583,542.2140297978076,538.3749212261918,541.8135375976562,41488400
2024-07-08 00:00:00-04:00,542.5948722312855,543.3861377502993,541.3737797869028,542.4385986328125,36110500
2024-07-09 00:00:00-04:00,543.396013525926,544.2947210316149,542.6731362089374,542.9661865234375,27289700
2024-07-10 00:00:00-04:00,544.1872136667199,548.6808102777995,543.894163387503,548.3389282226562,38701200
2024-07-11 00:00:00-04:00,548.4561564855596,549.3255886798729,542.9759074999535,543.61083984375,53054200
2024-07-12 00:00:00-04:00,544.7342644743289,550.6345620898736,544.2653840243584,547.0396728515625,53084400
2024-07-15 00:00:00-04:00,549.0325043663784,551.7775178290722,546.6879829958002,548.5440673828125,40584300
2024-07-16 00:00:00-04:00,549.8530882979716,552.090108393895,549.1008762046278,551.7970581054688,36475300
2024-07-17 00:00:00-04:00,545.8772131422685,547.5476892504238,543.7378565645935,544.0602416992188,57119000
2024-07-18 00:00:00-04:00,545.5938372966342,546.5804894498617,537.700679694463,539.8790893554688,56270400
2024-07-19 00:00:00-04:00,539.6448610038084,541.2665056616279,535.2391485596726,536.294189453125,65509100
2024-07-22 00:00:00-04:00,540.2112543695183,542.4287771514711,538.2770631712352,541.8231201171875,43346700
2024-07-23 00:00:00-04:00,541.7156406949248,543.8647752379528,540.4848296428585,540.9732666015625,34439600
2024-07-24 00:00:00-04:00,536.1671163330532,536.4699449259502,527.7952979520205,528.7135620117188,74515300
2024-07-25 00:00:00-04:00,528.8307523766035,534.7994982405838,525.0209792890996,525.958740234375,61158300
2024-07-26 00:00:00-04:00,529.7392825093052,534.5357078065754,528.9675138593225,531.8493041992188,53763800
2024-07-29 00:00:00-04:00,533.3927971337158,534.3989464184045,530.1690650137424,532.1619262695312,39515800
2024-07-30 00:00:00-04:00,533.6273139750385,534.6823548134623,526.0663171509535,529.4658203125,46853600
2024-07-31 00:00:00-04:00,536.2842643515584,540.6997538692295,534.9166765387299,538.0719604492188,65663400
2024-08-01 00:00:00-04:00,539.7913062018092,542.0381046138815,526.9551667505608,530.452392578125,76428700
2024-08-02 00:00:00-04:00,523.3603002519518,524.5716145988897,516.3756265717791,520.5762329101562,82789100
2024-08-05 00:00:00-04:00,499.80785259777787,511.4717311244644,498.4695101090915,505.41510009765625,146267400
2024-08-06 00:00:00-04:00,507.2124748611044,517.4989864003181,505.8937188490462,510.07476806640625,84826300
2024-08-07 00:00:00-04:00,516.2485672171777,519.2964689099484,506.06955696870784,506.6654357910156,70698300
2024-08-08 00:00:00-04:00,511.79399346845105,519.0033278281719,509.7719169059722,518.378173828125,63276600
2024-08-09 00:00:00-04:00,517.5576103421191,522.1489300560904,516.3365178449808,520.6640625,45619600
2024-08-12 00:00:00-04:00,521.8560083095788,523.340816607706,518.6713887529162,520.937744140625,42542100
2024-08-13 00:00:00-04:00,524.122235093717,529.739260585726,523.8780165940644,529.5047607421875,52333100
2024-08-14 00:00:00-04:00,530.2961433616041,532.3573932676823,527.6292958362486,531.1753540039062,42446900
2024-08-15 00:00:00-04:00,536.7923373384469,540.5630571909627,536.1866801444643,540.27978515625,60846800
2024-08-16 00:00:00-04:00,538.667786928332,542.1845687274085,538.51151333941,541.490966796875,44430700
2024-08-19 00:00:00-04:00,541.9014280407754,546.6685791015625,541.0515522219238,546.6685791015625,39121800
2024-08-20 00:00:00-04:00,546.2191462607274,547.8700657821756,544.4412283435015,545.779541015625,33732300
2024-08-21 00:00:00-04:00,546.8247712917706,549.1106230342316,541.9012882335657,547.6550903320312,41514600
2024-08-22 00:00:00-04:00,549.5502187339081,550.155875826028,542.1454973391976,543.3568115234375,56121500
2024-08-23 00:00:00-04:00,546.5903394303513,550.0680084955276,544.4020915801096,549.1301879882812,50639400
2024-08-26 00:00:00-04:00,550.1559102385648,550.8690092024209,546.1214157161334,547.8211669921875,35788600
2024-08-27 00:00:00-04:00,546.5512279111676,549.0618012606642,545.4083020191189,548.5733642578125,32693900
2024-08-28 00:00:00-04:00,548.2314695905903,548.661296528156,542.2041141850556,545.3887329101562,41066000
2024-08-29 00:00:00-04:00,547.3523779928099,550.6444392611328,544.2947569915759,545.4376831054688,38715200
2024-08-30 00:00:00-04:00,547.8016709409602,551.1523417216108,544.2556134288437,550.6443481445312,62700100
2024-09-03 00:00:00-04:00,547.508549729637,547.8407131286382,536.8020487007664,539.3126220703125,60600100
2024-09-04 00:00:00-04:00,537.4760847370844,541.608242662233,536.7532075195429,538.208740234375,47224900
2024-09-05 00:00:00-04:00,538.1502077884983,540.9928852935313,534.4478166491117,536.8997802734375,44264300
2024-09-06 00:00:00-04:00,537.2221175565589,538.8437022454943,526.9649400293706,527.8636474609375,68493800
2024-09-09 00:00:00-04:00,532.054494369654,535.0437266855093,530.1300214174476,533.7737426757812,40445800
2024-09-10 00:00:00-04:00,535.678584169421,536.4503527479894,530.8137709847371,536.0986328125,36394600
2024-09-11 00:00:00-04:00,536.0107592184578,542.5167136236998,527.4728902611638,541.5984497070312,75248600
2024-09-12 00:00:00-04:00,542.1749203516514,546.4634120914028,539.9573969973035,546.1605834960938,51819600
2024-09-13 00:00:00-04:00,546.7662020730168,550.0094311099382,546.5122052774053,549.0130004882812,39310500
2024-09-16 00:00:00-04:00,548.7492552395013,550.0875680057417,546.9518402590558,549.8238525390625,36656100
2024-09-17 00:00:00-04:00,552.0316076819038,553.4774220972913,547.8212821038348,550.048583984375,49321000
2024-09-18 00:00:00-04:00,550.702966140304,555.5385046014119,547.8602888957543,548.4171142578125,59044900
2024-09-19 00:00:00-04:00,557.8049085738365,559.6316584337985,554.9426745171918,557.7755737304688,75315500
2024-09-20 00:00:00-04:00,556.4097417755912,557.8501228348005,553.7934442412877,556.8114624023438,77503100
2024-09-23 00:00:00-04:00,557.8793836152081,558.8494456443765,556.6642942041962,558.2026977539062,44116900
2024-09-24 00:00:00-04:00,558.9964258828836,559.8587165873663,556.1743944512203,559.7999267578125,46805700
2024-09-25 00:00:00-04:00,559.6431398003925,560.3780425284191,557.4579883539482,558.5652465820312,38428600
2024-09-26 00:00:00-04:00,562.817932214862,563.1413061737785,558.4281322177342,560.77978515625,48336000
2024-09-27 00:00:00-04:00,561.8478858705382,562.6611352170194,558.9376397719122,559.9664916992188,42100900
2024-09-30 00:00:00-04:00,558.9376557740085,562.8179640810873,556.6447925339722,562.21044921875,63557400
2024-10-01 00:00:00-04:00,561.857759819067,562.5044480240527,554.6066943100618,557.1739501953125,72668800
2024-10-02 00:00:00-04:00,556.282242548741,558.4281611024765,553.8913563966638,557.4090576171875,38097800
2024-10-03 00:00:00-04:00,555.9392527365582,558.3301388916863,554.106899883147,556.3900146484375,40846500
2024-10-04 00:00:00-04:00,560.828843806913,561.8185225581165,556.6643942780399,561.4461669921875,42939100
2024-10-07 00:00:00-04:00,559.7999688939893,560.4467168743025,555.22399069742,556.3704223632812,49964700
2024-10-08 00:00:00-04:00,558.9376805045769,562.2300906410503,558.0656412646009,561.63232421875,37398700
2024-10-09 00:00:00-04:00,561.6225357741174,566.0809942856702,561.0248291372598,565.5224609375,37912200
2024-10-10 00:00:00-04:00,564.1800368650188,565.953600014702,562.9257739624676,564.5327758789062,44138100
2024-10-11 00:00:00-04:00,564.4542980317323,568.6481717987969,564.3171018304082,567.9132690429688,42268000
2024-10-14 00:00:00-04:00,569.5202272995722,573.4887501402064,569.0401003876937,572.557861328125,36217200
2024-10-15 00:00:00-04:00,572.8224884018784,573.1262458468478,566.8942243784207,568.1093139648438,54203600
2024-10-16 00:00:00-04:00,568.1092586044506,571.0978512020905,567.305757742965,570.5784912109375,30725400
2024-10-17 00:00:00-04:00,574.1159000748407,574.3216944108202,570.441385688738,570.6275634765625,34393700
2024-10-18 00:00:00-04:00,572.3128969974695,573.6063330690159,570.8528997080355,572.8224487304688,37416800
2024-10-21 00:00:00-04:00,572.0972566282711,573.0771269383695,568.9126781204517,571.8817138671875,36439000
2024-10-22 00:00:00-04:00,569.3536780068462,572.7342428128154,568.697181591541,571.5780029296875,34183800
2024-10-23 00:00:00-04:00,569.5594196255329,570.0003732214365,562.8570804647936,566.355224609375,49314600
2024-10-24 00:00:00-04:00,568.3052337104026,568.3836400907534,564.9639018539431,567.5801391601562,34979900
2024-10-25 00:00:00-04:00,569.8044050522926,572.6950344865168,566.443456997856,567.3840942382812,47268200
2024-10-28 00:00:00-04:00,570.8528957024953,570.9802836348513,568.8343651367928,569.1381225585938,30174700
2024-10-29 00:00:00-04:00,568.1778099310847,571.1762108700161,566.7864107519835,570.0592041015625,42899700
2024-10-30 00:00:00-04:00,569.588797638648,571.5779630983764,567.6290569957021,568.3345947265625,41435800
2024-10-31 00:00:00-04:00,563.9742291931302,564.0428273008541,556.9975564307639,557.1935424804688,60182500
2024-11-01 00:00:00-04:00,559.8195584319851,563.9643910438907,559.1336371976272,559.545166015625,45667500
2024-11-04 00:00:00-05:00,559.6823223393656,560.9757583388703,556.4585705161212,558.3399047851562,38217000
2024-11-05 00:00:00-05:00,559.251198693126,565.1304208425688,559.0356559214524,565.0912475585938,39478300
2024-11-06 00:00:00-05:00,577.3397109306703,580.014738259286,573.6064067155438,579.1426391601562,68182000
2024-11-07 00:00:00-05:00,581.1415644099445,584.639708979933,581.063158030651,583.62060546875,47233200
2024-11-08 00:00:00-05:00,584.1693851078007,587.5695668763649,584.1693851078007,586.1487426757812,46444900
2024-11-11 00:00:00-05:00,587.7360051791314,588.0887441353201,584.9825720146739,586.7071533203125,37586800
2024-11-12 00:00:00-05:00,586.6287817012992,587.2264882691159,582.4055428293386,584.8846435546875,43006100
2024-11-13 00:00:00-05:00,585.3451927424278,587.1677373847895,582.9837313260188,585.1688232421875,47388600
2024-11-14 00:00:00-05:00,585.2961219646461,585.7762488320935,580.7201445096133,581.406005859375,38904100
2024-11-15 00:00:00-05:00,577.8490404616651,578.3194188381738,572.1070152959201,573.958984375,75988800
2024-11-18 00:00:00-05:00,574.4195277074432,577.6237226660043,573.5572968817456,576.3107299804688,37001700
2024-11-19 00:00:00-05:00,572.9400989259979,579.1426361014928,572.2737941658764,578.4175415039062,49412000
2024-11-20 00:00:00-05:00,578.4958236706298,578.8975441726233,572.8615695316089,578.6134033203125,50032600
2024-11-21 00:00:00-05:00,581.4550801704302,583.1404284379229,575.6248397212988,581.7196044921875,46750300
2024-11-22 00:00:00-05:00,581.7098478799927,584.1497754660484,581.2101642027249,583.5226440429688,38226400
2024-11-25 00:00:00-05:00,587.4520080099294,588.7650010479646,583.218960080664,585.5020751953125,42441400
2024-11-26 00:00:00-05:00,586.7464687495894,589.2255699286757,586.0311823918292,588.5592651367188,45621300
2024-11-27 00:00:00-05:00,588.3730114334577,588.755115442667,585.2570306878304,586.7758178710938,34000200
2024-11-29 00:00:00-05:00,587.5891193661275,591.204843913549,587.3147867247623,590.4209594726562,30177400
2024-12-02 00:00:00-05:00,590.8323780737772,592.1552388895445,590.3424429138348,591.4791259765625,31746000
2024-12-03 00:00:00-05:00,591.2440480710218,591.9985076527607,590.2151960547985,591.7535400390625,26906600
2024-12-04 00:00:00-05:00,593.4389336760423,595.6730071584342,592.7726289600115,595.4280395507812,42787600
2024-12-05 00:00:00-05:00,595.4280516027892,596.2315525489399,594.0954421437544,594.4481811523438,28762200
2024-12-06 00:00:00-05:00,595.212403953603,596.8095972909788,594.800875182747,595.574951171875,31241500
2024-12-09 00:00:00-05:00,595.457476264727,595.6240374954255,591.9201582931329,592.508056640625,34742700
2024-12-10 00:00:00-05:00,593.1841677805376,593.605504896008,590.0093971009587,590.6658935546875,37234500
2024-12-11 00:00:00-05:00,593.5860024095599,596.1826234477978,593.3116099521484,595.232177734375,28677700
2024-12-12 00:00:00-05:00,594.3698085144841,594.9380902901107,592.1651000976562,592.1651000976562,31543800
2024-12-13 00:00:00-05:00,594.1934038090473,594.9086900260288,590.6756429397628,592.0474853515625,35904700
2024-12-16 00:00:00-05:00,593.8014854078001,595.5456834945226,593.0274092921627,594.5755615234375,43695200
2024-12-17 00:00:00-05:00,592.0278913761272,592.9881452170704,590.7540718346318,592.1258544921875,55773500
2024-12-18 00:00:00-05:00,591.822113059209,594.2031909866316,574.0962907751041,574.4784545898438,108248700
2024-12-19 00:00:00-05:00,579.456129686489,581.0631314525076,574.057034359764,574.302001953125,85919500
2024-12-20 00:00:00-05:00,571.9778879961826,585.722562754752,571.1323175828937,581.2000122070312,125716700
2024-12-23 00:00:00-05:00,580.9443919924163,585.2801382457641,577.7687172457148,584.680419921875,57635800
2024-12-24 00:00:00-05:00,586.0272244384283,591.2183812455869,585.4471288073329,591.1790161132812,33160100
2024-12-26 00:00:00-05:00,589.4094496188982,592.3392722176656,588.0133673077331,591.218505859375,41219100
2024-12-27 00:00:00-05:00,587.4823797773107,587.7183905820746,580.8165297326684,584.9949951171875,64969300
2024-12-30 00:00:00-05:00,577.9948725430215,581.7800467977985,574.5734057798932,578.3192749023438,56578800
2024-12-31 00:00:00-05:00,579.9808236627084,580.698577374324,574.5832389413312,576.21533203125,57052700
2025-01-02 00:00:00-05:00,579.4694871635404,581.1801901339398,570.7291079559299,574.7994384765625,50204000
2025-01-03 00:00:00-05:00,577.64092396713,582.6255346471705,576.5594027877501,581.9865112304688,37888500
2025-01-06 00:00:00-05:00,586.2337670283534,589.6060270134918,583.608664526265,585.3390502929688,47679400
2025-01-07 00:00:00-05:00,587.3644406233403,587.6889029930588,576.9035745975999,578.722412109375,60393100
2025-01-08 00:00:00-05:00,578.7911897402016,580.6395509433228,575.350100693004,579.56787109375,47304700
2025-01-10 00:00:00-05:00,576.0186519228087,576.0874809051687,568.8120114375996,570.7193603515625,73105000
2025-01-13 00:00:00-05:00,566.0788468496604,571.9581742427216,565.6658729466735,571.604248046875,47910100
2025-01-14 00:00:00-05:00,574.5241441869972,575.1533862250869,568.6152938144415,572.3906860351562,48420600
2025-01-15 00:00:00-05:00,580.3936552944716,583.9428778193259,579.2826705140105,582.8024291992188,56900200
2025-01-16 00:00:00-05:00,584.1690862304802,584.34604932179,580.9836305712422,581.6817016601562,43319700
2025-01-17 00:00:00-05:00,586.9121079994578,589.2716756656154,585.5847949299089,587.5216674804688,58070600
2025-01-21 00:00:00-05:00,590.5596519481012,592.9094384516549,588.5933154613438,592.8995971679688,42532900
2025-01-22 00:00:00-05:00,595.7212772630847,597.5893209036658,595.170705454465,596.2325439453125,48196000
2025-01-23 00:00:00-05:00,595.6032899728609,599.48681640625,595.3280340779654,599.48681640625,41152100
2025-01-24 00:00:00-05:00,599.5458113037603,600.4995156835615,596.5864653530726,597.7367553710938,34604700
2025-01-27 00:00:00-05:00,584.7984314522485,589.5962983553967,584.6313096156265,589.2816772460938,70361100
2025-01-28 00:00:00-05:00,590.5105293609671,595.1805787054238,587.1972570477369,594.3449096679688,44433300
2025-01-29 00:00:00-05:00,593.5583671362218,593.9614997638901,589.1341095636221,591.6805419921875,37177400
2025-01-30 00:00:00-05:00,593.7944224804594,596.389941511758,590.6089063826978,594.856201171875,39281300
2025-01-31 00:00:00-05:00,597.2747575383468,599.6933732210748,590.9333098394596,591.6903686523438,66566900
2025-02-03 00:00:00-05:00,582.6943020815504,590.1860392450765,580.5510025263411,587.70849609375,65857200
2025-02-04 00:00:00-05:00,587.7674745011321,592.1622076462813,587.2267439810199,591.6510009765625,33457800
2025-02-05 00:00:00-05:00,590.5302274178379,594.1974260072697,588.5049031019603,594.0499267578125,30653100
2025-02-06 00:00:00-05:00,595.7901616750784,596.242440705887,592.4867305159943,596.1146240234375,35771500
2025-02-07 00:00:00-05:00,596.6750666805723,597.8941858585465,589.9501686239648,590.6580810546875,50788500
2025-02-10 00:00:00-05:00,593.8631663388722,595.3083949100401,592.5948408497425,594.6693115234375,26048700
2025-02-11 00:00:00-05:00,592.408088766588,595.6623736678141,592.2901133629294,595.1216430664062,30056700
2025-02-12 00:00:00-05:00,589.1143924293652,594.3743182514838,588.436003976824,593.204345703125,45076100
2025-02-13 00:00:00-05:00,594.3055297285264,599.6736500230521,593.0471055616473,599.4671630859375,40921300
2025-02-14 00:00:00-05:00,599.6736949390985,600.7060096863363,598.8183432907158,599.437744140625,26910400
2025-02-18 00:00:00-05:00,600.5977915687461,601.197509765625,598.1398710820379,601.197509765625,26749000
2025-02-19 00:00:00-05:00,599.8113366176324,602.908280775238,599.3000698962699,602.6133422851562,31011100
2025-02-20 00:00:00-05:00,601.2467110134413,601.3843689751305,596.8028311734677,600.1062622070312,36554000
2025-02-21 00:00:00-05:00,599.8899309928074,600.0275889538111,589.3798596850504,589.8419799804688,76519800
2025-02-24 00:00:00-05:00,591.8870576091449,592.8800672914438,586.4501075695626,587.1580200195312,50737200
2025-02-25 00:00:00-05:00,587.098968367302,587.8265033006376,579.6366946428752,584.2379150390625,58266500
2025-02-26 00:00:00-05:00,585.899394022331,589.4879818072211,581.8978924126887,584.5327758789062,43321600
2025-02-27 00:00:00-05:00,586.8039490929929,587.9542991571739,574.809344386224,575.2025756835938,74196700
2025-02-28 00:00:00-05:00,575.7039886670112,584.70978328648,572.636508577737,584.1788940429688,88744100
2025-03-03 00:00:00-05:00,586.1452445030724,587.2857532860544,570.1392964764723,573.9441528320312,74249200
2025-03-04 00:00:00-05:00,569.9525173224438,575.5369060706639,562.6180601948478,567.1504516601562,109648200
2025-03-05 00:00:00-05:00,566.9833769883293,575.0355284425119,563.4341535288585,573.2461547851562,71230500
2025-03-06 00:00:00-05:00,565.7937090893346,570.4047711019521,560.523941077153,563.0703735351562,80094900
2025-03-07 00:00:00-05:00,561.2907933786839,567.6715458955733,556.1094773560538,566.2262573242188,81158800
2025-03-10 00:00:00-04:00,558.0365509948175,559.9536812738498,546.2385307775894,551.14453125,99326600
2025-03-11 00:00:00-04:00,549.9843324603625,554.5265648872522,542.7285461144836,546.5628662109375,88102100
2025-03-12 00:00:00-04:00,552.7077615834074,553.6319422779778,544.3705127696392,549.4633178710938,69588200
2025-03-13 00:00:00-04:00,549.0896792735167,549.6992388466521,540.4279685563406,542.138671875,74079400
2025-03-14 00:00:00-04:00,546.7496748611676,554.3397648685512,542.2074423986709,553.3369140625,62660300
2025-03-17 00:00:00-04:00,553.3172227764923,560.1207900872192,552.8846263579363,557.6038818359375,49008700
2025-03-18 00:00:00-04:00,555.2934322950165,555.5097605205915,549.6500559715837,551.5770874023438,66041400
2025-03-19 00:00:00-04:00,553.3566169353411,561.3399385264869,552.1768030039566,557.584228515625,66556000
2025-03-20 00:00:00-04:00,553.8481847501696,560.9663132490421,553.1304311253591,555.9718017578125,62958200
2025-03-21 00:00:00-04:00,551.5205297947124,557.0526817242638,550.2878724028328,556.1552734375,83763000
2025-03-24 00:00:00-04:00,562.880651498493,567.1703352751009,562.2890000340255,566.1151733398438,58766800
2025-03-25 00:00:00-04:00,567.3181993393742,568.4127846067184,565.73055113845,567.4760131835938,38355700
2025-03-26 00:00:00-04:00,567.2097618801449,568.3339598573967,559.3207546377017,560.7013549804688,51848300
2025-03-27 00:00:00-04:00,559.3108687859911,562.9792883535321,557.101956447335,559.2122802734375,42164200
2025-03-28 00:00:00-04:00,557.6838635858104,558.413587192946,547.3689639965595,547.9507446289062,71662700
2025-03-31 00:00:00-04:00,542.201546342058,552.9305994826874,539.282592409213,551.62890625,95328200
2025-04-01 00:00:00-04:00,549.715889513425,555.1297110203275,545.9981756472096,553.18701171875,54609600
2025-04-02 00:00:00-04:00,547.3492217360947,559.547595484726,547.1125611273237,556.6878662109375,76014500
2025-04-03 00:00:00-04:00,537.5470145495102,540.3673198616506,529.2537231445312,529.2537231445312,125986000
2025-04-04 00:00:00-04:00,516.404523136506,518.5740121118964,498.05273494035157,498.2696838378906,217965100
2025-04-07 00:00:00-04:00,482.40291724281104,515.9114550791749,475.115432610906,497.3821716308594,256611400
2025-04-08 00:00:00-04:00,514.6196789750944,517.6963871548359,482.37337814369187,489.5918273925781,165816600
2025-04-09 00:00:00-04:00,486.59399925019795,541.0084228515625,486.20939567811143,541.0084228515625,241867300
2025-04-10 00:00:00-04:00,524.7865408671853,526.098105010763,502.2535908103832,517.3018798828125,162331200
2025-04-11 00:00:00-04:00,515.7536950429114,528.9874872153164,512.8544826104954,526.5320434570312,97866300
2025-04-14 00:00:00-04:00,536.5017296923237,536.7285795544979,526.4531053782949,531.64013671875,68034000
2025-04-15 00:00:00-04:00,532.1825399641931,535.6931457102869,529.3622343758641,530.151123046875,56892900
2025-04-16 00:00:00-04:00,524.3034408726064,530.4273047249436,513.0714517926509,518.366943359375,83484800
2025-04-17 00:00:00-04:00,520.3194821276195,523.800475242003,516.6411916080497,519.1065063476562,79868100
2025-04-21 00:00:00-04:00,513.9293002870572,514.4618467446136,501.40552056556845,506.7503356933594,69368100
2025-04-22 00:00:00-04:00,512.9235348557764,521.9564215250564,511.9867032226325,519.9348754882812,75948100
2025-04-23 00:00:00-04:00,532.9319549297188,537.8625838932508,526.4728430251603,527.991455078125,90590700
2025-04-24 00:00:00-04:00,529.2734571828396,539.8348871004667,528.0211182344198,539.1051635742188,64150400
2025-04-25 00:00:00-04:00,539.0656730072541,543.4045902561826,536.1467190777879,543.0003051757812,61119600
2025-04-28 00:00:00-04:00,543.7400050325934,545.8700106135369,537.4583875113086,543.2074584960938,47613800
2025-04-29 00:00:00-04:00,541.294298062473,547.7435994540236,540.9393072120234,546.6292724609375,47775100
2025-04-30 00:00:00-04:00,539.9729835885655,548.7988227140515,534.0069337400583,546.8462524414062,93101500
2025-05-01 00:00:00-04:00,552.5954041380958,556.2440822591161,550.1202183270924,550.7217407226562,63186100
2025-05-02 00:00:00-04:00,556.894803218062,560.4941864598073,554.5774316657111,558.8966674804688,60717300
2025-05-05 00:00:00-04:00,554.7648727126054,558.788283367358,553.9069479669498,555.6918334960938,38659200
2025-05-06 00:00:00-04:00,550.1891944565425,555.533979770925,549.2326812616892,551.047119140625,48264700
2025-05-07 00:00:00-04:00,552.3784371058738,555.9975022415719,548.3254139860352,553.3645629882812,55588000
2025-05-08 00:00:00-04:00,557.3978323656503,562.3974982446085,553.9069681077176,557.2203369140625,65130800
2025-05-09 00:00:00-04:00,558.6205173502777,559.6263849147109,554.9521583078488,556.51025390625,37603400
2025-05-12 00:00:00-04:00,573.4026196086874,574.9114211824733,569.0340889310521,574.9015502929688,78993600
2025-05-13 00:00:00-04:00,575.3157161654024,580.907093658496,574.7536773375426,578.6981811523438,67947200
2025-05-14 00:00:00-04:00,579.6546018902411,580.8083522191259,577.4160770724685,579.4376831054688,66283500
2025-05-15 00:00:00-04:00,577.4359031534708,582.77081800724,576.9822635531588,582.2679443359375,71268100
2025-05-16 00:00:00-04:00,583.0468496173695,586.251758304484,581.104210780506,585.9559326171875,76052100
2025-05-19 00:00:00-04:00,579.9405744991373,587.2773530559552,579.9405744991373,586.596923828125,68168500
2025-05-20 00:00:00-04:00,584.8614766498325,585.8081190582527,581.4198464644389,584.624755859375,60614500
2025-05-21 00:00:00-04:00,580.2759146876367,584.3584902721909,573.7477661832594,574.7733154296875,95197700
2025-05-22 00:00:00-04:00,574.5760959985981,578.4811762683786,573.3434386116112,575.0001831054688,70860400
2025-05-23 00:00:00-04:00,567.988738706783,573.7378691727489,567.6140060747297,571.0753173828125,76029000
2025-05-27 00:00:00-04:00,577.938827709351,583.1061179228353,570.4048112020747,582.9483642578125,72588500
2025-05-28 00:00:00-04:00,583.3526850377893,584.5459191469531,578.8460820656009,579.5758056640625,68445500
2025-05-29 00:00:00-04:00,584.8318350718904,584.9699071457442,577.9388245287198,581.8635864257812,69973300
2025-05-30 00:00:00-04:00,580.7591289651484,582.9286180198035,575.1480700909575,581.2127685546875,90601200
2025-06-02 00:00:00-04:00,579.6052986473595,584.5654800276525,576.9427470010985,584.4866333007812,61630500
2025-06-03 00:00:00-04:00,584.121791379625,588.7960181097066,583.6385391723649,587.8197631835938,63606200
2025-06-04 00:00:00-04:00,588.6777258495218,589.6539808386906,587.2280895107962,587.6619873046875,57314200
2025-06-05 00:00:00-04:00,589.3383724752952,590.6893600195378,582.8496477946317,584.8218994140625,92278700
2025-06-06 00:00:00-04:00,590.3540722792903,592.4940086999786,588.5790577947733,590.8274536132812,66588700
2025-06-09 00:00:00-04:00,591.3994087206146,592.9082102708385,590.1864930975049,591.3599853515625,53016400
2025-06-10 00:00:00-04:00,591.8924030034493,595.0973118762876,590.7781362147839,594.7127685546875,66247000
2025-06-11 00:00:00-04:00,595.8074157747775,596.6653405011278,590.9556931519085,593.0166625976562,73658200
2025-06-12 00:00:00-04:00,591.6853731206485,595.3734741210938,591.2021810906274,595.3734741210938,64129000
2025-06-13 00:00:00-04:00,590.1963519379123,593.499849631983,587.218232455665,588.7171630859375,89506000
2025-06-16 00:00:00-04:00,592.0699627819344,596.0637602908375,591.892407169678,594.3182983398438,79984100
2025-06-17 00:00:00-04:00,591.8826784891205,593.401290785268,588.480531921813,589.2398681640625,82209400
2025-06-18 00:00:00-04:00,590.1371879149127,592.8785866278505,588.1944885876793,589.1510620117188,76605000
2025-06-20 00:00:00-04:00,591.8224395288368,592.8906208578056,586.3629131433069,587.7673950195312,94051400
2025-06-23 00:00:00-04:00,588.5190130228361,593.9587392448562,585.4035696790836,593.5730590820312,87426000
2025-06-24 00:00:00-04:00,597.7072691809916,601.1886530620405,596.7973078378046,600.1304321289062,67735300
2025-06-25 00:00:00-04:00,601.247995602986,601.940336500435,598.903972841808,600.4666748046875,62114800
2025-06-26 00:00:00-04:00,602.3161684365299,605.5997923429508,601.7029677445283,605.1646118164062,78548400
2025-06-27 00:00:00-04:00,606.1636033457827,609.6351477759472,604.1360808658505,608.1713256835938,86258400
2025-06-30 00:00:00-04:00,610.6142811588834,612.4340832221852,608.2998981128763,611.0791015625,92502500
2025-07-01 00:00:00-04:00,609.6053849111585,612.0483479268365,608.7746241554748,610.8812866210938,70030100
2025-07-02 00:00:00-04:00,610.4757300098587,613.6901136433279,609.8526292762224,613.6505737304688,66510400
2025-07-03 00:00:00-04:00,615.628656191773,619.4167005776212,615.6088560521965,618.4869995117188,51065800
2025-07-07 00:00:00-04:00,616.5286747873084,617.1913758193931,611.0988485499288,613.8780517578125,74814500
2025-07-08 00:00:00-04:00,614.5406899285775,615.2923708557059,612.7307881009865,613.5418090820312,59024600
2025-07-09 00:00:00-04:00,615.945166968477,617.8737488887257,614.1055045789822,617.2210083007812,66113300
2025-07-10 00:00:00-04:00,617.3594891460615,620.0002120765442,616.1825277796053,618.9617309570312,57529000
2025-07-11 00:00:00-04:00,615.9154666088177,618.0122289852302,614.7187654701638,616.7858276367188,63670200
2025-07-14 00:00:00-04:00,616.3308265898004,618.3089087938923,614.9857451789246,617.9627685546875,51898500
2025-07-15 00:00:00-04:00,620.6431287961128,620.9793689858044,615.242942324076,615.3220825195312,74317300
2025-07-16 00:00:00-04:00,616.9044910111767,617.8836320494379,611.276844692317,617.3792114257812,88987500
2025-07-17 00:00:00-04:00,617.5573456006476,621.5135103761386,617.3397251475282,621.1574096679688,68885700
2025-07-18 00:00:00-04:00,622.4035141905442,622.5716342647312,619.5946714429975,620.702392578125,65621600
2025-07-21 00:00:00-04:00,621.87939453125,624.6189973413707,621.4541141003111,621.87939453125,63375000
2025-07-22 00:00:00-04:00,622.2057439990875,622.8288447335428,619.3276609031153,621.9683837890625,60046300
2025-07-23 00:00:00-04:00,624.6289433239532,627.2598266601562,622.8288811376781,627.2598266601562,70511000
2025-07-24 00:00:00-04:00,627.6454273719465,629.1784892953694,627.0421268182102,627.4674072265625,71307100
2025-07-25 00:00:00-04:00,628.1301201477661,630.5928227551882,627.8828598800927,630.1180419921875,56865400
2025-07-28 00:00:00-04:00,630.4939604147171,631.0478210681617,628.5752180855901,629.9598999023438,54917100
2025-07-29 00:00:00-04:00,631.3543820995848,631.6708825055948,627.3883778702398,628.2982788085938,60556300
2025-07-30 00:00:00-04:00,628.9510415464463,630.6917636576716,624.6190364089183,627.507080078125,80418900
2025-07-31 00:00:00-04:00,632.4522656090571,632.8379457731452,623.8574957354674,625.1531372070312,103385200
2025-08-01 00:00:00-04:00,619.4364414435403,619.476041722763,612.5032535330552,614.9066162109375,140103600
2025-08-04 00:00:00-04:00,618.813325728958,624.3024917393647,618.7243458354196,624.2530517578125,73218000
2025-08-05 00:00:00-04:00,624.866279158634,625.6773001361546,620.1683337507773,621.088134765625,68051400
2025-08-06 00:00:00-04:00,622.1562946160922,626.4981995520814,621.2463937026511,625.845458984375,64357500
2025-08-07 00:00:00-04:00,629.2674923107387,629.9993730574174,622.2156245224251,625.3212280273438,74205800
2025-08-08 00:00:00-04:00,627.1114619051468,630.6621463802445,626.794961476664,630.197265625,64051600
2025-08-11 00:00:00-04:00,630.4742118551501,631.947873553624,627.70484826023,628.9510498046875,58742300
2025-08-12 00:00:00-04:00,631.2950454377703,635.8050706066525,629.8114837326607,635.6468505859375,64730800
2025-08-13 00:00:00-04:00,637.842432642892,639.1084341540673,635.6368904336466,637.8226928710938,60092800
2025-08-14 00:00:00-04:00,635.7457782923831,638.5447818220973,635.300758040457,637.8821411132812,59327500
2025-08-15 00:00:00-04:00,638.9107148606824,639.0096552004113,635.4787708739423,636.388671875,68592500
2025-08-18 00:00:00-04:00,635.814941575414,636.942462907598,635.1424008771667,636.2501220703125,43804900
2025-08-19 00:00:00-04:00,636.0721245937336,637.0512656505922,631.4829592777961,632.7984008789062,69750700
2025-08-20 00:00:00-04:00,632.3929672116759,632.6500672159099,626.0136394005863,631.1170654296875,88890300
2025-08-21 00:00:00-04:00,629.3071240874224,630.9785456585483,626.864161086776,628.5850830078125,54805800
2025-08-22 00:00:00-04:00,630.7708500494616,639.4150594466402,630.2664294390896,638.2380981445312,84083200
2025-08-25 00:00:00-04:00,636.9820621561176,638.218363635622,635.3105801411765,635.4292602539062,51274300
2025-08-26 00:00:00-04:00,635.1621986940528,638.4359222802034,634.5390979794016,638.0897216796875,51581600
2025-08-27 00:00:00-04:00,637.5062179210042,640.2755208793137,637.3578376120881,639.5436401367188,48341100
2025-08-28 00:00:00-04:00,640.146950913372,642.3623933153343,638.267809046051,641.8085327148438,61519500
2025-08-29 00:00:00-04:00,640.374419619015,640.7404203673219,636.0919150690585,637.98095703125,74522200
2025-09-02 00:00:00-04:00,630.5136938017484,633.4709169972102,627.9619508913343,633.2533569335938,81983500
2025-09-03 00:00:00-04:00,635.6270215222661,637.1501834379544,633.4412793439511,636.685302734375,70820900
2025-09-04 00:00:00-04:00,637.3578424589464,642.0360478647699,636.4578416280056,642.00634765625,65219200
2025-09-05 00:00:00-04:00,644.3404973975818,645.0625384730564,636.2798483910566,640.14697265625,85178900
2025-09-08 00:00:00-04:00,641.5118230975241,642.718484610511,640.1370415028089,641.7195434570312,63133100
2025-09-09 00:00:00-04:00,641.8579832056892,643.7272854003053,640.1271612550325,643.203125,66133900
2025-09-10 00:00:00-04:00,646.4570825189741,647.3768835600082,643.4998590892842,645.0625610351562,78034500
2025-09-11 00:00:00-04:00,647.0109525903231,651.1154976382888,646.4274520986086,650.4231567382812,69934400
2025-09-12 00:00:00-04:00,650.393364548417,651.8868261792371,649.7010841125947,650.2054443359375,72780100
2025-09-15 00:00:00-04:00,652.4110731340584,653.7956944276398,652.114372883025,653.6671142578125,63772400
2025-09-16 00:00:00-04:00,654.2210123755038,654.5276730798186,651.9858301119879,652.7671508789062,61169000
2025-09-17 00:00:00-04:00,652.7770367516476,654.4682584259048,647.1295902463727,651.9561157226562,101952200
2025-09-18 00:00:00-04:00,654.6365009878455,657.6036246179045,653.0342590569163,655.00244140625,90459200
2025-09-19 00:00:00-04:00,656.8877828567474,659.0895125014193,654.9438659954435,658.2465209960938,97945600
2025-09-22 00:00:00-04:00,656.7588899327194,661.8070328507519,656.7291073786307,661.3607788085938,69452200
2025-09-23 00:00:00-04:00,661.2417286303936,661.8566899635472,656.540685502851,657.7606201171875,81708900
2025-09-24 00:00:00-04:00,659.0498612769777,659.1490153831234,654.2496039734066,655.6678466796875,68082200
2025-09-25 00:00:00-04:00,652.5338627083877,653.9917550046746,649.0328388399253,652.6429443359375,89622100
2025-09-26 00:00:00-04:00,654.0910020825955,656.9274877414105,652.4743904900326,656.3820190429688,69179200
2025-09-29 00:00:00-04:00,658.9010899003678,659.8135740530697,656.4216318338509,658.2266845703125,73499000
2025-09-30 00:00:00-04:00,657.4828203674869,661.1722852976668,656.173659297658,660.7061157226562,86288000
2025-10-01 00:00:00-04:00,657.7208144097488,663.8698820443607,657.6117327913598,662.9574584960938,72545400
2025-10-02 00:00:00-04:00,664.9410037342527,665.0600128657511,661.3011766397112,663.7210693359375,56896000
2025-10-03 00:00:00-04:00,664.4848020775174,667.1527012490268,662.6698219114437,663.7112426757812,70494400
2025-10-06 00:00:00-04:00,666.1014192164715,666.9841207809839,663.9591941673339,666.0914916992188,54623300
2025-10-07 00:00:00-04:00,667.0138297258598,667.4601442579947,662.1838505424819,663.6219482421875,72020100
2025-10-08 00:00:00-04:00,664.7426772273783,667.6783772359653,663.919480237528,667.5791625976562,60702200
2025-10-09 00:00:00-04:00,667.9957845708525,668.4023890582872,663.7112737749407,665.6452026367188,66501900
2025-10-10 00:00:00-04:00,666.6071968358344,668.4122493878771,647.4757221413303,647.6542358398438,159422600
2025-10-13 00:00:00-04:00,655.2216030747315,659.664772492732,654.3488290056752,657.5919189453125,79560500
2025-10-14 00:00:00-04:00,651.7701536094826,660.3590300864076,647.8030207789583,656.78857421875,88779600
2025-10-15 00:00:00-04:00,661.3408732132422,664.7228272522149,653.5156893256119,659.7044067382812,81702600
2025-10-16 00:00:00-04:00,661.340821247798,663.2153058553965,651.7105854492366,655.2116088867188,110563300
2025-10-17 00:00:00-04:00,654.0810128478913,660.2895852935891,652.7322022395391,658.9308471679688,96500900
2025-10-20 00:00:00-04:00,661.8367798071084,666.6866142382812,661.7872027532737,665.7840576171875,60493400
2025-10-21 00:00:00-04:00,665.9229005771253,667.4601523988813,664.4748753427003,665.7741088867188,56249000
2025-10-22 00:00:00-04:00,666.4783066993808,666.4783066993808,657.8497808005621,662.3128051757812,80564000
2025-10-23 00:00:00-04:00,662.6301900162397,667.1825015615415,662.3128121266341,666.2402954101562,65604500
2025-10-24 00:00:00-04:00,670.9016937183009,672.8951271271609,670.0983517375236,671.6851806640625,74356500
2025-10-27 00:00:00-04:00,677.1201116013259,679.9070199177999,676.5151383891614,679.6094970703125,63339800
2025-10-28 00:00:00-04:00,681.4046232640447,683.2493254549719,679.2028936555786,681.41455078125,61738100
2025-10-29 00:00:00-04:00,683.0609104229828,684.0328991417463,677.2590027977353,681.7418823242188,85657100
2025-10-30 00:00:00-04:00,678.2805836148408,680.3037996369978,674.2440185546875,674.2440185546875,76335800
2025-10-31 00:00:00-04:00,679.4110606194914,679.4507706842933,673.65873085131,676.45556640625,87164100
2025-11-03 00:00:00-05:00,680.0359699637585,680.1649066224819,674.3530715971103,677.7251586914062,57315000
2025-11-04 00:00:00-05:00,670.5545580097922,674.3729598389511,669.0371611161902,669.6917114257812,78427000
2025-11-05 00:00:00-05:00,669.4337786331213,675.2654684624238,668.6304366940664,672.012451171875,74402400
2025-11-06 00:00:00-05:00,670.9115428502156,671.8140994484131,663.2252231578799,664.8021850585938,85035300
2025-11-07 00:00:00-05:00,662.4218719882706,665.5658682287408,655.7769731606511,665.4567260742188,100592400
2025-11-10 00:00:00-05:00,671.6751969912248,676.5746080726943,669.4833950163819,675.8406982421875,75842900
2025-11-11 00:00:00-05:00,674.3629519753922,677.9532020666294,673.1529450781785,677.3878784179688,58953400
2025-11-12 00:00:00-05:00,679.1632192686196,679.3318660026857,675.3548055474994,677.7648315429688,62312500
2025-11-13 00:00:00-05:00,674.9085136071693,675.265541055433,665.0105359672095,666.5180053710938,103457800
2025-11-14 00:00:00-05:00,659.9127066954921,670.1082064558575,657.8200586834998,666.4088745117188,96846700
2025-11-17 00:00:00-05:00,664.1972328051172,668.1742931923078,656.7290761218832,660.2003173828125,90456100
2025-11-18 00:00:00-05:00,656.6596108350068,659.6548153709225,650.4708935566339,654.65625,114467500
2025-11-19 00:00:00-05:00,655.3505280387882,661.856623370592,653.3371790986623,657.185302734375,94703000
2025-11-20 00:00:00-05:00,667.3808213360044,670.0090710879778,646.5335791707308,647.1683349609375,165293500
2025-11-21 00:00:00-05:00,649.667590792559,659.0895314498267,645.5020891320908,653.6149291992188,123956200
2025-11-24 00:00:00-05:00,657.2447591605586,664.5541959227929,656.1538219404428,663.235107421875,80437900
2025-11-25 00:00:00-05:00,663.1360016067486,670.6537351639657,659.0200771396823,669.4735107421875,81077100
2025-11-26 00:00:00-05:00,672.0620713400136,676.0986363282427,671.1595147067713,674.09521484375,71879600
2025-11-28 00:00:00-05:00,675.2654787466182,678.0523870500939,674.9084513312986,677.7747192382812,49212000
2025-12-01 00:00:00-05:00,673.232272756968,677.3779187836101,673.1628406770591,674.6802978515625,61201200
2025-12-02 00:00:00-05:00,676.316803165018,678.2012155152329,673.7481184984898,675.9300537109375,62953800
2025-12-03 00:00:00-05:00,674.9779023816353,679.2822075879724,674.105128319461,678.2706298828125,57238500
2025-12-04 00:00:00-05:00,679.6689755171525,679.7384076011712,675.7415530139849,678.7664794921875,61970300
2025-12-05 00:00:00-05:00,679.8375623637357,682.7336127271673,678.9549213715281,680.0557861328125,79241000
2025-12-08 00:00:00-05:00,680.9484564225444,680.9980334759979,675.9696853695019,678.0127563476562,55231500
2025-12-09 00:00:00-05:00,677.5366934232544,679.7582780276033,676.9812972721672,677.4275512695312,58310100
2025-12-10 00:00:00-05:00,676.9515664343469,683.3088703732143,675.711837383319,681.92041015625,85671300
2025-12-11 00:00:00-05:00,679.51034738166,683.5865617528303,676.5647198382891,683.5072021484375,86173700
2025-12-12 00:00:00-05:00,682.5154459360199,683.2196338188487,673.5893968987631,676.1581420898438,113160300
2025-12-15 00:00:00-05:00,680.1053789946951,680.1252340287925,673.6687159286942,675.1365356445312,90811000
2025-12-16 00:00:00-05:00,673.6488975485244,675.4837328267965,669.4338188610296,673.2918701171875,122030600
2025-12-17 00:00:00-05:00,674.3034691132465,674.8489377460819,665.6848710067972,665.8832397460938,110625200
2025-12-18 00:00:00-05:00,672.0322187932205,675.1464323222394,669.3544527925658,670.9114990234375,108650100
2025-12-19 00:00:00-05:00,673.0134542661981,677.4896664833268,672.8940327515619,676.9923095703125,103599500
2025-12-22 00:00:00-05:00,680.3245900087294,681.7370666700199,676.9923229108747,681.2098999023438,69556700
2025-12-23 00:00:00-05:00,680.3046207584179,684.562024812114,680.2548972126992,684.3233032226562,64840000
2025-12-24 00:00:00-05:00,684.313382495532,687.1781631452748,684.164151137988,686.7305297851562,39445600
2025-12-26 00:00:00-05:00,686.989161229118,688.0037280321676,685.6264081645946,686.660888671875,41613300
2025-12-29 00:00:00-05:00,683.9055083361335,685.5567672531378,682.4433081832867,684.2138671875,62559500
2025-12-30 00:00:00-05:00,683.8160334465714,684.9201512250444,682.9506372729019,683.3783569335938,47160700
2025-12-31 00:00:00-05:00,683.5076844111845,683.726492314561,678.1063955310838,678.3152465820312,74144800
2026-01-02 00:00:00-05:00,682.0852055985325,683.2390468658663,676.2263268834449,679.55859375,89377200
2026-01-05 00:00:00-05:00,682.910778712987,685.7855161168121,682.7516512212146,684.0845336914062,71927200
2026-01-06 00:00:00-05:00,684.2934596862484,688.6602678554459,684.1442890432024,688.1529541015625,69273800
2026-01-07 00:00:00-05:00,688.5309418430683,690.2916046822218,685.6761181181482,685.9347534179688,75588300
2026-01-08 00:00:00-05:00,685.1787573638412,686.9692300361542,683.8557710289468,685.8651123046875,64019200
2026-01-09 00:00:00-05:00,686.9791831428475,691.6344363504869,685.5368360184962,690.4010009765625,80125500
2026-01-12 00:00:00-05:00,687.0289310253164,692.410366767912,686.979207477028,691.4852294921875,63976000
2026-01-13 00:00:00-05:00,691.813478661017,692.4103433578374,687.6953490317495,690.1026000976562,78309700
2026-01-14 00:00:00-05:00,687.3472637531122,688.0634285762314,682.4134612479594,686.7106323242188,94676700
2026-01-15 00:00:00-05:00,690.8983886882239,691.7737417111902,687.5959315038539,688.5806884765625,77862000
2026-01-16 00:00:00-05:00,689.9931507530615,690.5800586110835,686.4519720383781,688.0037231445312,79289200
2026-01-20 00:00:00-05:00,677.8874730475171,681.1501633341576,672.9934983300664,673.9981689453125,111623300
2026-01-21 00:00:00-05:00,676.0572511802958,685.0991655259935,674.5452667925615,681.77685546875,127844500
2026-01-22 00:00:00-05:00,686.2033478813381,687.476610793547,683.2888434897402,685.3379516601562,77112200
2026-01-23 00:00:00-05:00,684.5123006998919,687.3074439470811,683.5274830754288,685.5865478515625,63059600
2026-01-26 00:00:00-05:00,686.8399050563427,690.4606777697717,686.272910918868,689.0680541992188,60473800
2026-01-27 00:00:00-05:00,690.5104039402848,692.8480177488461,689.9036431059924,691.8134765625,55506100
2026-01-28 00:00:00-05:00,693.3652237572153,694.1510864943795,690.271678492269,691.7438354492188,61172200
2026-01-29 00:00:00-05:00,692.7087686795362,693.375209936545,681.2098793986574,690.3711547851562,97486200
2026-01-30 00:00:00-05:00,688.1330315570439,690.5402826440542,683.487735152998,688.3120727539062,101835100
2026-02-02 00:00:00-05:00,685.9348095869553,693.2459322689688,685.7756213682558,691.7339477539062,79286500
2026-02-03 00:00:00-05:00,692.529690413304,693.2757257351432,680.4140840721383,685.885009765625,107904600
2026-02-04 00:00:00-05:00,686.7006659106327,687.7948875474046,678.1561081391175,682.5626831054688,105204600
2026-02-05 00:00:00-05:00,677.3404209861714,680.0758839506523,672.2176206040476,674.0379638671875,113610800
2026-02-06 00:00:00-05:00,677.8576866055596,688.6503070282812,677.2508650473027,686.96923828125,89127600
2026-02-09 00:00:00-05:00,685.7755944360715,692.1915108078678,684.7013472083629,690.2816772460938,73885200
2026-02-10 00:00:00-05:00,691.276360737094,692.8579216647231,688.0037135108784,688.4613037109375,65185700
2026-02-11 00:00:00-05:00,692.7087599208829,693.4547952732178,685.5368515439336,688.3021850585938,76353900
2026-02-12 00:00:00-05:00,690.5701102294341,691.6742279947084,676.7734344520502,677.668701171875,118829000
2026-02-13 00:00:00-05:00,678.0864377658819,682.6522007204912,673.9384983110481,678.1461181640625,96267500
2026-02-17 00:00:00-05:00,676.5446598627462,681.31927396984,672.2077222570326,679.2402954101562,81354700
2026-02-18 00:00:00-05:00,680.4041503420104,685.507036973797,679.2204384959671,682.662109375,73570300
2026-02-19 00:00:00-05:00,680.225062656192,682.5526587813481,677.9471293624403,680.8616333007812,58649400
2026-02-20 00:00:00-05:00,678.7131823752115,686.4122580979458,678.126274472082,685.7855834960938,100034000
2026-02-23 00:00:00-05:00,684.1940214696967,686.3525334522094,676.7734345413753,678.7827758789062,90558100
2026-02-24 00:00:00-05:00,678.295350173768,684.7112054782021,676.4053697086953,683.7164916992188,73798700
2026-02-25 00:00:00-05:00,686.53156929616,690.0130676270821,686.4519751919497,689.4859008789062,56369500
2026-02-26 00:00:00-05:00,689.615191050754,689.6350440416309,680.7323436648176,685.6561889648438,71671000
2026-02-27 00:00:00-05:00,679.4790749097389,683.2291046432514,678.0367277603054,682.3637084960938,83308900
2026-03-02 00:00:00-05:00,675.1123137702438,684.9798583327654,674.4359156260907,682.751708984375,87477200
2026-03-03 00:00:00-05:00,671.4915420947397,679.0016196644848,666.1200629162043,676.7337036132812,105003100
2026-03-04 00:00:00-05:00,678.026741603972,683.4579005621853,676.0273572426378,681.5082397460938,79182200
2026-03-05 00:00:00-05:00,678.474445192334,681.9062201445739,672.0386149612469,677.70849609375,106606500
2026-03-06 00:00:00-05:00,669.8502072585248,672.5359467168151,666.2195382406165,668.82568359375,100687000
2026-03-09 00:00:00-04:00,662.8673651303956,676.3258117079225,658.888509802078,674.6845703125,102667700
2026-03-10 00:00:00-04:00,674.1374043547928,679.7476047325034,671.1930903760745,673.6002807617188,81505300
2026-03-11 00:00:00-04:00,673.9982140650914,676.4849986405864,669.7806371390539,672.7548217773438,68441700
2026-03-12 00:00:00-04:00,667.6120785283837,668.0995392824933,662.3500644519811,662.5390625,108882200
2026-03-13 00:00:00-04:00,665.7321452917186,668.7859240392634,657.863924887251,658.7890014648438,97200200
2026-03-16 00:00:00-04:00,664.8468199428278,668.5173163233716,663.5934708305671,665.493408203125,82023100
2026-03-17 00:00:00-04:00,668.8355969918504,670.8747480492216,666.1598145596139,667.2440185546875,87128000
2026-03-18 00:00:00-04:00,664.8268919718373,666.1796881508768,657.6948111200146,657.9335327148438,82062600
2026-03-19 00:00:00-04:00,653.4971375917409,659.4753776238247,651.7066647804095,656.3121948242188,111272500
2026-03-20 00:00:00-04:00,654.8230422006715,655.0025723674255,643.063298812559,646.9034423828125,163617500
2026-03-23 00:00:00-04:00,656.3790129905765,660.9173090129275,652.2596206790361,653.6959228515625,134802700
2026-03-24 00:00:00-04:00,649.6463809650626,655.3417305137531,648.2100787416998,651.5015869140625,96457500
2026-03-25 00:00:00-04:00,656.9774239230809,659.1917509309695,652.5588148295345,655.1322021484375,90653800
2026-03-26 00:00:00-04:00,650.3844333840033,653.1672421520028,643.1630473705688,643.432373046875,96494400
2026-03-27 00:00:00-04:00,640.8489947137006,641.0085567819559,631.4831091918358,632.4606323242188,103649400
2026-03-30 00:00:00-04:00,638.4651675144013,638.7245091624994,627.6630399662237,630.3460693359375,99275900
2026-03-31 00:00:00-04:00,637.2981538716512,649.865752001465,636.3405988140365,648.6688842773438,152534100
2026-04-01 00:00:00-04:00,652.219751792706,656.8278752918841,651.3220400966815,653.5562744140625,97841500
2026-04-02 00:00:00-04:00,644.7589215344626,656.5086804928782,643.4522901873171,654.144775390625,68358700
2026-04-06 00:00:00-04:00,654.1746977251443,658.0247645183308,653.8356054757206,657.23681640625,39105800
2026-04-07 00:00:00-04:00,654.9626585699763,657.9150134208243,649.386996170508,657.5260009765625,69980400
2026-04-08 00:00:00-04:00,674.6519776493207,675.3402070755335,669.734652974974,674.27294921875,93606100
2026-04-09 00:00:00-04:00,673.1059235004034,679.4096297331154,672.0386657215836,678.162841796875,57134400
2026-04-10 00:00:00-04:00,679.5692561407437,680.2774536083281,676.7066358948267,677.7140502929688,42253500
2026-04-13 00:00:00-04:00,675.669302461078,684.536473353906,674.8414790590384,684.3369750976562,54185800
2026-04-14 00:00:00-04:00,685.9229138241225,692.7952238870419,685.8929616905456,692.675537109375,63480500
2026-04-15 00:00:00-04:00,693.4734516118131,698.480571570673,692.4161778504387,698.1414184570312,58240400
2026-04-16 00:00:00-04:00,699.2585607342904,700.9741726960574,696.7350934539525,699.8569946289062,49972400
2026-04-17 00:00:00-04:00,704.3255249385737,710.5594650064761,703.9464965121796,708.3152465820312,70661900
2026-04-20 00:00:00-04:00,706.9587079747221,708.0857482546458,704.3254772575062,706.8988037109375,43546800
2026-04-21 00:00:00-04:00,708.4548936431559,709.4523240430285,700.8345107773317,702.2708129882812,58941400
2026-04-22 00:00:00-04:00,707.3278031045794,709.6218808832724,706.4001392457644,709.3825073242188,42518500
2026-04-23 00:00:00-04:00,707.6768673789517,710.5295037064266,700.4754491270062,706.6295776367188,56174000
2026-04-24 00:00:00-04:00,708.9236633096505,712.6340752101273,707.1881441382454,712.10546875,45182000
2026-04-27 00:00:00-04:00,711.3374146094498,713.7911152864904,710.4696550399041,713.332275390625,33135900
2026-04-28 00:00:00-04:00,709.9908768700561,711.0481506026886,707.4274735730012,709.8612060546875,43117400
2026-04-29 00:00:00-04:00,709.1729992133655,710.3699278433978,706.5497524472755,709.7515258789062,41859200
2026-04-30 00:00:00-04:00,712.7936806635566,717.9403946619685,708.6244289610544,716.8132934570312,67240900
2026-05-01 00:00:00-04:00,719.3966516418469,723.0073446973263,718.6186267345964,718.7982177734375,43049800
2026-05-04 00:00:00-04:00,718.2196821209096,720.2644021704073,713.152718877996,716.1649780273438,51950600
2026-05-05 00:00:00-04:00,719.9153564929043,723.1769124909786,719.6360467603954,721.9102172851562,36933200
2026-05-06 00:00:00-04:00,726.288861980811,732.7023927493656,725.9497697512824,731.9443359375,53288900
2026-05-07 00:00:00-04:00,733.161188473549,734.238430329629,727.8748196364371,729.7001342773438,51724600
2026-05-08 00:00:00-04:00,733.0415191543954,736.1834492768152,732.6824588199246,735.724609375,47227100
2026-05-11 00:00:00-04:00,734.5576163199453,738.8864300819614,734.5576163199453,737.4002685546875,44024000
2026-05-12 00:00:00-04:00,734.9964788307154,736.9414802248905,729.9494836014034,736.2831420898438,54185300
2026-05-13 00:00:00-04:00,736.5723674930287,741.9983910774667,733.5800764180441,740.4025268554688,44200200
2026-05-14 00:00:00-04:00,741.7391534739264,747.6040491923611,741.649357949993,746.2474975585938,45307600
2026-05-15 00:00:00-04:00,739.8838927249178,741.5496453663399,736.0637780312098,737.2706298828125,60410800
2026-05-18 00:00:00-04:00,737.9289136337939,739.5147938000424,731.5054597381557,736.751953125,47843900
2026-05-19 00:00:00-04:00,732.8919551385734,735.7545755811656,729.650306265128,731.8446044921875,54255900
2026-05-20 00:00:00-04:00,733.8195334397973,739.9636778498481,732.0042028263388,739.3452758789062,45768000
2026-05-21 00:00:00-04:00,736.7419902854853,742.9559620700644,735.1361419849363,740.8114624023438,43332200
2026-05-22 00:00:00-04:00,744.3224328967863,747.015507083493,742.566945697205,743.7239990234375,41762000
2026-05-26 00:00:00-04:00,748.0827892360243,750.1973368284331,746.4469887578754,748.6613159179688,41123600
2026-05-27 00:00:00-04:00,748.9505199197505,749.4492351039673,746.2973210478585,748.5316162109375,42106300
2026-05-28 00:00:00-04:00,748.3221518516883,753.2095851254732,747.3047533704411,752.6609497070312,41562600
2026-05-29 00:00:00-04:00,753.9576670103595,756.1320579864754,752.7507543048832,754.5361328125,55075700
2026-06-01 00:00:00-04:00,753.4189990020213,758.3264003155792,752.7507376917755,756.5908203125,43634900
2026-06-02 00:00:00-04:00,755.0847737682097,758.4461093852723,754.805464031348,757.6182250976562,31581900
2026-06-03 00:00:00-04:00,756.2018667594974,756.8501599793441,751.6336185743088,752.3018798828125,51402500
2026-06-04 00:00:00-04:00,750.1673635570705,756.3614281257201,749.5389775481502,755.1445922851562,49923000
2026-06-05 00:00:00-04:00,750.3768677170906,750.8855669656407,733.6400171295905,735.65478515625,93989400
2026-06-08 00:00:00-04:00,741.4498108327123,743.4247643242134,736.2931129658897,737.3204345703125,49319100
2026-06-09 00:00:00-04:00,741.7191759970133,744.9807928982774,720.7332622187009,735.1560668945312,87683500
2026-06-10 00:00:00-04:00,731.5054857614351,736.4826536495077,723.4661992814284,723.56591796875,60341300
2026-06-11 00:00:00-04:00,726.8873842592473,738.0984921563339,722.5485255148498,735.8642578125,86330500
2026-06-12 00:00:00-04:00,738.8066884479139,742.5270843334097,733.1412911200548,739.843994140625,57079500
2026-06-15 00:00:00-04:00,749.9179969688896,754.7356026867302,749.8282623277308,752.890380859375,60176400
2026-06-16 00:00:00-04:00,752.6111046530555,753.4988323298886,747.9531216783239,748.4019775390625,67093100
2026-06-17 00:00:00-04:00,749.3594421826946,750.217278570044,737.3204502885575,739.0560302734375,85945200
2026-06-18 00:00:00-04:00,747.760009765625,748.22998046875,743.8599853515625,746.739990234375,80875700
2026-06-22 00:00:00-04:00,747.7000122070312,750.1799926757812,743.1300048828125,744.3900146484375,46628100
2026-06-23 00:00:00-04:00,733.8099975585938,739.6300048828125,732.2999877929688,733.5800170898438,66846800
2026-06-24 00:00:00-04:00,735.1699829101562,739.9500122070312,730.8400268554688,733.239990234375,57439500
2026-06-25 00:00:00-04:00,738.9099731445312,739.3699951171875,729.5999755859375,734.2999877929688,53934400
2026-06-26 00:00:00-04:00,728.9500122070312,736.530029296875,716.5800170898438,728.989990234375,71034000
2026-06-29 00:00:00-04:00,736.530029296875,741.5599975585938,732.0900268554688,741.0,58035200
2026-06-30 00:00:00-04:00,741.2899780273438,748.02001953125,740.8900146484375,746.77001953125,55626000
2026-07-01 00:00:00-04:00,745.0,749.4400024414062,742.3800048828125,745.760009765625,47100900
2026-07-02 00:00:00-04:00,747.4000244140625,751.3099975585938,740.030029296875,744.780029296875,57447800
2026-07-06 00:00:00-04:00,748.739990234375,752.4099731445312,747.4099731445312,751.280029296875,50673300
2026-07-07 00:00:00-04:00,750.219970703125,750.9600219726562,745.2100219726562,747.7100219726562,43721500
2026-07-08 00:00:00-04:00,743.1599731445312,746.1500244140625,739.510009765625,745.4000244140625,43767400
2026-07-09 00:00:00-04:00,747.3499755859375,751.969970703125,745.5900268554688,751.7100219726562,41441700
2026-07-10 00:00:00-04:00,752.0499877929688,755.4199829101562,748.0999755859375,754.9500122070312,42191300
2026-07-13 00:00:00-04:00,752.469970703125,753.9099731445312,748.0,749.1699829101562,44013600
2026-07-14 00:00:00-04:00,750.9099731445312,753.3400268554688,748.6599731445312,751.8300170898438,35143100
2026-07-15 00:00:00-04:00,754.239990234375,755.5800170898438,750.2000122070312,754.8099975585938,43844800
2026-07-16 00:00:00-04:00,752.760009765625,754.5700073242188,747.8800048828125,750.719970703125,46409800
2026-07-17 00:00:00-04:00,742.0800170898438,747.2899780273438,740.7999877929688,743.2899780273438,62651000
2026-07-20 00:00:00-04:00,747.0599975585938,748.72998046875,741.510009765625,742.0900268554688,50422300
2026-07-21 00:00:00-04:00,746.2899780273438,749.0399780273438,744.1799926757812,748.280029296875,34324300
2026-07-22 00:00:00-04:00,746.6199951171875,750.02001953125,746.3699951171875,747.4099731445312,32836200
2026-07-23 00:00:00-04:00,739.3699951171875,742.5599975585938,735.2100219726562,738.1799926757812,55437300
2026-07-24 00:00:00-04:00,738.510009765625,743.719970703125,737.2899780273438,738.9299926757812,44782000
2026-07-27 00:00:00-04:00,744.9099731445312,745.530029296875,735.8699951171875,739.0900268554688,41461200
2026-07-28 00:00:00-04:00,739.1900024414062,742.7899780273438,735.97998046875,740.8599853515625,47322200
2026-07-29 00:00:00-04:00,739.969970703125,742.6799926757812,729.0999755859375,729.4600219726562,70697200
2026-07-30 00:00:00-04:00,736.0499877929688,742.4500122070312,734.5900268554688,741.6900024414062,66811300
2026-07-31 00:00:00-04:00,744.6799926757812,748.9000244140625,737.6799926757812,747.030029296875,62445900
2026-08-03 00:00:00-04:00,749.4400024414062,758.5800170898438,748.7999877929688,757.6699829101562,59927500
2026-08-04 00:00:00-04:00,760.6300048828125,773.4099731445312,760.52001953125,771.3300170898438,69154800
2026-08-05 00:00:00-04:00,775.8499755859375,776.8499755859375,769.510009765625,769.7899780273438,44689100
2026-08-06 00:00:00-04:00,770.2100219726562,771.8200073242188,767.4600219726562,768.5599975585938,38416900
2026-08-07 00:00:00-04:00,771.02001953125,773.9199829101562,769.6099853515625,773.260009765625,43586300
2026-08-10 00:00:00-04:00,772.5999755859375,775.0499877929688,771.6199951171875,773.030029296875,39249500
2026-08-11 00:00:00-04:00,774.530029296875,774.6099853515625,769.2000122070312,770.5599975585938,36740600
2026-08-12 00:00:00-04:00,774.7100219726562,774.9000244140625,771.280029296875,772.489990234375,33179100
2026-08-13 00:00:00-04:00,774.8699951171875,779.3699951171875,774.1099853515625,777.8800048828125,35634500
2026-08-14 00:00:00-04:00,778.5399780273438,778.7999877929688,775.4299926757812,776.3400268554688,31367900
2026-08-17 00:00:00-04:00,776.1799926757812,776.780029296875,772.510009765625,772.6699829101562,34356600
2026-08-18 00:00:00-04:00,768.7000122070312,769.5,766.9199829101562,767.4500122070312,43920900
2026-08-19 00:00:00-04:00,770.3599853515625,772.469970703125,768.0999755859375,769.0599975585938,40306000
2026-08-20 00:00:00-04:00,765.9600219726562,768.1500244140625,762.0399780273438,762.5999755859375,45520300
2026-08-21 00:00:00-04:00,766.0499877929688,767.8499755859375,764.1699829101562,765.719970703125,39188700
2026-08-24 00:00:00-04:00,764.780029296875,765.219970703125,762.0800170898438,763.469970703125,32430900
2026-08-25 00:00:00-04:00,766.1599731445312,766.780029296875,763.0499877929688,765.9099731445312,27422300
2026-08-26 00:00:00-04:00,764.72998046875,767.3499755859375,763.9299926757812,766.0800170898438,28751600
2026-08-27 00:00:00-04:00,768.5,772.3599853515625,767.1599731445312,771.0999755859375,34557100
2026-08-28 00:00:00-04:00,771.760009765625,775.2999877929688,768.3099975585938,769.3499755859375,36712600
2026-08-31 00:00:00-04:00,767.3300170898438,767.9949951171875,764.7150268554688,767.0499877929688,38644504
