Date,open,high,low,close,volume
2011-12-22 00:00:00-05:00,96.82725888357874,97.42548888176637,96.5164965196192,97.3244857788086,119465400
2011-12-23 00:00:00-05:00,97.63528210187621,98.22574143226575,97.43328769279108,98.19466400146484,92187200
2011-12-27 00:00:00-05:00,98.02370255775286,98.52870023675355,97.93824113850297,98.2723159790039,86075700
2011-12-28 00:00:00-05:00,98.28785743863438,98.3033931841863,96.90494491546423,96.98263549804688,119107100
2011-12-29 00:00:00-05:00,97.30116432980111,98.08585281197203,97.00593775817569,97.98485565185547,123507200
2011-12-30 00:00:00-05:00,97.90716843433174,98.14801695809304,97.503173828125,97.503173828125,95599000
2012-01-03 00:00:00-05:00,99.25896887302481,99.74065979581107,99.00258470795748,99.05696868896484,193697900
2012-01-04 00:00:00-05:00,98.8239282382267,99.29784850543541,98.4432402281024,99.21238708496094,127186500
2012-01-05 00:00:00-05:00,98.67629853227845,99.62413295317948,98.22568493596472,99.47651672363281,173895000
2012-01-06 00:00:00-05:00,99.60085712027139,99.6163987952371,98.89386502204975,99.22016906738281,148050000
2012-01-09 00:00:00-05:00,99.44544923496878,99.5852887076412,98.98707071255846,99.46099090576172,99530200
2012-01-10 00:00:00-05:00,100.5253738370169,100.72736815743225,100.18352817568133,100.32337951660156,115282000
2012-01-11 00:00:00-05:00,100.01262478627625,100.50985170264957,99.84947868744857,100.37777709960938,111540700
2012-01-12 00:00:00-05:00,100.66523158720646,100.76622282643291,99.86499545368103,100.61860656738281,118983700
2012-01-13 00:00:00-05:00,99.94271754683528,100.26125672896981,99.2279545059556,100.09809875488281,179836200
2012-01-17 00:00:00-05:00,101.06147283989573,101.24793738700058,100.14470363516183,100.4865493774414,132209200
2012-01-18 00:00:00-05:00,100.46323662970306,101.6519198893869,100.28454885895195,101.59754180908203,163395200
2012-01-19 00:00:00-05:00,101.94712621054822,102.21905210658258,101.62082224819989,102.13359069824219,126328900
2012-01-20 00:00:00-05:00,101.96270768347438,102.51431274414062,101.71408826949862,102.51431274414062,138230200
2012-01-23 00:00:00-05:00,102.17245606561443,102.74737950791362,101.7606905781653,102.25015258789062,129295800
2012-01-24 00:00:00-05:00,101.62082224819989,102.1646621854471,101.46544110253234,102.13359069824219,103083300
2012-01-25 00:00:00-05:00,101.9782171635876,103.22905518542974,101.58199338828001,102.98821258544922,198613200
2012-01-26 00:00:00-05:00,103.44659985655615,103.64082930567083,102.05592221701784,102.45992279052734,184880500
2012-01-27 00:00:00-05:00,101.96269345610635,102.59199495953695,101.89276184641723,102.4133071899414,135259100
2012-01-30 00:00:00-05:00,101.39554796582793,102.11808775670491,101.04593729177664,102.0636978149414,147311800
2012-01-31 00:00:00-05:00,102.56868901503867,102.69298685063265,101.52761017631413,102.02484893798828,157212000
2012-02-01 00:00:00-05:00,102.77842259530489,103.43880728764333,102.65412479077452,102.91827392578125,166234500
2012-02-02 00:00:00-05:00,103.12026151691373,103.34557424167168,102.71627293255608,103.08141326904297,113090400
2012-02-03 00:00:00-05:00,104.10697416519255,104.58865935659244,103.9282864094835,104.52650451660156,160598500
2012-02-06 00:00:00-05:00,104.09143645552963,104.5032019131796,103.97490353537363,104.45658874511719,107694500
2012-02-07 00:00:00-05:00,104.23904845257395,104.89943325259296,103.8272830117981,104.72073364257812,135528100
2012-02-08 00:00:00-05:00,104.7751099054088,105.05480072066084,104.34780284671514,105.031494140625,139361400
2012-02-09 00:00:00-05:00,105.20242247245113,105.3422619599881,104.54203772399968,105.16357421875,148602900
2012-02-10 00:00:00-05:00,104.23126893511075,104.47211149635866,103.98264961071168,104.38665008544922,167907500
2012-02-13 00:00:00-05:00,105.13250272868267,105.28788388866458,104.68188906635925,105.16357421875,115841900
2012-02-14 00:00:00-05:00,104.88387789718337,105.0936489723279,104.30118968664345,105.031494140625,165329500
2012-02-15 00:00:00-05:00,105.37335323671564,105.52873440839367,104.33227449134344,104.54204559326172,195195100
2012-02-16 00:00:00-05:00,104.54983386155037,105.79289522657757,104.36336932212512,105.69966888427734,186567800
2012-02-17 00:00:00-05:00,106.06481628649111,106.15027771458377,105.6297442361373,105.97935485839844,129869400
2012-02-21 00:00:00-05:00,106.22797245811812,106.47659185609751,105.69967401964999,106.0259780883789,134042300
2012-02-22 00:00:00-05:00,105.86280029839155,106.08811306746223,105.49764803526858,105.68411254882812,124455300
2012-02-23 00:00:00-05:00,105.62973512115879,106.22795321136184,105.27234776502247,106.1502685546875,137704300
2012-02-24 00:00:00-05:00,106.38333892822266,106.59311003437682,106.15027309341107,106.38333892822266,105539100
2012-02-27 00:00:00-05:00,105.67634890287904,106.84949036247045,105.50542606044542,106.5620346069336,145728900
2012-02-28 00:00:00-05:00,106.59312709180924,106.99712769483857,106.3833559520867,106.87281799316406,129355900
2012-02-29 00:00:00-05:00,107.028181487691,107.36226227382268,106.08034091516441,106.4532699584961,185934700
2012-03-01 00:00:00-05:00,106.67857876658712,107.20688902293978,106.3833462158364,107.0048828125,145023500
2012-03-02 00:00:00-05:00,106.93495023895073,107.0748015874777,106.43772339218745,106.6785659790039,120638300
2012-03-05 00:00:00-05:00,106.51542570374538,106.59311036398154,105.87834747376047,106.24349975585938,140765000
2012-03-06 00:00:00-05:00,105.15582980305572,105.21797279530104,104.38667690723959,104.6896743774414,202129900
2012-03-07 00:00:00-05:00,104.93050569270169,105.59089049868454,104.82950259524407,105.41996765136719,143692200
2012-03-08 00:00:00-05:00,106.06483751195671,106.6863742174817,105.84730144324696,106.46882629394531,116968900
2012-03-09 00:00:00-05:00,106.67078313910119,107.16023313961396,106.53870857675194,106.88055419921875,122836800
2012-03-12 00:00:00-04:00,106.86505248274423,107.02819859230416,106.50766505614175,106.88835906982422,104003500
2012-03-13 00:00:00-04:00,107.46330995576271,108.86952972411777,107.28461026946879,108.81513977050781,184090500
2012-03-14 00:00:00-04:00,108.84618652753203,109.11810063965483,108.36448943907732,108.69857025146484,145163600
2012-03-15 00:00:00-04:00,108.86171781032915,109.37448640098066,108.58202692950331,109.32787322998047,165118500
2012-03-16 00:00:00-04:00,109.5260502260127,109.61968510186625,109.24513369167741,109.47923278808594,152893500
2012-03-19 00:00:00-04:00,109.409033663662,110.2439726287913,109.33099664331978,109.90843963623047,125291100
2012-03-20 00:00:00-04:00,109.28416804971066,109.72114674280051,108.96423296842117,109.58849334716797,121729700
2012-03-21 00:00:00-04:00,109.65090223988057,109.75233605088697,109.18270405741852,109.40900421142578,122388400
2012-03-22 00:00:00-04:00,108.60530085761225,108.89402833510955,108.26196889284525,108.62091064453125,135216700
2012-03-23 00:00:00-04:00,108.7145270853156,109.09687745716518,108.11367547798359,108.9720230102539,120521000
2012-03-26 00:00:00-04:00,109.75237277071795,110.50148773193358,109.71336616477434,110.5014877319336,120164000
2012-03-27 00:00:00-04:00,110.60292403528214,110.67315020811554,110.08790828761582,110.15813446044922,119868500
2012-03-28 00:00:00-04:00,110.10353029573713,110.27520223068386,108.9642539917069,109.61192321777344,148562100
2012-03-29 00:00:00-04:00,108.96424935613028,109.62752834082337,108.53506953702171,109.42463684082031,164963700
2012-03-30 00:00:00-04:00,109.96307901960688,110.06452478590974,109.28420204642336,109.87724304199219,135486800
2012-04-02 00:00:00-04:00,109.74458437686296,110.96969673474669,109.52609497275802,110.68096923828125,151741100
2012-04-03 00:00:00-04:00,110.52489707671633,110.71217879476286,109.58070145338536,110.2283706665039,155806700
2012-04-04 00:00:00-04:00,109.41680367547099,109.51043854970447,108.73011617969357,109.1358871459961,146896000
2012-04-05 00:00:00-04:00,108.7613679813429,109.401226322896,108.66772117257617,109.08129119873047,137439400
2012-04-09 00:00:00-04:00,107.70793795842923,109.12032009615308,107.55967474498347,107.856201171875,127555900
2012-04-10 00:00:00-04:00,107.64550887062623,107.94983423261729,105.93660033529991,106.04584503173828,235360300
2012-04-11 00:00:00-04:00,107.13047071996087,107.32555134484058,106.70910180920231,106.90418243408203,154133000
2012-04-12 00:00:00-04:00,107.00561532274294,108.38677740819834,106.92757831944914,108.30094146728516,154321500
2012-04-13 00:00:00-04:00,108.05125809362538,108.32437573276682,106.91198199867506,107.013427734375,169246700
2012-04-16 00:00:00-04:00,107.55964100970473,107.71570311451816,106.57643903328231,106.94319152832031,147825300
2012-04-17 00:00:00-04:00,107.55964803339681,108.74574153962695,107.45040336221615,108.52725219726562,147877600
2012-04-18 00:00:00-04:00,108.0434788267245,108.52727505717644,107.98105158621802,108.1605224609375,123884200
2012-04-19 00:00:00-04:00,108.17609966975348,108.58185875068041,106.95879861342256,107.46600341796875,198666700
2012-04-20 00:00:00-04:00,107.94198067851833,108.33214181221928,107.58302719653338,107.64545440673828,143199600
2012-04-23 00:00:00-04:00,106.54521481097294,106.83394219437113,106.07702851699791,106.74029541015625,171844900
2012-04-24 00:00:00-04:00,106.8339253527326,107.41916705802316,106.74808942635241,107.14604949951172,137484200
2012-04-25 00:00:00-04:00,108.191717297777,108.65991559266455,108.09808240151038,108.61309814453125,150252200
2012-04-26 00:00:00-04:00,108.37896717239718,109.49483428794282,108.31653995762498,109.36997985839844,136291600
2012-04-27 00:00:00-04:00,109.69770160681198,109.8615626089396,109.08905121393593,109.5494384765625,130725000
2012-04-30 00:00:00-04:00,109.33100425196791,109.40904127774094,108.8472080311547,109.14372253417969,115092200
2012-05-01 00:00:00-04:00,109.08128536135926,110.54049664433768,108.95644280098107,109.82260131835938,138832200
2012-05-02 00:00:00-04:00,109.18275968546067,109.60414064572277,108.82381788189862,109.4948959350586,121081000
2012-05-03 00:00:00-04:00,109.51045311882228,109.59628906721396,108.45702492322562,108.65990447998047,143759700
2012-05-04 00:00:00-04:00,108.09027596724808,108.69892656433066,106.84175520530735,106.90418243408203,193927300
2012-05-07 00:00:00-04:00,106.52183176594787,107.34117286135371,106.48282516212954,106.98223114013672,127765900
2012-05-08 00:00:00-04:00,106.34234914229035,106.72471145299215,105.28111006806674,106.55303955078125,213377700
2012-05-09 00:00:00-04:00,105.42155364776926,106.59983610312511,104.94555654070713,105.92095947265625,220752500
2012-05-10 00:00:00-04:00,106.65448444410696,106.78714976057795,105.89758249627494,106.13948059082031,150600000
2012-05-11 00:00:00-04:00,105.47620570724999,106.80275176216949,105.42938825576007,105.81954956054688,153032400
2012-05-14 00:00:00-04:00,104.8050946840403,105.81951613743642,104.49297050150658,104.64903259277344,163910000
2012-05-15 00:00:00-04:00,104.57879734939334,105.19524672369648,103.88431098285132,104.04817199707031,207629300
2012-05-16 00:00:00-04:00,104.5163734000166,104.99237049127866,103.62680643187794,103.65021514892578,207265500
2012-05-17 00:00:00-04:00,103.67369812533803,103.79855264353968,102.05842405140751,102.11305236816406,247992900
2012-05-18 00:00:00-04:00,102.51097720267163,102.69045997539162,101.09079624763787,101.23905944824219,319615900
2012-05-21 00:00:00-04:00,101.56681988836452,103.01822079239523,101.40294685914989,102.97920227050781,177861100
2012-05-22 00:00:00-04:00,103.2444663209107,103.96236157993609,102.48755255619103,103.15863037109375,197531200
2012-05-23 00:00:00-04:00,102.41732457959309,103.36152001088925,101.43412255006835,103.2132568359375,204958400
2012-05-24 00:00:00-04:00,103.49417470630475,103.65803575990185,102.5499792631136,103.4161376953125,167357600
2012-05-25 00:00:00-04:00,103.37712665088061,103.66585408696942,102.83090325484059,103.08061218261719,135465600
2012-05-29 00:00:00-04:00,103.90776310358433,104.50860294906825,102.35491680085205,104.32913208007812,152883500
2012-05-30 00:00:00-04:00,103.43956044003033,104.32132877531977,102.60462146175037,102.81529998779297,162370400
2012-05-31 00:00:00-04:00,102.77630149788088,103.35373263869644,101.70725137048638,102.58901977539062,196186000
2012-06-01 00:00:00-04:00,100.98154485787087,102.61241614274111,100.00614166259766,100.00614166259766,253240900
2012-06-04 00:00:00-04:00,100.18559306796317,100.45871067233125,99.21019006204143,99.95930480957031,202545800
2012-06-05 00:00:00-04:00,99.76424704416398,100.86449885658405,99.70962469820537,100.71624755859375,164149400
2012-06-06 00:00:00-04:00,101.41855664926109,103.02601973406023,101.38733706903871,102.97920227050781,184202800
2012-06-07 00:00:00-04:00,104.14967518924763,104.19649264772171,102.8309278772547,103.04161834716797,184772700
2012-06-08 00:00:00-04:00,102.77625337920787,103.88430959491049,102.4485075416021,103.86090087890625,143915400
2012-06-11 00:00:00-04:00,104.69585316379096,104.75828038352148,102.44072194316529,102.54216766357422,169756100
2012-06-12 00:00:00-04:00,102.8387134962554,103.79070805117257,102.34711833917925,103.7204818725586,181931800
2012-06-13 00:00:00-04:00,103.41612393856572,104.06379294196269,102.70602771603446,103.05718231201172,172223900
2012-06-14 00:00:00-04:00,103.26787472680465,104.56321290852158,102.9869581561525,104.14964294433594,230615500
2012-06-15 00:00:00-04:00,104.61869961636216,105.30893328536008,104.39907818052593,105.21481323242188,169444500
2012-06-18 00:00:00-04:00,104.77556570489918,105.67758142139635,104.54025361453947,105.41873931884766,131360900
2012-06-19 00:00:00-04:00,105.95210506329911,106.8698113650432,105.3952002296925,106.43840789794922,137382600
2012-06-20 00:00:00-04:00,106.4462436698454,106.75214572575743,105.31675547310331,106.26583099365234,206451800
2012-06-21 00:00:00-04:00,106.39137686313494,106.5011875966333,103.79512797448093,103.88140869140625,205272200
2012-06-22 00:00:00-04:00,104.42260016658919,104.87753366826993,104.02256603541197,104.68144226074219,130029200
2012-06-25 00:00:00-04:00,103.57549039430481,103.61471107198247,102.6342539723932,103.0029067993164,146375700
2012-06-26 00:00:00-04:00,103.30095504968294,103.8343299221978,102.69699014018632,103.52057647705078,141634000
2012-06-27 00:00:00-04:00,103.86569762704725,104.65790262253563,103.51273547929382,104.45397186279297,108088000
2012-06-28 00:00:00-04:00,103.76375426515726,104.31281994146957,102.97154905588035,104.15593719482422,169242100
2012-06-29 00:00:00-04:00,106.04625323865956,106.88553038535034,105.77173239110884,106.75218963623047,212250900
2012-07-02 00:00:00-04:00,107.05024622745317,107.18358698370687,106.29726172525899,107.07377624511719,129524500
2012-07-03 00:00:00-04:00,107.05025759065906,107.85815353214132,106.94044684041314,107.77972412109375,80450000
2012-07-05 00:00:00-04:00,107.37964617351224,108.08558239670344,106.9011826773436,107.29336547851562,126177500
2012-07-06 00:00:00-04:00,106.25801386488774,106.49332594982125,105.77171099956966,106.2737045288086,151192100
2012-07-09 00:00:00-04:00,106.18741799189685,106.33644936977684,105.65404316414049,106.1403579711914,103780500
2012-07-10 00:00:00-04:00,106.68157324357189,106.85413465293902,104.8539997487077,105.21481323242188,167884800
2012-07-11 00:00:00-04:00,105.2696970473527,105.57559910787843,104.61867225834308,105.23047637939453,141733400
2012-07-12 00:00:00-04:00,104.61869794906488,105.28540159420305,104.00689367777552,104.72065734863281,143583200
2012-07-13 00:00:00-04:00,104.99515001149935,106.58741077187284,104.97945935276387,106.47760009765625,129642600
2012-07-16 00:00:00-04:00,106.23451300047839,106.54041520428046,105.81094873769206,106.2266616821289,97525200
2012-07-17 00:00:00-04:00,106.65023637711533,107.17576011359209,105.53643819359345,106.95613861083984,138860300
2012-07-18 00:00:00-04:00,106.70512873841254,107.96011893014818,106.64239000045188,107.74833679199219,113349700
2012-07-19 00:00:00-04:00,107.96791948213088,108.3836322904568,107.62280867346854,108.03067016601562,129847300
2012-07-20 00:00:00-04:00,107.41888876016618,107.58361083638728,106.92474646844632,107.04239654541016,142904500
2012-07-23 00:00:00-04:00,105.47370359327611,106.97184561968058,104.97954915236835,105.96000671386719,145210900
2012-07-24 00:00:00-04:00,106.03840306652518,106.08546309453226,104.34417024744377,105.05009460449219,173301200
2012-07-25 00:00:00-04:00,105.26973799300512,105.54425883855477,104.51674156811274,105.07364654541016,129122300
2012-07-26 00:00:00-04:00,106.58747690397475,107.03457119184101,106.09332257916955,106.80709838867188,156526500
2012-07-27 00:00:00-04:00,107.37184633931703,109.08177020528848,106.78357192107215,108.7758560180664,236768900
2012-07-30 00:00:00-04:00,108.6503665715475,109.29354037855559,108.4542750987992,108.7758560180664,106782000
2012-07-31 00:00:00-04:00,108.6268113143957,108.92486214516312,108.01500701904297,108.01500701904297,120575900
2012-08-01 00:00:00-04:00,108.79149120546667,108.8150212127187,107.77181367349695,107.92084503173828,138293800
2012-08-02 00:00:00-04:00,107.105130179911,107.90518648122493,106.34429455416077,107.17572021484375,199556600
2012-08-03 00:00:00-04:00,108.68169032902532,109.52880657199314,107.20707924291816,109.30134582519531,157825000
2012-08-06 00:00:00-04:00,109.5915715417837,109.94453369692258,109.46607016309913,109.51313018798828,86326200
2012-08-07 00:00:00-04:00,109.95241787310896,110.53285300981894,109.83476776291948,110.06224060058594,109545100
2012-08-08 00:00:00-04:00,109.6935781916765,110.3210613499929,109.66219685267623,110.19557189941406,89754700
2012-08-09 00:00:00-04:00,110.03871572917595,110.50934018010072,109.92890495309042,110.28971862792969,90291700
2012-08-10 00:00:00-04:00,109.84255213038868,110.50926767032587,109.66215139557605,110.47004699707031,99792700
2012-08-13 00:00:00-04:00,110.28179754166848,110.47003760774527,109.84254279439713,110.4151382446289,79426900
2012-08-14 00:00:00-04:00,110.82303003761182,110.8936320501858,110.10141499368513,110.43084716796875,102379400
2012-08-15 00:00:00-04:00,110.31316878859798,110.74457222820342,110.24257876260843,110.55632019042969,71085900
2012-08-16 00:00:00-04:00,110.71322448227527,111.50544157576616,110.43870364179,111.37210083007812,112014200
2012-08-17 00:00:00-04:00,111.56030068542184,111.61521201478014,111.27008928300678,111.52108001708984,90813700
2012-08-20 00:00:00-04:00,111.36426959045217,111.55252171926054,111.05836736143488,111.52899169921875,78255700
2012-08-21 00:00:00-04:00,111.80347754507686,112.23488105807893,110.94852183560843,111.1916732788086,105581100
2012-08-22 00:00:00-04:00,110.90928731113806,111.41913211502022,110.6504572041225,111.23873138427734,133243500
2012-08-23 00:00:00-04:00,110.96422994767921,110.97206929697721,110.15633413651412,110.32889556884766,111466400
2012-08-24 00:00:00-04:00,110.05435372709287,111.24659298857708,109.98376368378379,110.99559020996094,99481200
2012-08-27 00:00:00-04:00,111.29364440510886,111.44267579732065,110.86224089304059,111.01911163330078,68785900
2012-08-28 00:00:00-04:00,110.73673273415484,111.25441691694421,110.57202265592977,110.90929412841797,75689600
2012-08-29 00:00:00-04:00,111.00344152708722,111.2936530174498,110.68968805381704,110.99559020996094,65421300
2012-08-30 00:00:00-04:00,110.5171528290853,110.54853416808557,109.96025973080837,110.19557189941406,96589900
2012-08-31 00:00:00-04:00,110.82299819661168,111.23872292998345,110.09354401352424,110.72103881835938,151970400
2012-09-04 00:00:00-04:00,110.62692656712856,110.95637067404166,109.91316291807037,110.61908721923828,120226200
2012-09-05 00:00:00-04:00,110.66615872518838,110.96422153452436,110.3053571892808,110.52497863769531,100660300
2012-09-06 00:00:00-04:00,111.19169703301301,112.776119379037,111.18385768327289,112.76828002929688,158272500
2012-09-07 00:00:00-04:00,112.95651672554753,113.25457956520108,112.85455730814436,113.20751953125,107272100
2012-09-10 00:00:00-04:00,113.097713685021,113.29380514727579,112.52512996640951,112.56433868408203,86458500
2012-09-11 00:00:00-04:00,112.63490034669935,113.23885321673242,112.60351902163838,112.8780517578125,88760000
2012-09-12 00:00:00-04:00,113.2545700073242,113.38007139958403,112.87022648170534,113.25457000732422,87640900
2012-09-13 00:00:00-04:00,113.23890084111622,115.3331563521297,112.94084993849954,114.98019409179688,225470200
2012-09-14 00:00:00-04:00,115.20763337338732,116.17239979576192,115.11350135448154,115.49000549316406,169777000
2012-09-17 00:00:00-04:00,115.25466427968432,115.45075564752958,114.80757021613283,115.09779357910156,119427800
2012-09-18 00:00:00-04:00,114.90171035881791,115.15270110385434,114.71345832368948,115.00366973876953,98326600
2012-09-19 00:00:00-04:00,115.13708024113093,115.43514315199378,114.83902929874345,115.06649017333984,128318300
2012-09-20 00:00:00-04:00,114.5409277479632,115.13704140011701,114.227186240192,115.07430267333984,154009800
2012-09-21 00:00:00-04:00,115.63335772022923,115.65701333665069,114.97885759039924,115.02616882324219,108737500
2012-09-24 00:00:00-04:00,114.45842291832712,115.11292312223064,114.37168163751195,114.85269927978516,95682000
2012-09-25 00:00:00-04:00,115.09714041594441,115.31793417680113,113.59888328743669,113.63043212890625,133165200
2012-09-26 00:00:00-04:00,113.60680434268274,113.63834115951988,112.72361705055607,112.9917221069336,146502200
2012-09-27 00:00:00-04:00,113.4648901842699,114.31652886436741,113.16523619524564,114.05630493164062,111830300
2012-09-28 00:00:00-04:00,113.62256895689033,113.9931897318672,113.12578887973723,113.52794647216797,150696100
2012-10-01 00:00:00-04:00,113.96165110045385,114.88425640889365,113.55948148206382,113.82759857177734,135911200
2012-10-02 00:00:00-04:00,114.27706014840368,114.45842390718055,113.41754056076572,113.94586944580078,113422200
2012-10-03 00:00:00-04:00,114.25340940750331,114.67922260549994,113.65411363897022,114.41111755371094,121283100
2012-10-04 00:00:00-04:00,114.84482125412053,115.39680576892559,114.68711311165623,115.23121643066406,124311600
2012-10-05 00:00:00-04:00,115.84629424710918,116.04343244627763,114.89214006889519,115.23910522460938,124842100
2012-10-08 00:00:00-04:00,114.81329655514641,115.22333536235416,114.58460949693318,114.84483337402344,78415400
2012-10-09 00:00:00-04:00,114.75808911685947,114.85271160340724,113.66988239211629,113.70931243896484,148872900
2012-10-10 00:00:00-04:00,113.6935336288417,113.80394256870382,112.83401398955337,112.98384094238281,124247500
2012-10-11 00:00:00-04:00,113.77237249329181,113.93797383982869,113.02324990126688,113.04690551757812,123601500
2012-10-12 00:00:00-04:00,113.12575790472467,113.51214096645239,112.43182778713741,112.67627716064453,124181900
2012-10-15 00:00:00-04:00,112.94441797250707,113.73297079902085,112.58169041043303,113.61469268798828,107689100
2012-10-16 00:00:00-04:00,114.15088292912745,114.84481314580928,114.07203487964215,114.76595306396484,108815500
2012-10-17 00:00:00-04:00,114.84481226403217,115.38103434526715,114.6713297111937,115.2863998413086,128834100
2012-10-18 00:00:00-04:00,114.98677062988281,115.53875516208886,114.60037544115839,114.98677062988281,148108500
2012-10-19 00:00:00-04:00,114.77387186310986,114.78175306010657,112.80248970136755,113.07059478759766,185645200
2012-10-22 00:00:00-04:00,112.88131807753736,113.2913688647123,112.1952810552783,113.08634948730469,125578600
2012-10-23 00:00:00-04:00,111.86408547130472,112.02179360337794,111.05187716038641,111.51712036132812,192056300
2012-10-24 00:00:00-04:00,111.91928742887438,112.05335198652456,111.02823099225762,111.20171356201172,120179400
2012-10-25 00:00:00-04:00,111.9902874039417,112.19530682844574,110.84688809339845,111.52503204345703,134457400
2012-10-26 00:00:00-04:00,111.42249927968867,111.84831244483864,110.70491343258324,111.46192932128906,146023500
2012-10-31 00:00:00-04:00,111.85620567257433,111.99813938350454,110.93358842209058,111.46192932128906,103438500
2012-11-01 00:00:00-04:00,111.69850680880832,112.77093917012807,111.59600311992946,112.6290054321289,100995600
2012-11-02 00:00:00-04:00,113.29927653966281,113.33082539424329,111.50927009400297,111.62754821777344,137702200
2012-11-05 00:00:00-05:00,111.46197045146637,112.10857764934953,111.13076760569456,111.85624694824219,98378500
2012-11-06 00:00:00-05:00,112.19526903503221,113.17307864357927,112.07699095157663,112.73149108886719,107068100
2012-11-07 00:00:00-05:00,111.70638420896432,111.72214660048957,109.65614226884885,110.17658996582031,264304500
2012-11-08 00:00:00-05:00,110.1608069770428,110.7206846740173,108.76506536454046,108.851806640625,181517300
2012-11-09 00:00:00-05:00,108.52059366441598,109.95576502254328,108.46540124498769,108.94641876220703,201055300
2012-11-12 00:00:00-05:00,109.28551083250798,109.45899338120289,108.78873083611687,109.0331802368164,97677500
2012-11-13 00:00:00-05:00,108.45756300349012,109.80599378696276,108.31562925384176,108.65470123291016,123018300
2012-11-14 00:00:00-05:00,108.98590769287706,109.15937827079644,106.9435464231638,107.18799591064453,191505000
2012-11-15 00:00:00-05:00,107.22739322059432,107.62956279996826,106.59654865151232,107.00659942626953,178128400
2012-11-16 00:00:00-05:00,107.16429903513159,107.74783232077309,106.21803827296685,107.53491973876953,239483900
2012-11-19 00:00:00-05:00,108.74143605187419,109.72712714020649,107.56649997529372,109.71136474609375,151495800
2012-11-20 00:00:00-05:00,109.53787316909663,109.94003076850622,108.88337289623409,109.7586669921875,119807400
2012-11-21 00:00:00-05:00,109.85330241627314,110.058333870691,109.63250856717879,109.96369934082031,81710800
2012-11-23 00:00:00-05:00,110.49989406156426,111.50134733053011,110.42891517373981,111.46192932128906,65409200
2012-11-26 00:00:00-05:00,110.90994398221727,111.46982175171055,110.54721644059674,111.22537231445312,100124400
2012-11-27 00:00:00-05:00,111.11497006772409,111.49347201586136,110.58664117301832,110.65760803222656,128646200
2012-11-28 00:00:00-05:00,110.20813379522548,111.61175680133894,109.60883800540691,111.5486831665039,177086500
2012-11-29 00:00:00-05:00,111.96658051833828,112.376619179621,111.4776697570289,112.06908416748047,151085900
2012-11-30 00:00:00-05:00,112.08489224130948,112.30568605825017,111.70639027403408,112.0927734375,136568300
2012-12-03 00:00:00-05:00,112.60533009180578,112.69995256723674,111.45403783383799,111.54077911376953,124656300
2012-12-04 00:00:00-05:00,111.53290648131704,111.87197839921686,111.08342562379167,111.3830795288086,127512200
2012-12-05 00:00:00-05:00,111.47770736741013,112.10067082804795,110.6891545540992,111.5802230834961,147300500
2012-12-06 00:00:00-05:00,111.47767689209235,112.00600568869494,111.31208758468736,111.95869445800781,103220600
2012-12-07 00:00:00-05:00,112.39242827064014,112.51859960489037,111.71427238949602,112.29780578613281,108726400
2012-12-10 00:00:00-05:00,112.14006580834283,112.61319012896406,112.09274254715915,112.34508514404297,98840700
2012-12-11 00:00:00-05:00,112.81036956314124,113.63835246774538,112.75517712009386,113.11002349853516,152570400
2012-12-12 00:00:00-05:00,113.55160976456212,113.98531623610741,113.00750637592908,113.16521453857422,145880100
2012-12-13 00:00:00-05:00,113.09423433932922,113.41754385567685,112.1874034867406,112.47128295898438,135715000
2012-12-14 00:00:00-05:00,112.22684256748957,112.431861968034,111.87987740321357,112.05335998535156,137701700
2012-12-17 00:00:00-05:00,112.34514089407575,113.43334782652262,112.31359203763085,113.3702621459961,143238200
2012-12-18 00:00:00-05:00,113.55160634527165,114.73443557803489,113.38600495844588,114.63191986083984,177762800
2012-12-19 00:00:00-05:00,114.75810628495013,114.79753633769752,113.74087830529896,113.7802963256836,150895400
2012-12-20 00:00:00-05:00,113.85124735548584,114.45054310046672,113.53581904310659,114.43476867675781,168487000
2012-12-21 00:00:00-05:00,112.90371347024144,114.42847204041733,112.7210633186209,113.39608001708984,245883800
2012-12-24 00:00:00-05:00,113.1498233653967,113.21335644599881,112.91952655119812,113.04659271240234,53874600
2012-12-26 00:00:00-05:00,113.27694146666015,113.33253748181507,112.25249885174904,112.57015228271484,106947700
2012-12-27 00:00:00-05:00,112.60191586900326,112.83222491282052,111.11686725604457,112.41926574707031,167920600
2012-12-28 00:00:00-05:00,111.68862235372106,112.30805487274355,111.07712692730703,111.20419311523438,148806700
2012-12-31 00:00:00-05:00,110.91036857272675,113.21338578226305,110.81506286827958,113.09426879882812,243935200
2013-01-02 00:00:00-05:00,115.23844602558113,116.06435195671537,114.93666687877351,115.99288177490234,192059000
2013-01-03 00:00:00-05:00,115.93734350140362,116.23911064922004,115.42114148839991,115.7308578491211,144761800
2013-01-04 00:00:00-05:00,115.9213909151483,116.42964342465343,115.68314490057182,116.23904418945312,116817700
2013-01-07 00:00:00-05:00,115.8261236559384,116.03259711934896,115.4925718891775,115.92141723632812,110002500
2013-01-08 00:00:00-05:00,115.7149491872028,115.87377586784997,115.1352142321771,115.58788299560547,121265100
2013-01-09 00:00:00-05:00,115.84198891373005,116.19936404804795,115.65933885949251,115.88169860839844,90745600
2013-01-10 00:00:00-05:00,116.52499216313402,116.81088509246958,115.9214458090707,116.80294799804688,130735400
2013-01-11 00:00:00-05:00,116.77113976936072,116.85849625217203,116.42966304781498,116.79497528076172,113917300
2013-01-14 00:00:00-05:00,116.65202019600208,116.79497267272744,116.28670797121278,116.7155532836914,89567200
2013-01-15 00:00:00-05:00,116.17553069138287,116.90615515727634,116.10406051027299,116.79497528076172,93172600
2013-01-16 00:00:00-05:00,116.5567768139004,116.96178678991186,116.42971058380566,116.77913665771484,104849500
2013-01-17 00:00:00-05:00,117.29527750719383,117.86706318581835,116.8584950974532,117.53352355957031,133833500
2013-01-18 00:00:00-05:00,117.50973847617342,117.92269762707751,117.0808930185457,117.7956314086914,169906000
2013-01-22 00:00:00-05:00,117.7956273975026,118.43094635009766,117.51767156896067,118.43094635009766,111797300
2013-01-23 00:00:00-05:00,118.43093381288176,118.72476379880013,118.21651111406844,118.62152099609375,104596100
2013-01-24 00:00:00-05:00,118.44678896390468,119.23299732140079,118.33560908566564,118.65327453613281,146426400
2013-01-25 00:00:00-05:00,119.026551158482,119.32038116455078,118.62152913098105,119.32038116455078,147211600
2013-01-28 00:00:00-05:00,119.35212243237456,119.38389503843733,118.73268990883652,119.17742156982422,113357700
2013-01-29 00:00:00-05:00,118.93918414052918,119.79686280108552,118.85976473729819,119.6459732055664,105694400
2013-01-30 00:00:00-05:00,119.63007820577953,119.8683242804554,119.06622956630325,119.17742156982422,137447700
2013-01-31 00:00:00-05:00,119.03445737978122,119.42359300076598,118.8041605381029,118.8835678100586,108975800
2013-02-01 00:00:00-05:00,119.6380199373536,120.24951539193576,119.4315464607346,120.10657501220703,131173000
2013-02-04 00:00:00-05:00,119.37599083239404,120.1304268452899,118.66918950631764,118.75654602050781,159073600
2013-02-05 00:00:00-05:00,119.39981179385519,120.2971882019713,119.35215287260584,119.9557113647461,113912400
2013-02-06 00:00:00-05:00,119.53478477618361,120.12244469441201,119.44742828594713,120.04303741455078,138762800
2013-02-07 00:00:00-05:00,120.08277562010966,120.1939555324677,119.01067408703447,119.88423919677734,162490000
2013-02-08 00:00:00-05:00,120.09070936421263,120.62278550977446,120.09070936421263,120.55131530761719,103133700
2013-02-11 00:00:00-05:00,120.50362716897665,120.63068122332713,120.22567143233465,120.52745056152344,73775000
2013-02-12 00:00:00-05:00,120.53539103199586,120.94835004387811,120.40038776454728,120.72599029541016,65392700
2013-02-13 00:00:00-05:00,120.97221430506382,121.19457412865145,120.48778494988328,120.82926177978516,82322600
2013-02-14 00:00:00-05:00,120.46389639648088,121.08332872970202,120.32889315643986,120.94037628173828,80834300
2013-02-15 00:00:00-05:00,121.05165151008295,121.17871776001184,120.3528113708831,120.79753112792969,215226500
2013-02-19 00:00:00-05:00,121.00399053726971,121.72666611676341,120.83722670674234,121.70284271240234,95105400
2013-02-20 00:00:00-05:00,121.61544612979476,121.65515582988365,120.12244865388587,120.18598175048828,160574800
2013-02-21 00:00:00-05:00,119.88422106684371,120.2495212446184,119.07418918919144,119.45537567138672,183257000
2013-02-22 00:00:00-05:00,120.03506975362247,120.62274169921875,119.51094301046567,120.62274169921875,106356600
2013-02-25 00:00:00-05:00,121.21041116495336,121.39306120629088,118.3276596069336,118.3276596069336,245824800
2013-02-26 00:00:00-05:00,118.89947972748773,119.28066622101228,118.11327122424946,119.13772583007812,186596200
2013-02-27 00:00:00-05:00,119.03447916960427,120.97219630195495,118.93123636769549,120.63865661621094,150781900
2013-02-28 00:00:00-05:00,120.63071804672923,121.40104028808075,120.24159443788417,120.40042114257812,126866000
2013-03-01 00:00:00-05:00,119.98749893176365,120.98018128863714,119.44748554612265,120.79753112792969,170634800
2013-03-04 00:00:00-05:00,120.51956098365126,121.4407730102539,120.32897374897699,121.4407730102539,99010200
2013-03-05 00:00:00-05:00,122.02842116048629,122.85432728895,122.01253485483294,122.52872467041016,121431900
2013-03-06 00:00:00-05:00,122.96550984829695,123.02904295458151,122.42549662142963,122.69550323486328,94469900
2013-03-07 00:00:00-05:00,122.85430595641222,123.07666572614556,122.71136558345448,122.91783905029297,86101400
2013-03-08 00:00:00-05:00,123.45789527905049,123.60877278247867,122.82257629846778,123.44200897216797,123477800
2013-03-11 00:00:00-04:00,123.34667074764484,123.91844429386776,123.19578118109682,123.91050720214844,83746800
2013-03-12 00:00:00-04:00,123.82316000480785,123.96611249035293,123.25932350803643,123.63256072998047,105755800
2013-03-13 00:00:00-04:00,123.69606349353586,123.98195627683205,123.27516746780746,123.80724334716797,92550900
2013-03-14 00:00:00-04:00,124.13291380866097,124.5220495683612,123.81526037220901,124.4664535522461,126329900
2013-03-15 00:00:00-04:00,124.31802757371041,124.46957605547028,123.8872749619136,124.30207061767578,138601100
2013-03-18 00:00:00-04:00,123.11361650943681,124.15060031773508,123.00194207910315,123.61615753173828,126704300
2013-03-19 00:00:00-04:00,123.87934086845597,124.04684635803677,122.51530673818037,123.32894134521484,167567300
2013-03-20 00:00:00-04:00,124.05481833262947,124.39781384325812,123.8474143758831,124.19042205810547,113759300
2013-03-21 00:00:00-04:00,123.44854453171084,124.15050450728582,122.92208672162026,123.12947845458984,128605000
2013-03-22 00:00:00-04:00,123.52040167411896,124.11865997314453,123.4246720695894,124.11865997314453,111163600
2013-03-25 00:00:00-04:00,124.44568743469918,124.6530914162532,123.12155176866162,123.60015106201172,151322300
2013-03-26 00:00:00-04:00,124.11066009658933,124.621173295254,123.97505635946219,124.58927154541016,86856600
2013-03-27 00:00:00-04:00,123.84742501689733,124.62915786141102,123.6400332139255,124.58927154541016,99950600
2013-03-28 00:00:00-04:00,124.50946781981935,125.11571045980885,124.23826041329336,124.97212219238281,102932800
2013-04-01 00:00:00-04:00,124.90835598606266,125.1636187085,124.1744939164501,124.47761535644531,99194100
2013-04-02 00:00:00-04:00,124.92424876044682,125.40286003329817,124.73280181698821,125.09176635742188,101504300
2013-04-03 00:00:00-04:00,125.16359098085292,125.25930839476426,123.49644777339665,123.823486328125,154167400
2013-04-04 00:00:00-04:00,123.98304205619242,124.57332795019072,123.71183455284024,124.3260498046875,131885000
2013-04-05 00:00:00-04:00,122.80243649610708,123.9191921881662,122.65886040272903,123.76763153076172,159666000
2013-04-08 00:00:00-04:00,123.85539054278038,124.61318174392261,123.44059482900848,124.60520935058594,86571200
2013-04-09 00:00:00-04:00,124.83653794673451,125.4906393872868,124.42174220813045,125.03595733642578,101922200
2013-04-10 00:00:00-04:00,125.37098091087675,126.72703033143806,125.3390791639102,126.56749725341797,135711100
2013-04-11 00:00:00-04:00,126.59144100262853,127.39710322138014,126.46380965706064,126.98230743408203,110142500
2013-04-12 00:00:00-04:00,126.5754740258827,126.86263844489021,125.96924343979755,126.67120361328125,116359900
2013-04-15 00:00:00-04:00,126.03306372728397,126.13676571260274,123.71980350219314,123.73574829101562,217259000
2013-04-16 00:00:00-04:00,124.66905446571526,125.62627753580657,124.36594518701015,125.56246185302734,147507800
2013-04-17 00:00:00-04:00,124.66902931877085,124.69297084513114,123.06570169148935,123.72777557373047,226834800
2013-04-18 00:00:00-04:00,123.93513455132951,123.9670484636287,122.48336800308928,122.95399475097656,167583200
2013-04-19 00:00:00-04:00,123.24122833059049,124.07879251084616,122.93810685143558,124.02294921875,149687600
2013-04-22 00:00:00-04:00,124.26222468145892,124.86845532021324,123.44061766683859,124.57331848144531,106553500
2013-04-23 00:00:00-04:00,125.19550057479012,125.97722123777854,124.5733130021838,125.85757446289062,166141300
2013-04-24 00:00:00-04:00,125.89748397744897,126.27239350330827,125.66615060791186,125.93737030029297,96781200
2013-04-25 00:00:00-04:00,126.30430289874691,127.0461495994096,126.11286801207079,126.44789123535156,131060600
2013-04-26 00:00:00-04:00,126.29628298957886,126.51165932766233,125.81767160974736,126.22449493408203,95918800
2013-04-29 00:00:00-04:00,126.56750468291504,127.34922533121598,126.3680852807856,127.0700454711914,88572800
2013-04-30 00:00:00-04:00,127.04614555923078,127.40509813193107,126.51967529441852,127.37318420410156,116010700
2013-05-01 00:00:00-04:00,127.0939879600143,127.15780363588196,126.11284780818981,126.25642395019531,138874200
2013-05-02 00:00:00-04:00,126.57544206016651,127.54063705495355,126.45579532062683,127.42896270751953,96407600
2013-05-03 00:00:00-04:00,128.53772902189735,129.12801464877657,127.45288732781073,128.72119140625,144202300
2013-05-06 00:00:00-04:00,128.81694243286245,129.23172596473077,128.76109916611523,129.0482635498047,66882100
2013-05-07 00:00:00-04:00,129.32748310363812,129.74226672390836,128.96054602398885,129.702392578125,90359200
2013-05-08 00:00:00-04:00,129.5587712559387,130.3325193638554,129.48698320590734,130.29263305664062,97419200
2013-05-09 00:00:00-04:00,130.23679866991452,130.5797941257841,129.59865428539408,129.9257049560547,106738600
2013-05-10 00:00:00-04:00,130.0134723624088,130.46016985706163,129.6305783627688,130.34849548339844,103203000
2013-05-13 00:00:00-04:00,130.1809867409348,130.66757058194628,129.87787751831408,130.4521942138672,81843200
2013-05-14 00:00:00-04:00,130.55587226556133,131.89597676708692,130.55587226556133,131.8002471923828,119000900
2013-05-15 00:00:00-04:00,131.58492645290076,132.77345850567798,131.54504013124594,132.51022338867188,120718500
2013-05-16 00:00:00-04:00,132.23899584992665,132.70165033354684,131.68859634059237,131.8880157470703,109913600
2013-05-17 00:00:00-04:00,132.37461656668438,133.2440823692801,132.19912649274443,133.16432189941406,129801000
2013-05-20 00:00:00-04:00,133.03669475834502,133.67483939548035,132.9010910008382,133.15634155273438,85071200
2013-05-21 00:00:00-04:00,133.275974998636,133.85030384492396,132.81332052959326,133.34776306152344,95804200
2013-05-22 00:00:00-04:00,133.48338633989536,134.86337755487074,131.7524271533222,132.35865783691406,244031800
2013-05-23 00:00:00-04:00,130.9467247771081,132.3426602257428,130.77123477555244,131.97572326660156,211064400
2013-05-24 00:00:00-04:00,131.1940133005695,131.91990271301097,130.80314696196436,131.8640594482422,151573900
2013-05-28 00:00:00-04:00,133.24403634255773,133.83432203932463,132.2628964837895,132.6537628173828,143679800
2013-05-29 00:00:00-04:00,131.95175406668,132.25487528174494,131.0902612751171,131.79222106933594,160363400
2013-05-30 00:00:00-04:00,131.89598781280245,132.88510018537005,131.7922858363519,132.27886962890625,107793800
2013-05-31 00:00:00-04:00,131.9119102705031,132.6617289883241,130.12512065008684,130.38037109375,176850100
2013-06-03 00:00:00-04:00,130.68359268957863,131.18613374175305,129.7503108581124,131.098388671875,168390700
2013-06-04 00:00:00-04:00,131.17013047728656,131.69660071073977,129.80609617635716,130.46817016601562,157631500
2013-06-05 00:00:00-04:00,130.09323107154208,130.35646612841512,128.52978986123355,128.64146423339844,211737800
2013-06-06 00:00:00-04:00,128.58566049224189,129.81409113530236,127.82786900732916,129.8061065673828,200225500
2013-06-07 00:00:00-04:00,130.69946890831088,131.5769068933845,130.1331125032635,131.45726013183594,188337800
2013-06-10 00:00:00-04:00,131.86407129269423,131.93585934962337,131.11425246274135,131.45726013183594,105667100
2013-06-11 00:00:00-04:00,130.2607598989164,131.2498723739831,129.81406237190632,130.10122680664062,159505400
2013-06-12 00:00:00-04:00,130.99460220001524,131.13020591667697,128.904691010204,129.0243377685547,177361500
2013-06-13 00:00:00-04:00,128.95252310973612,131.21792385882225,128.6653587773456,130.98660278320312,163587800
2013-06-14 00:00:00-04:00,130.8430392882323,131.3535524011226,129.9496443835724,130.16500854492188,141197500
2013-06-17 00:00:00-04:00,131.05044603889058,131.79229252757403,130.1969373459514,131.17010498046875,136295600
2013-06-18 00:00:00-04:00,131.241912162944,132.40652697070135,131.23393976764828,132.2071075439453,114695600
2013-06-19 00:00:00-04:00,132.0953848395641,132.32670593449606,130.32454000390769,130.38037109375,206149500
2013-06-20 00:00:00-04:00,129.11210313850447,130.39636462418912,126.81478764321896,127.14981079101562,321255900
2013-06-21 00:00:00-04:00,128.0150055231387,128.111229374606,126.27488820514311,127.55792999267578,271956800
2013-06-24 00:00:00-04:00,126.22684398690247,127.04477163509364,124.87964816376424,125.94617462158203,222329000
2013-06-25 00:00:00-04:00,127.08486329696332,128.3839471101948,126.23485289526822,127.15704345703125,162262200
2013-06-26 00:00:00-04:00,128.1994843871715,128.7046842595976,127.7023113292269,128.41600036621094,134848000
2013-06-27 00:00:00-04:00,129.18584119927183,129.76320904431878,129.06554909388768,129.1697998046875,129483700
2013-06-28 00:00:00-04:00,128.80889165041717,129.42634435800085,128.1914267068399,128.64048767089844,160402900
2013-07-01 00:00:00-04:00,129.31413814726946,130.29245522384082,129.16980230121752,129.3943328857422,131954800
2013-07-02 00:00:00-04:00,129.20188294568916,130.1481295423729,128.7047097891266,129.27406311035156,154863700
2013-07-03 00:00:00-04:00,128.6886940761819,129.72315020412796,128.48020482865908,129.33021545410156,75216400
2013-07-05 00:00:00-04:00,130.28438694180485,130.77354527846185,129.34616762119927,130.72543334960938,122416900
2013-07-08 00:00:00-04:00,131.39913026658365,131.82413562715095,130.77365021759766,131.47129821777344,108092500
2013-07-09 00:00:00-04:00,132.2972341076009,132.57790352580338,131.7278929257646,132.4175262451172,119298000
2013-07-10 00:00:00-04:00,132.28920329033855,132.9146831734512,132.01656072303317,132.4656219482422,121410100
2013-07-11 00:00:00-04:00,134.0052237804537,134.40617292560066,132.4575537174681,134.2698516845703,135592200
2013-07-12 00:00:00-04:00,134.22971913906963,134.66273871848827,134.02123004320046,134.32594299316406,104212700
2013-07-15 00:00:00-04:00,134.69486705089986,135.03166289013652,134.46230967685693,134.83920288085938,69450600
2013-07-16 00:00:00-04:00,134.92745781856144,135.0076525752132,133.97320873601623,134.3340606689453,88702100
2013-07-17 00:00:00-04:00,134.84723705462028,135.10383817832923,134.50241438201328,134.6788330078125,92873900
2013-07-18 00:00:00-04:00,134.9675342578072,135.73736219982524,134.87932493357596,135.41659545898438,103620100
2013-07-19 00:00:00-04:00,135.1359820058691,135.70532327138815,134.96757788299487,135.65721130371094,103831700
2013-07-22 00:00:00-04:00,135.84963077612517,136.11425875520035,135.52886402754905,135.9217987060547,79428600
2013-07-23 00:00:00-04:00,136.16238896367767,136.186444943546,135.5609649949653,135.6331329345703,80829700
2013-07-24 00:00:00-04:00,136.15429672985528,136.21043547991036,134.86324007454556,135.13589477539062,112914000
2013-07-25 00:00:00-04:00,134.89531975959278,135.58495271931804,134.67078923651906,135.46466064453125,111088600
2013-07-26 00:00:00-04:00,134.89539575346458,135.64918246385912,134.33406912955462,135.6090850830078,107814600
2013-07-29 00:00:00-04:00,135.26418450399132,135.56890974001837,134.80710888594643,135.1920166015625,79695000
2013-07-30 00:00:00-04:00,135.60099252065052,135.74532832550815,134.87126221121505,135.1920166015625,85209600
2013-07-31 00:00:00-04:00,135.4727480666606,136.20247871112088,135.11189615285102,135.28831481933594,142388700
2013-08-01 00:00:00-04:00,136.31468886561782,136.97223907244936,136.24250872326127,136.85195922851562,110438400
2013-08-02 00:00:00-04:00,136.54729361143944,137.10060560718023,136.36286035819307,137.08456420898438,91116700
2013-08-05 00:00:00-04:00,136.7797947477706,137.09253458582708,136.6033761482519,136.884033203125,54072700
2013-08-06 00:00:00-04:00,136.61940030125797,136.91611097285477,135.8014728999813,136.10618591308594,87495000
2013-08-07 00:00:00-04:00,135.67321846698053,135.86566628912405,135.16000388126307,135.66519165039062,84854700
2013-08-08 00:00:00-04:00,136.3066740822953,136.46705130036042,135.46467839245673,136.16233825683594,102181300
2013-08-09 00:00:00-04:00,135.98590987953455,136.4029004053531,135.29627687898696,135.76939392089844,91757700
2013-08-12 00:00:00-04:00,135.08785583994916,135.76946237041028,135.02370247778762,135.6090850830078,68593300
2013-08-13 00:00:00-04:00,135.84958678490372,136.24250910017176,135.04768852713698,136.0099639892578,80806000
2013-08-14 00:00:00-04:00,135.94579580632134,136.16231173833992,135.28021885677904,135.3123016357422,79829200
2013-08-15 00:00:00-04:00,134.24583057322442,134.26185973327472,133.1873186819031,133.4198760986328,152931800
2013-08-16 00:00:00-04:00,133.16325401732624,133.62034200493682,132.7141928452171,132.97882080078125,130868200
2013-08-19 00:00:00-04:00,132.82641643452655,133.28350427862458,132.12074210791718,132.12876892089844,96437600
2013-08-20 00:00:00-04:00,132.34533401086352,133.2755392845,132.20099814219634,132.7783660888672,89294400
2013-08-21 00:00:00-04:00,132.40949522603344,133.13922590140214,131.66373538830626,131.96043395996094,159530500
2013-08-22 00:00:00-04:00,132.23303349938314,133.35569853504668,132.2250189208133,133.16323852539062,101471400
2013-08-23 00:00:00-04:00,133.55619341577685,133.78072400982512,132.93071358435665,133.61231994628906,90888900
2013-08-26 00:00:00-04:00,133.74859122029108,134.15756712056535,133.02688775721134,133.11509704589844,89702100
2013-08-27 00:00:00-04:00,131.80001438705477,133.1151272025071,130.87783617131606,130.97406005859375,158619400
2013-08-28 00:00:00-04:00,130.91795232863305,131.9042963509897,130.74956048598733,131.43919372558594,108113000
2013-08-29 00:00:00-04:00,131.15047100644423,132.34529165693021,131.03017891838377,131.64764404296875,119200500
2013-08-30 00:00:00-04:00,131.920330899599,131.93637229726826,130.8457897397825,131.23069763183594,134928900
2013-09-03 00:00:00-04:00,132.49759647657197,132.77826565690907,131.27069357691198,131.82400512695312,142375100
2013-09-04 00:00:00-04:00,131.8561609863426,133.13920344673042,131.61560123151963,132.9146728515625,97389400
2013-09-05 00:00:00-04:00,132.9948290335517,133.4358632801876,132.8985929235253,133.08303833007812,63090500
2013-09-06 00:00:00-04:00,133.52409475530177,133.9009879725176,131.896242023922,133.14720153808594,159756500
2013-09-09 00:00:00-04:00,133.47602497911356,134.50245425019241,133.47602497911356,134.42227172851562,87559300
2013-09-10 00:00:00-04:00,135.2321622305009,135.44065143504744,134.9274368857021,135.41659545898438,105847200
2013-09-11 00:00:00-04:00,135.23214487656293,135.84158325195312,134.99959972579515,135.84158325195312,94545900
2013-09-12 00:00:00-04:00,135.79346802654817,135.9698866481108,135.29629494905248,135.48072814941406,83209000
2013-09-13 00:00:00-04:00,135.6250994291586,135.88972740678804,135.31235949850569,135.7854766845703,72727800
2013-09-16 00:00:00-04:00,137.25299947937984,137.31715285073508,136.35486451641103,136.57138061523438,106299200
2013-09-17 00:00:00-04:00,136.69162754459236,137.21285668987593,136.69162754459236,137.1807861328125,82523300
2013-09-18 00:00:00-04:00,137.13261438147168,139.14538680612327,136.7878040096287,138.76849365234375,203460600
2013-09-19 00:00:00-04:00,139.14541558871983,139.20956892986706,138.39964370438193,138.5359649658203,146616900
2013-09-20 00:00:00-04:00,138.86471727338204,138.86471727338204,137.4545550692021,137.56736755371094,132867100
2013-09-23 00:00:00-04:00,137.38203310016777,137.510952869142,136.49564052550375,136.93077087402344,104616500
2013-09-24 00:00:00-04:00,136.90666529586207,137.41432786634175,136.35066854681827,136.6085205078125,106333100
2013-09-25 00:00:00-04:00,136.69714283780215,136.9711143547332,136.09278739393736,136.21365356445312,117306500
2013-09-26 00:00:00-04:00,136.4392363496329,137.12416486807197,136.22166503406373,136.7373809814453,77146900
2013-09-27 00:00:00-04:00,136.05245906468087,136.29420363826446,135.75431439145697,136.10887145996094,99141800
2013-09-30 00:00:00-04:00,134.95657493736573,135.81072852943117,134.69065710850063,135.38365173339844,143937000
2013-10-01 00:00:00-04:00,135.4883414020126,136.58423903298166,135.3513557350958,136.45530700683594,127160000
2013-10-02 00:00:00-04:00,135.65766779262466,136.4554091734608,135.2386445417382,136.32647705078125,113350000
2013-10-03 00:00:00-04:00,136.0121591769283,136.1330376052511,134.44083797384468,135.06936645507812,176698000
2013-10-04 00:00:00-04:00,135.17416890464952,136.22977445606548,134.99689032243458,136.09278869628906,96878000
2013-10-07 00:00:00-04:00,134.9082213799537,135.73820169806507,134.77123565028526,134.91627502441406,96295000
2013-10-08 00:00:00-04:00,134.89210360061676,135.06938214624023,133.24826252695607,133.34495544433594,178015000
2013-10-09 00:00:00-04:00,133.6028093390724,133.9251272359672,132.57943095819,133.441650390625,168973000
2013-10-10 00:00:00-04:00,134.80349874105246,136.39094011670431,134.75515227002043,136.31842041015625,195955000
2013-10-11 00:00:00-04:00,136.108884070142,137.24507506430263,135.99607156476984,137.19671630859375,105040000
2013-10-14 00:00:00-04:00,136.35064687549774,137.85750246184435,136.24588800093287,137.74468994140625,112106000
2013-10-15 00:00:00-04:00,137.39815461906903,137.91387063530235,136.56012070355484,136.74545288085938,155485000
2013-10-16 00:00:00-04:00,137.56741348260945,138.72777787961297,137.5029474277045,138.65525817871094,161676000
2013-10-17 00:00:00-04:00,138.0911460056798,139.66247954169273,138.0669727785694,139.58189392089844,129389000
2013-10-18 00:00:00-04:00,140.0976576118984,140.62142743842438,139.81562013875757,140.5247344970703,138316000
2013-10-21 00:00:00-04:00,140.57306869950185,140.8148133274328,140.21851155128874,140.53277587890625,104104000
2013-10-22 00:00:00-04:00,140.9437151243197,141.76562946862802,140.55691888455593,141.34661865234375,126663000
2013-10-23 00:00:00-04:00,140.8631398667939,140.92760591149866,140.178211196132,140.6697540283203,105484000
2013-10-24 00:00:00-04:00,140.95178327932393,141.31439403274808,140.62139940137791,141.13711547851562,70350000
2013-10-25 00:00:00-04:00,141.42722689811558,141.82207687949563,141.15325538237084,141.7817840576172,93625000
2013-10-28 00:00:00-04:00,141.73342901352822,142.20079866862383,141.5803236770401,142.0074005126953,84979000
2013-10-29 00:00:00-04:00,142.32973157680178,142.8212744672106,142.12827977410376,142.76486206054688,87401000
2013-10-30 00:00:00-04:00,142.9340334555885,143.03877999272677,141.54804458843262,142.05569458007812,140002000
2013-10-31 00:00:00-04:00,141.94295367416663,142.53925551393021,141.44335707327846,141.65286254882812,133795000
2013-11-01 00:00:00-04:00,141.83815141674415,142.31357459523426,141.19350335837098,141.9912567138672,142805000
2013-11-04 00:00:00-05:00,142.3780474918727,142.54726008427116,141.80591908489023,142.49085998535156,85677000
2013-11-05 00:00:00-05:00,141.93489870815043,142.4264416577483,141.47559493642595,142.03965759277344,85825000
2013-11-06 00:00:00-05:00,142.65204954286168,143.03077991558533,142.25719958314238,142.76486206054688,87348000
2013-11-07 00:00:00-05:00,143.03081559378,143.14362813960562,140.82289885902682,140.9598846435547,157000000
2013-11-08 00:00:00-05:00,140.9114448026536,142.87761555201595,140.89533751795446,142.8614959716797,136713000
2013-11-11 00:00:00-05:00,142.72458614852394,143.05497009504123,142.55537349977178,142.88575744628906,62614000
2013-11-12 00:00:00-05:00,142.5794767324856,142.91791415946966,142.12016089152587,142.59559631347656,83990000
2013-11-13 00:00:00-05:00,141.89462335157668,143.78020973305365,141.89462335157668,143.73992919921875,103844000
2013-11-14 00:00:00-05:00,143.86878325897206,144.57789738753198,143.6351046278637,144.45703125,103435000
2013-11-15 00:00:00-05:00,144.69070616507705,145.14195612779332,144.50537399374127,145.08555603027344,102818000
2013-11-18 00:00:00-05:00,145.32728771331983,145.4481538370344,144.25556299904406,144.577880859375,104796000
2013-11-19 00:00:00-05:00,144.50535537318817,144.94048569669795,144.01381266378834,144.26361083984375,93891000
2013-11-20 00:00:00-05:00,144.55374957764127,144.98888004490718,143.41755850250001,143.81240844726562,124909000
2013-11-21 00:00:00-05:00,144.21525685821254,145.08552975540508,144.12661761047156,144.97271728515625,92841000
2013-11-22 00:00:00-05:00,145.02914621707342,145.71408711272045,144.8599336258643,145.69796752929688,81296000
2013-11-25 00:00:00-05:00,145.9559127731649,145.98813966227746,145.3434912192093,145.55300903320312,79486000
2013-11-26 00:00:00-05:00,145.62545511083798,146.02835864704645,145.37565688569114,145.5932159423828,86994000
2013-11-27 00:00:00-05:00,145.74631740225797,146.04447437220907,145.56903886735944,145.94776916503906,58800000
2013-11-29 00:00:00-05:00,146.10892308765293,146.45541417664586,145.68990002797264,145.85105895996094,55870900
2013-12-02 00:00:00-05:00,145.9236622959082,146.19763386692543,145.2467870161084,145.472412109375,99726000
2013-12-03 00:00:00-05:00,144.99691633540252,145.35952703324722,144.37644149069266,144.84381103515625,116563000
2013-12-04 00:00:00-05:00,144.320093289002,145.4320990092129,143.71573781006254,144.82774353027344,123033000
2013-12-05 00:00:00-05:00,144.56989252896466,144.8358104169091,144.0541763420661,144.191162109375,106934000
2013-12-06 00:00:00-05:00,145.58516302158694,145.93972010251483,145.16613989906853,145.802734375,127728000
2013-12-09 00:00:00-05:00,146.22976748295318,146.39092639099323,145.9799693311456,146.17335510253906,70124000
2013-12-10 00:00:00-05:00,145.8349293121813,146.14113986877052,145.56095791714753,145.64959716796875,80976000
2013-12-11 00:00:00-05:00,145.7060549154739,145.7302281463476,143.83657642363426,144.01385498046875,130591000
2013-12-12 00:00:00-05:00,143.94937882248914,144.1266573668723,143.24026464495654,143.53842163085938,115565000
2013-12-13 00:00:00-05:00,143.83658793053863,143.96552003594033,143.24835210615157,143.52232360839844,107808000
2013-12-16 00:00:00-05:00,144.19919192500387,144.8921865893378,144.15889910700875,144.41676330566406,96195000
2013-12-17 00:00:00-05:00,144.54570663410888,144.56987986765552,143.63514051837691,143.95745849609375,89886000
2013-12-18 00:00:00-05:00,144.17506324757048,146.43938014831863,142.8857787427933,146.4152069091797,234906000
2013-12-19 00:00:00-05:00,145.99614585497946,146.4151690511183,145.61742777451133,146.24595642089844,136531200
2013-12-20 00:00:00-05:00,146.39177956558183,147.44501858055847,146.29456168685633,147.0966339111328,197087000
2013-12-23 00:00:00-05:00,147.8177065381563,147.9716430993791,147.5098457781072,147.8825225830078,85598000
2013-12-24 00:00:00-05:00,147.89058780407177,148.2713742583008,147.88249043612421,148.20655822753906,45368800
2013-12-26 00:00:00-05:00,148.53873920289558,149.04106036237977,148.522544466624,148.9600372314453,63365000
2013-12-27 00:00:00-05:00,149.15448027252967,149.21928394020773,148.79799828833194,148.95193481445312,61814000
2013-12-30 00:00:00-05:00,148.96811150148108,149.08964617903828,148.73316423803126,148.9276123046875,56857000
2013-12-31 00:00:00-05:00,149.1301832602598,149.6324920654297,149.01674593016926,149.6324920654297,86119900
2014-01-02 00:00:00-05:00,149.0572312074803,149.13015695859025,147.8419586126144,148.1984405517578,119636900
2014-01-03 00:00:00-05:00,148.44965326541555,148.74942902975056,147.96355145381847,148.1741943359375,81390600
2014-01-06 00:00:00-05:00,148.66029105731053,148.71699736559427,147.51793153621463,147.74478149414062,108028200
2014-01-07 00:00:00-05:00,148.3362206739194,148.90334560626084,148.2227956874511,148.65219116210938,86144200
2014-01-08 00:00:00-05:00,148.62782114550268,148.9356941283134,148.1741213997127,148.68453979492188,96582300
2014-01-09 00:00:00-05:00,149.16260108522135,149.17880818588506,148.10126469606624,148.7818145751953,90683400
2014-01-10 00:00:00-05:00,149.03296835757862,149.2517209472044,148.27139534083344,149.18690490722656,102026400
2014-01-13 00:00:00-05:00,148.80613760958147,149.21932601008743,146.91841192460825,147.2019805908203,149892000
2014-01-14 00:00:00-05:00,147.68800616842665,148.88708390022006,147.4125473769569,148.80606079101562,105016100
2014-01-15 00:00:00-05:00,149.1545305896566,149.83508059140217,148.8385600629606,149.6082305908203,98525800
2014-01-16 00:00:00-05:00,149.30030184857904,149.60817489005757,148.93572250926636,149.41372680664062,72290600
2014-01-17 00:00:00-05:00,149.1545037160873,149.4380599845266,148.5225627765538,148.7818145751953,107848700
2014-01-21 00:00:00-05:00,149.64058207221814,149.69730073447315,148.30378699281854,149.2192840576172,88621200
2014-01-22 00:00:00-05:00,149.4704801355454,149.53529617838467,149.00057309675756,149.31654357910156,61270900
2014-01-23 00:00:00-05:00,148.56303131271588,148.58733577749584,147.30725942444167,148.09312438964844,132496900
2014-01-24 00:00:00-05:00,147.1290705541697,147.17767950094685,144.88486273291034,144.9334716796875,208677100
2014-01-27 00:00:00-05:00,145.07115235403123,145.44384142462874,143.4993976707869,144.220458984375,180843100
2014-01-28 00:00:00-05:00,144.32580904187628,145.26562305107743,144.30960194174656,145.07928466796875,110463200
2014-01-29 00:00:00-05:00,143.87211414643215,144.65799163774983,143.3049892460987,143.68577575683594,216597300
2014-01-30 00:00:00-05:00,144.8848250198401,145.6787997894586,144.42301542086977,145.20889282226562,118938100
2014-01-31 00:00:00-05:00,143.4103039247274,145.2575177998419,143.3373905154876,144.35821533203125,194677900
2014-02-03 00:00:00-05:00,144.18809976593195,144.51216763948628,140.83394658881727,141.10940551757812,254837100
2014-02-04 00:00:00-05:00,141.7413115886185,142.46237293758875,141.06076180445658,142.09779357910156,165012400
2014-02-05 00:00:00-05:00,141.60358523152996,142.235526096595,140.7366970653076,141.9195556640625,164230500
2014-02-06 00:00:00-05:00,142.25175112791763,143.7910919189453,141.96008512555076,143.7910919189453,132877600
2014-02-07 00:00:00-05:00,144.46354101651005,145.72742287606482,143.99363400368154,145.573486328125,170787200
2014-02-10 00:00:00-05:00,145.58971163183492,145.88948739618692,145.19273034003433,145.8408660888672,92218800
2014-02-11 00:00:00-05:00,145.96235000322815,147.80956344164937,145.86511978483205,147.43687438964844,117814100
2014-02-12 00:00:00-05:00,147.65565347037497,148.12556046284902,147.2181606773239,147.50982666015625,94717700
2014-02-13 00:00:00-05:00,146.51332964653807,148.4253599185605,146.50523227591012,148.27142333984375,100542200
2014-02-14 00:00:00-05:00,148.1336548379803,149.3651347808746,147.99592539920312,149.0896759033203,96498400
2014-02-18 00:00:00-05:00,149.21932302885187,149.47048984707172,148.7899275342391,149.2679443359375,80460900
2014-02-19 00:00:00-05:00,148.87903725558706,149.84315579664292,148.157975782743,148.27951049804688,126524300
2014-02-20 00:00:00-05:00,148.4820275774841,149.49475486588383,147.9392072343891,149.15447998046875,104998100
2014-02-21 00:00:00-05:00,149.43809027015683,149.79457238263095,148.91147683461884,148.98439025878906,118116400
2014-02-24 00:00:00-05:00,149.30029624835169,150.8153322090011,149.2354802229773,149.8107147216797,114063900
2014-02-25 00:00:00-05:00,149.93225406093626,150.3616494606869,149.2598016290414,149.75401306152344,117085000
2014-02-26 00:00:00-05:00,149.97283470406433,150.36982845150138,149.34089354685426,149.76219177246094,98677200
2014-02-27 00:00:00-05:00,149.5433590032566,150.58848809192418,149.3732153848072,150.54798889160156,93880800
2014-02-28 00:00:00-05:00,150.52374191744997,151.625590177732,149.9242150156488,150.9288330078125,150842000
2014-03-03 00:00:00-05:00,149.6000853844687,150.24823338775485,148.87092660726864,149.86744689941406,167748500
2014-03-04 00:00:00-05:00,151.33384171463032,152.29795996282755,151.3014398844959,151.97389221191406,167545900
2014-03-05 00:00:00-05:00,152.10353593322412,152.37089741132786,151.86857628774212,152.11163330078125,88376900
2014-03-06 00:00:00-05:00,152.48432354151197,152.80839131979369,152.13593893558544,152.4600067138672,82516500
2014-03-07 00:00:00-05:00,153.09194790216094,153.09194790216094,151.85235845949697,152.52481079101562,114513500
2014-03-10 00:00:00-04:00,152.28989585532068,152.50053870317868,151.56883444402814,152.44383239746094,74939200
2014-03-11 00:00:00-04:00,152.67064821538273,152.88940074543723,151.34195066366033,151.69032287597656,99009100
2014-03-12 00:00:00-04:00,150.95308259567648,151.78756888106017,150.6127953524619,151.73085021972656,104824400
2014-03-13 00:00:00-04:00,152.18453586952128,152.30607054859146,149.60816385681258,150.02944946289062,155014300
2014-03-14 00:00:00-04:00,149.76216716887183,150.53183769673154,149.42998953859203,149.6082305908203,153919600
2014-03-17 00:00:00-04:00,150.36161224048564,151.31763303362973,150.29679622379865,150.96115112304688,98359500
2014-03-18 00:00:00-04:00,151.26910207704103,152.2413181036516,151.107055770608,152.0387725830078,101804600
2014-03-19 00:00:00-04:00,152.0549073813189,152.26556255167927,150.2644126076116,151.22853088378906,176267300
2014-03-20 00:00:00-04:00,150.89636059797874,152.22505825854708,150.628999119875,152.11163330078125,117241000
2014-03-21 00:00:00-04:00,152.75040329500638,153.81642347631558,151.3832844395071,151.52162170410156,163128000
2014-03-24 00:00:00-04:00,152.0425126243319,152.2296858687013,150.23596921692155,150.89511108398438,121411000
2014-03-25 00:00:00-04:00,151.65996847869056,152.12381617461008,150.76484275454607,151.61114501953125,103852000
2014-03-26 00:00:00-04:00,152.20522381434162,152.44935359020155,150.48006158765565,150.520751953125,119843000
2014-03-27 00:00:00-04:00,150.34170643323534,150.8218204046986,149.65000755322882,150.203369140625,142383000
2014-03-28 00:00:00-04:00,150.63467681564543,151.70069733435002,150.54516297881761,150.94390869140625,101642000
2014-03-31 00:00:00-04:00,151.90414202401686,152.41681332702916,150.9683256748882,152.18081665039062,99745000
2014-04-01 00:00:00-04:00,152.6772242766591,153.2794094785892,152.17269844774546,153.1898956298828,89193000
2014-04-02 00:00:00-04:00,153.38516495963228,153.9059692945807,153.10034485055456,153.70252990722656,78774000
2014-04-03 00:00:00-04:00,153.93856927845192,153.9792596538902,153.0271644700387,153.4991455078125,77435000
2014-04-04 00:00:00-04:00,154.33727555329568,154.3698203951336,151.44030036843486,151.68441772460938,169381000
2014-04-07 00:00:00-04:00,151.3182067303883,151.57046957215786,149.6988372298853,150.008056640625,140803000
2014-04-08 00:00:00-04:00,149.94303605496125,150.8707196253542,149.39781971610373,150.62660217285156,112660000
2014-04-09 00:00:00-04:00,151.0333894590753,152.2947035878135,150.59395347742492,152.24588012695312,100254000
2014-04-10 00:00:00-04:00,152.23776441964205,152.31099961930167,148.86066312641873,149.04783630371094,172959000
2014-04-11 00:00:00-04:00,148.2177798038219,149.2593883349229,147.5423596377723,147.70510864257812,167251000
2014-04-14 00:00:00-04:00,148.86068992537582,149.21874529966686,147.64819890065772,148.86883544921875,132382000
2014-04-15 00:00:00-04:00,149.17803633871435,149.9999269737949,147.70512477938016,149.89413452148438,157093000
2014-04-16 00:00:00-04:00,150.92765383291942,151.47287004603055,150.26036650474998,151.46473693847656,105197000
2014-04-17 00:00:00-04:00,151.2612119989629,152.09938103071067,151.00080370093002,151.6762237548828,105255000
2014-04-21 00:00:00-04:00,151.7169531363145,152.25403607647112,151.52979238454628,152.2052001953125,68329000
2014-04-22 00:00:00-04:00,152.35985904715739,153.31195411831976,152.27849072287074,152.89694213867188,85790000
2014-04-23 00:00:00-04:00,152.83993232233564,152.92130061828337,152.41677496576574,152.53883361816406,73869000
2014-04-24 00:00:00-04:00,153.2875071136285,153.30378574152382,152.11569424426264,152.84808349609375,88170000
2014-04-25 00:00:00-04:00,152.3517720916908,152.44128596739296,151.25319383688807,151.594970703125,100380000
2014-04-28 00:00:00-04:00,152.2134105887089,152.73421512377286,150.51265963699566,152.0750732421875,135121000
2014-04-29 00:00:00-04:00,152.56328670990428,153.0189890250075,152.23778860396104,152.7830047607422,84098000
2014-04-30 00:00:00-04:00,152.53075846807263,153.39333971796967,152.31917350091877,153.2387237548828,101508000
2014-05-01 00:00:00-04:00,153.16543003042727,153.66995568192505,152.76668440514305,153.25494384765625,93019000
2014-05-02 00:00:00-04:00,153.2386871967967,153.91410747511827,152.80739667474097,153.03524780273438,98122000
2014-05-05 00:00:00-04:00,152.28665320841264,153.4340548297366,151.86349562283274,153.32826232910156,75883000
2014-05-06 00:00:00-04:00,152.9864069497339,153.0921993960499,151.96107699028053,151.99362182617188,85454000
2014-05-07 00:00:00-04:00,152.50628118787407,152.96198335673694,151.3670133487641,152.8887481689453,106500000
2014-05-08 00:00:00-04:00,152.75045259526684,153.84088485656233,152.23778130687074,152.7260284423828,93618000
2014-05-09 00:00:00-04:00,152.75041805717186,153.018947091661,152.03430751999167,152.953857421875,83679000
2014-05-12 00:00:00-04:00,153.637472455639,154.51633235441358,152.98646374355135,154.44308471679688,86940000
2014-05-13 00:00:00-04:00,154.64649532345615,154.95572719784522,154.4267897024539,154.58140563964844,66454000
2014-05-14 00:00:00-04:00,154.44306918822426,154.5163168184762,153.62931148417408,153.84902954101562,72367000
2014-05-15 00:00:00-04:00,153.5398084037388,153.57236566767918,151.74954381271587,152.49819946289062,154956000
2014-05-16 00:00:00-04:00,152.5876940379748,153.092232229652,151.9448309513776,153.02713012695312,97458000
2014-05-19 00:00:00-04:00,152.734114336961,153.710620643705,152.59577708172614,153.58856201171875,63839000
2014-05-20 00:00:00-04:00,153.51536516115488,153.5316437897845,152.22963908938956,152.6202392578125,111644000
2014-05-21 00:00:00-04:00,153.05975155295016,153.97930214035193,153.03533980434327,153.90606689453125,89093000
2014-05-22 00:00:00-04:00,153.94664512553845,154.59765363952744,153.68624917011562,154.28028869628906,61549000
2014-05-23 00:00:00-04:00,154.41867716735567,155.00458378243965,154.28033983003843,154.8988037109375,61092800
2014-05-27 00:00:00-04:00,155.47657229889722,155.89972985618869,155.38705843902707,155.8509063720703,72010000
2014-05-28 00:00:00-04:00,155.850864047553,156.0949938188057,155.476530076038,155.7369384765625,66723000
2014-05-29 00:00:00-04:00,156.09504562966197,156.5670142825949,155.69629979036614,156.5426025390625,64377000
2014-05-30 00:00:00-04:00,156.3960969893883,156.89248969144475,156.265892775121,156.79483032226562,76316000
2014-06-02 00:00:00-04:00,157.01452153887968,157.04707879535923,156.21704259250285,156.9738311767578,64656000
2014-06-03 00:00:00-04:00,156.59137255113365,156.9738396251444,156.44490213995806,156.89247131347656,65047000
2014-06-04 00:00:00-04:00,156.62396278280292,157.29938323831433,156.4612137082485,157.20986938476562,55529000
2014-06-05 00:00:00-04:00,157.38885080925232,158.39790222493775,156.81107748498502,158.2351531982422,92103000
2014-06-06 00:00:00-04:00,158.57694952795757,159.03265182595115,158.50371431941352,158.99197387695312,78696000
2014-06-09 00:00:00-04:00,158.9675328549529,159.53716062250513,158.8210500478943,159.15469360351562,65119000
2014-06-10 00:00:00-04:00,158.959420307931,159.2035500923687,158.61764357650085,159.17100524902344,57129000
2014-06-11 00:00:00-04:00,158.6013513761247,158.7803790415973,158.2595746739376,158.6176300048828,68772000
2014-06-12 00:00:00-04:00,158.43044217843058,158.51995599588065,157.14470389912648,157.49461364746094,106350000
2014-06-13 00:00:00-04:00,157.80386740872933,158.12937788880913,157.29934168579962,157.97476196289062,82017000
2014-06-16 00:00:00-04:00,157.77949757796856,158.43863940187185,157.59233676281343,158.10499572753906,87424000
2014-06-17 00:00:00-04:00,157.88530695810687,158.65837445877474,157.71441234027344,158.54444885253906,84834000
2014-06-18 00:00:00-04:00,158.54440139067302,159.79758268411314,158.19447915108483,159.70806884765625,105267000
2014-06-19 00:00:00-04:00,159.84640985367636,159.9847595816383,159.33375097570436,159.88710021972656,85929000
2014-06-20 00:00:00-04:00,160.28530183440816,160.34254381350777,160.0154735253438,160.2117156982422,100587000
2014-06-23 00:00:00-04:00,160.2526319960446,160.30168942963053,159.86833213101065,160.16268920898438,70611000
2014-06-24 00:00:00-04:00,159.876441098932,160.66956923270078,159.01789892071852,159.19778442382812,96237000
2014-06-25 00:00:00-04:00,158.86252840163854,160.08084148082926,158.82982762046763,159.9173126220703,82782000
2014-06-26 00:00:00-04:00,159.9419024285487,159.95825906360886,158.73177343969272,159.8029022216797,84312000
2014-06-27 00:00:00-04:00,159.4267299274074,160.1626285820082,159.35314380488333,160.1135711669922,71445100
2014-06-30 00:00:00-04:00,160.01545794326594,160.3997576966512,159.8764577630028,160.0318145751953,70201200
2014-07-01 00:00:00-04:00,160.42430946520486,161.5935655253552,160.36707995990795,161.10296630859375,90470000
2014-07-02 00:00:00-04:00,161.11933771711568,161.47092428941778,161.0457515707907,161.26651000976562,52475000
2014-07-03 00:00:00-04:00,161.7243889492924,162.13321749077312,161.60174537743097,162.05963134765625,52938800
2014-07-07 00:00:00-04:00,161.748906502179,161.8797221342282,161.25830733351543,161.49542236328125,61696000
2014-07-08 00:00:00-04:00,161.20105905799682,161.25830103190125,160.06451642224636,160.45700073242188,108143000
2014-07-09 00:00:00-04:00,160.85764322923512,161.3237136647991,160.51422881819278,161.17652893066406,72992000
2014-07-10 00:00:00-04:00,159.62300073434784,160.9639577169381,159.49217261983762,160.5387725830078,99040000
2014-07-11 00:00:00-04:00,160.44065102516717,160.87400821945897,160.08087996353885,160.75953674316406,64243000
2014-07-14 00:00:00-04:00,161.57720284032473,161.7816170935777,161.43820264528745,161.56903076171875,58658000
2014-07-15 00:00:00-04:00,161.66716648940854,161.9778801869462,160.55515230904254,161.26651000976562,111307000
2014-07-16 00:00:00-04:00,161.98595527134896,162.10859877511976,161.4217702011031,161.86331176757812,79986400
2014-07-17 00:00:00-04:00,161.3645926684257,161.97783533758397,159.794680456101,160.0236358642578,145398000
2014-07-18 00:00:00-04:00,160.54699754055008,161.82254078688322,160.45705474874663,161.6590118408203,124330000
2014-07-21 00:00:00-04:00,161.15203104232307,161.48727343976287,160.61237437470638,161.3564453125,67592000
2014-07-22 00:00:00-04:00,161.90427450566048,162.35398839658063,161.78980301310415,162.05963134765625,67678000
2014-07-23 00:00:00-04:00,162.3049468312164,162.59113182880685,161.9778889566486,162.41941833496094,65612000
2014-07-24 00:00:00-04:00,162.5747360111355,162.76279361986664,162.2640223716583,162.42755126953125,56888000
2014-07-25 00:00:00-04:00,161.9697044508617,162.1087046714195,161.34828949840482,161.66717529296875,76837000
2014-07-28 00:00:00-04:00,161.6998001697517,161.96962840407315,160.7676719404833,161.73251342773438,69259000
2014-07-29 00:00:00-04:00,162.03509446894986,162.26403744252693,161.01302316674642,161.0375518798828,80466000
2014-07-30 00:00:00-04:00,161.60988613735938,161.82248492266098,160.39158530478142,161.0620574951172,104222000
2014-07-31 00:00:00-04:00,159.94183081648418,160.0808309611175,157.7832175839436,157.88133239746094,183479000
2014-08-01 00:00:00-04:00,157.447983190456,158.42916880393184,156.6385109856531,157.39892578125,189261000
2014-08-04 00:00:00-04:00,157.70149361097822,158.87074954951996,157.03102139269023,158.53550720214844,91340000
2014-08-05 00:00:00-04:00,157.8895618308642,158.29839030533412,156.42594890544714,156.99830627441406,152690000
2014-08-06 00:00:00-04:00,156.26242236757858,157.71785076052473,156.23789365685684,157.04737854003906,94818000
2014-08-07 00:00:00-04:00,157.75873399508706,157.9140908118847,155.8045343828295,156.19700622558594,135733000
2014-08-08 00:00:00-04:00,156.54861511346368,158.11033050538586,156.13160205745635,158.00404357910156,117014000
2014-08-11 00:00:00-04:00,158.6009142421388,159.1650995148492,158.38832793383025,158.4619140625,74544000
2014-08-12 00:00:00-04:00,158.30654869098663,158.74807791558507,157.75872007975454,158.2411346435547,73632000
2014-08-13 00:00:00-04:00,158.86255731738208,159.49215663847684,158.59274151336737,159.31227111816406,69047000
2014-08-14 00:00:00-04:00,159.57394270607392,160.0645294189453,159.42675795869354,160.0645294189453,57371000
2014-08-15 00:00:00-04:00,160.64505726977333,160.79222952777386,158.87891531503954,160.0318145751953,139951000
2014-08-18 00:00:00-04:00,160.91490154768604,161.44637361190075,160.824958777816,161.37278747558594,75424000
2014-08-19 00:00:00-04:00,161.76528242438084,162.33763991591258,161.4382245653506,162.21499633789062,59135000
2014-08-20 00:00:00-04:00,161.9941417964757,162.84451175330904,161.96144101803648,162.6482696533203,72763000
2014-08-21 00:00:00-04:00,162.78730102849514,163.33512962673134,162.6564729367348,163.12254333496094,67791000
2014-08-22 00:00:00-04:00,162.99170786374387,163.2778927419559,162.5011212565342,162.8690643310547,76107000
2014-08-25 00:00:00-04:00,163.64585835165315,164.013801476842,162.83637349507399,163.69491577148438,63855000
2014-08-26 00:00:00-04:00,163.80120849609375,164.20186486916006,163.76032315574753,163.80120849609375,47298000
2014-08-27 00:00:00-04:00,163.88301213805596,163.99749611334855,163.48236813036243,163.73583984375,47874000
2014-08-28 00:00:00-04:00,163.19614495430284,163.75215815885414,163.0326160623012,163.64585876464844,58330000
2014-08-29 00:00:00-04:00,163.899339676143,164.12828263316752,163.38422426106558,164.1119384765625,65907000
2014-09-02 00:00:00-04:00,164.3244930643598,164.3490217709855,163.41689348985,164.03013610839844,72426000
2014-09-03 00:00:00-04:00,164.65971218505666,164.68424088823053,163.71122740749547,163.94017028808594,57462000
2014-09-04 00:00:00-04:00,164.21819454191441,164.82326508689715,163.25336547239246,163.7030792236328,85236000
2014-09-05 00:00:00-04:00,163.67041099316566,164.50442468160844,163.04899612368357,164.4390106201172,102177000
2014-09-08 00:00:00-04:00,164.2836680701248,164.5207956232088,163.5314250122434,164.0138397216797,64146000
2014-09-09 00:00:00-04:00,163.86666132961986,163.98113282381013,162.64017568767133,162.9754180908203,88591000
2014-09-10 00:00:00-04:00,163.06526502010882,163.69486415447568,162.52562109567373,163.5885772705078,67251000
2014-09-11 00:00:00-04:00,162.93450197175642,163.80121633216064,162.81184594485,163.7766876220703,66774400
2014-09-12 00:00:00-04:00,163.61316610769742,163.6295102641915,162.353967376153,162.82003784179688,117409300
2014-09-15 00:00:00-04:00,162.84457244427148,162.9754005596893,162.20680097717937,162.6973876953125,76401000
2014-09-16 00:00:00-04:00,162.39485928485348,164.21823092407925,162.30491651467878,163.9238739013672,116201000
2014-09-17 00:00:00-04:00,164.1609641738447,164.90502240215133,163.32695071931792,164.1446075439453,151266000
2014-09-18 00:00:00-04:00,164.64341878825334,165.0440752213831,164.43083245361942,165.01954650878906,94990000
2014-09-19 00:00:00-04:00,165.544468474774,165.85662200296588,164.53404017667552,164.870849609375,121649000
2014-09-22 00:00:00-04:00,164.58336503767555,164.60800841123827,163.2525601913986,163.5975799560547,125553000
2014-09-23 00:00:00-04:00,163.00609149453186,163.68792065044275,162.6117850369992,162.66107177734375,111393000
2014-09-24 00:00:00-04:00,162.68567474256693,164.04112243928157,162.25851474248702,163.934326171875,107276000
2014-09-25 00:00:00-04:00,163.50720631048515,163.51542912433348,161.23171806483828,161.28921508789062,150300000
2014-09-26 00:00:00-04:00,161.58489131453874,162.97319261119705,161.3548782335889,162.57066345214844,103547000
2014-09-29 00:00:00-04:00,161.17419963346188,162.56250134145887,161.05098278029266,162.2749786376953,95112000
2014-09-30 00:00:00-04:00,162.39821361774884,162.8993163958531,161.51101464005058,161.8478240966797,131302000
2014-10-01 00:00:00-04:00,161.58497937485194,161.64248894381726,159.29305759249232,159.65451049804688,177798000
2014-10-02 00:00:00-04:00,159.51486279446047,160.23776867269208,158.01156653325373,159.67916870117188,157285000
2014-10-03 00:00:00-04:00,160.74700560481836,161.78207717287916,160.25412572291904,161.4370574951172,121569000
2014-10-06 00:00:00-04:00,162.11067871028055,162.3242712934313,160.6648800413629,161.2481231689453,104778000
2014-10-07 00:00:00-04:00,160.41845519396728,160.7799080430721,158.72621006841072,158.75906372070312,147913000
2014-10-08 00:00:00-04:00,158.84940445084177,161.76565766907584,158.01971509902543,161.53564453125,186461000
2014-10-09 00:00:00-04:00,161.28096993849408,161.50277277323102,158.20042375793733,158.3318634033203,210705000
2014-10-10 00:00:00-04:00,158.29076904042788,159.07938175396376,156.4835179925706,156.5245819091797,221909000
2014-10-13 00:00:00-04:00,156.45892890317165,157.02573900368472,153.8630517065143,153.9534149169922,230939000
2014-10-14 00:00:00-04:00,154.78305517519757,155.93313317345851,153.64941026492173,154.19158935546875,215847000
2014-10-15 00:00:00-04:00,152.10504618278952,154.18338693433543,149.44344985840436,153.1483154296875,380715000
2014-10-16 00:00:00-04:00,150.37998345406402,154.09307302453345,150.24033349135146,153.01693725585938,270391000
2014-10-17 00:00:00-04:00,154.78306600060583,155.87563453471907,154.125880317747,154.8241424560547,214625000
2014-10-20 00:00:00-04:00,154.5448909714075,156.450716259775,154.4956042233569,156.32749938964844,130011000
2014-10-21 00:00:00-04:00,157.46112173884418,159.53125276289714,157.29682841133018,159.42446899414062,154949000
2014-10-22 00:00:00-04:00,159.70376238225862,160.1145019516581,158.22509742546504,158.2908172607422,151822000
2014-10-23 00:00:00-04:00,159.87627912055427,161.1742177706944,159.58054610489222,160.1309356689453,154944000
2014-10-24 00:00:00-04:00,160.3937742033161,161.4124126723631,159.76945467796293,161.3631134033203,117927000
2014-10-27 00:00:00-04:00,160.78809963441634,161.3795655851563,160.21306677530146,161.14134216308594,82954000
2014-10-28 00:00:00-04:00,161.68349077766734,162.99784955909732,161.60954814673516,162.98963928222656,106736000
2014-10-29 00:00:00-04:00,163.10467790743206,163.57291447662246,161.66708948159052,162.74322509765625,142557000
2014-10-30 00:00:00-04:00,162.3078644502813,164.25476617446097,162.15999167381887,163.78652954101562,113330000
2014-10-31 00:00:00-04:00,165.75801254444386,165.79087872013602,164.92832336243012,165.65943908691406,146903000
2014-11-03 00:00:00-05:00,165.87303372731682,166.3084165828584,165.37193104936478,165.74981689453125,93600000
2014-11-04 00:00:00-05:00,165.30621654298392,165.61017229825384,164.34508761202454,165.17478942871094,93343000
2014-11-05 00:00:00-05:00,166.3823719268475,166.42344838893314,165.48696271335152,166.21807861328125,91709000
2014-11-06 00:00:00-05:00,166.25917944852188,166.9738623614327,165.64307003124614,166.8834991455078,107089000
2014-11-07 00:00:00-05:00,166.89988559774514,167.25312808301717,166.4398593669697,167.03953552246094,89540000
2014-11-10 00:00:00-05:00,167.0724276653789,167.61459435889068,166.86705788509786,167.5653076171875,66319000
2014-11-11 00:00:00-05:00,167.63105601639765,167.83642583167497,167.29424651099592,167.72962951660156,54499400
2014-11-12 00:00:00-05:00,167.0477559622911,167.77887175469928,167.0148897835455,167.54885864257812,90120300
2014-11-13 00:00:00-05:00,167.71319537206227,168.26358492825182,166.9327926441749,167.7378387451172,85357900
2014-11-14 00:00:00-05:00,167.66386307430284,167.98423937175338,167.3516970540474,167.77886962890625,80417500
2014-11-17 00:00:00-05:00,167.45849060164446,168.05816673124568,167.2941847822257,167.88565063476562,80441000
2014-11-18 00:00:00-05:00,167.94318397116785,169.15896949150834,167.94318397116785,168.8550262451172,76068100
2014-11-19 00:00:00-05:00,168.65785344235604,168.85501291716375,167.82816415524326,168.58392333984375,82373000
2014-11-20 00:00:00-05:00,167.79532595812685,168.98648074842,167.72960612223105,168.8796844482422,72840300
2014-11-21 00:00:00-05:00,170.57192013045926,170.73621344380052,169.2082618136518,169.78329467773438,142327300
2014-11-24 00:00:00-05:00,170.18578975270128,170.36651612149424,169.9722097417522,170.2597198486328,65880800
2014-11-25 00:00:00-05:00,170.4897809286958,170.69515072059616,169.88189436692826,170.1365509033203,79108300
2014-11-26 00:00:00-05:00,170.28440721568992,170.6705034183542,170.07082714955146,170.57192993164062,62167800
2014-11-28 00:00:00-05:00,170.44871571261106,170.76086927029675,169.97225629482244,170.21047973632812,57890100
2014-12-01 00:00:00-05:00,169.55330356492345,169.66831015268465,168.7154037975682,169.02755737304688,103968400
2014-12-02 00:00:00-05:00,169.06862485960139,170.32548697864857,169.04398148744573,170.1201171875,74507200
2014-12-03 00:00:00-05:00,170.2925978582392,170.9908474818442,170.12830456649536,170.7772674560547,68952000
2014-12-04 00:00:00-05:00,170.48980812555166,171.0894970386039,169.79976852303662,170.58839416503906,91316600
2014-12-05 00:00:00-05:00,170.76087947275775,171.25377201296104,170.49801264348656,170.86767578125,91025500
2014-12-08 00:00:00-05:00,170.47330258163194,170.96618239424504,169.16714162149046,169.7257537841797,108588200
2014-12-09 00:00:00-05:00,167.88565270285022,169.7175598267876,167.50777939699023,169.6107635498047,125180100
2014-12-10 00:00:00-05:00,169.15072965746432,169.20822666454072,166.70271341852614,166.89166259765625,159856400
2014-12-11 00:00:00-05:00,167.48318220036447,169.38079713426018,167.34353224146065,167.7378387451172,159012800
2014-12-12 00:00:00-05:00,166.46452015167512,167.4338719834707,164.99407811482007,165.0269317626953,202330200
2014-12-15 00:00:00-05:00,165.92236517201553,166.37418123860553,163.29363424109798,163.893310546875,189965800
2014-12-16 00:00:00-05:00,163.12930790506184,166.2673512935725,162.5378419984192,162.57891845703125,259543800
2014-12-17 00:00:00-05:00,163.01430333652465,166.21806659106207,162.8910739591806,165.76625061035156,253910100
2014-12-18 00:00:00-05:00,168.18965125066777,174.95042136921452,167.51603230867772,169.86546325683594,257633900
2014-12-19 00:00:00-05:00,170.5138908136317,171.25731022107504,169.83656657551904,170.58824157714844,245084600
2014-12-22 00:00:00-05:00,170.77814879566108,171.3728790283203,170.53861062604108,171.3728790283203,148318900
2014-12-23 00:00:00-05:00,171.95117209001785,172.00073086704373,171.3151383756085,171.604248046875,122167900
2014-12-24 00:00:00-05:00,171.82721551552294,172.09153310258455,171.57940911243207,171.62071228027344,42963400
2014-12-26 00:00:00-05:00,172.06671709046898,172.51277104186116,172.01715834119307,172.17410278320312,57326700
2014-12-29 00:00:00-05:00,171.9923434341975,172.61185288006922,171.9262609141636,172.4053497314453,79643900
2014-12-30 00:00:00-05:00,171.984169328845,172.11632182757245,171.4059501555861,171.4803009033203,73540800
2014-12-31 00:00:00-05:00,171.80244365946461,171.9676437341075,169.65480487723386,169.77870178222656,130333800
2015-01-02 00:00:00-05:00,170.47254275626065,170.88554919758974,168.6553043312476,169.6878204345703,121465900
2015-01-05 00:00:00-05:00,168.647096929558,168.8122970325031,166.31774648892383,166.6233673095703,169632600
2015-01-06 00:00:00-05:00,166.92893414109756,167.4493262708284,164.2609161597577,165.05389404296875,209151400
2015-01-07 00:00:00-05:00,166.37555138501293,167.44937089898684,165.92950987204858,167.11070251464844,125346700
2015-01-08 00:00:00-05:00,168.51491617689666,170.2908517797395,168.4984049909054,170.07608032226562,147217800
2015-01-09 00:00:00-05:00,170.4890266196025,170.50555040371563,168.10185027540396,168.71310424804688,158567300
2015-01-12 00:00:00-05:00,168.8453161791333,169.00226066188512,166.7885393225758,167.3915252685547,144396100
2015-01-13 00:00:00-05:00,168.60573013625051,169.72910805795988,165.6238233987396,166.92066955566406,214553300
2015-01-14 00:00:00-05:00,164.91348263853635,166.111211515272,164.0213997320499,165.9129638671875,192991100
2015-01-15 00:00:00-05:00,166.54896025835984,166.86283654292797,164.27742512162916,164.39306640625,176613900
2015-01-16 00:00:00-05:00,164.18665858815876,166.70600154226656,164.00493466334035,166.54905700683594,211879600
2015-01-20 00:00:00-05:00,167.18503146744484,167.44936168573867,165.3430259480595,166.90419006347656,130991100
2015-01-21 00:00:00-05:00,166.44157190471358,168.22576249946007,165.97900677362105,167.74667358398438,122942700
2015-01-22 00:00:00-05:00,168.49838416512793,170.3734244640465,167.12719965980176,170.24127197265625,174356000
2015-01-23 00:00:00-05:00,169.98521597655784,170.24129060330148,169.17572673589194,169.30789184570312,117516800
2015-01-26 00:00:00-05:00,169.0931194349828,169.79522289212784,168.3827477816635,169.70436096191406,92009700
2015-01-27 00:00:00-05:00,167.6558760859974,168.60578608771726,166.63988352531175,167.4658966064453,134044600
2015-01-28 00:00:00-05:00,168.64709973767964,168.74621728030513,165.1282883309134,165.31826782226562,168514300
2015-01-29 00:00:00-05:00,165.51647790768044,167.1024212491774,164.11224581839372,166.8463592529297,173585400
2015-01-30 00:00:00-05:00,165.6734494946458,166.9950628601836,164.48398864289024,164.74830627441406,197729700
2015-02-02 00:00:00-05:00,165.24391853956578,166.87942090257002,163.4349478846863,166.78855895996094,163107000
2015-02-03 00:00:00-05:00,167.68062446617702,169.20875342530874,167.30892116918625,169.2004852294922,124212900
2015-02-04 00:00:00-05:00,168.44052631630873,169.6465105332436,168.10185804807884,168.55616760253906,134306700
2015-02-05 00:00:00-05:00,169.21704055366874,170.40650140888124,169.1427024012078,170.2578125,97953200
2015-02-06 00:00:00-05:00,170.6212406255758,171.18293601095024,169.26657983067707,169.78697204589844,125672000
2015-02-09 00:00:00-05:00,169.14269515542406,169.8613224730138,168.62230290257145,169.0270538330078,87219000
2015-02-10 00:00:00-05:00,170.05954231341522,171.08379025750745,169.068316736097,170.82772827148438,96164200
2015-02-11 00:00:00-05:00,170.6625317819855,171.35637961746548,170.01824270561735,170.92684936523438,91087800
2015-02-12 00:00:00-05:00,171.71982537678446,172.62844463006107,170.95989500311532,172.57061767578125,97545900
2015-02-13 00:00:00-05:00,172.6945588956595,173.33057988581692,172.43848425618765,173.28102111816406,93670400
2015-02-17 00:00:00-05:00,172.96709889458353,173.72704186582325,172.7193051039149,173.55357360839844,76968200
2015-02-18 00:00:00-05:00,173.18190224563585,173.64446754543653,172.91757201491595,173.57012939453125,80652900
2015-02-19 00:00:00-05:00,172.9753766774431,173.80964522816615,172.83495598696246,173.44619750976562,91462500
2015-02-20 00:00:00-05:00,173.03320849141335,174.56133766054108,172.4136987099765,174.48699951171875,140896400
2015-02-23 00:00:00-05:00,174.2391464711458,174.46217346191406,173.85917502776118,174.46217346191406,74411100
2015-02-24 00:00:00-05:00,174.38785846833633,175.1560571033271,174.090493287688,174.9578094482422,72472300
2015-02-25 00:00:00-05:00,174.83390718824936,175.3129962204007,174.47045946703403,174.8091278076172,73061700
2015-02-26 00:00:00-05:00,174.7182261234912,174.87517056775698,173.99958643679824,174.6025848388672,72697900
2015-02-27 00:00:00-05:00,174.5034583905861,174.76778853466683,173.95829952534078,174.0078582763672,108076000
2015-03-02 00:00:00-05:00,174.1070098663145,175.16430544173227,174.05745110558516,175.1064910888672,87491400
2015-03-03 00:00:00-05:00,174.67697275512717,175.15606181483415,173.52881517195365,174.3878631591797,110325800
2015-03-04 00:00:00-05:00,173.7931153877391,173.86746613042823,172.6862610867606,173.65269470214844,114497200
2015-03-05 00:00:00-05:00,173.97484964121526,174.12353853152536,173.33882872209776,173.8426971435547,76873000
2015-03-06 00:00:00-05:00,172.9835869958557,173.41311715099826,171.06724398760014,171.39764404296875,188128000
2015-03-09 00:00:00-04:00,171.5959387365701,172.46324227095045,171.43899425580943,172.10806274414062,89818900
2015-03-10 00:00:00-04:00,170.74512768789077,170.8277214133803,169.27481316828494,169.3161163330078,157121300
2015-03-11 00:00:00-04:00,169.57223785067123,169.7457061618348,168.8370866347127,168.91969299316406,110145700
2015-03-12 00:00:00-04:00,169.5474329380123,171.13337647061587,169.497874171987,171.0673065185547,93993500
2015-03-13 00:00:00-04:00,170.7947190412468,171.75288458432593,168.98574847515465,170.0182647705078,162410900
2015-03-16 00:00:00-04:00,170.74515462838175,172.3806568570192,170.0430385291803,172.289794921875,136099200
2015-03-17 00:00:00-04:00,171.55465239072544,172.1576383881858,170.96817757941653,171.77767944335938,94510400
2015-03-18 00:00:00-04:00,171.30683124757832,174.51176564005567,170.67079772450302,173.8426971435547,228808500
2015-03-19 00:00:00-04:00,173.4297305146279,173.85099269340574,172.6615317133733,173.0497589111328,117917300
2015-03-20 00:00:00-04:00,173.9964219067773,175.08332706439776,173.813886863184,174.57720947265625,177715100
2015-03-23 00:00:00-04:00,174.5855025701291,175.1579976944319,174.23703002929688,174.23703002929688,71784500
2015-03-24 00:00:00-04:00,174.11257043384242,174.5688953590549,173.191602819688,173.2579803466797,77805300
2015-03-25 00:00:00-04:00,173.46543463004932,173.6977496835964,170.6776413272634,170.7191162109375,159521700
2015-03-26 00:00:00-04:00,170.05532553117254,171.22519296417158,169.35836787678124,170.31253051757812,153067200
2015-03-27 00:00:00-04:00,170.1963970468826,170.8767445914697,170.00555689564965,170.7025146484375,118939000
2015-03-30 00:00:00-04:00,171.73131157884472,173.08372670196508,171.71472669332005,172.7850341796875,96180400
2015-03-31 00:00:00-04:00,171.963646532205,172.66060427186957,171.21692146997367,171.27499389648438,126768700
2015-04-01 00:00:00-04:00,171.24182193973758,171.26671193265366,169.6819815291534,170.66932678222656,137303600
2015-04-02 00:00:00-04:00,170.6029193047295,171.73131187302016,170.4203842819018,171.2832794189453,86900900
2015-04-06 00:00:00-04:00,170.3955014457633,172.95097921240085,170.26275905467685,172.4365692138672,114368200
2015-04-07 00:00:00-04:00,172.46145215552548,173.20817713321736,171.94704217801407,171.980224609375,81236300
2015-04-08 00:00:00-04:00,172.20428539278765,173.00079052443866,171.81432527158861,172.56105041503906,89351900
2015-04-09 00:00:00-04:00,172.3951111403809,173.55668638726806,171.9055910477799,173.32437133789062,85548900
2015-04-10 00:00:00-04:00,173.57324239659198,174.3116749111512,173.37412249347702,174.2701873779297,72722900
2015-04-13 00:00:00-04:00,174.12917502382024,174.75975527148466,173.43222990187343,173.4820098876953,74436600
2015-04-14 00:00:00-04:00,173.28286574935842,173.99640832035578,172.66059069303114,173.81387329101562,75099900
2015-04-15 00:00:00-04:00,174.27851832960081,175.09991337221425,174.195543250851,174.5937957763672,99529300
2015-04-16 00:00:00-04:00,174.26195705390805,175.05016982521738,174.06282441959135,174.54405212402344,68934900
2015-04-17 00:00:00-04:00,173.35758646133294,173.59819398304518,171.75625826434415,172.5361785888672,191113200
2015-04-20 00:00:00-04:00,173.45703313902035,174.44437789806096,173.3740707575515,174.1125030517578,92189500
2015-04-21 00:00:00-04:00,174.7929085814658,174.95055361711223,173.60644358302048,173.90513610839844,72559800
2015-04-22 00:00:00-04:00,174.24532765331014,174.94228541591448,173.324359960795,174.75975036621094,78264600
2015-04-23 00:00:00-04:00,174.36148812213582,175.84665853711883,174.24533060310532,175.19949340820312,102585900
2015-04-24 00:00:00-04:00,175.6143384293135,175.87154345258304,175.15800081050318,175.6060333251953,61327400
2015-04-27 00:00:00-04:00,176.17024581984043,176.2946957863419,174.685075365081,174.87591552734375,79358100
2015-04-28 00:00:00-04:00,174.85102087644302,175.48158845695426,173.6811405816105,175.4318084716797,86863500
2015-04-29 00:00:00-04:00,174.54399554046685,175.30731806756097,173.9051356170558,174.70994567871094,125684900
2015-04-30 00:00:00-04:00,174.13744681855195,174.52740684652383,172.26231664314207,172.9592742919922,161304900
2015-05-01 00:00:00-04:00,173.73920137750798,174.87589915945125,173.63964141362536,174.83441162109375,103399700
2015-05-04 00:00:00-04:00,175.25756223646033,175.91303245626554,175.14970982400388,175.33224487304688,70927200
2015-05-05 00:00:00-04:00,175.09163686228817,175.4484145411168,173.1833238193558,173.32437133789062,113326200
2015-05-06 00:00:00-04:00,173.87195706754807,174.17894206411373,171.5487941735033,172.61080932617188,135060200
2015-05-07 00:00:00-04:00,172.5112715607244,173.72263947585762,172.1793965303919,173.2994842529297,88244900
2015-05-08 00:00:00-04:00,174.96716101043745,175.78026356297747,174.884185936411,175.5811309814453,155877300
2015-05-11 00:00:00-04:00,175.53965118852454,175.8051486295798,174.66846357652057,174.74313354492188,75708100
2015-05-12 00:00:00-04:00,173.91342824033026,174.75972583742453,173.09202063195485,174.2204132080078,119727600
2015-05-13 00:00:00-04:00,174.62699413270371,175.24926925428832,174.02131655922287,174.25363159179688,94667900
2015-05-14 00:00:00-04:00,175.26582296579826,176.16190043598417,174.99202046155673,176.0706329345703,95934000
2015-05-15 00:00:00-04:00,176.261474609375,176.4025220938169,175.78024707763444,176.261474609375,76510100
2015-05-18 00:00:00-04:00,176.09555469393385,177.05799719315343,176.02917716636372,176.80909729003906,74549700
2015-05-19 00:00:00-04:00,176.92526494125534,177.19906751059696,176.46892732568597,176.7510223388672,72114600
2015-05-20 00:00:00-04:00,176.85061213628197,177.37332737139639,176.3113120106909,176.62660217285156,76857500
2015-05-21 00:00:00-04:00,176.48551842661584,177.34840098253736,176.31956827412938,177.14097595214844,64764600
2015-05-22 00:00:00-04:00,176.75930935079924,177.17415941398292,176.65145694332057,176.71783447265625,57433500
2015-05-26 00:00:00-04:00,176.22831309072097,176.65146828487644,174.40297522756453,174.8178253173828,124308600
2015-05-27 00:00:00-04:00,175.27412563801573,176.70950309837983,174.8675680788576,176.47718811035156,93214000
2015-05-28 00:00:00-04:00,176.1702721131509,176.38598964068927,175.58948441576126,176.27813720703125,74974600
2015-05-29 00:00:00-04:00,176.2117399535306,176.25321483710226,174.91740961261766,175.1829071044922,124919600
2015-06-01 00:00:00-04:00,175.8465967244586,176.17847161639543,174.75138679267897,175.53961181640625,93338800
2015-06-02 00:00:00-04:00,175.08330724450371,176.05405477905722,174.46103221002957,175.3654022216797,91531000
2015-06-03 00:00:00-04:00,175.8964556652323,176.45235332192888,175.3405580085357,175.830078125,87820900
2015-06-04 00:00:00-04:00,175.12482989319332,175.78028749043622,174.02961953601317,174.34490966796875,151882800
2015-06-05 00:00:00-04:00,174.19555883491697,174.7182740253216,173.3907486078771,174.0462188720703,121704700
2015-06-08 00:00:00-04:00,173.93828499206919,174.0876375560612,172.90116012623682,172.975830078125,89063300
2015-06-09 00:00:00-04:00,172.9509735107422,173.49028614130725,172.32040602815917,172.9509735107422,105034700
2015-06-10 00:00:00-04:00,173.71428003736858,175.4068750792361,173.65620762232342,175.02520751953125,134551300
2015-06-11 00:00:00-04:00,175.46496915471943,175.971086709297,175.2326541454266,175.5894317626953,73876400
2015-06-12 00:00:00-04:00,174.76801536778927,175.4649603607381,173.97149776140645,174.24530029296875,135382400
2015-06-15 00:00:00-04:00,173.1086817875947,173.78073705038958,172.40343142083162,173.49864196777344,124384200
2015-06-16 00:00:00-04:00,173.3492477236761,174.5274330875997,173.17501778043052,174.4444580078125,85308200
2015-06-17 00:00:00-04:00,174.72654724121094,175.33223745113244,173.7060196267391,174.72654724121094,126708600
2015-06-18 00:00:00-04:00,175.32391899123522,177.00820911307417,174.75972902303343,176.5435791015625,165867900
2015-06-19 00:00:00-04:00,176.3017778218902,176.3768109906399,175.38466335339805,175.7598419189453,130478700
2015-06-22 00:00:00-04:00,176.67701763935042,177.24395207329624,176.4519053332587,176.66033935546875,70696000
2015-06-23 00:00:00-04:00,176.8687485589522,177.11887189486686,176.39352567033555,176.78536987304688,68476800
2015-06-24 00:00:00-04:00,176.51856260613104,176.89374121005542,175.47639274978548,175.50140380859375,92307300
2015-06-25 00:00:00-04:00,176.00167167480106,176.12672698393885,174.89280128717357,174.96783447265625,97107400
2015-06-26 00:00:00-04:00,175.3263229424074,175.56811348606794,174.38420999329747,174.93447875976562,104174800
2015-06-29 00:00:00-04:00,173.45875114834269,174.9427999864751,171.19098855307968,171.26602172851562,202621300
2015-06-30 00:00:00-04:00,172.80011556467298,172.8501504100554,171.14932187749557,171.6245574951172,182925100
2015-07-01 00:00:00-04:00,173.1919387824699,173.44206207348822,172.21646939711758,173.00018310546875,135979900
2015-07-02 00:00:00-04:00,173.4754443357118,173.6421889804988,172.4249289021321,172.841796875,104373700
2015-07-06 00:00:00-04:00,171.55785267148914,173.1252676311306,171.35775146051736,172.3498992919922,117975400
2015-07-07 00:00:00-04:00,172.55003385811443,173.55884744416352,170.17388081547682,173.4337921142578,173820200
2015-07-08 00:00:00-04:00,172.0997778121791,172.3832449894244,170.29057227957045,170.52401733398438,164020100
2015-07-09 00:00:00-04:00,172.6166988345158,172.87516768530955,170.72412724140756,170.83250427246094,144113100
2015-07-10 00:00:00-04:00,172.82515438619453,173.40043434338125,170.87421492236402,172.9835662841797,129456900
2015-07-13 00:00:00-04:00,174.24243312624253,175.00112296472085,174.20074379578168,174.8927459716797,106069400
2015-07-14 00:00:00-04:00,174.85114022385267,175.96001079082825,174.79277258894697,175.65151977539062,81709600
2015-07-15 00:00:00-04:00,175.69318389756324,176.15174124239255,175.11790402148668,175.5931396484375,97914100
2015-07-16 00:00:00-04:00,176.6436688574949,177.00218200683594,176.40189097866778,177.00218200683594,106683300
2015-07-17 00:00:00-04:00,176.99384029452227,177.2106198337727,176.58531772618835,177.15225219726562,89030000
2015-07-20 00:00:00-04:00,177.3773278105306,177.7358281715561,176.92711598383323,177.24392700195312,70446800
2015-07-21 00:00:00-04:00,177.11052872219872,177.36899756318357,176.24344889766735,176.54359436035156,77965000
2015-07-22 00:00:00-04:00,175.8599150166322,176.56026287200874,175.82657117675748,176.2267608642578,88667900
2015-07-23 00:00:00-04:00,176.36016778288803,176.4602120277821,174.87611878188716,175.234619140625,90509100
2015-07-24 00:00:00-04:00,175.3346790374915,175.39303394072115,173.08359443714681,173.41708374023438,117755000
2015-07-27 00:00:00-04:00,172.53330165520254,173.04188104088917,171.9663546525979,172.40823364257812,132361100
2015-07-28 00:00:00-04:00,173.24199465957545,174.66768879097515,172.4166041766928,174.5259552001953,123544800
2015-07-29 00:00:00-04:00,174.65102063440906,175.95164681042806,174.50928703541234,175.72654724121094,105791300
2015-07-30 00:00:00-04:00,175.21798063623257,175.93499418622278,174.60101134658413,175.76824951171875,91304400
2015-07-31 00:00:00-04:00,176.2684392962481,176.2934503550564,175.21793666089977,175.50140380859375,103266900
2015-08-03 00:00:00-04:00,175.46806861139632,175.52642351088926,173.9589958987843,174.90945434570312,113965700
2015-08-04 00:00:00-04:00,174.83440054389425,175.29295779354038,174.08404338759993,174.56761169433594,81820800
2015-08-05 00:00:00-04:00,175.45974010894733,176.1767535837583,174.85944916623106,175.14292907714844,85786800
2015-08-06 00:00:00-04:00,175.32634530357268,175.43473505916185,173.12528267877659,173.7089080810547,116030800
2015-08-07 00:00:00-04:00,173.5505327067585,173.7005991182477,172.4750058705327,173.3754425048828,117858000
2015-08-10 00:00:00-04:00,174.4842726082692,175.64316516294912,174.4842726082692,175.55979919433594,80270700
2015-08-11 00:00:00-04:00,174.22580081719414,174.64266878819345,173.21697472978343,173.97567749023438,126081400
2015-08-12 00:00:00-04:00,172.67506764659507,174.36755074979908,171.2160296112949,174.1841278076172,172123700
2015-08-13 00:00:00-04:00,174.0257163564138,174.7093860011013,173.4254254026694,173.9673614501953,89383300
2015-08-14 00:00:00-04:00,173.7755946750251,174.67603111429312,173.63386107650172,174.6009979248047,72786500
2015-08-17 00:00:00-04:00,174.00903163484438,175.57644653320312,173.5504743287551,175.57644653320312,79072600
2015-08-18 00:00:00-04:00,175.301331420975,175.65149902362893,174.83444128410312,175.06788635253906,71692700
2015-08-19 00:00:00-04:00,174.3258512052676,175.09288677233275,172.87515875699717,173.6838836669922,172946000
2015-08-20 00:00:00-04:00,172.17479724965054,173.65884614356457,169.998746027617,170.05711364746094,194327900
2015-08-21 00:00:00-04:00,168.18952235257711,170.03208410082271,164.67950169657928,164.93795776367188,346588500
2015-08-24 00:00:00-04:00,156.31716098493249,164.64617515076566,152.07343524562975,157.9929656982422,507244300
2015-08-25 00:00:00-04:00,162.93698748683326,162.95366576557146,155.84190013873254,156.1337127685547,369833100
2015-08-26 00:00:00-04:00,160.1440304415734,162.4034481318135,157.05086393563715,162.12832641601562,339257000
2015-08-27 00:00:00-04:00,164.2626591901485,166.26362036631141,162.75359916753715,166.13856506347656,274143900
2015-08-28 00:00:00-04:00,165.49656815069264,166.61377114946035,165.01299982544998,166.14688110351562,160414400
2015-08-31 00:00:00-04:00,165.17142653523922,166.02184075075263,164.25431191833255,164.80458068847656,163298800
2015-09-01 00:00:00-04:00,161.0110797024553,162.386751628339,159.0184513266002,159.8855438232422,256000400
2015-09-02 00:00:00-04:00,162.26164498859575,162.96199267591675,160.4274289124073,162.92030334472656,160269300
2015-09-03 00:00:00-04:00,163.62900898451664,165.1214034229012,162.54516245333764,163.0370635986328,152087800
2015-09-04 00:00:00-04:00,160.78600864944872,161.62807751318965,159.75217132697426,160.56922912597656,207081000
2015-09-08 00:00:00-04:00,163.36224883448918,164.75458655536866,162.72026849359887,164.60450744628906,116025700
2015-09-09 00:00:00-04:00,166.1802472312169,166.30530252865324,162.03657875215427,162.40341186523438,149347700
2015-09-10 00:00:00-04:00,162.2116440453836,164.42938444737737,161.95318796879775,163.28717041015625,158611100
2015-09-11 00:00:00-04:00,162.89532399093918,164.09590572079074,162.18664338818505,164.02920532226562,119691200
2015-09-14 00:00:00-04:00,164.20427649476838,164.25429861131062,162.93699441456607,163.42056274414062,79452000
2015-09-15 00:00:00-04:00,163.92084010360617,165.90513591068714,163.3789167770044,165.4632568359375,113806200
2015-09-16 00:00:00-04:00,165.76337869686665,167.0890157322511,165.42154392267057,166.89724731445312,99581600
2015-09-17 00:00:00-04:00,166.76390058189295,169.1567191508858,166.14693127954274,166.52210998535156,276046600
2015-09-18 00:00:00-04:00,164.01876403278732,166.5078213622885,163.3902112311698,163.8008575439453,223657500
2015-09-21 00:00:00-04:00,164.63055861904252,165.66975777619078,163.5997355626022,164.64732360839844,105726200
2015-09-22 00:00:00-04:00,162.48506704497171,162.97114933314833,161.3788081571345,162.5102081298828,153890900
2015-09-23 00:00:00-04:00,162.67785382616628,163.1471712270909,161.67217185447925,162.2504425048828,92790600
2015-09-24 00:00:00-04:00,161.03525019150445,162.12474445816738,159.70272109335767,161.66380310058594,159378800
2015-09-25 00:00:00-04:00,163.12205844777677,163.42376437043987,160.75031715338602,161.62191772460938,155054800
2015-09-28 00:00:00-04:00,160.72514181152218,160.83409505669493,157.25553083417196,157.56561279296875,178515900
2015-09-29 00:00:00-04:00,157.78357044757266,159.01553536976584,156.66054601793866,157.65785217285156,159045600
2015-09-30 00:00:00-04:00,159.5434645960891,160.76705305770844,158.76406522986127,160.5994415283203,163452000
2015-10-01 00:00:00-04:00,160.9765723137938,161.32018426471683,159.08253771523917,161.0184783935547,131079000
2015-10-02 00:00:00-04:00,159.04064658051715,163.44889292368572,158.49589306831552,163.4237518310547,211003300
2015-10-05 00:00:00-04:00,164.647331093964,166.5581307533342,164.5383778401069,166.33184814453125,126320800
2015-10-06 00:00:00-04:00,166.19771724589557,166.7592228059203,165.09984721152352,165.7619171142578,110274500
2015-10-07 00:00:00-04:00,166.69217435958467,167.47158637337225,165.50211609094887,167.11959838867188,124307300
2015-10-08 00:00:00-04:00,166.73412628130978,168.91311473391343,166.4324203846099,168.628173828125,153055200
2015-10-09 00:00:00-04:00,168.77060480397452,169.2063921622075,168.1001459916969,168.72869873046875,107069200
2015-10-12 00:00:00-04:00,168.80417305712558,169.08911398246477,168.37676166911677,168.8879852294922,56395600
2015-10-13 00:00:00-04:00,168.15881617556323,169.42431063021064,167.65598162169104,167.82359313964844,88038700
2015-10-14 00:00:00-04:00,167.76494043382095,168.34321110380344,166.72574123600018,167.01905822753906,99106200
2015-10-15 00:00:00-04:00,167.68110349131211,169.59190271048726,167.3123505213068,169.58352661132812,134142200
2015-10-16 00:00:00-04:00,169.9858306966226,170.37133594189658,169.22318351896553,170.35458374023438,114580100
2015-10-19 00:00:00-04:00,169.7092222226557,170.43833923339844,169.39914032851217,170.43833923339844,76523900
2015-10-20 00:00:00-04:00,170.0026262672648,170.83230797669893,169.7512025297619,170.22052001953125,78448500
2015-10-21 00:00:00-04:00,170.63948882314182,170.79033533409486,168.99686546111812,169.16448974609375,102038000
2015-10-22 00:00:00-04:00,170.1115392319672,172.2318564832243,169.16452830328043,172.0223388671875,174911700
2015-10-23 00:00:00-04:00,173.6900957948435,174.27674253547696,172.89393144770239,173.90798950195312,144442300
2015-10-26 00:00:00-04:00,173.73201452401705,173.79067280838166,173.1118377599379,173.4805908203125,69033000
2015-10-27 00:00:00-04:00,172.81010415201033,173.48056299169156,172.4664922383321,173.1453399658203,77905800
2015-10-28 00:00:00-04:00,173.48060264294352,175.1399787397741,172.8185325397445,175.11483764648438,135906700
2015-10-29 00:00:00-04:00,174.61195103053916,175.38297416717518,174.49462170078885,175.01422119140625,90525500
2015-10-30 00:00:00-04:00,175.20700293085025,175.5254737879926,174.10075660741566,174.25997924804688,131076900
2015-11-02 00:00:00-05:00,174.58687106445788,176.51442318688035,174.46115280346794,176.32167053222656,86270800
2015-11-03 00:00:00-05:00,175.9696589159223,177.38600006681244,175.7433763067183,176.83287048339844,95246100
2015-11-04 00:00:00-05:00,177.1262031778266,177.2519086361511,175.76014418697665,176.2965087890625,96224500
2015-11-05 00:00:00-05:00,176.3551726375853,176.816113979219,175.23216121465313,176.12051391601562,78408700
2015-11-06 00:00:00-05:00,175.7768941585432,176.26297653576705,174.7041650460284,176.02830505371094,110471500
2015-11-09 00:00:00-05:00,175.41650410925396,175.56736342301136,173.43865755824206,174.38568115234375,131008700
2015-11-10 00:00:00-05:00,173.90795700910348,174.8214633216322,173.6397811726082,174.78793334960938,75874600
2015-11-11 00:00:00-05:00,175.0561075246032,175.1063896905496,174.03366085723852,174.1007080078125,67846000
2015-11-12 00:00:00-05:00,173.06154914702296,173.53086655626646,171.65359691929243,171.67034912109375,121315200
2015-11-13 00:00:00-05:00,171.25970084267732,171.52787673580528,169.65898322089475,169.74278259277344,153577100
2015-11-16 00:00:00-05:00,169.5584435170665,172.3827372401027,169.4411013610799,172.32406616210938,117645200
2015-11-17 00:00:00-05:00,172.63416454297757,173.51412842756272,171.7039056813815,172.1983642578125,121123700
2015-11-18 00:00:00-05:00,172.6760538291458,175.07293615993984,172.63416053119036,174.9304656982422,121342500
2015-11-19 00:00:00-05:00,174.813058196597,175.19857611142464,174.4862113333907,174.779541015625,88220500
2015-11-20 00:00:00-05:00,175.53384851339226,176.09535416536397,175.03939003018522,175.41651916503906,94011500
2015-11-23 00:00:00-05:00,175.4751928567913,175.97802744813458,174.75445176671988,175.21539306640625,64931200
2015-11-24 00:00:00-05:00,174.20971963158328,175.85234352208911,173.82421434316055,175.4500732421875,98874400
2015-11-25 00:00:00-05:00,175.5757122250218,175.7768536827793,175.16505321090983,175.42486572265625,51980100
2015-11-27 00:00:00-05:00,175.51708434940895,175.82717910489592,175.03939085313215,175.62603759765625,37317800
2015-11-30 00:00:00-05:00,175.78526418784404,175.9025935308499,174.78795837832422,174.89691162109375,112822700
2015-12-01 00:00:00-05:00,175.5254827993396,176.68202415007264,175.24891800729733,176.56468200683594,97858400
2015-12-02 00:00:00-05:00,176.51441225203928,176.83288314795413,174.51142418192845,174.76284790039062,108441300
2015-12-03 00:00:00-05:00,175.0142618268885,175.28243773375337,171.59493269576072,172.315673828125,166224200
2015-12-04 00:00:00-05:00,172.31565756611263,175.9696450663858,172.31565756611263,175.6763153076172,192913900
2015-12-07 00:00:00-05:00,175.34947755684817,175.76851278396063,173.6481955578069,174.6119842529297,102027100
2015-12-08 00:00:00-05:00,173.05316968576795,174.56168624677528,172.45813404692703,173.4386749267578,103372400
2015-12-09 00:00:00-05:00,172.8017663177648,174.88855377360304,171.11723635169787,172.0894012451172,162401500
2015-12-10 00:00:00-05:00,172.15642494397923,173.8409418923696,171.92176624832106,172.53355407714844,116128900
2015-12-11 00:00:00-05:00,170.42163133411054,171.08370136373824,168.87957198536282,169.18966674804688,211173300
2015-12-14 00:00:00-05:00,169.34889219017325,170.17019760312135,167.5721742429756,170.0444793701172,182385200
2015-12-15 00:00:00-05:00,171.5530859871483,172.7347688552199,170.01941492627896,171.82965087890625,154069600
2015-12-16 00:00:00-05:00,172.95259575159645,174.645501651764,171.6368317866301,174.3437957763672,197017000
2015-12-17 00:00:00-05:00,174.6538513489731,174.7208985098075,171.6703230255021,171.6870880126953,173092500
2015-12-18 00:00:00-05:00,170.94687323113737,171.0817527336505,168.468280667836,168.6284637451172,251393500
2015-12-21 00:00:00-05:00,169.800340767622,170.19657911718517,168.6874978631349,170.01953125,99094300
2015-12-22 00:00:00-05:00,170.90474783070158,171.8574076490797,169.91837134677345,171.5623321533203,111026200
2015-12-23 00:00:00-05:00,172.56562046839653,173.72904513990744,172.47288353278262,173.6868896484375,110987200
2015-12-24 00:00:00-05:00,173.43390652848993,173.94817246379162,173.18098653564485,173.40017700195312,48539600
2015-12-28 00:00:00-05:00,172.70889178931722,173.0461099010935,171.93327984099471,173.00396728515625,65899900
2015-12-29 00:00:00-05:00,174.0999897995572,175.1791035487547,174.0662731229169,174.85031127929688,92640700
2015-12-30 00:00:00-05:00,174.60577723904296,174.69008820124438,173.46764356955748,173.6109619140625,63317700
2015-12-31 00:00:00-05:00,172.93646770885883,173.57718706907835,171.87420654296875,171.87420654296875,114877900
2016-01-04 00:00:00-05:00,169.0247378144135,169.47998356786456,167.42291956654066,169.4715576171875,222353500
2016-01-05 00:00:00-05:00,169.7918801127749,170.21340912285035,168.65375950399786,169.75816345214844,110845800
2016-01-06 00:00:00-05:00,167.21214413008352,168.6622051229766,166.58828935540473,167.6168212890625,152112600
2016-01-07 00:00:00-05:00,164.67455717559412,166.45341046435007,163.2076312994672,163.59544372558594,213436100
2016-01-08 00:00:00-05:00,164.55648575645847,165.1129070990716,161.51304599731174,161.7996826171875,209817200
2016-01-11 00:00:00-05:00,162.71867774379808,163.05590878200323,160.02933257438642,161.95993041992188,187941300
2016-01-12 00:00:00-05:00,163.40153973265294,164.01696859123618,161.14213716090515,163.2666473388672,172330500
2016-01-13 00:00:00-05:00,163.93267001905855,164.27832698024162,158.81531325949402,159.19468688964844,221168900
2016-01-14 00:00:00-05:00,159.80166644313084,162.92940481013775,158.20828713856892,161.80813598632812,240795600
2016-01-15 00:00:00-05:00,157.45800285707142,159.13568064709096,156.4041799782958,158.33477783203125,324846400
2016-01-19 00:00:00-05:00,160.14731979196418,160.27377335933696,156.97741315333434,158.54550170898438,195244400
2016-01-20 00:00:00-05:00,155.9910714143323,158.07342638030607,152.61041236653622,156.51376342773438,286547800
2016-01-21 00:00:00-05:00,156.98591478207572,159.228440413078,155.6623068817454,157.3905792236328,195772900
2016-01-22 00:00:00-05:00,159.99559332480396,160.82178680616093,159.2368460469932,160.6194610595703,168319600
2016-01-25 00:00:00-05:00,160.11359294935863,160.30749271059665,157.99752174755105,158.19142150878906,130371700
2016-01-26 00:00:00-05:00,158.84896734803982,160.62782002458823,158.51174933498638,160.349609375,141036800
2016-01-27 00:00:00-05:00,159.82696974006484,161.4962213181551,157.70245954537472,158.6045379638672,185681700
2016-01-28 00:00:00-05:00,160.14732966105083,160.3496553813156,157.78676430027338,159.43072509765625,143798800
2016-01-29 00:00:00-05:00,160.19791755880993,163.45212261959614,160.07988992920824,163.31723022460938,210529300
2016-02-01 00:00:00-05:00,162.314018537112,164.04229067887618,161.73230623370387,163.25823974609375,136061600
2016-02-02 00:00:00-05:00,161.8334403978046,161.84186634784507,159.79322845197512,160.31593322753906,182564900
2016-02-03 00:00:00-05:00,161.3697602245639,161.68168761708515,157.7361817318406,161.2770233154297,205054900
2016-02-04 00:00:00-05:00,160.77963173464707,162.49946476772794,160.14733809741855,161.5299530029297,139531800
2016-02-05 00:00:00-05:00,161.0156624789085,161.58893578129417,157.8204652481133,158.4527587890625,180788300
2016-02-08 00:00:00-05:00,156.6148843982992,156.90994697259362,154.11100117094557,156.31980895996094,191526700
2016-02-09 00:00:00-05:00,154.58318396071311,157.60133448311433,154.4482915335103,156.32830810546875,184513100
2016-02-10 00:00:00-05:00,157.1544910391713,158.781587282469,156.06693869578498,156.1934051513672,148214100
2016-02-11 00:00:00-05:00,153.72319680234816,155.20698715558402,152.66937427376337,154.16159057617188,219058900
2016-02-12 00:00:00-05:00,155.9320449597169,157.3568024628288,155.08898678876355,157.33995056152344,127632400
2016-02-16 00:00:00-05:00,159.14407567169118,160.02085040539032,158.18298998527018,159.9955596923828,120250700
2016-02-17 00:00:00-05:00,161.15900869027703,162.98001749067555,161.03254224177735,162.60906982421875,136009500
2016-02-18 00:00:00-05:00,162.8788340130157,162.93785425898483,161.63111153758322,161.9430389404297,102343000
2016-02-19 00:00:00-05:00,161.16743240085756,162.01891654044448,160.56042947582927,161.86717224121094,114793000
2016-02-22 00:00:00-05:00,163.4437207844097,164.35422536050385,163.37627457165644,164.21090698242188,103640300
2016-02-23 00:00:00-05:00,163.5532945241324,163.82307932901813,162.01892239045185,162.136962890625,111455300
2016-02-24 00:00:00-05:00,160.71216217133053,163.1570254008844,159.60775817044836,162.87881469726562,150812200
2016-02-25 00:00:00-05:00,163.3257202202167,164.86009287075944,162.5669727129704,164.85165405273438,110728300
2016-02-26 00:00:00-05:00,165.71997983614435,165.81270390168882,164.3120611239384,164.4722442626953,129833700
2016-02-29 00:00:00-05:00,164.48906992628648,165.43329090200194,162.9884275052904,163.1823272705078,125918100
2016-03-01 00:00:00-05:00,164.40476411830258,167.1025604717824,163.93265361565753,167.01824951171875,141799700
2016-03-02 00:00:00-05:00,166.70633648257544,167.81916663985717,166.29323332513397,167.76858520507812,102415000
2016-03-03 00:00:00-05:00,167.59153048775184,168.44302748531464,167.0182570982276,168.42616271972656,95172200
2016-03-04 00:00:00-05:00,168.62005347841563,169.74976115952904,167.7938601054609,168.97413635253906,129293600
2016-03-07 00:00:00-05:00,168.05521656875482,169.5137165001027,167.97934441899835,169.10903930664062,100219000
2016-03-08 00:00:00-05:00,168.03833529114226,168.54416239847214,167.10254034893043,167.26271057128906,123974900
2016-03-09 00:00:00-05:00,168.0720787159687,168.43458755741102,167.2880279218925,168.0889434814453,94801200
2016-03-10 00:00:00-05:00,168.57788107599362,169.51367595798664,166.40278992152216,168.22378540039062,156838700
2016-03-11 00:00:00-05:00,169.67388925834564,170.98063204544795,168.20697621851687,170.9384765625,137964500
2016-03-14 00:00:00-04:00,170.43264735941028,171.17452982159008,170.10385517875008,170.7192840576172,73612000
2016-03-15 00:00:00-04:00,169.75822588499912,170.74460258765515,169.4968798608829,170.44110107421875,93169100
2016-03-16 00:00:00-04:00,169.96054660976955,171.83213693477836,169.9183911248905,171.42745971679688,129303200
2016-03-17 00:00:00-04:00,171.34311872441126,173.02079597186835,170.94688042101157,172.5149688720703,134278500
2016-03-18 00:00:00-04:00,173.01494060113356,173.53185895502068,172.70140441169823,173.19290161132812,138372400
2016-03-21 00:00:00-04:00,172.9301931776387,173.667432449845,172.70138987818433,173.43862915039062,72926700
2016-03-22 00:00:00-04:00,172.66753124752051,173.91321974650177,172.5065348857441,173.345458984375,97471900
2016-03-23 00:00:00-04:00,172.96410706036843,173.15053748796785,172.0319549223713,172.20144653320312,81052500
2016-03-24 00:00:00-04:00,171.17604655523365,172.1590408169637,170.95572560569772,172.12513732910156,84360900
2016-03-28 00:00:00-04:00,172.54038859451902,172.75224015887895,171.7777281349806,172.2268524169922,62408200
2016-03-29 00:00:00-04:00,171.82008233027528,173.93012849534293,171.51501557063168,173.81996154785156,92922900
2016-03-30 00:00:00-04:00,174.81999071796844,175.30300577426357,174.21832632004393,174.5827178955078,86365300
2016-03-31 00:00:00-04:00,174.4894540415597,174.91315723940892,173.99795678040715,174.15896606445312,94584100
2016-04-01 00:00:00-04:00,173.16746390532504,175.53172153802493,172.85391481546566,175.3452911376953,114423500
2016-04-04 00:00:00-04:00,175.26906990288444,175.4724520968894,174.47250580602636,174.77757263183594,63497000
2016-04-05 00:00:00-04:00,173.43862696951703,174.78599973639749,172.77765116197594,173.03187561035156,99662200
2016-04-06 00:00:00-04:00,173.03190307804113,174.98094025112778,172.85394205681024,174.92161560058594,91839800
2016-04-07 00:00:00-04:00,173.8368913059362,174.19280032543932,172.09970617019692,172.82847595214844,113859000
2016-04-08 00:00:00-04:00,174.00643500437033,174.4386205635236,172.760746505157,173.29461669921875,95040600
2016-04-11 00:00:00-04:00,173.93012339335658,174.6250026873143,172.79460218314483,172.8878173828125,83757500
2016-04-12 00:00:00-04:00,173.0573365069002,174.7775704690855,172.6166815572068,174.4979248046875,115350600
2016-04-13 00:00:00-04:00,175.41313736255353,176.3452896414696,175.27754922554817,176.2605438232422,96336400
2016-04-14 00:00:00-04:00,176.31988296331204,176.7690073899321,175.92160085964557,176.26902770996094,65212900
2016-04-15 00:00:00-04:00,176.26895069962492,176.40453878852895,175.75203242477122,176.0740509033203,75761600
2016-04-18 00:00:00-04:00,176.0741666122834,177.34527668770005,175.41319040749877,177.31138610839844,82531000
2016-04-19 00:00:00-04:00,177.7350455134596,178.1248452658334,177.05711772147373,177.87062072753906,88316100
2016-04-20 00:00:00-04:00,177.9129813720752,178.7349666619935,177.43843582952366,178.04010009765625,81100300
2016-04-21 00:00:00-04:00,178.05701639332952,178.16718335548487,176.81132803650763,177.08250427246094,85695000
2016-04-22 00:00:00-04:00,176.7265951605682,177.3536675780196,176.18425561905624,177.08250427246094,99251700
2016-04-25 00:00:00-04:00,176.4808531477876,176.81982346782792,175.87071950211055,176.77745056152344,66166500
2016-04-26 00:00:00-04:00,177.14184577319264,177.5486101955067,176.56561557050952,177.0401611328125,75864200
2016-04-27 00:00:00-04:00,176.65878883136563,177.7943101471621,176.30287974419332,177.40451049804688,77329400
2016-04-28 00:00:00-04:00,176.65038356084295,177.752001784273,175.379273674979,175.79449462890625,97216200
2016-04-29 00:00:00-04:00,175.17580955389846,175.5232491969226,173.74369101639257,174.84532165527344,142424100
2016-05-02 00:00:00-04:00,175.34531294727643,176.41304024801133,174.91314038206343,176.23509216308594,62188000
2016-05-03 00:00:00-04:00,175.0063607445574,175.24363348503738,173.95557222929278,174.7012939453125,106422100
2016-05-04 00:00:00-04:00,173.70985256274832,174.43862262579916,173.2268246804303,173.72679138183594,92243800
2016-05-05 00:00:00-04:00,174.19280710418795,174.54871613754133,173.26913749879046,173.69284057617188,67619200
2016-05-06 00:00:00-04:00,172.9217779802772,174.37084886559472,172.76925100834785,174.32847595214844,89315000
2016-05-09 00:00:00-04:00,174.20130986701582,174.9046456791933,174.02334886427658,174.47247314453125,74374900
2016-05-10 00:00:00-04:00,175.1757909862349,176.65875166936016,175.10799694621653,176.6417999267578,77472200
2016-05-11 00:00:00-04:00,176.18424108823578,176.7180982468476,174.98939514160156,174.98939514160156,81727000
2016-05-12 00:00:00-04:00,175.6588403846355,175.8283319833032,174.03182189449538,175.0402374267578,89586300
2016-05-13 00:00:00-04:00,174.74367267247877,175.29448163900955,173.1929174688306,173.51492309570312,96474600
2016-05-16 00:00:00-04:00,173.68442685674904,175.70124535905617,173.62510220030677,175.22669982910156,77486800
2016-05-17 00:00:00-04:00,174.9555419473399,175.24365703801797,173.06581624757146,173.59121704101562,114924900
2016-05-18 00:00:00-04:00,173.2437772589709,174.81995377820982,172.55738010114683,173.64205932617188,120062100
2016-05-19 00:00:00-04:00,172.92169263863155,173.32844396009784,171.83701382779387,173.0403289794922,115430500
2016-05-20 00:00:00-04:00,173.65048663677024,174.6504327323409,173.5996443307976,174.13351440429688,104990400
2016-05-23 00:00:00-04:00,174.15049760539685,174.43014328991345,173.7098555543978,173.8962860107422,58682600
2016-05-24 00:00:00-04:00,174.70980211521845,176.4639398326518,174.68438095384093,176.150390625,93537800
2016-05-25 00:00:00-04:00,176.82831162377144,177.76046393971208,176.15038384221432,177.34523010253906,76621400
2016-05-26 00:00:00-04:00,177.4808334753503,177.7096368689698,177.08255135439703,177.39608764648438,55280700
2016-05-27 00:00:00-04:00,177.55702729034823,178.167160813654,177.50618498513825,178.15869140625,64211200
2016-05-31 00:00:00-04:00,178.42986622882066,178.5400331841697,177.26044141171204,177.81973266601562,109879400
2016-06-01 00:00:00-04:00,177.20958762091732,178.36206061705306,177.01468780749235,178.18411254882812,69936200
2016-06-02 00:00:00-04:00,177.78586458863467,178.74342502410155,177.31131907541297,178.7264862060547,63044700
2016-06-03 00:00:00-04:00,178.16714476765324,178.54000554613668,176.98925072493054,178.19256591796875,101757100
2016-06-06 00:00:00-04:00,178.54852805069498,179.45525911623767,178.3875187638868,179.09934997558594,64887000
2016-06-07 00:00:00-04:00,179.25186150671053,179.93825857110662,179.22644035102138,179.37896728515625,60974800
2016-06-08 00:00:00-04:00,179.51460540892037,180.09084860264957,179.38749959506742,179.96372985839844,66170900
2016-06-09 00:00:00-04:00,179.23488301978054,179.83654711891666,178.9637197560857,179.71791076660156,73786900
2016-06-10 00:00:00-04:00,178.3451822401027,178.68413967661186,177.47234162681673,178.0146942138672,113829200
2016-06-13 00:00:00-04:00,177.4129425852768,178.26881809602548,176.5570670745281,176.6417999267578,117751200
2016-06-14 00:00:00-04:00,176.2604972572832,176.88758252746695,175.34529696987707,176.2943878173828,125059300
2016-06-15 00:00:00-04:00,176.29443297815249,177.41301570387913,175.86226034161066,176.04869079589844,109124500
2016-06-16 00:00:00-04:00,176.0486783356093,176.74355778520848,174.2182774214604,176.57406616210938,149533100
2016-06-17 00:00:00-04:00,176.47011618017717,176.49566953304955,175.26054315288454,175.91644287109375,117055700
2016-06-20 00:00:00-04:00,177.8756526087873,178.54857937058586,176.96420617446128,177.0493927001953,82789600
2016-06-21 00:00:00-04:00,177.43264184732215,177.9607617223261,176.98969546958392,177.55189514160156,72461700
2016-06-22 00:00:00-04:00,177.73075475901106,178.45480091643654,177.11744843681456,177.26226806640625,95560500
2016-06-23 00:00:00-04:00,178.71892654071584,179.62184645879435,178.2589531287725,179.57073974609375,102731400
2016-06-24 00:00:00-04:00,173.4547347208247,179.6048273711775,172.67958155075527,173.12252807617188,333444400
2016-06-27 00:00:00-04:00,171.71701148787568,171.72553793794785,169.2126787224782,170.02191162109375,230775800
2016-06-28 00:00:00-04:00,171.62333532467787,173.11400855868138,171.31668202520586,173.0884552001953,159382400
2016-06-29 00:00:00-04:00,174.48544479534866,176.26573159068695,174.3832313518315,176.03575134277344,137328600
2016-06-30 00:00:00-04:00,176.5041987902838,178.48891188233904,175.950512474756,178.43780517578125,165021900
2016-07-01 00:00:00-04:00,178.4378678700544,179.29820772484638,178.27602124399883,178.8126678466797,106055300
2016-07-05 00:00:00-04:00,177.9863252335844,178.09706508375035,176.9300854232694,177.52635192871094,109803700
2016-07-06 00:00:00-04:00,177.03230606185224,178.71037879424458,176.37640638023626,178.59112548828125,96021500
2016-07-07 00:00:00-04:00,178.77006691614102,179.43448030163498,177.71382666106882,178.48045349121094,85593800
2016-07-08 00:00:00-04:00,179.7751531352173,181.38507933652699,179.54515996427702,181.13804626464844,133971000
2016-07-11 00:00:00-04:00,181.5980887568401,182.34768865826774,181.39364887527617,181.77696228027344,73633900
2016-07-12 00:00:00-04:00,182.73951473729417,183.39541464824282,181.80251486451039,183.09727478027344,101275600
2016-07-13 00:00:00-04:00,183.51461698511312,183.52313043699377,182.5861438223003,183.07167053222656,87324100
2016-07-14 00:00:00-04:00,184.33237873614772,184.56237194878827,183.70204526114256,184.0938720703125,91230900
2016-07-15 00:00:00-04:00,184.65606748793815,184.85198088781613,183.4039010235686,183.8468475341797,107155400
2016-07-18 00:00:00-04:00,183.96614240440573,184.50278900963733,183.7105957829792,184.3409423828125,58725900
2016-07-19 00:00:00-04:00,183.9235254473303,184.18758548966142,183.6765053102707,184.1535186767578,54345700
2016-07-20 00:00:00-04:00,184.15346318478564,185.15859633305274,184.15346318478564,184.9200897216797,58159500
2016-07-21 00:00:00-04:00,184.8094482951668,185.03091510877863,183.77874832142388,184.22169494628906,67777300
2016-07-22 00:00:00-04:00,184.3409212505255,185.0990345753437,184.07686120445751,185.0479278564453,62787500
2016-07-25 00:00:00-04:00,184.84345841291403,184.89456512363662,183.966091885143,184.54531860351562,55873100
2016-07-26 00:00:00-04:00,184.4431389683606,184.98829897865974,183.78723906611887,184.6305389404297,70080500
2016-07-27 00:00:00-04:00,185.00534473604847,185.07349136419623,183.66799152922408,184.43463134765625,84083900
2016-07-28 00:00:00-04:00,184.23865756764218,184.93715057841146,183.77868419290988,184.6475372314453,65035700
2016-07-29 00:00:00-04:00,184.38350708685488,185.30345398524094,184.10240714659952,184.94569396972656,79519400
2016-08-01 00:00:00-04:00,185.00529642288348,185.39712318535925,184.34088321900114,184.79234313964844,73311400
2016-08-02 00:00:00-04:00,184.54533945808532,184.698672605218,182.7735792971761,183.6083526611328,92295500
2016-08-03 00:00:00-04:00,183.54866147843964,184.20456112734067,183.2505347272191,184.14492797851562,53993600
2016-08-04 00:00:00-04:00,184.2557558431233,184.6561091839086,182.5010223057108,184.3409423828125,46585500
2016-08-05 00:00:00-04:00,184.3408719822423,185.8911650309218,184.3408719822423,185.84857177734375,71892200
2016-08-08 00:00:00-04:00,186.03595023170692,186.13817662802745,185.47376354129977,185.73782348632812,39906500
2016-08-09 00:00:00-04:00,185.8059915214018,186.34262492404972,185.52489164495,185.84857177734375,51251700
2016-08-10 00:00:00-04:00,185.95935469412962,186.0360147697383,185.0393947939079,185.38864135742188,57941100
2016-08-11 00:00:00-04:00,185.91674052230485,186.49598024514216,185.65268051536748,186.2489471435547,72504300
2016-08-12 00:00:00-04:00,185.94229274869974,186.3000657210769,185.6867591936269,186.0871124267578,61313500
2016-08-15 00:00:00-04:00,186.45338874073167,186.97299530682014,186.44487528797663,186.62374877929688,49813500
2016-08-16 00:00:00-04:00,186.20638433318723,186.2745179562473,185.66122436523438,185.66122436523438,53213600
2016-08-17 00:00:00-04:00,185.6953007652244,186.14676077773237,184.86052736442625,186.01046752929688,75134300
2016-08-18 00:00:00-04:00,185.98490989689367,186.4619232578189,185.8741830080184,186.4278564453125,52989300
2016-08-19 00:00:00-04:00,185.95931428904322,186.33411412965725,185.47378758471052,186.1552276611328,75443000
2016-08-22 00:00:00-04:00,185.91672008352035,186.37670643015156,185.5504466941994,186.14671325683594,61368800
2016-08-23 00:00:00-04:00,186.76002151993063,187.05816130293945,186.4618817369218,186.52151489257812,53399200
2016-08-24 00:00:00-04:00,186.3767401227276,186.4704400993404,185.15012697348288,185.56752014160156,71728900
2016-08-25 00:00:00-04:00,185.18419646592582,185.85713621615523,185.03087631886928,185.4397430419922,69224800
2016-08-26 00:00:00-04:00,185.627131094704,186.64930433578445,184.20460460957435,185.09048461914062,122506300
2016-08-29 00:00:00-04:00,185.21824086345805,186.26596732761564,185.1841610610908,186.0019073486328,70502200
2016-08-30 00:00:00-04:00,185.91674874049886,186.1978486628494,185.14160858841032,185.69528198242188,58114500
2016-08-31 00:00:00-04:00,185.36305815850932,185.4823114783603,184.3919916975407,185.16714477539062,85269500
2016-09-01 00:00:00-04:00,185.1586345348241,185.46528781237726,184.01720794523555,185.17567443847656,97844200
2016-09-02 00:00:00-04:00,186.0275074347612,186.43637418242812,185.43975417381776,186.01046752929688,79293900
2016-09-06 00:00:00-04:00,186.29153193878327,186.64929189944218,185.57601201746544,186.5726318359375,56702100
2016-09-07 00:00:00-04:00,186.41079634401157,186.73448951712933,185.95082293799388,186.55560302734375,76554900
2016-09-08 00:00:00-04:00,186.2233691470298,186.49595556821146,185.82301596444177,186.12966918945312,74102900
2016-09-09 00:00:00-04:00,184.81790583378086,184.8690125447181,181.649159779297,181.67471313476562,221589100
2016-09-12 00:00:00-04:00,180.91662068590415,184.68163379603857,180.8484740642897,184.28128051757812,168110900
2016-09-13 00:00:00-04:00,183.00356100687588,183.26762104268442,181.01032106144442,181.63214111328125,182828800
2016-09-14 00:00:00-04:00,181.68324870057552,182.88430854433517,181.01032192860217,181.56399536132812,134185500
2016-09-15 00:00:00-04:00,181.40218712475806,183.76170088109808,181.22330059205066,183.37838745117188,134427900
2016-09-16 00:00:00-04:00,182.76363739250482,182.94342749776695,181.9845817718176,182.66946411132812,155236400
2016-09-19 00:00:00-04:00,183.32010935228303,183.96219630356973,182.3783765984122,182.70370483398438,80250500
2016-09-20 00:00:00-04:00,183.5598245104074,183.71391911147663,182.6780261243973,182.71226501464844,69665300
2016-09-21 00:00:00-04:00,183.41431802619306,184.94676009783961,182.7294225333122,184.76698303222656,110284400
2016-09-22 00:00:00-04:00,185.77721029026128,186.23095081871756,185.52894234694025,185.93130493164062,76678700
2016-09-23 00:00:00-04:00,185.53748245832742,185.67446416968156,184.81834806866058,184.9125213623047,73630900
2016-09-26 00:00:00-04:00,184.08209142666828,184.2618684960777,183.21740578661957,183.41432189941406,89827300
2016-09-27 00:00:00-04:00,183.2516479102736,184.6471082252483,182.8835112062276,184.55294799804688,78494800
2016-09-28 00:00:00-04:00,184.77552697769812,185.62308656236328,183.8166811905737,185.46897888183594,87411000
2016-09-29 00:00:00-04:00,185.26353650265202,185.66591215313227,183.24310179121994,183.791015625,128070600
2016-09-30 00:00:00-04:00,184.62144938310027,185.87994121543213,184.37318143822424,185.1779327392578,117202900
2016-10-03 00:00:00-04:00,184.7669790094918,184.95531252922103,184.09919644758304,184.73272705078125,83512100
2016-10-04 00:00:00-04:00,184.84404793411028,185.06663343857537,183.20030643277005,183.791015625,119948100
2016-10-05 00:00:00-04:00,184.41596250490633,185.0323671094434,184.34747165292507,184.60430908203125,72816000
2016-10-06 00:00:00-04:00,184.38171632211893,184.95531252922103,183.8423720737274,184.73272705078125,62927400
2016-10-07 00:00:00-04:00,185.00672208004403,185.17794271296975,183.37153694951482,184.09922790527344,89788300
2016-10-10 00:00:00-04:00,185.05807495117188,185.52037193639262,184.9125367694673,185.05807495117188,51855000
2016-10-11 00:00:00-04:00,184.62997321386428,184.69846405905517,181.99313445883374,182.7208251953125,130367400
2016-10-12 00:00:00-04:00,182.8577827268367,183.48275670789812,182.3612339622757,182.9605255126953,73866100
2016-10-13 00:00:00-04:00,181.63360671311602,182.85784654528132,180.8202989779291,182.36129760742188,101357000
2016-10-14 00:00:00-04:00,183.3371968051509,183.79950666131958,182.37835127130577,182.4553985595703,93346200
2016-10-17 00:00:00-04:00,182.4297956281271,182.68663309755578,181.64217030162976,181.82196044921875,58275700
2016-10-18 00:00:00-04:00,183.41426587175613,183.47418718882332,182.58383244555998,182.9605255126953,76869700
2016-10-19 00:00:00-04:00,183.22600761241864,183.75679551912685,182.8664403469101,183.44859313964844,66519200
2016-10-20 00:00:00-04:00,183.09750958176414,183.66254923017698,182.4468661784142,183.1060791015625,73639800
2016-10-21 00:00:00-04:00,183.106107657494,183.27732825736294,182.14724878429806,183.19171142578125,89089100
2016-10-24 00:00:00-04:00,184.06496797457876,184.33893140659717,183.6197839291966,183.97079467773438,60146600
2016-10-25 00:00:00-04:00,183.7910304787407,184.0478679666784,183.19175171575088,183.3544158935547,66542300
2016-10-26 00:00:00-04:00,182.532511363168,183.56840448294915,182.29278684752947,182.9862518310547,75705500
2016-10-27 00:00:00-04:00,183.70541800756126,183.739656908129,182.42124369187502,182.498291015625,77220200
2016-10-28 00:00:00-04:00,182.4725523568128,183.14887820685595,181.24831282341424,181.95887756347656,140623200
2016-10-31 00:00:00-04:00,182.2927681902188,182.51536670410897,181.8047888776386,181.9674530029297,61272500
2016-11-01 00:00:00-04:00,182.29272755352136,182.3441054737073,179.4418734894854,180.64898681640625,122781800
2016-11-02 00:00:00-04:00,180.34086915477957,180.72613188868763,179.12518573960872,179.5618133544922,103330800
2016-11-03 00:00:00-04:00,179.77582014393815,179.98984916370236,178.4659635880447,178.7399139404297,88939300
2016-11-04 00:00:00-04:00,178.85115570310376,179.69014553308793,178.397415372163,178.54295349121094,109122100
2016-11-07 00:00:00-05:00,178.54298408491587,182.51536157260367,178.54298408491587,182.48110961914062,109794900
2016-11-08 00:00:00-05:00,182.08737127564066,183.8680946820904,181.82197732247752,183.3030548095703,106772100
2016-11-09 00:00:00-05:00,181.81332020546031,185.8627576109567,181.78763777483698,185.24635314941406,258429000
2016-11-10 00:00:00-05:00,186.03403802709047,186.8987106173026,184.2533149055971,185.70870971679688,172113300
2016-11-11 00:00:00-05:00,184.98956331771262,185.52035110471618,184.33891980256973,185.2806396484375,100552700
2016-11-14 00:00:00-05:00,185.80287114251522,186.00834370377714,184.68136117179486,185.42617797851562,94580000
2016-11-15 00:00:00-05:00,185.81145806271672,186.873046875,185.60599853106606,186.873046875,91652600
2016-11-16 00:00:00-05:00,186.25657880926144,186.75312761404004,186.13672310212814,186.52197265625,65617700
2016-11-17 00:00:00-05:00,186.67611427140054,187.54078681133552,186.56481500049895,187.48086547851562,69797200
2016-11-18 00:00:00-05:00,187.54936330481615,187.72058391490273,186.88158071787657,187.06137084960938,86265800
2016-11-21 00:00:00-05:00,187.63496313098892,188.49963568487826,187.4894249623122,188.4739532470703,72402600
2016-11-22 00:00:00-05:00,188.78215239591617,189.02186385363086,188.11438289752599,188.8420867919922,67429000
2016-11-23 00:00:00-05:00,188.32837394303928,188.99614330677943,188.1314709417549,188.9447784423828,56620200
2016-11-25 00:00:00-05:00,189.28720722620676,189.68101317589495,189.2101468766675,189.6467742919922,37872300
2016-11-28 00:00:00-05:00,189.33862014822847,189.61257047886514,188.6537247266964,188.75645446777344,76572500
2016-11-29 00:00:00-05:00,188.79070329643193,189.5783284459944,188.49105747219588,189.1245880126953,69886700
2016-11-30 00:00:00-05:00,189.74101303143192,189.90367717850862,188.61093352329578,188.67086791992188,113291800
2016-12-01 00:00:00-05:00,188.97047105412133,188.97047105412133,187.6178062778789,187.97738647460938,79040500
2016-12-02 00:00:00-05:00,188.06300726316525,188.55955612953525,187.71199655470292,188.07156372070312,74840300
2016-12-05 00:00:00-05:00,188.90201429267543,189.54410137465365,188.70511124525808,189.20166015625,67837800
2016-12-06 00:00:00-05:00,189.38997132242855,189.83515527372356,188.91054848101518,189.8009033203125,59877400
2016-12-07 00:00:00-05:00,189.64679191369913,192.34355168931395,189.5269362139672,192.28363037109375,110738100
2016-12-08 00:00:00-05:00,192.2579808058571,193.2253830250353,191.99257386659514,192.7545166015625,99714400
2016-12-09 00:00:00-05:00,192.97716425395544,193.93601025981906,192.94291228900482,193.91888427734375,88005800
2016-12-12 00:00:00-05:00,193.82464019077423,194.3040760819301,193.276726521317,193.69622802734375,102016100
2016-12-13 00:00:00-05:00,194.35548085901033,195.48554731913939,194.33835487927195,194.98899841308594,110477500
2016-12-14 00:00:00-05:00,194.68932715558245,195.3913354266373,192.942843339538,193.3794708251953,142501800
2016-12-15 00:00:00-05:00,193.6191890299093,195.0317751413727,193.38803406253228,194.1756591796875,124972600
2016-12-16 00:00:00-05:00,194.63119601296233,194.69148365321513,193.47724222226503,193.79586791992188,156420200
2016-12-19 00:00:00-05:00,193.97677116092234,194.63986968501598,193.830375174617,194.2178955078125,90341100
2016-12-20 00:00:00-05:00,194.7517810332149,195.11348063664968,194.51927675423596,194.96707153320312,89838800
2016-12-21 00:00:00-05:00,194.83796052706722,195.01019035030322,194.4246063232422,194.4246063232422,67909000
2016-12-22 00:00:00-05:00,194.27815603553404,194.39871819214375,193.69255903179445,194.0886993408203,56219100
2016-12-23 00:00:00-05:00,194.1317873010316,194.38153169613182,193.94234370721074,194.3729248046875,36697800
2016-12-27 00:00:00-05:00,194.6398577945518,195.25127551528226,194.6226308736002,194.8551483154297,42672500
2016-12-28 00:00:00-05:00,195.1134687068661,195.13068248480434,193.13279360002076,193.24473571777344,64095000
2016-12-29 00:00:00-05:00,193.313602257793,193.66668175872746,192.76245921694098,193.20166015625,48696100
2016-12-30 00:00:00-05:00,193.52893622499533,193.61505768273278,191.80661219256285,192.49554443359375,108998300
2017-01-03 00:00:00-05:00,193.79586624036577,194.47619149306766,192.79692843305605,193.96810913085938,91366500
2017-01-04 00:00:00-05:00,194.29539466616654,195.26851207345445,194.28678777541126,195.1221160888672,78744400
2017-01-05 00:00:00-05:00,194.855129408606,195.12208752614507,194.17480407008122,194.96707153320312,78379000
2017-01-06 00:00:00-05:00,195.0790604986911,196.12967937135483,194.53652414010315,195.66465759277344,71559900
2017-01-09 00:00:00-05:00,195.4062733251903,195.54406239938967,194.98429921306328,195.0187530517578,46939700
2017-01-10 00:00:00-05:00,195.0359668308157,195.87129502525147,194.63121963803593,195.0187530517578,63771900
2017-01-11 00:00:00-05:00,194.9326358857143,195.5699005126953,194.2695374492885,195.5699005126953,74650000
2017-01-12 00:00:00-05:00,195.05325248705532,195.2685430527143,193.72706838432492,195.07908630371094,72113200
2017-01-13 00:00:00-05:00,195.25127729217894,195.82825431654757,195.21683659025288,195.52685546875,62717900
2017-01-17 00:00:00-05:00,194.8895735022401,195.29432070049256,194.4503856051168,194.83790588378906,61240800
2017-01-18 00:00:00-05:00,195.08762859655678,195.31153912048646,194.53648545658123,195.2684783935547,54793300
2017-01-19 00:00:00-05:00,195.34602527491714,195.48381437704683,194.1145696678997,194.54515075683594,66608800
2017-01-20 00:00:00-05:00,195.2254033426013,195.75071263593273,194.59675882444665,195.25985717773438,129168600
2017-01-23 00:00:00-05:00,195.25989615458587,195.3201706676685,193.99398683665453,194.75180053710938,75061600
2017-01-24 00:00:00-05:00,194.96709848500868,196.41385767787654,194.85515634493692,196.00050354003906,95555300
2017-01-25 00:00:00-05:00,196.94772539634906,197.6969451904297,196.78410253166146,197.6969451904297,84437700
2017-01-26 00:00:00-05:00,197.55055465753608,197.81752591147847,197.2147020080547,197.4902801513672,59970700
2017-01-27 00:00:00-05:00,197.5677723233257,197.71416827749547,196.99940228458058,197.1802520751953,59711100
2017-01-30 00:00:00-05:00,196.49137484772928,196.5172086621444,194.97573412744237,195.95745849609375,79737300
2017-01-31 00:00:00-05:00,195.46660471431943,196.00053424714602,194.89824761335842,195.94024658203125,75880800
2017-02-01 00:00:00-05:00,195.94021401779992,196.8530437527953,195.43213152610113,196.01771545410156,79117700
2017-02-02 00:00:00-05:00,196.0176989136226,196.43106615293237,195.32877979535274,196.14688110351562,69657600
2017-02-03 00:00:00-05:00,197.05110656225563,197.6797511793912,196.74108769868505,197.4989013671875,80563200
2017-02-06 00:00:00-05:00,197.0941453700368,197.49028567706006,196.80996032940286,197.14581298828125,57790100
2017-02-07 00:00:00-05:00,197.53336288200782,197.7744872141205,196.964992753332,197.15444946289062,57931200
2017-02-08 00:00:00-05:00,197.15439905713146,197.54191926750158,196.61186287844095,197.41275024414062,51566200
2017-02-09 00:00:00-05:00,197.41278823132038,198.88536794214565,197.41278823132038,198.58396911621094,65955200
2017-02-10 00:00:00-05:00,198.92847252142548,199.59157110911215,198.60122667342299,199.36766052246094,66015900
2017-02-13 00:00:00-05:00,199.85850903956066,200.71106428018317,199.83267522684102,200.4527130126953,55182100
2017-02-14 00:00:00-05:00,200.27189188807773,201.26223636534405,199.92743224225052,201.2536163330078,71109000
2017-02-15 00:00:00-05:00,201.03830504218527,202.49367120529897,200.98663741466746,202.30421447753906,86785800
2017-02-16 00:00:00-05:00,202.3300216006002,202.51087141334727,201.38275122705335,202.1319580078125,84722400
2017-02-17 00:00:00-05:00,201.46880704747807,202.45053100585938,201.45158013163652,202.45053100585938,77204100
2017-02-21 00:00:00-05:00,202.82087604014896,203.82843399397925,202.81225601044366,203.6562042236328,88946100
2017-02-22 00:00:00-05:00,203.251490149344,203.6992849971404,203.08786724175664,203.4753875732422,62115200
2017-02-23 00:00:00-05:00,203.99205730062485,204.00927107949298,202.85531716144558,203.61314392089844,74615900
2017-02-24 00:00:00-05:00,202.7692649080462,203.91459911303326,202.72620416839197,203.87155151367188,82381600
2017-02-27 00:00:00-05:00,203.785346859116,204.36232374216894,203.53561569551806,204.19009399414062,56515400
2017-02-28 00:00:00-05:00,203.81122209260744,204.05234641691743,203.25147201266427,203.6389923095703,96961900
2017-03-01 00:00:00-05:00,205.2924716725028,206.95452167564858,205.2752447479337,206.48948669433594,149158200
2017-03-02 00:00:00-05:00,206.29999552679604,206.30861555778915,205.13743454805757,205.18910217285156,70246000
2017-03-03 00:00:00-05:00,205.1029620528857,205.48187545397204,204.72404865179934,205.31825256347656,81974300
2017-03-06 00:00:00-05:00,204.52601356749014,205.05992990327823,204.1040393774143,204.7068634033203,55391500
2017-03-07 00:00:00-05:00,204.40540151886213,204.7584810729663,203.88869909137853,204.0953826904297,65103700
2017-03-08 00:00:00-05:00,204.38821235363588,204.64656361509844,203.5787178665223,203.7165069580078,78168800
2017-03-09 00:00:00-05:00,203.83711017276136,204.30214516509193,203.0104017379638,203.9748992919922,90683900
2017-03-10 00:00:00-05:00,204.9307758611835,204.97383660051867,203.742367785055,204.6896514892578,81991700
2017-03-13 00:00:00-04:00,204.62934583908455,204.8360294855501,204.30211315754522,204.79296875,57256800
2017-03-14 00:00:00-04:00,204.25040165819996,204.3020824172589,203.39785966792678,204.00927734375,59880800
2017-03-15 00:00:00-04:00,204.5776435433198,206.1966323155387,204.34512612298658,205.774658203125,96081800
2017-03-16 00:00:00-04:00,205.91247041032932,205.98997184571738,205.0427014191847,205.36993408203125,78344000
2017-03-17 00:00:00-04:00,205.63198195982773,205.82226287274787,205.00924682617188,205.00924682617188,89002100
2017-03-20 00:00:00-04:00,205.00931060056578,205.29473205873504,204.39523280666853,204.78443908691406,52537000
2017-03-21 00:00:00-04:00,205.38982235241298,205.51090901439778,202.02532881856098,202.15505981445312,131809300
2017-03-22 00:00:00-04:00,202.18969967752707,202.9162197792694,201.56696439104547,202.63079833984375,97569200
2017-03-23 00:00:00-04:00,202.63074737271714,203.54754820347628,202.04261597089257,202.41452026367188,100410300
2017-03-24 00:00:00-04:00,202.7172732379335,203.2881028594989,201.48910466205444,202.26751708984375,112504900
2017-03-27 00:00:00-04:00,200.59822377562864,202.31939645634566,200.321459915953,202.05992126464844,87454500
2017-03-28 00:00:00-04:00,201.75722350860326,203.95408544436285,201.6447811726046,203.53028869628906,93483900
2017-03-29 00:00:00-04:00,203.24484617764165,203.95406426057835,203.0199615290021,203.7205352783203,61950400
2017-03-30 00:00:00-04:00,203.66001404084622,204.56817064319617,203.48703497312647,204.36923217773438,56737900
2017-03-31 00:00:00-04:00,204.03193003110582,204.55952479613492,203.84164908650794,203.8935546875,73733100
2017-04-03 00:00:00-04:00,203.94543323424176,204.1443585000938,202.31075664668595,203.53892517089844,85546500
2017-04-04 00:00:00-04:00,203.25350299956253,203.75515152683073,202.8729411376724,203.6686553955078,56466200
2017-04-05 00:00:00-04:00,204.34326269653357,205.32061345411282,202.85561912820899,203.06320190429688,108800600
2017-04-06 00:00:00-04:00,203.2016094614245,204.15300091336346,202.76049767058808,203.63406372070312,69135800
2017-04-07 00:00:00-04:00,203.38323508840378,204.11841261621606,202.94213649019045,203.42648315429688,74412300
2017-04-10 00:00:00-04:00,203.56489403083373,204.34330651252617,203.01999737517406,203.54759216308594,67615300
2017-04-11 00:00:00-04:00,203.16700087724368,203.4091742008586,201.8177457321159,203.30538940429688,88045300
2017-04-12 00:00:00-04:00,203.02861106024082,203.21889197199712,202.1896488213487,202.41452026367188,81864400
2017-04-13 00:00:00-04:00,202.07723492675308,202.8124124799033,201.09988403320312,201.09988403320312,92880400
2017-04-17 00:00:00-04:00,201.61884991623276,202.88162231445312,201.41992462795403,202.88162231445312,68405400
2017-04-18 00:00:00-04:00,202.14640731501228,202.81239052775499,201.59286642580503,202.27613830566406,83225800
2017-04-19 00:00:00-04:00,202.83833857341216,203.21024288163855,201.6793511907246,201.90423583984375,68699900
2017-04-20 00:00:00-04:00,202.5183487901547,203.98870400717547,202.19833682284133,203.54759216308594,92572200
2017-04-21 00:00:00-04:00,203.46972277708795,203.52161517502364,202.50102948907167,202.8988800048828,110389800
2017-04-24 00:00:00-04:00,205.1390154286658,205.33795390885047,202.87295911968172,205.13037109375,119209900
2017-04-25 00:00:00-04:00,205.77038791146632,206.669886959925,205.68389178100873,206.3239288330078,76698300
2017-04-26 00:00:00-04:00,206.28930854770627,207.17151885724383,206.15093322651757,206.1941680908203,84702500
2017-04-27 00:00:00-04:00,206.51418983204485,206.66986701489674,205.83090478075857,206.36715698242188,57410300
2017-04-28 00:00:00-04:00,206.6266222370468,206.65256843460105,205.7876599895779,205.9174041748047,63532800
2017-05-01 00:00:00-04:00,206.4363555908203,206.8601655092565,206.02120320380425,206.4363555908203,66882500
2017-05-02 00:00:00-04:00,206.57474266484968,206.69582932677102,206.1076978824263,206.5142059326172,57375700
2017-05-03 00:00:00-04:00,206.51419754423213,206.60933800312412,205.58873915342298,206.26336669921875,73137700
2017-05-04 00:00:00-04:00,206.5661041306076,206.64394273028756,205.65794754197145,206.50555419921875,61462700
2017-05-05 00:00:00-04:00,206.87742871773935,207.33582908383048,206.43631701634504,207.3185272216797,62001300
2017-05-08 00:00:00-04:00,207.3618046589795,207.50883751445906,206.8601561651609,207.28396606445312,48385700
2017-05-09 00:00:00-04:00,207.54346036253196,207.7423856326874,206.74773288699615,207.0937042236328,51363200
2017-05-10 00:00:00-04:00,207.05045428669604,207.46560668945312,206.842871486589,207.46560668945312,54293800
2017-05-11 00:00:00-04:00,207.0158171111785,207.20609800237523,205.96062787725276,207.04176330566406,62358300
2017-05-12 00:00:00-04:00,206.79094123086725,207.08500691242796,206.42768129527087,206.69580078125,53912700
2017-05-15 00:00:00-04:00,207.11961833133617,207.95858054618077,207.10231646782097,207.83749389648438,61918900
2017-05-16 00:00:00-04:00,208.1315939933016,208.15754019413583,207.25804110448254,207.64724731445312,51241800
2017-05-17 00:00:00-04:00,207.64724366280345,207.64724366280345,203.90218810458956,203.96273803710938,172174100
2017-05-18 00:00:00-04:00,203.88492663738796,205.63204592794244,203.62545138473777,204.78443908691406,107047700
2017-05-19 00:00:00-04:00,205.268726412231,206.7823162173544,205.21683401621968,206.1163330078125,115011400
2017-05-22 00:00:00-04:00,206.6266353290807,207.32722229980186,206.55745426285634,207.1628875732422,61010600
2017-05-23 00:00:00-04:00,207.53478073115593,207.78561157318967,207.15421890010862,207.62127685546875,48341700
2017-05-24 00:00:00-04:00,207.85481893629006,208.2094213944331,207.51749194867847,208.1056365966797,46927700
2017-05-25 00:00:00-04:00,208.61587320435498,209.3769967092256,208.40830366481057,209.1002197265625,64071700
2017-05-26 00:00:00-04:00,208.90997604809624,209.22134361030675,208.83213745690742,209.05702209472656,46629900
2017-05-30 00:00:00-04:00,208.73702345379505,209.12622965651605,208.58134625168944,208.8754119873047,35201900
2017-05-31 00:00:00-04:00,209.16947497747938,209.20407870913107,208.13158738469383,208.82351684570312,91796000
2017-06-01 00:00:00-04:00,209.28190858500193,210.5014327244796,208.9964871993291,210.484130859375,68962000
2017-06-02 00:00:00-04:00,210.53602626420476,211.3403980348541,210.24196054050776,211.18470764160156,88666100
2017-06-05 00:00:00-04:00,211.01172035211985,211.2971417307393,210.8300837666508,211.02902221679688,44698800
2017-06-06 00:00:00-04:00,210.466814497772,211.0203553658864,210.27653358709625,210.35438537597656,50375400
2017-06-07 00:00:00-04:00,210.69169891436508,210.9684627494031,210.02571572770137,210.74359130859375,54144300
2017-06-08 00:00:00-04:00,210.83872200018845,211.32306858716709,210.31977168702295,210.8473663330078,65950700
2017-06-09 00:00:00-04:00,211.11553629639795,211.91125062202613,209.26463242652287,210.52740478515625,132256400
2017-06-12 00:00:00-04:00,210.28520560176892,210.53602325723256,209.63652423363692,210.484130859375,86108100
2017-06-13 00:00:00-04:00,211.02036254185137,211.56525909526675,210.67440443656096,211.51336669921875,60067000
2017-06-14 00:00:00-04:00,211.7815241526878,211.79016848775927,210.42361129135838,211.2452850341797,78602300
2017-06-15 00:00:00-04:00,209.895939266642,210.9597859745515,209.619175474165,210.8386993408203,66464900
2017-06-16 00:00:00-04:00,210.99777153370127,211.04991698387204,210.00696819501678,210.88478088378906,84553100
2017-06-19 00:00:00-04:00,211.71044001182366,212.70124331255076,211.61483560290208,212.64041137695312,65123800
2017-06-20 00:00:00-04:00,212.2841118334075,212.2927983226885,211.18901740229742,211.20639038085938,56906400
2017-06-21 00:00:00-04:00,211.59748345778655,211.7104608526788,210.68489823948386,211.1542205810547,55977600
2017-06-22 00:00:00-04:00,211.16294370634014,211.65833882940308,210.8848169088331,211.0586395263672,44148100
2017-06-23 00:00:00-04:00,211.11946010978448,211.64092790155846,210.73704243872845,211.3106689453125,66986800
2017-06-26 00:00:00-04:00,211.97996632517564,212.39715662966057,211.24121669356097,211.44979858398438,56700500
2017-06-27 00:00:00-04:00,211.23246021410642,211.5279732492118,209.72887535654044,209.7462615966797,82247700
2017-06-28 00:00:00-04:00,210.76311067350048,211.82344573453494,210.52844287820562,211.62355041503906,70042600
2017-06-29 00:00:00-04:00,211.77133642732028,211.82348188810502,208.55557148137194,209.76365661621094,106949700
2017-06-30 00:00:00-04:00,210.57194686354703,210.94567811831612,209.96356102512635,210.15476989746094,86820700
2017-07-03 00:00:00-04:00,211.0934061863297,211.52796934909023,210.51109313964844,210.51109313964844,39153800
2017-07-05 00:00:00-04:00,210.8761560786922,211.2064151136477,210.0678615791739,210.99783325195312,54427600
2017-07-06 00:00:00-04:00,210.23300091865235,210.3546780937602,208.88585224021858,209.06837463378906,65400800
2017-07-07 00:00:00-04:00,209.64190986623126,210.57186788577764,209.07696995101577,210.4241180419922,57972300
2017-07-10 00:00:00-04:00,210.42422413780994,211.02392356377368,210.120024548408,210.6501922607422,36663300
2017-07-11 00:00:00-04:00,210.65013448651465,210.80658411472686,209.3290720753313,210.4936981201172,50354600
2017-07-12 00:00:00-04:00,211.45842825120994,212.24063660467954,211.45842825120994,212.07550048828125,59610400
2017-07-13 00:00:00-04:00,212.0842090236191,212.54484491380276,211.85822769210736,212.43185424804688,39471600
2017-07-14 00:00:00-04:00,212.43189530549742,213.77904401869978,212.3362908610297,213.42269897460938,60262700
2017-07-17 00:00:00-04:00,213.34436945222615,213.72678703055522,213.22269233746786,213.39651489257812,33531900
2017-07-18 00:00:00-04:00,212.988101404327,213.56172797868854,212.64914265798896,213.50958251953125,42742500
2017-07-19 00:00:00-04:00,213.8224433044374,214.67418331440118,213.81374355439402,214.66549682617188,51034300
2017-07-20 00:00:00-04:00,214.91757530246852,215.0392524680929,214.21358503979766,214.76113891601562,47135200
2017-07-21 00:00:00-04:00,214.18751329032523,214.5960037614684,213.96153193754682,214.56993103027344,82340800
2017-07-24 00:00:00-04:00,214.49165998348326,214.65679609178116,214.04841037316834,214.5177459716797,46622300
2017-07-25 00:00:00-04:00,215.26521368818368,215.36951787097334,214.81327752275382,215.03924560546875,54915600
2017-07-26 00:00:00-04:00,215.3261004915522,215.3608597179854,214.78724628001723,215.0479736328125,47575400
2017-07-27 00:00:00-04:00,215.50850572523123,215.54326493276534,213.5268860886926,214.84796142578125,70766600
2017-07-28 00:00:00-04:00,214.3700269432227,214.72637195951367,213.91809075173916,214.59600830078125,50088400
2017-07-31 00:00:00-04:00,214.99580262225925,215.09140706086657,214.26573959752176,214.47433471679688,65838700
2017-08-01 00:00:00-04:00,215.074008699399,215.10876791760106,214.43085043723022,214.95233154296875,55050400
2017-08-02 00:00:00-04:00,215.08269809566875,215.1956887645296,214.1266538094975,215.05662536621094,47211200
2017-08-03 00:00:00-04:00,214.94363633984614,214.96970906950318,214.36132327447956,214.6394500732422,40856000
2017-08-04 00:00:00-04:00,215.1261677878745,215.36082236469053,214.64814562096288,215.0305633544922,60191800
2017-08-07 00:00:00-04:00,215.10005416294103,215.43031311035156,214.99574999792543,215.43031311035156,31995000
2017-08-08 00:00:00-04:00,215.11744331571666,216.3342280791,214.52644380404467,214.90016174316406,61719400
2017-08-09 00:00:00-04:00,214.21353161209558,214.94359442375458,213.8571866938526,214.89144897460938,62632600
2017-08-10 00:00:00-04:00,214.05711915685916,214.18749606416483,211.8060851326242,211.8582305908203,120479500
2017-08-11 00:00:00-04:00,212.08419213347946,212.7621095503957,211.84952433168104,212.1710968017578,74869900
2017-08-14 00:00:00-04:00,213.448761845484,214.491710933965,213.4140026226554,214.27442932128906,73291900
2017-08-15 00:00:00-04:00,214.65684253490522,214.67422877685988,213.94416575656814,214.24835205078125,55242700
2017-08-16 00:00:00-04:00,214.76983547491596,215.16963947317822,214.19620884072893,214.62208557128906,56715500
2017-08-17 00:00:00-04:00,214.01363431728745,214.3265202710685,211.27587890625,211.27587890625,128490400
2017-08-18 00:00:00-04:00,211.110771048936,212.2319513923749,210.50238529682153,210.94564819335938,136748000
2017-08-21 00:00:00-04:00,210.88481073859253,211.37151935817374,210.18082053799722,211.11077880859375,65469700
2017-08-22 00:00:00-04:00,211.6931125941719,213.47481101197403,211.67572635376834,213.31837463378906,63140100
2017-08-23 00:00:00-04:00,212.35360200555618,212.97937391862,212.20585214577906,212.55349731445312,50203800
2017-08-24 00:00:00-04:00,212.93596411886358,213.09240050234038,211.8495561386653,212.0581512451172,50741700
2017-08-25 00:00:00-04:00,212.84899703400743,213.46608245948897,212.405747454676,212.55349731445312,64445900
2017-08-28 00:00:00-04:00,213.08369316418083,213.10976589220928,212.1450351697119,212.56222534179688,40565600
2017-08-29 00:00:00-04:00,211.24984420711982,213.0663150587926,211.1368535401398,212.8055877685547,51135700
2017-08-30 00:00:00-04:00,212.7882037622832,214.0832067852587,212.6056813953853,213.8137664794922,62030800
2017-08-31 00:00:00-04:00,214.43080576922682,215.34339088326126,213.84849283748224,215.10003662109375,103803900
2017-09-01 00:00:00-04:00,215.47378279149711,215.83012774424623,215.25650122447658,215.4042510986328,62007000
2017-09-05 00:00:00-04:00,214.90017245863578,215.12615379291992,212.89249275003215,213.8572235107422,91398800
2017-09-06 00:00:00-04:00,214.53511956173446,214.91753723218903,214.0049520207523,214.58726501464844,57916900
2017-09-07 00:00:00-04:00,214.89150580151696,214.90889204310074,214.1527430450965,214.5612335205078,58034700
2017-09-08 00:00:00-04:00,214.27438584760446,214.76979418966545,214.06580402931732,214.3091583251953,63832800
2017-09-11 00:00:00-04:00,215.57809645054567,216.67320415146062,215.56072347185696,216.59498596191406,71364800
2017-09-12 00:00:00-04:00,216.96002648847752,217.35981720404104,216.7775041101089,217.32505798339844,56896000
2017-09-13 00:00:00-04:00,217.03821711288396,217.4640937671046,216.92522645196908,217.4293212890625,59228000
2017-09-14 00:00:00-04:00,217.10777668488015,217.55972612475762,216.93395405779384,217.3598175048828,95446300
2017-09-15 00:00:00-04:00,217.21568500777204,217.73974074405513,217.1108765260414,217.65240478515625,95432400
2017-09-18 00:00:00-04:00,218.01921653980207,218.4646658509198,217.73097992873957,218.11529541015625,46235200
2017-09-19 00:00:00-04:00,218.35989657938688,218.42104374769173,218.01052607591205,218.3336944580078,47108100
2017-09-20 00:00:00-04:00,218.42108118388109,218.52588968736106,217.41661749087802,218.41233825683594,59574100
2017-09-21 00:00:00-04:00,218.25504699942346,218.34238294503282,217.65237166591905,217.82705688476562,48211400
2017-09-22 00:00:00-04:00,217.53014764359605,218.03674424025084,217.50394552028905,217.87078857421875,51214000
2017-09-25 00:00:00-04:00,217.61746600132773,217.9668498298664,216.68289258120123,217.42530822753906,57064400
2017-09-26 00:00:00-04:00,217.85328643262474,218.09784843533004,217.32048778509616,217.5563201904297,54082000
2017-09-27 00:00:00-04:00,218.25512707261586,218.7879258485287,217.37294440320042,218.4036102294922,81001400
2017-09-28 00:00:00-04:00,218.12407725765934,218.74422526534195,218.0367412903613,218.66561889648438,44778800
2017-09-29 00:00:00-04:00,218.65687388117044,219.5128543148782,218.47345902225527,219.43423461914062,85578000
2017-10-02 00:00:00-04:00,219.6613502279669,220.3863067626953,219.4866516296174,220.3863067626953,59023000
2017-10-03 00:00:00-04:00,220.3862586954186,220.88411227476126,220.30763901225592,220.85791015625,66810200
2017-10-04 00:00:00-04:00,220.70943170529875,221.36451133717839,220.59588030426494,221.1199493408203,55953600
2017-10-05 00:00:00-04:00,221.45185340602157,222.44757394086622,221.15488716333428,222.43011474609375,63522800
2017-10-06 00:00:00-04:00,221.98469156749644,222.46508606184125,221.72267032297378,222.17684936523438,80646000
2017-10-09 00:00:00-04:00,222.40389755498163,222.46503138780173,221.54791727447073,221.80995178222656,35803100
2017-10-10 00:00:00-04:00,222.37774343936067,222.77078862202265,221.836201785734,222.39520263671875,43057400
2017-10-11 00:00:00-04:00,222.29908992244182,222.7445526123047,222.13314760699538,222.7445526123047,47674300
2017-10-12 00:00:00-04:00,222.43013121510202,222.77950172323375,222.1768262682205,222.41265869140625,47065100
2017-10-13 00:00:00-04:00,222.84932048099782,222.9628718640161,222.41260079569935,222.68336486816406,54800400
2017-10-16 00:00:00-04:00,222.91054426948924,223.17256550864792,222.56990333095123,222.98040771484375,38221700
2017-10-17 00:00:00-04:00,222.9279734690156,223.18127840295898,222.70961358067885,223.13760375976562,31561000
2017-10-18 00:00:00-04:00,223.51320028799114,223.55687493585796,223.1638297603191,223.35598754882812,40888300
2017-10-19 00:00:00-04:00,222.57858928408425,223.45202878369093,222.1593420560092,223.41708374023438,61903800
2017-10-20 00:00:00-04:00,224.21196630472966,224.59628187884428,223.3996605089635,224.57005310058594,89176400
2017-10-23 00:00:00-04:00,224.8931828117256,224.91938492710807,223.61794211576668,223.69654846191406,63915300
2017-10-24 00:00:00-04:00,224.12462095301717,224.32549501443242,223.73156244590075,224.0896759033203,66935900
2017-10-25 00:00:00-04:00,223.75776848882185,223.8713199108784,221.85367640356625,222.98040771484375,103715300
2017-10-26 00:00:00-04:00,223.59175157952438,223.86250232715008,223.14628896625138,223.26856994628906,69798000
2017-10-27 00:00:00-04:00,224.01102924490968,225.25132506108443,223.2773432648059,225.09408569335938,85562500
2017-10-30 00:00:00-04:00,224.01102273054096,224.99801359997798,223.95861849457592,224.25558471679688,54285700
2017-10-31 00:00:00-04:00,224.63113680797585,224.85823957995217,224.30796849724337,224.6049346923828,60304800
2017-11-01 00:00:00-04:00,225.38233948819274,225.7229670376646,224.5351020940333,224.9019317626953,54202700
2017-11-02 00:00:00-04:00,224.83213660235435,225.1291029284388,223.76653900627872,224.98934936523438,56449500
2017-11-03 00:00:00-04:00,225.14650410247782,225.7841245724056,224.73598644613577,225.74046325683594,59589700
2017-11-06 00:00:00-05:00,225.60942075481384,226.2208390901341,225.53955732047456,226.08982849121094,49652600
2017-11-07 00:00:00-05:00,226.19469949292795,226.5266108721165,225.42606822644223,225.93267822265625,57502200
2017-11-08 00:00:00-05:00,225.75798322124106,226.41306306267828,225.47847609163045,226.3169708251953,50469600
2017-11-09 00:00:00-05:00,225.1115493942185,225.68802260513684,223.91491500860073,225.49586486816406,95085500
2017-11-10 00:00:00-05:00,225.11156945103457,225.60069343322567,224.79711737376437,225.42599487304688,59984700
2017-11-13 00:00:00-05:00,224.74475179722094,225.86275347101255,224.7098067481224,225.63565063476562,50228600
2017-11-14 00:00:00-05:00,224.83211094747693,225.2164265386195,224.05473683871833,225.1116180419922,61315200
2017-11-15 00:00:00-05:00,224.1420454800957,224.66611452343398,223.2773488845058,223.98483276367188,80811500
2017-11-16 00:00:00-05:00,224.92818802377593,226.25583346300692,224.8845266997023,225.88897705078125,67777000
2017-11-17 00:00:00-05:00,225.53956501844647,225.86273339190677,225.1465065530022,225.22511291503906,75756800
2017-11-20 00:00:00-05:00,225.46975490503058,225.80163962703412,225.22516618050204,225.60948181152344,48075500
2017-11-21 00:00:00-05:00,226.3780568662347,227.26898226933415,225.57450740471495,227.08554077148438,69176800
2017-11-22 00:00:00-05:00,227.09424522334598,227.22525580300072,226.71867267658402,226.88462829589844,45033400
2017-11-24 00:00:00-05:00,227.37383404443742,227.51358759810742,227.2340804907674,227.40875244140625,27856500
2017-11-27 00:00:00-05:00,227.4523787251362,227.74934495040995,227.09426533885556,227.295166015625,52274900
2017-11-28 00:00:00-05:00,227.75808396140033,229.62723056018447,227.66199175928952,229.6010284423828,98971700
2017-11-29 00:00:00-05:00,229.73206784726955,230.26487984974452,229.01586765243735,229.4613037109375,77512100
2017-11-30 00:00:00-05:00,230.3784913819879,232.37864934265127,230.29988499820908,231.4702911376953,127894400
2017-12-01 00:00:00-05:00,231.25182442487917,231.73220543350666,227.7580668195733,230.98977661132812,164390900
2017-12-04 00:00:00-05:00,232.60572212855533,233.03369904773825,230.65794202046783,230.7103729248047,94040600
2017-12-05 00:00:00-05:00,229.88058471679688,231.59251897552159,229.74957409972203,229.88058471679688,77994500
2017-12-06 00:00:00-05:00,229.97664435778418,230.35224365740348,229.4613181737277,229.9242401123047,75898600
2017-12-07 00:00:00-05:00,230.6492156982422,230.9636411789777,229.66222462493982,230.6492156982422,77218600
2017-12-08 00:00:00-05:00,231.60122748092607,231.91565291517546,230.61423655354508,231.9069366455078,76563900
2017-12-11 00:00:00-05:00,232.605712890625,232.66686006386954,231.88076970373237,232.605712890625,83077500
2017-12-12 00:00:00-05:00,233.3917468808904,233.48783908067503,232.64060175192208,233.01617431640625,85195800
2017-12-13 00:00:00-05:00,233.2607696276706,233.69748941303737,232.90265620503862,232.99000549316406,102905400
2017-12-14 00:00:00-05:00,233.28699142018422,233.4005428387963,231.98557487973446,232.03797912597656,100666700
2017-12-15 00:00:00-05:00,233.03968429670263,234.43554878182445,232.9870121871894,233.9702606201172,144610300
2017-12-18 00:00:00-05:00,235.36612267824435,235.8050747806687,235.26077846030412,235.45391845703125,83653600
2017-12-19 00:00:00-05:00,235.69965833585582,235.74354281604639,234.4793590051349,234.5496063232422,82382900
2017-12-20 00:00:00-05:00,235.5154117674613,235.56808388993463,234.12833455646833,234.42681884765625,76751500
2017-12-21 00:00:00-05:00,235.05007482828026,235.6207340227915,234.66379481577025,234.90960693359375,67032300
2017-12-22 00:00:00-05:00,234.92719848045695,234.96232215444573,234.3126547474633,234.8481903076172,78720900
2017-12-26 00:00:00-05:00,234.44431077412563,234.7867062791785,234.30386967573068,234.56723022460938,45244400
2017-12-27 00:00:00-05:00,234.7340228152358,235.0412946350718,234.40920255682684,234.6813507080078,57751000
2017-12-28 00:00:00-05:00,235.18174454026212,235.20808059186288,234.79546458911238,235.16416931152344,45116100
2017-12-29 00:00:00-05:00,235.74360810502137,235.76115654365725,234.08438313836797,234.27749633789062,96007400
2018-01-02 00:00:00-05:00,235.1378250465664,235.98939307392297,234.75154510890943,235.9542694091797,86655700
2018-01-03 00:00:00-05:00,236.12104223446033,237.5959412528905,236.12104223446033,237.44668579101562,90070400
2018-01-04 00:00:00-05:00,238.08760791196542,238.93038836501717,237.50818797814625,238.44752502441406,80636400
2018-01-05 00:00:00-05:00,239.23767928983673,240.15946797234622,238.7460550869637,240.0365753173828,83524000
2018-01-08 00:00:00-05:00,239.93997419586478,240.63352595605033,239.65027762295614,240.4755096435547,57319200
2018-01-09 00:00:00-05:00,240.89684071779422,241.64306444039752,240.61590502127254,241.01976013183594,57254000
2018-01-10 00:00:00-05:00,240.26481254196977,240.91447986147978,239.5976235750946,240.65109252929688,69574300
2018-01-11 00:00:00-05:00,241.20416646404138,242.40689086914062,241.0373625313552,242.40689086914062,62361500
2018-01-12 00:00:00-05:00,242.67026541950014,244.1538987144319,242.3717544461334,243.98712158203125,90816100
2018-01-16 00:00:00-05:00,245.24253818450373,245.89217870480007,242.45957014401458,243.1531219482422,106555100
2018-01-17 00:00:00-05:00,244.08376326759623,245.85712053976462,243.15318673163975,245.47084045410156,113258800
2018-01-18 00:00:00-05:00,245.35663540941204,245.7780122100609,244.5665003251841,245.0581512451172,100728000
2018-01-19 00:00:00-05:00,245.63756026225914,246.173095703125,245.05816712382477,246.173095703125,140920100
2018-01-22 00:00:00-05:00,245.96244980743063,248.1747589111328,245.90975090331943,248.1747589111328,91322400
2018-01-23 00:00:00-05:00,248.21856800026347,248.9911278057013,247.89374780740982,248.70143127441406,97084700
2018-01-24 00:00:00-05:00,249.34230987749274,249.939305019952,247.42848539217053,248.60487365722656,134816100
2018-01-25 00:00:00-05:00,249.46527770838205,249.56183431704545,247.92015763767293,248.71026611328125,84587300
2018-01-26 00:00:00-05:00,249.54420197136452,251.6336176940361,249.28960231997522,251.58970642089844,107743100
2018-01-29 00:00:00-05:00,251.0191484690479,251.45810058127645,249.76375185803687,249.92176818847656,90118300
2018-01-30 00:00:00-05:00,248.09569731750025,249.9743981091749,246.88418540558078,247.35826110839844,131796400
2018-01-31 00:00:00-05:00,248.20987669807295,248.7102617559007,246.41015692190018,247.481201171875,108364800
2018-02-01 00:00:00-05:00,246.7524977240842,248.49951821002367,246.41010228471623,247.20021057128906,90102500
2018-02-02 00:00:00-05:00,245.883399577148,246.0151066419787,241.78360191588195,241.8187255859375,173174800
2018-02-05 00:00:00-05:00,240.06284775356184,242.16981189202016,231.1608887698345,231.70518493652344,294681800
2018-02-06 00:00:00-05:00,228.20239896435808,236.7707517438932,227.11380642946904,236.2703399658203,355026800
2018-02-07 00:00:00-05:00,235.71728090980616,239.1059783080259,234.90959724654337,234.98863220214844,167376100
2018-02-08 00:00:00-05:00,235.2870873577438,235.4275552292879,226.1393148107997,226.1744384765625,246449500
2018-02-09 00:00:00-05:00,228.95737110626445,231.42427940359678,222.03949613269174,229.57191467285156,283565300
2018-02-12 00:00:00-05:00,231.61742570067418,234.409181085586,229.71238881690365,232.9430694580078,143736000
2018-02-13 00:00:00-05:00,231.74039262423426,234.0668335954932,231.1609725875507,233.5225372314453,81223600
2018-02-14 00:00:00-05:00,232.0388312280291,237.03410771542661,232.03004361372035,236.67416381835938,120735700
2018-02-15 00:00:00-05:00,238.41242036112484,239.7029404462211,235.9542728320571,239.69415283203125,111200300
2018-02-16 00:00:00-05:00,239.07087926559547,241.70459187762137,239.02696798048893,239.764404296875,160420100
2018-02-20 00:00:00-05:00,238.81622161839584,240.25599702366807,237.4730295837229,238.2631378173828,86369700
2018-02-21 00:00:00-05:00,238.70219240465272,241.17788915345244,236.98150734424902,237.07806396484375,98883700
2018-02-22 00:00:00-05:00,237.99988925832793,239.71178677104288,236.71815633024374,237.38534545898438,110511300
2018-02-23 00:00:00-05:00,238.60555670362223,241.1690216064453,238.13148100019365,241.1690216064453,92766400
2018-02-26 00:00:00-05:00,242.24011676430848,244.06617263387662,241.6519359115766,243.96958923339844,86491400
2018-02-27 00:00:00-05:00,244.15392938564298,244.86505645092993,240.8617885657484,240.92324829101562,99099200
2018-02-28 00:00:00-05:00,242.02063428753124,242.46837402290828,238.16664860815584,238.48268127441406,121907800
2018-03-01 00:00:00-05:00,238.27201694583923,239.8171371368471,233.5225513150146,235.01499938964844,176855100
2018-03-02 00:00:00-05:00,233.34691584624574,236.78831195402194,232.48658691293335,236.2264404296875,139083200
2018-03-05 00:00:00-05:00,235.0413262022246,239.5713155727941,234.93595518210756,238.95677185058594,97307400
2018-03-06 00:00:00-05:00,239.9312506039078,240.0102855727528,238.0700976494251,239.5625457763672,79213200
2018-03-07 00:00:00-05:00,237.40289017832296,239.8258878034363,237.20975016262793,239.4747314453125,87063500
2018-03-08 00:00:00-05:00,240.15059017127126,240.75634597795306,239.15858131439344,240.63345336914062,66901200
2018-03-09 00:00:00-05:00,242.0381952035579,244.82113647460938,241.72213576448178,244.82113647460938,113625300
2018-03-12 00:00:00-04:00,245.11089605402182,245.7342006175469,244.12762071398598,244.51390075683594,71924800
2018-03-13 00:00:00-04:00,245.67272707268907,246.1731389352705,242.32791395587557,242.9336700439453,91968900
2018-03-14 00:00:00-04:00,243.89054440125355,244.07489676707442,241.13393936249835,241.68699645996094,105895100
2018-03-15 00:00:00-04:00,242.1961590473828,242.83701181881128,240.92318753477184,241.42359924316406,83433000
2018-03-16 00:00:00-04:00,241.94990120184937,242.73437827382625,241.63260276744262,241.68548583984375,100343700
2018-03-19 00:00:00-04:00,240.93623544895917,241.86171597010994,236.76710790101043,238.4153594970703,109208400
2018-03-20 00:00:00-04:00,238.81197797211732,239.45542436621005,238.14209004943496,238.82080078125,59757300
2018-03-21 00:00:00-04:00,238.77664941714096,240.8656103103378,238.1508488096181,238.3623809814453,78709600
2018-03-22 00:00:00-04:00,236.14126540111988,236.98742117685686,232.1307877527902,232.404052734375,148785900
2018-03-23 00:00:00-04:00,232.84478414512185,233.17090531261704,227.25655645235332,227.45046997070312,183534800
2018-03-26 00:00:00-04:00,231.04673946092365,233.95541609321967,228.64927483777169,233.67335510253906,141956100
2018-03-27 00:00:00-04:00,234.60760614398222,235.13643669911855,228.14678157438954,229.69808959960938,129941400
2018-03-28 00:00:00-04:00,229.83037357461598,231.49627107303166,227.91767943556277,229.0194549560547,146452300
2018-03-29 00:00:00-04:00,230.1564425245714,233.80553513065988,229.0282257239141,231.9457244873047,111601600
2018-04-02 00:00:00-04:00,231.41690411803935,231.92814298876075,224.47132084605792,226.93930053710938,186286300
2018-04-03 00:00:00-04:00,228.1732833869567,230.32395120875591,226.38400113918595,229.8479766845703,119956900
2018-04-04 00:00:00-04:00,226.30464403356794,233.01223907187764,226.17243637884116,232.30711364746094,123715300
2018-04-05 00:00:00-04:00,234.06119719206822,235.02196918412508,232.97706721928535,234.1405487060547,82652600
2018-04-06 00:00:00-04:00,232.18375127749687,233.67332686335382,227.4064413333874,228.9224853515625,179521200
2018-04-09 00:00:00-04:00,230.3768261726803,233.4353557781252,229.11640156292754,230.0507049560547,105442900
2018-04-10 00:00:00-04:00,232.93288785263687,234.49301869650768,231.79587525314687,233.7085418701172,103529000
2018-04-11 00:00:00-04:00,232.22777905016653,234.1404727021837,232.15727727028641,232.4833984375,91140200
2018-04-12 00:00:00-04:00,233.80559678567172,235.3392597584988,233.62930193643803,234.39613342285156,68890500
2018-04-13 00:00:00-04:00,235.70055996966371,235.81514889026525,232.70373691024142,233.7085418701172,85079200
2018-04-16 00:00:00-04:00,235.33916334821905,236.3968782126774,234.5194491226073,235.63002014160156,63405300
2018-04-17 00:00:00-04:00,237.39291974783774,238.75031455399508,236.8817078046116,238.1509552001953,64682000
2018-04-18 00:00:00-04:00,238.59167058773116,239.12932407604146,237.86889946351178,238.32725524902344,57303900
2018-04-19 00:00:00-04:00,237.67495751316204,237.87769384781993,235.97382294019738,237.00509643554688,77655900
2018-04-20 00:00:00-04:00,236.93451137365278,237.15486637674564,234.11395657454264,234.99537658691406,99953100
2018-04-23 00:00:00-04:00,235.56843310406478,236.1237322796586,233.88491685222934,234.9602508544922,65558000
2018-04-24 00:00:00-04:00,235.98264446982625,236.2029995241592,230.2974733085117,231.7958984375,112885500
2018-04-25 00:00:00-04:00,231.73415089575022,232.8094844434792,229.91842772645782,232.3687744140625,103840900
2018-04-26 00:00:00-04:00,233.39129935081172,235.5595858554559,232.95058918082958,234.73104858398438,67731900
2018-04-27 00:00:00-04:00,235.33921256954207,235.6388922340953,234.01708216184804,234.95138549804688,57053600
2018-04-30 00:00:00-04:00,235.56836039425437,236.1236593984513,233.07392627997427,233.1444549560547,82182300
2018-05-01 00:00:00-04:00,232.5803406831274,233.66449719784265,231.02903254476593,233.55873107910156,74203400
2018-05-02 00:00:00-04:00,233.36483583662604,234.17572740968185,231.60199532273418,231.9898223876953,86368900
2018-05-03 00:00:00-04:00,231.16130876431046,232.13084962675967,228.33193008387593,231.47860717773438,136311500
2018-05-04 00:00:00-04:00,230.50901174745036,235.15411363285418,230.18289056208346,234.47540283203125,91222100
2018-05-07 00:00:00-04:00,235.2422657435835,236.2382480408607,234.55473211897424,235.26870727539062,55304900
2018-05-08 00:00:00-04:00,234.89849893127885,235.63006591048455,233.70857620233372,235.26870727539062,67499200
2018-05-09 00:00:00-04:00,235.9385486756778,237.86886103281918,235.41851399436158,237.54273986816406,59666100
2018-05-10 00:00:00-04:00,238.28310618835678,240.09003352947272,238.1773400803513,239.76388549804688,72063900
2018-05-11 00:00:00-04:00,239.88733180849408,240.75992922415082,239.3760930143519,240.49551391601562,59871500
2018-05-14 00:00:00-04:00,240.92740579766743,241.579648169337,240.06360427665848,240.610107421875,54790600
2018-05-15 00:00:00-04:00,239.38492075905984,239.40253948036187,238.00990733079024,238.95303344726562,87036100
2018-05-16 00:00:00-04:00,238.98831440816372,240.41621099844787,238.96184597615334,239.95785522460938,53942600
2018-05-17 00:00:00-04:00,239.69340582604104,240.83044538955156,238.97945763236936,239.75511169433594,56536400
2018-05-18 00:00:00-04:00,239.4113658661193,239.7727513992917,238.80318373697688,239.15574645996094,64368000
2018-05-21 00:00:00-04:00,240.6365895101831,241.49156836524816,240.24876238630932,240.95388793945312,58025900
2018-05-22 00:00:00-04:00,241.473904138964,241.72952356428226,239.95786010756726,240.2839813232422,52966400
2018-05-23 00:00:00-04:00,239.01469160518607,240.97144523152645,238.85601554990004,240.94497680664062,64694200
2018-05-24 00:00:00-04:00,240.54840148842243,240.8216396115561,238.67097206902508,240.45143127441406,76043800
2018-05-25 00:00:00-04:00,239.87847900390625,240.5042797541157,239.37606308246154,239.87847900390625,56374800
2018-05-29 00:00:00-04:00,238.25668371463993,239.0147190473101,236.00907304336295,237.11964416503906,115908600
2018-05-30 00:00:00-04:00,238.42419735328477,240.7246914847085,238.35369556292812,240.2839813232422,69678400
2018-05-31 00:00:00-04:00,239.87858402871962,240.17826377127795,238.21271326878954,238.81207275390625,93519900
2018-06-01 00:00:00-04:00,240.1077086367524,241.45628062814544,240.0371799489807,241.15660095214844,71258400
2018-06-04 00:00:00-04:00,241.97621657044652,242.55795696235268,241.73824286872212,242.30233764648438,45385200
2018-06-05 00:00:00-04:00,242.43464209387946,242.8577335202975,241.66781073878218,242.47872924804688,51135000
2018-06-06 00:00:00-04:00,243.0868470183322,244.61168651404307,242.4698422139183,244.50592041015625,62732200
2018-06-07 00:00:00-04:00,244.99071562514888,245.28157240851118,243.57161534586987,244.47947692871094,72969400
2018-06-08 00:00:00-04:00,244.02121630582116,245.2551993504634,243.85374429631833,245.2023162841797,72139700
2018-06-11 00:00:00-04:00,245.4226609959224,246.24237538751734,245.30807205754232,245.52842712402344,58892500
2018-06-12 00:00:00-04:00,245.94275327703076,246.20716865915816,245.20236330825594,245.84580993652344,72329000
2018-06-13 00:00:00-04:00,246.08376069412148,246.33938013874248,244.8585734412964,245.06130981445312,79070600
2018-06-14 00:00:00-04:00,245.92501919674507,246.20705317244978,245.0876593814196,245.67822265625,77097600
2018-06-15 00:00:00-04:00,244.8954969557248,245.7011939699917,243.7887747415536,245.36474609375,120041600
2018-06-18 00:00:00-04:00,243.912837792134,244.98416489512724,243.43475300624846,244.86019897460938,52917600
2018-06-19 00:00:00-04:00,242.59362460653927,244.14303644252993,242.17749577551783,243.92169189453125,97531500
2018-06-20 00:00:00-04:00,244.60332532160783,245.00175615612642,244.0012748770979,244.3377227783203,53785500
2018-06-21 00:00:00-04:00,244.32892742841975,244.34665228256307,242.31026648649697,242.8060760498047,71061400
2018-06-22 00:00:00-04:00,244.06336968656635,244.17847318128233,243.0274652537223,243.24880981445312,54898500
2018-06-25 00:00:00-04:00,242.0978250397967,242.2571866362737,238.2552867692335,239.9375,137854200
2018-06-26 00:00:00-04:00,240.50417269724036,241.31870559655965,239.75159574359012,240.46875,68547400
2018-06-27 00:00:00-04:00,241.0531081863732,242.47855430114694,238.32612785087287,238.47665405273438,105110700
2018-06-28 00:00:00-04:00,238.42349268702802,240.60151539893317,237.7151739460364,239.84010314941406,76650500
2018-06-29 00:00:00-04:00,240.9290475001636,242.2925371316784,240.07022979337452,240.18533325195312,97592500
2018-07-02 00:00:00-04:00,238.61828121441778,240.85828692224064,238.3792118140002,240.6988983154297,63554800
2018-07-03 00:00:00-04:00,241.59310330365744,241.69050893899274,239.42394330078528,239.84890747070312,42187100
2018-07-05 00:00:00-04:00,240.97338766695466,241.86760124254315,239.90206063048137,241.8056182861328,56925900
2018-07-06 00:00:00-04:00,241.8321843733216,244.22268900358912,241.45145125988475,243.85084533691406,66493700
2018-07-09 00:00:00-04:00,244.85134953327582,246.09973613516857,244.80709142765713,246.04661560058594,50550400
2018-07-10 00:00:00-04:00,246.49811917960713,247.0293514416216,246.20592927668127,246.93194580078125,51966800
2018-07-11 00:00:00-04:00,245.38259124794206,246.17059090694184,244.8247985939717,245.12582397460938,77054700
2018-07-12 00:00:00-04:00,246.38294858187035,247.40112771191875,245.7808981247481,247.34800720214844,60124700
2018-07-13 00:00:00-04:00,247.17103350001074,247.84390253014723,246.71948199088973,247.54287719726562,48216000
2018-07-16 00:00:00-04:00,247.58714758902812,247.7287843093492,246.87882888944463,247.32151794433594,48201000
2018-07-17 00:00:00-04:00,246.55124995828604,248.71157476595965,246.49812943183477,248.32200622558594,52315500
2018-07-18 00:00:00-04:00,248.4016865443658,248.95061666305273,247.95899747838,248.84437561035156,44593500
2018-07-19 00:00:00-04:00,248.18024192619734,248.56094788471236,247.42766541359845,247.90577697753906,61412100
2018-07-20 00:00:00-04:00,247.70225464991242,248.33089263963382,247.46321225779238,247.62257385253906,82337700
2018-07-23 00:00:00-04:00,247.41889800487505,248.28655117021037,247.07358760835706,248.0829315185547,47047600
2018-07-24 00:00:00-04:00,249.49056526311696,250.1722962984342,248.46352398915064,249.3311767578125,68026900
2018-07-25 00:00:00-04:00,249.08338888278033,251.77494565505225,249.03913078919018,251.4562225341797,78882900
2018-07-26 00:00:00-04:00,250.73905246712084,251.54472264436467,250.64164684001761,250.8629913330078,57919500
2018-07-27 00:00:00-04:00,251.19068976200543,251.28809543288952,248.24239167882683,249.16319274902344,76768700
2018-07-30 00:00:00-04:00,249.24274438650986,249.4021059257977,247.33916026207643,247.86155700683594,63742500
2018-07-31 00:00:00-04:00,248.62295674193922,249.69425639583147,248.2422507437213,249.08334350585938,68570500
2018-08-01 00:00:00-04:00,249.28708818072533,249.79176024823593,248.0210038173346,248.6673126220703,53853300
2018-08-02 00:00:00-04:00,247.36580775888575,250.19013912469651,247.1621610627142,250.02194213867188,63426400
2018-08-03 00:00:00-04:00,250.14590056459343,251.14638224892715,249.96881411760404,251.09326171875,53935400
2018-08-06 00:00:00-04:00,251.1286143607923,252.32385297597003,250.73904590176275,252.0139923095703,39400900
2018-08-07 00:00:00-04:00,252.67802497211565,253.22695497548762,252.5451966645464,252.84622192382812,43196600
2018-08-08 00:00:00-04:00,252.67806482085274,253.13845169831436,252.27963387449154,252.74002075195312,42114600
2018-08-09 00:00:00-04:00,252.80199595567012,253.19156446296677,252.26192830940533,252.3947296142578,35717000
2018-08-10 00:00:00-04:00,250.9604415393712,251.50050922879808,249.99535560126085,250.70367431640625,77076000
2018-08-13 00:00:00-04:00,250.97814624222252,251.589059329678,249.47299257350093,249.7651824951172,65732900
2018-08-14 00:00:00-04:00,250.49121809619365,251.5979408721001,250.10164951750664,251.35887145996094,43842000
2018-08-15 00:00:00-04:00,250.01308960069466,250.15475334890513,248.04754900111985,249.4818572998047,102925400
2018-08-16 00:00:00-04:00,250.9160746289314,252.36810725695676,250.88065194982195,251.50042724609375,69967900
2018-08-17 00:00:00-04:00,251.29685472442358,252.82856856746483,250.88958836311608,252.38587951660156,65618500
2018-08-20 00:00:00-04:00,252.83742114482646,253.19156696780135,252.38586968426674,252.92596435546875,39807500
2018-08-21 00:00:00-04:00,253.43943848945128,254.37793695600215,252.96132683039625,253.5191192626953,67272000
2018-08-22 00:00:00-04:00,253.11194611312737,253.89108331990417,252.84631641830762,253.36871337890625,44993300
2018-08-23 00:00:00-04:00,253.19149653283264,254.05031409992057,252.7133849440448,253.03213500976562,49204900
2018-08-24 00:00:00-04:00,253.60776871563684,254.69679377875528,253.55464817788493,254.5551300048828,57487400
2018-08-27 00:00:00-04:00,255.75035100152513,256.6711519566475,255.5909893995617,256.5649108886719,57072400
2018-08-28 00:00:00-04:00,257.0252026557289,257.1314707039436,256.22836792145466,256.68878173828125,46943500
2018-08-29 00:00:00-04:00,256.9013321766645,258.3002177918885,256.6622897986318,258.0700378417969,61485500
2018-08-30 00:00:00-04:00,257.59186237570543,257.9637059829279,256.432019425289,257.02520751953125,61229500
2018-08-31 00:00:00-04:00,256.61792892076545,257.4767465699944,256.13098188051356,257.0340576171875,66140800
2018-09-04 00:00:00-04:00,256.617960406128,256.94554594826343,255.59091866725385,256.5914001464844,57594400
2018-09-05 00:00:00-04:00,256.23732697015714,256.44097369820634,254.89156173412889,255.90087890625,72452400
2018-09-06 00:00:00-04:00,256.00710048633505,256.308125831231,254.10354276501158,255.13058471679688,65909900
2018-09-07 00:00:00-04:00,254.08577458232713,255.60862574169138,253.84670524256993,254.63470458984375,73524800
2018-09-10 00:00:00-04:00,255.64408158618681,255.90971124627146,254.88266933705808,255.07745361328125,50210900
2018-09-11 00:00:00-04:00,254.43111974684635,256.36123766786574,254.0858363116095,255.91854858398438,50530500
2018-09-12 00:00:00-04:00,255.92736349015473,256.58253456637283,255.1925116359852,255.98048400878906,59810800
2018-09-13 00:00:00-04:00,257.0428909757199,257.68036407645906,256.7595635932611,257.4944152832031,51034200
2018-09-14 00:00:00-04:00,257.69814941620206,257.8840712530081,256.75965078524433,257.5387878417969,55079900
2018-09-17 00:00:00-04:00,257.4856929408959,257.5210886145558,255.90085840767378,256.1753234863281,68244000
2018-09-18 00:00:00-04:00,256.3878309242925,258.1585874876803,256.3612706566257,257.5653991699219,61930400
2018-09-19 00:00:00-04:00,257.6185601799571,258.25603372371484,257.4945942316351,257.83990478515625,49080600
2018-09-20 00:00:00-04:00,259.09712105504974,260.2481020477535,257.8575698080128,259.9293518066406,100360600
2018-09-21 00:00:00-04:00,260.6701942475922,260.78581879458903,259.5317810140974,259.6918640136719,105479700
2018-09-24 00:00:00-04:00,259.1137115939335,259.25601660965026,258.2510060962114,258.8291015625,53409600
2018-09-25 00:00:00-04:00,259.2826480794176,259.3893700355499,258.34880382135856,258.58892822265625,44370000
2018-09-26 00:00:00-04:00,258.7313131778317,259.9141847464246,257.3972340300499,257.81524658203125,79739700
2018-09-27 00:00:00-04:00,258.2865870236804,259.6206660004718,258.0108795398294,258.5356140136719,59249500
2018-09-28 00:00:00-04:00,257.9130552985251,259.060370917637,257.877499398238,258.56231689453125,70091400
2018-10-01 00:00:00-04:00,259.79851514867977,260.5278181370274,258.79353183087005,259.4605712890625,62078900
2018-10-02 00:00:00-04:00,259.3094177246094,260.0209157713873,258.9358907497197,259.3094177246094,47258200
2018-10-03 00:00:00-04:00,260.3587933939966,260.776805810469,259.0958807429701,259.4516296386719,64694600
2018-10-04 00:00:00-04:00,258.9713814326385,259.02474241561276,255.84075281656695,257.4238586425781,111545900
2018-10-05 00:00:00-04:00,257.6462407924696,258.16207274661025,254.56007018759942,255.98309326171875,105951700
2018-10-08 00:00:00-04:00,255.29824864888656,256.3388422447717,253.9197111613411,255.98309326171875,87742200
2018-10-09 00:00:00-04:00,255.60074373406016,256.9081155487895,255.04930142464607,255.609619140625,74339000
2018-10-10 00:00:00-04:00,255.10265341831723,255.1738195198183,247.1426625390177,247.5161895751953,214731000
2018-10-11 00:00:00-04:00,246.43107052946968,248.04975962653202,240.45439529116155,242.064208984375,274840500
2018-10-12 00:00:00-04:00,246.155331736026,246.4399417449787,242.24203910959136,245.42605590820312,183186500
2018-10-15 00:00:00-04:00,245.07031967564035,246.3955233707276,243.9585870929312,244.0475311279297,102263700
2018-10-16 00:00:00-04:00,246.00416376411522,249.75737362844944,245.53279028754295,249.38381958007812,118255800
2018-10-17 00:00:00-04:00,249.41950321305333,250.0509599042153,246.85806625374383,249.42840576171875,110626000
2018-10-18 00:00:00-04:00,248.4944211939006,249.09032170411564,244.55444807325216,245.82626342773438,134557500
2018-10-19 00:00:00-04:00,246.47558100230958,248.40553369282395,244.99919677874857,245.6929168701172,139901600
2018-10-22 00:00:00-04:00,246.35994223177246,246.68010818995015,244.0564355596308,244.59007263183594,82415800
2018-10-23 00:00:00-04:00,240.97913638494464,244.46551414384803,238.89794935655075,243.34487915039062,146352700
2018-10-24 00:00:00-04:00,243.09590366941856,243.47836034056346,235.42052401836114,235.97193908691406,177806700
2018-10-25 00:00:00-04:00,237.8040118236247,241.7439849383375,236.7812234431827,240.20533752441406,138061500
2018-10-26 00:00:00-04:00,236.5055661327389,241.0236356256426,233.2770902132027,235.98080444335938,201574600
2018-10-29 00:00:00-04:00,239.06701697199145,240.356637911911,231.10702619215752,234.67344665527344,160749100
2018-10-30 00:00:00-04:00,234.50444807839088,238.46219999139012,234.01526943167627,238.15090942382812,157116000
2018-10-31 00:00:00-04:00,240.71234277026565,243.0069741099624,240.24096922248452,240.69456481933594,128296300
2018-11-01 00:00:00-04:00,241.55728117758088,243.4516779994685,240.47222900054206,243.25601196289062,99495000
2018-11-02 00:00:00-04:00,244.35878577669246,244.7857007968148,239.76955109252017,241.81515502929688,122634100
2018-11-05 00:00:00-05:00,242.30433388342226,243.70067647437028,241.33490636095422,243.14926147460938,65622500
2018-11-06 00:00:00-05:00,243.08707325917246,244.8480407857386,243.02480970328554,244.68795776367188,60085900
2018-11-07 00:00:00-05:00,246.85799876173513,250.00643309191767,246.43108367126504,249.9263916015625,102752100
2018-11-08 00:00:00-05:00,249.12590474479975,250.11313733964522,248.33436530171073,249.4727783203125,65584900
2018-11-09 00:00:00-05:00,248.1654298904992,248.35219339245518,245.63067379630257,247.03591918945312,98812600
2018-11-12 00:00:00-05:00,246.528911435274,246.76903588800957,241.9040933048996,242.41995239257812,99673600
2018-11-13 00:00:00-05:00,242.88245150278644,244.87466772001525,241.2459843040756,241.9663848876953,98176600
2018-11-14 00:00:00-05:00,243.834079644037,244.23428707633516,238.7556929624398,240.31211853027344,125335900
2018-11-15 00:00:00-05:00,239.04921696143316,243.28270387403552,237.47501319005792,242.82020568847656,135101400
2018-11-16 00:00:00-05:00,241.72626414950847,244.35883949759102,241.2104049940472,243.45167541503906,126668000
2018-11-19 00:00:00-05:00,242.8468290600021,243.14034163054626,238.41770428548043,239.33377075195312,103061700
2018-11-20 00:00:00-05:00,236.00744722346693,237.4660532377612,234.04191183572692,234.9046173095703,136021300
2018-11-21 00:00:00-05:00,236.45220506168295,237.59952087377042,235.6962484957569,235.7051239013672,75563700
2018-11-23 00:00:00-05:00,234.0686873706926,235.52729397724184,233.9708679026985,234.13095092773438,42807900
2018-11-26 00:00:00-05:00,236.38108216399485,238.13317420460353,235.98975003316443,237.91082763671875,79981400
2018-11-27 00:00:00-05:00,236.87907905299704,238.71121215820312,236.27430304857938,238.71121215820312,75502400
2018-11-28 00:00:00-05:00,239.77847091805359,244.2075958251953,238.64893332775299,244.2075958251953,127629600
2018-11-29 00:00:00-05:00,243.4337833960788,245.07025003577456,242.29537064055563,243.67393493652344,82346400
2018-11-30 00:00:00-05:00,243.5227131436456,245.71949705985386,243.20254729767166,245.1591796875,98204200
2018-12-03 00:00:00-05:00,249.27720225624412,249.38392427432314,246.81361186586318,248.4055938720703,103176300
2018-12-04 00:00:00-05:00,247.57839310389085,248.00530818364757,240.04529209231492,240.35658264160156,177986000
2018-12-06 00:00:00-05:00,236.50556502661695,240.1075678957514,233.41049160957218,239.991943359375,204185400
2018-12-07 00:00:00-05:00,239.65395115076464,241.2192792431404,233.57945653094646,234.4154815673828,161018900
2018-12-10 00:00:00-05:00,234.23760261616204,235.82961126558462,230.01301882509009,234.8601837158203,151445900
2018-12-11 00:00:00-05:00,238.05307539835013,238.2398388706836,233.44606213473483,234.91354370117188,121504400
2018-12-12 00:00:00-05:00,237.88412573606539,239.24488552344042,236.01640930545526,236.09645080566406,97976700
2018-12-13 00:00:00-05:00,237.03916121383372,237.90186677142725,234.90464011376045,236.01637268066406,96662700
2018-12-14 00:00:00-05:00,233.87290260229102,234.82455200468118,231.1069255530988,231.65834045410156,116961100
2018-12-17 00:00:00-05:00,230.70674603004963,231.8184786411639,225.48605403096258,227.11363220214844,165492300
2018-12-18 00:00:00-05:00,228.75010114550832,229.41714067784332,225.26369591406458,226.86459350585938,134515100
2018-12-19 00:00:00-05:00,226.9446197617869,230.70671867180351,221.76840039515483,223.4671173095703,214992800
2018-12-20 00:00:00-05:00,222.22196381691975,223.7872781315787,217.58825725874033,219.8295135498047,252053400
2018-12-21 00:00:00-05:00,220.72861735508985,223.38552036390047,214.68124937399995,215.32534790039062,255345600
2018-12-24 00:00:00-05:00,213.84032507460728,215.45057126158082,209.57318974188104,209.63580322265625,147311600
2018-12-26 00:00:00-05:00,211.093979247737,220.22763061523438,209.1169520452067,220.22763061523438,218485400
2018-12-27 00:00:00-05:00,216.998192653221,222.115175702482,213.7687595647507,221.9183807373047,186267300
2018-12-28 00:00:00-05:00,223.26922375327266,224.89735185930846,220.46918466599615,221.63214111328125,153100200
2018-12-31 00:00:00-05:00,223.25136071975757,223.81495043254782,221.3816919791821,223.5734100341797,144299400
2019-01-02 00:00:00-05:00,220.0487067791242,224.72736835312008,220.02187048062882,223.80593872070312,126925200
2019-01-03 00:00:00-05:00,222.06153288497993,222.36570038148278,217.9822513104657,218.46533203125,144140700
2019-01-04 00:00:00-05:00,221.48903377701097,226.42711863841959,221.1133118576938,225.78302001953125,142628800
2019-01-07 00:00:00-05:00,226.0513447804907,228.96766966524018,225.15676508760038,227.5631866455078,103139100
2019-01-08 00:00:00-05:00,229.7459630162037,230.1842983290865,227.22324173305432,229.7012176513672,102512600
2019-01-09 00:00:00-05:00,230.40795353099523,231.61564162896792,229.18238366653358,230.7747344970703,95006600
2019-01-10 00:00:00-05:00,229.2450116148356,231.83928738611394,228.56512228014213,231.58880615234375,96823900
2019-01-11 00:00:00-05:00,230.51531358491874,231.7051199930724,229.9338421818793,231.67828369140625,73858100
2019-01-14 00:00:00-05:00,229.7817660410097,231.06996320273115,229.3792214907282,230.2648468017578,70908200
2019-01-15 00:00:00-05:00,230.64059880878088,233.21699331608835,230.63164427355437,232.9038848876953,85208300
2019-01-16 00:00:00-05:00,233.3332441885954,234.3530782952415,233.1275083007143,233.4674530029297,77636700
2019-01-17 00:00:00-05:00,232.59966906964814,236.09747886046176,232.55492370584037,235.23866271972656,96118400
2019-01-18 00:00:00-05:00,237.04575985726618,238.83491941669797,235.2744820652817,238.36972045898438,127900300
2019-01-22 00:00:00-05:00,236.9026116326025,237.11730203256215,233.53898309773086,235.1492156982422,115531200
2019-01-23 00:00:00-05:00,236.17800390992494,236.87577500924823,233.18115634601335,235.64125061035156,86030300
2019-01-24 00:00:00-05:00,235.46238661313677,236.3480393490482,234.45150687745263,235.76654052734375,59204100
2019-01-25 00:00:00-05:00,237.60935349702385,238.58446960976903,235.8649390769533,237.76144409179688,96883400
2019-01-28 00:00:00-05:00,235.62335558879,236.0169455325683,234.19202263725006,235.954345703125,85613700
2019-01-29 00:00:00-05:00,236.09749501004995,236.66105730917477,234.80929801123665,235.64125061035156,66136300
2019-01-30 00:00:00-05:00,237.15313294174558,240.2125808598044,236.39273457951535,239.37167358398438,92473700
2019-01-31 00:00:00-05:00,239.308994379085,241.95694231608385,239.0942767136401,241.47386169433594,104012100
2019-02-01 00:00:00-05:00,241.67074939175615,242.6100746470518,240.80300581517082,241.59024047851562,85782500
2019-02-04 00:00:00-05:00,241.63495404193895,243.3525593935762,240.96401914371378,243.28993225097656,60744800
2019-02-05 00:00:00-05:00,243.71931224094328,244.61389200183342,243.21834975887742,244.3097381591797,79552800
2019-02-06 00:00:00-05:00,244.0324315275162,244.52443949783932,243.25415146881173,243.98768615722656,58347800
2019-02-07 00:00:00-05:00,242.3773806107919,242.92306102117962,240.0067503108111,241.66172790527344,95482000
2019-02-08 00:00:00-05:00,240.4182768919302,242.05534561170498,239.59525161560148,241.9569549560547,75788900
2019-02-11 00:00:00-05:00,242.61001223279428,242.8694206752519,241.56334202911273,242.0911407470703,68021400
2019-02-12 00:00:00-05:00,243.70138226031133,245.5799775461956,243.6298006053734,245.2042694091797,72270200
2019-02-13 00:00:00-05:00,246.03626385603758,246.84138015886657,245.61581028783473,246.00047302246094,65277200
2019-02-14 00:00:00-05:00,244.9180044645009,246.58193673483984,244.10393374358281,245.4547576904297,83234400
2019-02-15 00:00:00-05:00,247.22598255202874,248.16530742640353,247.02024673509356,248.1295166015625,97088700
2019-02-19 00:00:00-05:00,247.33345094888386,249.212046825401,247.3244964141007,248.55902099609375,59120800
2019-02-20 00:00:00-05:00,248.5231527937661,249.51615033119904,248.02219040925297,249.05990600585938,76610800
2019-02-21 00:00:00-05:00,248.42476708591184,248.78259346762562,247.2170791597752,248.17428588867188,64214700
2019-02-22 00:00:00-05:00,248.79152370679947,249.90974822592406,248.15637982404962,249.7129669189453,78114600
2019-02-25 00:00:00-05:00,251.13536329032226,251.6542074923286,249.97239332656173,250.0529022216797,69030700
2019-02-26 00:00:00-05:00,249.7040511002087,250.7506941241526,249.49828792864352,249.8740234375,56844100
2019-02-27 00:00:00-05:00,249.1583733195915,250.1155803239667,248.2280299194689,249.76670837402344,56921600
2019-02-28 00:00:00-05:00,249.55191857492036,249.9902811449562,248.9794018248287,249.3014373779297,69268300
2019-03-01 00:00:00-05:00,250.87591399104352,251.26953121285604,249.42669935637187,250.8580322265625,78880500
2019-03-04 00:00:00-05:00,251.91364285291863,252.155169537898,247.6554348483589,249.945556640625,106494600
2019-03-05 00:00:00-05:00,250.07080497302118,250.26761358958612,249.05992559250146,249.60560607910156,59114600
2019-03-06 00:00:00-05:00,249.72193751100994,249.7308920448468,247.77176016313658,248.0937957763672,75039800
2019-03-07 00:00:00-05:00,247.646501244507,247.78963728117097,245.17747968817417,246.0183868408203,94885100
2019-03-08 00:00:00-05:00,244.1666005291717,245.6963242662043,243.701428884689,245.52635192871094,85795800
2019-03-11 00:00:00-04:00,246.2420650601554,249.24784033512216,246.21522875592933,249.08682250976562,65098900
2019-03-12 00:00:00-04:00,249.6413993075936,250.54493350601277,249.45354522192397,250.02606201171875,79667500
2019-03-13 00:00:00-04:00,250.91170489447018,252.6114007343966,250.7506598124784,251.6810302734375,80639200
2019-03-14 00:00:00-04:00,251.70793469576876,252.12838832842567,251.08174516442332,251.52008056640625,67518400
2019-03-15 00:00:00-04:00,252.07076859944303,253.57128140649104,251.88205968642623,252.7626190185547,81309000
2019-03-18 00:00:00-04:00,252.97835455068642,253.9757262440812,252.75372449783706,253.67919921875,62199800
2019-03-19 00:00:00-04:00,254.73951357232417,255.5032339343991,252.85261535045638,253.7421417236328,90268100
2019-03-20 00:00:00-04:00,253.5263828920967,254.73039628954794,251.87310953646286,252.978271484375,84609200
2019-03-21 00:00:00-04:00,252.16065840721987,256.2399193421347,252.11571595617374,255.83560180664062,79550400
2019-03-22 00:00:00-04:00,254.4789000838068,255.0000297509821,250.84887068471875,250.91177368164062,122659300
2019-03-25 00:00:00-04:00,250.57023150053118,251.75628430866098,249.46506961079,250.72299194335938,85575200
2019-03-26 00:00:00-04:00,252.47516797375593,253.54440914506105,251.19029074123256,252.59197998046875,68125900
2019-03-27 00:00:00-04:00,252.58299573112288,253.16705578717867,249.7257081273142,251.2711639404297,72224700
2019-03-28 00:00:00-04:00,251.90008722201625,252.67280125929813,250.74998272003916,252.22354125976562,56238500
2019-03-29 00:00:00-04:00,253.73305556436193,254.13737307946633,252.60990565465173,253.8139190673828,82186800
2019-04-01 00:00:00-04:00,255.808730776996,257.12056268797323,255.5391582447158,256.82403564453125,77617900
2019-04-02 00:00:00-04:00,257.0127320980904,257.1834531340026,256.1591269185293,256.9498291015625,40070400
2019-04-03 00:00:00-04:00,258.1627579277011,258.5581088983009,256.7520750289998,257.3540954589844,68243200
2019-04-04 00:00:00-04:00,257.67758476056383,258.2885718276397,256.9857341776094,258.0369873046875,48997500
2019-04-05 00:00:00-04:00,258.7019475798009,259.33988924285876,258.41441453536396,259.2859802246094,58621700
2019-04-08 00:00:00-04:00,258.8635701451157,259.591369018369,258.2076407936316,259.4835510253906,53566300
2019-04-09 00:00:00-04:00,258.52232737096307,258.8457815990687,257.6058463039934,258.1539306640625,66142300
2019-04-10 00:00:00-04:00,258.5670234122992,259.12412870104095,258.1537119973657,259.0342712402344,52601500
2019-04-11 00:00:00-04:00,259.5195414386195,259.528535413988,258.3963913438245,258.96246337890625,55093100
2019-04-12 00:00:00-04:00,260.5707415983844,260.9930470005595,259.00732592340154,260.7145080566406,69727800
2019-04-15 00:00:00-04:00,260.78647484201645,260.8853263154702,259.74418819639936,260.54388427734375,49596700
2019-04-16 00:00:00-04:00,261.42434637532807,261.4782553695931,260.12148169907687,260.7145080566406,52153200
2019-04-17 00:00:00-04:00,261.8287886640842,261.8557431740678,259.6633516265314,260.0766906738281,58268300
2019-04-18 00:00:00-04:00,260.6605810165059,260.85825645534186,259.36671040242464,260.58868408203125,68708500
2019-04-22 00:00:00-04:00,259.8251261729986,260.96623707797863,259.7352686592267,260.8134765625,40160100
2019-04-23 00:00:00-04:00,261.18190502726463,263.39228496883817,260.94830836776504,263.1586608886719,52246600
2019-04-24 00:00:00-04:00,263.0777235358863,263.410171605521,262.43078792825753,262.5745544433594,50392900
2019-04-25 00:00:00-04:00,262.475714273737,263.06874089132936,261.2267854647723,262.4128112792969,57770900
2019-04-26 00:00:00-04:00,262.45779772184494,263.7067267400949,261.6850559679797,263.6348571777344,50916400
2019-04-29 00:00:00-04:00,263.72467211131345,264.56928329115584,263.634814607374,264.0481262207031,57197700
2019-04-30 00:00:00-04:00,263.706646787458,264.47039433172,262.29599111609195,264.182861328125,81111700
2019-05-01 00:00:00-04:00,264.8118711118755,265.0185406267152,262.18818009576734,262.1971740722656,71671900
2019-05-02 00:00:00-04:00,262.0802107627311,262.9967183753367,260.139404985068,261.6309509277344,65030200
2019-05-03 00:00:00-04:00,263.10463197802125,264.47037250137964,261.7388640340087,264.19183349609375,56543700
2019-05-06 00:00:00-04:00,259.89692165063803,263.54491082051743,259.58243415240935,263.1046447753906,107198100
2019-05-07 00:00:00-04:00,260.70562286447625,261.29864946948265,256.806048601852,258.7109069824219,144729900
2019-05-08 00:00:00-04:00,258.3514099121094,260.05859213332144,257.7583835239863,258.3514099121094,91568300
2019-05-09 00:00:00-04:00,256.2848860812778,258.17175626704255,254.55072152918922,257.56976318359375,103471100
2019-05-10 00:00:00-04:00,256.6353379863347,259.6184316644171,253.65224430825242,258.8636779785156,112429300
2019-05-13 00:00:00-04:00,253.76005395912173,254.721449608434,251.52272030593628,252.35833740234375,127290500
2019-05-14 00:00:00-04:00,253.37369301577155,256.1681049927601,253.24791445118507,254.64060974121094,77003200
2019-05-15 00:00:00-04:00,253.01436566389512,256.7701744962283,252.8076960926803,256.1322326660156,73956400
2019-05-16 00:00:00-04:00,256.8330106305001,259.86101931664007,256.7611410796038,258.5042724609375,76749600
2019-05-17 00:00:00-04:00,256.2040905747572,259.3129631236966,256.18610261959776,256.8330383300781,100353000
2019-05-20 00:00:00-04:00,255.23354386924208,256.9407260832024,254.38893302495606,255.1347198486328,62877600
2019-05-21 00:00:00-04:00,256.8240743983572,257.8124523245358,256.57248978266324,257.4350891113281,46847100
2019-05-22 00:00:00-04:00,256.48256008080267,257.59671617184193,256.1680725781415,256.644287109375,49482500
2019-05-23 00:00:00-04:00,254.42494923843603,254.46986427419012,252.09778552084444,253.5084686279297,98733800
2019-05-24 00:00:00-04:00,254.94605234472476,255.35939128162846,253.46349985025927,254.08348083496094,55268100
2019-05-28 00:00:00-04:00,254.36206462869922,255.31449378901283,251.70245267653993,251.7204132080078,70029400
2019-05-29 00:00:00-04:00,250.6062703090443,251.01058794348035,248.6295149162675,250.0312042236328,104972900
2019-05-30 00:00:00-04:00,250.785904569244,251.62154901071113,249.6178395350318,250.7140350341797,62523800
2019-05-31 00:00:00-04:00,248.17124628444185,248.997869366568,247.30864730223772,247.33560180664062,86862800
2019-06-03 00:00:00-04:00,247.37165292337866,248.48580946184913,245.37693650796638,246.70675659179688,96428000
2019-06-04 00:00:00-04:00,248.99791717121533,252.1966469375377,248.54865706447725,252.06187438964844,77231900
2019-06-05 00:00:00-04:00,253.6792433328334,254.27227006596064,251.87323603991442,254.2453155517578,71169700
2019-06-06 00:00:00-04:00,254.54181262116182,256.5724497666044,253.89487693589513,255.8985595703125,69430400
2019-06-07 00:00:00-04:00,256.91383395209493,259.53752459010883,256.74311294719047,258.45928955078125,74272200
2019-06-10 00:00:00-04:00,260.0047272218072,261.3075921861058,259.5554672231737,259.64532470703125,60799100
2019-06-11 00:00:00-04:00,261.46039300426,261.8287895891115,258.9355533511188,259.5824890136719,58641300
2019-06-12 00:00:00-04:00,259.3487754640748,259.9058533683014,258.6119826265788,259.1241455078125,47096300
2019-06-13 00:00:00-04:00,260.0316933843536,260.55285036170267,259.33084885188674,260.19342041015625,48945200
2019-06-14 00:00:00-04:00,259.90594482421875,260.50793796326803,259.1421972200491,259.90594482421875,52324700
2019-06-17 00:00:00-04:00,260.13953327502185,260.7685083224592,259.83403972704474,260.0047607421875,39205700
2019-06-18 00:00:00-04:00,261.8197473625696,263.7785143172778,261.46031743785153,262.72723388671875,85434800
2019-06-19 00:00:00-04:00,262.862058449699,263.85043609708407,261.8916687545038,263.3203125,78674400
2019-06-20 00:00:00-04:00,265.99796665760397,266.24055727570857,263.3832692020409,265.8362121582031,116570000
2019-06-21 00:00:00-04:00,265.5671176917623,266.82212083031214,265.2330527028107,265.4497375488281,83309500
2019-06-24 00:00:00-04:00,265.6574273212025,265.97341688825486,264.9712218644644,265.1247253417969,47582700
2019-06-25 00:00:00-04:00,265.1788831412484,265.2059687471691,262.41604112123906,262.5243835449219,82028700
2019-06-26 00:00:00-04:00,263.41817988550474,263.9237961241511,262.1541392888887,262.2624816894531,51584900
2019-06-27 00:00:00-04:00,263.02095353294095,263.69812121274236,262.6417550625053,263.1925048828125,40355200
2019-06-28 00:00:00-04:00,264.16764892571615,265.0434536754882,263.6530223625105,264.546875,59350900
2019-07-01 00:00:00-04:00,267.86942429707057,268.08613665460155,265.74762708261784,266.948486328125,78705600
2019-07-02 00:00:00-04:00,266.9033916424673,267.69793952489164,266.0637102660974,267.6437683105469,61504500
2019-07-03 00:00:00-04:00,268.3208916824014,269.80164477374774,268.1764259500246,269.7835693359375,40898900
2019-07-05 00:00:00-04:00,268.5557157881623,269.63919526156394,267.26458916274504,269.4766540527344,51677300
2019-07-08 00:00:00-04:00,268.1674009349462,269.2960135747465,267.454110031467,267.995849609375,45841800
2019-07-09 00:00:00-04:00,266.840222998623,268.6279282653834,266.7860517816925,268.3299865722656,41101300
2019-07-10 00:00:00-04:00,269.3954061841779,270.5601425237143,268.8627041508156,269.6120910644531,58448500
2019-07-11 00:00:00-04:00,270.253117309667,270.4878500388574,269.24188463431943,270.24407958984375,50826100
2019-07-12 00:00:00-04:00,270.73161735765416,271.52616509938144,270.4246380127178,271.45391845703125,40326000
2019-07-15 00:00:00-04:00,271.88735320178154,271.88735320178154,271.03863413807807,271.54425048828125,33900000
2019-07-16 00:00:00-04:00,271.4539059829256,271.6615806276131,270.3614166652641,270.66839599609375,36650100
2019-07-17 00:00:00-04:00,270.641387055438,270.8039007082595,268.8265686035156,268.8265686035156,36036300
2019-07-18 00:00:00-04:00,268.3299433311183,270.18989495674094,267.8875359461371,269.8106689453125,51392600
2019-07-19 00:00:00-04:00,270.90324170741786,270.93032731709434,268.1403993042997,268.31195068359375,58678600
2019-07-22 00:00:00-04:00,268.7091928929078,269.51277855742103,268.1945663171256,268.9710388183594,43638100
2019-07-23 00:00:00-04:00,270.09063745855633,270.8941955566406,269.25996619761105,270.8941955566406,44564500
2019-07-24 00:00:00-04:00,270.13573328679485,272.167236328125,270.04543875193104,272.167236328125,47213200
2019-07-25 00:00:00-04:00,271.7157232126221,271.7698944091797,270.0634190555662,270.86700439453125,55394100
2019-07-26 00:00:00-04:00,271.5533327706519,272.88058279624516,271.4269148853435,272.68194580078125,45084100
2019-07-29 00:00:00-04:00,272.56449822490094,272.68187835964795,271.6345224202421,272.1852722167969,38126500
2019-07-30 00:00:00-04:00,270.7858119974368,271.9234625037329,270.4065859773304,271.51715087890625,45849000
2019-07-31 00:00:00-04:00,271.7609178303265,271.9505446149553,266.5332033083149,268.546630859375,104245200
2019-08-01 00:00:00-04:00,268.70017713336995,271.6526186964665,265.4136429910856,266.20819091796875,142646600
2019-08-02 00:00:00-04:00,265.31426961081803,265.55804002591907,262.6507327117384,264.2037048339844,116749700
2019-08-05 00:00:00-04:00,260.1136319797592,260.22197439410274,254.36222586817163,256.25830078125,178745400
2019-08-06 00:00:00-04:00,258.14529773750104,260.06845795439847,256.6735825460155,259.85174560546875,120711700
2019-08-07 00:00:00-04:00,256.78201534695285,260.7728029003708,254.65120730275834,260.0053405761719,140572300
2019-08-08 00:00:00-04:00,261.49509755220527,265.1066589355469,260.9443476671785,265.1066589355469,87713900
2019-08-09 00:00:00-04:00,264.1676091836573,264.76352003700896,261.5221474446139,263.30084228515625,93730000
2019-08-12 00:00:00-04:00,261.80205988649254,263.2918233491414,259.1475602385619,260.0956115722656,65527600
2019-08-13 00:00:00-04:00,259.79757348733773,265.5851019991185,259.4544708605961,264.1404724121094,94299800
2019-08-14 00:00:00-04:00,260.09556938065884,260.70049034452813,256.20411507951735,256.33050537109375,135622100
2019-08-15 00:00:00-04:00,257.215365095548,257.9015704661981,254.96717731036955,257.0076904296875,99556600
2019-08-16 00:00:00-04:00,258.65992934289835,261.23314372232244,257.06179645637553,260.7997741699219,83018300
2019-08-19 00:00:00-04:00,263.81541271550964,264.6189704308014,263.13824526322384,263.9418029785156,53571800
2019-08-20 00:00:00-04:00,263.43628262555785,263.9689845752752,261.7930432847781,261.91943359375,51596400
2019-08-21 00:00:00-04:00,264.077348056287,264.4204232030708,263.39114265467236,264.0502624511719,49524700
2019-08-22 00:00:00-04:00,264.75450123640525,265.38650783914835,262.1993065597355,263.9689636230469,51666400
2019-08-23 00:00:00-04:00,262.6688127245855,264.3301272824833,255.94227013252467,257.1882629394531,149161500
2019-08-26 00:00:00-04:00,259.37325938101276,260.0323791503906,257.8473727295932,260.0323791503906,72423800
2019-08-27 00:00:00-04:00,261.4229061159633,261.7930945034179,258.25375184938554,259.0121765136719,66668900
2019-08-28 00:00:00-04:00,258.3530199208042,260.99848164367427,257.5494344017355,260.8359680175781,59696700
2019-08-29 00:00:00-04:00,263.39119104890403,264.69135544136327,262.3889683674536,264.16766357421875,57899400
2019-08-30 00:00:00-04:00,265.64836826101157,265.66641614641384,263.12028660352104,264.0502624511719,62901200
2019-09-03 00:00:00-04:00,262.3528717175835,263.2647722903244,261.1790976581127,262.50634765625,69101400
2019-09-04 00:00:00-04:00,264.6731833331905,265.50382668884157,263.9237692156625,265.48577880859375,46887300
2019-09-05 00:00:00-04:00,267.96879736456265,269.8106735830968,265.44972592383255,268.8987731933594,83258100
2019-09-06 00:00:00-04:00,269.2147542351201,269.74745608960535,268.537586657619,269.10638427734375,49584300
2019-09-09 00:00:00-04:00,270.0906013596085,270.18086834097136,268.3028687534425,269.24188232421875,51260300
2019-09-10 00:00:00-04:00,268.4834677166774,269.24191987648885,267.22846442804376,269.1787109375,57947100
2019-09-11 00:00:00-04:00,269.48563003768334,271.17403024628595,268.8355480133743,271.0927734375,68821100
2019-09-12 00:00:00-04:00,271.9956759928493,273.08816543274827,271.23725152228974,272.03179931640625,72908700
2019-09-13 00:00:00-04:00,272.47419270681183,272.82633309685326,271.4810080151809,271.8511962890625,62104800
2019-09-16 00:00:00-04:00,270.7226346420475,271.896408609539,270.3705217396185,271.0115661621094,58191200
2019-09-17 00:00:00-04:00,270.8128810983628,271.78799036288956,270.6413297609149,271.6977233886719,41475500
2019-09-18 00:00:00-04:00,271.30945217296875,271.968571901471,269.27794933684083,271.8602294921875,73375800
2019-09-19 00:00:00-04:00,272.2485052514616,273.24169007108816,271.5081286082832,271.8421936035156,76560500
2019-09-20 00:00:00-04:00,272.44453398766126,272.72574806029104,269.7687235406922,270.557861328125,89565000
2019-09-23 00:00:00-04:00,269.89556952748023,271.2108170035137,269.64159394991134,270.4942321777344,43476800
2019-09-24 00:00:00-04:00,271.582733535712,271.9727625422939,267.4102536031992,268.3717346191406,94869400
2019-09-25 00:00:00-04:00,268.4533536576858,270.40352627736024,266.97484206860895,269.9590759277344,71854000
2019-09-26 00:00:00-04:00,269.9682417151954,270.1768477756016,267.99085778219984,269.39678955078125,56179700
2019-09-27 00:00:00-04:00,270.1496445739282,270.258515016911,266.394430888546,267.94549560546875,84746600
2019-09-30 00:00:00-04:00,268.4624431933133,269.89558524708093,268.4171012837451,269.1880798339844,51662400
2019-10-01 00:00:00-04:00,270.06797514180766,270.7210593029976,265.7685205613803,265.9862060546875,88242400
2019-10-02 00:00:00-04:00,264.4079467960568,264.4170262525811,259.99964920337914,261.28765869140625,122539500
2019-10-03 00:00:00-04:00,261.06090402575535,263.45555541593865,258.34880381994094,263.4283447265625,85278800
2019-10-04 00:00:00-04:00,264.0813879558739,267.2470176140269,264.0269389043035,266.9930419921875,65091200
2019-10-07 00:00:00-04:00,266.1948921658021,267.818537273,265.5599391103268,265.84112548828125,59610500
2019-10-08 00:00:00-04:00,263.99065687623875,264.72537300214316,261.67763808472165,261.71392822265625,95708100
2019-10-09 00:00:00-04:00,263.72755776070306,265.13348895657083,263.1016844718949,264.19921875,62359400
2019-10-10 00:00:00-04:00,264.1176650870851,266.8660551651619,263.9544009671046,265.9862060546875,55296300
2019-10-11 00:00:00-04:00,268.7346034051052,270.9750422719158,268.6167088805522,268.7436828613281,98720400
2019-10-14 00:00:00-04:00,268.42614651152667,269.0973894531063,268.0996183355658,268.4443054199219,40394800
2019-10-15 00:00:00-04:00,269.48751570095226,271.84587709862797,269.36959347887756,271.1020812988281,46754500
2019-10-16 00:00:00-04:00,270.63941529110076,271.3560002499491,270.23125500917473,270.6666259765625,48928200
2019-10-17 00:00:00-04:00,271.8276621175921,272.3356133684746,270.77546947468795,271.46484375,45736600
2019-10-18 00:00:00-04:00,270.92972608659727,271.5737308704061,269.4240033178338,270.2766418457031,64304000
2019-10-21 00:00:00-04:00,271.59179224199676,272.3083493813206,271.1563936773508,272.1087951660156,39048600
2019-10-22 00:00:00-04:00,272.6440336093649,272.93429940069217,271.12925918317654,271.219970703125,48594700
2019-10-23 00:00:00-04:00,270.9660114166438,272.0635461348605,270.75737767629226,272.0091247558594,34352200
2019-10-24 00:00:00-04:00,272.9432805796984,273.0884134231047,271.6280332171942,272.4534606933594,35453100
2019-10-25 00:00:00-04:00,271.8820684135941,274.1134552290327,271.82764704553614,273.5692138671875,45205400
2019-10-28 00:00:00-04:00,274.7846473563298,275.61007494387354,274.7574366745982,275.1111755371094,42147000
2019-10-29 00:00:00-04:00,274.83912723810425,275.95482078917917,274.7121255754735,275.02960205078125,44284900
2019-10-30 00:00:00-04:00,275.22919747728037,276.24510020516715,273.92302891820503,275.87322998046875,49643900
2019-10-31 00:00:00-04:00,275.8640003646187,275.8640003646187,273.6870631782008,275.1383361816406,69053800
2019-11-01 00:00:00-04:00,276.58073316174546,277.73268933726877,276.41744133237114,277.6873474121094,71141500
2019-11-04 00:00:00-05:00,279.23837720396307,279.374430643672,278.43108065957426,278.802978515625,60606900
2019-11-05 00:00:00-05:00,279.0024274222912,279.3017725578726,278.2042106357529,278.4944763183594,42933200
2019-11-06 00:00:00-05:00,278.4946046311865,278.8302123707764,277.61475540627197,278.55810546875,46487100
2019-11-07 00:00:00-05:00,279.89145582645773,280.87106825413883,279.06602806695554,279.5376892089844,54272300
2019-11-08 00:00:00-05:00,279.19298934454866,280.2814721535745,278.4945632788722,280.22705078125,49032100
2019-11-11 00:00:00-05:00,278.8483051362286,279.8642075711623,278.71222403622494,279.6918640136719,35797300
2019-11-12 00:00:00-05:00,280.0546986848405,281.1794439203386,279.5104572968919,280.2814636230469,46484600
2019-11-13 00:00:00-05:00,279.2928193961337,280.77133147412957,279.0660544192944,280.3722229003906,53917700
2019-11-14 00:00:00-05:00,280.09095744342886,280.8619636831978,279.4560046150865,280.7803039550781,51219900
2019-11-15 00:00:00-05:00,282.1137105902836,282.8575062211695,281.4243640106054,282.8121643066406,62023600
2019-11-18 00:00:00-05:00,282.57636250635056,283.2566574144179,282.122832567639,283.02081298828125,49228000
2019-11-19 00:00:00-05:00,283.619442778009,283.62852223373176,282.2951432620522,282.93914794921875,67804700
2019-11-20 00:00:00-05:00,282.3495416770167,282.86657234836355,280.3358680402715,281.8869323730469,79406200
2019-11-21 00:00:00-05:00,281.99581092576324,282.1046536636578,280.635221339549,281.43341064453125,54664700
2019-11-22 00:00:00-05:00,282.17718732194487,282.3132407351811,281.0524421975064,282.05926513671875,44850200
2019-11-25 00:00:00-05:00,282.984501675249,284.24530029296875,282.984501675249,284.24530029296875,48647200
2019-11-26 00:00:00-05:00,284.2816591210013,285.0707968398084,283.9641826057425,284.8893737792969,37569000
2019-11-27 00:00:00-05:00,285.37010586387197,286.1592712402344,285.15242034281846,286.1592712402344,44444600
2019-11-29 00:00:00-05:00,285.5967415266676,285.84166530822546,284.8711049975358,285.0978698730469,36592700
2019-12-02 00:00:00-05:00,285.3518958206147,285.4153966404745,282.24976727728045,282.67608642578125,75767800
2019-12-03 00:00:00-05:00,279.9639558052549,280.8619636831978,278.5852351006926,280.7803039550781,73941700
2019-12-04 00:00:00-05:00,281.82350125041523,283.11151071206064,281.4788140847929,282.5128479003906,49080000
2019-12-05 00:00:00-05:00,283.211315493055,283.229446725346,281.7146445502904,283.02081298828125,40709000
2019-12-06 00:00:00-05:00,284.9256316357635,286.0050350565463,284.9165521793852,285.6059265136719,48927000
2019-12-09 00:00:00-05:00,285.2157757847305,285.8869909199922,284.63524444949843,284.70782470703125,34838500
2019-12-10 00:00:00-05:00,284.65358860982013,285.3157247235004,283.73744911072475,284.3905334472656,52649800
2019-12-11 00:00:00-05:00,284.8439568182491,285.4516989977195,284.3087949163725,285.1977233886719,53429100
2019-12-12 00:00:00-05:00,285.2067809563498,288.43591134323987,284.9709642525427,287.6558532714844,96389600
2019-12-13 00:00:00-05:00,287.4199676298921,289.0526914993744,286.64896144274167,287.8281555175781,81503900
2019-12-16 00:00:00-05:00,289.5516578841208,290.3952169345024,287.7647488016478,289.8056335449219,82749700
2019-12-17 00:00:00-05:00,290.1865865771561,290.4859041346796,289.78747804627915,289.8691101074219,61097700
2019-12-18 00:00:00-05:00,290.2590437176081,290.4858085955125,289.8327246398975,289.88714599609375,48133000
2019-12-19 00:00:00-05:00,290.07778994241556,291.1481418282076,289.82381423827144,291.0755615234375,85310500
2019-12-20 00:00:00-05:00,292.10549549710834,293.4818986755226,291.13019089245233,292.35162353515625,147142100
2019-12-23 00:00:00-05:00,293.1354448960883,293.19013382059256,292.6523408513955,292.7981872558594,52990000
2019-12-24 00:00:00-05:00,293.0260982506087,293.07166308676193,292.5065255951328,292.8073425292969,20270000
2019-12-26 00:00:00-05:00,293.1902210059652,294.3752129631039,293.18112472741444,294.3660888671875,30911200
2019-12-27 00:00:00-05:00,295.0953240109606,295.1500129574212,293.7645132848047,294.2931823730469,42528800
2019-12-30 00:00:00-05:00,294.3752190438764,294.5119413986182,292.1875500985432,292.670654296875,49729100
2019-12-31 00:00:00-05:00,292.1693441370268,293.62778090007464,291.82296227634913,293.38165283203125,57077300
2020-01-02 00:00:00-05:00,294.91296621198353,296.1435228475682,293.9923228046252,296.1252746582031,59151200
2020-01-03 00:00:00-05:00,292.74356586892327,295.0041439336054,292.688876931802,293.8829650878906,77709700
2020-01-06 00:00:00-05:00,292.1328118215423,295.08615327203825,292.0143098616565,295.0041198730469,55653900
2020-01-07 00:00:00-05:00,294.4390032296372,294.91301114756425,293.7280191701127,294.1746826171875,40496400
2020-01-08 00:00:00-05:00,294.3660894233574,296.95480128822834,294.1199891894408,295.74249267578125,68296000
2020-01-09 00:00:00-05:00,297.3012585509011,297.8208314383512,296.71787261045756,297.7478942871094,48473300
2020-01-10 00:00:00-05:00,298.33117684890317,298.4861195611985,296.42610473911026,296.8909606933594,53029300
2020-01-13 00:00:00-05:00,297.51092336238355,298.94198812674006,297.08250799770565,298.9328918457031,47086800
2020-01-14 00:00:00-05:00,298.49524063629786,299.54348231822837,297.9209789989077,298.4770202636719,62832800
2020-01-15 00:00:00-05:00,298.3858164658878,299.9080379561586,298.3037830757557,299.1514892578125,72056600
2020-01-16 00:00:00-05:00,300.52795985830204,301.6400146484375,300.30008000636747,301.6400146484375,54050300
2020-01-17 00:00:00-05:00,302.35097758583424,302.7884890679203,301.5761805798231,302.578857421875,95846000
2020-01-21 00:00:00-05:00,301.62175645504635,302.7885001455664,301.5488471444855,301.9863586425781,77742400
2020-01-22 00:00:00-05:00,302.84325022550865,303.4904491427102,301.8679454358583,302.02288818359375,48914900
2020-01-23 00:00:00-05:00,301.3755576490368,302.77930482006144,300.2635032595623,302.3691101074219,51963000
2020-01-24 00:00:00-05:00,303.0255562651374,303.10758968515563,298.39502145229517,299.6802673339844,87578400
2020-01-27 00:00:00-05:00,294.44811064824233,296.35318285602233,294.1108529210448,294.87652587890625,84062500
2020-01-28 00:00:00-05:00,296.2984568633764,298.8416034600196,294.96764649476006,297.966552734375,63834000
2020-01-29 00:00:00-05:00,299.32474201380455,299.5526218615138,297.5199236056963,297.720458984375,53888900
2020-01-30 00:00:00-05:00,295.6603946749964,298.89630496665,294.91296997027223,298.6866455078125,75491800
2020-01-31 00:00:00-05:00,298.06685040639036,298.2218209474655,292.35163365596884,293.2631530761719,113845600
2020-02-03 00:00:00-05:00,294.73985138812446,297.30121909243115,294.6213493961139,295.44171142578125,69083000
2020-02-04 00:00:00-05:00,299.0421847479902,300.8105346597248,298.7231473854342,299.944580078125,62573200
2020-02-05 00:00:00-05:00,302.870532103236,303.6179846653886,301.41212336008243,303.4083251953125,65951100
2020-02-06 00:00:00-05:00,304.3654167083422,304.6206410029242,303.35361580732535,304.4292297363281,50359700
2020-02-07 00:00:00-05:00,303.3718697108561,304.4383317479117,302.25981501693957,302.8067321777344,64139400
2020-02-10 00:00:00-05:00,301.92256617332515,305.1311042908256,301.886097610239,305.0672912597656,42070000
2020-02-11 00:00:00-05:00,306.41643141068727,307.20032491265226,305.0673723913546,305.5960693359375,54864500
2020-02-12 00:00:00-05:00,307.02702899526753,307.77448148627434,306.6624268441835,307.5648498535156,43992700
2020-02-13 00:00:00-05:00,306.1428904532812,308.20293318619815,305.8694457619048,307.2367248535156,54501900
2020-02-14 00:00:00-05:00,307.64690946641167,307.8474448392001,306.4528213248784,307.72894287109375,64582200
2020-02-18 00:00:00-05:00,306.735347223604,307.79271287619065,305.550355525555,306.9358825683594,57226200
2020-02-19 00:00:00-05:00,307.90211788539574,309.07795777585227,307.61954912250815,308.4034423828125,48814700
2020-02-20 00:00:00-05:00,307.85655491074664,308.67694462905206,304.1557883522253,307.136474609375,74163400
2020-02-21 00:00:00-05:00,305.7874869129343,306.09740024451344,303.1531818684547,303.97357177734375,113788200
2020-02-24 00:00:00-05:00,294.5483849080448,304.0464012409805,292.8164758374308,293.89208984375,161088400
2020-02-25 00:00:00-05:00,295.2775405729495,295.88824287722144,284.11143004396996,284.9864807128906,218913200
2020-02-26 00:00:00-05:00,286.3812203362082,289.96348567658595,283.20914994146716,283.9383544921875,194773800
2020-02-27 00:00:00-05:00,278.43268874388383,283.9929622601153,271.1861267089844,271.1861267089844,284353500
2020-02-28 00:00:00-05:00,263.155727800716,271.53259540965934,260.2753224373834,270.04681396484375,384975800
2020-03-02 00:00:00-05:00,271.8241810091955,281.80532914475464,268.40598340350584,281.74151611328125,238703600
2020-03-03 00:00:00-05:00,282.11520716459734,286.07119736155244,271.24078921564694,273.6745300292969,300139100
2020-03-04 00:00:00-05:00,279.03425638312916,285.3966704893052,276.4911099959197,285.1778869628906,176613400
2020-03-05 00:00:00-05:00,277.9951357880224,281.17632889627316,273.46488424875696,275.6980895996094,186366800
2020-03-06 00:00:00-05:00,267.2118271902237,272.34368433894815,264.5502069103932,271.1404724121094,228667200
2020-03-09 00:00:00-04:00,250.94126219037892,259.04468244351574,249.25497367188592,249.96595764160156,309417300
2020-03-10 00:00:00-04:00,259.4549092564181,262.9915813511426,249.30056924454237,262.90045166015625,276444100
2020-03-11 00:00:00-04:00,255.863530672836,256.9938059331485,246.91240265024598,250.08447265625,255316300
2020-03-12 00:00:00-04:00,233.34894558391483,243.06574485920348,225.7650981762707,226.1570587158203,392220700
2020-03-13 00:00:00-04:00,239.8116265596918,247.45928738947632,226.53079663529957,245.4904022216797,329566100
2020-03-16 00:00:00-04:00,219.84022288446778,234.16930770515287,216.3582263151674,218.62791442871094,297240000
2020-03-17 00:00:00-04:00,223.35869921057358,233.50392810842425,216.09390266325667,230.43209838867188,262070500
2020-03-18 00:00:00-04:00,215.34643578529358,226.39404531004064,207.84463580030425,218.76463317871094,327597100
2020-03-19 00:00:00-04:00,218.08099810602204,225.49165465544974,211.6730183757266,219.22950744628906,289322000
2020-03-20 00:00:00-04:00,222.37074721498362,224.14949538908877,209.50693107809147,209.78199768066406,347158800
2020-03-23 00:00:00-04:00,209.22266488933178,210.5888059303928,200.11804724519777,204.418212890625,326025200
2020-03-24 00:00:00-04:00,214.9348561536564,223.81025556170377,214.3663954320049,222.939208984375,235494500
2020-03-25 00:00:00-04:00,224.51626550550066,235.0420516206146,219.8218472180857,226.27667236328125,299430300
2020-03-26 00:00:00-04:00,228.77973377835932,240.95587614121874,228.34879937507776,239.4888916015625,257632800
2020-03-27 00:00:00-04:00,232.21804924789328,239.13131375893414,230.18257586335054,232.35557556152344,224341200
2020-03-30 00:00:00-04:00,234.44607454125364,240.6166693743866,232.45644779685475,239.90150451660156,171369500
2020-03-31 00:00:00-04:00,238.90208181788717,241.4418275508448,234.92282878626662,236.32565307617188,194881100
2020-04-01 00:00:00-04:00,227.36771002403904,236.2431083425227,223.62684104588152,225.6898193359375,189554600
2020-04-02 00:00:00-04:00,224.8096570813122,231.67707467324524,224.25952385795503,230.89773559570312,177660400
2020-04-03 00:00:00-04:00,229.91670637380005,232.2639297273694,224.83719992307752,227.56033325195312,135561200
2020-04-06 00:00:00-04:00,236.40815247528656,244.80677011871967,227.54193143111638,242.84463500976562,188061200
2020-04-07 00:00:00-04:00,251.41752356864058,252.16937148515606,242.87222776811677,243.09226989746094,201427200
2020-04-08 00:00:00-04:00,245.68696224301036,253.05867943513024,243.20222724698658,251.25242614746094,153774500
2020-04-09 00:00:00-04:00,254.50734750334323,257.8264741218556,252.57274558290803,255.07583618164062,189999200
2020-04-13 00:00:00-04:00,254.10386295990153,254.44310371758465,248.85013614504348,252.7468719482422,114839100
2020-04-14 00:00:00-04:00,257.6247434043118,261.2188944182337,252.60941275513804,260.201171875,134143400
2020-04-15 00:00:00-04:00,254.49824549327255,260.3387633386726,252.56361522887224,254.67245483398438,121775000
2020-04-16 00:00:00-04:00,255.9468642691427,256.7537225719264,252.83865783107498,255.90103149414062,131798300
2020-04-17 00:00:00-04:00,261.658962878332,263.4193550866855,258.9266530783905,262.8142395019531,146684800
2020-04-20 00:00:00-04:00,259.11925837284326,262.95183530213035,257.96400942467557,258.1840515136719,100109300
2020-04-21 00:00:00-04:00,253.72805974076354,254.92916957927525,249.4095373940222,250.3447723388672,126385700
2020-04-22 00:00:00-04:00,255.21337198348687,257.6430966582761,253.89306348455668,255.90103149414062,92951600
2020-04-23 00:00:00-04:00,257.1754630685727,260.3387078110824,255.5801020580558,255.88265991210938,104709700
2020-04-24 00:00:00-04:00,257.39560066112443,260.11873398584896,255.3509492350438,259.44940185546875,85063200
2020-04-27 00:00:00-04:00,261.4205849434391,264.30874873794517,260.96214535761493,263.1901550292969,77896600
2020-04-28 00:00:00-04:00,266.8302216256885,267.1786402598977,261.67736409264813,261.9799499511719,105270000
2020-04-29 00:00:00-04:00,267.2978754969445,270.36942737195216,266.27097494933463,268.8382263183594,118745600
2020-04-30 00:00:00-04:00,267.4629491155694,268.9391398704189,264.6022891460337,266.335205078125,122901700
2020-05-01 00:00:00-04:00,261.5948274910563,266.5001372793607,258.1198471539412,259.2843017578125,125180000
2020-05-04 00:00:00-04:00,257.4046969992286,260.30203907180845,255.92853469244014,259.9994812011719,80873200
2020-05-05 00:00:00-04:00,262.81430977989436,265.20735144767355,260.1278320243504,262.4017028808594,79569900
2020-05-06 00:00:00-04:00,264.09790497007816,264.48297858278846,260.19199044127004,260.6229248046875,73632600
2020-05-07 00:00:00-04:00,263.83207158010157,265.69333581380084,263.2636107768448,263.76788330078125,75250400
2020-05-08 00:00:00-04:00,266.89434866344646,268.59975843411314,265.7665772347648,268.13214111328125,76452400
2020-05-11 00:00:00-04:00,266.20676247386785,269.56254444611375,265.7850057832069,268.1872253417969,79514200
2020-05-12 00:00:00-04:00,269.37009800773325,269.78267708892804,262.70436460396604,262.8419189453125,95870800
2020-05-13 00:00:00-04:00,262.2825114779081,263.31858964743844,255.7726623265701,258.1932373046875,144721100
2020-05-14 00:00:00-04:00,255.76347804149395,261.41142959963264,250.29885756390482,261.2830810546875,121977900
2020-05-15 00:00:00-04:00,258.8992207520091,262.5300551877956,257.95483612918537,262.4842224121094,111146300
2020-05-18 00:00:00-04:00,268.6915050760796,272.0839701507051,268.3706196611589,270.47943115234375,119703800
2020-05-19 00:00:00-04:00,269.8834715117107,271.58885385664627,267.68296642946405,267.7012939453125,95189300
2020-05-20 00:00:00-04:00,271.23127021904025,273.1108617924765,271.00205036955106,272.2489929199219,85861700
2020-05-21 00:00:00-04:00,272.1206276660374,272.92748596370774,269.278296110494,270.369384765625,78293900
2020-05-22 00:00:00-04:00,270.08513201578137,271.05702179895974,268.8473394108852,270.8828125,63958200
2020-05-26 00:00:00-04:00,276.83335693039163,277.07175449936034,270.90114681308035,274.2202453613281,88951400
2020-05-27 00:00:00-04:00,277.007581296367,278.3370675296901,272.19396476879547,278.3003845214844,104817400
2020-05-28 00:00:00-04:00,279.3272767982314,281.3352447299404,277.1175942986496,277.78692626953125,90405200
2020-05-29 00:00:00-04:00,277.31936982817837,279.61156861200794,274.57790903661964,279.0247802734375,119090800
2020-06-01 00:00:00-04:00,278.38298641761384,280.75770128141716,277.86953606765337,280.1525573730469,55758300
2020-06-02 00:00:00-04:00,281.0693740975131,282.5180592457431,279.73991573138625,282.4721984863281,74267200
2020-06-03 00:00:00-04:00,284.4526664557033,287.1849772402928,284.17761381806736,286.2314147949219,92567600
2020-06-04 00:00:00-04:00,285.2503333753304,286.9832488519643,283.38906933428206,285.47955322265625,75794400
2020-06-05 00:00:00-04:00,290.8616625425781,294.565835177491,290.7974742690629,292.7962646484375,150524700
2020-06-08 00:00:00-04:00,293.60307791418927,296.52792499363557,293.0621225082108,296.33538818359375,73641200
2020-06-09 00:00:00-04:00,293.67644251654445,296.40875303318035,292.814573695221,294.125732421875,77479200
2020-06-10 00:00:00-04:00,294.70338803982554,295.5927621739855,291.7693627776029,292.4845275878906,95000800
2020-06-11 00:00:00-04:00,285.57125517345406,286.2039042091924,275.07300264511355,275.62310791015625,209243600
2020-06-12 00:00:00-04:00,282.6188812960742,283.38905659074294,273.7801789307393,278.9238586425781,194678900
2020-06-15 00:00:00-04:00,273.2483818586524,282.65557322051234,272.0747773753375,281.5278015136719,135782700
2020-06-16 00:00:00-04:00,289.25708690915724,289.4037909524716,282.0962619316776,286.946533203125,137627500
2020-06-17 00:00:00-04:00,287.9643213952654,288.25772952024136,285.02111835943526,285.754638671875,83398900
2020-06-18 00:00:00-04:00,284.2417274083413,286.34136061280276,283.78328781211144,285.8645935058594,80828700
2020-06-19 00:00:00-04:00,289.32351796858586,289.5169020088502,282.28772263184885,284.2308654785156,135549600
2020-06-22 00:00:00-04:00,283.6323733290194,286.45036871018254,282.4904486423991,286.05438232421875,74649400
2020-06-23 00:00:00-04:00,288.6973956071107,289.627527981212,286.9660723422408,287.37127685546875,68471200
2020-06-24 00:00:00-04:00,285.336089865643,285.953114826548,278.20822201391996,280.04083251953125,132813500
2020-06-25 00:00:00-04:00,279.4697269654065,283.30995008269394,277.4529233871567,283.0428771972656,89468000
2020-06-26 00:00:00-04:00,281.9470509652658,282.1588713157659,275.7400992165521,276.32025146484375,127961000
2020-06-29 00:00:00-04:00,277.5726630447487,280.5195706737061,275.2887864464556,280.3814392089844,79773300
2020-06-30 00:00:00-04:00,279.94872310498295,285.66762102118946,279.7921834155964,283.9731140136719,113394800
2020-07-01 00:00:00-04:00,285.08739818187286,287.22392574002134,284.62694111006857,285.9622497558594,72396500
2020-07-02 00:00:00-04:00,289.38809746937955,290.7326525675876,286.87401944452057,287.5370788574219,69344200
2020-07-06 00:00:00-04:00,291.3496151795207,292.55601050927066,290.6036769406393,291.975830078125,61713800
2020-07-07 00:00:00-04:00,290.43788464051073,292.4086261412663,288.58683836174674,288.96441650390625,82910000
2020-07-08 00:00:00-04:00,289.7287189273089,291.2850657221682,287.96979804712055,291.174560546875,54638600
2020-07-09 00:00:00-04:00,291.7823777440841,292.0218243686505,286.10954433852584,289.5169372558594,83354200
2020-07-10 00:00:00-04:00,289.4524563986217,292.74012588856067,288.02505104229334,292.4730529785156,57550400
2020-07-13 00:00:00-04:00,294.8123186633165,297.18826534712787,289.2868325014448,289.940673828125,102997500
2020-07-14 00:00:00-04:00,288.52234618472755,294.47147088494086,287.32516922126496,293.6979064941406,93657000
2020-07-15 00:00:00-04:00,296.9119193662305,297.4920997478603,294.02023559241456,296.3962097167969,87196500
2020-07-16 00:00:00-04:00,294.4991602617193,295.87131342816184,293.85450907927094,295.4200744628906,54622500
2020-07-17 00:00:00-04:00,296.42389995374253,297.059333070297,294.45312985797676,296.27655029296875,62774900
2020-07-20 00:00:00-04:00,296.0094126786261,299.4168060932532,295.2634745052949,298.6708679199219,56308800
2020-07-21 00:00:00-04:00,300.6323928502155,301.07441359288947,298.3208896684092,299.3062744140625,57292200
2020-07-22 00:00:00-04:00,298.9471708971752,301.32314533336705,298.83666568694713,301.010009765625,57792900
2020-07-23 00:00:00-04:00,300.65081332964456,301.35071700630476,296.05546117826077,297.41839599609375,75738000
2020-07-24 00:00:00-04:00,295.5674004213925,296.5251308789289,294.00183516323403,295.5029296875,73766600
2020-07-27 00:00:00-04:00,296.1936780663919,297.8329044364121,295.40167713485863,297.6579284667969,48293000
2020-07-28 00:00:00-04:00,296.9303522871835,298.04467867981947,295.47532024869815,295.77001953125,57495000
2020-07-29 00:00:00-04:00,296.6447899546174,299.9693038484055,296.6079455283643,299.40753173828125,48454200
2020-07-30 00:00:00-04:00,296.4421835001925,298.7536864192263,294.36093716387984,298.3392639160156,61861700
2020-07-31 00:00:00-04:00,300.1258457184252,300.7981230082648,295.9172622915835,300.6968078613281,84986800
2020-08-03 00:00:00-04:00,302.3545227663099,303.5516998495723,301.8111868221174,302.787353515625,53077900
2020-08-04 00:00:00-04:00,301.930856580021,303.9568786621094,301.930856580021,303.9568786621094,41917900
2020-08-05 00:00:00-04:00,305.2554171505095,306.10267054186585,304.98834417548517,305.84478759765625,42697700
2020-08-06 00:00:00-04:00,305.2646080403921,308.00891400036295,304.9422824929676,307.8891906738281,43679400
2020-08-07 00:00:00-04:00,306.922272863609,308.3957411535914,306.0197668612782,308.1102600097656,57308300
2020-08-10 00:00:00-04:00,308.56160513686007,309.21544655215484,306.6276790972866,309.0312805175781,44282100
2020-08-11 00:00:00-04:00,310.2099129722672,310.8453459347755,305.7526922046899,306.4801940917969,69601100
2020-08-12 00:00:00-04:00,308.91146746286313,311.52686046889016,308.88384116049235,310.7532958984375,53774400
2020-08-13 00:00:00-04:00,309.9888955675153,311.4992082489788,309.2705836615696,310.1914978027344,41816100
2020-08-14 00:00:00-04:00,309.80469729931406,310.73482947821054,309.0771673345119,310.20068359375,47260400
2020-08-17 00:00:00-04:00,311.2137835316429,311.58214363407274,310.2099903082899,311.1861572265625,35481000
2020-08-18 00:00:00-04:00,311.58207682428633,312.281980541681,309.98888529540005,311.8583679199219,38733900
2020-08-19 00:00:00-04:00,312.2359484919656,312.7516581960092,309.99813372934017,310.5599060058594,68054200
2020-08-20 00:00:00-04:00,308.8378643926373,312.00581243031274,308.7089509804478,311.5269470214844,42207800
2020-08-21 00:00:00-04:00,311.1953037485117,312.85293788001695,310.8545419255064,312.6319274902344,55106600
2020-08-24 00:00:00-04:00,315.0631784958775,315.8735875319697,312.60435318835533,315.7999267578125,48588700
2020-08-25 00:00:00-04:00,316.36163229349035,316.9878471615432,315.2012714878101,316.90496826171875,38463400
2020-08-26 00:00:00-04:00,317.4943564112972,320.34916765874164,316.9510204608459,320.0821228027344,50790200
2020-08-27 00:00:00-04:00,320.94782937860447,322.22788555251475,319.1244090738759,320.78204345703125,58034100
2020-08-28 00:00:00-04:00,321.80420702373715,322.9829758804368,320.61622003326073,322.8540344238281,48588900
2020-08-31 00:00:00-04:00,322.64223722364346,323.517088692937,321.4542502514148,321.6844787597656,66099200
2020-09-01 00:00:00-04:00,322.51335702094957,324.81564254170917,321.620069114732,324.71435546875,54908700
2020-09-02 00:00:00-04:00,326.62058140555735,330.3778981673585,325.47862893248646,329.41094970703125,69540000
2020-09-03 00:00:00-04:00,327.72571683022153,328.19539204398836,315.4959779391516,318.0745544433594,148011100
2020-09-04 00:00:00-04:00,318.7560834008521,320.3216209085487,308.3865789911979,315.4776306152344,139156300
2020-09-08 00:00:00-04:00,310.0809875272591,315.54202965407626,306.55389879011744,306.8577880859375,114465300
2020-09-09 00:00:00-04:00,310.8545223596372,315.3762136597868,309.9888609153848,312.9173889160156,91462300
2020-09-10 00:00:00-04:00,314.7869130200324,315.44075426286713,306.5263111431715,307.48406982421875,90569500
2020-09-11 00:00:00-04:00,309.2613511061483,310.32039660205055,304.8225388111135,307.6405334472656,84680200
2020-09-14 00:00:00-04:00,310.7992781526269,313.46073328485505,307.78789928384793,311.69256591796875,65605700
2020-09-15 00:00:00-04:00,314.142277247769,314.97109448568426,311.7018600067676,313.2674255371094,52920900
2020-09-16 00:00:00-04:00,314.50143147881846,315.92883731092843,311.74787878709503,312.024169921875,82096000
2020-09-17 00:00:00-04:00,307.18007184112935,310.99266929417666,306.65514411572747,309.2797546386719,91523300
2020-09-18 00:00:00-04:00,310.08323122180803,310.1941787550104,303.24119391420174,305.7191162109375,105877900
2020-09-21 00:00:00-04:00,301.142326624104,302.4644982707125,297.4716623333605,302.3165588378906,99450800
2020-09-22 00:00:00-04:00,303.79599750028683,305.95030428150574,301.29030979270976,305.3955383300781,63612100
2020-09-23 00:00:00-04:00,305.9503223752341,306.22771947563723,297.8138486616711,298.3131408691406,93112200
2020-09-24 00:00:00-04:00,297.00024885781556,302.1595085374378,295.6873034004473,299.10833740234375,76681300
2020-09-25 00:00:00-04:00,298.2575635423611,304.72976588504673,297.3884651870098,303.9438781738281,71069400
2020-09-28 00:00:00-04:00,308.09544576444915,309.7042419499173,307.1061162454565,308.9923095703125,64584600
2020-09-29 00:00:00-04:00,308.78893726918153,309.5286066392334,306.6161196968597,307.3095703125,51304000
2020-09-30 00:00:00-04:00,307.97519790754353,312.78313211808506,307.781039690102,309.6394958496094,104081100
2020-10-01 00:00:00-04:00,312.22833451482296,313.1991537202758,309.75041203082435,311.6273498535156,88698700
2020-10-02 00:00:00-04:00,306.6900399805022,311.5996670640401,306.2184846303253,308.6686706542969,89431100
2020-10-05 00:00:00-04:00,310.72123983393703,314.32717611812427,310.67502109585257,314.14227294921875,45713100
2020-10-06 00:00:00-04:00,314.28100446334764,316.3706109226611,309.1679640929143,309.6764831542969,90128900
2020-10-07 00:00:00-04:00,312.62602636258725,315.87138428689724,312.59828946650674,315.0669860839844,56999600
2020-10-08 00:00:00-04:00,316.9992592418316,317.92385966066934,316.0838856399177,317.859130859375,45242500
2020-10-09 00:00:00-04:00,319.50501111946494,321.16005424971684,318.8855444605007,320.69775390625,59528600
2020-10-12 00:00:00-04:00,323.2310413996827,327.3270142850216,322.7410043300661,325.8569030761719,80388500
2020-10-13 00:00:00-04:00,325.71829333157706,325.89396970025575,322.76881520469266,323.73040771484375,73255500
2020-10-14 00:00:00-04:00,324.30370036496896,325.39472243527376,320.96590533211065,321.6963195800781,57727900
2020-10-15 00:00:00-04:00,317.79443172197927,321.7794576418191,317.2581758442864,321.2986755371094,60357700
2020-10-16 00:00:00-04:00,322.64865110187765,324.3036942490065,320.9289073505997,321.1045837402344,89501900
2020-10-19 00:00:00-04:00,322.36198948401005,322.9907111121093,315.3257925506402,316.22265625,68425600
2020-10-20 00:00:00-04:00,317.5632439464316,320.72538971441617,316.80509306669023,317.4892883300781,60051900
2020-10-21 00:00:00-04:00,317.4430433315355,319.6066331009399,316.5831717303874,316.8883056640625,63575000
2020-10-22 00:00:00-04:00,317.1010016263074,319.20908978421284,314.96517658013624,318.6265869140625,55399300
2020-10-23 00:00:00-04:00,319.8470279304944,319.9025017003484,317.25815794875194,319.7083435058594,49143900
2020-10-26 00:00:00-04:00,316.3335056600369,317.11942155960736,310.3143486681016,313.80010986328125,91473000
2020-10-27 00:00:00-04:00,314.14230712329396,314.475149793473,312.5057460118679,312.7184143066406,65994100
2020-10-28 00:00:00-04:00,307.05992076846246,312.746209849687,301.5400530535388,302.03009033203125,127094300
2020-10-29 00:00:00-04:00,302.26117045534187,308.2618190207296,300.57839067530114,305.0997009277344,90597700
2020-10-30 00:00:00-04:00,303.5278632885841,304.8315534323046,298.27613900813606,301.9190673828125,120287300
2020-11-02 00:00:00-05:00,305.3031311035156,307.3002435800331,302.566292996373,305.3031311035156,86068300
2020-11-03 00:00:00-05:00,308.52995012960014,312.746126248305,305.38631400131226,310.6935119628906,93294200
2020-11-04 00:00:00-05:00,315.15928696801785,321.70547377095147,313.9850545875487,317.6372375488281,126959700
2020-11-05 00:00:00-05:00,322.9074612913422,325.63504398286517,322.55610859572175,323.8320617675781,82039700
2020-11-06 00:00:00-05:00,323.5454798982403,325.0063646417054,321.43739166729375,323.7581481933594,74973000
2020-11-09 00:00:00-05:00,336.52697448654874,336.9060642232724,327.3641766230566,327.82647705078125,172304200
2020-11-10 00:00:00-05:00,326.8370033607283,328.39958037530033,324.0817120840673,327.3455505371094,85552000
2020-11-11 00:00:00-05:00,329.5276530081711,330.6001931058199,328.28869157206935,329.7773132324219,58649000
2020-11-12 00:00:00-05:00,328.7694850499286,329.82354332955566,324.7752317067129,326.57818603515625,67546200
2020-11-13 00:00:00-05:00,328.48282147525566,331.8391259274995,327.96504743366876,331.0994567871094,62892200
2020-11-16 00:00:00-05:00,333.762310414162,335.42658008620566,332.4771021299016,335.232421875,74541100
2020-11-17 00:00:00-05:00,332.8283977244911,334.63137974023823,331.32129460037004,333.42938232421875,66111000
2020-11-18 00:00:00-05:00,333.697561213107,334.2430721080145,329.379664574458,329.4166564941406,70591300
2020-11-19 00:00:00-05:00,328.7879360767462,331.1733928980095,327.44725409515723,330.8035583496094,59940900
2020-11-20 00:00:00-05:00,330.54466445649757,330.74807768636424,328.46431342145667,328.53826904296875,70417300
2020-11-23 00:00:00-05:00,330.34129961206247,331.7651924296882,328.1130087910506,330.5077209472656,63230600
2020-11-24 00:00:00-05:00,333.05037819016013,336.3789460330993,332.19976142931375,335.83343505859375,62415900
2020-11-25 00:00:00-05:00,335.750145589235,335.7778824723925,334.2245605824417,335.3155822753906,45330900
2020-11-27 00:00:00-05:00,336.4066780190502,336.7210388362217,335.24167223686067,336.24951171875,28514100
2020-11-30 00:00:00-05:00,335.4727659225405,335.7409079513326,332.0887531357319,334.7608337402344,83872700
2020-12-01 00:00:00-05:00,338.0061574648824,339.9570506637227,337.41439969563044,338.4222106933594,74231400
2020-12-02 00:00:00-05:00,337.3127522431998,339.2913825881508,336.7395044630417,339.13421630859375,45927000
2020-12-03 00:00:00-05:00,339.03249301288866,340.4286487496057,337.94147123204993,339.041748046875,62882000
2020-12-04 00:00:00-05:00,339.62423252861316,341.9634704589844,339.53176684344106,341.9634704589844,50749900
2020-12-07 00:00:00-05:00,341.1961354377298,341.75090149337296,339.99416583098116,341.2608642578125,48944300
2020-12-08 00:00:00-05:00,339.9941470862278,342.82342277579136,339.94792834104476,342.2594299316406,42458900
2020-12-09 00:00:00-05:00,342.9158669849853,343.0730332820125,338.3575929060704,339.1897277832031,74098300
2020-12-10 00:00:00-05:00,337.8212640589187,340.1235101648178,336.9521373730438,339.0787353515625,57735400
2020-12-11 00:00:00-05:00,337.38671728522763,339.0879788216525,335.8703871356922,338.68115234375,57698600
2020-12-14 00:00:00-05:00,340.8448381800256,341.9173502325167,336.98924059021937,337.1649169921875,69216200
2020-12-15 00:00:00-05:00,339.69829722459764,341.7231750488281,338.3299062242927,341.7231750488281,63865300
2020-12-16 00:00:00-05:00,341.9358140656428,343.17477553221346,341.05743217458746,342.2594299316406,58420500
2020-12-17 00:00:00-05:00,343.8959709330282,344.37675311713696,343.07306280359876,344.17333984375,64119500
2020-12-18 00:00:00-05:00,344.461170106029,344.62830083764095,340.79341847573585,342.799072265625,136542300
2020-12-21 00:00:00-05:00,338.8898932592316,351.4159127548199,336.15997816972384,341.5733642578125,96386700
2020-12-22 00:00:00-05:00,341.8983367429737,342.0097572148125,339.87412260631737,340.9976501464844,47949000
2020-12-23 00:00:00-05:00,341.9633643931626,343.20760697353194,340.979112376798,341.3041076660156,46201400
2020-12-24 00:00:00-05:00,341.77762611632846,342.6597520909689,341.1926686317637,342.63189697265625,26457900
2020-12-28 00:00:00-05:00,345.1760839492796,345.9653500649846,344.5539768762825,345.57537841796875,39000400
2020-12-29 00:00:00-05:00,347.0983087790333,347.27473403921016,344.3312432102872,344.9162292480469,53680500
2020-12-30 00:00:00-05:00,345.73316782716046,346.4388684943825,345.0182010132077,345.4081726074219,49455300
2020-12-31 00:00:00-05:00,345.2132342407314,347.8874388872676,344.70254763729105,347.1631774902344,78520700
2021-01-04 00:00:00-05:00,348.49100217915696,348.62101162593734,338.75060828235917,342.4369201660156,110210800
2021-01-05 00:00:00-05:00,341.7962685644844,345.8818471316903,341.7498244688002,344.7954406738281,66426200
2021-01-06 00:00:00-05:00,343.29109325235345,350.0416085495632,342.743257130716,346.856689453125,107997700
2021-01-07 00:00:00-05:00,349.22459781978796,352.75304553896814,349.0481726001441,352.0102233886719,68766800
2021-01-08 00:00:00-05:00,353.39376410680273,354.2294461631156,350.15316189053533,354.0158996582031,71677200
2021-01-11 00:00:00-05:00,350.84951439553026,353.3844152987946,350.7287994312137,351.6294860839844,51034700
2021-01-12 00:00:00-05:00,351.81515363311456,352.7158118155588,349.46591609355505,351.7037048339844,52547700
2021-01-13 00:00:00-05:00,351.6294468854472,353.6443664384586,350.84947528394184,352.6508483886719,45303600
2021-01-14 00:00:00-05:00,353.39375334288167,353.8951738961369,351.08169311224,351.41595458984375,49989100
2021-01-15 00:00:00-05:00,349.8002212044383,350.59875344385847,346.9960355450777,348.8531188964844,107160000
2021-01-19 00:00:00-05:00,351.3045005009363,352.13091630295105,349.8281224423444,351.59234619140625,51233300
2021-01-20 00:00:00-05:00,353.87657321374,357.2936287805517,353.4866015027723,356.45794677734375,61836100
2021-01-21 00:00:00-05:00,357.01509447785054,357.4422441883791,355.86371149800453,356.782958984375,47840100
2021-01-22 00:00:00-05:00,354.9350947122526,356.68075778914084,354.55438918277406,355.52008056640625,52860500
2021-01-25 00:00:00-05:00,356.25365943655754,357.27503278883,351.4159360582794,356.9222106933594,70402000
2021-01-26 00:00:00-05:00,357.869315038569,358.2778757163541,356.1329463264064,356.3650817871094,42665300
2021-01-27 00:00:00-05:00,353.05019098865546,353.1430508430368,345.4268701693278,347.6553649902344,123351100
2021-01-28 00:00:00-05:00,349.465966970764,354.6379514307327,349.0295795422171,350.6452331542969,94198100
2021-01-29 00:00:00-05:00,348.7882096621224,349.7539012035363,341.9541263228981,343.6255187988281,126765100
2021-02-01 00:00:00-05:00,347.01468762606163,350.3760048440203,343.91336101234145,349.3453369140625,75817600
2021-02-02 00:00:00-05:00,352.52090191367535,355.83580306474755,349.42887007201125,354.2851257324219,64450700
2021-02-03 00:00:00-05:00,355.11149587959494,356.281467508707,353.2915620518551,354.56365966796875,52427100
2021-02-04 00:00:00-05:00,355.59427583467004,358.63989108609894,354.67502873750357,358.5934753417969,47142600
2021-02-05 00:00:00-05:00,360.4599180558391,360.71061412663744,358.54712432112404,360.0049133300781,48669800
2021-02-08 00:00:00-05:00,361.4534777465929,362.6513046740329,360.59923510850524,362.6048889160156,38365200
2021-02-09 00:00:00-05:00,361.76918395765694,362.95774475328056,361.3606516052226,362.36346435546875,35551100
2021-02-10 00:00:00-05:00,364.0998916102627,364.2484617335839,359.8100320204573,362.2056579589844,59154400
2021-02-11 00:00:00-05:00,363.28265332168206,363.700508430255,360.3670470571915,362.79052734375,42913300
2021-02-12 00:00:00-05:00,361.9920628197405,364.8241042599518,361.9177635996305,364.58270263671875,50593300
2021-02-16 00:00:00-05:00,365.8083200461877,366.0033342269587,363.55197027023985,364.2669372558594,50972400
2021-02-17 00:00:00-05:00,362.5213268153556,364.6012515218009,361.5091912477151,364.3505554199219,52290600
2021-02-18 00:00:00-05:00,361.7505480599932,363.542626693373,360.0327402924635,362.7998046875,59712800
2021-02-19 00:00:00-05:00,364.05338233465426,364.34122801938736,361.71343891444184,362.1591491699219,83241000
2021-02-22 00:00:00-05:00,359.4013292371553,361.7783935972179,359.10418910793686,359.37347412109375,67414200
2021-02-23 00:00:00-05:00,357.1727904105643,361.15624153178067,353.0315030969583,359.8098449707031,107284100
2021-02-24 00:00:00-05:00,358.72360131962074,364.2020215283774,357.7393491134109,363.7748718261719,72433900
2021-02-25 00:00:00-05:00,362.5120335653563,363.8769912428288,353.57017085547034,355.0093994140625,146670500
2021-02-26 00:00:00-05:00,356.88498463738966,358.027072717846,351.20231434028005,353.1800842285156,152701600
2021-03-01 00:00:00-05:00,358.03642977075657,362.9855734404292,353.37516012939244,361.7413024902344,105348800
2021-03-02 00:00:00-05:00,361.964195274004,362.19633073939394,358.41715856200267,358.9185791015625,79595300
2021-03-03 00:00:00-05:00,358.22212100889243,359.1877840030245,354.06224386816876,354.1643981933594,119940200
2021-03-04 00:00:00-05:00,353.97867561907805,356.5600204671109,345.30609935501286,349.78167724609375,183433000
2021-03-05 00:00:00-05:00,353.27300175449477,357.2657484566025,346.01182648724296,356.21649169921875,152039600
2021-03-08 00:00:00-05:00,357.17290844727864,359.977094609663,354.16444194612137,354.4429931640625,123149200
2021-03-09 00:00:00-05:00,358.277918893154,362.0477969623382,357.7764983032908,359.50360107421875,113633600
2021-03-10 00:00:00-05:00,361.84345682354007,363.431255369481,360.4320834867978,361.7413024902344,109899400
2021-03-11 00:00:00-05:00,364.20202543159564,367.3776230858602,363.74702059931354,365.40911865234375,86245000
2021-03-12 00:00:00-05:00,364.0533342174548,366.0403986280399,363.2455075098559,365.901123046875,64653600
2021-03-15 00:00:00-04:00,366.15192988889174,368.3433035974085,364.01629476654966,368.08331298828125,73427200
2021-03-16 00:00:00-04:00,368.6961305342788,369.40180309295295,366.8483129268186,367.6190185546875,73722500
2021-03-17 00:00:00-04:00,366.33759873657715,369.6710604301495,365.1954821103504,368.8725280761719,97959300
2021-03-18 00:00:00-04:00,366.2911180973628,368.37104231310417,362.8276475623629,363.5054931640625,115349100
2021-03-19 00:00:00-04:00,363.20563537867605,364.7800131432064,360.6624031983592,362.8330078125,113624500
2021-03-22 00:00:00-04:00,363.34534370663016,367.1089472702704,363.2894509967949,365.7301940917969,73778600
2021-03-23 00:00:00-04:00,365.0967422553669,366.54068471271836,362.0690971295922,362.85162353515625,90686600
2021-03-24 00:00:00-04:00,364.2489071923662,365.8791772373448,360.9604207531097,361.0069885253906,97588600
2021-03-25 00:00:00-04:00,359.5723827433269,363.82969504622673,357.63467436503356,363.0378723144531,116128600
2021-03-26 00:00:00-04:00,364.18370331754596,369.28878794295866,363.587505033435,368.8882141113281,114409100
2021-03-29 00:00:00-04:00,367.4163152580118,369.60554090899944,365.93510175704296,368.701904296875,108107600
2021-03-30 00:00:00-04:00,367.43499693096027,368.39452632963565,366.13075792489735,367.7237854003906,76262200
2021-03-31 00:00:00-04:00,368.2919754370403,370.76998933005086,368.26402908759354,369.2142333984375,112734200
2021-04-01 00:00:00-04:00,371.14265609357545,373.25736766767085,370.93770669938243,373.2014465332031,99682900
2021-04-05 00:00:00-04:00,375.8564594894642,379.0983784802134,375.7819453604423,378.55804443359375,91684800
2021-04-06 00:00:00-04:00,377.9990859414913,379.3778104361055,377.66370131465686,378.3344421386719,62021000
2021-04-07 00:00:00-04:00,378.16675464905626,379.11695894712534,377.710288137678,378.77227783203125,55836300
2021-04-08 00:00:00-04:00,380.02059046966957,380.6261136446718,379.08900760669604,380.5702209472656,57863100
2021-04-09 00:00:00-04:00,380.4491519037927,383.50474266034735,380.3280415787718,383.3370361328125,61104600
2021-04-12 00:00:00-04:00,382.74090909191403,383.74700629608895,382.1353857837753,383.47686767578125,56704900
2021-04-13 00:00:00-04:00,383.37441024740957,385.23757653606214,382.9924577466764,384.6134033203125,56551000
2021-04-14 00:00:00-04:00,384.58536523914717,385.6380584899132,382.7594706720506,383.2998046875,61659900
2021-04-15 00:00:00-04:00,385.43314308577106,387.6875864651336,385.3865753074208,387.41741943359375,60229800
2021-04-16 00:00:00-04:00,388.70298586402646,389.31783402254797,387.28699001478793,388.7123107910156,82037300
2021-04-19 00:00:00-04:00,387.78069983654575,388.22784142524785,385.4796889791716,386.8025207519531,78498500
2021-04-20 00:00:00-04:00,385.59152639170094,386.6907875184191,382.4986639809094,383.9705810546875,81851800
2021-04-21 00:00:00-04:00,383.3557132219947,387.80867863656937,383.2159530341772,387.6037292480469,66793000
2021-04-22 00:00:00-04:00,387.43604432459205,388.2651383615414,383.0017004125384,384.0636901855469,97582800
2021-04-23 00:00:00-04:00,384.6227137075241,389.6346353832558,384.5481995678462,388.2279357910156,73209200
2021-04-26 00:00:00-04:00,388.8800074072831,389.60664100563645,388.2931055721406,389.0383605957031,52182400
2021-04-27 00:00:00-04:00,389.33648125494796,389.53213415675737,387.8179963971385,388.95452880859375,51303100
2021-04-28 00:00:00-04:00,389.2246648182536,390.342575715046,388.3769209336228,388.84271240234375,51238900
2021-04-29 00:00:00-04:00,391.56296041556226,391.9355879172904,387.9484139465216,391.32073974609375,78544300
2021-04-30 00:00:00-04:00,389.057011063111,389.90475500080083,387.8552610382918,388.74957275390625,85527000
2021-05-03 00:00:00-04:00,390.7338109557142,391.11576335825885,389.09424437535307,389.5879821777344,68128300
2021-05-04 00:00:00-04:00,387.60382463739023,388.0975625908413,383.50486428784126,387.1846008300781,101591200
2021-05-05 00:00:00-04:00,388.8241183887439,389.0570141395226,386.7466780571217,387.3056335449219,60162200
2021-05-06 00:00:00-04:00,387.38015025282107,390.52890537303807,385.3772524687335,390.39849853515625,74321400
2021-05-07 00:00:00-04:00,391.16230418743106,393.89183488910896,390.482238528491,393.2397155761719,67733800
2021-05-10 00:00:00-04:00,393.5937799606252,393.8173507618117,389.2246538329622,389.34576416015625,81852400
2021-05-11 00:00:00-04:00,384.8369282355566,386.8584473474661,382.0049080638009,385.8709716796875,116888000
2021-05-12 00:00:00-04:00,383.09488503627756,384.3618242624742,376.3595297518344,377.6730651855469,134811000
2021-05-13 00:00:00-04:00,379.2194656575238,384.1382223326197,379.17286945378146,382.2098388671875,106394000
2021-05-14 00:00:00-04:00,384.9393967974584,388.9265708311616,384.9114504451291,388.0788269042969,82201600
2021-05-17 00:00:00-04:00,386.97028771615726,387.90187074432333,385.0791468765085,387.09136962890625,65129200
2021-05-18 00:00:00-04:00,387.3522140021612,387.59443468838975,383.5979355139091,383.7563171386719,59810200
2021-05-19 00:00:00-04:00,379.0798024141684,382.92721668401646,377.5985602871788,382.7502136230469,106467100
2021-05-20 00:00:00-04:00,383.6258484249689,388.12541000565056,383.50476652206805,386.8677673339844,78022200
2021-05-21 00:00:00-04:00,388.3490042918943,389.5880256140857,386.0945893314259,386.5510559082031,76578700
2021-05-24 00:00:00-04:00,388.7868254622032,391.56295289159766,388.544604797389,390.49163818359375,51376700
2021-05-25 00:00:00-04:00,391.572218425638,391.9262244678643,389.0476367876896,389.6252136230469,57451400
2021-05-26 00:00:00-04:00,390.21217056143115,390.90153289083105,389.1781270673312,390.39849853515625,43088600
2021-05-27 00:00:00-04:00,391.4232216191229,391.9355808710809,390.3239321287522,390.6034240722656,56707700
2021-05-28 00:00:00-04:00,392.1684587891069,392.42930086674016,391.069197778342,391.3020935058594,58520200
2021-06-01 00:00:00-04:00,393.65898211112926,393.7987138563774,390.51955237272466,390.9573974609375,54216600
2021-06-02 00:00:00-04:00,391.60953690489885,392.4107130596126,390.6034397848831,391.572265625,49097100
2021-06-03 00:00:00-04:00,389.26200853094554,391.25558160462,387.79941622388145,390.1190490722656,58138800
2021-06-04 00:00:00-04:00,391.96360773445116,393.98515566544813,390.1842805183219,393.6870422363281,55938800
2021-06-07 00:00:00-04:00,393.6776201553933,393.85462318339853,392.37340976192394,393.30499267578125,51555000
2021-06-08 00:00:00-04:00,394.1620257580678,394.2551897336642,391.5629299457471,393.3888244628906,47134300
2021-06-09 00:00:00-04:00,394.2272616788116,394.30180423460956,392.5783701098852,392.80194091796875,48436300
2021-06-10 00:00:00-04:00,394.0223149057569,395.5780709347275,392.7087795402519,394.6278381347656,51020100
2021-06-11 00:00:00-04:00,395.1775077811149,395.3917536695252,393.89191873202867,395.27996826171875,45570800
2021-06-14 00:00:00-04:00,395.3917787091995,396.26746903201445,394.1527857880061,396.1650085449219,42358500
2021-06-15 00:00:00-04:00,396.31407535492747,396.3513182077345,394.5626946646038,395.4383850097656,51508500
2021-06-16 00:00:00-04:00,395.57816809841813,395.8017389628976,391.1904193050346,393.2305603027344,80386100
2021-06-17 00:00:00-04:00,392.82060361942723,394.0782178856841,390.63137795315737,393.1000671386719,90949700
2021-06-18 00:00:00-04:00,389.82512979232945,390.5167474088944,387.5913771677302,387.7969970703125,118676300
2021-06-21 00:00:00-04:00,389.5541254102761,393.53566194360144,388.74100113745214,393.3487243652344,72822000
2021-06-22 00:00:00-04:00,393.339292332768,396.28337300789326,392.6196085187923,395.4515380859375,57700300
2021-06-23 00:00:00-04:00,395.52646544693147,396.33023435564223,394.89092326013605,394.97503662109375,49445400
2021-06-24 00:00:00-04:00,397.115289475811,397.7321206963649,396.86292090837077,397.3115539550781,45110300
2021-06-25 00:00:00-04:00,398.0591985278256,399.17141131218983,397.73207208724824,398.7227783203125,58129500
2021-06-28 00:00:00-04:00,399.2462335097463,399.69483801915226,398.04990728021846,399.526611328125,53159600
2021-06-29 00:00:00-04:00,399.9097733050363,400.545315311481,399.20880030663477,399.7415466308594,35970500
2021-06-30 00:00:00-04:00,399.28365252537725,400.75102986074927,399.25561473972493,400.0780944824219,64827900
2021-07-01 00:00:00-04:00,400.83506919032,402.4519905914438,400.76963819499144,402.2930908203125,53441000
2021-07-02 00:00:00-04:00,403.4520300284134,405.7231756894549,402.37718195001327,405.3680114746094,57697700
2021-07-06 00:00:00-04:00,405.4240804253988,405.6390557421083,401.90053315862076,404.629638671875,68710400
2021-07-07 00:00:00-04:00,405.3119077621989,406.3400071225295,403.3024576849441,406.0596008300781,63549500
2021-07-08 00:00:00-04:00,400.7510054866028,403.5081778396305,399.57336151548776,402.7511291503906,97595200
2021-07-09 00:00:00-04:00,404.2557870176814,407.3494121346729,402.55475241821676,407.0503234863281,76238600
2021-07-12 00:00:00-04:00,406.9661965088275,408.7606998160739,406.5362744179092,408.5083312988281,52889600
2021-07-13 00:00:00-04:00,407.72328794262097,409.2187027689948,406.85408823599073,407.11578369140625,52911300
2021-07-14 00:00:00-04:00,408.8074721795963,409.29349840963926,406.4802508086064,407.7232971191406,64130400
2021-07-15 00:00:00-04:00,406.3868250791765,407.059760411339,404.4334500856128,406.33074951171875,55126400
2021-07-16 00:00:00-04:00,407.5083537824567,407.555073909898,402.75108678868395,403.14361572265625,75874700
2021-07-19 00:00:00-04:00,398.33031422579336,403.209088281005,394.38617099707693,397.1900634765625,147987000
2021-07-20 00:00:00-04:00,397.8536396448114,404.1530707517098,397.0591977452092,402.8819580078125,99608200
2021-07-21 00:00:00-04:00,404.078212041571,406.2839552086843,402.8351658262947,406.14373779296875,64724400
2021-07-22 00:00:00-04:00,406.3213884076943,407.23733686784163,405.34003746820474,406.99432373046875,47878500
2021-07-23 00:00:00-04:00,408.91963853760046,411.5179109011736,408.2373763394922,411.18145751953125,63766600
2021-07-26 00:00:00-04:00,410.59261588453984,412.20018185039044,410.5458957579973,412.1908264160156,43719200
2021-07-27 00:00:00-04:00,411.15347899253123,411.1815167783755,407.4897133470735,410.31231689453125,67397100
2021-07-28 00:00:00-04:00,410.93845431834467,411.51792083805464,408.7233839343774,410.1440124511719,52472400
2021-07-29 00:00:00-04:00,411.06927031045103,412.91982079238494,411.05991487644866,411.8450012207031,47435300
2021-07-30 00:00:00-04:00,409.2841865056366,411.29363706752343,409.15332449973266,409.844970703125,68951200
2021-08-02 00:00:00-04:00,411.5553115323718,412.10674026622047,408.62991264660883,408.9850769042969,58783300
2021-08-03 00:00:00-04:00,409.7795060797524,412.43385397257424,407.5924735593852,412.3123474121094,58053900
2021-08-04 00:00:00-04:00,411.0319033838049,412.2843051456388,410.0505525213927,410.2842102050781,46732200
2021-08-05 00:00:00-04:00,411.4431679198543,412.96662067268136,411.1253968736616,412.88250732421875,38969700
2021-08-06 00:00:00-04:00,413.20014517129454,413.9852313598672,412.91973891080926,413.56463623046875,46930000
2021-08-09 00:00:00-04:00,413.5366565217107,413.8544275100853,412.4618370122482,413.2282409667969,41222600
2021-08-10 00:00:00-04:00,413.676878576167,414.4526380263717,412.9946164227404,413.7423095703125,43339300
2021-08-11 00:00:00-04:00,414.80783999492405,414.8639155599606,413.6862716488568,414.77044677734375,44034300
2021-08-12 00:00:00-04:00,414.62092846348145,416.1537367311729,413.72369084389135,416.0135192871094,38909400
2021-08-13 00:00:00-04:00,416.4620942233985,416.7892206760995,415.9760965228515,416.7705383300781,39470300
2021-08-16 00:00:00-04:00,415.4713908619817,417.8827255582406,413.9199004513762,417.75189208984375,73740000
2021-08-17 00:00:00-04:00,415.2003367624512,415.87327201338974,412.0319534928369,415.013427734375,92673900
2021-08-18 00:00:00-04:00,414.00406428357036,415.5649103189403,410.22817626839674,410.4711608886719,89351900
2021-08-19 00:00:00-04:00,407.7513380397817,412.3030136509168,407.61114913490746,411.1066589355469,92812200
2021-08-20 00:00:00-04:00,411.452559017406,414.7050561972092,410.9665327094938,414.3779296875,72008700
2021-08-23 00:00:00-04:00,416.0602189821948,418.9295421673049,414.45265298648917,418.02294921875,54973000
2021-08-24 00:00:00-04:00,418.6864929199219,419.2192392352231,418.17245747210313,418.6864929199219,38744700
2021-08-25 00:00:00-04:00,418.87347636542324,420.0791294982954,418.49960124676494,419.5650939941406,40529700
2021-08-26 00:00:00-04:00,419.2847079423929,419.5183656415265,416.99487960448477,417.0883483886719,57829600
2021-08-27 00:00:00-04:00,417.89207569885787,421.1913209422029,417.8360001384459,420.8174743652344,77235100
2021-08-30 00:00:00-04:00,421.4903556044944,423.4530855354133,421.2473425254043,422.6679992675781,48357400
2021-08-31 00:00:00-04:00,422.57464706002395,422.91110047218524,421.4437517278113,422.0419006347656,59300200
2021-09-01 00:00:00-04:00,422.9764111285758,423.49044653623315,422.0324251197073,422.2660827636719,48721400
2021-09-02 00:00:00-04:00,423.686814177093,424.36907636322894,422.3689814101181,423.5653076171875,42501000
2021-09-03 00:00:00-04:00,422.4344228744772,423.9765579301553,422.0325099688313,423.4624938964844,47170500
2021-09-07 00:00:00-04:00,423.1166832249812,423.2101520054819,421.27545948751975,421.9483947753906,51671500
2021-09-08 00:00:00-04:00,421.4157048587594,422.14471575872943,419.51837690907405,421.43438720703125,56181900
2021-09-09 00:00:00-04:00,421.2381203442714,422.98587540724486,419.3875410597101,419.63055419921875,57970400
2021-09-10 00:00:00-04:00,421.5558370150139,421.9764037145198,416.2003928599835,416.3218994140625,89948200
2021-09-13 00:00:00-04:00,419.31278639177305,419.57448188147487,415.07888137909265,417.3874206542969,83738600
2021-09-14 00:00:00-04:00,418.82672304337876,419.03234294728094,414.2470381175579,415.13494873046875,78197100
2021-09-15 00:00:00-04:00,415.55554197274927,419.0978006931455,414.45268447355176,418.6024475097656,78792200
2021-09-16 00:00:00-04:00,418.0790927362773,419.05108831666365,414.99479371388514,417.93890380859375,77786700
2021-09-17 00:00:00-04:00,417.168134146106,417.59004823430996,413.51137369740354,413.86767578125,118425000
2021-09-20 00:00:00-04:00,407.75436793021106,409.3295710757895,402.10984707082173,406.9667663574219,166445500
2021-09-21 00:00:00-04:00,409.30144322368784,410.59537031179264,406.05726871090457,406.58233642578125,92526100
2021-09-22 00:00:00-04:00,408.85139337293356,412.5831513891095,406.6948671942367,410.5484924316406,102350100
2021-09-23 00:00:00-04:00,412.41440315728903,417.1400416411326,412.1799968838808,415.53668212890625,76396000
2021-09-24 00:00:00-04:00,413.9051043598374,416.9336428406857,413.68944034938636,416.2210388183594,62094800
2021-09-27 00:00:00-04:00,415.18971469523467,416.3523605127942,414.33647253059087,415.03033447265625,61371100
2021-09-28 00:00:00-04:00,412.2643090052773,412.5924834545763,405.9353407086728,406.66668701171875,130436300
2021-09-29 00:00:00-04:00,408.04506020824715,409.77967232630994,406.78864603672207,407.3512268066406,82329200
2021-09-30 00:00:00-04:00,408.82330398006496,409.52652283633495,402.03490711070083,402.3724670410156,140506000
2021-10-01 00:00:00-04:00,404.0976283486504,408.8326231008619,400.58153463739126,407.1542663574219,129240100
2021-10-04 00:00:00-04:00,405.9916262485337,406.89173823936943,399.7657824946463,401.9035949707031,128570000
2021-10-05 00:00:00-04:00,403.4037658375677,408.3262970264828,402.6068074886927,406.08538818359375,90682500
2021-10-06 00:00:00-04:00,402.4942384202276,407.97934991567206,400.8721656243834,407.7730712890625,113032200
2021-10-07 00:00:00-04:00,411.04546603542565,414.1302318975777,410.867314983928,411.2986145019531,72437500
2021-10-08 00:00:00-04:00,412.0674690550003,412.45189876084635,409.9202996692927,410.5484924316406,74557400
2021-10-11 00:00:00-04:00,409.8921372238028,412.7987803671197,407.5105617770027,407.5762023925781,65233300
2021-10-12 00:00:00-04:00,408.4950547167105,408.89822655825884,405.78530500807835,406.5729064941406,71181200
2021-10-13 00:00:00-04:00,407.594929147859,408.8513431322092,404.6226741156243,408.0356140136719,72974000
2021-10-14 00:00:00-04:00,411.69235787459854,415.0490712799511,411.2235453911505,414.8990478515625,70236800
2021-10-15 00:00:00-04:00,417.0087329506892,418.42455590539737,416.38989699593026,418.0588684082031,66260200
2021-10-18 00:00:00-04:00,416.2773855665458,419.6340705825797,415.6210366001597,419.2965393066406,62213200
2021-10-19 00:00:00-04:00,420.91862541650084,422.59695355572194,420.3091462784129,422.5313415527344,46996800
2021-10-20 00:00:00-04:00,422.99069828398655,424.4909037495053,422.8781878815295,424.19085693359375,49571600
2021-10-21 00:00:00-04:00,423.5908483463569,425.5223536137635,423.1595488456662,425.2973327636719,41305400
2021-10-22 00:00:00-04:00,424.8660443425605,426.3099949344086,422.9157682107572,424.8566589355469,58845100
2021-10-25 00:00:00-04:00,425.9443277467125,427.46327582498486,424.1722311934104,427.1351013183594,45214500
2021-10-26 00:00:00-04:00,428.68214462677764,429.8916602272119,427.144425952367,427.51947021484375,56075100
2021-10-27 00:00:00-04:00,427.9789361517596,428.6446418796485,425.55046225853243,425.62548828125,72438000
2021-10-28 00:00:00-04:00,427.05064707991323,429.8072666921166,427.04129028806375,429.7322692871094,51437900
2021-10-29 00:00:00-04:00,427.43504092002377,430.8948789471614,427.1443795021593,430.6042175292969,70162400
2021-11-01 00:00:00-04:00,431.5887337216653,431.96380657611127,429.61974430603044,431.344970703125,48433600
2021-11-02 00:00:00-04:00,431.5137556913935,433.3983909976397,431.3824744636354,433.0889587402344,48908400
2021-11-03 00:00:00-04:00,432.5263728629684,436.1362346004919,432.0856879971298,435.7330627441406,52509800
2021-11-04 00:00:00-04:00,436.33313266603705,437.87085131761023,435.9862160130472,437.7864685058594,52847100
2021-11-05 00:00:00-04:00,440.0086692059953,441.2932109079652,437.7958878886841,439.3054504394531,66390600
2021-11-08 00:00:00-05:00,440.4024705143944,440.89941061596096,438.9960330253521,439.68048095703125,50405200
2021-11-09 00:00:00-05:00,440.0461676231419,440.2805738708811,436.8207353651275,438.2271728515625,51149100
2021-11-10 00:00:00-05:00,436.53939698466087,438.2271390064617,433.2202253751318,434.70166015625,69429700
2021-11-11 00:00:00-05:00,436.1924978999976,436.2675239203641,434.8235734757579,434.8423156738281,34848500
2021-11-12 00:00:00-05:00,436.1081657875227,438.67724930991125,435.16115531508916,438.1240539550781,53466700
2021-11-15 00:00:00-05:00,439.40859470618256,439.56797493267015,437.14891501750157,438.2740478515625,46980500
2021-11-16 00:00:00-05:00,438.0114907479462,441.14315465497026,437.9364933419403,440.0086364746094,48857500
2021-11-17 00:00:00-05:00,439.74607145027005,439.9242224676994,438.32089192487604,438.9397277832031,47858300
2021-11-18 00:00:00-05:00,439.97114731825366,440.69313688366196,437.25204053194824,440.43060302734375,50625600
2021-11-19 00:00:00-05:00,440.31797621657034,441.5650332460222,439.2772264052899,439.6429138183594,57315600
2021-11-22 00:00:00-05:00,441.518225650883,444.00292604113224,438.1990253218852,438.4053039550781,72762000
2021-11-23 00:00:00-05:00,438.0771663973215,439.8399060268832,435.4799553727706,438.9866638183594,73206500
2021-11-24 00:00:00-05:00,436.9894839645097,440.28055671099236,436.17375483241744,440.1586608886719,61858800
2021-11-26 00:00:00-05:00,433.5015889100639,434.9642817891199,429.21663530001194,430.341796875,112669600
2021-11-29 00:00:00-05:00,435.1236653350825,437.4583425612124,432.9296261441328,435.62060546875,86268800
2021-11-30 00:00:00-05:00,433.18280884176426,435.08618670574947,426.9007090428121,427.1445007324219,148559600
2021-12-01 00:00:00-05:00,432.84521097923056,435.6862135337651,422.2031616971008,422.4000549316406,131939200
2021-12-02 00:00:00-05:00,422.6157168413784,430.43550572803196,422.22190176024696,428.8696594238281,127637800
2021-12-03 00:00:00-05:00,430.52931409962997,431.5888063882985,420.9186571741517,425.1379699707031,137331600
2021-12-06 00:00:00-05:00,427.67897876818256,432.04831554921486,425.26927518349726,430.1730651855469,98977500
2021-12-07 00:00:00-05:00,435.44247092403845,439.6336562155435,430.0417412560462,439.0710754394531,95484700
2021-12-08 00:00:00-05:00,439.46481188962696,440.68371284123066,437.71142925167635,440.233642578125,72238800
2021-12-09 00:00:00-05:00,438.9491577219033,440.3368530852221,437.06455084489505,437.2614440917969,61272600
2021-12-10 00:00:00-05:00,439.9617996675269,441.52761743144606,437.41145846142433,441.3775939941406,77159800
2021-12-13 00:00:00-05:00,440.86187964178026,441.20879629669554,437.1863772299923,437.4676818847656,87724700
2021-12-14 00:00:00-05:00,434.20470680540546,436.6894070406909,431.54185555192583,434.4578552246094,97264100
2021-12-15 00:00:00-05:00,434.5142572525721,441.4901620059094,432.00140011748897,441.24639892578125,116899300
2021-12-16 00:00:00-05:00,443.09342361388826,443.37469964954175,435.8080595359977,437.35516357421875,116568600
2021-12-17 00:00:00-05:00,434.28120719660683,437.2827414785998,430.9974086651927,432.7004699707031,135511600
2021-12-20 00:00:00-05:00,427.62890570329984,428.4945351603184,424.4862394814665,428.099365234375,107134800
2021-12-21 00:00:00-05:00,431.5148641473523,435.8430974441347,429.3507618562461,435.70196533203125,69806300
2021-12-22 00:00:00-05:00,435.44797367017134,440.1713773813337,435.2503599777173,440.0584716796875,58890200
2021-12-23 00:00:00-05:00,441.0558940038796,444.29265848850883,440.9524066704167,442.7966003417969,56439700
2021-12-27 00:00:00-05:00,444.17025861450196,449.11008378457836,444.12322414632985,449.06304931640625,56808600
2021-12-28 00:00:00-05:00,449.4958012534843,450.52139946166386,447.9338723531307,448.6960144042969,47274600
2021-12-29 00:00:00-05:00,448.7995600259367,450.28619942831625,447.802188171838,449.27001953125,54503000
2021-12-30 00:00:00-05:00,449.6934621372565,450.70025247373695,447.56700448030426,448.0280456542969,55329000
2021-12-31 00:00:00-05:00,447.53874202831184,448.68663568101795,446.6260494189647,446.8988952636719,65237400
2022-01-03 00:00:00-05:00,448.15972040589463,449.6181621243115,445.8544860219246,449.4864196777344,72668200
2022-01-04 00:00:00-05:00,450.9072238974489,451.62233155714586,447.4822648058163,449.33587646484375,71178700
2022-01-05 00:00:00-05:00,448.96894028365364,449.74050080120287,440.61357447061033,440.7076721191406,104538900
2022-01-06 00:00:00-05:00,440.2466056724417,443.0034914570786,437.93192425280233,440.29364013671875,86858900
2022-01-07 00:00:00-05:00,440.30304168905667,441.4791903967264,437.19799187206786,438.55291748046875,85111600
2022-01-10 00:00:00-05:00,435.36328278709937,438.2236562011222,429.62367048499374,438.00726318359375,119362000
2022-01-11 00:00:00-05:00,437.74385119355054,442.0908933175215,434.7517063046283,441.9967956542969,74303100
2022-01-12 00:00:00-05:00,443.7280727675989,445.24296757937765,441.2346426828555,443.1917419433594,67605400
2022-01-13 00:00:00-05:00,444.29258772329274,444.9418241930247,436.05954567988096,437.08514404296875,91173100
2022-01-14 00:00:00-05:00,433.94247281173614,437.6120514809011,432.7286791584299,437.263916015625,95890900
2022-01-18 00:00:00-05:00,432.5781593461344,432.7851627070061,428.4098944174529,429.5201721191406,109709100
2022-01-19 00:00:00-05:00,431.0632797435182,432.45582165960354,424.7873365975809,425.0602111816406,109357600
2022-01-20 00:00:00-05:00,426.94202425230395,431.6372011815895,418.2385229314581,420.3555908203125,122379700
2022-01-21 00:00:00-05:00,419.2358828982697,421.58818048554997,412.0755028255823,412.1037292480469,202271200
2022-01-24 00:00:00-05:00,406.5052754832323,414.36195566976323,395.90112761933347,413.8538513183594,251783900
2022-01-25 00:00:00-05:00,407.47438716618876,413.7409112645625,401.9135523304981,408.80108642578125,167997300
2022-01-26 00:00:00-05:00,414.6818862839636,417.80574473347866,403.5225703047687,407.7755432128906,186391100
2022-01-27 00:00:00-05:00,412.36723366568094,415.50048178403745,404.07773829561154,405.761962890625,149878300
2022-01-28 00:00:00-05:00,407.11686454826264,415.886237349482,402.54401155859085,415.8392028808594,164457400
2022-01-31 00:00:00-05:00,415.17116710249303,423.6770844746201,413.82565957531546,423.3289489746094,152251400
2022-02-01 00:00:00-05:00,424.05336552481776,426.82908804425705,420.53433767425685,426.18927001953125,123155400
2022-02-02 00:00:00-05:00,428.58860927324656,431.0538124863708,426.2833462117449,430.3293151855469,117361000
2022-02-03 00:00:00-05:00,424.30751219871513,426.208158589354,419.37707621036856,420.2145080566406,118024400
2022-02-04 00:00:00-05:00,419.97926396514714,426.0293671450485,417.6081293545503,422.1904296875,118454400
2022-02-07 00:00:00-05:00,422.95251700944823,424.3450587788941,419.5087499574974,420.83544921875,84472900
2022-02-08 00:00:00-05:00,420.33677354523064,425.2201456654425,418.91597660458353,424.29803466796875,81012000
2022-02-09 00:00:00-05:00,428.3252089130967,430.8280572528607,428.1276239352286,430.5081481933594,92589900
2022-02-10 00:00:00-05:00,424.6743274571097,430.66797617923953,420.77893819242865,422.773681640625,140103700
2022-02-11 00:00:00-05:00,422.85846290665194,424.92846773085336,413.00703862428105,414.4372253417969,153214600
2022-02-14 00:00:00-05:00,413.9292172567199,415.50995473639216,409.61979092657896,413.0823669433594,123006300
2022-02-15 00:00:00-05:00,417.51401451434305,419.91334657222757,416.99649181538837,419.7439880371094,88482700
2022-02-16 00:00:00-05:00,417.7022412323989,421.5882420080019,415.8298212683436,420.2145080566406,84863600
2022-02-17 00:00:00-05:00,417.03419417418587,420.18627912524965,410.63595532705654,411.2381286621094,102259100
2022-02-18 00:00:00-05:00,411.49211293034836,412.74355133918664,406.30766852315804,408.5752868652344,132642900
2022-02-22 00:00:00-05:00,406.37352124987865,409.77022506154026,400.6997521061171,404.1905822753906,124391800
2022-02-23 00:00:00-05:00,407.0981107701267,407.66266804171244,396.4563167518518,397.0208740234375,132578000
2022-02-24 00:00:00-05:00,386.7365552102814,403.42847944353576,386.3790300752348,402.9956359863281,213942900
2022-02-25 00:00:00-05:00,404.2282639234101,411.97203889724267,402.5816554040874,411.8873596191406,121804500
2022-02-28 00:00:00-05:00,406.5052626502716,412.3107459178309,405.25385292778066,410.83349609375,145615000
2022-03-01 00:00:00-05:00,409.3374644946176,411.3416268267393,401.8759540045587,404.576416015625,137785900
2022-03-02 00:00:00-05:00,406.82512147422693,413.74088149381066,406.07239780068846,412.0190124511719,117726500
2022-03-03 00:00:00-05:00,414.44664922565886,415.0488225356622,408.1707060110163,409.9678649902344,105501700
2022-03-04 00:00:00-05:00,406.2417947777143,407.76607902539786,402.600442693899,406.6369934082031,113978200
2022-03-07 00:00:00-05:00,406.0536235461076,406.7593128666358,394.5838174926232,394.6496887207031,137896600
2022-03-08 00:00:00-05:00,394.82848568696517,401.97005852746355,390.59434954887394,391.6575927734375,164772700
2022-03-09 00:00:00-05:00,400.02238799071915,404.13420015154503,397.8394486342406,402.15826416015625,116990800
2022-03-10 00:00:00-05:00,397.55711352812676,401.2361105228519,395.6000145047704,400.3422546386719,93972700
2022-03-11 00:00:00-05:00,402.82618602999435,403.4377775586542,394.74369630218587,395.2518005371094,95636300
2022-03-14 00:00:00-04:00,396.02340888185535,399.4671471285895,391.2247162730047,392.36322021484375,95729200
2022-03-15 00:00:00-04:00,394.96955062340055,401.6218547157255,393.6993329697204,400.991455078125,106219100
2022-03-16 00:00:00-04:00,404.49170046381727,409.939601038674,399.7023972745846,409.8831481933594,144954800
2022-03-17 00:00:00-04:00,407.9730846505351,415.01116943359375,407.596722776026,415.01116943359375,102676900
2022-03-18 00:00:00-04:00,413.40292135860483,419.8776656161691,412.6667255275147,419.5567626953125,106345500
2022-03-21 00:00:00-04:00,419.386903149418,421.387844307578,415.9324367182657,419.4341125488281,88349800
2022-03-22 00:00:00-04:00,420.8214384644653,425.27637447242336,420.8214384644653,424.34197998046875,74650400
2022-03-23 00:00:00-04:00,421.81246957458256,423.30372739490633,418.79216338171153,418.8771057128906,79426100
2022-03-24 00:00:00-04:00,420.897026967389,425.2009454427064,419.78329999434203,425.1914978027344,64736900
2022-03-25 00:00:00-04:00,425.823897280711,427.5416971867033,423.2471974217225,427.2679748535156,77101300
2022-03-28 00:00:00-04:00,426.6733304386402,430.30712890625,424.7856459155993,430.30712890625,68529800
2022-03-29 00:00:00-04:00,434.18626321308204,436.12115693733773,431.5057549157547,435.6303405761719,86581500
2022-03-30 00:00:00-04:00,434.4883159212036,435.30003519309184,430.83565120715195,432.9404296875,79666900
2022-03-31 00:00:00-04:00,432.1758685328461,432.9970065427643,425.8238008960685,426.27685546875,121699900
2022-04-01 00:00:00-04:00,427.85312988784034,427.9947004651948,423.9173238184881,427.48504638671875,89048800
2022-04-04 00:00:00-04:00,427.68314952394616,431.25087129409127,426.86201155519603,431.14703369140625,59601000
2022-04-05 00:00:00-04:00,429.65584243367965,432.11925672118474,424.5591003737765,425.7011413574219,74214500
2022-04-06 00:00:00-04:00,421.7936427720497,423.71906006741074,418.5656898647818,421.44439697265625,106898000
2022-04-07 00:00:00-04:00,420.5665823101026,425.380182602623,418.62226996039726,423.5679931640625,78097200
2022-04-08 00:00:00-04:00,422.8129864370016,425.32361011547357,420.89698794603316,422.4354553222656,79272700
2022-04-11 00:00:00-04:00,419.16979115637787,420.0098246314558,414.7148831400068,415.2151184082031,89770500
2022-04-12 00:00:00-04:00,418.19761946757274,420.71769099701174,412.12872059672054,413.6766357421875,84363600
2022-04-13 00:00:00-04:00,413.4311873130841,419.16973507105604,413.25185499529334,418.4146728515625,74070400
2022-04-14 00:00:00-04:00,418.64119283709516,419.7549485147844,413.1008437773758,413.2046813964844,97869500
2022-04-18 00:00:00-04:00,412.27974277354747,415.0546413726437,411.1471205194664,413.3746032714844,66002500
2022-04-19 00:00:00-04:00,413.2706473332826,420.76475517269427,413.1007626849386,420.0474548339844,77821000
2022-04-20 00:00:00-04:00,421.8219961207023,422.4354878298303,418.57517643732126,419.736083984375,65224400
2022-04-21 00:00:00-04:00,423.3510108398269,424.73846009934624,412.55345319655066,413.45953369140625,85417300
2022-04-22 00:00:00-04:00,412.37412370691203,413.4784030168014,401.54825187367607,402.11456298828125,132471800
2022-04-25 00:00:00-04:00,399.87763849644267,404.61571598232445,395.31886452951045,404.4458312988281,119647700
2022-04-26 00:00:00-04:00,401.9162615672227,402.1144891433886,392.7043824228615,392.7326965332031,103996300
2022-04-27 00:00:00-04:00,393.80869150273776,399.169736833569,391.70394193167726,393.8370056152344,122030000
2022-04-28 00:00:00-04:00,398.57515732733924,405.5124037214935,394.1485348093446,403.78515625,105449100
2022-04-29 00:00:00-04:00,399.80207204922027,401.95403088704296,388.11730223189977,388.8629455566406,145491100
2022-05-02 00:00:00-04:00,388.92904179526005,392.56283983474725,382.2749373532382,391.2037048339844,158312500
2022-05-03 00:00:00-04:00,391.7039501067172,395.4037953011167,390.1465874755705,392.99700927734375,100028200
2022-05-04 00:00:00-04:00,393.65769528593023,405.53124638806986,390.4769516548114,404.9649353027344,144247900
2022-05-05 00:00:00-04:00,400.7082064100307,401.1329469341785,386.44676416954945,390.57135009765625,172929100
2022-05-06 00:00:00-04:00,388.01353835630266,391.50573725161655,382.9451102963641,388.24005126953125,151770800
2022-05-09 00:00:00-04:00,382.3505124543199,383.5869435337957,374.23346310540126,375.8096923828125,155586100
2022-05-10 00:00:00-04:00,381.77478247387813,383.2754883521144,372.64784309050333,376.67803955078125,132497200
2022-05-11 00:00:00-04:00,375.7152782695393,381.35001745771194,369.94838734516037,370.69403076171875,142361000
2022-05-12 00:00:00-04:00,367.5038552140162,373.57275401716174,363.5208397349999,370.30706787109375,125090800
2022-05-13 00:00:00-04:00,374.43164996045624,380.53831045425517,373.3934177273955,379.1603088378906,104174400
2022-05-16 00:00:00-04:00,377.51798684544667,381.28390774009296,375.271637959596,377.6217956542969,78622400
2022-05-17 00:00:00-04:00,383.70016285890136,385.62560898408395,379.9719747013643,385.3896484375,83029700
2022-05-18 00:00:00-04:00,380.840309909265,381.12345103452697,368.61754246873323,369.8539733886719,117674500
2022-05-19 00:00:00-04:00,366.79595164216687,372.005979027499,365.3707407010665,367.5887756347656,98510700
2022-05-20 00:00:00-04:00,371.1659411793916,374.7336635050742,359.1697150107811,367.7492370605469,131432200
2022-05-23 00:00:00-04:00,370.7695426186861,375.39439273940906,368.45714636210454,374.6298828125,76414900
2022-05-24 00:00:00-04:00,370.5146628553773,372.9592105064328,365.2291411864955,371.7699890136719,91448800
2022-05-25 00:00:00-04:00,370.2786961363731,377.0177426324369,369.88229858000193,375.0545349121094,91472900
2022-05-26 00:00:00-04:00,376.28154835892093,384.18150224653084,376.07390194163645,382.54864501953125,82168300
2022-05-27 00:00:00-04:00,385.0026651402334,392.0531673410909,384.80446634850006,391.9399108886719,84768700
2022-05-31 00:00:00-04:00,390.3259307298854,393.0725149914447,387.00361655148845,389.7407531738281,95937000
2022-06-01 00:00:00-04:00,391.8550043373775,392.86489366619827,384.07772451690533,386.5883483886719,86585800
2022-06-02 00:00:00-04:00,386.4278638148007,393.9974674509903,384.1815149003103,393.9502868652344,79609600
2022-06-03 00:00:00-04:00,389.2405793316886,390.7884946113152,386.51288991848884,387.48504638671875,71874300
2022-06-06 00:00:00-04:00,391.48681245747764,393.21403077110097,387.49435013390536,388.66473388671875,57508900
2022-06-07 00:00:00-04:00,385.18203491181913,392.8460295110228,384.71953261443264,392.3929748535156,59272400
2022-06-08 00:00:00-04:00,390.6846048993001,392.4684805286195,387.33397652533813,388.1268005371094,64350000
2022-06-09 00:00:00-04:00,386.3523433395128,388.6175587452947,378.89599609375,378.89599609375,86289800
2022-06-10 00:00:00-04:00,372.70440234363315,373.55385453962793,367.86248738155257,367.90966796875,132893900
2022-06-13 00:00:00-04:00,358.5184668650851,360.3683895194282,352.3362831480851,353.9408264160156,170004900
2022-06-14 00:00:00-04:00,355.68695837561785,356.7157429736958,349.77849666174114,352.8742980957031,104011800
2022-06-15 00:00:00-04:00,356.1682429235863,362.3409783554577,351.22251951050276,357.9049377441406,125666800
2022-06-16 00:00:00-04:00,349.7030303010159,350.10887558930665,343.6341022387322,346.0597839355469,134473300
2022-06-17 00:00:00-04:00,346.47397650063243,350.142419392661,343.30792965713135,346.80572509765625,111113900
2022-06-21 00:00:00-04:00,352.521756092844,356.9200870230244,352.4459063417937,355.5361328125,76811900
2022-06-22 00:00:00-04:00,351.3178056312109,358.99595685720385,350.90071887328156,354.8914794921875,90059400
2022-06-23 00:00:00-04:00,357.02430174493765,359.1002181811548,353.4696047412398,358.3703308105469,79292100
2022-06-24 00:00:00-04:00,361.53644062032527,369.7738622299875,361.5080041964566,369.7643737792969,98050300
2022-06-27 00:00:00-04:00,370.68380190795756,370.9776545538821,367.2618273862305,368.3519287109375,66009600
2022-06-28 00:00:00-04:00,369.9065529188097,372.68394948048416,360.71172428504013,360.8254699707031,86548900
2022-06-29 00:00:00-04:00,361.3752782573753,362.36109348225904,358.7116273894593,360.5316162109375,65676000
2022-06-30 00:00:00-04:00,356.6451313576215,360.8349471944622,353.1567954408799,357.6025390625,112508300
2022-07-01 00:00:00-04:00,356.9484497006856,361.8207682477801,354.33218346585994,361.38470458984375,74839700
2022-07-05 00:00:00-04:00,356.3039239194396,362.08623764291843,353.4791138897527,362.0672607421875,81438000
2022-07-06 00:00:00-04:00,362.2093972721212,365.7735827766986,359.83013971421116,363.2900390625,70426200
2022-07-07 00:00:00-04:00,365.06266665246835,369.52735833895935,363.3090102076316,368.7311096191406,64525900
2022-07-08 00:00:00-04:00,367.10068528955685,370.29519752923926,365.5745491503481,368.42779541015625,72397800
2022-07-11 00:00:00-04:00,365.7547105106273,366.7215778956689,363.5270941091934,364.2190856933594,58366900
2022-07-12 00:00:00-04:00,363.6692331147653,366.0485198112267,359.251925711996,360.99609375,62219200
2022-07-13 00:00:00-04:00,355.56452982281553,362.02934629353234,355.14744302288534,359.1002502441406,84224600
2022-07-14 00:00:00-04:00,354.1521398256336,359.30882348190096,351.71600904471353,358.22821044921875,89704800
2022-07-15 00:00:00-04:00,362.6265260152687,365.185919762693,360.72122784420594,365.0721740722656,79060400
2022-07-18 00:00:00-04:00,368.1528836213448,368.825898190188,360.8349458407432,362.0577697753906,63203600
2022-07-19 00:00:00-04:00,365.9726185323084,372.4089977632134,365.3185809223327,371.8402404785156,78506000
2022-07-20 00:00:00-04:00,372.02984989964705,375.62247177061846,370.66484393622255,374.2100524902344,71843800
2022-07-21 00:00:00-04:00,373.63194122008764,378.06819739042936,371.2337061216237,378.02081298828125,64903900
2022-07-22 00:00:00-04:00,378.1439131775614,379.33827161369254,372.29523939989383,374.51336669921875,72197300
2022-07-25 00:00:00-04:00,375.1390328241593,375.8215358224329,372.7313098957775,374.9684143066406,53631500
2022-07-26 00:00:00-04:00,373.3285099278068,373.53705331768873,369.6411191276845,370.53216552734375,52946400
2022-07-27 00:00:00-04:00,373.82147154826214,381.89776315262577,373.52761885571124,380.1535949707031,82342100
2022-07-28 00:00:00-04:00,380.9592441702565,385.61350177770953,377.4140068493156,384.9215393066406,73966600
2022-07-29 00:00:00-04:00,386.3528761831323,391.5190471453721,385.5850639824012,390.533203125,87003700
2022-08-01 00:00:00-04:00,387.8411455020427,391.8792906615118,387.13020608259814,389.37677001953125,69997500
2022-08-02 00:00:00-04:00,387.8127450392465,391.4906766053588,385.63254218875403,386.8079528808594,63435400
2022-08-03 00:00:00-04:00,388.93125481134643,394.0310649800449,388.6468906090099,392.8651428222656,67820600
2022-08-04 00:00:00-04:00,392.78929793981433,393.4718009620609,390.9598207163616,392.5997314453125,45656600
2022-08-05 00:00:00-04:00,388.3246175842232,392.5807659148732,388.26774474140564,391.9361877441406,56814900
2022-08-08 00:00:00-04:00,393.6235081493515,395.87007236927724,390.3816112599049,391.481201171875,53886100
2022-08-09 00:00:00-04:00,390.7512903773344,391.25368644325886,388.8554517997777,389.9266052246094,44931800
2022-08-10 00:00:00-04:00,396.96963344138766,398.258818700046,395.01692204612334,398.1166076660156,68665700
2022-08-11 00:00:00-04:00,400.96036549541424,402.8183081055924,397.3772317875,398.1166076660156,59489700
2022-08-12 00:00:00-04:00,400.05045609922075,404.9606720519512,399.102536621325,404.8564147949219,61694500
2022-08-15 00:00:00-04:00,402.64764150057266,407.04600061972724,402.5907686609456,406.5246276855469,54048300
2022-08-16 00:00:00-04:00,405.45355110579476,409.24522847882577,404.64781387838514,407.3209533691406,59289000
2022-08-17 00:00:00-04:00,403.7283280008868,407.1313549468698,402.42968313864895,404.4297790527344,63563400
2022-08-18 00:00:00-04:00,404.628809463559,406.28766820146114,403.33965312992564,405.6051940917969,49023200
2022-08-19 00:00:00-04:00,402.8467196760706,403.1121358999802,399.2825341593999,400.1546325683594,68016900
2022-08-22 00:00:00-04:00,395.3297327861423,395.5003802457015,390.9219138235221,391.82244873046875,77695600
2022-08-23 00:00:00-04:00,391.3959168557966,393.78469227238185,390.3247632987665,390.87457275390625,49105200
2022-08-24 00:00:00-04:00,390.64698231789686,393.49074002484474,389.9645082393007,392.1257629394531,49177800
2022-08-25 00:00:00-04:00,393.6139571012594,397.70897496462175,392.52385581312956,397.6615905761719,50942300
2022-08-26 00:00:00-04:00,397.5478603350803,398.088152311537,384.14426851779484,384.2011413574219,103087000
2022-08-29 00:00:00-04:00,381.2531682301508,384.70357956798847,380.30524889484775,381.6607666015625,65370800
2022-08-30 00:00:00-04:00,382.8172261577202,383.0542059895712,375.3760536519589,377.470947265625,85652400
2022-08-31 00:00:00-04:00,379.10137171228644,380.3431437236325,374.4660612189248,374.5987548828125,76029700
2022-09-01 00:00:00-04:00,372.42798580847113,376.1153764284115,369.7264103214383,375.7741394042969,78740100
2022-09-02 00:00:00-04:00,379.4331695900639,380.6465052435593,370.00136015495065,371.8118896484375,99632100
2022-09-06 00:00:00-04:00,372.65546883916255,373.59389956272736,368.19077763747265,370.4089050292969,76637400
2022-09-07 00:00:00-04:00,370.0960516856913,377.83107510535797,369.8780488041353,377.0632629394531,70964200
2022-09-08 00:00:00-04:00,374.79784580059123,379.9829368756566,373.59396971166063,379.5279541015625,80821700
2022-09-09 00:00:00-04:00,381.7650275183075,386.28662130528346,381.49961125899546,385.42401123046875,76706900
2022-09-12 00:00:00-04:00,387.49046061347366,390.2868341942052,387.1871194866291,389.56640625,69256300
2022-09-13 00:00:00-04:00,380.9024232007864,382.1062993004574,371.5085678123265,372.6271057128906,122947100
2022-09-14 00:00:00-04:00,373.92568555402255,375.56559617352946,370.7501504689949,374.0489196777344,85023700
2022-09-15 00:00:00-04:00,372.49436398050875,375.33812191068284,368.53206820723454,369.8022766113281,87633800
2022-09-16 00:00:00-04:00,365.6295510878898,367.6378630769438,363.69734233012485,366.9811096191406,103084800
2022-09-19 00:00:00-04:00,363.84008189633505,369.82696533203125,363.76392058262684,369.82696533203125,73278500
2022-09-20 00:00:00-04:00,366.5051996914192,367.5141193905518,362.83121456949,365.5819396972656,77274900
2022-09-21 00:00:00-04:00,367.504586823731,370.5504007332188,359.19527603958755,359.2048034667969,106746600
2022-09-22 00:00:00-04:00,358.433857107036,360.0709772242707,355.44517830463013,356.1875915527344,89472600
2022-09-23 00:00:00-04:00,352.7228790149844,352.76095967141856,345.7841825636604,350.2196350097656,122346900
2022-09-26 00:00:00-04:00,348.7538794551558,352.3707580104209,345.53674617910787,346.75506591796875,92581200
2022-09-27 00:00:00-04:00,350.28630194167937,352.5516221250691,343.48084301099055,345.8699035644531,108294100
2022-09-28 00:00:00-04:00,346.82173847556913,354.36008362291216,345.1275119459914,352.6753845214844,110802200
2022-09-29 00:00:00-04:00,349.13453598884,349.42006827966514,342.36715927302765,345.3082580566406,112952300
2022-09-30 00:00:00-04:00,344.36593839141597,348.2779050009619,339.83532817642805,339.96856689453125,153711200
2022-10-03 00:00:00-04:00,343.6806581182504,350.79070306991537,341.9007722856018,348.9441833496094,89756500
2022-10-04 00:00:00-04:00,354.45525951637643,359.78541969158493,348.90620087696135,359.7568664550781,103602800
2022-10-05 00:00:00-04:00,355.3975589353477,361.1750432151708,353.0751323104993,358.91925048828125,88065700
2022-10-06 00:00:00-04:00,357.5200770483229,360.47070383972516,354.72174385776447,355.2167053222656,82333500
2022-10-07 00:00:00-04:00,351.19045562386657,355.3022948939197,343.5473981378096,345.3082580566406,107789500
2022-10-10 00:00:00-04:00,346.4219606923115,346.6599140174196,340.4350759464563,342.67181396484375,76042800
2022-10-11 00:00:00-04:00,340.9775545535183,345.5367479558779,338.56946829764377,340.50164794921875,92482800
2022-10-12 00:00:00-04:00,340.91094386553914,342.4814298234217,339.13102879643657,339.3785095214844,76991800
2022-10-13 00:00:00-04:00,332.38265512986965,349.8008528442018,331.3356548770357,348.3350524902344,147254500
2022-10-14 00:00:00-04:00,350.79069404097305,352.41831529855494,339.7591840858435,340.39691162109375,123737000
2022-10-17 00:00:00-04:00,346.46954168027236,350.24824134925336,340.06382821256403,349.1441345214844,93168200
2022-10-18 00:00:00-04:00,357.0536513093477,357.35823847132036,349.81033854515664,353.24639892578125,97162900
2022-10-19 00:00:00-04:00,351.2095737934234,353.9317748856679,347.9353337780581,350.7431945800781,79746900
2022-10-20 00:00:00-04:00,350.29577817467606,354.71220495349155,347.0405645534775,347.8020324707031,88283100
2022-10-21 00:00:00-04:00,347.5259812950986,356.7395247837277,346.02212943460694,356.2541198730469,131038400
2022-10-24 00:00:00-04:00,357.7770190393889,361.74606316639574,355.13095089201244,360.6134033203125,85436900
2022-10-25 00:00:00-04:00,360.5373287022716,366.6860338162217,360.4231157662592,366.3719482421875,78846300
2022-10-26 00:00:00-04:00,363.23094435236135,368.9037428227225,362.97396524839513,363.6116638183594,104087300
2022-10-27 00:00:00-04:00,364.6110821532887,366.44807462100994,361.05128110498777,361.66998291015625,81971800
2022-10-28 00:00:00-04:00,361.5652384352448,370.7502290607999,361.3843916220893,370.2743225097656,100302000
2022-10-31 00:00:00-04:00,367.81862838081696,369.68417378007797,366.6954959805395,367.5997009277344,96631300
2022-11-01 00:00:00-04:00,371.3404875904526,371.5784409364616,364.8205601003969,365.99127197265625,85407600
2022-11-02 00:00:00-04:00,365.4010542504777,369.9031408055681,356.70149735976,356.8061828613281,126990400
2022-11-03 00:00:00-04:00,353.570119725643,356.1685807268447,351.0192668219738,353.1322937011719,87100100
2022-11-04 00:00:00-04:00,358.8335469874606,360.61343287804317,352.170855133582,358.2148742675781,103505200
2022-11-07 00:00:00-05:00,359.50936758378657,362.23156853069116,357.43442171013305,361.6414489746094,68286900
2022-11-08 00:00:00-05:00,362.745493209243,366.5622732100706,359.5188617569453,363.5926208496094,84641100
2022-11-09 00:00:00-05:00,361.6223724698831,362.77408732506177,355.6069062348671,356.10186767578125,78495500
2022-11-10 00:00:00-05:00,369.3510591794325,376.00425245255667,367.0572151863192,375.6711120605469,141455800
2022-11-11 00:00:00-05:00,376.5277606911573,380.10658743180727,374.64316019638335,379.30706787109375,93839900
2022-11-14 00:00:00-05:00,377.5462142284,380.89658611860307,375.8043798668183,376.0804138183594,71903500
2022-11-15 00:00:00-05:00,381.8198514474499,382.9239582221826,375.4807721813481,379.28802490234375,93194500
2022-11-16 00:00:00-05:00,377.66046061084984,378.6122738619531,375.76636153620575,376.3945617675781,68508500
2022-11-17 00:00:00-05:00,371.6449756187588,375.9186366580597,371.3404174691277,375.2428283691406,74496300
2022-11-18 00:00:00-05:00,378.57415608736795,378.64078997970154,374.10065167393867,376.9465637207031,92922500
2022-11-21 00:00:00-05:00,375.6235663390515,376.7466989172969,373.73896579052973,375.5759582519531,51243200
2022-11-22 00:00:00-05:00,377.51758689522217,380.7918258701002,376.10889322792866,380.6300048828125,60429000
2022-11-23 00:00:00-05:00,380.29695819857307,383.51409151080327,380.06853232216565,383.0286865234375,68261600
2022-11-25 00:00:00-05:00,382.46714752188933,383.4951222112624,382.1911425629059,382.94305419921875,30545400
2022-11-28 00:00:00-05:00,379.8591259436192,381.4962458070925,376.0708989562592,376.8323669433594,67881600
2022-11-29 00:00:00-05:00,376.96561491269216,378.15538144006086,374.34812855248094,376.1851501464844,52310000
2022-11-30 00:00:00-05:00,376.4325818837763,388.0351867675781,374.51945716113363,388.0351867675781,144566700
2022-12-01 00:00:00-05:00,389.07263892248426,390.2433795179694,385.24636063389784,387.7496337890625,76398200
2022-12-02 00:00:00-05:00,382.86685419503635,388.20651222768515,382.76216868711776,387.30230712890625,85342700
2022-12-05 00:00:00-05:00,384.4848808065506,385.4176389754673,378.9834027162839,380.3349609375,77289800
2022-12-06 00:00:00-05:00,380.17323078475664,380.7157422182558,372.7681254520418,374.8525695800781,77972200
2022-12-07 00:00:00-05:00,374.0054742055746,376.5753814167961,373.0822142567911,374.2148742675781,65927900
2022-12-08 00:00:00-05:00,376.0994521400108,378.212449392276,374.3195371968257,377.14642333984375,60737900
2022-12-09 00:00:00-05:00,375.909145637889,378.45999830118234,374.2053917040091,374.3291320800781,81447700
2022-12-12 00:00:00-05:00,375.11902932851245,379.725830078125,374.4527776179369,379.725830078125,75405800
2022-12-13 00:00:00-05:00,390.45273817570154,390.7097172341381,379.840028813482,382.60028076171875,123782500
2022-12-14 00:00:00-05:00,382.257673780074,385.9602409589763,377.21307559103866,380.1541748046875,108111300
2022-12-15 00:00:00-05:00,375.2999009475401,376.2041350287874,369.19880442028864,370.8549499511719,117705900
2022-12-16 00:00:00-05:00,368.302907769073,369.6415593936089,364.34432159505855,366.4765930175781,119858000
2022-12-19 00:00:00-05:00,366.6678956887565,367.00256593948217,361.7052981772117,363.3690490722656,79878100
2022-12-20 00:00:00-05:00,362.61367325179793,365.48222528681765,361.2941346468216,363.86627197265625,74427200
2022-12-21 00:00:00-05:00,366.45747677877307,370.43520527298585,365.9220161334383,369.3069152832031,78167400
2022-12-22 00:00:00-05:00,366.26619498775557,369.2877393144812,358.34899424622876,364.0382995605469,100120900
2022-12-23 00:00:00-05:00,363.01518610522345,366.27577647509355,361.466172965727,366.1323547363281,59857300
2022-12-27 00:00:00-05:00,366.01770849733794,366.36192075609665,363.0152765095284,364.6885986328125,51638200
2022-12-28 00:00:00-05:00,364.6215818081712,366.59134742365524,359.92674469166934,360.1562194824219,70911500
2022-12-29 00:00:00-05:00,362.9961017998292,367.5092910145083,362.47018314198056,366.63916015625,66970900
2022-12-30 00:00:00-05:00,363.9618527124626,365.8168226274327,361.8486652893112,365.67340087890625,84022200
2023-01-03 00:00:00-05:00,367.52841345608357,369.49815002254616,361.274962367188,364.13397216796875,74850700
2023-01-04 00:00:00-05:00,366.3905568832152,368.9722652057651,363.34989894273167,366.9451599121094,85934100
2023-01-05 00:00:00-05:00,364.9945163658359,365.1092537639918,362.16422021646383,362.7570495605469,76970500
2023-01-06 00:00:00-05:00,365.84547897836046,372.19455357778276,362.785708249104,371.0758056640625,104189600
2023-01-09 00:00:00-05:00,373.2654787600865,376.4495872696216,370.68379991549534,370.8654479980469,73978100
2023-01-10 00:00:00-05:00,370.28225918611713,373.53327899556643,369.34518834804146,373.4663391113281,65358100
2023-01-11 00:00:00-05:00,375.0440257972263,378.26636090740493,374.2312636370513,378.1898498535156,68881100
2023-01-12 00:00:00-05:00,379.2895306207411,381.02976337180365,375.2257485082276,379.5668029785156,90157700
2023-01-13 00:00:00-05:00,376.3730941204777,381.61299228704434,376.10536380133436,381.0392761230469,63903900
2023-01-17 00:00:00-05:00,381.0201896884126,382.6935115955875,379.6623956443495,380.3412780761719,62677300
2023-01-18 00:00:00-05:00,381.52697849057256,382.58832869980466,374.1356658339176,374.3364562988281,99632300
2023-01-19 00:00:00-05:00,372.2997525257694,373.94439001524745,370.29178966269103,371.611328125,86958900
2023-01-20 00:00:00-05:00,373.00734634342695,378.68708106087394,371.36270886328373,378.5340881347656,91806400
2023-01-23 00:00:00-05:00,379.337245503758,385.0074085420892,378.38106168560785,383.075927734375,84178800
2023-01-24 00:00:00-05:00,381.40259479828296,383.5731214964874,380.2169362364954,382.6647644042969,59524900
2023-01-25 00:00:00-05:00,378.6010242444025,383.1428977378186,376.31573073269413,382.8082275390625,84800300
2023-01-26 00:00:00-05:00,385.46642861189923,387.17800600043023,382.5022526217131,387.01544189453125,72287400
2023-01-27 00:00:00-05:00,385.97321255052447,390.2760402786123,385.7628509166012,387.9046936035156,68346200
2023-01-30 00:00:00-05:00,385.1508473703547,387.37877210654403,382.7412745466371,383.0376892089844,74202000
2023-01-31 00:00:00-05:00,383.5540574493801,388.7174447402499,383.20981606709955,388.6696472167969,86811800
2023-02-01 00:00:00-05:00,387.45528923844535,395.54462644508357,384.7206171548962,392.80035400390625,101459200
2023-02-02 00:00:00-05:00,396.6824246845757,399.98127069479483,394.78919930515946,398.518310546875,101654500
2023-02-03 00:00:00-05:00,393.5557615392747,398.70003602985804,393.0776695484089,394.282470703125,94736800
2023-02-06 00:00:00-05:00,391.8346069060138,393.26888274999055,390.21865378736663,391.8728332519531,60295300
2023-02-07 00:00:00-05:00,390.9548967397829,398.241013206568,389.7118693730586,396.99798583984375,90990700
2023-02-08 00:00:00-05:00,395.0282373142556,396.36688886374986,391.96843733219856,392.6568908691406,76227500
2023-02-09 00:00:00-05:00,396.25217230001425,396.40516522520073,388.028984948847,389.2528991699219,78694900
2023-02-10 00:00:00-05:00,388.0768126828916,390.5437836705012,387.2640796514173,390.16131591796875,70769700
2023-02-13 00:00:00-05:00,390.81149214644563,394.875273798094,390.3525133608386,394.74139404296875,64913500
2023-02-14 00:00:00-05:00,393.22104214899304,396.864100329501,390.6106788806823,394.5597229003906,88389300
2023-02-15 00:00:00-05:00,392.3700815999979,395.91751581058026,391.5286350725414,395.8410339355469,61555700
2023-02-16 00:00:00-05:00,390.87841017898984,394.8178830322616,390.25689650308516,390.3907470703125,76431500
2023-02-17 00:00:00-05:00,388.26803395095567,389.6545122847336,386.34609496505783,389.41546630859375,89257800
2023-02-21 00:00:00-05:00,385.39950609313314,386.4513142893378,381.34529542458307,381.60345458984375,82655900
2023-02-22 00:00:00-05:00,382.0145255408099,383.5539965692342,379.624066139242,381.0774841308594,83742300
2023-02-23 00:00:00-05:00,383.96517386295295,384.57714551664407,378.8878400941684,383.1046142578125,96242400
2023-02-24 00:00:00-05:00,378.0942785897589,379.84408241701556,376.39227228887677,379.01220703125,108194400
2023-02-27 00:00:00-05:00,382.3492579579314,383.7070519585176,379.365968807818,380.30303955078125,80444700
2023-02-28 00:00:00-05:00,379.82496053517093,381.78512595829335,378.79226552930106,378.8974609375,96438600
2023-03-01 00:00:00-05:00,378.08465625730815,379.3085704071732,376.14360422634064,377.4440002441406,99706800
2023-03-02 00:00:00-05:00,375.47425838003477,381.22093252105213,375.13958820432623,380.3794860839844,85127800
2023-03-03 00:00:00-05:00,382.1963263662835,386.7286586997874,381.5461282021258,386.48004150390625,90120000
2023-03-06 00:00:00-05:00,387.3023155770407,389.5971805098177,386.30790523195174,386.74774169921875,72795900
2023-03-07 00:00:00-05:00,386.699921017692,386.93896700217493,380.20742390861926,380.8193664550781,108310600
2023-03-08 00:00:00-05:00,380.93414163742426,382.1962822868647,379.21299300204765,381.44091796875,74746600
2023-03-09 00:00:00-05:00,382.22492782127654,383.8887075845493,373.4184826190144,374.4033508300781,111945300
2023-03-10 00:00:00-05:00,373.8583475978051,375.93327957719293,367.4806170891498,369.0009460449219,189253000
2023-03-13 00:00:00-04:00,365.0805650006383,373.2846390345943,363.9713881978472,368.4750061035156,157790000
2023-03-14 00:00:00-04:00,373.3898317252391,376.21058604424246,370.0909854321958,374.5659484863281,149752400
2023-03-15 00:00:00-04:00,368.9818486133687,372.42408758364206,366.8973453679593,372.2232971191406,172996900
2023-03-16 00:00:00-04:00,369.87107021323396,379.0982391870772,369.36429390384325,378.7539978027344,143254200
2023-03-17 00:00:00-04:00,377.42565051475987,378.5582467760813,372.943216125859,374.32537841796875,140553400
2023-03-20 00:00:00-04:00,375.10277090610924,378.33743311980123,374.4021114765073,377.9246826171875,93055800
2023-03-21 00:00:00-04:00,381.28415054635593,383.3670015855469,379.69082383763816,382.8870849609375,91524200
2023-03-22 00:00:00-04:00,382.7142575848104,386.32321007597335,376.3217657060295,376.3601379394531,111746600
2023-03-23 00:00:00-04:00,379.2204571484992,383.25176789780386,374.6708576136584,377.3775939941406,119351300
2023-03-24 00:00:00-04:00,376.1010222149094,379.9403548581303,373.75902695920195,379.8539733886719,107682400
2023-03-27 00:00:00-04:00,382.1288028794633,382.8966870426311,379.6716321408978,380.56427001953125,74010400
2023-03-28 00:00:00-04:00,379.8731772141997,380.5642582938647,377.8767370350477,379.71002197265625,62871700
2023-03-29 00:00:00-04:00,383.8660584843338,385.46899270747423,382.6662670661032,385.2290344238281,77497900
2023-03-30 00:00:00-04:00,387.8589388033637,388.1085047730431,385.6225406555873,387.484619140625,69840000
2023-03-31 00:00:00-04:00,388.4061147934353,393.24368242982905,388.30051790737826,392.9461364746094,112062600
2023-04-03 00:00:00-04:00,392.42776506097084,394.8465339049245,392.03422997869995,394.44342041015625,67391100
2023-04-04 00:00:00-04:00,395.0865256835199,395.3744932102715,390.8824517022873,392.2550354003906,66601500
2023-04-05 00:00:00-04:00,391.5255732993779,392.28384974684195,389.57711302940226,391.22802734375,65200200
2023-04-06 00:00:00-04:00,390.43128047849984,393.03244914257624,389.3850659655968,392.75408935546875,63743300
2023-04-10 00:00:00-04:00,390.27775752337686,393.23406013832266,389.66347951634174,393.1572570800781,63681000
2023-04-11 00:00:00-04:00,393.78116601430696,394.6641961280183,392.4949930804865,393.2628479003906,59297900
2023-04-12 00:00:00-04:00,395.32651264091214,395.6144801885437,391.07445840947173,391.6599426269531,86420400
2023-04-13 00:00:00-04:00,392.7444905245143,397.21731616818573,391.60228682213693,396.8621826171875,85814800
2023-04-14 00:00:00-04:00,396.2287697684171,398.4171884519207,393.5892282764297,395.892822265625,78161500
2023-04-17 00:00:00-04:00,395.8064093482449,397.3325406110166,394.577824032139,397.3133544921875,66436400
2023-04-18 00:00:00-04:00,398.8874765900454,399.0218673008723,396.1999552913603,397.572509765625,63560000
2023-04-19 00:00:00-04:00,395.66241754419593,398.4075262603893,395.60482989922565,397.50531005859375,55227300
2023-04-20 00:00:00-04:00,394.6929585087422,397.0829628319808,393.79071305675006,395.3360595703125,75840400
2023-04-21 00:00:00-04:00,395.6336418065236,396.10395069254025,393.6947893230702,395.64324951171875,73457400
2023-04-24 00:00:00-04:00,395.4416314735753,396.4782676301581,394.10747868962846,396.0559387207031,64332100
2023-04-25 00:00:00-04:00,394.088292257947,394.6450119030647,389.7114553215701,389.76904296875,97766700
2023-04-26 00:00:00-04:00,390.3833244029181,391.4583328014488,387.56141271088387,388.11810302734375,80447000
2023-04-27 00:00:00-04:00,390.65211692803183,396.11357024267807,390.40255091976803,395.8448181152344,92968400
2023-04-28 00:00:00-04:00,394.9617875942257,399.23305741321724,394.90419994068407,399.22344970703125,89433100
2023-05-01 00:00:00-04:00,398.7819109693187,400.8455465437123,398.58993260769745,398.8203125,62122300
2023-05-02 00:00:00-04:00,398.11002828382885,398.1580375216088,391.4392047424731,394.337890625,103998500
2023-05-03 00:00:00-04:00,394.837004192524,397.24619509986604,391.3912062306647,391.63116455078125,91531800
2023-05-04 00:00:00-04:00,390.5849268562114,390.91126663739385,387.52305652796423,388.85723876953125,94901900
2023-05-05 00:00:00-04:00,392.4853583991723,397.10215328992234,392.2262140059175,396.0559387207031,87891800
2023-05-08 00:00:00-04:00,396.3823017131118,396.64144612156804,394.76018132750204,396.1615295410156,50046800
2023-05-09 00:00:00-04:00,394.61626426292884,395.53769601743005,394.19393527299343,394.4242858886719,49220100
2023-05-10 00:00:00-04:00,397.2557473304781,397.8892407221348,392.44697389350114,396.2671203613281,96142900
2023-05-11 00:00:00-04:00,395.40325635953116,395.86395749973974,393.502776280826,395.5760192871094,70157100
2023-05-12 00:00:00-04:00,396.8142503993596,397.0254148728848,392.63897016343816,395.0577392578125,70481500
2023-05-15 00:00:00-04:00,395.66240845072787,396.8237983199805,393.75234992228525,396.4206848144531,54289400
2023-05-16 00:00:00-04:00,395.3168627044219,396.23832360826236,393.7619377053924,393.77154541015625,57705500
2023-05-17 00:00:00-04:00,395.7872502342352,399.1562450551422,394.14594356293253,398.55157470703125,87287000
2023-05-18 00:00:00-04:00,398.23477512417634,402.8131980774416,398.01403224251106,402.390869140625,97177200
2023-05-19 00:00:00-04:00,403.29314851307697,403.8210450825171,400.5864117249465,401.8053894042969,103793300
2023-05-22 00:00:00-04:00,401.8246587815764,403.50436719038265,400.58646552424085,401.9686279296875,60745400
2023-05-23 00:00:00-04:00,400.32722839371974,401.9013689419868,397.0638012887145,397.45733642578125,86383500
2023-05-24 00:00:00-04:00,395.85441436146004,396.2383417764392,393.4164298740769,394.57781982421875,89213700
2023-05-25 00:00:00-04:00,398.0812545290906,399.44423070710803,395.84485582251955,397.994873046875,90961600
2023-05-26 00:00:00-04:00,398.64745889564364,403.86895317673464,398.57068513788386,403.1490783691406,93830000
2023-05-30 00:00:00-04:00,405.07840112218025,405.6062976614237,401.9205417166639,403.3027038574219,72216000
2023-05-31 00:00:00-04:00,401.47906649861943,402.3813121326053,399.5018122688516,401.06634521484375,110811800
2023-06-01 00:00:00-04:00,401.2966730663804,405.9326839874396,400.0489015795839,404.8768615722656,88865000
2023-06-02 00:00:00-04:00,407.44926010636226,411.51894416726753,406.92136347665047,410.7319030761719,91426200
2023-06-05 00:00:00-04:00,411.0773899248413,412.3635629860605,409.2441048720611,409.9447937011719,65460200
2023-06-06 00:00:00-04:00,409.5320736758542,411.3653294424387,408.87936479133043,410.8374328613281,64022200
2023-06-07 00:00:00-04:00,411.2309384070294,412.3635345526036,408.9945106484148,409.4168395996094,85373300
2023-06-08 00:00:00-04:00,409.48405866767195,412.34437231335727,408.71620378018724,411.89324951171875,61952800
2023-06-09 00:00:00-04:00,412.689850828952,414.63831094166113,411.6436362158996,412.63226318359375,85742800
2023-06-12 00:00:00-04:00,413.6113761039967,416.45247445367045,412.89150113320926,416.37567138671875,76104300
2023-06-13 00:00:00-04:00,417.8345546921649,419.76379931662035,417.1722675057486,419.1207275390625,95899700
2023-06-14 00:00:00-04:00,419.4566872999007,421.4243335080621,416.1740450929453,419.6198425292969,100612100
2023-06-15 00:00:00-04:00,418.8040313332803,426.06997610483035,418.7080714411939,424.82220458984375,110303100
2023-06-16 00:00:00-04:00,426.804818584776,427.37322020593024,422.9030661850773,423.3751220703125,114165800
2023-06-20 00:00:00-04:00,421.4387253030806,422.32503554227975,419.1072877770987,421.1785888671875,76160400
2023-06-21 00:00:00-04:00,420.19597746428883,420.995585443212,418.43294139177686,419.0206298828125,76982300
2023-06-22 00:00:00-04:00,418.0668439684426,420.6391018260277,417.72964857046975,420.53314208984375,70637200
2023-06-23 00:00:00-04:00,417.084192410939,419.1362363473925,416.6410372408123,417.35394287109375,92074500
2023-06-26 00:00:00-04:00,416.7854848977608,418.70263864501453,415.4078319979814,415.648681640625,72823600
2023-06-27 00:00:00-04:00,416.52540707007813,420.8221567639146,416.0726085341393,420.2055969238281,72813700
2023-06-28 00:00:00-04:00,419.1265614695,421.4290983033547,418.5100016357142,420.41754150390625,75636000
2023-06-29 00:00:00-04:00,420.0032229268465,422.2383146152685,419.59861200085055,422.07452392578125,67882300
2023-06-30 00:00:00-04:00,425.2827088718478,428.0380149404403,424.9647708481831,427.05535888671875,104964000
2023-07-03 00:00:00-04:00,426.7084788639364,427.8259952574617,426.4290850652605,427.546630859375,32793400
2023-07-05 00:00:00-04:00,425.7354497315169,427.6429894132442,425.7258063379871,426.9107971191406,58418400
2023-07-06 00:00:00-04:00,423.3366648166022,423.9917688689175,421.063028622468,423.56787109375,80658300
2023-07-07 00:00:00-04:00,422.5755319557256,426.438769743823,422.2575939538954,422.4984436035156,86134200
2023-07-10 00:00:00-04:00,422.14203044995077,423.74127580161087,421.5736287515659,423.56787109375,62443500
2023-07-11 00:00:00-04:00,424.32890870557475,426.7566624993896,423.3558667490492,426.26531982421875,64463800
2023-07-12 00:00:00-04:00,430.0515200243212,431.1016209821125,428.62567949600117,429.6950378417969,91924500
2023-07-13 00:00:00-04:00,431.5061627491208,433.89540150524687,431.0726510840857,433.10540771484375,72425200
2023-07-14 00:00:00-04:00,433.991813962652,434.83958003816,432.07463074719146,432.8357238769531,69815800
2023-07-17 00:00:00-04:00,432.6911892645716,435.3886934056767,432.6430016974079,434.3385925292969,52680200
2023-07-18 00:00:00-04:00,434.0110058202374,438.21140898958953,433.5774647534116,437.5659484863281,80668200
2023-07-19 00:00:00-04:00,438.3559839057652,439.7239933832524,437.48890168977437,438.5390319824219,65891700
2023-07-20 00:00:00-04:00,437.54673021651973,438.44268380742795,434.9166416038705,435.6295471191406,70591600
2023-07-21 00:00:00-04:00,437.34439535359957,437.54673021651973,435.6199331260899,435.6295471191406,71275600
2023-07-24 00:00:00-04:00,436.77598531715506,438.38487379289774,435.7451418375123,437.57562255859375,54023400
2023-07-25 00:00:00-04:00,437.30587795856155,440.02263949533193,437.2576903912355,438.7702331542969,55191200
2023-07-26 00:00:00-04:00,437.83576473919794,440.263518637083,436.7856637889011,438.83770751953125,71052900
2023-07-27 00:00:00-04:00,442.2192452897237,442.62388566589414,435.0226560753175,435.9282531738281,92194400
2023-07-28 00:00:00-04:00,439.1941936182639,441.024645224626,435.9282579906258,440.1961364746094,80011800
2023-07-31 00:00:00-04:00,440.66814456102355,441.39069349037516,439.35790721415856,441.03424072265625,62040400
2023-08-01 00:00:00-04:00,439.5698819163366,440.51402315707037,438.81843216166044,439.772216796875,55291500
2023-08-02 00:00:00-04:00,436.6604008783812,436.9205079074881,432.90315234388123,433.65460205078125,93933400
2023-08-03 00:00:00-04:00,431.64115804128886,434.29050444334024,430.9956679816183,432.411865234375,64276100
2023-08-04 00:00:00-04:00,434.2230384704291,436.3232404604835,429.9359027397443,430.4561462402344,100128900
2023-08-07 00:00:00-04:00,432.28655130575453,434.3674956833761,431.5929031798807,434.2133483886719,58357500
2023-08-08 00:00:00-04:00,431.67964426037906,434.2037733620173,428.9724964679823,432.32513427734375,71361300
2023-08-09 00:00:00-04:00,432.59491357535535,432.75870428928835,428.6738738420237,429.4349670410156,78789600
2023-08-10 00:00:00-04:00,431.7855978075418,435.1671361209915,428.4233462814403,429.58905029296875,93005500
2023-08-11 00:00:00-04:00,427.72008989099777,430.3501787286785,427.1227874459535,429.3385925292969,68690900
2023-08-14 00:00:00-04:00,428.4233935882657,431.70855712890625,428.11509896255956,431.70855712890625,47867400
2023-08-15 00:00:00-04:00,429.9358890851779,430.2923712690211,426.1111954097984,426.67962646484375,75707500
2023-08-16 00:00:00-04:00,426.26534575201464,427.9223925566891,423.44259484772283,423.548583984375,80107200
2023-08-17 00:00:00-04:00,425.01291328665195,425.273020314269,419.8009235363625,420.3211669921875,95711300
2023-08-18 00:00:00-04:00,417.5080258452247,421.5543115245304,417.1612164787308,420.5234680175781,98852000
2023-08-21 00:00:00-04:00,421.53502982303786,424.0013277942752,419.38666984217986,423.259521484375,68719000
2023-08-22 00:00:00-04:00,425.0321947779214,425.0321947779214,421.55433988295033,422.11309814453125,64994200
2023-08-23 00:00:00-04:00,423.17286834168584,427.4311034249485,423.0283644204359,426.81451416015625,68441000
2023-08-24 00:00:00-04:00,428.41369725884107,428.92429730681755,420.87027025881116,420.8992004394531,88517300
2023-08-25 00:00:00-04:00,422.62369316256587,425.1477928046301,419.0783933508206,423.8664855957031,102325100
2023-08-28 00:00:00-04:00,426.05339622552776,427.1709421526019,423.8664919427265,426.55438232421875,61595400
2023-08-29 00:00:00-04:00,426.4483889303442,432.999517120143,426.26534084235647,432.7201232910156,83081900
2023-08-30 00:00:00-04:00,433.05731299234867,435.1382574911251,432.35402143192493,434.5024108886719,69053900
2023-08-31 00:00:00-04:00,435.11898360214246,436.2557869248091,433.6835290574293,433.8665771484375,66084600
2023-09-01 00:00:00-04:00,436.5833209067049,437.06502016743536,433.2210400744053,434.67578125,58944100
2023-09-05 00:00:00-04:00,434.23263347174435,434.5505420529184,432.72973410501413,432.7971496582031,55166200
2023-09-06 00:00:00-04:00,431.98789706191957,432.09388618903915,427.5659013158959,429.8876953125,70758500
2023-09-07 00:00:00-04:00,426.8915375451562,429.24223247025344,426.5447281630559,428.56787109375,70355400
2023-09-08 00:00:00-04:00,428.6159545149809,430.7450568075933,428.2595018008995,429.2132568359375,61659700
2023-09-11 00:00:00-04:00,431.8337979292306,432.3443980335229,430.1285929169173,432.0361328125,60180100
2023-09-12 00:00:00-04:00,430.59102153155527,432.11317840274216,429.0881220484013,429.6661376953125,67565400
2023-09-13 00:00:00-04:00,429.8877204342684,431.3231749266096,428.78943192828973,430.1671142578125,60199300
2023-09-14 00:00:00-04:00,432.6334271290332,434.5698383708397,431.332833106535,433.8761901855469,83430800
2023-09-15 00:00:00-04:00,432.29352436707654,432.62223173023705,428.2136407942197,428.648681640625,111848900
2023-09-18 00:00:00-04:00,428.3393267614431,430.1955896700722,427.86560575276553,428.90008544921875,55752200
2023-09-19 00:00:00-04:00,427.9816479077142,428.57140936349316,425.33263382268484,428.0106506347656,66514600
2023-09-20 00:00:00-04:00,429.2674693964477,429.68318495179983,423.8727265693422,424.0757751464844,82562600
2023-09-21 00:00:00-04:00,421.2333589486901,421.4943834516094,416.91177626347593,417.06646728515625,104095800
2023-09-22 00:00:00-04:00,418.0913502784636,419.68655933537104,415.7130085528767,416.1287536621094,100829700
2023-09-25 00:00:00-04:00,414.92017485715184,417.9172211836111,414.485104517223,417.8785705566406,70874500
2023-09-26 00:00:00-04:00,414.84285049792544,415.54862280920696,410.90798029741677,411.73944091796875,96168400
2023-09-27 00:00:00-04:00,412.90925504168933,413.4700137261174,408.2686420542666,411.9037780761719,104705800
2023-09-28 00:00:00-04:00,411.3527676631777,415.96437838949197,410.7630061946947,414.29180908203125,92258300
2023-09-29 00:00:00-04:00,417.3371661441051,417.5111824781116,411.7684074215334,413.2862854003906,115111300
2023-10-02 00:00:00-04:00,412.454856073705,414.3691244055631,410.36657139466814,413.1219482421875,83798600
2023-10-03 00:00:00-04:00,410.9467055118216,413.1800040858978,406.2287317175528,407.5919189453125,103760600
2023-10-04 00:00:00-04:00,408.0559666596498,411.3043900178651,406.59609392791054,410.5599670410156,87453000
2023-10-05 00:00:00-04:00,410.26984669791165,411.2463208378169,407.18579226927517,410.40521240234375,70142700
2023-10-06 00:00:00-04:00,407.9592344326086,416.8150963910029,406.63472757769614,415.27789306640625,113273300
2023-10-09 00:00:00-04:00,413.3830108074734,418.5070521455923,412.8319589906931,417.9366455078125,80374400
2023-10-10 00:00:00-04:00,418.5649967058061,422.70288570856627,418.1686064888882,420.11187744140625,78607300
2023-10-11 00:00:00-04:00,421.17534896503963,422.0841107631383,418.79700772466646,421.832763671875,62451700
2023-10-12 00:00:00-04:00,422.44187816631086,422.8189135801861,416.91179922986146,419.2611083984375,81154200
2023-10-13 00:00:00-04:00,420.75965970754623,421.95850789546967,415.60664534568787,417.1728515625,95143100
2023-10-16 00:00:00-04:00,419.4157827397426,422.6255551040407,419.1740835467255,421.56207275390625,75433200
2023-10-17 00:00:00-04:00,418.4392848901998,423.5923279162561,418.0912522340032,421.5426940917969,75324700
2023-10-18 00:00:00-04:00,419.77352121429993,420.73064064200355,414.8428514424272,415.9256591796875,93559800
2023-10-19 00:00:00-04:00,416.64111990263626,418.4490253157197,411.59443909771255,412.27117919921875,121323000
2023-10-20 00:00:00-04:00,411.8361657385735,412.37756965755136,407.0988371910665,407.2052001953125,123919900
2023-10-23 00:00:00-04:00,405.67760643648245,410.35692908932583,403.92770652261123,406.4993896484375,92035100
2023-10-24 00:00:00-04:00,408.61667642933105,410.7146385432617,406.7700909338865,409.56414794921875,78564200
2023-10-25 00:00:00-04:00,407.8818980106432,407.9109007331841,403.17357302000806,403.68597412109375,94223200
2023-10-26 00:00:00-04:00,402.6225823087564,403.47333880031834,397.93361142540357,398.85205078125,115156800
2023-10-27 00:00:00-04:00,400.4375332899705,400.83392348318415,395.62287503320994,397.0440673828125,107367700
2023-10-30 00:00:00-04:00,399.82851071417565,402.84491222424634,398.53300645045545,401.7911071777344,86562700
2023-10-31 00:00:00-04:00,402.361504611754,404.63348310254605,400.45691364342605,404.314453125,79665200
2023-11-01 00:00:00-04:00,405.28129461149234,409.4385097088223,404.74953858461424,408.62640380859375,98068100
2023-11-02 00:00:00-04:00,412.41616442869764,416.612088488878,412.3968391143164,416.4573974609375,94938900
2023-11-03 00:00:00-04:00,418.7584345746445,421.80383898984763,418.63274625361095,420.2569580078125,100167800
2023-11-06 00:00:00-05:00,421.01105837900457,421.66847320739254,419.28048362094427,421.2237548828125,67831700
2023-11-07 00:00:00-05:00,421.22369728667144,423.0606052933152,420.0828841514639,422.4225158691406,64256100
2023-11-08 00:00:00-05:00,423.0218997774992,423.54397827582386,420.4308916076277,422.73187255859375,61746000
2023-11-09 00:00:00-05:00,423.8727133946502,423.9113935278032,419.0097266771128,419.43511962890625,83174400
2023-11-10 00:00:00-05:00,421.5040416459852,426.2896676737884,419.42540510915256,425.98028564453125,89462200
2023-11-13 00:00:00-05:00,424.64616313137293,426.6764127794683,423.86306009469695,425.57427978515625,52236100
2023-11-14 00:00:00-05:00,431.50079597873554,435.1166069139446,431.2784220719966,433.8307800292969,97176900
2023-11-15 00:00:00-05:00,435.16492211328534,436.3927730128096,433.8984205823122,434.74920654296875,77327600
2023-11-16 00:00:00-05:00,434.30447059030485,435.59997479434537,433.24098818272,435.28094482421875,66665800
2023-11-17 00:00:00-05:00,435.29057073108856,436.43141334936854,434.3721314970017,435.82232666015625,83133200
2023-11-20 00:00:00-05:00,435.57099160312566,440.0182630951851,435.5613141930735,439.1771545410156,69936200
2023-11-21 00:00:00-05:00,438.13296253247677,439.05143128536895,436.95346926763995,438.219970703125,49244600
2023-11-22 00:00:00-05:00,439.87318409093035,441.2266936036218,438.81937920232434,439.9118347167969,59394900
2023-11-24 00:00:00-05:00,439.9602117787139,440.3759273074353,439.631504418495,440.18255615234375,29737400
2023-11-27 00:00:00-05:00,439.55413995178077,440.3662456876674,439.00305871890555,439.3898010253906,50506000
2023-11-28 00:00:00-05:00,439.00310690168646,441.1203943936042,438.4423777026132,439.82489013671875,62115000
2023-11-29 00:00:00-05:00,441.97114450802434,443.10230972873876,439.1191116939092,439.5154724121094,63146000
2023-11-30 00:00:00-05:00,440.35662667945024,441.59412543023933,438.28766732031204,441.2460632324219,79752700
2023-12-01 00:00:00-05:00,440.6370255353667,444.38820233909854,440.0472935709732,443.8564758300781,89183400
2023-12-04 00:00:00-05:00,440.4726841519421,443.87579870037587,439.25451058722007,441.5264892578125,72430900
2023-12-05 00:00:00-05:00,440.14391844231596,442.3965419933345,439.7668535301099,441.4394226074219,69793500
2023-12-06 00:00:00-05:00,443.5760069120985,443.6050096339301,439.22542161159066,439.6604919433594,69124700
2023-12-07 00:00:00-05:00,441.7391409339485,443.66305717468333,441.13973162302386,443.01531982421875,66995400
2023-12-08 00:00:00-05:00,442.2708481089666,445.4516177863762,442.02914891320626,444.9198913574219,83194400
2023-12-11 00:00:00-05:00,444.4268307846884,446.8244975103325,444.2141343049595,446.65045166015625,65002200
2023-12-12 00:00:00-05:00,446.3024402574832,448.7871152745883,445.30664066950123,448.6904296875,68327600
2023-12-13 00:00:00-05:00,449.06747102737427,455.12930631637573,448.70976090431213,454.8779296875,93278000
2023-12-14 00:00:00-05:00,456.8114895469167,458.0006602364905,453.6693999362765,456.3377685546875,119026000
2023-12-15 00:00:00-05:00,455.7417745258769,456.91636306344805,453.74210049149804,455.5864562988281,141553700
2023-12-18 00:00:00-05:00,457.18810894495897,459.12954211953263,456.13003141968665,458.14910888671875,70375300
2023-12-19 00:00:00-05:00,458.6927663957653,461.01279355520546,458.6151220933891,460.93511962890625,55761800
2023-12-20 00:00:00-05:00,460.0808576886502,461.96405036999886,454.1206728290634,454.54779052734375,102921000
2023-12-21 00:00:00-05:00,457.52788134560456,459.1295875723286,455.1108062836296,458.8577880859375,86667500
2023-12-22 00:00:00-05:00,459.9838104781131,461.4593188510491,457.887088433067,459.77996826171875,67160400
2023-12-26 00:00:00-05:00,460.18765521976536,462.62413389794295,460.109981297383,461.72137451171875,55387000
2023-12-27 00:00:00-05:00,461.5175089754055,462.7017844285322,460.98362668768385,462.5561828613281,68000300
2023-12-28 00:00:00-05:00,462.9153345190397,463.5656980482324,462.31349497002446,462.73089599609375,77158100
2023-12-29 00:00:00-05:00,462.5367042508105,463.0608994653051,459.44011618801756,461.3912658691406,122283100
2024-01-02 00:00:00-05:00,458.3335624378489,459.7993540123723,456.7124526493962,458.8092041015625,123623700
2024-01-03 00:00:00-05:00,456.65418509885427,457.39193916554245,454.4603858132538,455.0622253417969,103585900
2024-01-04 00:00:00-05:00,454.5865863632777,457.16869615612853,453.37319057475315,453.5964660644531,84232200
2024-01-05 00:00:00-05:00,453.8003122508208,456.66393818647634,452.7713549830218,454.2177429199219,86118900
2024-01-08 00:00:00-05:00,454.71278328613425,460.84771948944723,454.5865853845721,460.7021179199219,74879100
2024-01-09 00:00:00-05:00,458.05208481523704,461.02247554943773,457.54732279548995,460.00323486328125,65931400
2024-01-10 00:00:00-05:00,460.27499186871785,463.4686578138975,459.9934757568045,462.6047058105469,67310600
2024-01-11 00:00:00-05:00,463.6045886611641,464.11906733105025,458.43068164604205,462.4009094238281,77940700
2024-01-12 00:00:00-05:00,463.84719564870727,464.58494971105563,461.31363965656635,462.7211608886719,58026400
2024-01-16 00:00:00-05:00,461.3427529504032,462.65319658217305,459.207164709733,461.02239990234375,85014900
2024-01-17 00:00:00-05:00,458.0035093314712,458.9451056102245,456.11060012839494,458.4597473144531,68843900
2024-01-18 00:00:00-05:00,460.12938495584103,463.09005873569527,458.58594911701266,462.5367431640625,91856200
2024-01-19 00:00:00-05:00,463.6628015298727,468.58434205067863,462.5853202688259,468.3028259277344,110834500
2024-01-22 00:00:00-05:00,469.83659824827777,471.01115715758357,468.64260604571103,469.2929992675781,75844900
2024-01-23 00:00:00-05:00,469.83653570981716,470.90430023582877,468.7493378931313,470.66162109375,49945300
2024-01-24 00:00:00-05:00,473.525295727068,474.45717543420074,470.68110299788805,471.1761779785156,81765000
2024-01-25 00:00:00-05:00,473.30199623812143,474.0106300348732,471.1761540957068,473.73883056640625,72525000
2024-01-26 00:00:00-05:00,473.311776348533,474.79697179035713,472.292535611096,473.1370544433594,76641600
2024-01-29 00:00:00-05:00,473.4476261562877,477.0295728420406,472.9040272208165,476.8839416503906,61322800
2024-01-30 00:00:00-05:00,476.1947836172532,477.2237409528727,475.75794925118413,476.51513671875,58618400
2024-01-31 00:00:00-05:00,474.31152767890586,474.7580490082776,468.7201907326481,468.7396240234375,126011100
2024-02-01 00:00:00-05:00,470.43839078044346,474.9036930669608,469.6326794127357,474.87457275390625,91891600
2024-02-02 00:00:00-05:00,475.31136898916844,481.523949196212,474.97161226030033,479.8737487792969,99228200
2024-02-05 00:00:00-05:00,479.24278207992484,479.9028622372628,475.8743943997294,478.1264343261719,75757100
2024-02-06 00:00:00-05:00,479.0680669349689,479.84465802363434,477.6411122849623,479.5146179199219,55918600
2024-02-07 00:00:00-05:00,481.756982255993,483.93137810723994,480.854193242822,483.51397705078125,70556500
2024-02-08 00:00:00-05:00,483.513949705615,484.1060726186496,482.69855130751233,483.7275085449219,52343600
2024-02-09 00:00:00-05:00,484.2322866772762,486.9599980744067,483.8925299274153,486.523193359375,63979400
2024-02-12 00:00:00-05:00,486.4940088202494,488.7557652655047,485.5912199471907,486.3095703125,56502300
2024-02-13 00:00:00-05:00,480.0484370645988,482.53346897353373,476.3500095116949,479.6116027832031,113099200
2024-02-14 00:00:00-05:00,482.24237077339893,484.45560372449836,479.92234357796184,483.9702453613281,68387800
2024-02-15 00:00:00-05:00,484.66912826614583,487.49391729462275,484.1934569596569,487.3094787597656,61683000
2024-02-16 00:00:00-05:00,487.0085929456435,488.14431492487785,484.1449667563623,484.8827209472656,75532900
2024-02-20 00:00:00-05:00,483.14507545774694,483.8148722929186,479.970842787005,482.21319580078125,71736700
2024-02-21 00:00:00-05:00,480.9124629140013,482.8053426352379,479.1069145137689,482.6500244140625,59293400
2024-02-22 00:00:00-05:00,489.25091074641995,493.59970240133447,488.2898811137423,492.6387023925781,76402500
2024-02-23 00:00:00-05:00,494.3568250348437,495.1916567031526,492.25038663284334,492.9784240722656,61321800
2024-02-26 00:00:00-05:00,493.4152043952731,493.85203868692207,491.0466536727384,491.1728515625,50386700
2024-02-27 00:00:00-05:00,491.8620813041637,492.308602616629,489.9691722068436,492.0853271484375,48854500
2024-02-28 00:00:00-05:00,490.53220860244136,492.0174038220213,490.17304819868775,491.43499755859375,56506600
2024-02-29 00:00:00-05:00,493.19203416880555,494.8131144463538,490.5516835957709,493.20172119140625,83924800
2024-03-01 00:00:00-05:00,494.07533144522296,498.2590878764062,493.6676174504883,497.83197021484375,76844800
2024-03-04 00:00:00-05:00,497.03604251314806,499.1424809176813,497.00689257657365,497.298095703125,49799300
2024-03-05 00:00:00-05:00,495.2984545471132,495.745005535815,490.1245478315941,492.32806396484375,72855600
2024-03-06 00:00:00-05:00,495.5994069813958,497.0749153474701,493.53180526259257,494.8228454589844,68382400
2024-03-07 00:00:00-05:00,498.1135389799133,500.7830096761973,494.8810360564722,499.734619140625,58652100
2024-03-08 00:00:00-05:00,500.36563844693006,503.0447667007892,496.1624186562773,496.7351379394531,86532500
2024-03-11 00:00:00-04:00,495.5314219659159,496.89041928478855,493.6093924281333,496.3079833984375,62557200
2024-03-12 00:00:00-04:00,498.4145303039695,502.22944004596746,495.9003478364412,501.64703369140625,73114400
2024-03-13 00:00:00-04:00,501.9672573875113,502.14197926945354,499.4239845817287,500.8606262207031,55104100
2024-03-14 00:00:00-04:00,501.8312904786425,501.98663830049765,496.8321359535948,499.8704833984375,110171800
2024-03-15 00:00:00-04:00,496.80813351794416,498.2590153922283,494.7730358188075,496.4381103515625,107646300
2024-03-18 00:00:00-04:00,500.4985887866016,501.93969410963876,498.97956820958467,499.3885192871094,88893300
2024-03-19 00:00:00-04:00,498.6972103635703,502.44605736767124,497.6942371868493,502.1636962890625,60755300
2024-03-20 00:00:00-04:00,502.22219759800726,506.9447780211189,501.550319572243,506.8084411621094,69594600
2024-03-21 00:00:00-04:00,509.6419595938359,510.34301859328446,508.20079481953724,508.48321533203125,60256100
2024-03-22 00:00:00-04:00,508.3955803879005,508.8824467519345,507.28551081424,507.5192565917969,79070800
2024-03-25 00:00:00-04:00,506.14624650613894,507.2660628859731,505.961234915521,506.1170654296875,48512100
2024-03-26 00:00:00-04:00,507.5386980888141,507.87954020766836,504.7830772199743,505.1822814941406,65463700
2024-03-27 00:00:00-04:00,508.0061834942003,509.46678276035976,505.8444656756774,509.42779541015625,82999800
2024-03-28 00:00:00-04:00,509.46672014586477,510.829910300913,509.04802220619024,509.33038330078125,96294900
2024-04-01 00:00:00-04:00,510.07045141241963,510.6059925472889,507.2855305336226,508.44427490234375,62477500
2024-04-02 00:00:00-04:00,504.62724203503336,505.3477947483364,502.9134629158643,505.2115173339844,74230300
2024-04-03 00:00:00-04:00,504.12083842082313,507.2660352902269,504.0721636747669,505.7664489746094,59155800
2024-04-04 00:00:00-04:00,509.7685979294163,510.10938062558256,499.29122383235546,499.59307861328125,96858100
2024-04-05 00:00:00-04:00,500.94656541967566,506.7694681704287,500.50837380151097,504.812255859375,74546500
2024-04-08 00:00:00-04:00,505.5133313161047,506.51624504555883,504.28641866242464,505.0945739746094,48401800
2024-04-09 00:00:00-04:00,506.82786095826793,507.071294128757,500.839381191466,505.6788635253906,68049200
2024-04-10 00:00:00-04:00,499.9922143304957,502.60181066009386,498.6387711363,500.61541748046875,82652800
2024-04-11 00:00:00-04:00,502.1344572387197,505.8346295064768,498.6290433917763,504.3935241699219,70099000
2024-04-12 00:00:00-04:00,500.85886371567153,502.2707879594682,495.70780962230026,497.43133544921875,92561100
2024-04-15 00:00:00-04:00,501.5989207934361,501.7644387082916,490.3522904966187,491.199462890625,92101400
2024-04-16 00:00:00-04:00,491.6765860412786,493.19560665785394,489.01828510429004,490.3036193847656,73484000
2024-04-17 00:00:00-04:00,492.7574157801548,492.9229634124424,486.00945537176443,487.4018859863281,75910300
2024-04-18 00:00:00-04:00,488.794360179131,490.8878795783521,485.46418121059236,486.3989562988281,74548100
2024-04-19 00:00:00-04:00,486.3210167619427,487.31421332567436,480.8875721611567,482.1534423828125,102212600
2024-04-22 00:00:00-04:00,484.7533807670464,489.1838827819534,482.41642801907807,486.59375,67961000
2024-04-23 00:00:00-04:00,488.5996095177476,492.79639521919916,486.4087108687592,492.3679504394531,64633600
2024-04-24 00:00:00-04:00,493.2540334865075,494.0427545951939,489.914137461728,492.1342468261719,55928100
2024-04-25 00:00:00-04:00,486.0678327855915,491.02412816029823,484.42222231211605,490.2646179199219,69122400
2024-04-26 00:00:00-04:00,493.0495298783495,496.4868049205615,492.4166096033967,494.90936279296875,64306100
2024-04-29 00:00:00-04:00,496.6913201679961,497.33398732987405,493.9259228058318,496.662109375,46415400
2024-04-30 00:00:00-04:00,495.2015209263445,496.1752536684076,488.79437255859375,488.79437255859375,77483600
2024-05-01 00:00:00-04:00,488.2101273744075,494.84124497607075,486.7397814235659,487.2071838378906,80242800
2024-05-02 00:00:00-04:00,490.9073316662554,492.6016467604268,486.4281553313073,491.76422119140625,62550200
2024-05-03 00:00:00-04:00,497.73321224009646,499.08668524553275,495.20150126804214,497.85980224609375,72756700
2024-05-06 00:00:00-04:00,500.2551653379584,503.0400265445959,499.8169737447077,503.0010986328125,47264700
2024-05-07 00:00:00-04:00,503.9651034446084,504.9485829994704,502.8842743906612,503.55615234375,52561300
2024-05-08 00:00:00-04:00,501.72543965182825,504.14027734043043,501.6085965012132,503.604736328125,42047200
2024-05-09 00:00:00-04:00,503.78980752288453,506.54548758690595,503.13742328274043,506.5065002441406,43643700
2024-05-10 00:00:00-04:00,508.10342768254765,508.91164241656554,505.94176974404485,507.158935546875,52233200
2024-05-13 00:00:00-04:00,508.8337028193061,508.9407991411694,506.08776976766853,507.2270202636719,36716400
2024-05-14 00:00:00-04:00,507.42184425163964,510.070428158798,506.8863031411852,509.5543212890625,57535900
2024-05-15 00:00:00-04:00,512.0178797101214,516.1562436643347,511.38492968552964,515.8641357421875,59504900
2024-05-16 00:00:00-04:00,515.9614174721102,517.5583531460086,514.6565896819933,514.8026733398438,50244800
2024-05-17 00:00:00-04:00,514.9195214966393,515.6108930215729,513.4686694664939,515.542724609375,59187600
2024-05-20 00:00:00-04:00,515.6596602461204,517.5973789121299,515.2701433728218,516.1367797851562,37764200
2024-05-21 00:00:00-04:00,515.3772666864285,517.5584184029028,515.1727614260365,517.402587890625,33437000
2024-05-22 00:00:00-04:00,516.7112486575287,517.4220544657823,513.741316563043,515.9127807617188,48390000
2024-05-23 00:00:00-04:00,518.9605372397859,519.0676335599267,510.9369308576571,512.1444091796875,57211200
2024-05-24 00:00:00-04:00,513.9848197975488,516.3412958961842,513.0403275362747,515.5330810546875,41291100
2024-05-28 00:00:00-04:00,516.3412489766735,516.5749353115505,513.2642204156563,515.893310546875,36269600
2024-05-29 00:00:00-04:00,511.8718716025252,513.4590608844294,511.57001679975457,512.2808227539062,45190300
2024-05-30 00:00:00-04:00,510.74230907986095,511.4044402025134,507.63609930287237,508.8824462890625,46377600
2024-05-31 00:00:00-04:00,509.83659522472846,513.6438629211741,504.7439341416868,513.5172729492188,90785800
2024-06-03 00:00:00-04:00,515.1240809646227,515.4064420460951,508.87267437322015,513.9360961914062,46835700
2024-06-04 00:00:00-04:00,512.631323194632,515.2506664560023,511.17072418863216,514.5106201171875,34632700
2024-06-05 00:00:00-04:00,516.8280887412405,520.645104022442,514.8416361330836,520.6256103515625,47610400
2024-06-06 00:00:00-04:00,520.9275073614583,521.3559521321091,518.6879340097541,520.6159057617188,30808500
2024-06-07 00:00:00-04:00,519.6420071214973,522.7872031913569,518.551431586607,519.9828491210938,43224500
2024-06-10 00:00:00-04:00,519.1747616812378,521.9109480214009,518.5807990347079,521.589599609375,35686100
2024-06-11 00:00:00-04:00,520.0414700499772,522.9042467845098,518.0745108271142,522.8458251953125,36383400
2024-06-12 00:00:00-04:00,527.4028804771598,529.8274655446977,526.1077992631506,527.1399536132812,63251300
2024-06-13 00:00:00-04:00,528.8828575806059,529.0581223075357,525.4163720846324,528.2012329101562,44760900
2024-06-14 00:00:00-04:00,526.6725282080745,528.5518251182958,525.6695550365463,528.5226440429688,40089900
2024-06-17 00:00:00-04:00,527.8410888070123,534.1216772051151,527.3834034899254,532.7291870117188,55839500
2024-06-18 00:00:00-04:00,532.7875604635906,534.2092316077063,532.3688625324717,534.0826416015625,41376400
2024-06-20 00:00:00-04:00,535.0076850141029,535.669816103357,530.8595742964317,532.6317749023438,70328200
2024-06-21 00:00:00-04:00,531.810221745453,533.0313142277637,530.4621308750893,531.9176635742188,64338600
2024-06-24 00:00:00-04:00,531.7417933525489,534.3011982327657,530.0713174980777,530.1885375976562,45528700
2024-06-25 00:00:00-04:00,531.4096852385123,532.5917242597523,529.8955424418219,532.2302856445312,37936200
2024-06-26 00:00:00-04:00,531.1166134619692,533.6076301716555,530.4719028733521,532.89453125,38550600
2024-06-27 00:00:00-04:00,532.7578061070262,534.3110621107577,532.0153722749866,533.7346801757812,35041500
2024-06-28 00:00:00-04:00,534.5063503169283,537.5542520433446,530.3937489459842,531.6343383789062,76144500
2024-07-01 00:00:00-04:00,533.0118486999152,533.2560672380866,529.973784394742,532.7285766601562,40297800
2024-07-02 00:00:00-04:00,531.1264605772033,536.3136596679688,531.0776287968915,536.3136596679688,40434800
2024-07-03 00:00:00-04:00,536.000949362856,539.068347757372,535.9618958708759,538.7069091796875,32789900
2024-07-05 00:00:00-04:00,539.0097918869257,542.2139076372644,538.3747999305978,541.8134155273438,41488400
2024-07-08 00:00:00-04:00,542.595055389506,543.3863211756192,541.3739625329315,542.4387817382812,36110500
2024-07-09 00:00:00-04:00,543.396013525926,544.2947210316149,542.6731362089374,542.9661865234375,27289700
2024-07-10 00:00:00-04:00,544.1872742397521,548.6808713510104,543.8942239279161,548.3389892578125,38701200
2024-07-11 00:00:00-04:00,548.4562180647349,549.3256503566656,542.9759684638211,543.6109008789062,53054200
2024-07-12 00:00:00-04:00,544.7343252522627,550.6346235261244,544.2654447499774,547.0397338867188,53084400
2024-07-15 00:00:00-04:00,549.0325654558818,551.7775792240066,546.6880438244344,548.5441284179688,40584300
2024-07-16 00:00:00-04:00,549.8530882979716,552.090108393895,549.1008762046278,551.7970581054688,36475300
2024-07-17 00:00:00-04:00,545.8772131422685,547.5476892504238,543.7378565645935,544.0602416992188,57119000
2024-07-18 00:00:00-04:00,545.5939606590898,546.5806130354061,537.7008012722223,539.8792114257812,56270400
2024-07-19 00:00:00-04:00,539.644738170822,541.2663824595259,535.2390267295067,536.2940673828125,65509100
2024-07-22 00:00:00-04:00,540.2113152231016,542.4288382548532,538.2771238069361,541.8231811523438,43346700
2024-07-23 00:00:00-04:00,541.7157018138391,543.8648365993427,540.484890622907,540.9733276367188,34439600
2024-07-24 00:00:00-04:00,536.1671163330532,536.4699449259502,527.7952979520205,528.7135620117188,74515300
2024-07-25 00:00:00-04:00,528.8307523766035,534.7994982405838,525.0209792890996,525.958740234375,61158300
2024-07-26 00:00:00-04:00,529.7392825093052,534.5357078065754,528.9675138593225,531.8493041992188,53763800
2024-07-29 00:00:00-04:00,533.3927971337158,534.3989464184045,530.1690650137424,532.1619262695312,39515800
2024-07-30 00:00:00-04:00,533.6271294303981,534.6821699039564,526.066135221137,529.4656372070312,46853600
2024-07-31 00:00:00-04:00,536.2841426868137,540.6996312027596,534.9165551842445,538.0718383789062,65663400
2024-08-01 00:00:00-04:00,539.7913062018092,542.0381046138815,526.9551667505608,530.452392578125,76428700
2024-08-02 00:00:00-04:00,523.3603002519518,524.5716145988897,516.3756265717791,520.5762329101562,82789100
2024-08-05 00:00:00-04:00,499.8078827767836,511.47176200774925,498.4695402072865,505.4151306152344,146267400
2024-08-06 00:00:00-04:00,507.21253555376086,517.4990483238507,505.89377938390135,510.0748291015625,84826300
2024-08-07 00:00:00-04:00,516.248598311969,519.2965001883216,506.06958745039486,506.66546630859375,70698300
2024-08-08 00:00:00-04:00,511.7941139882875,519.0034500456989,509.77203694963987,518.3782958984375,63276600
2024-08-09 00:00:00-04:00,517.5575496711185,522.1488688468696,516.3364573171235,520.6640014648438,45619600
2024-08-12 00:00:00-04:00,521.8558860240913,523.3406939742863,518.6712672136742,520.9376220703125,42542100
2024-08-13 00:00:00-04:00,524.122235093717,529.739260585726,523.8780165940644,529.5047607421875,52333100
2024-08-14 00:00:00-04:00,530.2959605592147,532.3572097547438,527.6291139531684,531.1751708984375,42446900
2024-08-15 00:00:00-04:00,536.7922766972661,540.5629961238054,536.1866195717042,540.2797241210938,60846800
2024-08-16 00:00:00-04:00,538.667786928332,542.1845687274085,538.51151333941,541.490966796875,44430700
2024-08-19 00:00:00-04:00,541.9013070349608,546.66845703125,541.0514314058853,546.66845703125,39121800
2024-08-20 00:00:00-04:00,546.2191462607274,547.8700657821756,544.4412283435015,545.779541015625,33732300
2024-08-21 00:00:00-04:00,546.8247712917706,549.1106230342316,541.9012882335657,547.6550903320312,41514600
2024-08-22 00:00:00-04:00,549.5502187339081,550.155875826028,542.1454973391976,543.3568115234375,56121500
2024-08-23 00:00:00-04:00,546.5903394303513,550.0680084955276,544.4020915801096,549.1301879882812,50639400
2024-08-26 00:00:00-04:00,550.1559715338451,550.8690705771505,546.1214765619129,547.8212280273438,35788600
2024-08-27 00:00:00-04:00,546.5512279111676,549.0618012606642,545.4083020191189,548.5733642578125,32693900
2024-08-28 00:00:00-04:00,548.2315309438809,548.661357929549,542.204174863817,545.3887939453125,41066000
2024-08-29 00:00:00-04:00,547.352316743397,550.644377643334,544.2946960843145,545.4376220703125,38715200
2024-08-30 00:00:00-04:00,547.8016709409602,551.1523417216108,544.2556134288437,550.6443481445312,62700100
2024-09-03 00:00:00-04:00,547.5086116923438,547.8407751289367,536.8021094517958,539.3126831054688,60600100
2024-09-04 00:00:00-04:00,537.4760847370844,541.608242662233,536.7532075195429,538.208740234375,47224900
2024-09-05 00:00:00-04:00,538.1502077884983,540.9928852935313,534.4478166491117,536.8997802734375,44264300
2024-09-06 00:00:00-04:00,537.2221175565589,538.8437022454943,526.9649400293706,527.8636474609375,68493800
2024-09-09 00:00:00-04:00,532.054494369654,535.0437266855093,530.1300214174476,533.7737426757812,40445800
2024-09-10 00:00:00-04:00,535.678706144088,536.450474898389,530.8138918516801,536.0987548828125,36394600
2024-09-11 00:00:00-04:00,536.0106988130034,542.5166524850604,527.4728308178801,541.598388671875,75248600
2024-09-12 00:00:00-04:00,542.1748597619055,546.4633510224045,539.9573366553728,546.1605224609375,51819600
2024-09-13 00:00:00-04:00,546.7661412876428,550.0093699640063,546.5121445202687,549.012939453125,39310500
2024-09-16 00:00:00-04:00,548.7491943236346,550.0875069413107,546.9517795427174,549.8237915039062,36656100
2024-09-17 00:00:00-04:00,552.031423916307,553.477237850398,547.8210997398118,550.0484008789062,49321000
2024-09-18 00:00:00-04:00,550.702966140304,555.5385046014119,547.8602888957543,548.4171142578125,59044900
2024-09-19 00:00:00-04:00,557.8048475354702,559.6315971955383,554.9426137920285,557.7755126953125,75315500
2024-09-20 00:00:00-04:00,556.4096197933483,557.8500005367814,553.7933228326182,556.8113403320312,77503100
2024-09-23 00:00:00-04:00,557.8794446150124,558.8495067502496,556.6643550711399,558.2027587890625,44116900
2024-09-24 00:00:00-04:00,558.9965477779842,559.8588386704985,556.1745157309471,559.800048828125,46805700
2024-09-25 00:00:00-04:00,559.6432009533316,560.378103761662,557.4580492681129,558.5653076171875,38428600
2024-09-26 00:00:00-04:00,562.8179934718497,563.1413674659622,558.428192996937,560.7798461914062,48336000
2024-09-27 00:00:00-04:00,561.8478858705382,562.6611352170194,558.9376397719122,559.9664916992188,42100900
2024-09-30 00:00:00-04:00,558.9376557740085,562.8179640810873,556.6447925339722,562.21044921875,63557400
2024-10-01 00:00:00-04:00,561.8576982708267,562.5043864049716,554.6066335561335,557.1738891601562,72668800
2024-10-02 00:00:00-04:00,556.282242548741,558.4281611024765,553.8913563966638,557.4090576171875,38097800
2024-10-03 00:00:00-04:00,555.9391917508498,558.3300776437013,554.1068390984451,556.3899536132812,40846500
2024-10-04 00:00:00-04:00,560.8287828388663,561.8184614824812,556.6643337627131,561.4461059570312,42939100
2024-10-07 00:00:00-04:00,559.7999074826037,560.446655391967,555.2239297880301,556.370361328125,49964700
2024-10-08 00:00:00-04:00,558.9375590199429,562.2299684408138,558.065519969504,561.6322021484375,37398700
2024-10-09 00:00:00-04:00,561.6224751598685,566.0809331902332,561.0247685875196,565.5223999023438,37912200
2024-10-10 00:00:00-04:00,564.1799758679994,565.9535388259317,562.9257131010544,564.53271484375,44138100
2024-10-11 00:00:00-04:00,564.4542980317323,568.6481717987969,564.3171018304082,567.9132690429688,42268000
2024-10-14 00:00:00-04:00,569.520288010914,573.4888112745962,569.0401610478535,572.5579223632812,36217200
2024-10-15 00:00:00-04:00,572.8224884018784,573.1262458468478,566.8942243784207,568.1093139648438,54203600
2024-10-16 00:00:00-04:00,568.1093193754714,571.097912292803,567.3058184280349,570.5785522460938,30725400
2024-10-17 00:00:00-04:00,574.1159000748407,574.3216944108202,570.441385688738,570.6275634765625,34393700
2024-10-18 00:00:00-04:00,572.3128360166068,573.6062719503354,570.8528388827377,572.8223876953125,37416800
2024-10-21 00:00:00-04:00,572.0973176864316,573.0771881011084,568.912738838732,571.8817749023438,36439000
2024-10-22 00:00:00-04:00,569.3536172092114,572.7341816541917,568.6971208640092,571.5779418945312,34183800
2024-10-23 00:00:00-04:00,569.5594810059998,570.0004346494243,562.8571411229607,566.3552856445312,49314600
2024-10-24 00:00:00-04:00,568.3051725972728,568.3835789691921,564.9638411001258,567.580078125,34979900
2024-10-25 00:00:00-04:00,569.8044050522926,572.6950344865168,566.443456997856,567.3840942382812,47268200
2024-10-28 00:00:00-04:00,570.8528957024953,570.9802836348513,568.8343651367928,569.1381225585938,30174700
2024-10-29 00:00:00-04:00,568.1778099310847,571.1762108700161,566.7864107519835,570.0592041015625,42899700
2024-10-30 00:00:00-04:00,569.588797638648,571.5779630983764,567.6290569957021,568.3345947265625,41435800
2024-10-31 00:00:00-04:00,563.9742291931302,564.0428273008541,556.9975564307639,557.1935424804688,60182500
2024-11-01 00:00:00-04:00,559.8195584319851,563.9643910438907,559.1336371976272,559.545166015625,45667500
2024-11-04 00:00:00-05:00,559.6822611574623,560.9756970155746,556.4585096866238,558.33984375,38217000
2024-11-05 00:00:00-05:00,559.251198693126,565.1304208425688,559.0356559214524,565.0912475585938,39478300
2024-11-06 00:00:00-05:00,577.3395892403747,580.0146160051545,573.6062858121453,579.1425170898438,68182000
2024-11-07 00:00:00-05:00,581.1415644099445,584.639708979933,581.063158030651,583.62060546875,47233200
2024-11-08 00:00:00-05:00,584.1692634497057,587.569444510154,584.1692634497057,586.1486206054688,46444900
2024-11-11 00:00:00-05:00,587.7360663213191,588.0888053142032,584.9826328704219,586.7072143554688,37586800
2024-11-12 00:00:00-05:00,586.6288429184635,587.2265495486535,582.4056036057904,584.8847045898438,43006100
2024-11-13 00:00:00-05:00,585.3451927424278,587.1677373847895,582.9837313260188,585.1688232421875,47388600
2024-11-14 00:00:00-05:00,585.2962448517161,585.7763718199695,580.7202664359244,581.4061279296875,38904100
2024-11-15 00:00:00-05:00,577.8491633593196,578.3195418358689,572.1071369723535,573.9591064453125,75988800
2024-11-18 00:00:00-05:00,574.4196493771738,577.6238450144261,573.5574183688442,576.3108520507812,37001700
2024-11-19 00:00:00-05:00,572.9400384688264,579.142574989824,572.2737337790142,578.41748046875,49412000
2024-11-20 00:00:00-05:00,578.4958236706298,578.8975441726233,572.8615695316089,578.6134033203125,50032600
2024-11-21 00:00:00-05:00,581.455141177832,583.1404896221547,575.6249001169805,581.7196655273438,46750300
2024-11-22 00:00:00-05:00,581.7098478799927,584.1497754660484,581.2101642027249,583.5226440429688,38226400
2024-11-25 00:00:00-05:00,587.451946771504,588.7649396726674,583.2188992835091,585.5020141601562,42441400
2024-11-26 00:00:00-05:00,586.7463470552605,589.2254477201681,586.0310608458545,588.5591430664062,45621300
2024-11-27 00:00:00-05:00,588.3729502321648,588.7550542016285,585.256969810655,586.7757568359375,34000200
2024-11-29 00:00:00-05:00,587.5889978813017,591.2047216811674,587.314665296655,590.4208374023438,30177400
2024-12-02 00:00:00-05:00,590.8323780737772,592.1552388895445,590.3424429138348,591.4791259765625,31746000
2024-12-03 00:00:00-05:00,591.2439870884159,591.9984465923378,590.2151351783115,591.7534790039062,26906600
2024-12-04 00:00:00-05:00,593.438872844782,595.6729460981672,592.7725681970518,595.427978515625,42787600
2024-12-05 00:00:00-05:00,595.4279293312596,596.231430112411,594.095320145877,594.4480590820312,28762200
2024-12-06 00:00:00-05:00,595.212403953603,596.8095972909788,594.800875182747,595.574951171875,31241500
2024-12-09 00:00:00-05:00,595.4573535867661,595.6239147831491,591.920036343941,592.5079345703125,34742700
2024-12-10 00:00:00-05:00,593.1841677805376,593.605504896008,590.0093971009587,590.6658935546875,37234500
2024-12-11 00:00:00-05:00,593.5858198104879,596.1824400499527,593.311427437485,595.2319946289062,28677700
2024-12-12 00:00:00-05:00,594.3698085144841,594.9380902901107,592.1651000976562,592.1651000976562,31543800
2024-12-13 00:00:00-05:00,594.1934038090473,594.9086900260288,590.6756429397628,592.0474853515625,35904700
2024-12-16 00:00:00-05:00,593.8014244521054,595.54562235978,593.0273484159295,594.5755004882812,43695200
2024-12-17 00:00:00-05:00,592.0278913761272,592.9881452170704,590.7540718346318,592.1258544921875,55773500
2024-12-18 00:00:00-05:00,591.822113059209,594.2031909866316,574.0962907751041,574.4784545898438,108248700
2024-12-19 00:00:00-05:00,579.456068103567,581.0630696987981,574.0569733506421,574.3019409179688,85919500
2024-12-20 00:00:00-05:00,571.9778279294948,585.7225012446567,571.132257605004,581.199951171875,125716700
2024-12-23 00:00:00-05:00,580.9443313472664,585.2800771480029,577.7686569320756,584.6803588867188,57635800
2024-12-24 00:00:00-05:00,586.0273454449668,591.2185033240278,585.4472496940897,591.1791381835938,33160100
2024-12-26 00:00:00-05:00,589.4093887705021,592.3392110668057,588.0133066034633,591.2184448242188,41219100
2024-12-27 00:00:00-05:00,587.4823184826345,587.7183292627742,580.8164691334702,584.9949340820312,64969300
2024-12-30 00:00:00-05:00,577.9948115421023,581.7799853973963,574.5733451400716,578.3192138671875,56578800
2024-12-31 00:00:00-05:00,579.9807622286955,580.6985158642835,574.583178079053,576.2152709960938,57052700
2025-01-02 00:00:00-05:00,579.4695486945864,581.180251846637,570.7291685588775,574.7994995117188,50204000
2025-01-03 00:00:00-05:00,577.6408633877121,582.6254735449975,576.5593423217554,581.9864501953125,37888500
2025-01-06 00:00:00-05:00,586.2337670283534,589.6060270134918,583.608664526265,585.3390502929688,47679400
2025-01-07 00:00:00-05:00,587.3643786767495,587.6888410122485,576.903513754268,578.7223510742188,60393100
2025-01-08 00:00:00-05:00,578.7911897402016,580.6395509433228,575.350100693004,579.56787109375,47304700
2025-01-10 00:00:00-05:00,576.0187135246937,576.0875425144147,568.8120722687759,570.7194213867188,73105000
2025-01-13 00:00:00-05:00,566.0788468496604,571.9581742427216,565.6658729466735,571.604248046875,47910100
2025-01-14 00:00:00-05:00,574.5242054496483,575.1534475548353,568.6153544470202,572.3907470703125,48420600
2025-01-15 00:00:00-05:00,580.3937160773642,583.9429389739179,579.2827311805529,582.802490234375,56900200
2025-01-16 00:00:00-05:00,584.1690862304802,584.34604932179,580.9836305712422,581.6817016601562,43319700
2025-01-17 00:00:00-05:00,586.9121689712896,589.2717368825727,585.5848557638515,587.521728515625,58070600
2025-01-21 00:00:00-05:00,590.5596519481012,592.9094384516549,588.5933154613438,592.8995971679688,42532900
2025-01-22 00:00:00-05:00,595.7212772630847,597.5893209036658,595.170705454465,596.2325439453125,48196000
2025-01-23 00:00:00-05:00,595.6033506126263,599.4868774414062,595.3280946897063,599.4868774414062,41152100
2025-01-24 00:00:00-05:00,599.54587252364,600.4995770008244,596.5865262707722,597.73681640625,34604700
2025-01-27 00:00:00-05:00,584.7983708814467,589.5962372876534,584.6312490621345,589.2816162109375,70361100
2025-01-28 00:00:00-05:00,590.5104687195756,595.1805175844501,587.1971967465958,594.3448486328125,44433300
2025-01-29 00:00:00-05:00,593.5583671362218,593.9614997638901,589.1341095636221,591.6805419921875,37177400
2025-01-30 00:00:00-05:00,593.7943615542468,596.3898803192325,590.6088457833347,594.8561401367188,39281300
2025-01-31 00:00:00-05:00,597.2746959271392,599.6933113603776,590.9332488823969,591.6903076171875,66566900
2025-02-03 00:00:00-05:00,582.6943020815504,590.1860392450765,580.5510025263411,587.70849609375,65857200
2025-02-04 00:00:00-05:00,587.767535135661,592.1622687341741,587.2268045597665,591.6510620117188,33457800
2025-02-05 00:00:00-05:00,590.5302274178379,594.1974260072697,588.5049031019603,594.0499267578125,30653100
2025-02-06 00:00:00-05:00,595.7901616750784,596.242440705887,592.4867305159943,596.1146240234375,35771500
2025-02-07 00:00:00-05:00,596.6750666805723,597.8941858585465,589.9501686239648,590.6580810546875,50788500
2025-02-10 00:00:00-05:00,593.8631663388722,595.3083949100401,592.5948408497425,594.6693115234375,26048700
2025-02-11 00:00:00-05:00,592.4080280097315,595.662312577201,592.2900526181724,595.12158203125,30056700
2025-02-12 00:00:00-05:00,589.1145136580423,594.3744405625547,588.4361250659014,593.2044677734375,45076100
2025-02-13 00:00:00-05:00,594.3055902381474,599.6737110792319,593.047165943141,599.4672241210938,40921300
2025-02-14 00:00:00-05:00,599.6736338799176,600.7059485220444,598.8182823186273,599.4376831054688,26910400
2025-02-18 00:00:00-05:00,600.5977915687461,601.197509765625,598.1398710820379,601.197509765625,26749000
2025-02-19 00:00:00-05:00,599.8113366176324,602.908280775238,599.3000698962699,602.6133422851562,31011100
2025-02-20 00:00:00-05:00,601.246588711145,601.3842466448326,596.8027097751209,600.1061401367188,36554000
2025-02-21 00:00:00-05:00,599.8899930676969,600.0276510429451,589.3799206723878,589.842041015625,76519800
2025-02-24 00:00:00-05:00,591.8869960824046,592.8800056614799,586.4500466079941,587.157958984375,50737200
2025-02-25 00:00:00-05:00,587.098968367302,587.8265033006376,579.6366946428752,584.2379150390625,58266500
2025-02-26 00:00:00-05:00,585.8995163780398,589.4881049123491,581.8980139327481,584.5328979492188,43321600
2025-02-27 00:00:00-05:00,586.8039490929929,587.9542991571739,574.809344386224,575.2025756835938,74196700
2025-02-28 00:00:00-05:00,575.7040488167072,584.7098443771037,572.6365684069419,584.178955078125,88744100
2025-03-03 00:00:00-05:00,586.1453068357338,587.2858157400013,570.1393571070072,573.9442138671875,74249200
2025-03-04 00:00:00-05:00,569.9525786591505,575.5369680083471,562.6181207422406,567.1505126953125,109648200
2025-03-05 00:00:00-05:00,566.9833166199888,575.035467216836,563.434093538414,573.24609375,71230500
2025-03-06 00:00:00-05:00,565.7936477589768,570.4047092717689,560.5238803180225,563.0703125,80094900
2025-03-07 00:00:00-05:00,561.2907328755356,567.6714847046253,556.1094174114145,566.2261962890625,81158800
2025-03-10 00:00:00-04:00,558.0365509948175,559.9536812738498,546.2385307775894,551.14453125,99326600
2025-03-11 00:00:00-04:00,549.9843938775969,554.5266268117218,542.728606721458,546.5629272460938,88102100
2025-03-12 00:00:00-04:00,552.7077001878538,553.631880779765,544.3704523001988,549.4632568359375,69588200
2025-03-13 00:00:00-04:00,549.0896792735167,549.6992388466521,540.4279685563406,542.138671875,74079400
2025-03-14 00:00:00-04:00,546.7496748611676,554.3397648685512,542.2074423986709,553.3369140625,62660300
2025-03-17 00:00:00-04:00,553.3172227764923,560.1207900872192,552.8846263579363,557.6038818359375,49008700
2025-03-18 00:00:00-04:00,555.2934322950165,555.5097605205915,549.6500559715837,551.5770874023438,66041400
2025-03-19 00:00:00-04:00,553.3565563629542,561.3398770802173,552.1767425607164,557.5841674804688,66556000
2025-03-20 00:00:00-04:00,553.8481847501696,560.9663132490421,553.1304311253591,555.9718017578125,62958200
2025-03-21 00:00:00-04:00,551.520408741678,557.0525594569796,550.287751620354,556.1551513671875,83763000
2025-03-24 00:00:00-04:00,562.880651498493,567.1703352751009,562.2890000340255,566.1151733398438,58766800
2025-03-25 00:00:00-04:00,567.3181993393742,568.4127846067184,565.73055113845,567.4760131835938,38355700
2025-03-26 00:00:00-04:00,567.2097001365158,568.3338979913931,559.3206937528307,560.7012939453125,51848300
2025-03-27 00:00:00-04:00,559.3108077400744,562.9792269072261,557.1018956425098,559.2122192382812,42164200
2025-03-28 00:00:00-04:00,557.6838635858104,558.413587192946,547.3689639965595,547.9507446289062,71662700
2025-03-31 00:00:00-04:00,542.201546342058,552.9305994826874,539.282592409213,551.62890625,95328200
2025-04-01 00:00:00-04:00,549.7158288612504,555.1296497708261,545.998115405224,553.1869506835938,54609600
2025-04-02 00:00:00-04:00,547.3491017135567,559.547472787333,547.1124411566806,556.687744140625,76014500
2025-04-03 00:00:00-04:00,537.5470145495102,540.3673198616506,529.2537231445312,529.2537231445312,125986000
2025-04-04 00:00:00-04:00,516.404523136506,518.5740121118964,498.05273494035157,498.2696838378906,217965100
2025-04-07 00:00:00-04:00,482.40291724281104,515.9114550791749,475.115432610906,497.3821716308594,256611400
2025-04-08 00:00:00-04:00,514.6196789750944,517.6963871548359,482.37337814369187,489.5918273925781,165816600
2025-04-09 00:00:00-04:00,486.5939443539347,541.0083618164062,486.20934082523814,541.0083618164062,241867300
2025-04-10 00:00:00-04:00,524.7866027854379,526.0981670837639,502.25365007002944,517.3019409179688,162331200
2025-04-11 00:00:00-04:00,515.7537548286505,528.9875485351057,512.8545420601603,526.5321044921875,97866300
2025-04-14 00:00:00-04:00,536.5018528789103,536.7287027931718,526.4532262576091,531.6402587890625,68034000
2025-04-15 00:00:00-04:00,532.1825399641931,535.6931457102869,529.3622343758641,530.151123046875,56892900
2025-04-16 00:00:00-04:00,524.3034408726064,530.4273047249436,513.0714517926509,518.366943359375,83484800
2025-04-17 00:00:00-04:00,520.3194821276195,523.800475242003,516.6411916080497,519.1065063476562,79868100
2025-04-21 00:00:00-04:00,513.9293002870572,514.4618467446136,501.40552056556845,506.7503356933594,69368100
2025-04-22 00:00:00-04:00,512.9235348557764,521.9564215250564,511.9867032226325,519.9348754882812,75948100
2025-04-23 00:00:00-04:00,532.9320165359907,537.8626460694973,526.4729038847668,527.9915161132812,90590700
2025-04-24 00:00:00-04:00,529.2734571828396,539.8348871004667,528.0211182344198,539.1051635742188,64150400
2025-04-25 00:00:00-04:00,539.0657336001437,543.4046513367819,536.1467793425768,543.0003662109375,61119600
2025-04-28 00:00:00-04:00,543.7399439376,545.8699492792146,537.4583271221219,543.2073974609375,47613800
2025-04-29 00:00:00-04:00,541.2944189414077,547.7437217731817,540.9394280116835,546.62939453125,47775100
2025-04-30 00:00:00-04:00,539.9729233205555,548.7987614609631,534.0068741379372,546.84619140625,93101500
2025-05-01 00:00:00-04:00,552.5952816524762,556.2439589647481,550.1200963901105,550.7216186523438,63186100
2025-05-02 00:00:00-04:00,556.894803218062,560.4941864598073,554.5774316657111,558.8966674804688,60717300
2025-05-05 00:00:00-04:00,554.7648727126054,558.788283367358,553.9069479669498,555.6918334960938,38659200
2025-05-06 00:00:00-04:00,550.1892553966732,555.5340413030556,549.2327420958744,551.0471801757812,48264700
2025-05-07 00:00:00-04:00,552.3784371058738,555.9975022415719,548.3254139860352,553.3645629882812,55588000
2025-05-08 00:00:00-04:00,557.3977713110521,562.3974366423718,553.9069074354913,557.2202758789062,65130800
2025-05-09 00:00:00-04:00,558.6205173502777,559.6263849147109,554.9521583078488,556.51025390625,37603400
2025-05-12 00:00:00-04:00,573.402558732667,574.9113601462691,569.0340285188223,574.9014892578125,78993600
2025-05-13 00:00:00-04:00,575.3156554869938,580.9070323903663,574.7536167184122,578.6981201171875,67947200
2025-05-14 00:00:00-04:00,579.6547240062519,580.8084745781977,577.4161987168885,579.4378051757812,66283500
2025-05-15 00:00:00-04:00,577.4358426248243,582.770756919371,576.9822030720642,582.2678833007812,71268100
2025-05-16 00:00:00-04:00,583.0469103495059,586.2518193704545,581.1042713102905,585.9559936523438,76052100
2025-05-19 00:00:00-04:00,579.9406348417033,587.27741416191,579.9406348417033,586.5969848632812,68168500
2025-05-20 00:00:00-04:00,584.8613545300925,585.8079967408526,581.4197250633151,584.6246337890625,60614500
2025-05-21 00:00:00-04:00,580.2759146876367,584.3584902721909,573.7477661832594,574.7733154296875,95197700
2025-05-22 00:00:00-04:00,574.5760350084579,578.4811148637216,573.3433777523152,575.0001220703125,70860400
2025-05-23 00:00:00-04:00,567.9887994120531,573.7379304924723,567.6140667399493,571.0753784179688,76029000
2025-05-27 00:00:00-04:00,577.9387671986972,583.1060568711622,570.4047514802384,582.9483032226562,72588500
2025-05-28 00:00:00-04:00,583.3526850377893,584.5459191469531,578.8460820656009,579.5758056640625,68445500
2025-05-29 00:00:00-04:00,584.8318350718904,584.9699071457442,577.9388245287198,581.8635864257812,69973300
2025-05-30 00:00:00-04:00,580.7591289651484,582.9286180198035,575.1480700909575,581.2127685546875,90601200
2025-06-02 00:00:00-04:00,579.6053591727813,584.5655410710423,576.9428072484826,584.4866943359375,61630500
2025-06-03 00:00:00-04:00,584.1219126819936,588.7961403827543,583.6386603743783,587.8198852539062,63606200
2025-06-04 00:00:00-04:00,588.6777258495218,589.6539808386906,587.2280895107962,587.6619873046875,57314200
2025-06-05 00:00:00-04:00,589.3383724752952,590.6893600195378,582.8496477946317,584.8218994140625,92278700
2025-06-06 00:00:00-04:00,590.3541332655441,592.4940699072976,588.5791185976601,590.8275146484375,66588700
2025-06-09 00:00:00-04:00,591.3993476813894,592.9081490758875,590.1864321834666,591.3599243164062,53016400
2025-06-10 00:00:00-04:00,591.8924637491524,595.0973729509094,590.7781968461302,594.7128295898438,66247000
2025-06-11 00:00:00-04:00,595.8073544523882,596.6652790904382,590.9556323288738,593.0166015625,73658200
2025-06-12 00:00:00-04:00,591.6854337777163,595.37353515625,591.2022416981604,595.37353515625,64129000
2025-06-13 00:00:00-04:00,590.1963519379123,593.499849631983,587.218232455665,588.7171630859375,89506000
2025-06-16 00:00:00-04:00,592.0700235861916,596.0638215052488,591.8924679557008,594.318359375,79984100
2025-06-17 00:00:00-04:00,591.8826784891205,593.401290785268,588.480531921813,589.2398681640625,82209400
2025-06-18 00:00:00-04:00,590.1371267775953,592.8785252065284,588.1944276516227,589.1510009765625,76605000
2025-06-20 00:00:00-04:00,591.8224395288368,592.8906208578056,586.3629131433069,587.7673950195312,94051400
2025-06-23 00:00:00-04:00,588.5190130228361,593.9587392448562,585.4035696790836,593.5730590820312,87426000
2025-06-24 00:00:00-04:00,597.7072691809916,601.1886530620405,596.7973078378046,600.1304321289062,67735300
2025-06-25 00:00:00-04:00,601.247995602986,601.940336500435,598.903972841808,600.4666748046875,62114800
2025-06-26 00:00:00-04:00,602.3161076886594,605.5997312639034,601.7029070585035,605.16455078125,78548400
2025-06-27 00:00:00-04:00,606.1636033457827,609.6351477759472,604.1360808658505,608.1713256835938,86258400
2025-06-30 00:00:00-04:00,610.6142811588834,612.4340832221852,608.2998981128763,611.0791015625,92502500
2025-07-01 00:00:00-04:00,609.6053849111585,612.0483479268365,608.7746241554748,610.8812866210938,70030100
2025-07-02 00:00:00-04:00,610.4757300098587,613.6901136433279,609.8526292762224,613.6505737304688,66510400
2025-07-03 00:00:00-04:00,615.628656191773,619.4167005776212,615.6088560521965,618.4869995117188,51065800
2025-07-07 00:00:00-04:00,616.5286134886126,617.1913144548079,611.0987877910964,613.8779907226562,74814500
2025-07-08 00:00:00-04:00,614.5406899285775,615.2923708557059,612.7307881009865,613.5418090820312,59024600
2025-07-09 00:00:00-04:00,615.945166968477,617.8737488887257,614.1055045789822,617.2210083007812,66113300
2025-07-10 00:00:00-04:00,617.3594891460615,620.0002120765442,616.1825277796053,618.9617309570312,57529000
2025-07-11 00:00:00-04:00,615.9154056597896,618.0121678287132,614.7187046395575,616.7857666015625,63670200
2025-07-14 00:00:00-04:00,616.3308265898004,618.3089087938923,614.9857451789246,617.9627685546875,51898500
2025-07-15 00:00:00-04:00,620.6430672331502,620.9793073894895,615.2428812967698,615.322021484375,74317300
2025-07-16 00:00:00-04:00,616.9044910111767,617.8836320494379,611.276844692317,617.3792114257812,88987500
2025-07-17 00:00:00-04:00,617.5573456006476,621.5135103761386,617.3397251475282,621.1574096679688,68885700
2025-07-18 00:00:00-04:00,622.4035141905442,622.5716342647312,619.5946714429975,620.702392578125,65621600
2025-07-21 00:00:00-04:00,621.87939453125,624.6189973413707,621.4541141003111,621.87939453125,63375000
2025-07-22 00:00:00-04:00,622.2058050575365,622.828905853138,619.3277216791315,621.9684448242188,60046300
2025-07-23 00:00:00-04:00,624.6289433239532,627.2598266601562,622.8288811376781,627.2598266601562,70511000
2025-07-24 00:00:00-04:00,627.6454273719465,629.1784892953694,627.0421268182102,627.4674072265625,71307100
2025-07-25 00:00:00-04:00,628.1301809903662,630.5928838363332,627.8829206987424,630.1181030273438,56865400
2025-07-28 00:00:00-04:00,630.4939604147171,631.0478210681617,628.5752180855901,629.9598999023438,54917100
2025-07-29 00:00:00-04:00,631.3543820995848,631.6708825055948,627.3883778702398,628.2982788085938,60556300
2025-07-30 00:00:00-04:00,628.9509803708415,630.6917023127537,624.6189756546709,627.5070190429688,80418900
2025-07-31 00:00:00-04:00,632.4522656090571,632.8379457731452,623.8574957354674,625.1531372070312,103385200
2025-08-01 00:00:00-04:00,619.4364414435403,619.476041722763,612.5032535330552,614.9066162109375,140103600
2025-08-04 00:00:00-04:00,618.813325728958,624.3024917393647,618.7243458354196,624.2530517578125,73218000
2025-08-05 00:00:00-04:00,624.866279158634,625.6773001361546,620.1683337507773,621.088134765625,68051400
2025-08-06 00:00:00-04:00,622.1562946160922,626.4981995520814,621.2463937026511,625.845458984375,64357500
2025-08-07 00:00:00-04:00,629.2674923107387,629.9993730574174,622.2156245224251,625.3212280273438,74205800
2025-08-08 00:00:00-04:00,627.1114011688534,630.6620853000642,626.7949007710238,630.1972045898438,64051600
2025-08-11 00:00:00-04:00,630.4742118551501,631.947873553624,627.70484826023,628.9510498046875,58742300
2025-08-12 00:00:00-04:00,631.2950454377703,635.8050706066525,629.8114837326607,635.6468505859375,64730800
2025-08-13 00:00:00-04:00,637.8424936799373,639.10849531226,635.6369512596368,637.82275390625,60092800
2025-08-14 00:00:00-04:00,635.7457174616427,638.5447207235369,635.300697252298,637.882080078125,59327500
2025-08-15 00:00:00-04:00,638.9106535836406,639.0095939138803,635.4787099260534,636.3886108398438,68592500
2025-08-18 00:00:00-04:00,635.814941575414,636.942462907598,635.1424008771667,636.2501220703125,43804900
2025-08-19 00:00:00-04:00,636.0721245937336,637.0512656505922,631.4829592777961,632.7984008789062,69750700
2025-08-20 00:00:00-04:00,632.3929672116759,632.6500672159099,626.0136394005863,631.1170654296875,88890300
2025-08-21 00:00:00-04:00,629.3071240874224,630.9785456585483,626.864161086776,628.5850830078125,54805800
2025-08-22 00:00:00-04:00,630.7708500494616,639.4150594466402,630.2664294390896,638.2380981445312,84083200
2025-08-25 00:00:00-04:00,636.9820621561176,638.218363635622,635.3105801411765,635.4292602539062,51274300
2025-08-26 00:00:00-04:00,635.1621986940528,638.4359222802034,634.5390979794016,638.0897216796875,51581600
2025-08-27 00:00:00-04:00,637.5062787617181,640.2755819843173,637.3578984386413,639.543701171875,48341100
2025-08-28 00:00:00-04:00,640.146950913372,642.3623933153343,638.267809046051,641.8085327148438,61519500
2025-08-29 00:00:00-04:00,640.374419619015,640.7404203673219,636.0919150690585,637.98095703125,74522200
2025-09-02 00:00:00-04:00,630.5136938017484,633.4709169972102,627.9619508913343,633.2533569335938,81983500
2025-09-03 00:00:00-04:00,635.6270215222661,637.1501834379544,633.4412793439511,636.685302734375,70820900
2025-09-04 00:00:00-04:00,637.3577818657208,642.0359868267901,636.4577811203425,642.0062866210938,65219200
2025-09-05 00:00:00-04:00,644.3404359625918,645.062476969223,636.2797877246134,640.1469116210938,85178900
2025-09-08 00:00:00-04:00,641.5118230975241,642.718484610511,640.1370415028089,641.7195434570312,63133100
2025-09-09 00:00:00-04:00,641.8580441132016,643.7273464852004,640.1272219983028,643.2031860351562,66133900
2025-09-10 00:00:00-04:00,646.4570213518696,647.3768223058731,643.4997982019892,645.0625,78034500
2025-09-11 00:00:00-04:00,647.0109525903231,651.1154976382888,646.4274520986086,650.4231567382812,69934400
2025-09-12 00:00:00-04:00,650.3934256012134,651.8868873722256,649.7011451004063,650.2055053710938,72780100
2025-09-15 00:00:00-04:00,652.4111340519337,653.795755474802,652.1144337731963,653.6671752929688,63772400
2025-09-16 00:00:00-04:00,654.2210123755038,654.5276730798186,651.9858301119879,652.7671508789062,61169000
2025-09-17 00:00:00-04:00,652.7770367516476,654.4682584259048,647.1295902463727,651.9561157226562,101952200
2025-09-18 00:00:00-04:00,654.6364399867887,657.603563340362,653.0341982051615,655.0023803710938,90459200
2025-09-19 00:00:00-04:00,656.8877828567474,659.0895125014193,654.9438659954435,658.2465209960938,97945600
2025-09-22 00:00:00-04:00,656.7588293222589,661.8069717744121,656.7290467709187,661.3607177734375,69452200
2025-09-23 00:00:00-04:00,661.2417286303936,661.8566899635472,656.540685502851,657.7606201171875,81708900
2025-09-24 00:00:00-04:00,659.0498612769777,659.1490153831234,654.2496039734066,655.6678466796875,68082200
2025-09-25 00:00:00-04:00,652.5338627083877,653.9917550046746,649.0328388399253,652.6429443359375,89622100
2025-09-26 00:00:00-04:00,654.0909412604747,656.9274266555326,652.4743298182361,656.3819580078125,69179200
2025-09-29 00:00:00-04:00,658.9010899003678,659.8135740530697,656.4216318338509,658.2266845703125,73499000
2025-09-30 00:00:00-04:00,657.4828203674869,661.1722852976668,656.173659297658,660.7061157226562,86288000
2025-10-01 00:00:00-04:00,657.7208749627936,663.8699431635192,657.611793334362,662.95751953125,72545400
2025-10-02 00:00:00-04:00,664.9410037342527,665.0600128657511,661.3011766397112,663.7210693359375,56896000
2025-10-03 00:00:00-04:00,664.4848631838105,667.1527626006609,662.6698828508305,663.7113037109375,70494400
2025-10-06 00:00:00-04:00,666.1014192164715,666.9841207809839,663.9591941673339,666.0914916992188,54623300
2025-10-07 00:00:00-04:00,667.0138297258598,667.4601442579947,662.1838505424819,663.6219482421875,72020100
2025-10-08 00:00:00-04:00,664.7426772273783,667.6783772359653,663.919480237528,667.5791625976562,60702200
2025-10-09 00:00:00-04:00,667.9957845708525,668.4023890582872,663.7112737749407,665.6452026367188,66501900
2025-10-10 00:00:00-04:00,666.6071968358344,668.4122493878771,647.4757221413303,647.6542358398438,159422600
2025-10-13 00:00:00-04:00,655.2216030747315,659.664772492732,654.3488290056752,657.5919189453125,79560500
2025-10-14 00:00:00-04:00,651.7701536094826,660.3590300864076,647.8030207789583,656.78857421875,88779600
2025-10-15 00:00:00-04:00,661.3408732132422,664.7228272522149,653.5156893256119,659.7044067382812,81702600
2025-10-16 00:00:00-04:00,661.340821247798,663.2153058553965,651.7105854492366,655.2116088867188,110563300
2025-10-17 00:00:00-04:00,654.0810128478913,660.2895852935891,652.7322022395391,658.9308471679688,96500900
2025-10-20 00:00:00-04:00,661.8367798071084,666.6866142382812,661.7872027532737,665.7840576171875,60493400
2025-10-21 00:00:00-04:00,665.9229005771253,667.4601523988813,664.4748753427003,665.7741088867188,56249000
2025-10-22 00:00:00-04:00,666.4783066993808,666.4783066993808,657.8497808005621,662.3128051757812,80564000
2025-10-23 00:00:00-04:00,662.6301900162397,667.1825015615415,662.3128121266341,666.2402954101562,65604500
2025-10-24 00:00:00-04:00,670.9016937183009,672.8951271271609,670.0983517375236,671.6851806640625,74356500
2025-10-27 00:00:00-04:00,677.1201724129126,679.9070809796764,676.515199146416,679.6095581054688,63339800
2025-10-28 00:00:00-04:00,681.4046232640447,683.2493254549719,679.2028936555786,681.41455078125,61738100
2025-10-29 00:00:00-04:00,683.0609104229828,684.0328991417463,677.2590027977353,681.7418823242188,85657100
2025-10-30 00:00:00-04:00,678.2805836148408,680.3037996369978,674.2440185546875,674.2440185546875,76335800
2025-10-31 00:00:00-04:00,679.4111219213156,679.4508319897004,673.6587916341136,676.4556274414062,87164100
2025-11-03 00:00:00-05:00,680.0359087204932,680.1648453676048,674.3530108656404,677.72509765625,57315000
2025-11-04 00:00:00-05:00,670.5544968959969,674.3728983771498,669.0371001406891,669.691650390625,78427000
2025-11-05 00:00:00-05:00,669.4337786331213,675.2654684624238,668.6304366940664,672.012451171875,74402400
2025-11-06 00:00:00-05:00,670.9115428502156,671.8140994484131,663.2252231578799,664.8021850585938,85035300
2025-11-07 00:00:00-05:00,662.4218719882706,665.5658682287408,655.7769731606511,665.4567260742188,100592400
2025-11-10 00:00:00-05:00,671.6751969912248,676.5746080726943,669.4833950163819,675.8406982421875,75842900
2025-11-11 00:00:00-05:00,674.3630127379913,677.9532631527235,673.1530057317516,677.387939453125,58953400
2025-11-12 00:00:00-05:00,679.1632192686196,679.3318660026857,675.3548055474994,677.7648315429688,62312500
2025-11-13 00:00:00-05:00,674.9085136071693,675.265541055433,665.0105359672095,666.5180053710938,103457800
2025-11-14 00:00:00-05:00,659.9126462553079,670.1081450818862,657.8199984349773,666.4088134765625,96846700
2025-11-17 00:00:00-05:00,664.1972328051172,668.1742931923078,656.7290761218832,660.2003173828125,90456100
2025-11-18 00:00:00-05:00,656.6596108350068,659.6548153709225,650.4708935566339,654.65625,114467500
2025-11-19 00:00:00-05:00,655.3505280387882,661.856623370592,653.3371790986623,657.185302734375,94703000
2025-11-20 00:00:00-05:00,667.3808213360044,670.0090710879778,646.5335791707308,647.1683349609375,165293500
2025-11-21 00:00:00-05:00,649.6675301260088,659.0894699034471,645.5020288545189,653.6148681640625,123956200
2025-11-24 00:00:00-05:00,657.2448196444445,664.5542570793402,656.1538823239337,663.2351684570312,80437900
2025-11-25 00:00:00-05:00,663.1360620641211,670.6537963067218,659.0201372218106,669.4735717773438,81077100
2025-11-26 00:00:00-05:00,672.0620713400136,676.0986363282427,671.1595147067713,674.09521484375,71879600
2025-11-28 00:00:00-05:00,675.2654787466182,678.0523870500939,674.9084513312986,677.7747192382812,49212000
2025-12-01 00:00:00-05:00,673.2323336611282,677.3779800628074,673.1629015749381,674.6803588867188,61201200
2025-12-02 00:00:00-05:00,676.316742094939,678.2011542749951,673.748057660358,675.9299926757812,62953800
2025-12-03 00:00:00-05:00,674.9779023816353,679.2822075879724,674.105128319461,678.2706298828125,57238500
2025-12-04 00:00:00-05:00,679.6689755171525,679.7384076011712,675.7415530139849,678.7664794921875,61970300
2025-12-05 00:00:00-05:00,679.8375623637357,682.7336127271673,678.9549213715281,680.0557861328125,79241000
2025-12-08 00:00:00-05:00,680.9483951231146,680.997972172105,675.9696245182643,678.0126953125,55231500
2025-12-09 00:00:00-05:00,677.5367544682442,679.7583392727543,676.9813582671167,677.4276123046875,58310100
2025-12-10 00:00:00-05:00,676.9515664343469,683.3088703732143,675.711837383319,681.92041015625,85671300
2025-12-11 00:00:00-05:00,679.51034738166,683.5865617528303,676.5647198382891,683.5072021484375,86173700
2025-12-12 00:00:00-05:00,682.5154459360199,683.2196338188487,673.5893968987631,676.1581420898438,113160300
2025-12-15 00:00:00-05:00,680.1054404790556,680.1252955149479,673.6687768311533,675.1365966796875,90811000
2025-12-16 00:00:00-05:00,673.6488975485244,675.4837328267965,669.4338188610296,673.2918701171875,122030600
2025-12-17 00:00:00-05:00,674.3034691132465,674.8489377460819,665.6848710067972,665.8832397460938,110625200
2025-12-18 00:00:00-05:00,672.0322799303326,675.1464937426624,669.3545136860721,670.9115600585938,108650100
2025-12-19 00:00:00-05:00,673.0134542661981,677.4896664833268,672.8940327515619,676.9923095703125,103599500
2025-12-22 00:00:00-05:00,680.3245900087294,681.7370666700199,676.9923229108747,681.2098999023438,69556700
2025-12-23 00:00:00-05:00,680.3046207584179,684.562024812114,680.2548972126992,684.3233032226562,64840000
2025-12-24 00:00:00-05:00,684.313382495532,687.1781631452748,684.164151137988,686.7305297851562,39445600
2025-12-26 00:00:00-05:00,686.989161229118,688.0037280321676,685.6264081645946,686.660888671875,41613300
2025-12-29 00:00:00-05:00,683.9055083361335,685.5567672531378,682.4433081832867,684.2138671875,62559500
2025-12-30 00:00:00-05:00,683.8160334465714,684.9201512250444,682.9506372729019,683.3783569335938,47160700
2025-12-31 00:00:00-05:00,683.5076844111845,683.726492314561,678.1063955310838,678.3152465820312,74144800
2026-01-02 00:00:00-05:00,682.0852055985325,683.2390468658663,676.2263268834449,679.55859375,89377200
2026-01-05 00:00:00-05:00,682.910778712987,685.7855161168121,682.7516512212146,684.0845336914062,71927200
2026-01-06 00:00:00-05:00,684.2934596862484,688.6602678554459,684.1442890432024,688.1529541015625,69273800
2026-01-07 00:00:00-05:00,688.5309418430683,690.2916046822218,685.6761181181482,685.9347534179688,75588300
2026-01-08 00:00:00-05:00,685.1787573638412,686.9692300361542,683.8557710289468,685.8651123046875,64019200
2026-01-09 00:00:00-05:00,686.9791831428475,691.6344363504869,685.5368360184962,690.4010009765625,80125500
2026-01-12 00:00:00-05:00,687.0289310253164,692.410366767912,686.979207477028,691.4852294921875,63976000
2026-01-13 00:00:00-05:00,691.813478661017,692.4103433578374,687.6953490317495,690.1026000976562,78309700
2026-01-14 00:00:00-05:00,687.3472637531122,688.0634285762314,682.4134612479594,686.7106323242188,94676700
2026-01-15 00:00:00-05:00,690.8983886882239,691.7737417111902,687.5959315038539,688.5806884765625,77862000
2026-01-16 00:00:00-05:00,689.9931507530615,690.5800586110835,686.4519720383781,688.0037231445312,79289200
2026-01-20 00:00:00-05:00,677.8874730475171,681.1501633341576,672.9934983300664,673.9981689453125,111623300
2026-01-21 00:00:00-05:00,676.0572511802958,685.0991655259935,674.5452667925615,681.77685546875,127844500
2026-01-22 00:00:00-05:00,686.2033478813381,687.476610793547,683.2888434897402,685.3379516601562,77112200
2026-01-23 00:00:00-05:00,684.5123006998919,687.3074439470811,683.5274830754288,685.5865478515625,63059600
2026-01-26 00:00:00-05:00,686.8399050563427,690.4606777697717,686.272910918868,689.0680541992188,60473800
2026-01-27 00:00:00-05:00,690.5104039402848,692.8480177488461,689.9036431059924,691.8134765625,55506100
2026-01-28 00:00:00-05:00,693.3652237572153,694.1510864943795,690.271678492269,691.7438354492188,61172200
2026-01-29 00:00:00-05:00,692.7087686795362,693.375209936545,681.2098793986574,690.3711547851562,97486200
2026-01-30 00:00:00-05:00,688.1330315570439,690.5402826440542,683.487735152998,688.3120727539062,101835100
2026-02-02 00:00:00-05:00,685.9348095869553,693.2459322689688,685.7756213682558,691.7339477539062,79286500
2026-02-03 00:00:00-05:00,692.529690413304,693.2757257351432,680.4140840721383,685.885009765625,107904600
2026-02-04 00:00:00-05:00,686.7006659106327,687.7948875474046,678.1561081391175,682.5626831054688,105204600
2026-02-05 00:00:00-05:00,677.3404209861714,680.0758839506523,672.2176206040476,674.0379638671875,113610800
2026-02-06 00:00:00-05:00,677.8576866055596,688.6503070282812,677.2508650473027,686.96923828125,89127600
2026-02-09 00:00:00-05:00,685.7755944360715,692.1915108078678,684.7013472083629,690.2816772460938,73885200
2026-02-10 00:00:00-05:00,691.276360737094,692.8579216647231,688.0037135108784,688.4613037109375,65185700
2026-02-11 00:00:00-05:00,692.7087599208829,693.4547952732178,685.5368515439336,688.3021850585938,76353900
2026-02-12 00:00:00-05:00,690.5701102294341,691.6742279947084,676.7734344520502,677.668701171875,118829000
2026-02-13 00:00:00-05:00,678.0864377658819,682.6522007204912,673.9384983110481,678.1461181640625,96267500
2026-02-17 00:00:00-05:00,676.5446598627462,681.31927396984,672.2077222570326,679.2402954101562,81354700
2026-02-18 00:00:00-05:00,680.4041503420104,685.507036973797,679.2204384959671,682.662109375,73570300
2026-02-19 00:00:00-05:00,680.225062656192,682.5526587813481,677.9471293624403,680.8616333007812,58649400
2026-02-20 00:00:00-05:00,678.7131823752115,686.4122580979458,678.126274472082,685.7855834960938,100034000
2026-02-23 00:00:00-05:00,684.1940214696967,686.3525334522094,676.7734345413753,678.7827758789062,90558100
2026-02-24 00:00:00-05:00,678.295350173768,684.7112054782021,676.4053697086953,683.7164916992188,73798700
2026-02-25 00:00:00-05:00,686.53156929616,690.0130676270821,686.4519751919497,689.4859008789062,56369500
2026-02-26 00:00:00-05:00,689.615191050754,689.6350440416309,680.7323436648176,685.6561889648438,71671000
2026-02-27 00:00:00-05:00,679.4790749097389,683.2291046432514,678.0367277603054,682.3637084960938,83308900
2026-03-02 00:00:00-05:00,675.1123137702438,684.9798583327654,674.4359156260907,682.751708984375,87477200
2026-03-03 00:00:00-05:00,671.4915420947397,679.0016196644848,666.1200629162043,676.7337036132812,105003100
2026-03-04 00:00:00-05:00,678.026741603972,683.4579005621853,676.0273572426378,681.5082397460938,79182200
2026-03-05 00:00:00-05:00,678.474445192334,681.9062201445739,672.0386149612469,677.70849609375,106606500
2026-03-06 00:00:00-05:00,669.8502072585248,672.5359467168151,666.2195382406165,668.82568359375,100687000
2026-03-09 00:00:00-04:00,662.8673651303956,676.3258117079225,658.888509802078,674.6845703125,102667700
2026-03-10 00:00:00-04:00,674.1374043547928,679.7476047325034,671.1930903760745,673.6002807617188,81505300
2026-03-11 00:00:00-04:00,673.9982140650914,676.4849986405864,669.7806371390539,672.7548217773438,68441700
2026-03-12 00:00:00-04:00,667.6120785283837,668.0995392824933,662.3500644519811,662.5390625,108882200
2026-03-13 00:00:00-04:00,665.7321452917186,668.7859240392634,657.863924887251,658.7890014648438,97200200
2026-03-16 00:00:00-04:00,664.8468199428278,668.5173163233716,663.5934708305671,665.493408203125,82023100
2026-03-17 00:00:00-04:00,668.8355969918504,670.8747480492216,666.1598145596139,667.2440185546875,87128000
2026-03-18 00:00:00-04:00,664.8268919718373,666.1796881508768,657.6948111200146,657.9335327148438,82062600
2026-03-19 00:00:00-04:00,653.4971375917409,659.4753776238247,651.7066647804095,656.3121948242188,111272500
2026-03-20 00:00:00-04:00,654.8230422006715,655.0025723674255,643.063298812559,646.9034423828125,163617500
2026-03-23 00:00:00-04:00,656.3790129905765,660.9173090129275,652.2596206790361,653.6959228515625,134802700
2026-03-24 00:00:00-04:00,649.6463809650626,655.3417305137531,648.2100787416998,651.5015869140625,96457500
2026-03-25 00:00:00-04:00,656.9774239230809,659.1917509309695,652.5588148295345,655.1322021484375,90653800
2026-03-26 00:00:00-04:00,650.3844333840033,653.1672421520028,643.1630473705688,643.432373046875,96494400
2026-03-27 00:00:00-04:00,640.8489947137006,641.0085567819559,631.4831091918358,632.4606323242188,103649400
2026-03-30 00:00:00-04:00,638.4651675144013,638.7245091624994,627.6630399662237,630.3460693359375,99275900
2026-03-31 00:00:00-04:00,637.2981538716512,649.865752001465,636.3405988140365,648.6688842773438,152534100
2026-04-01 00:00:00-04:00,652.219751792706,656.8278752918841,651.3220400966815,653.5562744140625,97841500
2026-04-02 00:00:00-04:00,644.7589215344626,656.5086804928782,643.4522901873171,654.144775390625,68358700
2026-04-06 00:00:00-04:00,654.1746977251443,658.0247645183308,653.8356054757206,657.23681640625,39105800
2026-04-07 00:00:00-04:00,654.9626585699763,657.9150134208243,649.386996170508,657.5260009765625,69980400
2026-04-08 00:00:00-04:00,674.6519776493207,675.3402070755335,669.734652974974,674.27294921875,93606100
2026-04-09 00:00:00-04:00,673.1059235004034,679.4096297331154,672.0386657215836,678.162841796875,57134400
2026-04-10 00:00:00-04:00,679.5692561407437,680.2774536083281,676.7066358948267,677.7140502929688,42253500
2026-04-13 00:00:00-04:00,675.669302461078,684.536473353906,674.8414790590384,684.3369750976562,54185800
2026-04-14 00:00:00-04:00,685.9229138241225,692.7952238870419,685.8929616905456,692.675537109375,63480500
2026-04-15 00:00:00-04:00,693.4734516118131,698.480571570673,692.4161778504387,698.1414184570312,58240400
2026-04-16 00:00:00-04:00,699.2585607342904,700.9741726960574,696.7350934539525,699.8569946289062,49972400
2026-04-17 00:00:00-04:00,704.3255249385737,710.5594650064761,703.9464965121796,708.3152465820312,70661900
2026-04-20 00:00:00-04:00,706.9587079747221,708.0857482546458,704.3254772575062,706.8988037109375,43546800
2026-04-21 00:00:00-04:00,708.4548936431559,709.4523240430285,700.8345107773317,702.2708129882812,58941400
2026-04-22 00:00:00-04:00,707.3278031045794,709.6218808832724,706.4001392457644,709.3825073242188,42518500
2026-04-23 00:00:00-04:00,707.6768673789517,710.5295037064266,700.4754491270062,706.6295776367188,56174000
2026-04-24 00:00:00-04:00,708.9236633096505,712.6340752101273,707.1881441382454,712.10546875,45182000
2026-04-27 00:00:00-04:00,711.3374146094498,713.7911152864904,710.4696550399041,713.332275390625,33135900
2026-04-28 00:00:00-04:00,709.9908768700561,711.0481506026886,707.4274735730012,709.8612060546875,43117400
2026-04-29 00:00:00-04:00,709.1729992133655,710.3699278433978,706.5497524472755,709.7515258789062,41859200
2026-04-30 00:00:00-04:00,712.7936806635566,717.9403946619685,708.6244289610544,716.8132934570312,67240900
2026-05-01 00:00:00-04:00,719.3966516418469,723.0073446973263,718.6186267345964,718.7982177734375,43049800
2026-05-04 00:00:00-04:00,718.2196821209096,720.2644021704073,713.152718877996,716.1649780273438,51950600
2026-05-05 00:00:00-04:00,719.9153564929043,723.1769124909786,719.6360467603954,721.9102172851562,36933200
2026-05-06 00:00:00-04:00,726.288861980811,732.7023927493656,725.9497697512824,731.9443359375,53288900
2026-05-07 00:00:00-04:00,733.161188473549,734.238430329629,727.8748196364371,729.7001342773438,51724600
2026-05-08 00:00:00-04:00,733.0415191543954,736.1834492768152,732.6824588199246,735.724609375,47227100
2026-05-11 00:00:00-04:00,734.5576163199453,738.8864300819614,734.5576163199453,737.4002685546875,44024000
2026-05-12 00:00:00-04:00,734.9964788307154,736.9414802248905,729.9494836014034,736.2831420898438,54185300
2026-05-13 00:00:00-04:00,736.5723674930287,741.9983910774667,733.5800764180441,740.4025268554688,44200200
2026-05-14 00:00:00-04:00,741.7391534739264,747.6040491923611,741.649357949993,746.2474975585938,45307600
2026-05-15 00:00:00-04:00,739.8838927249178,741.5496453663399,736.0637780312098,737.2706298828125,60410800
2026-05-18 00:00:00-04:00,737.9289136337939,739.5147938000424,731.5054597381557,736.751953125,47843900
2026-05-19 00:00:00-04:00,732.8919551385734,735.7545755811656,729.650306265128,731.8446044921875,54255900
2026-05-20 00:00:00-04:00,733.8195334397973,739.9636778498481,732.0042028263388,739.3452758789062,45768000
2026-05-21 00:00:00-04:00,736.7419902854853,742.9559620700644,735.1361419849363,740.8114624023438,43332200
2026-05-22 00:00:00-04:00,744.3224328967863,747.015507083493,742.566945697205,743.7239990234375,41762000
2026-05-26 00:00:00-04:00,748.0827892360243,750.1973368284331,746.4469887578754,748.6613159179688,41123600
2026-05-27 00:00:00-04:00,748.9505199197505,749.4492351039673,746.2973210478585,748.5316162109375,42106300
2026-05-28 00:00:00-04:00,748.3221518516883,753.2095851254732,747.3047533704411,752.6609497070312,41562600
2026-05-29 00:00:00-04:00,753.9576670103595,756.1320579864754,752.7507543048832,754.5361328125,55075700
2026-06-01 00:00:00-04:00,753.4189990020213,758.3264003155792,752.7507376917755,756.5908203125,43634900
2026-06-02 00:00:00-04:00,755.0847737682097,758.4461093852723,754.805464031348,757.6182250976562,31581900
2026-06-03 00:00:00-04:00,756.2018667594974,756.8501599793441,751.6336185743088,752.3018798828125,51402500
2026-06-04 00:00:00-04:00,750.1673635570705,756.3614281257201,749.5389775481502,755.1445922851562,49923000
2026-06-05 00:00:00-04:00,750.3768677170906,750.8855669656407,733.6400171295905,735.65478515625,93989400
2026-06-08 00:00:00-04:00,741.4498108327123,743.4247643242134,736.2931129658897,737.3204345703125,49319100
2026-06-09 00:00:00-04:00,741.7191759970133,744.9807928982774,720.7332622187009,735.1560668945312,87683500
2026-06-10 00:00:00-04:00,731.5054857614351,736.4826536495077,723.4661992814284,723.56591796875,60341300
2026-06-11 00:00:00-04:00,726.8873842592473,738.0984921563339,722.5485255148498,735.8642578125,86330500
2026-06-12 00:00:00-04:00,738.8066884479139,742.5270843334097,733.1412911200548,739.843994140625,57079500
2026-06-15 00:00:00-04:00,749.9179969688896,754.7356026867302,749.8282623277308,752.890380859375,60176400
2026-06-16 00:00:00-04:00,752.6111046530555,753.4988323298886,747.9531216783239,748.4019775390625,67093100
2026-06-17 00:00:00-04:00,749.3594421826946,750.217278570044,737.3204502885575,739.0560302734375,85945200
2026-06-18 00:00:00-04:00,747.760009765625,748.22998046875,743.8599853515625,746.739990234375,80875700
2026-06-22 00:00:00-04:00,747.7000122070312,750.1799926757812,743.1300048828125,744.3900146484375,46628100
2026-06-23 00:00:00-04:00,733.8099975585938,739.6300048828125,732.2999877929688,733.5800170898438,66846800
2026-06-24 00:00:00-04:00,735.1699829101562,739.9500122070312,730.8400268554688,733.239990234375,57439500
2026-06-25 00:00:00-04:00,738.9099731445312,739.3699951171875,729.5999755859375,734.2999877929688,53934400
2026-06-26 00:00:00-04:00,728.9500122070312,736.530029296875,716.5800170898438,728.989990234375,71034000
2026-06-29 00:00:00-04:00,736.530029296875,741.5599975585938,732.0900268554688,741.0,58035200
2026-06-30 00:00:00-04:00,741.2899780273438,748.02001953125,740.8900146484375,746.77001953125,55626000
2026-07-01 00:00:00-04:00,745.0,749.4400024414062,742.3800048828125,745.760009765625,47100900
2026-07-02 00:00:00-04:00,747.4000244140625,751.3099975585938,740.030029296875,744.780029296875,57447800
2026-07-06 00:00:00-04:00,748.739990234375,752.4000244140625,747.4099731445312,751.280029296875,42581021
