Date,open,high,low,close,volume
2012-01-24 00:00:00-05:00,101.6208374303812,102.16467744887825,101.46545626149965,102.13360595703125,103083300
2012-01-25 00:00:00-05:00,101.9782322727352,103.22907047990218,101.58200843872288,102.98822784423828,198613200
2012-01-26 00:00:00-05:00,103.44657674796203,103.64080615368844,102.0558994190826,102.45989990234375,184880500
2012-01-27 00:00:00-05:00,101.96267826445523,102.59197967412479,101.89274666518538,102.41329193115234,135259100
2012-01-30 00:00:00-05:00,101.39552522747955,102.11806485632415,101.0459146318298,102.06367492675781,147311800
2012-01-31 00:00:00-05:00,102.56868134497591,102.69297917127493,101.527602584103,102.02484130859375,157212000
2012-02-01 00:00:00-05:00,102.77843783335942,103.43882262360731,102.65414001040051,102.91828918457031,166234500
2012-02-02 00:00:00-05:00,103.12026914918356,103.34558189061765,102.71628053492537,103.0814208984375,113090400
2012-02-03 00:00:00-05:00,104.10698176396555,104.58866699052366,103.92829399521406,104.5265121459961,160598500
2012-02-06 00:00:00-05:00,104.09145166097805,104.5032171787778,103.97491872379916,104.45660400390625,107694500
2012-02-07 00:00:00-05:00,104.23902566966942,104.89941032535206,103.82726031889067,104.72071075439453,135528100
2012-02-08 00:00:00-05:00,104.7751022946378,105.05479308957334,104.34779526698334,105.03148651123047,139361400
2012-02-09 00:00:00-05:00,105.20243773687692,105.34227724470398,104.54205289260642,105.16358947753906,148602900
2012-02-10 00:00:00-05:00,104.23129178922491,104.47213440328082,103.9826724103127,104.38667297363281,167907500
2012-02-13 00:00:00-05:00,105.13251798296338,105.28789916549046,104.68190425525783,105.16358947753906,115841900
2012-02-14 00:00:00-05:00,104.88387027851157,105.0936413384185,104.3011821102976,105.03148651123047,165329500
2012-02-15 00:00:00-05:00,105.37336092677833,105.52874210979596,104.33228210542904,104.54205322265625,195195100
2012-02-16 00:00:00-05:00,104.54982631515084,105.79288759045396,104.3633617891846,105.69966125488281,186567800
2012-02-17 00:00:00-05:00,106.06477047320998,106.15023186438872,105.62969861077974,105.97930908203125,129869400
2012-02-21 00:00:00-05:00,106.22792659454053,106.4765458851793,105.69962838416352,106.02593231201172,134042300
2012-02-22 00:00:00-05:00,105.86279265609745,106.08810540890269,105.49764041933503,105.6841049194336,124455300
2012-02-23 00:00:00-05:00,105.62972752917683,106.22794557638383,105.2723401987272,106.15026092529297,137704300
2012-02-24 00:00:00-05:00,106.38333129882812,106.59310238993832,106.15026548073111,106.38333129882812,105539100
2012-02-27 00:00:00-05:00,105.67630350698013,106.84944446261952,105.50538073797067,106.5619888305664,145728900
2012-02-28 00:00:00-05:00,106.59311948238117,106.99712005656986,106.3833483576337,106.87281036376953,129355900
2012-02-29 00:00:00-05:00,107.02814313470179,107.36222380111737,106.08030290182892,106.45323181152344,185934700
2012-03-01 00:00:00-05:00,106.67860158497479,107.20691195433221,106.38336897107425,107.0049057006836,145023500
2012-03-02 00:00:00-05:00,106.93495788668125,107.07480924521003,106.43773100435749,106.67857360839844,120638300
2012-03-05 00:00:00-05:00,106.51542570374538,106.59311036398154,105.87834747376047,106.24349975585938,140765000
2012-03-06 00:00:00-05:00,105.15583746642193,105.21798046319599,104.38668451455278,104.68968200683594,202129900
2012-03-07 00:00:00-05:00,104.93053606858756,105.5909210657424,104.82953294189097,105.41999816894531,143692200
2012-03-08 00:00:00-05:00,106.06478430883955,106.68632070259589,105.84724834924793,106.4687728881836,116968900
2012-03-09 00:00:00-05:00,106.67079075352174,107.16024078897266,106.5387161817447,106.88056182861328,122836800
2012-03-12 00:00:00-04:00,106.86505248274423,107.02819859230416,106.50766505614175,106.88835906982422,104003500
2012-03-13 00:00:00-04:00,107.46327228269666,108.86949155807781,107.28457265904893,108.81510162353516,184090500
2012-03-14 00:00:00-04:00,108.84616360826553,109.11807766313255,108.36446662123967,108.69854736328125,145163600
2012-03-15 00:00:00-04:00,108.86170261660097,109.37447113568582,108.58201177481132,109.3278579711914,165118500
2012-03-16 00:00:00-04:00,109.52605785866986,109.61969274104864,109.24514130475802,109.47924041748047,152893500
2012-03-19 00:00:00-04:00,109.40906404257325,110.24400323953473,109.33102700056298,109.9084701538086,125291100
2012-03-20 00:00:00-04:00,109.28417565791848,109.72115438143017,108.96424055435557,109.5885009765625,121729700
2012-03-21 00:00:00-04:00,109.65088694735505,109.75232074421493,109.18268883019054,109.40898895263672,122388400
2012-03-22 00:00:00-04:00,108.60523220292917,108.89395949790783,108.26190045519897,108.62084197998047,135216700
2012-03-23 00:00:00-04:00,108.71454991941545,109.09690037157284,108.11369818588223,108.9720458984375,120521000
2012-03-26 00:00:00-04:00,109.7523424600255,110.50145721435547,109.71333586485449,110.50145721435547,120164000
2012-03-27 00:00:00-04:00,110.60295467608222,110.67318086837068,110.08793878573888,110.15816497802734,119868500
2012-03-28 00:00:00-04:00,110.10348431406395,110.27515617731667,108.96420848582073,109.61187744140625,148562100
2012-03-29 00:00:00-04:00,108.96422656424524,109.62750541020128,108.53504683490755,109.42461395263672,164963700
2012-03-30 00:00:00-04:00,109.96299503070624,110.06444071952565,109.2841185760434,109.87715911865234,135486800
2012-04-02 00:00:00-04:00,109.74458437686296,110.96969673474669,109.52609497275802,110.68096923828125,151741100
2012-04-03 00:00:00-04:00,110.52488177687944,110.71216346900079,109.58068628425241,110.22835540771484,155806700
2012-04-04 00:00:00-04:00,109.41678072837307,109.51041558296927,108.73009337660903,109.1358642578125,146896000
2012-04-05 00:00:00-04:00,108.76139080239803,109.40124927821059,108.66774397398169,109.08131408691406,137439400
2012-04-09 00:00:00-04:00,107.70792272061547,109.12030465852474,107.559659528145,107.85618591308594,127555900
2012-04-10 00:00:00-04:00,107.64550112614499,107.94982646624159,105.93659271376492,106.04583740234375,235360300
2012-04-11 00:00:00-04:00,107.13047836550484,107.3255590043068,106.7091094246746,106.90419006347656,154133000
2012-04-12 00:00:00-04:00,107.00561532274294,108.38677740819834,106.92757831944914,108.30094146728516,154321500
2012-04-13 00:00:00-04:00,108.05123498346917,108.32435256419582,106.91195913218883,107.0134048461914,169246700
2012-04-16 00:00:00-04:00,107.55964100970473,107.71570311451816,106.57643903328231,106.94319152832031,147825300
2012-04-17 00:00:00-04:00,107.559663156142,108.74575682913532,107.45041846960169,108.52726745605469,147877600
2012-04-18 00:00:00-04:00,108.04346358444741,108.52725974664762,107.98103635274788,108.16050720214844,123884200
2012-04-19 00:00:00-04:00,108.17612270917387,108.58188187651965,106.95882139358132,107.46602630615234,198666700
2012-04-20 00:00:00-04:00,107.9420265809837,108.33218788060117,107.58307294635331,107.64550018310547,143199600
2012-04-23 00:00:00-04:00,106.54523765732566,106.83396510263529,106.07705126295805,106.74031829833984,171844900
2012-04-24 00:00:00-04:00,106.83396338858039,107.41920530223327,106.74812743164021,107.14608764648438,137484200
2012-04-25 00:00:00-04:00,108.19170969798186,108.6599079599814,108.09807480829252,108.61309051513672,150252200
2012-04-26 00:00:00-04:00,108.37898229292477,109.494849564151,108.31655506944303,109.3699951171875,136291600
2012-04-27 00:00:00-04:00,109.69773216569227,109.86159321346724,109.08908160326233,109.54946899414062,130725000
2012-04-30 00:00:00-04:00,109.33097368202411,109.40901068597728,108.84717759648471,109.14369201660156,115092200
2012-05-01 00:00:00-04:00,109.08127020556887,110.54048128580398,108.95642766253634,109.82258605957031,138832200
2012-05-02 00:00:00-04:00,109.18271403958782,109.6040948236838,108.82377238608802,109.4948501586914,121081000
2012-05-03 00:00:00-04:00,109.51044542970774,109.59628137207257,108.45701730807598,108.65989685058594,143759700
2012-05-04 00:00:00-04:00,108.09028368129015,108.69893432181009,106.84176283024665,106.90419006347656,193927300
2012-05-07 00:00:00-04:00,106.52181657282519,107.34115755136908,106.48280997457036,106.98221588134766,127765900
2012-05-08 00:00:00-04:00,106.3423110707468,106.72467324455938,105.2810723764566,106.5530014038086,213377700
2012-05-09 00:00:00-04:00,105.42157642803757,106.5998591380054,104.94557921811847,105.92098236083984,220752500
2012-05-10 00:00:00-04:00,106.65448444410696,106.78714976057795,105.89758249627494,106.13948059082031,150600000
2012-05-11 00:00:00-04:00,105.47619049796985,106.80273636160629,105.42937305323083,105.81953430175781,153032400
2012-05-14 00:00:00-04:00,104.8050946840403,105.81951613743642,104.49297050150658,104.64903259277344,163910000
2012-05-15 00:00:00-04:00,104.57880501769628,105.19525443720096,103.88431860023064,104.04817962646484,207629300
2012-05-16 00:00:00-04:00,104.51638878631653,104.99238594765214,103.62682168722093,103.65023040771484,207265500
2012-05-17 00:00:00-04:00,103.67366714134423,103.79852162223176,102.05839355015566,102.11302185058594,247992900
2012-05-18 00:00:00-04:00,102.51096947742512,102.69045223661927,101.09078862941648,101.23905181884766,319615900
2012-05-21 00:00:00-04:00,101.56677473983025,103.01817499868349,101.40290178346055,102.97915649414062,177861100
2012-05-22 00:00:00-04:00,103.24444341368239,103.9623385134257,102.48752981690194,103.15860748291016,197531200
2012-05-23 00:00:00-04:00,102.41729429735223,103.36148944947344,101.43409255853575,103.21322631835938,204958400
2012-05-24 00:00:00-04:00,103.49416707115314,103.6580281126616,102.5499716976188,103.41613006591797,167357600
2012-05-25 00:00:00-04:00,103.37712665088061,103.66585408696942,102.83090325484059,103.08061218261719,135465600
2012-05-29 00:00:00-04:00,103.9077555050037,104.50859530654932,102.35490931582818,104.3291244506836,152883500
2012-05-30 00:00:00-04:00,103.43954508859494,104.32131329302139,102.60460623422803,102.8152847290039,162370400
2012-05-31 00:00:00-04:00,102.7762938545585,103.35372495243135,101.70724380666766,102.5890121459961,196186000
2012-06-01 00:00:00-04:00,100.98155256167819,102.6124239709664,100.00614929199219,100.00614929199219,253240900
2012-06-04 00:00:00-04:00,100.18561600796112,100.45873367486631,99.21021277869646,99.9593276977539,202545800
2012-06-05 00:00:00-04:00,99.76421681504726,100.86446829408496,99.70959448563953,100.71621704101562,164149400
2012-06-06 00:00:00-04:00,101.41851156663287,103.02597393688171,101.38729200028823,102.97915649414062,184202800
2012-06-07 00:00:00-04:00,104.14964434349909,104.19646178810737,102.83089742207623,103.04158782958984,184772700
2012-06-08 00:00:00-04:00,102.77632887639487,103.88438590605134,102.44858279803418,103.86097717285156,143915400
2012-06-11 00:00:00-04:00,104.69588432232752,104.758311560637,102.44075243055215,102.54219818115234,169756100
2012-06-12 00:00:00-04:00,102.83873618985758,103.79073095485309,102.34714092430026,103.72050476074219,181931800
2012-06-13 00:00:00-04:00,103.41613925050018,104.06380834979191,102.70604292283109,103.05719757080078,172223900
2012-06-14 00:00:00-04:00,103.26788985640734,104.56322822790209,102.98697324459857,104.149658203125,230615500
2012-06-15 00:00:00-04:00,104.61869961636216,105.30893328536008,104.39907818052593,105.21481323242188,169444500
2012-06-18 00:00:00-04:00,104.77556570489918,105.67758142139635,104.54025361453947,105.41873931884766,131360900
2012-06-19 00:00:00-04:00,105.95212025237282,106.86982668567737,105.39521533892949,106.43842315673828,137382600
2012-06-20 00:00:00-04:00,106.4462742392347,106.75217638299614,105.31678571812454,106.26586151123047,206451800
2012-06-21 00:00:00-04:00,106.39137686313494,106.5011875966333,103.79512797448093,103.88140869140625,205272200
2012-06-22 00:00:00-04:00,104.42260016658919,104.87753366826993,104.02256603541197,104.68144226074219,130029200
2012-06-25 00:00:00-04:00,103.57547505069357,103.6146957225611,102.63423876821615,103.00289154052734,146375700
2012-06-26 00:00:00-04:00,103.3009778893087,103.83435287975162,102.69701284627669,103.52059936523438,141634000
2012-06-27 00:00:00-04:00,103.86569762704725,104.65790262253563,103.51273547929382,104.45397186279297,108088000
2012-06-28 00:00:00-04:00,103.76373146315555,104.31279701881111,102.97152642796509,104.15591430664062,169242100
2012-06-29 00:00:00-04:00,106.04622292288965,106.88549982965368,105.77170215381706,106.75215911865234,212250900
2012-07-02 00:00:00-04:00,107.05022334429937,107.18356407205003,106.29723900306382,107.0737533569336,129524500
2012-07-03 00:00:00-04:00,107.05024243514337,107.8581382622487,106.9404317004438,107.77970886230469,80450000
2012-07-05 00:00:00-04:00,107.37967671563129,108.08561313961276,106.90121308337271,107.29339599609375,126177500
2012-07-06 00:00:00-04:00,106.25798335181534,106.49329536917661,105.77168062614409,106.27367401123047,151192100
2012-07-09 00:00:00-04:00,106.18746378856014,106.3364952307146,105.65408873076912,106.1404037475586,103780500
2012-07-10 00:00:00-04:00,106.68157324357189,106.85413465293902,104.8539997487077,105.21481323242188,167884800
2012-07-11 00:00:00-04:00,105.2697352085432,105.57563737996111,104.61871018353136,105.23051452636719,141733400
2012-07-12 00:00:00-04:00,104.61869032709856,105.28539392366423,104.00688610038205,104.72064971923828,143583200
2012-07-13 00:00:00-04:00,104.99521019688461,106.58747186997483,104.97951952915494,106.4776611328125,129642600
2012-07-16 00:00:00-04:00,106.23447485068624,106.54037694463602,105.81091074000574,106.22662353515625,97525200
2012-07-17 00:00:00-04:00,106.65022876954143,107.17575246853151,105.53643066546898,106.95613098144531,138860300
2012-07-18 00:00:00-04:00,106.70509851630239,107.96008835258698,106.64235979611124,107.74830627441406,113349700
2012-07-19 00:00:00-04:00,107.96795760694549,108.38367056206476,107.62284667642022,108.03070831298828,129847300
2012-07-20 00:00:00-04:00,107.41891172885266,107.58363384029522,106.92476933147354,107.04241943359375,142904500
2012-07-23 00:00:00-04:00,105.47364283824052,106.9717840016842,104.97948868197595,105.95994567871094,145210900
2012-07-24 00:00:00-04:00,106.03841076769683,106.08547079912172,104.34417782556966,105.05010223388672,173301200
2012-07-25 00:00:00-04:00,105.2697303493724,105.5442511749891,104.51673397915506,105.07363891601562,129122300
2012-07-26 00:00:00-04:00,106.58744644914822,107.03454060926796,106.09329226553584,106.80706787109375,156526500
2012-07-27 00:00:00-04:00,107.37182374655958,109.08174725273564,106.78354945209706,108.77583312988281,236768900
2012-07-30 00:00:00-04:00,108.65034370976889,109.29351738144291,108.45425227828139,108.77583312988281,106782000
2012-07-31 00:00:00-04:00,108.62679596917982,108.92484675784296,108.0149917602539,108.0149917602539,120575900
2012-08-01 00:00:00-04:00,108.79150658735526,108.81503659793418,107.77182891121466,107.92086029052734,138293800
2012-08-02 00:00:00-04:00,107.10511493117195,107.9051711185805,106.34427941374318,107.17570495605469,199556600
2012-08-03 00:00:00-04:00,108.68170550130866,109.52882186253639,107.20709420934145,109.30136108398438,157825000
2012-08-06 00:00:00-04:00,109.59157917664295,109.94454135637147,109.46607778921515,109.51313781738281,86326200
2012-08-07 00:00:00-04:00,109.95231116816461,110.53274574158276,109.83466117215042,110.0621337890625,109545100
2012-08-08 00:00:00-04:00,109.69355540775955,110.32103843574451,109.66217407527735,110.19554901123047,89754700
2012-08-09 00:00:00-04:00,110.03867005698892,110.50929431257838,109.92885932648099,110.2896728515625,90291700
2012-08-10 00:00:00-04:00,109.84257488856223,110.50929056663557,109.66217411637253,110.4700698852539,99792700
2012-08-13 00:00:00-04:00,110.28181278203057,110.47005287412114,109.84255797405653,110.41515350341797,79426900
2012-08-14 00:00:00-04:00,110.82302238112236,110.89362438881862,110.10140738705026,110.43083953857422,102379400
2012-08-15 00:00:00-04:00,110.31320685167229,110.74461044013161,110.24261680132598,110.55635833740234,71085900
2012-08-16 00:00:00-04:00,110.71320931375706,111.50542629870844,110.43868851088315,111.37208557128906,112014200
2012-08-17 00:00:00-04:00,111.56032358165494,111.61523492228305,111.27011211967796,111.52110290527344,90813700
2012-08-20 00:00:00-04:00,111.3642391179468,111.5524911952439,111.05833697263326,111.52896118164062,78255700
2012-08-21 00:00:00-04:00,111.80347754507686,112.23488105807893,110.94852183560843,111.1916732788086,105581100
2012-08-22 00:00:00-04:00,110.90928731113806,111.41913211502022,110.6504572041225,111.23873138427734,133243500
2012-08-23 00:00:00-04:00,110.96426064099433,110.97209999246073,110.15636460636081,110.32892608642578,111466400
2012-08-24 00:00:00-04:00,110.05436129179056,111.24660063522454,109.9837712436294,110.99559783935547,99481200
2012-08-27 00:00:00-04:00,111.29363675684803,111.44266813881818,110.86223327442644,111.01910400390625,68785900
2012-08-28 00:00:00-04:00,110.73677082177545,111.25445518262099,110.57206068689877,110.90933227539062,75689600
2012-08-29 00:00:00-04:00,111.00344915702142,111.29366066733198,110.68969566218507,110.99559783935547,65421300
2012-08-30 00:00:00-04:00,110.5171298741077,110.5485112065899,109.96023689150032,110.19554901123047,96589900
2012-08-31 00:00:00-04:00,110.82302110587226,111.23874592518239,110.0935667719925,110.72106170654297,151970400
2012-09-04 00:00:00-04:00,110.62690367732293,110.95634771607078,109.91314017594948,110.61906433105469,120226200
2012-09-05 00:00:00-04:00,110.66615872518838,110.96422153452436,110.3053571892808,110.52497863769531,100660300
2012-09-06 00:00:00-04:00,111.19166694209294,112.77608885933738,111.18382759447432,112.76824951171875,158272500
2012-09-07 00:00:00-04:00,112.95653195050494,113.25459483033319,112.85457251935905,113.20753479003906,107272100
2012-09-10 00:00:00-04:00,113.09768302283835,113.29377443193032,112.52509945946134,112.5643081665039,86458500
2012-09-11 00:00:00-04:00,112.63492318557934,113.2388761780754,112.60354185415521,112.8780746459961,88760000
2012-09-12 00:00:00-04:00,113.25460815429688,113.3801095888287,112.8702644992215,113.25460815429688,87640900
2012-09-13 00:00:00-04:00,113.23888581341065,115.33314104649973,112.9408349503477,114.98017883300781,225470200
2012-09-14 00:00:00-04:00,115.20762576264659,116.17239212128767,115.11349374995928,115.48999786376953,169777000
2012-09-17 00:00:00-04:00,115.25471775823456,115.45080921706688,114.80762348722995,115.09784698486328,119427800
2012-09-18 00:00:00-04:00,114.90177896249241,115.15276985738639,114.71352681496548,115.00373840332031,98326600
2012-09-19 00:00:00-04:00,115.13703443668122,115.4350972289671,114.83898361286596,115.06644439697266,128318300
2012-09-20 00:00:00-04:00,114.5409277479632,115.13704140011701,114.227186240192,115.07430267333984,154009800
2012-09-21 00:00:00-04:00,115.63336538989707,115.65702100788755,114.97886521665575,115.02617645263672,108737500
2012-09-24 00:00:00-04:00,114.45843052153079,115.11293076891121,114.37168923495362,114.85270690917969,95682000
2012-09-25 00:00:00-04:00,115.0971713274345,115.31796514758949,113.5989137965418,113.63046264648438,133165200
2012-09-26 00:00:00-04:00,113.60685036823836,113.63838719785203,112.72366271830579,112.99176788330078,146502200
2012-09-27 00:00:00-04:00,113.46485223510027,114.31649063036093,113.1651983462975,114.05626678466797,111830300
2012-09-28 00:00:00-04:00,113.62258422839719,113.99320505318755,113.12580408447405,113.52796173095703,150696100
2012-10-01 00:00:00-04:00,113.96165873883336,114.8842641091116,113.55948909348756,113.82760620117188,135911200
2012-10-02 00:00:00-04:00,114.27710605782269,114.45846988946025,113.41758612488319,113.94591522216797,113422200
2012-10-03 00:00:00-04:00,114.25340178862538,114.67921495822708,113.65410606005574,114.4111099243164,121283100
2012-10-04 00:00:00-04:00,114.84479083887445,115.39677520749315,114.68708273817721,115.23118591308594,124311600
2012-10-05 00:00:00-04:00,115.84629424710918,116.04343244627763,114.89214006889519,115.23910522460938,124842100
2012-10-08 00:00:00-04:00,114.81328130054746,115.22332005327566,114.5845942727186,114.84481811523438,78415400
2012-10-09 00:00:00-04:00,114.75811221614798,114.852734721742,113.66990527236314,113.70933532714844,148872900
2012-10-10 00:00:00-04:00,113.69352595152417,113.80393488393075,112.83400637027611,112.98383331298828,124247500
2012-10-11 00:00:00-04:00,113.772395528358,113.93799690842356,113.02327278466102,113.04692840576172,123601500
2012-10-12 00:00:00-04:00,113.1257885440415,113.51217171041837,112.43185823850814,112.67630767822266,124181900
2012-10-15 00:00:00-04:00,112.9443952193533,113.73294788700962,112.58166773035234,113.61466979980469,107689100
2012-10-16 00:00:00-04:00,114.1508601636095,114.84479024189835,114.07201212984914,114.76593017578125,108815500
2012-10-17 00:00:00-04:00,114.84477426317586,115.380996166981,114.67129176774083,115.28636169433594,128834100
2012-10-18 00:00:00-04:00,114.98676300048828,115.53874749607006,114.60036783740125,114.98676300048828,148108500
2012-10-19 00:00:00-04:00,114.77385637446487,114.78173757039802,112.80247447875905,113.0705795288086,185645200
2012-10-22 00:00:00-04:00,112.88130284641328,113.29135357825989,112.19526591672148,113.08633422851562,125578600
2012-10-23 00:00:00-04:00,111.86410843070071,112.02181659514252,111.05189995308177,111.51714324951172,192056300
2012-10-24 00:00:00-04:00,111.9192797502481,112.0533442987003,111.02822337476547,111.20170593261719,120179400
2012-10-25 00:00:00-04:00,111.9902874039417,112.19530682844574,110.84688809339845,111.52503204345703,134457400
2012-10-26 00:00:00-04:00,111.42252215977548,111.84833541236418,110.70493616531716,111.46195220947266,146023500
2012-10-31 00:00:00-04:00,111.85622864172072,111.99816238179635,110.93361120178184,111.46195220947266,103438500
2012-11-01 00:00:00-04:00,111.69852950789831,112.7709620871551,111.59602579818892,112.6290283203125,100995600
2012-11-02 00:00:00-04:00,113.29925330870698,113.33080215681868,111.50924723007121,111.62752532958984,137702200
2012-11-05 00:00:00-05:00,111.46194004145813,112.10854706292838,111.13073728604792,111.85621643066406,98378500
2012-11-06 00:00:00-05:00,112.19526144192788,113.17307098429916,112.07698336647708,112.73148345947266,107068100
2012-11-07 00:00:00-05:00,111.70636873830804,111.72213112765029,109.65612708213864,110.17657470703125,264304500
2012-11-08 00:00:00-05:00,110.16082241932685,110.72070019478471,108.76508061117018,108.85182189941406,181517300
2012-11-09 00:00:00-05:00,108.52065446101184,109.95582662316654,108.46546201066303,108.94647979736328,201055300
2012-11-12 00:00:00-05:00,109.28552612660977,109.45900869958292,108.78874606069614,109.03319549560547,97677500
2012-11-13 00:00:00-05:00,108.45753254128172,109.80596294602393,108.31559883149794,108.65467071533203,123018300
2012-11-14 00:00:00-05:00,108.98590769287706,109.15937827079644,106.9435464231638,107.18799591064453,191505000
2012-11-15 00:00:00-05:00,107.22739322059432,107.62956279996826,106.59654865151232,107.00659942626953,178128400
2012-11-16 00:00:00-05:00,107.16429903513159,107.74783232077309,106.21803827296685,107.53491973876953,239483900
2012-11-19 00:00:00-05:00,108.74141336603887,109.7271042487345,107.5664775345757,109.71134185791016,151495800
2012-11-20 00:00:00-05:00,109.53788078314365,109.94003841050746,108.88338046478638,109.75867462158203,119807400
2012-11-21 00:00:00-05:00,109.8532795510679,110.05831096280988,109.63248574793026,109.96367645263672,81710800
2012-11-23 00:00:00-05:00,110.49991675219843,111.50137022680799,110.42893784979879,111.46195220947266,65409200
2012-11-26 00:00:00-05:00,110.90996680549138,111.46984469019745,110.54723918922804,111.22539520263672,100124400
2012-11-27 00:00:00-05:00,111.11500837236306,111.49351045098123,110.5866792955266,110.65764617919922,128646200
2012-11-28 00:00:00-05:00,110.20811871981068,111.61174153392201,109.60882301197005,111.54866790771484,177086500
2012-11-29 00:00:00-05:00,111.96663387525258,112.37667273193644,111.47772288095611,112.06913757324219,151085900
2012-11-30 00:00:00-05:00,112.08489224130948,112.30568605825017,111.70639027403408,112.0927734375,136568300
2012-12-03 00:00:00-05:00,112.60533009180578,112.69995256723674,111.45403783383799,111.54077911376953,124656300
2012-12-04 00:00:00-05:00,111.53289884165984,111.87197073633429,111.0834180149225,111.38307189941406,127512200
2012-12-05 00:00:00-05:00,111.47769212264028,112.10065549808677,110.68913941716532,111.58020782470703,147300500
2012-12-06 00:00:00-05:00,111.47768448870806,112.00601332131349,111.31209517001905,111.95870208740234,103220600
2012-12-07 00:00:00-05:00,112.39242827064014,112.51859960489037,111.71427238949602,112.29780578613281,108726400
2012-12-10 00:00:00-05:00,112.14008103928602,112.61320542416733,112.09275777167487,112.34510040283203,98840700
2012-12-11 00:00:00-05:00,112.81033912641105,113.63832180762178,112.75514669825483,113.10999298095703,152570400
2012-12-12 00:00:00-05:00,113.55159445367292,113.9853008667388,113.00749113840482,113.16519927978516,145880100
2012-12-13 00:00:00-05:00,113.09423433932922,113.41754385567685,112.1874034867406,112.47128295898438,135715000
2012-12-14 00:00:00-05:00,112.22683492628309,112.43185431286832,111.87986978563096,112.05335235595703,137701700
2012-12-17 00:00:00-05:00,112.34509553162952,113.43330202468286,112.31354668792335,113.3702163696289,143238200
2012-12-18 00:00:00-05:00,113.55162901775255,114.73445848668747,113.38602759786168,114.63194274902344,177762800
2012-12-19 00:00:00-05:00,114.75813706479151,114.79756712811462,113.74090881230458,113.78032684326172,150895400
2012-12-20 00:00:00-05:00,113.85129289843196,114.45058888314404,113.5358644598746,114.434814453125,168487000
2012-12-21 00:00:00-05:00,112.9036906814385,114.42844894385284,112.72104056668458,113.39605712890625,245883800
2012-12-24 00:00:00-05:00,113.14986918356546,113.21340228989425,112.91957227611195,113.04663848876953,53874600
2012-12-26 00:00:00-05:00,113.27686469369146,113.33246067116642,112.25242277309201,112.57007598876953,106947700
2012-12-27 00:00:00-05:00,112.60187766005235,112.83218662571937,111.11682955101182,112.41922760009766,167920600
2012-12-28 00:00:00-05:00,111.68863001635086,112.3080625778708,111.07713454798392,111.2042007446289,148806700
2012-12-31 00:00:00-05:00,110.91036857272675,113.21338578226305,110.81506286827958,113.09426879882812,243935200
2013-01-02 00:00:00-05:00,115.23846118512465,116.06436722490628,114.93668199861817,115.9928970336914,192059000
2013-01-03 00:00:00-05:00,115.93729000035596,116.23905700891734,115.4210882255615,115.73080444335938,144761800
2013-01-04 00:00:00-05:00,115.92140613223874,116.4296587084626,115.68316008638755,116.23905944824219,116817700
2013-01-07 00:00:00-05:00,115.82611603281563,116.03258948263709,115.49256428800751,115.9214096069336,110002500
2013-01-08 00:00:00-05:00,115.71495682498436,115.8737835161149,115.13522183169317,115.587890625,121265100
2013-01-09 00:00:00-05:00,115.84198128694993,116.19935639773905,115.65933124473766,115.8816909790039,90745600
2013-01-10 00:00:00-05:00,116.52496932941742,116.81086220273068,115.92142309362235,116.80292510986328,130735400
2013-01-11 00:00:00-05:00,116.77116265287329,116.85851915280377,116.42968586440874,116.79499816894531,113917300
2013-01-14 00:00:00-05:00,116.65199732027746,116.79494976896952,116.2866851671267,116.71553039550781,89567200
2013-01-15 00:00:00-05:00,116.17555345817459,116.90617806724774,116.10408326305877,116.79499816894531,93172600
2013-01-16 00:00:00-05:00,116.55676158416567,116.96177150725705,116.42969537067388,116.77912139892578,104849500
2013-01-17 00:00:00-05:00,117.2952851211232,117.86707083686377,116.85850268302994,117.53353118896484,133833500
2013-01-18 00:00:00-05:00,117.50969281090663,117.92265180133133,117.08084751993182,117.79558563232422,169906000
2013-01-22 00:00:00-05:00,117.79561222056881,118.4309310913086,117.51765642783904,118.4309310913086,111797300
2013-01-23 00:00:00-05:00,118.43090334433572,118.72473325466089,118.2164807006866,118.62149047851562,104596100
2013-01-24 00:00:00-05:00,118.44678134778715,119.23298965473013,118.33560147669697,118.65326690673828,146426400
2013-01-25 00:00:00-05:00,119.026551158482,119.32038116455078,118.62152913098105,119.32038116455078,147211600
2013-01-28 00:00:00-05:00,119.35209187006105,119.38386446798785,118.73265950514013,119.1773910522461,113357700
2013-01-29 00:00:00-05:00,118.9391613875538,119.79683988403687,118.85974199951568,119.64595031738281,105694400
2013-01-30 00:00:00-05:00,119.63004757229031,119.86829358595888,119.06619907719788,119.1773910522461,137447700
2013-01-31 00:00:00-05:00,119.03445737978122,119.42359300076598,118.8041605381029,118.8835678100586,108975800
2013-02-01 00:00:00-05:00,119.63804273624672,120.24953830735888,119.43156922028096,120.10659790039062,131173000
2013-02-04 00:00:00-05:00,119.3759448172532,120.13038053934119,118.66914376362323,118.75650024414062,159073600
2013-02-05 00:00:00-05:00,119.3997586355868,120.29713464417988,119.3520997355558,119.95565795898438,113912400
2013-02-06 00:00:00-05:00,119.53479237327589,120.12245232885331,119.44743587748742,120.04304504394531,138762800
2013-02-07 00:00:00-05:00,120.08273740996304,120.1939172869438,119.01063621802885,119.88420104980469,162490000
2013-02-08 00:00:00-05:00,120.09069416372479,120.62277024193905,120.09069416372479,120.55130004882812,103133700
2013-02-11 00:00:00-05:00,120.50364242474966,120.6306964951852,120.22568665291844,120.5274658203125,73775000
2013-02-12 00:00:00-05:00,120.53539864934528,120.94835768732487,120.40039537336504,120.72599792480469,65392700
2013-02-13 00:00:00-05:00,120.97216847453883,121.19452821388508,120.48773930288516,120.82921600341797,82322600
2013-02-14 00:00:00-05:00,120.463949591835,121.08338219858973,120.32894629217824,120.9404296875,80834300
2013-02-15 00:00:00-05:00,121.05160563741653,121.17867183919353,120.35276576304298,120.7974853515625,215226500
2013-02-19 00:00:00-05:00,121.00390709584144,121.7265821769955,120.83714338031037,121.7027587890625,95105400
2013-02-20 00:00:00-05:00,121.61543840965797,121.65514810722611,120.12244102852442,120.18597412109375,160574800
2013-02-21 00:00:00-05:00,119.88422872362781,120.24952892473355,119.07419679424031,119.45538330078125,183257000
2013-02-22 00:00:00-05:00,120.03506975362247,120.62274169921875,119.51094301046567,120.62274169921875,106356600
2013-02-25 00:00:00-05:00,121.21042679548388,121.3930768603748,118.32767486572266,118.32767486572266,245824800
2013-02-26 00:00:00-05:00,118.89948734162535,119.2806738595605,118.11327878803951,119.13773345947266,186596200
2013-02-27 00:00:00-05:00,119.03445658577341,120.9721733504905,118.9312138034524,120.63863372802734,150781900
2013-02-28 00:00:00-05:00,120.63072569071696,121.40104798088136,120.24160205721437,120.40042877197266,126866000
2013-03-01 00:00:00-05:00,119.98745346235911,120.98013544305446,119.44744028135683,120.7974853515625,170634800
2013-03-04 00:00:00-05:00,120.51950041148876,121.44071197509766,120.32891327260211,121.44071197509766,99010200
2013-03-05 00:00:00-05:00,122.02841356224373,122.85431963928143,122.01252725757955,122.52871704101562,121431900
2013-03-06 00:00:00-05:00,122.96547926356112,123.02901235404335,122.42546617100919,122.69547271728516,94469900
2013-03-07 00:00:00-05:00,122.85424495280347,123.07660461212352,122.71130465082312,122.91777801513672,86101400
2013-03-08 00:00:00-05:00,123.45784186641575,123.60871930456851,122.82252316069646,123.44195556640625,123477800
2013-03-11 00:00:00-04:00,123.34665555828862,123.91842903410128,123.19576601032169,123.91049194335938,83746800
2013-03-12 00:00:00-04:00,123.82319056943368,123.96614309026528,123.25935393348432,123.6325912475586,105755800
2013-03-13 00:00:00-04:00,123.69608636116567,123.98197919731473,123.27519025762645,123.80726623535156,92550900
2013-03-14 00:00:00-04:00,124.13284532811446,124.52198087313971,123.81519206690272,124.46638488769531,126329900
2013-03-15 00:00:00-04:00,124.31808861670189,124.46963717287554,123.8873357933957,124.30213165283203,138601100
2013-03-18 00:00:00-04:00,123.1135329272734,124.1505160315606,123.00185857275581,123.61607360839844,126704300
2013-03-19 00:00:00-04:00,123.8793485318994,124.04685403184246,122.5153143172417,123.32894897460938,167567300
2013-03-20 00:00:00-04:00,124.05487168007734,124.39786733820479,123.84746763414081,124.19047546386719,113759300
2013-03-21 00:00:00-04:00,123.44862102335708,124.1505814338831,122.92216288706074,123.12955474853516,128605000
2013-03-22 00:00:00-04:00,123.52036371101666,124.11862182617188,123.42463413590892,124.11862182617188,111163600
2013-03-25 00:00:00-04:00,124.44571816104505,124.65312219380829,123.12158216807089,123.60018157958984,151322300
2013-03-26 00:00:00-04:00,124.11067529676153,124.62118855795015,123.97507154302664,124.58928680419922,86856600
2013-03-27 00:00:00-04:00,123.84744018483042,124.62917312508506,123.64004835645875,124.58928680419922,99950600
2013-03-28 00:00:00-04:00,124.50944501636921,125.1156875453276,124.23823765951386,124.97209930419922,102932800
2013-04-01 00:00:00-04:00,124.90831770708674,125.16358035129716,124.17445586237098,124.47757720947266,99194100
2013-04-02 00:00:00-04:00,124.9242792371571,125.4028906267712,124.73283224699281,125.091796875,101504300
2013-04-03 00:00:00-04:00,125.16356013299215,125.25927752331293,123.49641733642055,123.82345581054688,154167400
2013-04-04 00:00:00-04:00,123.98303444784689,124.5733203056217,123.71182696113765,124.32604217529297,131885000
2013-04-05 00:00:00-04:00,122.80245920579846,123.91921510437773,122.65888308586906,123.76765441894531,159666000
2013-04-08 00:00:00-04:00,123.8554512106542,124.61324278298397,123.4406552937036,124.60527038574219,86571200
2013-04-09 00:00:00-04:00,124.83652271228163,125.49062407301052,124.42172702429727,125.03594207763672,101922200
2013-04-10 00:00:00-04:00,125.37101113995443,126.72706088748234,125.33910938529581,126.5675277709961,135711100
2013-04-11 00:00:00-04:00,126.59147142626996,127.39713383864589,126.46384005002852,126.98233795166016,110142500
2013-04-12 00:00:00-04:00,126.57551976765518,126.862684290438,125.96928896249078,126.67124938964844,116359900
2013-04-15 00:00:00-04:00,126.03302487206304,126.13672682541112,123.71976536013615,123.73571014404297,217259000
2013-04-16 00:00:00-04:00,124.66901659016757,125.62623936944615,124.36590740354971,125.56242370605469,147507800
2013-04-17 00:00:00-04:00,124.66902931877085,124.69297084513114,123.06570169148935,123.72777557373047,226834800
2013-04-18 00:00:00-04:00,123.93515762215465,123.96707154039468,122.48339080366456,122.95401763916016,167583200
2013-04-19 00:00:00-04:00,123.2411752614471,124.07873908103764,122.93805391281991,124.02289581298828,149687600
2013-04-22 00:00:00-04:00,124.26220185043343,124.8684323778034,123.44059498676911,124.57329559326172,106553500
2013-04-23 00:00:00-04:00,125.19550816405022,125.97722887442598,124.57332055372734,125.85758209228516,166141300
2013-04-24 00:00:00-04:00,125.89743058860168,126.27233995547458,125.66609731716521,125.93731689453125,96781200
2013-04-25 00:00:00-04:00,126.30434100240161,127.04618792686564,126.11290605797316,126.44792938232422,131060600
2013-04-26 00:00:00-04:00,126.29630589077972,126.51168226791721,125.81769442416201,126.22451782226562,95918800
2013-04-29 00:00:00-04:00,126.5675274805797,127.34924826968617,126.36810804253034,127.070068359375,88572800
2013-04-30 00:00:00-04:00,127.04610751020287,127.40505997540052,126.5196374030631,127.3731460571289,116010700
2013-05-01 00:00:00-04:00,127.0939879600143,127.15780363588196,126.11284780818981,126.25642395019531,138874200
2013-05-02 00:00:00-04:00,126.57544206016651,127.54063705495355,126.45579532062683,127.42896270751953,96407600
2013-05-03 00:00:00-04:00,128.53777473302088,129.12806056981995,127.45293265313832,128.7212371826172,144202300
2013-05-06 00:00:00-04:00,128.81694243286245,129.23172596473077,128.76109916611523,129.0482635498047,66882100
2013-05-07 00:00:00-04:00,129.3274983183211,129.7422819873884,128.96056119550366,129.70240783691406,90359200
2013-05-08 00:00:00-04:00,129.5588319473198,130.33258041769625,129.48704386365955,130.29269409179688,97419200
2013-05-09 00:00:00-04:00,130.23682926056387,130.57982479699785,129.59868472615298,129.9257354736328,106738600
2013-05-10 00:00:00-04:00,130.0134723624088,130.46016985706163,129.6305783627688,130.34849548339844,103203000
2013-05-13 00:00:00-04:00,130.1810781033329,130.6676622858341,129.8779686679869,130.45228576660156,81843200
2013-05-14 00:00:00-04:00,130.55588738028652,131.8959920369588,130.55588738028652,131.80026245117188,119000900
2013-05-15 00:00:00-04:00,131.58488099618236,132.77341263837482,131.54499468830647,132.5101776123047,120718500
2013-05-16 00:00:00-04:00,132.2389652511352,132.70161962770175,131.6885658691579,131.8879852294922,109913600
2013-05-17 00:00:00-04:00,132.37458623008484,133.24405183342307,132.19909619636238,133.16429138183594,129801000
2013-05-20 00:00:00-04:00,133.03666426818828,133.67480875906975,132.90106054175993,133.15631103515625,85071200
2013-05-21 00:00:00-04:00,133.27595974806155,133.85028852862987,132.81330533195967,133.34774780273438,95804200
2013-05-22 00:00:00-04:00,133.4833709514435,134.86336200732845,131.75241196442164,132.358642578125,244031800
2013-05-23 00:00:00-04:00,130.9467701965626,132.3427061293837,130.77128013413744,131.97576904296875,211064400
2013-05-24 00:00:00-04:00,131.1940133005695,131.91990271301097,130.80314696196436,131.8640594482422,151573900
2013-05-28 00:00:00-04:00,133.24408232261743,133.83436822308104,132.2629421252759,132.65380859375,143679800
2013-05-29 00:00:00-04:00,131.95181517571862,132.25493653116402,131.09032198518418,131.7922821044922,160363400
2013-05-30 00:00:00-04:00,131.8959573835576,132.88506952793068,131.79225543103178,132.27883911132812,107793800
2013-05-31 00:00:00-04:00,131.9119411465621,132.66176003988997,130.1251511079196,130.38040161132812,176850100
2013-06-03 00:00:00-04:00,130.68353184753795,131.18607266574557,129.75025045057745,131.09832763671875,168390700
2013-06-04 00:00:00-04:00,131.17006911374173,131.69653910090352,129.80603545093,130.46810913085938,157631500
2013-06-05 00:00:00-04:00,130.09326193352243,130.35649705284266,128.52982035231918,128.64149475097656,211737800
2013-06-06 00:00:00-04:00,128.58566049224189,129.81409113530236,127.82786900732916,129.8061065673828,200225500
2013-06-07 00:00:00-04:00,130.69946890831088,131.5769068933845,130.1331125032635,131.45726013183594,188337800
2013-06-10 00:00:00-04:00,131.86407129269423,131.93585934962337,131.11425246274135,131.45726013183594,105667100
2013-06-11 00:00:00-04:00,130.26077517641613,131.24988776748987,129.8140775970156,130.1012420654297,159505400
2013-06-12 00:00:00-04:00,130.99466416720801,131.1302679480173,128.9047519887612,129.02439880371094,177361500
2013-06-13 00:00:00-04:00,128.95256817524606,131.21796971603007,128.66540374249917,130.9866485595703,163587800
2013-06-14 00:00:00-04:00,130.84302394996004,131.3535370030047,129.94962915002972,130.1649932861328,141197500
2013-06-17 00:00:00-04:00,131.0504155491519,131.79226186523994,130.19690705478706,131.17007446289062,136295600
2013-06-18 00:00:00-04:00,131.24188186816346,132.40649640709088,131.233909474708,132.2070770263672,114695600
2013-06-19 00:00:00-04:00,132.0954157585682,132.32673690764452,130.32457050841768,130.38040161132812,206149500
2013-06-20 00:00:00-04:00,129.11207989708947,130.39634115159473,126.81476481534274,127.14978790283203,321255900
2013-06-21 00:00:00-04:00,128.015097403932,128.11132132446247,126.27497883699407,127.55802154541016,271956800
2013-06-24 00:00:00-04:00,126.2267904621267,127.0447177634868,124.87959521024855,125.94612121582031,222329000
2013-06-25 00:00:00-04:00,127.08487092202705,128.3839548132033,126.23486046933154,127.15705108642578,162262200
2013-06-26 00:00:00-04:00,128.1994539210476,128.70465367341484,127.70228098125429,128.4159698486328,134848000
2013-06-27 00:00:00-04:00,129.18584119927183,129.76320904431878,129.06554909388768,129.1697998046875,129483700
2013-06-28 00:00:00-04:00,128.80893748671045,129.42639041401299,128.19147232340998,128.64053344726562,160402900
2013-07-01 00:00:00-04:00,129.31412289793735,130.29243985914096,129.16978706890617,129.39431762695312,131954800
2013-07-02 00:00:00-04:00,129.20185244515054,130.1480988184549,128.70467940595506,129.27403259277344,154863700
2013-07-03 00:00:00-04:00,128.68864852688088,129.72310428868172,128.48015935315277,129.33016967773438,75216400
2013-07-05 00:00:00-04:00,130.2844173564216,130.77357580727158,129.3461978167907,130.7254638671875,122416900
2013-07-08 00:00:00-04:00,131.39911501617053,131.82412032741095,130.77363503977887,131.47128295898438,108092500
2013-07-09 00:00:00-04:00,132.2972341076009,132.57790352580338,131.7278929257646,132.4175262451172,119298000
2013-07-10 00:00:00-04:00,132.28920329033855,132.9146831734512,132.01656072303317,132.4656219482422,121410100
2013-07-11 00:00:00-04:00,134.00525423788577,134.4062034741626,132.45758382313733,134.26988220214844,135592200
2013-07-12 00:00:00-04:00,134.2297648826451,134.66278460963062,134.0212757157258,134.32598876953125,104212700
2013-07-15 00:00:00-04:00,134.69486705089986,135.03166289013652,134.46230967685693,134.83920288085938,69450600
2013-07-16 00:00:00-04:00,134.92742716617727,135.00762190461066,133.9731783004153,134.3340301513672,88702100
2013-07-17 00:00:00-04:00,134.84726761035796,135.10386879221147,134.5024448596158,134.67886352539062,92873900
2013-07-18 00:00:00-04:00,134.96751904961852,135.73734690489206,134.87930973532673,135.4165802001953,103620100
2013-07-19 00:00:00-04:00,135.13592120522534,135.70526221458528,134.96751715811982,135.6571502685547,103831700
2013-07-22 00:00:00-04:00,135.84963077612517,136.11425875520035,135.52886402754905,135.9217987060547,79428600
2013-07-23 00:00:00-04:00,136.16232769035523,136.18638365939833,135.56090399228475,135.63307189941406,80829700
2013-07-24 00:00:00-04:00,136.1543274774179,136.2104662401507,134.86327053055038,135.13592529296875,112914000
2013-07-25 00:00:00-04:00,134.89541092754257,135.5850443533509,134.67088025272164,135.46475219726562,111088600
2013-07-26 00:00:00-04:00,134.89536539649566,135.64915193725741,134.3340388989071,135.6090545654297,107814600
2013-07-29 00:00:00-04:00,135.26423030479475,135.56895564400256,134.80715453198286,135.1920623779297,79695000
2013-07-30 00:00:00-04:00,135.601038435498,135.74537428922812,134.87130787897397,135.1920623779297,85209600
2013-07-31 00:00:00-04:00,135.47273278706984,136.2024633492258,135.1118809139597,135.28829956054688,142388700
2013-08-01 00:00:00-04:00,136.31470406450202,136.97225434464943,136.2425239140975,136.8519744873047,110438400
2013-08-02 00:00:00-04:00,136.5472480144819,137.10055982545634,136.36281482282297,137.0845184326172,91116700
2013-08-05 00:00:00-04:00,136.7797947477706,137.09253458582708,136.6033761482519,136.884033203125,54072700
2013-08-06 00:00:00-04:00,136.61944625023372,136.9161570216227,135.80151857386485,136.10623168945312,87495000
2013-08-07 00:00:00-04:00,135.67317268790492,135.86562044511237,135.15995827535713,135.66514587402344,84854700
2013-08-08 00:00:00-04:00,136.3067351821505,136.46711247210516,135.46473911488496,136.1623992919922,102181300
2013-08-09 00:00:00-04:00,135.98594044578007,136.40293106532772,135.29630729022017,135.76942443847656,91757700
2013-08-12 00:00:00-04:00,135.08782543966885,135.7694318167407,135.02367209194446,135.6090545654297,68593300
2013-08-13 00:00:00-04:00,135.8496477480899,136.2425702396838,135.04774913046728,136.01002502441406,80806000
2013-08-14 00:00:00-04:00,135.9458264667742,136.16234244762458,135.2802493671214,135.3123321533203,79829200
2013-08-15 00:00:00-04:00,134.24584592647517,134.26187508835866,133.18733391409535,133.41989135742188,152931800
2013-08-16 00:00:00-04:00,133.16322345742216,133.62031134013472,132.71416238836898,132.97879028320312,130868200
2013-08-19 00:00:00-04:00,132.8264624525956,133.28355045505293,132.12078788150345,132.12881469726562,96437600
2013-08-20 00:00:00-04:00,132.34536442891422,133.27556991634765,132.2010285270731,132.7783966064453,89294400
2013-08-21 00:00:00-04:00,132.4094492938893,133.13917971611838,131.66368971486224,131.96038818359375,159530500
2013-08-22 00:00:00-04:00,132.23301834718356,133.35568325420417,132.2250037695321,133.16322326660156,101471400
2013-08-23 00:00:00-04:00,133.55616291101822,133.78069345378285,132.9306832224601,133.61228942871094,90888900
2013-08-26 00:00:00-04:00,133.74860655169667,134.15758249885124,133.02690300588912,133.1151123046875,89702100
2013-08-27 00:00:00-04:00,131.80004509708417,133.11515821896404,130.87786666647358,130.97409057617188,158619400
2013-08-28 00:00:00-04:00,130.91792193207687,131.90426572542398,130.74953012852836,131.4391632080078,108113000
2013-08-29 00:00:00-04:00,131.15051660993498,132.34533767588263,131.0302244800467,131.64768981933594,119200500
2013-08-30 00:00:00-04:00,131.92028488267144,131.93632627474508,130.8457440976803,131.23065185546875,134928900
2013-09-03 00:00:00-04:00,132.49764248684622,132.77831176464673,131.27073916113972,131.8240509033203,142375100
2013-09-04 00:00:00-04:00,131.85614584907213,133.1391881621649,131.6155861218658,132.91465759277344,97389400
2013-09-05 00:00:00-04:00,132.99485953090235,133.4358938786728,132.89862339880784,133.08306884765625,63090500
2013-09-06 00:00:00-04:00,133.5241253592645,133.90101866286494,131.89627225477795,133.14723205566406,159756500
2013-09-09 00:00:00-04:00,133.47597952498268,134.50240844651975,133.47597952498268,134.42222595214844,87559300
2013-09-10 00:00:00-04:00,135.23214699249382,135.44063617354774,134.9274216820316,135.4165802001953,105847200
2013-09-11 00:00:00-04:00,135.23216006689512,135.8415985107422,134.99961489000606,135.8415985107422,94545900
2013-09-12 00:00:00-04:00,135.79348332056017,135.9699019619923,135.29631018706937,135.48074340820312,83209000
2013-09-13 00:00:00-04:00,135.6250841883918,135.8897121362839,135.31234429288278,135.78546142578125,72727800
2013-09-16 00:00:00-04:00,137.2529381396011,137.31709148228552,136.35480357801802,136.57131958007812,106299200
2013-09-17 00:00:00-04:00,136.69162754459236,137.21285668987593,136.69162754459236,137.1807861328125,82523300
2013-09-18 00:00:00-04:00,137.13261438147168,139.14538680612327,136.7878040096287,138.76849365234375,203460600
2013-09-19 00:00:00-04:00,139.14536961097218,139.20952293092125,138.3995979730593,138.53591918945312,146616900
2013-09-20 00:00:00-04:00,138.86476348145015,138.86476348145015,137.45460080803025,137.56741333007812,132867100
2013-09-23 00:00:00-04:00,137.3820637183181,137.5109835160245,136.49567094610495,136.93080139160156,104616500
2013-09-24 00:00:00-04:00,136.90663471168008,137.41429716875078,136.35063808684285,136.60848999023438,106333100
2013-09-25 00:00:00-04:00,136.6970968989521,136.97106832381147,136.09274165818883,136.21360778808594,117306500
2013-09-26 00:00:00-04:00,136.43925157515142,137.124180170023,136.22168023530307,136.73739624023438,77146900
2013-09-27 00:00:00-04:00,136.05245906468087,136.29420363826446,135.75431439145697,136.10887145996094,99141800
2013-09-30 00:00:00-04:00,134.9566053586741,135.81075914327903,134.69068746986702,135.38368225097656,143937000
2013-10-01 00:00:00-04:00,135.4883868539939,136.5842848526014,135.3514011411228,136.45535278320312,127160000
2013-10-02 00:00:00-04:00,135.65760705690312,136.4553480805799,135.23858399361887,136.326416015625,113350000
2013-10-03 00:00:00-04:00,136.01214381163192,136.1330222262991,134.4408227860605,135.06935119628906,176698000
2013-10-04 00:00:00-04:00,135.17415374885655,136.22975918191753,134.99687518651817,136.0927734375,96878000
2013-10-07 00:00:00-04:00,134.90820612207548,135.73818634631758,134.7712204078999,134.916259765625,96295000
2013-10-08 00:00:00-04:00,134.89218077977017,135.0694594268244,133.24833876557807,133.34503173828125,178015000
2013-10-09 00:00:00-04:00,133.60279406185512,133.92511192189352,132.57941579799402,133.44163513183594,168973000
2013-10-10 00:00:00-04:00,134.80346856261957,136.39090958289123,134.75512210241084,136.31838989257812,195955000
2013-10-11 00:00:00-04:00,136.10886893233985,137.24505980013518,135.99605643951446,137.1967010498047,105040000
2013-10-14 00:00:00-04:00,136.35067708422318,137.8575330044163,136.2459181864488,137.74472045898438,112106000
2013-10-15 00:00:00-04:00,137.39815461906903,137.91387063530235,136.56012070355484,136.74545288085938,155485000
2013-10-16 00:00:00-04:00,137.56736806538896,138.72773207930376,137.50290203176718,138.65521240234375,161676000
2013-10-17 00:00:00-04:00,138.09113090985605,139.66246427409422,138.06695768538822,139.58187866210938,129389000
2013-10-18 00:00:00-04:00,140.09761197465284,140.62138163055917,139.81557459338657,140.52468872070312,138316000
2013-10-21 00:00:00-04:00,140.57306869950185,140.8148133274328,140.21851155128874,140.53277587890625,104104000
2013-10-22 00:00:00-04:00,140.9436846937309,141.76559886058297,140.5568885374787,141.34658813476562,126663000
2013-10-23 00:00:00-04:00,140.8631398667939,140.92760591149866,140.178211196132,140.6697540283203,105484000
2013-10-24 00:00:00-04:00,140.95178327932393,141.31439403274808,140.62139940137791,141.13711547851562,70350000
2013-10-25 00:00:00-04:00,141.42721167748454,141.82206161637018,141.15324019122508,141.78176879882812,93625000
2013-10-28 00:00:00-04:00,141.73336809612564,142.20073755034454,141.5802628254426,142.00733947753906,84979000
2013-10-29 00:00:00-04:00,142.32968593995557,142.82122867275524,142.1282342018514,142.7648162841797,87401000
2013-10-30 00:00:00-04:00,142.9340334555885,143.03877999272677,141.54804458843262,142.05569458007812,140002000
2013-10-31 00:00:00-04:00,141.9428925140164,142.5391940968464,141.4432961283936,141.65280151367188,133795000
2013-11-01 00:00:00-04:00,141.8381666590801,142.31358988866052,141.19351853143115,141.99127197265625,142805000
2013-11-04 00:00:00-05:00,142.3780322451643,142.54724481944245,141.80590389944882,142.4908447265625,85677000
2013-11-05 00:00:00-05:00,141.93488346061523,142.4264263574085,141.47557973823203,142.03964233398438,85825000
2013-11-06 00:00:00-05:00,142.65200380266688,143.03073405395378,142.25715396955295,142.7648162841797,87348000
2013-11-07 00:00:00-05:00,143.03076914488324,143.14358165407327,140.82285312714544,140.9598388671875,157000000
2013-11-08 00:00:00-05:00,140.91145985316106,142.87763081252675,140.89535256674156,142.86151123046875,136713000
2013-11-11 00:00:00-05:00,142.72455566536883,143.05493954132263,142.55534305275714,142.88572692871094,62614000
2013-11-12 00:00:00-05:00,142.57952250367805,142.91796003930807,142.12020651526768,142.59564208984375,83990000
2013-11-13 00:00:00-05:00,141.89460828867703,143.7801944699886,141.89460828867703,143.7399139404297,103844000
2013-11-14 00:00:00-05:00,143.86885924223841,144.57797374531185,143.63518048771436,144.4571075439453,103435000
2013-11-15 00:00:00-05:00,144.690751816864,145.14200192195545,144.50541958705355,145.08560180664062,102818000
2013-11-18 00:00:00-05:00,145.32733372696484,145.44819988894812,144.2556086733587,144.5779266357422,104796000
2013-11-19 00:00:00-05:00,144.50540122626344,144.9405316878447,144.01385836089193,144.26365661621094,93891000
2013-11-20 00:00:00-05:00,144.55370356530068,144.9888338940619,143.41751285181596,143.81236267089844,124909000
2013-11-21 00:00:00-05:00,144.21530239540516,145.08557556739376,144.12666311967556,144.97276306152344,92841000
2013-11-22 00:00:00-05:00,145.02910065084097,145.7140413312887,144.85988811279623,145.6979217529297,81296000
2013-11-25 00:00:00-05:00,145.95583626803113,145.98806314025146,145.34341503508614,145.5529327392578,79486000
2013-11-26 00:00:00-05:00,145.62545511083798,146.02835864704645,145.37565688569114,145.5932159423828,86994000
2013-11-27 00:00:00-05:00,145.74634787771268,146.0445049100082,145.5690693057453,145.9477996826172,58800000
2013-11-29 00:00:00-05:00,146.108953659186,146.45544482067803,145.68993051183017,145.85108947753906,55870900
2013-12-02 00:00:00-05:00,145.9236010714231,146.1975725274914,145.24672607561658,145.47235107421875,99726000
2013-12-03 00:00:00-05:00,144.9969774350752,145.35958828571898,144.37650232890593,144.8438720703125,116563000
2013-12-04 00:00:00-05:00,144.320093289002,145.4320990092129,143.71573781006254,144.82774353027344,123033000
2013-12-05 00:00:00-05:00,144.5698619312295,144.83577976289334,144.05414585348058,144.19113159179688,106934000
2013-12-06 00:00:00-05:00,145.58520872964522,145.9397659218902,145.1661854755699,145.8027801513672,127728000
2013-12-09 00:00:00-05:00,146.22981327698673,146.3909722354961,145.98001504695117,146.17340087890625,70124000
2013-12-10 00:00:00-05:00,145.835005703207,146.14121642019498,145.56103416466198,145.64967346191406,80976000
2013-12-11 00:00:00-05:00,145.70600860122263,145.73018182441257,143.836530703617,144.01380920410156,130591000
2013-12-12 00:00:00-05:00,143.94936352001346,144.1266420455511,143.2402494178629,143.5384063720703,115565000
2013-12-13 00:00:00-05:00,143.83657263833808,143.96550473003217,143.24833687649019,143.52230834960938,107808000
2013-12-16 00:00:00-05:00,144.19919192500387,144.8921865893378,144.15889910700875,144.41676330566406,96195000
2013-12-17 00:00:00-05:00,144.5456606706874,144.5698338965473,143.63509484450213,143.95741271972656,89886000
2013-12-18 00:00:00-05:00,144.17497309558732,146.43928858046885,142.8856893969936,146.4151153564453,234906000
2013-12-19 00:00:00-05:00,145.99610015680534,146.41512322178596,145.61738219487955,146.24591064453125,136531200
2013-12-20 00:00:00-05:00,146.39174919423715,147.4449879907023,146.29453133568106,147.0966033935547,197087000
2013-12-23 00:00:00-05:00,147.81769128605507,147.97162783139441,147.5098305577716,147.88250732421875,85598000
2013-12-24 00:00:00-05:00,147.89060303032971,148.27138952376308,147.8825056615485,148.20657348632812,45368800
2013-12-26 00:00:00-05:00,148.53873920289558,149.04106036237977,148.522544466624,148.9600372314453,63365000
2013-12-27 00:00:00-05:00,149.15451083160573,149.21931451256089,148.79802877437126,148.95196533203125,61814000
2013-12-30 00:00:00-05:00,148.9681420273581,149.08967672981967,148.73319471576394,148.92764282226562,56857000
2013-12-31 00:00:00-05:00,149.13016805269376,149.63247680664062,149.016730734171,149.63247680664062,86119900
2014-01-02 00:00:00-05:00,149.0572312074803,149.13015695859025,147.8419586126144,148.1984405517578,119636900
2014-01-03 00:00:00-05:00,148.44963797826006,148.74941371172457,147.96353621672114,148.17417907714844,81390600
2014-01-06 00:00:00-05:00,148.66029105731053,148.71699736559427,147.51793153621463,147.74478149414062,108028200
2014-01-07 00:00:00-05:00,148.33619022120848,148.90331503712193,148.2227652580258,148.65216064453125,86144200
2014-01-08 00:00:00-05:00,148.62789741034416,148.9357705511326,148.17419743174892,148.6846160888672,96582300
2014-01-09 00:00:00-05:00,149.16258578737953,149.17879288638107,148.10124950707313,148.78179931640625,90683400
2014-01-10 00:00:00-05:00,149.03293787148968,149.25169041636755,148.27136501053135,149.18687438964844,102026400
2014-01-13 00:00:00-05:00,148.80613760958147,149.21932601008743,146.91841192460825,147.2019805908203,149892000
2014-01-14 00:00:00-05:00,147.68806674499515,148.8871449686092,147.4126078405416,148.80612182617188,105016100
2014-01-15 00:00:00-05:00,149.1544697395948,149.8350194636987,148.83849934180418,149.60816955566406,98525800
2014-01-16 00:00:00-05:00,149.30030184857904,149.60817489005757,148.93572250926636,149.41372680664062,72290600
2014-01-17 00:00:00-05:00,149.15448841907593,149.4380446584342,148.5225475443531,148.78179931640625,107848700
2014-01-21 00:00:00-05:00,149.64058207221814,149.69730073447315,148.30378699281854,149.2192840576172,88621200
2014-01-22 00:00:00-05:00,149.4704801355454,149.53529617838467,149.00057309675756,149.31654357910156,61270900
2014-01-23 00:00:00-05:00,148.56309254153976,148.58739701633655,147.30732013571125,148.0931854248047,132496900
2014-01-24 00:00:00-05:00,147.12902408433578,147.1776330157601,144.884816971896,144.9334259033203,208677100
2014-01-27 00:00:00-05:00,145.07113700523726,145.44382603640358,143.49938248828744,144.22044372558594,180843100
2014-01-28 00:00:00-05:00,144.32582422141817,145.26563832946474,144.30961711958383,145.0792999267578,110463200
2014-01-29 00:00:00-05:00,143.87208358927742,144.65796091368173,143.30495880939623,143.6857452392578,216597300
2014-01-30 00:00:00-05:00,144.8848250198401,145.6787997894586,144.42301542086977,145.20889282226562,118938100
2014-01-31 00:00:00-05:00,143.4102432903514,145.25745638445744,143.33732991193966,144.358154296875,194677900
2014-02-03 00:00:00-05:00,144.18811535763393,144.51218326623115,140.8339618178197,141.1094207763672,254837100
2014-02-04 00:00:00-05:00,141.7412963681093,142.4623576396503,141.06074665702639,142.0977783203125,165012400
2014-02-05 00:00:00-05:00,141.60358523152996,142.235526096595,140.7366970653076,141.9195556640625,164230500
2014-02-06 00:00:00-05:00,142.25170584160463,143.79104614257812,141.9600399320906,143.79104614257812,132877600
2014-02-07 00:00:00-05:00,144.46354101651005,145.72742287606482,143.99363400368154,145.573486328125,170787200
2014-02-10 00:00:00-05:00,145.5896963993232,145.8894721323108,145.1927151490573,145.84085083007812,92218800
2014-02-11 00:00:00-05:00,145.96242553415348,147.80963992844954,145.8651952654438,147.43695068359375,117814100
2014-02-12 00:00:00-05:00,147.65566874424871,148.12557578533114,147.2181759059423,147.5098419189453,94717700
2014-02-13 00:00:00-05:00,146.51325425723036,148.4252835454062,146.50515689076894,148.27134704589844,100542200
2014-02-14 00:00:00-05:00,148.1336396770365,149.36511949389333,147.9959102523555,149.08966064453125,96498400
2014-02-18 00:00:00-05:00,149.21932302885187,149.47048984707172,148.7899275342391,149.2679443359375,80460900
2014-02-19 00:00:00-05:00,148.87897597365222,149.84309411785534,148.15791479761313,148.27944946289062,126524300
2014-02-20 00:00:00-05:00,148.48199719749232,149.49472427868415,147.9391769654604,149.15444946289062,104998100
2014-02-21 00:00:00-05:00,149.43807496490038,149.79455704086408,148.91146158329747,148.984375,118116400
2014-02-24 00:00:00-05:00,149.3003114551527,150.81534757011426,149.2354954231765,149.81072998046875,114063900
2014-02-25 00:00:00-05:00,149.93223878398578,150.36163413998432,149.2597864206087,149.75399780273438,117085000
2014-02-26 00:00:00-05:00,149.97277358306116,150.36976716870453,149.3408326833969,149.7621307373047,98677200
2014-02-27 00:00:00-05:00,149.54341963111588,150.58854914349962,149.37327594368685,150.5480499267578,93880800
2014-02-28 00:00:00-05:00,150.523696263946,151.62554419003996,149.92416954397996,150.9287872314453,150842000
2014-03-03 00:00:00-05:00,149.60005492133354,150.248202792637,148.8708962926124,149.86741638183594,167748500
2014-03-04 00:00:00-05:00,151.3338721036812,152.2979905454811,151.3014702670402,151.9739227294922,167545900
2014-03-05 00:00:00-05:00,152.1035664491777,152.37092798092115,151.86860675655663,152.11166381835938,88376900
2014-03-06 00:00:00-05:00,152.48432354151197,152.80839131979369,152.13593893558544,152.4600067138672,82516500
2014-03-07 00:00:00-05:00,153.09197853321342,153.09197853321342,151.852388842529,152.52484130859375,114513500
2014-03-10 00:00:00-04:00,152.28991109870154,152.50055396764373,151.56884961523474,152.44384765625,74939200
2014-03-11 00:00:00-04:00,152.6707096449894,152.88946226306265,151.34201155864315,151.6903839111328,99009100
2014-03-12 00:00:00-04:00,150.95311295682245,151.78759941004608,150.612825645166,151.7308807373047,104824400
2014-03-13 00:00:00-04:00,152.18458230343956,152.30611701959188,149.60820950463884,150.0294952392578,155014300
2014-03-14 00:00:00-04:00,149.7621060709146,150.53177628477448,149.42992857615215,149.60816955566406,153919600
2014-03-17 00:00:00-04:00,150.36164263686388,151.3176636232725,150.296826607074,150.961181640625,98359500
2014-03-18 00:00:00-04:00,151.26910207704103,152.2413181036516,151.107055770608,152.0387725830078,101804600
2014-03-19 00:00:00-04:00,152.0549073813189,152.26556255167927,150.2644126076116,151.22853088378906,176267300
2014-03-20 00:00:00-04:00,150.89639087174132,152.22508879888122,150.62902933999786,152.11166381835938,117241000
2014-03-21 00:00:00-04:00,152.7504340600702,153.8164544560838,151.38331492922305,151.5216522216797,163128000
2014-03-24 00:00:00-04:00,152.04240500061707,152.22957811249537,150.2358628719735,150.89500427246094,121411000
2014-03-25 00:00:00-04:00,151.66004479720488,152.12389272654238,150.76491862261412,151.61122131347656,103852000
2014-03-26 00:00:00-04:00,152.20514666659375,152.4492763187124,150.47998531433493,150.5206756591797,119843000
2014-03-27 00:00:00-04:00,150.34169116039294,150.8218050830826,149.6499923506544,150.20335388183594,142383000
2014-03-28 00:00:00-04:00,150.63467681564543,151.70069733435002,150.54516297881761,150.94390869140625,101642000
2014-03-31 00:00:00-04:00,151.90417248611206,152.41684389193287,150.9683559493195,152.18084716796875,99745000
2014-04-01 00:00:00-04:00,152.6772698998293,153.27945528170503,152.17274392015273,153.18994140625,89193000
2014-04-02 00:00:00-04:00,153.38521064148046,153.90601513153712,153.10039044757636,153.70257568359375,78774000
2014-04-03 00:00:00-04:00,153.93855397598136,153.9792443473748,153.02714925816758,153.49913024902344,77435000
2014-04-04 00:00:00-04:00,154.3373066046056,154.36985145299124,151.4403308368987,151.6844482421875,169381000
2014-04-07 00:00:00-04:00,151.31825290656013,151.57051582531005,149.6988829118913,150.0081024169922,140803000
2014-04-08 00:00:00-04:00,149.94305124450364,150.8707349088729,149.39783485041457,150.62661743164062,112660000
2014-04-09 00:00:00-04:00,151.03341973361054,152.29473411517827,150.59398366387555,152.24591064453125,100254000
2014-04-10 00:00:00-04:00,152.23781117571698,152.311046397869,148.8607088453003,149.04788208007812,172959000
2014-04-11 00:00:00-04:00,148.21781042732383,149.25941917363315,147.54239012172462,147.70513916015625,167251000
2014-04-14 00:00:00-04:00,148.86064415151333,149.21869941570426,147.6481534996297,148.86878967285156,132382000
2014-04-15 00:00:00-04:00,149.1780515246067,149.99994224335333,147.70513981533435,149.89414978027344,157093000
2014-04-16 00:00:00-04:00,150.92760821887194,151.47282426720534,150.26032109237315,151.46469116210938,105197000
2014-04-17 00:00:00-04:00,151.2612880841551,152.09945753750634,151.0008796551355,151.67630004882812,105255000
2014-04-21 00:00:00-04:00,151.71699876583926,152.25408186752594,151.5298379577817,152.2052459716797,68329000
2014-04-22 00:00:00-04:00,152.35985904715739,153.31195411831976,152.27849072287074,152.89694213867188,85790000
2014-04-23 00:00:00-04:00,152.83994761124427,152.92131591533143,152.41679021234503,152.53884887695312,73869000
2014-04-24 00:00:00-04:00,153.2875071136285,153.30378574152382,152.11569424426264,152.84808349609375,88170000
2014-04-25 00:00:00-04:00,152.35171075183123,152.44122459149332,151.253132939338,151.59490966796875,100380000
2014-04-28 00:00:00-04:00,152.21336477070057,152.7341691489963,150.51261433093316,152.0750274658203,135121000
2014-04-29 00:00:00-04:00,152.56328670990428,153.0189890250075,152.23778860396104,152.7830047607422,84098000
2014-04-30 00:00:00-04:00,152.53071290319298,153.3932938954147,152.31912799924498,153.23867797851562,101508000
2014-05-01 00:00:00-04:00,153.1654757800572,153.6700015822539,152.76673003566995,153.25498962402344,93019000
2014-05-02 00:00:00-04:00,153.23867191772317,153.91409212870016,152.80738143867043,153.0352325439453,98122000
2014-05-05 00:00:00-04:00,152.28666836354375,153.4340700990538,151.8635107358524,153.32827758789062,75883000
2014-05-06 00:00:00-04:00,152.9864069497339,153.0921993960499,151.96107699028053,151.99362182617188,85454000
2014-05-07 00:00:00-04:00,152.5062964084917,152.96199862283513,151.3670284556791,152.88876342773438,106500000
2014-05-08 00:00:00-04:00,152.75043733403757,153.84086948638844,152.23776609686223,152.72601318359375,93618000
2014-05-09 00:00:00-04:00,152.75047901114706,153.01900815279083,152.03436818820805,152.95391845703125,83679000
2014-05-12 00:00:00-04:00,153.63745727644346,154.51631708838772,152.98644862867468,154.4430694580078,86940000
2014-05-13 00:00:00-04:00,154.64649532345615,154.95572719784522,154.4267897024539,154.58140563964844,66454000
2014-05-14 00:00:00-04:00,154.44300791739994,154.51625551859303,153.6292505361846,153.84896850585938,72367000
2014-05-15 00:00:00-04:00,153.53976231470514,153.57231956887262,151.7494982610775,152.49815368652344,154956000
2014-05-16 00:00:00-04:00,152.58767882300322,153.09221696437143,151.9448158005078,153.02711486816406,97458000
2014-05-19 00:00:00-04:00,152.734159858664,153.71066645645118,152.59582256219832,153.58860778808594,63839000
2014-05-20 00:00:00-04:00,153.51534981287222,153.53162843987434,152.22962386965224,152.62022399902344,111644000
2014-05-21 00:00:00-04:00,153.0596301538911,153.97918001195302,153.03521842464636,153.90594482421875,89093000
2014-05-22 00:00:00-04:00,153.94667557711986,154.59768421988227,153.68627957018913,154.2803192138672,61549000
2014-05-23 00:00:00-04:00,154.41864674437025,155.00455324402114,154.28030943430772,154.89877319335938,61092800
2014-05-27 00:00:00-04:00,155.47657229889722,155.89972985618869,155.38705843902707,155.8509063720703,72010000
2014-05-28 00:00:00-04:00,155.85087931750422,156.0950091126763,155.47654530931277,155.73695373535156,66723000
2014-05-29 00:00:00-04:00,156.0949999841699,156.5669684990892,155.69625426147576,156.5425567626953,64377000
2014-05-30 00:00:00-04:00,156.39606654941716,156.8924591548588,156.26586236049198,156.7947998046875,76316000
2014-06-02 00:00:00-04:00,157.0145520643685,157.04710932717757,156.2170729629523,156.97386169433594,64656000
2014-06-03 00:00:00-04:00,156.59140301014426,156.9738701585497,156.44493257047833,156.8925018310547,65047000
2014-06-04 00:00:00-04:00,156.62391717704,157.2993374358825,156.46116814987485,157.20982360839844,55529000
2014-06-05 00:00:00-04:00,157.3888659864315,158.39791749942088,156.81109260644888,158.23516845703125,92103000
2014-06-06 00:00:00-04:00,158.5769038710826,159.0326060378721,158.50366868362417,158.99192810058594,78696000
2014-06-09 00:00:00-04:00,158.96754809579812,159.5371759179628,158.82106527469563,159.1547088623047,65119000
2014-06-10 00:00:00-04:00,158.959420307931,159.2035500923687,158.61764357650085,159.17100524902344,57129000
2014-06-11 00:00:00-04:00,158.6013513761247,158.7803790415973,158.2595746739376,158.6176300048828,68772000
2014-06-12 00:00:00-04:00,158.43050357625597,158.52001742839607,157.14476479867938,157.4946746826172,106350000
2014-06-13 00:00:00-04:00,157.80389789329402,158.12940843625597,157.29937207289998,157.97479248046875,82017000
2014-06-16 00:00:00-04:00,157.77951280534364,158.43865469286104,157.59235197212553,158.10501098632812,87424000
2014-06-17 00:00:00-04:00,157.8852765674043,158.65834391926754,157.71438198246568,158.54441833496094,84834000
2014-06-18 00:00:00-04:00,158.54438624306277,159.79756741677176,158.1944640369068,159.7080535888672,105267000
2014-06-19 00:00:00-04:00,159.846364088959,159.98471377731082,159.33370535776345,159.88705444335938,85929000
2014-06-20 00:00:00-04:00,160.28528656861064,160.34252854225846,160.0154582852451,160.21170043945312,100587000
2014-06-23 00:00:00-04:00,160.25255565925482,160.3016130694721,159.86825597728316,160.16261291503906,70611000
2014-06-24 00:00:00-04:00,159.87648707044283,160.66961543227083,159.0179446453607,159.1978302001953,96237000
2014-06-25 00:00:00-04:00,158.86254355978355,160.08085675522173,158.8298427754924,159.91732788085938,82782000
2014-06-26 00:00:00-04:00,159.9419024285487,159.95825906360886,158.73177343969272,159.8029022216797,84312000
2014-06-27 00:00:00-04:00,159.4267299274074,160.1626285820082,159.35314380488333,160.1135711669922,71445100
2014-06-30 00:00:00-04:00,160.01547320049545,160.39977299052308,159.87647300697884,160.03182983398438,70201200
2014-07-01 00:00:00-04:00,160.42429427069445,161.59355022009925,160.36706477081802,161.1029510498047,90470000
2014-07-02 00:00:00-04:00,161.1192767376603,161.47086317689607,161.04569061918573,161.26644897460938,52475000
2014-07-03 00:00:00-04:00,161.72437372206824,162.13320222505553,161.60173016175438,162.0596160888672,52938800
2014-07-07 00:00:00-04:00,161.74892178491837,161.87973742932755,161.25832256990083,161.4954376220703,61696000
2014-07-08 00:00:00-04:00,161.20104372845094,161.25828569691188,160.0645012007809,160.4569854736328,108143000
2014-07-09 00:00:00-04:00,160.85765845783487,161.3237289375223,160.51424401428102,161.17654418945312,72992000
2014-07-10 00:00:00-04:00,159.62297039085314,160.9639271185345,159.49214230121268,160.5387420654297,99040000
2014-07-11 00:00:00-04:00,160.44060533960288,160.87396241049595,160.08083438041956,160.75949096679688,64243000
2014-07-14 00:00:00-04:00,161.5771875807639,161.7816018147117,161.43818739885396,161.5690155029297,58658000
2014-07-15 00:00:00-04:00,161.6671053026143,161.97781888255494,160.5550915431166,161.26644897460938,111307000
2014-07-16 00:00:00-04:00,161.98603162310204,162.10867518468064,161.4218462869287,161.86338806152344,79986400
2014-07-17 00:00:00-04:00,161.36466960169463,161.97791256322657,159.794756640888,160.02371215820312,145398000
2014-07-18 00:00:00-04:00,160.54693692524032,161.82247968998584,160.4569941673952,161.65895080566406,124330000
2014-07-21 00:00:00-04:00,161.15200056340612,161.48724289744106,160.61234399785548,161.35641479492188,67592000
2014-07-22 00:00:00-04:00,161.9042592614991,162.35397311007625,161.78978777972088,162.0596160888672,67678000
2014-07-23 00:00:00-04:00,162.30493158318157,162.59111655388585,161.97787373933983,162.41940307617188,65612000
2014-07-24 00:00:00-04:00,162.57469019328778,162.76274774901933,162.2639766413779,162.42750549316406,56888000
2014-07-25 00:00:00-04:00,161.96965858883283,162.10865877003243,161.34824381233076,161.66712951660156,76837000
2014-07-28 00:00:00-04:00,161.69981542545443,161.96964368523302,160.7676871082436,161.73252868652344,69259000
2014-07-29 00:00:00-04:00,162.03504840902227,162.26399131752024,161.01297739735176,161.03750610351562,80466000
2014-07-30 00:00:00-04:00,161.60987082666983,161.8224695918301,160.39157010951192,161.06204223632812,104222000
2014-07-31 00:00:00-04:00,159.9418771902756,160.08087737521083,157.78326333186325,157.88137817382812,183479000
2014-08-01 00:00:00-04:00,157.44805950818028,158.42924559725353,156.6385869110124,157.3990020751953,189261000
2014-08-04 00:00:00-04:00,157.70150878949482,158.87076484057556,157.03103650667495,158.5355224609375,91340000
2014-08-05 00:00:00-04:00,157.8895464854533,158.29837492018888,156.42593370228596,156.998291015625,152690000
2014-08-06 00:00:00-04:00,156.26243755010094,157.71786608445714,156.237908836996,157.04739379882812,94818000
2014-08-07 00:00:00-04:00,157.75874940644033,157.91410623841466,155.80454960327822,156.197021484375,135733000
2014-08-08 00:00:00-04:00,156.5485546405228,158.11026942917218,156.13154174560285,158.0039825439453,117014000
2014-08-11 00:00:00-04:00,158.6009295143126,159.16511484135017,158.38834318553347,158.46192932128906,74544000
2014-08-12 00:00:00-04:00,158.3065639560834,158.74809322325737,157.75873529202562,158.24114990234375,73632000
2014-08-13 00:00:00-04:00,158.8626029645297,159.49220246653186,158.5927870829868,159.31231689453125,69047000
2014-08-14 00:00:00-04:00,159.57392749405196,160.06451416015625,159.42674276070255,160.06451416015625,57371000
2014-08-15 00:00:00-04:00,160.64507258703415,160.79224485906732,158.8789304639014,160.03182983398438,139951000
2014-08-18 00:00:00-04:00,160.91496240965856,161.44643467488908,160.82501960576997,161.3728485107422,75424000
2014-08-19 00:00:00-04:00,161.7652672078942,162.337624645587,161.43820937962872,162.21498107910156,59135000
2014-08-20 00:00:00-04:00,161.99421778358717,162.84458813930624,161.9615169898089,162.64834594726562,72763000
2014-08-21 00:00:00-04:00,162.78734671078473,163.3351754627557,162.65651858231067,163.12258911132812,67791000
2014-08-22 00:00:00-04:00,162.9917231340231,163.27790803904705,162.5011364808516,162.86907958984375,76107000
2014-08-25 00:00:00-04:00,163.64587360586935,164.01381676535593,162.8363886738342,163.69493103027344,63855000
2014-08-26 00:00:00-04:00,163.8011932373047,164.20184957304812,163.76030790076712,163.8011932373047,47298000
2014-08-27 00:00:00-04:00,163.88302741056023,163.99751139652176,163.4823833655301,163.73585510253906,47874000
2014-08-28 00:00:00-04:00,163.19611452058982,163.7521276214527,163.0325856590839,163.6458282470703,58330000
2014-08-29 00:00:00-04:00,163.899339676143,164.12828263316752,163.38422426106558,164.1119384765625,65907000
2014-09-02 00:00:00-04:00,164.32452363670265,164.34905234789187,163.41692389333517,164.03016662597656,72426000
2014-09-03 00:00:00-04:00,164.65975816233868,164.6842868723616,163.71127311993584,163.94021606445312,57462000
2014-09-04 00:00:00-04:00,164.2182251555205,164.8232958133007,163.2533959061348,163.70310974121094,85236000
2014-09-05 00:00:00-04:00,163.67042618063405,164.50443994646744,163.049011253489,164.43902587890625,102177000
2014-09-08 00:00:00-04:00,164.2836375023405,164.52076501130287,163.53139458442675,164.01380920410156,64146000
2014-09-09 00:00:00-04:00,163.8666306451541,163.98110211790924,162.64014523286824,162.9753875732422,88591000
2014-09-10 00:00:00-04:00,163.06534106999337,163.69494049799076,162.52569689388076,163.58865356445312,67251000
2014-09-11 00:00:00-04:00,162.9345778733769,163.80129263753244,162.81192178933225,163.77676391601562,66774400
2014-09-12 00:00:00-04:00,163.6131354414622,163.62947959489287,162.35393694593108,162.82000732421875,117409300
2014-09-15 00:00:00-04:00,162.8445571716785,162.97538527482644,162.20678576440062,162.69737243652344,76401000
2014-09-16 00:00:00-04:00,162.39485928485348,164.21823092407925,162.30491651467878,163.9238739013672,116201000
2014-09-17 00:00:00-04:00,164.16094891353515,164.90500707267455,163.3269355365378,164.14459228515625,151266000
2014-09-18 00:00:00-04:00,164.643449236273,165.04410574349743,164.43086286232486,165.0195770263672,94990000
2014-09-19 00:00:00-04:00,165.5444991170389,165.85665270301035,164.53407063191023,164.87088012695312,121649000
2014-09-22 00:00:00-04:00,164.583380388409,164.60802376427023,163.25257541800755,163.59759521484375,125553000
2014-09-23 00:00:00-04:00,163.00609149453186,163.68792065044275,162.6117850369992,162.66107177734375,111393000
2014-09-24 00:00:00-04:00,162.6857050276994,164.0411529767406,162.25854494810054,163.93435668945312,107276000
2014-09-25 00:00:00-04:00,163.5071444359954,163.51536724673207,161.2316570514401,161.28915405273438,150300000
2014-09-26 00:00:00-04:00,161.58489131453874,162.97319261119705,161.3548782335889,162.57066345214844,103547000
2014-09-29 00:00:00-04:00,161.17418447817954,162.5624860556339,161.05096763659645,162.27496337890625,95112000
2014-09-30 00:00:00-04:00,162.39815237503274,162.8992549641639,161.51095373191006,161.84776306152344,131302000
2014-10-01 00:00:00-04:00,161.58488671510403,161.64239625109093,159.29296624703053,159.6544189453125,177798000
2014-10-02 00:00:00-04:00,159.51481706519604,160.23772273618704,158.01152123494995,159.6791229248047,157285000
2014-10-03 00:00:00-04:00,160.74700560481836,161.78207717287916,160.25412572291904,161.4370574951172,121569000
2014-10-06 00:00:00-04:00,162.11070939110465,162.32430201467963,160.6649104485573,161.24815368652344,104778000
2014-10-07 00:00:00-04:00,160.41843977568934,160.7798925900539,158.7261948127793,158.75904846191406,147913000
2014-10-08 00:00:00-04:00,158.84940445084177,161.76565766907584,158.01971509902543,161.53564453125,186461000
2014-10-09 00:00:00-04:00,161.28100102449594,161.50280390198415,158.20045425018122,158.33189392089844,210705000
2014-10-10 00:00:00-04:00,158.29076904042788,159.07938175396376,156.4835179925706,156.5245819091797,221909000
2014-10-13 00:00:00-04:00,156.45885136758096,157.0256611872027,153.86297545734988,153.95333862304688,230939000
2014-10-14 00:00:00-04:00,154.78310112715903,155.93317946685488,153.6494558803269,154.19163513183594,215847000
2014-10-15 00:00:00-04:00,152.10507649247734,154.18341765817033,149.44347963772088,153.14834594726562,380715000
2014-10-16 00:00:00-04:00,150.3799534623979,154.09304229233166,150.24030352753704,153.01690673828125,270391000
2014-10-17 00:00:00-04:00,154.78308125534656,155.87564989713857,154.1258955077184,154.82415771484375,214625000
2014-10-20 00:00:00-04:00,154.54484571703,156.450670447327,154.49555898341168,156.32745361328125,130011000
2014-10-21 00:00:00-04:00,157.46112173884418,159.53125276289714,157.29682841133018,159.42446899414062,154949000
2014-10-22 00:00:00-04:00,159.70373159227262,160.11447108248385,158.22506692055734,158.29078674316406,151822000
2014-10-23 00:00:00-04:00,159.8762638860313,161.17420241249158,159.58053089854948,160.13092041015625,154944000
2014-10-24 00:00:00-04:00,160.39381970469586,161.41245846271576,159.76950000223232,161.3631591796875,117927000
2014-10-27 00:00:00-04:00,160.78809963441634,161.3795655851563,160.21306677530146,161.14134216308594,82954000
2014-10-28 00:00:00-04:00,161.6835361871969,162.9978953377704,161.6095935354976,162.98968505859375,106736000
2014-10-29 00:00:00-04:00,163.10467790743206,163.57291447662246,161.66708948159052,162.74322509765625,142557000
2014-10-30 00:00:00-04:00,162.30783420821595,164.2547355696385,162.15996145930595,163.7864990234375,113330000
2014-10-31 00:00:00-04:00,165.7580736159183,165.7909398037196,164.9283841282159,165.6595001220703,146903000
2014-11-03 00:00:00-05:00,165.87307953771372,166.30846251349826,165.3719767213684,165.74986267089844,93600000
2014-11-04 00:00:00-05:00,165.30621654298392,165.61017229825384,164.34508761202454,165.17478942871094,93343000
2014-11-05 00:00:00-05:00,166.38235665297634,166.4234331112912,165.48694752167876,166.2180633544922,91709000
2014-11-06 00:00:00-05:00,166.25910343999612,166.97378602617616,165.64299430438646,166.8834228515625,107089000
2014-11-07 00:00:00-05:00,166.8998703517129,167.25311280471678,166.4398441629601,167.03952026367188,89540000
2014-11-10 00:00:00-05:00,167.07235159584616,167.6145180425047,166.86698190907174,167.5652313232422,66319000
2014-11-11 00:00:00-05:00,167.63102551675448,167.83639529466578,167.29421607263362,167.72959899902344,54499400
2014-11-12 00:00:00-05:00,167.047801601751,167.77891759390883,167.01493541402596,167.5489044189453,90120300
2014-11-13 00:00:00-05:00,167.71322588515687,168.2636155414822,166.93282301528603,167.7378692626953,85357900
2014-11-14 00:00:00-05:00,167.66386307430284,167.98423937175338,167.3516970540474,167.77886962890625,80417500
2014-11-17 00:00:00-05:00,167.4584753816791,168.05815145677695,167.29416957719377,167.88563537597656,80441000
2014-11-18 00:00:00-05:00,167.9431687947785,169.15895420525305,167.9431687947785,168.85501098632812,76068100
2014-11-19 00:00:00-05:00,168.65786870783663,168.85502820048956,167.8281793456274,168.5839385986328,82373000
2014-11-20 00:00:00-05:00,167.79528047568485,168.9864349431047,167.72956065760297,168.879638671875,72840300
2014-11-21 00:00:00-05:00,170.57192013045926,170.73621344380052,169.2082618136518,169.78329467773438,142327300
2014-11-24 00:00:00-05:00,170.18583550919146,170.3665619265749,169.97225544081888,170.259765625,65880800
2014-11-25 00:00:00-05:00,170.48971976682105,170.6950894850466,169.88183342312803,170.13648986816406,79108300
2014-11-26 00:00:00-05:00,170.28440721568992,170.6705034183542,170.07082714955146,170.57192993164062,62167800
2014-11-28 00:00:00-05:00,170.44870043246496,170.76085396216712,169.97224105738928,170.21046447753906,57890100
2014-12-01 00:00:00-05:00,169.5532423399224,169.6682488861552,168.7153428751293,169.02749633789062,103968400
2014-12-02 00:00:00-05:00,169.0686096951251,170.32547170143906,169.04396632517984,170.12010192871094,74507200
2014-12-03 00:00:00-05:00,170.2925978582392,170.9908474818442,170.12830456649536,170.7772674560547,68952000
2014-12-04 00:00:00-05:00,170.48973187569797,171.08942052054536,169.7996925817962,170.58831787109375,91316600
2014-12-05 00:00:00-05:00,170.76081847574991,171.25371083988844,170.4979517403766,170.86761474609375,91025500
2014-12-08 00:00:00-05:00,170.47337921161022,170.96625924577924,169.16721766433233,169.725830078125,108588200
2014-12-09 00:00:00-05:00,167.8856375992583,169.71754455839078,167.50776432739312,169.61074829101562,125180100
2014-12-10 00:00:00-05:00,169.15072965746432,169.20822666454072,166.70271341852614,166.89166259765625,159856400
2014-12-11 00:00:00-05:00,167.48321267161137,169.38082795075184,167.34356268730016,167.7378692626953,159012800
2014-12-12 00:00:00-05:00,166.46455093509903,167.43390294615187,164.99410862632274,165.02696228027344,202330200
2014-12-15 00:00:00-05:00,165.9223033812234,166.37411927955355,163.2935734292659,163.89324951171875,189965800
2014-12-16 00:00:00-05:00,163.12933852595322,166.26738250350382,162.5378725082869,162.57894897460938,259543800
2014-12-17 00:00:00-05:00,163.01428833105243,166.21805129068335,162.89105896505168,165.7662353515625,253910100
2014-12-18 00:00:00-05:00,168.18965125066777,174.95042136921452,167.51603230867772,169.86546325683594,257633900
2014-12-19 00:00:00-05:00,170.5138298050776,171.2572489465312,169.83650580930632,170.5881805419922,245084600
2014-12-22 00:00:00-05:00,170.7781792073314,171.37290954589844,170.53864099505515,171.37290954589844,148318900
2014-12-23 00:00:00-05:00,171.95109564183275,172.00065439682518,171.31506221019916,171.6041717529297,122167900
2014-12-24 00:00:00-05:00,171.82718496122445,172.09150250128513,171.5793786021985,171.6206817626953,42963400
2014-12-26 00:00:00-05:00,172.06671709046898,172.51277104186116,172.01715834119307,172.17410278320312,57326700
2014-12-29 00:00:00-05:00,171.99238910090492,172.6118987112663,171.92630656332508,172.4053955078125,79643900
2014-12-30 00:00:00-05:00,171.98418463246966,172.1163371429564,171.40596540775925,171.48031616210938,73540800
2014-12-31 00:00:00-05:00,171.80247454080862,171.96767464514608,169.6548353725416,169.7787322998047,130333800
2015-01-02 00:00:00-05:00,170.47252742690722,170.88553383109766,168.6552891653052,169.68780517578125,121465900
2015-01-05 00:00:00-05:00,168.647096929558,168.8122970325031,166.31774648892383,166.6233673095703,169632600
2015-01-06 00:00:00-05:00,166.9289650053605,167.44935723130908,164.26094653071848,165.05392456054688,209151400
2015-01-07 00:00:00-05:00,166.3755665766757,167.44938618869952,165.92952502298357,167.1107177734375,125346700
2015-01-08 00:00:00-05:00,168.5149312956221,170.29086705779733,168.4984201081495,170.0760955810547,147217800
2015-01-09 00:00:00-05:00,170.48911913604712,170.50564292912694,168.1019414964393,168.71319580078125,158567300
2015-01-12 00:00:00-05:00,168.84530078782205,169.0022452562674,166.78852411875266,167.39151000976562,144396100
2015-01-13 00:00:00-05:00,168.60577637472915,169.72915460451395,165.62386881945937,166.92071533203125,214553300
2015-01-14 00:00:00-05:00,164.91357363974518,166.11130317740177,164.02149024099683,165.91305541992188,192991100
2015-01-15 00:00:00-05:00,166.54902209394717,166.86289849504993,164.2774861138506,164.39312744140625,176613900
2015-01-16 00:00:00-05:00,164.18658337639727,166.70592517642703,164.00485953482422,166.54898071289062,211879600
2015-01-20 00:00:00-05:00,167.18506203637338,167.44939230299863,165.34305618018672,166.9042205810547,130991100
2015-01-21 00:00:00-05:00,166.44164760507718,168.22583901130292,165.9790822636024,167.7467498779297,122942700
2015-01-22 00:00:00-05:00,168.4983992677013,170.37343973468046,167.12721463947537,170.2412872314453,174356000
2015-01-23 00:00:00-05:00,169.98521597655784,170.24129060330148,169.17572673589194,169.30789184570312,117516800
2015-01-26 00:00:00-05:00,169.09310423115286,169.795207625169,168.3827326417059,169.704345703125,92009700
2015-01-27 00:00:00-05:00,167.65579970550144,168.60570927446224,166.63980760768064,167.4658203125,134044600
2015-01-28 00:00:00-05:00,168.64703747352567,168.74615497955716,165.12822736589717,165.31820678710938,168514300
2015-01-29 00:00:00-05:00,165.5165384563441,167.10248237800533,164.11230585336608,166.84642028808594,173585400
2015-01-30 00:00:00-05:00,165.67343415017112,166.99504739330268,164.48397340858196,164.748291015625,197729700
2015-02-02 00:00:00-05:00,165.24388830461308,166.87939036836673,163.43491798072392,166.7885284423828,163107000
2015-02-03 00:00:00-05:00,167.68068495307872,169.20881446344757,167.3089815220046,169.20054626464844,124212900
2015-02-04 00:00:00-05:00,168.44055681294967,169.64654124823144,168.10188848340294,168.5561981201172,134306700
2015-02-05 00:00:00-05:00,169.2170253881554,170.40648613676643,169.14268724235677,170.25779724121094,97953200
2015-02-06 00:00:00-05:00,170.62120995804588,171.182905242461,169.26654940663443,169.7869415283203,125672000
2015-02-09 00:00:00-05:00,169.1426646169671,169.86129180480972,168.6222724580705,169.0270233154297,87219000
2015-02-10 00:00:00-05:00,170.05952712324256,171.0837749758462,169.06830163446324,170.8277130126953,96164200
2015-02-11 00:00:00-05:00,170.6625317819855,171.35637961746548,170.01824270561735,170.92684936523438,91087800
2015-02-12 00:00:00-05:00,171.719840560346,172.62845989396322,170.9599101194834,172.5706329345703,97545900
2015-02-13 00:00:00-05:00,172.69449806707414,173.33051883320448,172.43842351780003,173.2809600830078,93670400
2015-02-17 00:00:00-05:00,172.9671293090362,173.72707241390395,172.71933547479566,173.55360412597656,76968200
2015-02-18 00:00:00-05:00,173.1819326949548,173.64449807608503,172.91760241775967,173.57015991210938,80652900
2015-02-19 00:00:00-05:00,172.9753158079672,173.80958406511382,172.83489516690014,173.44613647460938,91462500
2015-02-20 00:00:00-05:00,173.03320849141335,174.56133766054108,172.4136987099765,174.48699951171875,140896400
2015-02-23 00:00:00-05:00,174.23920742827661,174.4622344970703,173.85923585195994,174.4622344970703,74411100
2015-02-24 00:00:00-05:00,174.38784325925505,175.15604182724803,174.09047810454112,174.95779418945312,72472300
2015-02-25 00:00:00-05:00,174.83395297110542,175.31304212871333,174.47050515471588,174.80917358398438,73061700
2015-02-26 00:00:00-05:00,174.7182719301766,174.87521641558922,173.99963205507456,174.60263061523438,72697900
2015-02-27 00:00:00-05:00,174.50347369283446,174.76780386009438,173.95831477978405,174.00787353515625,108076000
2015-03-02 00:00:00-05:00,174.10705538139715,175.1643512332133,174.05749660771215,175.10653686523438,87491400
2015-03-03 00:00:00-05:00,174.67695747104125,175.15604648882834,173.52879998833052,174.38784790039062,110325800
2015-03-04 00:00:00-05:00,173.79314592999464,173.86749668575007,172.6862914344985,173.65272521972656,114497200
2015-03-05 00:00:00-05:00,173.9748343708267,174.12352324808586,173.338813507535,173.84268188476562,76873000
2015-03-06 00:00:00-05:00,172.98363319579175,173.41316346565193,171.06728967572505,171.39768981933594,188128000
2015-03-09 00:00:00-04:00,171.59590830979997,172.4632116903932,171.43896385686813,172.1080322265625,89818900
2015-03-10 00:00:00-04:00,170.74518923817772,170.82778299344065,169.2748741885522,169.31617736816406,157121300
2015-03-11 00:00:00-04:00,169.57223785067123,169.7457061618348,168.8370866347127,168.91969299316406,110145700
2015-03-12 00:00:00-04:00,169.54740269157224,171.13334594125118,169.497843934388,171.06727600097656,93993500
2015-03-13 00:00:00-04:00,170.79470371277253,171.7528691698583,168.9857333090318,170.01824951171875,162410900
2015-03-16 00:00:00-04:00,170.74513950639326,172.380641590183,170.0430234693745,172.28977966308594,136099200
2015-03-17 00:00:00-04:00,171.55463715174756,172.15762309564545,170.96816239253445,171.7776641845703,94510400
2015-03-18 00:00:00-04:00,171.30681621137117,174.51175032254008,170.67078274412282,173.84268188476562,228808500
2015-03-19 00:00:00-04:00,173.42971522233455,173.8509773639673,172.66151648881646,173.04974365234375,117917300
2015-03-20 00:00:00-04:00,173.9964371148031,175.08334236742368,173.81390205525543,174.5772247314453,177715100
2015-03-23 00:00:00-04:00,174.5855025701291,175.1579976944319,174.23703002929688,174.23703002929688,71784500
2015-03-24 00:00:00-04:00,174.11257043384242,174.5688953590549,173.191602819688,173.2579803466797,77805300
2015-03-25 00:00:00-04:00,173.46543463004932,173.6977496835964,170.6776413272634,170.7191162109375,159521700
2015-03-26 00:00:00-04:00,170.0553102954272,171.22517762361446,169.35835270347835,170.31251525878906,153067200
2015-03-27 00:00:00-04:00,170.1963970468826,170.8767445914697,170.00555689564965,170.7025146484375,118939000
2015-03-30 00:00:00-04:00,171.73129641311075,173.08371141679822,171.7147115290507,172.78501892089844,96180400
2015-03-31 00:00:00-04:00,171.96360057178282,172.66055812517274,171.2168757091274,171.2749481201172,126768700
2015-04-01 00:00:00-04:00,171.24180662976426,171.26669662045506,169.6819663586385,170.6693115234375,137303600
2015-04-02 00:00:00-04:00,170.6029193047295,171.73131187302016,170.4203842819018,171.2832794189453,86900900
2015-04-06 00:00:00-04:00,170.39551652393973,172.9509945167097,170.262774121107,172.43658447265625,114368200
2015-04-07 00:00:00-04:00,172.4614980599821,173.20822323643148,171.94708794554901,171.9802703857422,81236300
2015-04-08 00:00:00-04:00,172.20423971106177,173.00074463141883,171.81427969330997,172.56100463867188,89351900
2015-04-09 00:00:00-04:00,172.3951111403809,173.55668638726806,171.9055910477799,173.32437133789062,85548900
2015-04-10 00:00:00-04:00,173.57328798988937,174.3117206984161,173.37416803447064,174.27023315429688,72722900
2015-04-13 00:00:00-04:00,174.12917502382024,174.75975527148466,173.43222990187343,173.4820098876953,74436600
2015-04-14 00:00:00-04:00,173.28289617370427,173.9964388699827,172.6606210081203,173.81390380859375,75099900
2015-04-15 00:00:00-04:00,174.2785335608359,175.09992867523593,174.1955584748344,174.59381103515625,99529300
2015-04-16 00:00:00-04:00,174.26195705390805,175.05016982521738,174.06282441959135,174.54405212402344,68934900
2015-04-17 00:00:00-04:00,173.35755579846713,173.59816327762158,171.7562278847155,172.53614807128906,191113200
2015-04-20 00:00:00-04:00,173.45709394440155,174.44443904955597,173.37413153385023,174.11256408691406,92189500
2015-04-21 00:00:00-04:00,174.79287790809778,174.95052291608002,173.60641311785812,173.9051055908203,72559800
2015-04-22 00:00:00-04:00,174.24531243943684,174.94227014118775,173.3243448273341,174.75973510742188,78264600
2015-04-23 00:00:00-04:00,174.36148812213582,175.84665853711883,174.24533060310532,175.19949340820312,102585900
2015-04-24 00:00:00-04:00,175.6143536888242,175.87155873444283,175.1580160303617,175.60604858398438,61327400
2015-04-27 00:00:00-04:00,176.17019970466308,176.2946496385879,174.68502963866905,174.87586975097656,79358100
2015-04-28 00:00:00-04:00,174.85097525162385,175.4815426675977,173.6810952620545,175.4317626953125,86863500
2015-04-29 00:00:00-04:00,174.54402602905753,175.30734868948554,173.9051659940532,174.70997619628906,125684900
2015-04-30 00:00:00-04:00,174.13749290674085,174.52745303792176,172.26236223504856,172.95932006835938,161304900
2015-05-01 00:00:00-04:00,173.7391862143041,174.87588389704135,173.63962625911066,174.8343963623047,103399700
2015-05-04 00:00:00-04:00,175.25759274103953,175.91306307493306,175.14974030981077,175.332275390625,70927200
2015-05-05 00:00:00-04:00,175.09163686228817,175.4484145411168,173.1833238193558,173.32437133789062,113326200
2015-05-06 00:00:00-04:00,173.87195706754807,174.17894206411373,171.5487941735033,172.61080932617188,135060200
2015-05-07 00:00:00-04:00,172.51128675011236,173.72265477190496,172.17941169055874,173.29949951171875,88244900
2015-05-08 00:00:00-04:00,174.96719142130206,175.7802941151666,174.8842163328538,175.58116149902344,155877300
2015-05-11 00:00:00-04:00,175.53968184520852,175.80517933263093,174.66849408105816,174.7431640625,75708100
2015-05-12 00:00:00-04:00,173.9134587041349,174.75975644947212,173.0920509518764,174.22044372558594,119727600
2015-05-13 00:00:00-04:00,174.62704000715308,175.24931529220916,174.02136227456097,174.25367736816406,94667900
2015-05-14 00:00:00-04:00,175.26585334388207,176.1619309693813,174.99205079218353,176.07066345214844,95934000
2015-05-15 00:00:00-04:00,176.26153564453125,176.40258317781456,175.78030794615304,176.26153564453125,76510100
2015-05-18 00:00:00-04:00,176.09560028556285,177.0580430339615,176.0292227408074,176.80914306640625,74549700
2015-05-19 00:00:00-04:00,176.92524966742405,177.1990522131285,176.46891209125,176.75100708007812,72114600
2015-05-20 00:00:00-04:00,176.85059685814068,177.37331204809766,176.31129677913978,176.6265869140625,76857500
2015-05-21 00:00:00-04:00,176.48551842661584,177.34840098253736,176.31956827412938,177.14097595214844,64764600
2015-05-22 00:00:00-04:00,176.7593246131695,177.1741747121736,176.65147219637822,176.7178497314453,57433500
2015-05-26 00:00:00-04:00,176.228282326917,176.65143744720314,174.40294478240588,174.8177947998047,124308600
2015-05-27 00:00:00-04:00,175.27412563801573,176.70950309837983,174.8675680788576,176.47718811035156,93214000
2015-05-28 00:00:00-04:00,176.1702416142466,176.38595910443956,175.5894540174039,176.27810668945312,74974600
2015-05-29 00:00:00-04:00,176.21164786311556,176.25312272501193,174.9173181986355,175.1828155517578,124919600
2015-06-01 00:00:00-04:00,175.84664258087983,176.17851755936138,174.75143236349666,175.53965759277344,93338800
2015-06-02 00:00:00-04:00,175.08338341572164,176.05413137260564,174.46110811052242,175.365478515625,91531000
2015-06-03 00:00:00-04:00,175.8963946070347,176.45229207076486,175.34049714330453,175.83001708984375,87820900
2015-06-04 00:00:00-04:00,175.12482989319332,175.78028749043622,174.02961953601317,174.34490966796875,151882800
2015-06-05 00:00:00-04:00,174.19555883491697,174.7182740253216,173.3907486078771,174.0462188720703,121704700
2015-06-08 00:00:00-04:00,173.93831567945017,174.08766826979198,172.90119063064117,172.97586059570312,89063300
2015-06-09 00:00:00-04:00,172.95094299316406,173.49025552856625,172.32037562184607,172.95094299316406,105034700
2015-06-10 00:00:00-04:00,173.71432547087372,175.40692095542522,173.65625304064022,175.02525329589844,134551300
2015-06-11 00:00:00-04:00,175.46501489863908,175.97113258516208,175.23269982878148,175.5894775390625,73876400
2015-06-12 00:00:00-04:00,174.7680306723529,175.46497572633368,173.97151299621842,174.2453155517578,135382400
2015-06-15 00:00:00-04:00,173.1086208896227,173.78067591599498,172.40337077095992,173.4985809326172,124384200
2015-06-16 00:00:00-04:00,173.3492477236761,174.5274330875997,173.17501778043052,174.4444580078125,85308200
2015-06-17 00:00:00-04:00,174.7265167236328,175.33220682776502,173.7059892874054,174.7265167236328,126708600
2015-06-18 00:00:00-04:00,175.32394929798113,177.00823971096892,174.75975923225266,176.54360961914062,165867900
2015-06-19 00:00:00-04:00,176.3018084335659,176.37684161534378,175.38469380583308,175.75987243652344,130478700
2015-06-22 00:00:00-04:00,176.67697185866155,177.24390614570285,176.45185961090112,176.66029357910156,70696000
2015-06-23 00:00:00-04:00,176.86868749500945,177.118810744569,176.39346477046354,176.78530883789062,68476800
2015-06-24 00:00:00-04:00,176.51859330058082,176.89377196974425,175.47642326301445,175.50143432617188,92307300
2015-06-25 00:00:00-04:00,176.00170237269924,176.12675770364896,174.89283179166455,174.96786499023438,97107400
2015-06-26 00:00:00-04:00,175.32636882131126,175.5681594282429,174.38425562567184,174.9345245361328,104174800
2015-06-29 00:00:00-04:00,173.45876660249095,174.94281557284336,171.19100380518373,171.2660369873047,202621300
2015-06-30 00:00:00-04:00,172.80014629128402,172.85018114556345,171.1493523105692,171.6245880126953,182925100
2015-07-01 00:00:00-04:00,173.19196933387408,173.44209266901464,172.21649977644702,173.00021362304688,135979900
2015-07-02 00:00:00-04:00,173.47547496516904,173.64221963939704,172.4249593461065,172.84182739257812,104373700
2015-07-06 00:00:00-04:00,171.55785267148914,173.1252676311306,171.35775146051736,172.3498992919922,117975400
2015-07-07 00:00:00-04:00,172.55001867707884,173.55883217437201,170.17386584349634,173.43377685546875,173820200
2015-07-08 00:00:00-04:00,172.09974701259733,172.38321413911234,170.29054180377048,170.52398681640625,164020100
2015-07-09 00:00:00-04:00,172.61666799820853,172.8751368028293,170.72409674318993,170.8324737548828,144113100
2015-07-10 00:00:00-04:00,172.82516963101017,173.40044963894204,170.8742299950883,172.98358154296875,129456900
2015-07-13 00:00:00-04:00,174.24250913650008,175.00119930594377,174.20081978785296,174.892822265625,106069400
2015-07-14 00:00:00-04:00,174.85115541311302,175.96002607641583,174.79278777313695,175.6515350341797,81709600
2015-07-15 00:00:00-04:00,175.6931533625977,176.15171062773106,175.11787358650312,175.59310913085938,97914100
2015-07-16 00:00:00-04:00,176.6436536296121,177.00216674804688,176.40187577162789,177.00216674804688,106683300
2015-07-17 00:00:00-04:00,176.99380980423336,177.21058930613975,176.5852873062746,177.1522216796875,89030000
2015-07-20 00:00:00-04:00,177.3773278105306,177.7358281715561,176.92711598383323,177.24392700195312,70446800
2015-07-21 00:00:00-04:00,177.11055933777794,177.3690282234421,176.2434793633619,176.5436248779297,77965000
2015-07-22 00:00:00-04:00,175.85996069770812,176.56030873500586,175.82661684917207,176.226806640625,88667900
2015-07-23 00:00:00-04:00,176.3601370692926,176.46018129676366,174.87608832674283,175.23458862304688,90509100
2015-07-24 00:00:00-04:00,175.3346790374915,175.39303394072115,173.08359443714681,173.41708374023438,117755000
2015-07-27 00:00:00-04:00,172.53328638534447,173.0418657260199,171.9663394329168,172.40821838378906,132361100
2015-07-28 00:00:00-04:00,173.24200980610797,174.66770406215596,172.41661925106152,174.52597045898438,123544800
2015-07-29 00:00:00-04:00,174.65099030361242,175.95161625375798,174.5092567292299,175.7265167236328,105791300
2015-07-30 00:00:00-04:00,175.217919792156,175.9349330931648,174.60095071674886,175.7681884765625,91304400
2015-07-31 00:00:00-04:00,176.26846994720444,176.29348101036186,175.21796712918638,175.50143432617188,103266900
2015-08-03 00:00:00-04:00,175.46806861139632,175.52642351088926,173.9589958987843,174.90945434570312,113965700
2015-08-04 00:00:00-04:00,174.83440054389425,175.29295779354038,174.08404338759993,174.56761169433594,81820800
2015-08-05 00:00:00-04:00,175.45974010894733,176.1767535837583,174.85944916623106,175.14292907714844,85786800
2015-08-06 00:00:00-04:00,175.32632990270608,175.43471964877418,173.12526747125386,173.70889282226562,116030800
2015-08-07 00:00:00-04:00,173.55047160996344,173.7005379686232,172.4749451523665,173.37538146972656,117858000
2015-08-10 00:00:00-04:00,174.4842574429596,175.64314989691428,174.4842574429596,175.55978393554688,80270700
2015-08-11 00:00:00-04:00,174.22583137864711,174.64269942277045,173.2170051142753,173.9757080078125,126081400
2015-08-12 00:00:00-04:00,172.67505252000194,174.36753547494192,171.2160146125157,174.18411254882812,172123700
2015-08-13 00:00:00-04:00,174.0257163564138,174.7093860011013,173.4254254026694,173.9673614501953,89383300
2015-08-14 00:00:00-04:00,173.7755643017148,174.67600058360037,173.6338307279643,174.60096740722656,72786500
2015-08-17 00:00:00-04:00,174.00904675741438,175.5764617919922,173.55048941147336,175.5764617919922,79072600
2015-08-18 00:00:00-04:00,175.301331420975,175.65149902362893,174.83444128410312,175.06788635253906,71692700
2015-08-19 00:00:00-04:00,174.32586652045595,175.09290215490807,172.87517394473667,173.68389892578125,172946000
2015-08-20 00:00:00-04:00,172.1748435960607,173.65889288945445,169.99879178827263,170.05715942382812,194327900
2015-08-21 00:00:00-04:00,168.18955347177467,170.0321155609395,164.67953216633668,164.93798828125,346588500
2015-08-24 00:00:00-04:00,156.31716098493249,164.64617515076566,152.07343524562975,157.9929656982422,507244300
2015-08-25 00:00:00-04:00,162.93698748683326,162.95366576557146,155.84190013873254,156.1337127685547,369833100
2015-08-26 00:00:00-04:00,160.14404551360946,162.40346341649578,157.0508787165583,162.1283416748047,339257000
2015-08-27 00:00:00-04:00,164.2626591901485,166.26362036631141,162.75359916753715,166.13856506347656,274143900
2015-08-28 00:00:00-04:00,165.49658334975751,166.61378645112822,165.01301498010434,166.1468963623047,160414400
2015-08-31 00:00:00-04:00,165.17147241350207,166.0218868652278,164.25435754185625,164.80462646484375,163298800
2015-09-01 00:00:00-04:00,161.0110797024553,162.386751628339,159.0184513266002,159.8855438232422,256000400
2015-09-02 00:00:00-04:00,162.26172097409798,162.96206898938476,160.42750403896449,162.92037963867188,160269300
2015-09-03 00:00:00-04:00,163.62902429870644,165.12141887676555,162.54517766608922,163.03707885742188,152087800
2015-09-04 00:00:00-04:00,160.78600864944872,161.62807751318965,159.75217132697426,160.56922912597656,207081000
2015-09-08 00:00:00-04:00,163.3622336908571,164.75457128266729,162.72025340947818,164.6044921875,116025700
2015-09-09 00:00:00-04:00,166.18027845850835,166.30533377944414,162.0366092008,162.4034423828125,149347700
2015-09-10 00:00:00-04:00,162.21167436195108,164.42941517842976,161.95321823706104,163.28720092773438,158611100
2015-09-11 00:00:00-04:00,162.89532399093918,164.09590572079074,162.18664338818505,164.02920532226562,119691200
2015-09-14 00:00:00-04:00,164.20426116280294,164.25428327467455,162.93697920092842,163.42054748535156,79452000
2015-09-15 00:00:00-04:00,163.92088545325484,165.90518180930275,163.37896197672686,165.4633026123047,113806200
2015-09-16 00:00:00-04:00,165.76340900711406,167.08904628489455,165.42157417041264,166.89727783203125,99581600
2015-09-17 00:00:00-04:00,166.76382417716863,169.1566416498652,166.1468551574897,166.52203369140625,276046600
2015-09-18 00:00:00-04:00,164.01882514913947,166.50788340610833,163.3902721133118,163.80091857910156,223657500
2015-09-21 00:00:00-04:00,164.63054336180713,165.669742422647,163.59972040089897,164.64730834960938,105726200
2015-09-22 00:00:00-04:00,162.4851128142571,162.97119523935484,161.37885361480554,162.51025390625,153890900
2015-09-23 00:00:00-04:00,162.67785382616628,163.1471712270909,161.67217185447925,162.2504425048828,92790600
2015-09-24 00:00:00-04:00,161.03525019150445,162.12474445816738,159.70272109335767,161.66380310058594,159378800
2015-09-25 00:00:00-04:00,163.12208924861264,163.4237952282441,160.7503475063878,161.6219482421875,155054800
2015-09-28 00:00:00-04:00,160.72514181152218,160.83409505669493,157.25553083417196,157.56561279296875,178515900
2015-09-29 00:00:00-04:00,157.78352463470284,159.0154891991918,156.66050053114188,157.65780639648438,159045600
2015-09-30 00:00:00-04:00,159.5434645960891,160.76705305770844,158.76406522986127,160.5994415283203,163452000
2015-10-01 00:00:00-04:00,160.97655705897594,161.32016897733686,159.082522639908,161.01846313476562,131079000
2015-10-02 00:00:00-04:00,159.04060203189462,163.44884714027629,158.49584867228302,163.4237060546875,211003300
2015-10-05 00:00:00-04:00,164.64730088545105,166.5581001942391,164.53834765158405,166.33181762695312,126320800
2015-10-06 00:00:00-04:00,166.19771724589557,166.7592228059203,165.09984721152352,165.7619171142578,110274500
2015-10-07 00:00:00-04:00,166.6922352386378,167.47164753708097,165.50217653537078,167.11965942382812,124307300
2015-10-08 00:00:00-04:00,166.73405084430524,168.91303831104977,166.43234508410887,168.6280975341797,153055200
2015-10-09 00:00:00-04:00,168.7706200665533,169.20640746419622,168.10016119364352,168.7287139892578,107069200
2015-10-12 00:00:00-04:00,168.8040968010418,169.08903759766096,168.37668560611306,168.88790893554688,56395600
2015-10-13 00:00:00-04:00,168.15880088629515,169.4242952258818,167.65596637814147,167.82357788085938,88038700
2015-10-14 00:00:00-04:00,167.76490977995587,168.34318034427724,166.72571077201667,167.01902770996094,99106200
2015-10-15 00:00:00-04:00,167.68111857892492,169.59191797003,167.31236557573996,169.5835418701172,134142200
2015-10-16 00:00:00-04:00,169.9858306966226,170.37133594189658,169.22318351896553,170.35458374023438,114580100
2015-10-19 00:00:00-04:00,169.7092222226557,170.43833923339844,169.39914032851217,170.43833923339844,76523900
2015-10-20 00:00:00-04:00,170.00259578875122,170.83227734943787,169.75117209632427,170.22048950195312,78448500
2015-10-21 00:00:00-04:00,170.6394580394712,170.79030452321126,168.9968349737797,169.16445922851562,102038000
2015-10-22 00:00:00-04:00,170.1115392319672,172.2318564832243,169.16452830328043,172.0223388671875,174911700
2015-10-23 00:00:00-04:00,173.6900500758307,174.27669666204596,172.89388593825737,173.90794372558594,144442300
2015-10-26 00:00:00-04:00,173.73195340040317,173.7906116641302,173.11177685451898,173.48052978515625,69033000
2015-10-27 00:00:00-04:00,172.81013461050176,173.48059356835412,172.46652263626052,173.14537048339844,77905800
2015-10-28 00:00:00-04:00,173.480587526555,175.13996347879436,172.81851748104603,175.1148223876953,135906700
2015-10-29 00:00:00-04:00,174.6119662542559,175.38298945811434,174.49463691427613,175.0142364501953,90525500
2015-10-30 00:00:00-04:00,175.20698758913662,175.52545841839262,174.10074136256867,174.2599639892578,131076900
2015-11-02 00:00:00-05:00,174.5868408471371,176.51439263594077,174.46112260790636,176.32164001464844,86270800
2015-11-03 00:00:00-05:00,175.9696589159223,177.38600006681244,175.7433763067183,176.83287048339844,95246100
2015-11-04 00:00:00-05:00,177.12618784722594,177.25189329467037,175.76012897461092,176.29649353027344,96224500
2015-11-05 00:00:00-05:00,176.35514207934628,176.81608334110962,175.23213085100582,176.1204833984375,78408700
2015-11-06 00:00:00-05:00,175.77692463253484,176.26300709402958,174.70419533404373,176.02833557128906,110471500
2015-11-09 00:00:00-05:00,175.4165194582403,175.56737878519792,173.43867273416632,174.3856964111328,131008700
2015-11-10 00:00:00-05:00,173.90795700910348,174.8214633216322,173.6397811726082,174.78793334960938,75874600
2015-11-11 00:00:00-05:00,175.05616889469752,175.10645107827153,174.03372186888976,174.10076904296875,67846000
2015-11-12 00:00:00-05:00,173.06156452946777,173.53088198042622,171.65361217659247,171.6703643798828,121315200
2015-11-13 00:00:00-05:00,171.25970084267732,171.52787673580528,169.65898322089475,169.74278259277344,153577100
2015-11-16 00:00:00-05:00,169.55841348926387,172.38270671213425,169.44107135405784,172.32403564453125,117645200
2015-11-17 00:00:00-05:00,172.6341033533533,173.5140669260381,171.7038448214845,172.19830322265625,121123700
2015-11-18 00:00:00-05:00,172.6760688912876,175.07295143115627,172.6341755896779,174.93048095703125,121342500
2015-11-19 00:00:00-05:00,174.81307345831223,175.19859140679677,174.48622656657122,174.77955627441406,88220500
2015-11-20 00:00:00-05:00,175.53387905138243,176.09538480104044,175.0394204821534,175.4165496826172,94011500
2015-11-23 00:00:00-05:00,175.47516229396336,175.97799679772703,174.7544213294247,175.21536254882812,64931200
2015-11-24 00:00:00-05:00,174.20967417883455,175.8522976407663,173.82416899099331,175.4500274658203,98874400
2015-11-25 00:00:00-05:00,175.57574276884174,175.77688426159057,175.16508368329,175.42489624023438,51980100
2015-11-27 00:00:00-05:00,175.5170995987319,175.8271943811606,175.03940606095202,175.6260528564453,37317800
2015-11-30 00:00:00-05:00,175.78531019672278,175.90263957043769,174.7880041261747,174.89695739746094,112822700
2015-12-01 00:00:00-05:00,175.52551313730174,176.68205468793226,175.2489482974578,176.56471252441406,97858400
2015-12-02 00:00:00-05:00,176.51438142859806,176.83285226890064,174.51139370825462,174.7628173828125,108441300
2015-12-03 00:00:00-05:00,175.014230831383,175.2824066907532,171.59490230582782,172.31564331054688,166224200
2015-12-04 00:00:00-05:00,172.31565756611263,175.9696450663858,172.31565756611263,175.6763153076172,192913900
2015-12-07 00:00:00-05:00,175.34946223361192,175.7684974241062,173.6481803832403,174.61196899414062,102027100
2015-12-08 00:00:00-05:00,173.05318491064102,174.56170160436466,172.45814921945004,173.43869018554688,103372400
2015-12-09 00:00:00-05:00,172.8017816397177,174.8885692805868,171.11725152428724,172.08941650390625,162401500
2015-12-10 00:00:00-05:00,172.15642494397923,173.8409418923696,171.92176624832106,172.53355407714844,116128900
2015-12-11 00:00:00-05:00,170.42167744380106,171.08374765256002,168.87961767783,169.18971252441406,211173300
2015-12-14 00:00:00-05:00,169.34889219017325,170.17019760312135,167.5721742429756,170.0444793701172,182385200
2015-12-15 00:00:00-05:00,171.55300981600035,172.7346921593939,170.01933943609507,171.82957458496094,154069600
2015-12-16 00:00:00-05:00,172.95258061456695,174.64548636656923,171.63681676475792,174.34378051757812,197017000
2015-12-17 00:00:00-05:00,174.65386687143496,174.72091403822824,171.6703382828012,171.68710327148438,173092500
2015-12-18 00:00:00-05:00,170.9468886997138,171.08176821443183,168.4682959121305,168.62847900390625,251393500
2015-12-21 00:00:00-05:00,169.80035600673932,170.1965943918638,168.6875130023776,170.01954650878906,99094300
2015-12-22 00:00:00-05:00,170.90476303100496,171.85742293411286,169.9183864593483,171.56234741210938,111026200
2015-12-23 00:00:00-05:00,172.5655446669815,173.72896882744485,172.47280777210335,173.6868133544922,110987200
2015-12-24 00:00:00-05:00,173.43395231376144,173.94821838482557,173.18103225414737,173.4002227783203,48539600
2015-12-28 00:00:00-05:00,172.7089070220809,173.0461251635995,171.93329500535015,173.0039825439453,65899900
2015-12-29 00:00:00-05:00,174.09997460624697,175.17908826127268,174.06625793254906,174.8502960205078,92640700
2015-12-30 00:00:00-05:00,174.60577723904296,174.69008820124438,173.46764356955748,173.6109619140625,63317700
2015-12-31 00:00:00-05:00,172.93652912124026,173.577248708989,171.874267578125,171.874267578125,114877900
2016-01-04 00:00:00-05:00,169.02475303297206,169.4799988274123,167.42293464087555,169.47157287597656,222353500
2016-01-05 00:00:00-05:00,169.7918953745946,170.21342442255937,168.65377466351708,169.7581787109375,110845800
2016-01-06 00:00:00-05:00,167.21214413008352,168.6622051229766,166.58828935540473,167.6168212890625,152112600
2016-01-07 00:00:00-05:00,164.67455717559412,166.45341046435007,163.2076312994672,163.59544372558594,213436100
2016-01-08 00:00:00-05:00,164.55653231278043,165.1129538128163,161.51309169258369,161.7997283935547,209817200
2016-01-11 00:00:00-05:00,162.7186624135249,163.05589341995838,160.02931749748547,161.9599151611328,187941300
2016-01-12 00:00:00-05:00,163.4015244612569,164.0169532623226,161.14212210067134,163.26663208007812,172330500
2016-01-13 00:00:00-05:00,163.93267001905855,164.27832698024162,158.81531325949402,159.19468688964844,221168900
2016-01-14 00:00:00-05:00,159.80166644313084,162.92940481013775,158.20828713856892,161.80813598632812,240795600
2016-01-15 00:00:00-05:00,157.4579876827775,159.13566531111854,156.40416490555924,158.3347625732422,324846400
2016-01-19 00:00:00-05:00,160.14735061786772,160.27380420958087,156.97744336907945,158.5455322265625,195244400
2016-01-20 00:00:00-05:00,155.99108662216324,158.0734417911493,152.61042724478108,156.51377868652344,286547800
2016-01-21 00:00:00-05:00,156.98589956251828,159.22842497611094,155.66229179050984,157.39056396484375,195772900
2016-01-22 00:00:00-05:00,159.99559332480396,160.82178680616093,159.2368460469932,160.6194610595703,168319600
2016-01-25 00:00:00-05:00,160.11363928195084,160.30753909929825,157.99756746780884,158.19146728515625,130371700
2016-01-26 00:00:00-05:00,158.84901269600596,160.62786588037858,158.51179458668403,160.3496551513672,141036800
2016-01-27 00:00:00-05:00,159.82698511645978,161.49623685514294,157.70247471737795,158.60455322265625,185681700
2016-01-28 00:00:00-05:00,160.14732966105083,160.3496553813156,157.78676430027338,159.43072509765625,143798800
2016-01-29 00:00:00-05:00,160.19794749351098,163.45215316238034,160.07991984185455,163.3172607421875,210529300
2016-02-01 00:00:00-05:00,162.31400336657373,164.0422753468065,161.73229111753486,163.2582244873047,136061600
2016-02-02 00:00:00-05:00,161.83345580102923,161.84188175187165,159.7932436610134,160.31594848632812,182564900
2016-02-03 00:00:00-05:00,161.36982129481632,161.68174880538626,157.73624142696826,161.27708435058594,205054900
2016-02-04 00:00:00-05:00,160.77966211046828,162.49949546847427,160.1473683537816,161.5299835205078,139531800
2016-02-05 00:00:00-05:00,161.0156624789085,161.58893578129417,157.8204652481133,158.4527587890625,180788300
2016-02-08 00:00:00-05:00,156.61491497348354,156.90997760538158,154.11103125730858,156.31983947753906,191526700
2016-02-09 00:00:00-05:00,154.5831236069045,157.60127295093122,154.44823123236765,156.3282470703125,184513100
2016-02-10 00:00:00-05:00,157.15444498113396,158.7815407475706,156.06689295648195,156.193359375,148214100
2016-02-11 00:00:00-05:00,153.72321201774534,155.20700251784558,152.66938938485407,154.16160583496094,219058900
2016-02-12 00:00:00-05:00,155.93199959296473,157.35675668155875,155.08894166729007,157.33990478515625,127632400
2016-02-16 00:00:00-05:00,159.14409084927416,160.02086566659136,158.18300507119434,159.99557495117188,120250700
2016-02-17 00:00:00-05:00,161.15906918115425,162.98007866506666,161.0326026851855,162.609130859375,136009500
2016-02-18 00:00:00-05:00,162.87881866605304,162.9378389064611,161.63109630818496,161.94302368164062,102343000
2016-02-19 00:00:00-05:00,161.1674172080311,162.01890126735088,160.56041434022336,161.86715698242188,114793000
2016-02-22 00:00:00-05:00,163.44370559690904,164.3542100883974,163.37625939042303,164.2108917236328,103640300
2016-02-23 00:00:00-05:00,163.55330991621312,163.8230947464884,162.01893763813206,162.13697814941406,111455300
2016-02-24 00:00:00-05:00,160.71222239458268,163.15708654029385,159.60781797985007,162.87887573242188,150812200
2016-02-25 00:00:00-05:00,163.32567486757412,164.86004709204892,162.56692757101848,164.8516082763672,110728300
2016-02-26 00:00:00-05:00,165.71994908705076,165.81267313539044,164.312030636082,164.4722137451172,129833700
2016-02-29 00:00:00-05:00,164.48910068824537,165.43332184054452,162.9884579866063,163.18235778808594,125918100
2016-03-01 00:00:00-05:00,164.4047941583446,167.10259100476583,163.93268356943548,167.01828002929688,141799700
2016-03-02 00:00:00-05:00,166.70630615822336,167.81913611307817,166.29320307592653,167.7685546875,102415000
2016-03-03 00:00:00-05:00,167.5915456709263,168.44304274563157,167.0182722294656,168.42617797851562,95172200
2016-03-04 00:00:00-05:00,168.62000779797214,169.74971517303925,167.79381464883946,168.97409057617188,129293600
2016-03-07 00:00:00-05:00,168.05524689615908,169.51374709070924,167.97937473271065,169.10906982421875,100219000
2016-03-08 00:00:00-05:00,168.03835062068885,168.54417777416353,167.10255559310772,167.26272583007812,123974900
2016-03-09 00:00:00-05:00,168.07210923048493,168.43461813774294,167.2880582940595,168.08897399902344,94801200
2016-03-10 00:00:00-05:00,168.57791165780847,169.5137067095646,166.40282010875242,168.22381591796875,156838700
2016-03-11 00:00:00-05:00,169.67388925834564,170.98063204544795,168.20697621851687,170.9384765625,137964500
2016-03-14 00:00:00-04:00,170.43267782574958,171.17456042054744,170.10388558631487,170.7193145751953,73612000
2016-03-15 00:00:00-04:00,169.75822588499912,170.74460258765515,169.4968798608829,170.44110107421875,93169100
2016-03-16 00:00:00-04:00,169.96051635333183,171.83210634515947,169.91836087595732,171.42742919921875,129303200
2016-03-17 00:00:00-04:00,171.34314903469127,173.02082657892635,170.94691066119776,172.51499938964844,134278500
2016-03-18 00:00:00-04:00,173.01492535802336,173.53184366636853,172.7013891962115,173.19288635253906,138372400
2016-03-21 00:00:00-04:00,172.93022360575443,173.66746300768244,172.70142026604074,173.43865966796875,72926700
2016-03-22 00:00:00-04:00,172.66751604840624,173.91320443773537,172.5065197008016,173.34544372558594,97471900
2016-03-23 00:00:00-04:00,172.96404575489444,173.1504761164154,172.03189394728975,172.20138549804688,81052500
2016-03-24 00:00:00-04:00,171.17606172988638,172.1590560787583,170.95574076081914,172.12515258789062,84360900
2016-03-28 00:00:00-04:00,172.54038859451902,172.75224015887895,171.7777281349806,172.2268524169922,62408200
2016-03-29 00:00:00-04:00,171.82014266319376,173.9301895691832,171.515075796429,173.8200225830078,92922900
2016-03-30 00:00:00-04:00,174.819883761279,175.3028985220605,174.21821973145904,174.58261108398438,86365300
2016-03-31 00:00:00-04:00,174.48943875381522,174.91314191454202,173.99794153572478,174.15895080566406,94584100
2016-04-01 00:00:00-04:00,173.16747897459658,175.5317368130374,172.85392985745173,175.34530639648438,114423500
2016-04-04 00:00:00-04:00,175.2690546011857,175.47243677743458,174.47249057387086,174.77755737304688,63497000
2016-04-05 00:00:00-04:00,173.43864226417537,174.7860151498737,172.77766639834624,173.03189086914062,99662200
2016-04-06 00:00:00-04:00,173.03187289015037,174.9809097231996,172.85391189996736,174.9215850830078,91839800
2016-04-07 00:00:00-04:00,173.83695269721892,174.1928618424129,172.09976694798488,172.8285369873047,113859000
2016-04-08 00:00:00-04:00,174.00645032583586,174.43863592304353,172.7607617169382,173.2946319580078,95040600
2016-04-11 00:00:00-04:00,173.93015409491906,174.62503351153455,172.79463268426892,172.88784790039062,83757500
2016-04-12 00:00:00-04:00,173.05735163971852,174.7775857523279,172.6166966514925,174.49794006347656,115350600
2016-04-13 00:00:00-04:00,175.41312217712402,176.34527437534416,175.2775340518565,176.26052856445312,96336400
2016-04-14 00:00:00-04:00,176.31983717373794,176.76896148372217,175.92155517350372,176.26898193359375,65212900
2016-04-15 00:00:00-04:00,176.26895069962492,176.40453878852895,175.75203242477122,176.0740509033203,75761600
2016-04-18 00:00:00-04:00,176.0740908506917,177.34520037917224,175.4131149303134,177.31130981445312,82531000
2016-04-19 00:00:00-04:00,177.73503026630098,178.12482998523546,177.05710253247176,177.87060546875,88316100
2016-04-20 00:00:00-04:00,177.9129813720752,178.7349666619935,177.43843582952366,178.04010009765625,81100300
2016-04-21 00:00:00-04:00,178.05704707885053,178.16721405999155,176.8113585073525,177.08253479003906,85695000
2016-04-22 00:00:00-04:00,176.7266256168106,177.35369814232877,176.18428598183434,177.08253479003906,99251700
2016-04-25 00:00:00-04:00,176.4808531477876,176.81982346782792,175.87071950211055,176.77745056152344,66166500
2016-04-26 00:00:00-04:00,177.14183050563952,177.5485948928953,176.56560035262072,177.04014587402344,75864200
2016-04-27 00:00:00-04:00,176.65877363671703,177.79429485484587,176.30286458015692,177.4044952392578,77329400
2016-04-28 00:00:00-04:00,176.65033756160483,177.75195549817673,175.37922800673414,175.79444885253906,97216200
2016-04-29 00:00:00-04:00,175.1758401291601,175.5232798328265,173.74372134169164,174.84535217285156,142424100
2016-05-02 00:00:00-04:00,175.34535849252697,176.4130860705998,174.91318581505888,176.23513793945312,62188000
2016-05-03 00:00:00-04:00,175.0063301736889,175.24360287272106,173.95554184198056,174.70126342773438,106422100
2016-05-04 00:00:00-04:00,173.70982204814575,174.4385919831778,173.22679425067844,173.7267608642578,92243800
2016-05-05 00:00:00-04:00,174.19283770960945,174.54874680549554,173.26916794192456,173.69287109375,67619200
2016-05-06 00:00:00-04:00,172.9217023019659,174.37077255310513,172.7691753967892,174.32839965820312,89315000
2016-05-09 00:00:00-04:00,174.20130986701582,174.9046456791933,174.02334886427658,174.47247314453125,74374900
2016-05-10 00:00:00-04:00,175.1758817791427,176.65884323088056,175.108087703987,176.6418914794922,77472200
2016-05-11 00:00:00-04:00,176.18424108823578,176.7180982468476,174.98939514160156,174.98939514160156,81727000
2016-05-12 00:00:00-04:00,175.6588403846355,175.8283319833032,174.03182189449538,175.0402374267578,89586300
2016-05-13 00:00:00-04:00,174.74364193878978,175.29445080844502,173.19288700788638,173.514892578125,96474600
2016-05-16 00:00:00-04:00,173.68439660777403,175.70121475883096,173.62507196166376,175.22666931152344,77486800
2016-05-17 00:00:00-04:00,174.9555419473399,175.24365703801797,173.06581624757146,173.59121704101562,114924900
2016-05-18 00:00:00-04:00,173.24379248276094,174.81996914050632,172.55739526461974,173.64207458496094,120062100
2016-05-19 00:00:00-04:00,172.92178412859744,173.32853566526902,171.8371047438744,173.04042053222656,115430500
2016-05-20 00:00:00-04:00,173.65050185323304,174.65044803642593,173.59965954280523,174.13352966308594,104990400
2016-05-23 00:00:00-04:00,174.1504823243016,174.4301279842803,173.70984031196735,173.89627075195312,58682600
2016-05-24 00:00:00-04:00,174.70977184721838,176.4639092607521,174.684350690245,176.15036010742188,93537800
2016-05-25 00:00:00-04:00,176.82829640945806,177.76044864519628,176.15036868622988,177.34521484375,76621400
2016-05-26 00:00:00-04:00,177.48078767711476,177.70959101169245,177.08250565893664,177.3960418701172,55280700
2016-05-27 00:00:00-04:00,177.55707291212292,178.16720659219732,177.5062305938494,178.1587371826172,64211200
2016-05-31 00:00:00-04:00,178.42989685111044,178.54006382536642,177.2604718333041,177.81976318359375,109879400
2016-06-01 00:00:00-04:00,177.2096331469243,178.36210643913597,177.0147332834286,178.1841583251953,69936200
2016-06-02 00:00:00-04:00,177.7858797671181,178.7434402843368,177.31133421338203,178.72650146484375,63044700
2016-06-03 00:00:00-04:00,178.16720579410213,178.5400667002992,176.98931134792298,178.192626953125,101757100
2016-06-06 00:00:00-04:00,178.54852805069498,179.45525911623767,178.3875187638868,179.09934997558594,64887000
2016-06-07 00:00:00-04:00,179.25186150671053,179.93825857110662,179.22644035102138,179.37896728515625,60974800
2016-06-08 00:00:00-04:00,179.51454452608584,180.0907875243807,179.38743875534112,179.9636688232422,66170900
2016-06-09 00:00:00-04:00,179.23494389089262,179.83660819436378,178.9637805351063,179.7179718017578,73786900
2016-06-10 00:00:00-04:00,178.34515166586806,178.68410904426875,177.4723112022157,178.01466369628906,113829200
2016-06-13 00:00:00-04:00,177.41303453769132,178.26891049203684,176.5571585833458,176.6418914794922,117751200
2016-06-14 00:00:00-04:00,176.26051251313893,176.88759783759872,175.34531214651957,176.29440307617188,125059300
2016-06-15 00:00:00-04:00,176.29441769806408,177.413000326839,175.86224509898022,176.04867553710938,109124500
2016-06-16 00:00:00-04:00,176.04866312222205,176.74354251177266,174.21826236624872,176.5740509033203,149533100
2016-06-17 00:00:00-04:00,176.47014679380524,176.49570015111058,175.2605735566787,175.91647338867188,117055700
2016-06-20 00:00:00-04:00,177.87562194878873,178.54854859459653,176.96417567156655,177.0493621826172,82789600
2016-06-21 00:00:00-04:00,177.43270284148394,177.96082289803414,176.98975631147866,177.5519561767578,72461700
2016-06-22 00:00:00-04:00,177.73080065636066,178.45484700076446,177.11749417578338,177.26231384277344,95560500
2016-06-23 00:00:00-04:00,178.71892654071584,179.62184645879435,178.2589531287725,179.57073974609375,102731400
2016-06-24 00:00:00-04:00,173.45471943275535,179.60481154104718,172.67956633100692,173.1225128173828,333444400
2016-06-27 00:00:00-04:00,171.71702689879322,171.7255533496306,169.21269390864185,170.0219268798828,230775800
2016-06-28 00:00:00-04:00,171.62333532467787,173.11400855868138,171.31668202520586,173.0884552001953,159382400
2016-06-29 00:00:00-04:00,174.48541454653184,176.26570103323945,174.38320112073447,176.0357208251953,137328600
2016-06-30 00:00:00-04:00,176.5042289771642,178.48894240865778,175.9505425669414,178.43783569335938,165021900
2016-07-01 00:00:00-04:00,178.4378526432485,179.2981924246243,178.27600603100393,178.81265258789062,106055300
2016-07-05 00:00:00-04:00,177.9863405319092,178.0970803915935,176.930100630808,177.5263671875,109803700
2016-07-06 00:00:00-04:00,177.03236656426765,178.71043987015673,176.37646665849195,178.5911865234375,96021500
2016-07-07 00:00:00-04:00,178.7700210654943,179.4344342805806,177.7137810813248,178.48040771484375,85593800
2016-07-08 00:00:00-04:00,179.77519856716046,181.38512517532322,179.54520533809736,181.13809204101562,133971000
2016-07-11 00:00:00-04:00,181.59804302551814,182.34764273817618,181.3936031954377,181.77691650390625,73633900
2016-07-12 00:00:00-04:00,182.739469050371,183.39536879733734,181.80246941184768,183.09722900390625,101275600
2016-07-13 00:00:00-04:00,183.51460168940503,183.5231151405761,182.58612860397926,183.0716552734375,87324100
2016-07-14 00:00:00-04:00,184.3323481790319,184.56234135354606,183.7020148085183,184.09384155273438,91230900
2016-07-15 00:00:00-04:00,184.65606748793815,184.85198088781613,183.4039010235686,183.8468475341797,107155400
2016-07-18 00:00:00-04:00,183.96609672111055,184.50274319307965,183.7105501631425,184.3408966064453,58725900
2016-07-19 00:00:00-04:00,183.92351020759827,184.18757022804962,183.6764900910065,184.15350341796875,54345700
2016-07-20 00:00:00-04:00,184.15347838031607,185.1586116115223,184.15347838031607,184.92010498046875,58159500
2016-07-21 00:00:00-04:00,184.80938706527985,185.03085380551673,183.7786874330219,184.2216339111328,67777300
2016-07-22 00:00:00-04:00,184.3409212505255,185.0990345753437,184.07686120445751,185.0479278564453,62787500
2016-07-25 00:00:00-04:00,184.84348897979444,184.89459569896835,183.96612230693654,184.54534912109375,55873100
2016-07-26 00:00:00-04:00,184.4431389683606,184.98829897865974,183.78723906611887,184.6305389404297,70080500
2016-07-27 00:00:00-04:00,185.00534473604847,185.07349136419623,183.66799152922408,184.43463134765625,84083900
2016-07-28 00:00:00-04:00,184.23868801764283,184.93718114385538,183.77871456688854,184.64756774902344,65035700
2016-07-29 00:00:00-04:00,184.38346144963597,185.3034081203237,184.10236157895633,184.94564819335938,79519400
2016-08-01 00:00:00-04:00,185.00534225200298,185.39716911154125,184.34092888353362,184.79238891601562,73311400
2016-08-02 00:00:00-04:00,184.5453241214279,184.69865725581784,182.77356410776096,183.60833740234375,92295500
2016-08-03 00:00:00-04:00,183.54876794410436,184.20466797345375,183.2506410199582,184.14503479003906,53993600
2016-08-04 00:00:00-04:00,184.25571008791,184.65606332927777,182.50097698624077,184.3408966064453,46585500
2016-08-05 00:00:00-04:00,184.34090225224605,185.89119555549402,184.34090225224605,185.84860229492188,71892200
2016-08-08 00:00:00-04:00,186.03601136483033,186.13823779474342,185.4738244896835,185.73788452148438,39906500
2016-08-09 00:00:00-04:00,185.806022031988,186.34265552275468,185.52492210937768,185.84860229492188,51251700
2016-08-10 00:00:00-04:00,185.95935469412962,186.0360147697383,185.0393947939079,185.38864135742188,57941100
2016-08-11 00:00:00-04:00,185.91675575387725,186.49599552416987,185.6526957253063,186.24896240234375,72504300
2016-08-12 00:00:00-04:00,185.9423384894421,186.30011154982938,185.68680487150948,186.087158203125,61313500
2016-08-15 00:00:00-04:00,186.4534039855917,186.9730105941644,186.4448905321406,186.62376403808594,49813500
2016-08-16 00:00:00-04:00,186.20638433318723,186.2745179562473,185.66122436523438,185.66122436523438,53213600
2016-08-17 00:00:00-04:00,185.6953007652244,186.14676077773237,184.86052736442625,186.01046752929688,75134300
2016-08-18 00:00:00-04:00,185.98487945182433,186.46189273466416,185.87415258107467,186.42782592773438,52989300
2016-08-19 00:00:00-04:00,185.95934477450407,186.33414467656135,185.47381799057598,186.15525817871094,75443000
2016-08-22 00:00:00-04:00,185.91675056339253,186.3767369854356,185.55047711402338,186.14674377441406,61368800
2016-08-23 00:00:00-04:00,186.76002151993063,187.05816130293945,186.4618817369218,186.52151489257812,53399200
2016-08-24 00:00:00-04:00,186.37672479739823,186.4704247663063,185.1501117490151,185.5675048828125,71728900
2016-08-25 00:00:00-04:00,185.1842117036874,185.85715150928922,185.03089154401502,185.43975830078125,69224800
2016-08-26 00:00:00-04:00,185.62716170076396,186.64933511037958,184.20463498108924,185.09051513671875,122506300
2016-08-29 00:00:00-04:00,185.21824086345805,186.26596732761564,185.1841610610908,186.0019073486328,70502200
2016-08-30 00:00:00-04:00,185.91671818652438,186.19781806267832,185.14157816182413,185.69525146484375,58114500
2016-08-31 00:00:00-04:00,185.3630276086425,185.48228090883924,184.39196130771631,185.1671142578125,85269500
2016-09-01 00:00:00-04:00,185.15868030697894,185.46533366033836,184.01725343522395,185.17572021484375,97844200
2016-09-02 00:00:00-04:00,186.0275074347612,186.43637418242812,185.43975417381776,186.01046752929688,79293900
2016-09-06 00:00:00-04:00,186.29154717458266,186.64930716450087,185.57602719474625,186.57264709472656,56702100
2016-09-07 00:00:00-04:00,186.41081159095657,186.7345047905499,185.95083814731663,186.5556182861328,76554900
2016-09-08 00:00:00-04:00,186.22341494644138,186.4960014346624,185.82306166539124,186.1297149658203,74102900
2016-09-09 00:00:00-04:00,184.81792135656548,184.86902807179513,181.64917503593986,181.6747283935547,221589100
2016-09-12 00:00:00-04:00,180.91660570571437,184.68161850409962,180.8484590897426,184.28126525878906,168110900
2016-09-13 00:00:00-04:00,183.00351488487263,183.2675748541307,181.01027544179323,181.63209533691406,182828800
2016-09-14 00:00:00-04:00,181.68324870057552,182.88430854433517,181.01032192860217,181.56399536132812,134185500
2016-09-15 00:00:00-04:00,181.40212674735488,183.76163971836084,181.22324027418756,183.37832641601562,134427900
2016-09-16 00:00:00-04:00,182.76363739250482,182.94342749776695,181.9845817718176,182.66946411132812,155236400
2016-09-19 00:00:00-04:00,183.32012466255208,183.9622116674637,182.37839183003095,182.70372009277344,80250500
2016-09-20 00:00:00-04:00,183.55983983997842,183.7139344539165,182.67804138032696,182.7122802734375,69665300
2016-09-21 00:00:00-04:00,183.41436346743492,184.9468059187469,182.72946780486996,184.76702880859375,110284400
2016-09-22 00:00:00-04:00,185.77721029026128,186.23095081871756,185.52894234694025,185.93130493164062,76678700
2016-09-23 00:00:00-04:00,185.537528389408,185.67451013467294,184.81839382171452,184.91256713867188,73630900
2016-09-26 00:00:00-04:00,184.08201485495417,184.26179184958266,183.21732957458445,183.41424560546875,89827300
2016-09-27 00:00:00-04:00,183.25167821266945,184.64713875839672,182.88354144774857,184.552978515625,78494800
2016-09-28 00:00:00-04:00,184.7754965742225,185.62305601942785,183.8166509448692,185.4689483642578,87411000
2016-09-29 00:00:00-04:00,185.26349035952774,185.66586590978932,183.24305615132027,183.7909698486328,128070600
2016-09-30 00:00:00-04:00,184.62141895723138,185.87991058216204,184.37315105327025,185.1779022216797,117202900
2016-10-03 00:00:00-04:00,184.76699427111006,184.9553278063955,184.09921165404296,184.7327423095703,83512100
2016-10-04 00:00:00-04:00,184.844001895467,185.06658734449323,183.20026080352932,183.7909698486328,119948100
2016-10-05 00:00:00-04:00,184.4158862888016,185.03229063858873,184.34739546512648,184.60423278808594,72816000
2016-10-06 00:00:00-04:00,184.38173155191478,184.9553278063955,183.84238725897382,184.7327423095703,62927400
2016-10-07 00:00:00-04:00,185.0066914120333,185.1779120165763,183.37150655256386,184.0991973876953,89788300
2016-10-10 00:00:00-04:00,185.05807495117188,185.52037193639262,184.9125367694673,185.05807495117188,51855000
2016-10-11 00:00:00-04:00,184.63000405030357,184.6984949069336,181.99316485487475,182.72085571289062,130367400
2016-10-12 00:00:00-04:00,182.85784372771823,183.48281791726936,182.36129479750986,182.96058654785156,73866100
2016-10-13 00:00:00-04:00,181.63359151521533,182.85783124494432,180.82028384808063,182.3612823486328,101357000
2016-10-14 00:00:00-04:00,183.33722747021903,183.79953740371388,182.3783817759969,182.45542907714844,93346200
2016-10-17 00:00:00-04:00,182.42976500852797,182.68660243484823,181.6421398142282,181.82192993164062,58275700
2016-10-18 00:00:00-04:00,183.414327058279,183.4742483953358,182.58389335505242,182.96058654785156,76869700
2016-10-19 00:00:00-04:00,183.22593141104383,183.75671909700407,182.86636429507476,183.44851684570312,66519200
2016-10-20 00:00:00-04:00,183.09752483983908,183.6625645353384,182.44688138226903,183.10609436035156,73639800
2016-10-21 00:00:00-04:00,183.106107657494,183.27732825736294,182.14724878429806,183.19171142578125,89089100
2016-10-24 00:00:00-04:00,184.06496797457876,184.33893140659717,183.6197839291966,183.97079467773438,60146600
2016-10-25 00:00:00-04:00,183.7910151836165,184.04785265018015,183.19173647049877,183.35440063476562,66542300
2016-10-26 00:00:00-04:00,182.53252658412072,183.56841979028252,182.29280204849215,182.98626708984375,75705500
2016-10-27 00:00:00-04:00,183.7054333672789,183.7396722707094,182.42125894422213,182.49830627441406,77220200
2016-10-28 00:00:00-04:00,182.47258296054287,183.14890892401726,181.24834322181863,181.9589080810547,140623200
2016-10-31 00:00:00-04:00,182.2927529041506,182.51535139937488,181.80477363248966,181.96743774414062,61272500
2016-11-01 00:00:00-04:00,182.2927891440418,182.34416708158656,179.44193411679908,180.6490478515625,122781800
2016-11-02 00:00:00-04:00,180.34086915477957,180.72613188868763,179.12518573960872,179.5618133544922,103330800
2016-11-03 00:00:00-04:00,179.77580479671514,179.989833798208,178.4659483526424,178.73989868164062,88939300
2016-11-04 00:00:00-04:00,178.85117098823267,179.6901608899193,178.39743061851397,178.54296875,109122100
2016-11-07 00:00:00-05:00,178.54299901440498,182.51537683425684,178.54299901440498,182.4811248779297,109794900
2016-11-08 00:00:00-05:00,182.08735611804934,183.86807937626546,181.82196218697854,183.30303955078125,106772100
2016-11-09 00:00:00-05:00,181.8133351814696,185.86277292051915,181.78765274873078,185.24636840820312,258429000
2016-11-10 00:00:00-05:00,186.03403802709047,186.8987106173026,184.2533149055971,185.70870971679688,172113300
2016-11-11 00:00:00-05:00,184.98956331771262,185.52035110471618,184.33891980256973,185.2806396484375,100552700
2016-11-14 00:00:00-05:00,185.80287114251522,186.00834370377714,184.68136117179486,185.42617797851562,94580000
2016-11-15 00:00:00-05:00,185.81142771850293,186.87301635742188,185.60596822040515,186.87301635742188,91652600
2016-11-16 00:00:00-05:00,186.25660928341745,186.7531581694383,186.1367535566741,186.52200317382812,65617700
2016-11-17 00:00:00-05:00,186.6760686915259,187.54074102033763,186.56476944779976,187.48081970214844,69797200
2016-11-18 00:00:00-05:00,187.54933270762592,187.72055328977922,186.88155022962977,187.06134033203125,86265800
2016-11-21 00:00:00-05:00,187.63496313098892,188.49963568487826,187.4894249623122,188.4739532470703,72402600
2016-11-22 00:00:00-05:00,188.7821676498624,189.02187912694623,188.11439809751522,188.84210205078125,67429000
2016-11-23 00:00:00-05:00,188.32843477907736,188.99620435852816,188.13153171418705,188.94483947753906,56620200
2016-11-25 00:00:00-05:00,189.2872681456414,189.6810742220705,189.21020777130136,189.64683532714844,37872300
2016-11-28 00:00:00-05:00,189.338604842378,189.61255515086893,188.65370947621184,188.75643920898438,76572500
2016-11-29 00:00:00-05:00,188.7907185282828,189.5783437413918,188.49107267987097,189.12460327148438,69886700
2016-11-30 00:00:00-05:00,189.74105906744364,189.9037232539868,188.61097928512137,188.67091369628906,113291800
2016-12-01 00:00:00-05:00,188.97048639352258,188.97048639352258,187.6178215074796,187.97740173339844,79040500
2016-12-02 00:00:00-05:00,188.0630530374498,188.55960202467912,187.71204224355193,188.0716094970703,74840300
2016-12-05 00:00:00-05:00,188.90201429267543,189.54410137465365,188.70511124525808,189.20166015625,67837800
2016-12-06 00:00:00-05:00,189.38997132242855,189.83515527372356,188.91054848101518,189.8009033203125,59877400
2016-12-07 00:00:00-05:00,189.6468370623224,192.34359747994642,189.52698133405676,192.28367614746094,110738100
2016-12-08 00:00:00-05:00,192.25802646430432,193.22542891322635,191.9926194620121,192.7545623779297,99714400
2016-12-09 00:00:00-05:00,192.97714906926694,193.9359949996824,192.9428971070115,193.9188690185547,88005800
2016-12-12 00:00:00-05:00,193.82468599748915,194.30412200195045,193.27677219854309,193.69627380371094,102016100
2016-12-13 00:00:00-05:00,194.35546564979694,195.48553202149307,194.33833967139873,194.98898315429688,110477500
2016-12-14 00:00:00-05:00,194.68932715558245,195.3913354266373,192.942843339538,193.3794708251953,142501800
2016-12-15 00:00:00-05:00,193.6192042449696,195.0317904674374,193.3880492594279,194.17567443847656,124972600
2016-12-16 00:00:00-05:00,194.63124198664173,194.691529641135,193.4772879233699,193.79591369628906,156420200
2016-12-19 00:00:00-05:00,193.97677116092234,194.63986968501598,193.830375174617,194.2178955078125,90341100
2016-12-20 00:00:00-05:00,194.7518115170943,195.11351117714477,194.5193072017222,194.96710205078125,89838800
2016-12-21 00:00:00-05:00,194.8379452358374,195.0101750455565,194.42459106445312,194.42459106445312,67909000
2016-12-22 00:00:00-05:00,194.27820185658513,194.39876404162973,193.69260471473083,194.0887451171875,56219100
2016-12-23 00:00:00-05:00,194.13174158145424,194.38148591773765,193.94229803224883,194.3728790283203,36697800
2016-12-27 00:00:00-05:00,194.63982731069177,195.25124493566398,194.62260039243822,194.85511779785156,42672500
2016-12-28 00:00:00-05:00,195.11345330052006,195.1306670770991,193.13277835007074,193.24472045898438,64095000
2016-12-29 00:00:00-05:00,193.3136327930532,193.66671234975908,192.7624896651442,193.20169067382812,48696100
2016-12-30 00:00:00-05:00,193.52893622499533,193.61505768273278,191.80661219256285,192.49554443359375,108998300
2017-01-03 00:00:00-05:00,193.79591197608372,194.476237389342,192.79697393302524,193.96815490722656,91366500
2017-01-04 00:00:00-05:00,194.2953794720281,195.26849680321703,194.28677258194588,195.12210083007812,78744400
2017-01-05 00:00:00-05:00,194.85515990866216,195.12211806798737,194.17483446364827,194.96710205078125,78379000
2017-01-06 00:00:00-05:00,195.07904528556946,196.12966407630134,194.5365089692909,195.66464233398438,71559900
2017-01-09 00:00:00-05:00,195.40628861430002,195.54407769928036,194.9843144691566,195.01876831054688,46939700
2017-01-10 00:00:00-05:00,195.03598209095162,195.87131035074572,194.63123486650335,195.01876831054688,63771900
2017-01-11 00:00:00-05:00,194.93260546757773,195.5698699951172,194.26950713462466,195.5698699951172,74650000
2017-01-12 00:00:00-05:00,195.05322197351856,195.26851250549817,193.72703807825238,195.0790557861328,72113200
2017-01-13 00:00:00-05:00,195.25127729217894,195.82825431654757,195.21683659025288,195.52685546875,62717900
2017-01-17 00:00:00-05:00,194.88961929074637,195.29436658409256,194.45043129043768,194.83795166015625,61240800
2017-01-18 00:00:00-05:00,195.08764384121375,195.31155438264042,194.53650065817047,195.26849365234375,54793300
2017-01-19 00:00:00-05:00,195.34599463170878,195.483783712224,194.11453921786523,194.5451202392578,66608800
2017-01-20 00:00:00-05:00,195.2254643669878,195.75077382452264,194.59681965232878,195.25991821289062,129168600
2017-01-23 00:00:00-05:00,195.2599114531842,195.32018597098931,193.99400203606893,194.75181579589844,75061600
2017-01-24 00:00:00-05:00,194.96711366334637,196.41387296884554,194.85517151455983,196.00051879882812,95555300
2017-01-25 00:00:00-05:00,196.94774059731128,197.69696044921875,196.78411771999484,197.69696044921875,84437700
2017-01-26 00:00:00-05:00,197.55055465753608,197.81752591147847,197.2147020080547,197.4902801513672,59970700
2017-01-27 00:00:00-05:00,197.5677723233257,197.71416827749547,196.99940228458058,197.1802520751953,59711100
2017-01-30 00:00:00-05:00,196.49132894663734,196.51716275501758,194.97568858040952,195.95741271972656,79737300
2017-01-31 00:00:00-05:00,195.46657427051073,196.00050372017813,194.898217258071,195.94021606445312,75880800
2017-02-01 00:00:00-05:00,195.94021401779992,196.8530437527953,195.43213152610113,196.01771545410156,79117700
2017-02-02 00:00:00-05:00,196.01768366488298,196.43105087203583,195.32876460020597,196.14686584472656,69657600
2017-02-03 00:00:00-05:00,197.05110656225563,197.6797511793912,196.74108769868505,197.4989013671875,80563200
2017-02-06 00:00:00-05:00,197.0940996056666,197.49023982070784,196.80991463101913,197.14576721191406,57790100
2017-02-07 00:00:00-05:00,197.53334759389273,197.77447190734355,196.96497750920597,197.15443420410156,57931200
2017-02-08 00:00:00-05:00,197.15449049005213,197.5420108801398,196.6119540597534,197.412841796875,51566200
2017-02-09 00:00:00-05:00,197.41281856891618,198.88539850604153,197.41281856891618,198.58399963378906,65955200
2017-02-10 00:00:00-05:00,198.9283811703731,199.59147945355457,198.60113547264697,199.36756896972656,66015900
2017-02-13 00:00:00-05:00,199.8584786124461,200.7110337232728,199.8326448036595,200.4526824951172,55182100
2017-02-14 00:00:00-05:00,200.2718463350098,201.26219058701622,199.92738676753206,201.25357055664062,71109000
2017-02-15 00:00:00-05:00,201.03830504218527,202.49367120529897,200.98663741466746,202.30421447753906,86785800
2017-02-16 00:00:00-05:00,202.33003687434092,202.51088670074023,201.38276642928537,202.13197326660156,84722400
2017-02-17 00:00:00-05:00,201.46888297145847,202.4506072998047,201.45165604912492,202.4506072998047,77204100
2017-02-21 00:00:00-05:00,202.82092162875713,203.828479809059,202.8123015971143,203.65625,88946100
2017-02-22 00:00:00-05:00,203.25147490734517,203.69926972156108,203.08785201202807,203.47537231445312,62115200
2017-02-23 00:00:00-05:00,203.99210316217946,204.00931694491763,202.85536276743795,203.61318969726562,74615900
2017-02-24 00:00:00-05:00,202.76924973175792,203.91458385102231,202.72618899532657,203.8715362548828,82381600
2017-02-27 00:00:00-05:00,203.78537731620193,204.36235428548795,203.53564611528,204.19012451171875,56515400
2017-02-28 00:00:00-05:00,203.81126790769045,204.0523922862032,203.25151770192008,203.6390380859375,96961900
2017-03-01 00:00:00-05:00,205.29244133183443,206.95449108934181,205.27521440981133,206.4894561767578,149158200
2017-03-02 00:00:00-05:00,206.29999552679604,206.30861555778915,205.13743454805757,205.18910217285156,70246000
2017-03-03 00:00:00-05:00,205.10293156730737,205.48184491207374,204.724018222541,205.31822204589844,81974300
2017-03-06 00:00:00-05:00,204.52599832218158,205.0599146181717,204.10402416355956,204.70684814453125,55391500
2017-03-07 00:00:00-05:00,204.40546264673017,204.75854230642355,203.88876006472563,204.09544372558594,65103700
2017-03-08 00:00:00-05:00,204.38821235363588,204.64656361509844,203.5787178665223,203.7165069580078,78168800
2017-03-09 00:00:00-05:00,203.8370796757985,204.30211459855315,203.01037136468838,203.97486877441406,90683900
2017-03-10 00:00:00-05:00,204.93074530765566,204.97380604057082,203.74233740870923,204.6896209716797,81991700
2017-03-13 00:00:00-04:00,204.62934583908455,204.8360294855501,204.30211315754522,204.79296875,57256800
2017-03-14 00:00:00-04:00,204.25040165819996,204.3020824172589,203.39785966792678,204.00927734375,59880800
2017-03-15 00:00:00-04:00,204.57767388337365,206.196662895698,204.34515642855678,205.77468872070312,96081800
2017-03-16 00:00:00-04:00,205.91242451303236,205.98992593114556,205.04265571575678,205.36988830566406,78344000
2017-03-17 00:00:00-04:00,205.6320125701059,205.82229351135118,205.00927734375,205.00927734375,89002100
2017-03-20 00:00:00-04:00,205.00928004947667,205.2947014651116,204.3952023470911,204.78440856933594,52537000
2017-03-21 00:00:00-04:00,205.38980684946205,205.51089350230714,202.0253135695641,202.15504455566406,131809300
2017-03-22 00:00:00-04:00,202.1896540008086,202.9161739384226,201.56691885500925,202.63075256347656,97569200
2017-03-23 00:00:00-04:00,202.63076264780625,203.54756354767736,202.04263120164606,202.41453552246094,100410300
2017-03-24 00:00:00-04:00,202.7172732379335,203.2881028594989,201.48910466205444,202.26751708984375,112504900
2017-03-27 00:00:00-04:00,200.5982540724432,202.31942701311294,200.3214901709673,202.05995178222656,87454500
2017-03-28 00:00:00-04:00,201.75722350860326,203.95408544436285,201.6447811726046,203.53028869628906,93483900
2017-03-29 00:00:00-04:00,203.24483095448198,203.95404898429783,203.01994632268642,203.72052001953125,61950400
2017-03-30 00:00:00-04:00,203.66001404084622,204.56817064319617,203.48703497312647,204.36923217773438,56737900
2017-03-31 00:00:00-04:00,204.03188422367182,204.55947887025005,203.84160332179414,203.8935089111328,73733100
2017-04-03 00:00:00-04:00,203.94540265571393,204.14432789174012,202.31072631325307,203.5388946533203,85546500
2017-04-04 00:00:00-04:00,203.25348777187656,203.75513626156143,202.872925938498,203.66864013671875,56466200
2017-04-05 00:00:00-04:00,204.34327805151034,205.32062888253068,202.85563437139967,203.06321716308594,108800600
2017-04-06 00:00:00-04:00,203.2015942350403,204.1529856156892,202.76048247725743,203.63404846191406,69135800
2017-04-07 00:00:00-04:00,203.3832198328587,204.11839730552617,202.9421212677317,203.4264678955078,74412300
2017-04-10 00:00:00-04:00,203.56487877074764,204.343291194087,203.01998215593574,203.54757690429688,67615300
2017-04-11 00:00:00-04:00,203.16700087724368,203.4091742008586,201.8177457321159,203.30538940429688,88045300
2017-04-12 00:00:00-04:00,203.02862636532242,203.21890729142282,202.1896640631861,202.41453552246094,81864400
2017-04-13 00:00:00-04:00,202.07723492675308,202.8124124799033,201.09988403320312,201.09988403320312,92880400
2017-04-17 00:00:00-04:00,201.6188044247861,202.88157653808594,201.41987918139105,202.88157653808594,68405400
2017-04-18 00:00:00-04:00,202.1464378130178,202.81242112623795,201.59289684029733,202.2761688232422,83225800
2017-04-19 00:00:00-04:00,202.83832324402883,203.21022752414882,201.67933594893105,201.9042205810547,68699900
2017-04-20 00:00:00-04:00,202.51833360852208,203.9886887153188,202.19832166519814,203.54757690429688,92572200
2017-04-21 00:00:00-04:00,203.46973807880664,203.52163048064483,202.5010447179408,202.89889526367188,110389800
2017-04-24 00:00:00-04:00,205.1390154286658,205.33795390885047,202.87295911968172,205.13037109375,119209900
2017-04-25 00:00:00-04:00,205.7703726936147,206.66987167555047,205.68387656955395,206.32391357421875,76698300
2017-04-26 00:00:00-04:00,206.28929328187664,207.17150352612882,206.150917970928,206.19415283203125,84702500
2017-04-27 00:00:00-04:00,206.51420510170553,206.66988229606818,205.83091999989713,206.36717224121094,57410300
2017-04-28 00:00:00-04:00,206.62657630301723,206.65252249480352,205.78761424205345,205.9173583984375,63532800
2017-05-01 00:00:00-04:00,206.43637084960938,206.86018079937156,206.02121843190722,206.43637084960938,66882500
2017-05-02 00:00:00-04:00,206.57472740158775,206.6958140545623,206.10768265367307,206.51419067382812,57375700
2017-05-03 00:00:00-04:00,206.51419754423213,206.60933800312412,205.58873915342298,206.26336669921875,73137700
2017-05-04 00:00:00-04:00,206.5661346571339,206.64397326831687,205.6579779342895,206.50558471679688,61462700
2017-05-05 00:00:00-04:00,206.87750484935884,207.33590538414293,206.4363929856339,207.318603515625,62001300
2017-05-08 00:00:00-04:00,207.3618199234985,207.50885278980158,206.86017139275205,207.2839813232422,48385700
2017-05-09 00:00:00-04:00,207.5434450706046,207.7423703261031,206.74771765369846,207.09368896484375,51363200
2017-05-10 00:00:00-04:00,207.05046951495123,207.4656219482422,206.8428866995768,207.4656219482422,54293800
2017-05-11 00:00:00-04:00,207.0158781386859,207.20615908597674,205.96068859369421,207.0418243408203,62358300
2017-05-12 00:00:00-04:00,206.79101755993005,207.085083350034,206.42775749024997,206.6958770751953,53912700
2017-05-15 00:00:00-04:00,207.11963353742098,207.95859581385963,207.10233167263556,207.83750915527344,61918900
2017-05-16 00:00:00-04:00,208.13162458206338,208.15757078671086,207.25807156485968,207.64727783203125,51241800
2017-05-17 00:00:00-04:00,207.6471970595044,207.6471970595044,203.90214234181187,203.9626922607422,172174100
2017-05-18 00:00:00-04:00,203.88489625385785,205.63201528405148,203.6254210398754,204.78440856933594,107047700
2017-05-19 00:00:00-04:00,205.26875680431252,206.78234683353799,205.21686440061802,206.11636352539062,115011400
2017-05-22 00:00:00-04:00,206.62662010978983,207.32720702890853,206.55743904866105,207.16287231445312,61010600
2017-05-23 00:00:00-04:00,207.53479598358814,207.78562684405628,207.15423412457204,207.6212921142578,48341700
2017-05-24 00:00:00-04:00,207.85483417668863,208.20943666083193,207.5175071643434,208.10565185546875,46927700
2017-05-25 00:00:00-04:00,208.61590365124414,209.37702726719854,208.40833408140554,209.10025024414062,64071700
2017-05-26 00:00:00-04:00,208.90997604809624,209.22134361030675,208.83213745690742,209.05702209472656,46629900
2017-05-30 00:00:00-04:00,208.73702345379505,209.12622965651605,208.58134625168944,208.8754119873047,35201900
2017-05-31 00:00:00-04:00,209.16945969341108,209.20406342253426,208.13157217646426,208.82350158691406,91796000
2017-06-01 00:00:00-04:00,209.28193892827278,210.50146324456628,208.9965175012174,210.48416137695312,68962000
2017-06-02 00:00:00-04:00,210.53604147612447,211.34041330489234,210.24197573118028,211.18472290039062,88666100
2017-06-05 00:00:00-04:00,211.01173560965785,211.29715700891515,210.83009901105527,211.02903747558594,44698800
2017-06-06 00:00:00-04:00,210.4668297647165,211.0203706729839,210.27654884023806,210.35440063476562,50375400
2017-06-07 00:00:00-04:00,210.69174467946053,210.96850857461544,210.02576134813626,210.74363708496094,54144300
2017-06-08 00:00:00-04:00,210.8387677746789,211.3231144668124,210.31981734884585,210.847412109375,65950700
2017-06-09 00:00:00-04:00,211.11553629639795,211.91125062202613,209.26463242652287,210.52740478515625,132256400
2017-06-12 00:00:00-04:00,210.28523609050535,210.53605378233445,209.6365546283226,210.48416137695312,86108100
2017-06-13 00:00:00-04:00,211.02039298829786,211.565289620332,210.6744348330919,211.51339721679688,60067000
2017-06-14 00:00:00-04:00,211.78150885516482,211.79015318961186,210.42359609192093,211.24526977539062,78602300
2017-06-15 00:00:00-04:00,209.8960152194408,210.95986231231313,209.61925132681426,210.83877563476562,66464900
2017-06-16 00:00:00-04:00,210.99780206763052,211.04994752534736,210.00699858556482,210.8848114013672,84553100
2017-06-19 00:00:00-04:00,211.71044001182366,212.70124331255076,211.61483560290208,212.64041137695312,65123800
2017-06-20 00:00:00-04:00,212.28414250670747,212.2928289972436,211.1890479173653,211.2064208984375,56906400
2017-06-21 00:00:00-04:00,211.59746816696568,211.71044555369375,210.68488301460977,211.15420532226562,55977600
2017-06-22 00:00:00-04:00,211.16295897267005,211.6583541315483,210.88483215505542,211.05865478515625,44148100
2017-06-23 00:00:00-04:00,211.1194753547663,211.64094318419558,210.73705765609583,211.31068420410156,66986800
2017-06-26 00:00:00-04:00,211.9798898399386,212.39707999389566,211.2411404748748,211.44972229003906,56700500
2017-06-27 00:00:00-04:00,211.23249094792286,211.5280040260247,209.7289058715889,209.7462921142578,82247700
2017-06-28 00:00:00-04:00,210.7631562637456,211.82349155414153,210.5284884176897,211.62359619140625,70042600
2017-06-29 00:00:00-04:00,211.77130561765378,211.82345107085214,208.55554113955273,209.7636260986328,106949700
2017-06-30 00:00:00-04:00,210.57194686354703,210.94567811831612,209.96356102512635,210.15476989746094,86820700
2017-07-03 00:00:00-04:00,211.09339088533196,211.5279540165934,210.51107788085938,210.51107788085938,39153800
2017-07-05 00:00:00-04:00,210.87614082870252,211.20639983977458,210.06784638763787,210.99781799316406,54427600
2017-07-06 00:00:00-04:00,210.23297023107446,210.35464738842117,208.88582174928314,209.06834411621094,65400800
2017-07-07 00:00:00-04:00,209.64194027036658,210.57189842478374,209.0770002732185,210.4241485595703,57972300
2017-07-10 00:00:00-04:00,210.42419365296854,211.02389299205186,210.11999410763698,210.65016174316406,36663300
2017-07-11 00:00:00-04:00,210.65011921638546,210.80656883325656,209.32905690096658,210.49368286132812,50354600
2017-07-12 00:00:00-04:00,211.45839782242825,212.2406060633384,211.45839782242825,212.07546997070312,59610400
2017-07-13 00:00:00-04:00,212.08422425743714,212.54486018070784,211.85824290969333,212.43186950683594,39471600
2017-07-14 00:00:00-04:00,212.43188011754648,213.7790287344336,212.33627567991405,213.4226837158203,60262700
2017-07-17 00:00:00-04:00,213.34438470728657,213.7268023129602,213.22270758382786,213.3965301513672,33531900
2017-07-18 00:00:00-04:00,212.98805573976517,213.5616821911414,212.64909706609973,213.50953674316406,42742500
2017-07-19 00:00:00-04:00,213.822428105574,214.67416805499465,213.81372835614903,214.6654815673828,51034300
2017-07-20 00:00:00-04:00,214.91756003256464,215.03923718954388,214.21356981991232,214.76112365722656,47135200
2017-07-21 00:00:00-04:00,214.18749805873117,214.59598850082523,213.96151672202305,214.56991577148438,82340800
2017-07-24 00:00:00-04:00,214.4916752404168,214.65681136046095,214.04842559857326,214.51776123046875,46622300
2017-07-25 00:00:00-04:00,215.265183138537,215.36948730652418,214.81324703724425,215.03921508789062,54915600
2017-07-26 00:00:00-04:00,215.32608521302856,215.3608444369954,214.78723103972814,215.04795837402344,47575400
2017-07-27 00:00:00-04:00,215.50858225374023,215.54334147361757,213.52696191351524,214.84803771972656,70766600
2017-07-28 00:00:00-04:00,214.36999645778127,214.7263414233966,213.9180603305673,214.59597778320312,50088400
2017-07-31 00:00:00-04:00,214.99574143870353,215.0913458501037,214.26567862172752,214.47427368164062,65838700
2017-08-01 00:00:00-04:00,215.07397816454593,215.10873737781307,214.4308199936887,214.95230102539062,55050400
2017-08-02 00:00:00-04:00,215.08271335630772,215.19570403318554,214.1266690023028,215.056640625,47211200
2017-08-03 00:00:00-04:00,214.94357521819109,214.96964794043404,214.36126231841183,214.63938903808594,40856000
2017-08-04 00:00:00-04:00,215.12612199115475,215.3607765180168,214.64809992600595,215.030517578125,60191800
2017-08-07 00:00:00-04:00,215.10009986913212,215.43035888671875,214.99579568195313,215.43035888671875,31995000
2017-08-08 00:00:00-04:00,215.11747386415053,216.3342588003273,214.5264742685518,214.9001922607422,61719400
2017-08-09 00:00:00-04:00,214.21353161209558,214.94359442375458,213.8571866938526,214.89144897460938,62632600
2017-08-10 00:00:00-04:00,214.05718082550274,214.18755777036927,211.80614615275763,211.85829162597656,120479500
2017-08-11 00:00:00-04:00,212.0842073860186,212.76212485168887,211.84953956734344,212.17111206054688,74869900
2017-08-14 00:00:00-04:00,213.4487314454998,214.491680385441,213.4139722276217,214.27439880371094,73291900
2017-08-15 00:00:00-04:00,214.65681195914163,214.6741981986198,213.94413528231837,214.24832153320312,55242700
2017-08-16 00:00:00-04:00,214.76982020562247,215.16962417546023,214.19619361221802,214.6220703125,56715500
2017-08-17 00:00:00-04:00,214.01364977380297,214.32653575018128,211.27589416503906,211.27589416503906,128490400
2017-08-18 00:00:00-04:00,211.110771048936,212.2319513923749,210.50238529682153,210.94564819335938,136748000
2017-08-21 00:00:00-04:00,210.88479549613615,211.37150408053873,210.18080534642425,211.1107635498047,65469700
2017-08-22 00:00:00-04:00,211.6931125941719,213.47481101197403,211.67572635376834,213.31837463378906,63140100
2017-08-23 00:00:00-04:00,212.35363249443412,212.97940449734378,212.20588261344366,212.55352783203125,50203800
2017-08-24 00:00:00-04:00,212.9359334749582,213.09236983592203,211.84952565110638,212.05812072753906,50741700
2017-08-25 00:00:00-04:00,212.84902759401217,213.46611310809237,212.40577795104076,212.55352783203125,64445900
2017-08-28 00:00:00-04:00,213.08369316418083,213.10976589220928,212.1450351697119,212.56222534179688,40565600
2017-08-29 00:00:00-04:00,211.24990479607044,213.06637616872854,211.13691409668337,212.80564880371094,51135700
2017-08-30 00:00:00-04:00,212.78824931908295,214.0832526193116,212.60572691310801,213.81381225585938,62030800
2017-08-31 00:00:00-04:00,214.43086661448717,215.34345198746985,213.84855351750988,215.10009765625,103803900
2017-09-01 00:00:00-04:00,215.47378279149711,215.83012774424623,215.25650122447658,215.4042510986328,62007000
2017-09-05 00:00:00-04:00,214.90015712543195,215.12613844359225,212.89247756007697,213.85720825195312,91398800
2017-09-06 00:00:00-04:00,214.53511956173446,214.91753723218903,214.0049520207523,214.58726501464844,57916900
2017-09-07 00:00:00-04:00,214.89150580151696,214.90889204310074,214.1527430450965,214.5612335205078,58034700
2017-09-08 00:00:00-04:00,214.274416360231,214.769824772838,214.06583451224182,214.30918884277344,63832800
2017-09-11 00:00:00-04:00,215.57812682484715,216.67323468005944,215.56075384371064,216.5950164794922,71364800
2017-09-12 00:00:00-04:00,216.9599655558394,217.35975615912275,216.77744322873167,217.3249969482422,56896000
2017-09-13 00:00:00-04:00,217.03823234422606,217.46410902833395,216.9252416753817,217.42933654785156,59228000
2017-09-14 00:00:00-04:00,217.10780716707143,217.55975667040315,216.93398451558022,217.35984802246094,95446300
2017-09-15 00:00:00-04:00,217.2156545514275,217.73971021423142,217.1108460843923,217.65237426757812,95432400
2017-09-18 00:00:00-04:00,218.01923179186971,218.4646811341499,217.7309951606429,218.1153106689453,46235200
2017-09-19 00:00:00-04:00,218.35989657938688,218.42104374769173,218.01052607591205,218.3336944580078,47108100
2017-09-20 00:00:00-04:00,218.42103540568147,218.52584388719498,217.41657192320085,218.41229248046875,59574100
2017-09-21 00:00:00-04:00,218.25512344327234,218.3424594194711,217.65244789868083,217.82713317871094,48211400
2017-09-22 00:00:00-04:00,217.53014764359605,218.03674424025084,217.50394552028905,217.87078857421875,51214000
2017-09-25 00:00:00-04:00,217.61746600132773,217.9668498298664,216.68289258120123,217.42530822753906,57064400
2017-09-26 00:00:00-04:00,217.85330171224217,218.09786373210036,217.32050302734459,217.55633544921875,54082000
2017-09-27 00:00:00-04:00,218.25505083053952,218.78784942033215,217.37286846929294,218.40353393554688,81001400
2017-09-28 00:00:00-04:00,218.12407725765934,218.74422526534195,218.0367412903613,218.66561889648438,44778800
2017-09-29 00:00:00-04:00,218.65687388117044,219.5128543148782,218.47345902225527,219.43423461914062,85578000
2017-10-02 00:00:00-04:00,219.6612893935846,220.38624572753906,219.48659084361725,220.38624572753906,59023000
2017-10-03 00:00:00-04:00,220.38628914782512,220.8841427959599,220.30766945379898,220.85794067382812,66810200
2017-10-04 00:00:00-04:00,220.70938601391714,221.36446551018182,220.59583463639078,221.11990356445312,55953600
2017-10-05 00:00:00-04:00,221.45186859770155,222.447589200853,221.15490233464226,222.4301300048828,63522800
2017-10-06 00:00:00-04:00,221.9846458307206,222.465040226087,221.7226246401837,222.1768035888672,80646000
2017-10-09 00:00:00-04:00,222.40389755498163,222.46503138780173,221.54791727447073,221.80995178222656,35803100
2017-10-10 00:00:00-04:00,222.37771292417833,222.77075805290576,221.83617134486326,222.39517211914062,43057400
2017-10-11 00:00:00-04:00,222.29908992244182,222.7445526123047,222.13314760699538,222.7445526123047,47674300
2017-10-12 00:00:00-04:00,222.4301464750898,222.77951700719035,222.17684151083012,222.4126739501953,47065100
2017-10-13 00:00:00-04:00,222.84938156164074,222.96293297578225,222.41266175664202,222.6834259033203,54800400
2017-10-16 00:00:00-04:00,222.91054426948924,223.17256550864792,222.56990333095123,222.98040771484375,38221700
2017-10-17 00:00:00-04:00,222.92803444683133,223.18133945006159,222.7096744987663,223.13766479492188,31561000
2017-10-18 00:00:00-04:00,223.51321555752034,223.55689020837087,223.1638450059807,223.3560028076172,40888300
2017-10-19 00:00:00-04:00,222.5786196871285,223.45205930604234,222.15937240178653,223.4171142578125,61903800
2017-10-20 00:00:00-04:00,224.2119510702714,224.59626661827306,223.39964532969876,224.57003784179688,89176400
2017-10-23 00:00:00-04:00,224.89324417338113,224.9194462959128,223.61800312947534,223.6966094970703,63915300
2017-10-24 00:00:00-04:00,224.1246056918486,224.32547973958586,223.73154721149646,224.08966064453125,66935900
2017-10-25 00:00:00-04:00,223.75776848882185,223.8713199108784,221.85367640356625,222.98040771484375,103715300
2017-10-26 00:00:00-04:00,223.59179742215292,223.86254822529017,223.1463347175475,223.26861572265625,69798000
2017-10-27 00:00:00-04:00,224.01102924490968,225.25132506108443,223.2773432648059,225.09408569335938,85562500
2017-10-30 00:00:00-04:00,224.01102273054096,224.99801359997798,223.95861849457592,224.25558471679688,54285700
2017-10-31 00:00:00-04:00,224.6311978502524,224.85830068394264,224.3080294517007,224.60499572753906,60304800
2017-11-01 00:00:00-04:00,225.38235477957573,225.72298235215794,224.5351173279343,224.90194702148438,54202700
2017-11-02 00:00:00-04:00,224.8320756098468,225.1290418553702,223.7664783028467,224.98928833007812,56449500
2017-11-03 00:00:00-04:00,225.14650410247782,225.7841245724056,224.73598644613577,225.74046325683594,59589700
2017-11-06 00:00:00-05:00,225.60946643391293,226.22088489302695,225.53960298542842,226.08987426757812,49652600
2017-11-07 00:00:00-05:00,226.19469949292795,226.5266108721165,225.42606822644223,225.93267822265625,57502200
2017-11-08 00:00:00-05:00,225.75790711573666,226.4129867363392,225.47840008035098,226.31689453125,50469600
2017-11-09 00:00:00-05:00,225.1115493942185,225.68802260513684,223.91491500860073,225.49586486816406,95085500
2017-11-10 00:00:00-05:00,225.11156945103457,225.60069343322567,224.79711737376437,225.42599487304688,59984700
2017-11-13 00:00:00-05:00,224.74476699576226,225.8627687451596,224.7098219443005,225.6356658935547,50228600
2017-11-14 00:00:00-05:00,224.83211094747693,225.2164265386195,224.05473683871833,225.1116180419922,61315200
2017-11-15 00:00:00-05:00,224.14210655809194,224.66617574423734,223.27740972687494,223.98489379882812,80811500
2017-11-16 00:00:00-05:00,224.9281576360003,226.2558028958665,224.8844963178253,225.88894653320312,67777000
2017-11-17 00:00:00-05:00,225.53954973835357,225.86271808991955,225.14649129953867,225.22509765625,75756800
2017-11-20 00:00:00-05:00,225.4696939076753,225.80157853989257,225.22510524931647,225.6094207763672,48075500
2017-11-21 00:00:00-05:00,226.37810249998583,227.26902808267985,225.57455287648494,227.08558654785156,69176800
2017-11-22 00:00:00-05:00,227.0943368606652,227.22534749318547,226.7187641623518,226.8847198486328,45033400
2017-11-24 00:00:00-05:00,227.37378827509912,227.51354180063734,227.2340347495609,227.40870666503906,27856500
2017-11-27 00:00:00-05:00,227.4524550718516,227.74942139680508,227.09434156536653,227.2952423095703,52274900
2017-11-28 00:00:00-05:00,227.75811423402223,229.62726108124528,227.66202201913927,229.60105895996094,98971700
2017-11-29 00:00:00-05:00,229.73209840085838,230.26491047419557,229.015898110774,229.46133422851562,77512100
2017-11-30 00:00:00-05:00,230.3784610083552,232.3786187053131,230.29985463494003,231.4702606201172,127894400
2017-12-01 00:00:00-05:00,231.2519160814761,231.7322972805025,227.75815709142037,230.9898681640625,164390900
2017-12-04 00:00:00-05:00,232.6056759761227,233.03365281038865,230.6578962545037,230.7103271484375,94040600
2017-12-05 00:00:00-05:00,229.88058471679688,231.59251897552159,229.74957409972203,229.88058471679688,77994500
2017-12-06 00:00:00-05:00,229.97664435778418,230.35224365740348,229.4613181737277,229.9242401123047,75898600
2017-12-07 00:00:00-05:00,230.64923095703125,230.96365645856784,229.6622398184337,230.64923095703125,77218600
2017-12-08 00:00:00-05:00,231.6012579582747,231.9156834339006,230.61426690101155,231.90696716308594,76563900
2017-12-11 00:00:00-05:00,232.60569763183594,232.66684480106926,231.88075449249916,232.60569763183594,83077500
2017-12-12 00:00:00-05:00,233.39182329780536,233.4879155290524,232.64067792289777,233.01625061035156,85195800
2017-12-13 00:00:00-05:00,233.26078490419235,233.6975047181604,232.9026714581071,232.99002075195312,102905400
2017-12-14 00:00:00-05:00,233.2870067611082,233.40055818718739,231.98559013507742,232.03799438476562,100666700
2017-12-15 00:00:00-05:00,233.03956271190376,234.43542646875517,232.98689062987137,233.9701385498047,144610300
2017-12-18 00:00:00-05:00,235.36612267824435,235.8050747806687,235.26077846030412,235.45391845703125,83653600
2017-12-19 00:00:00-05:00,235.6996736694623,235.74355815250783,234.479374259354,234.54962158203125,82382900
2017-12-20 00:00:00-05:00,235.51536577852528,235.56803789071338,234.12828883838594,234.42677307128906,76751500
2017-12-21 00:00:00-05:00,235.05002902454035,235.6206881078484,234.66374908730396,234.90956115722656,67032300
2017-12-22 00:00:00-05:00,234.92712216084462,234.96224582342296,234.3125786274947,234.84811401367188,78720900
2017-12-26 00:00:00-05:00,234.44431077412563,234.7867062791785,234.30386967573068,234.56723022460938,45244400
2017-12-27 00:00:00-05:00,234.73400755302202,235.04127935287949,234.40918731573265,234.68133544921875,57751000
2017-12-28 00:00:00-05:00,235.18182083990934,235.20815690005426,234.7955407634394,235.16424560546875,45116100
2017-12-29 00:00:00-05:00,235.74356204218506,235.76111047739207,234.0843373997339,234.27745056152344,96007400
2018-01-02 00:00:00-05:00,235.13784025255728,235.9894083349834,234.7515602899202,235.95428466796875,86655700
2018-01-03 00:00:00-05:00,236.12114844966464,237.5960481315541,236.12114844966464,237.44679260253906,90070400
2018-01-04 00:00:00-05:00,238.08762314772258,238.9304036547057,237.50820317682505,238.44754028320312,80636400
2018-01-05 00:00:00-05:00,239.23763366582364,240.1594221725427,238.7460095567062,240.03652954101562,83524000
2018-01-08 00:00:00-05:00,239.9399589710568,240.6335106872347,239.65026241653015,240.47549438476562,57319200
2018-01-09 00:00:00-05:00,240.89694747484407,241.6431715281476,240.61601165382154,241.01986694335938,57254000
2018-01-10 00:00:00-05:00,240.2647973076733,240.9144645859903,239.59760838310203,240.6510772705078,69574300
2018-01-11 00:00:00-05:00,241.20416646404138,242.40689086914062,241.0373625313552,242.40689086914062,62361500
2018-01-12 00:00:00-05:00,242.67025024306636,244.1538834452127,242.3717392883683,243.9871063232422,90816100
2018-01-16 00:00:00-05:00,245.2425535744117,245.89219413547542,242.45958535928062,243.15313720703125,106555100
2018-01-17 00:00:00-05:00,244.08365705963055,245.85701356015943,243.15308092859505,245.47073364257812,113258800
2018-01-18 00:00:00-05:00,245.35668124153545,245.77805812089665,244.56654600971189,245.05819702148438,100728000
2018-01-19 00:00:00-05:00,245.6375450366647,246.17308044433594,245.05815193414344,246.17308044433594,140920100
2018-01-22 00:00:00-05:00,245.96244980743063,248.1747589111328,245.90975090331943,248.1747589111328,91322400
2018-01-23 00:00:00-05:00,248.21861368775413,248.99117363539048,247.89379343511357,248.70147705078125,97084700
2018-01-24 00:00:00-05:00,249.3423251815439,249.93932036064535,247.4285005787556,248.60488891601562,134816100
2018-01-25 00:00:00-05:00,249.4651552674998,249.56171182877193,247.9200359551562,248.71014404296875,84587300
2018-01-26 00:00:00-05:00,249.54430791447624,251.63372452420188,249.28970815499756,251.58981323242188,107743100
2018-01-29 00:00:00-05:00,251.0191178174703,251.45806987609902,249.76372135975387,249.92173767089844,90118300
2018-01-30 00:00:00-05:00,248.09569731750025,249.9743981091749,246.88418540558078,247.35826110839844,131796400
2018-01-31 00:00:00-05:00,248.2098307869233,248.7102157521953,246.41011134364305,247.4811553955078,108364800
2018-02-01 00:00:00-05:00,246.75248249293085,248.49950287103297,246.41008707469774,247.2001953125,90102500
2018-02-02 00:00:00-05:00,245.88336854660707,246.01507559481632,241.78357140273644,241.81869506835938,173174800
2018-02-05 00:00:00-05:00,240.0628951810938,242.16985973581026,231.1609344386689,231.70523071289062,294681800
2018-02-06 00:00:00-05:00,228.20241370210414,236.7707670349998,227.11382109691172,236.27035522460938,355026800
2018-02-07 00:00:00-05:00,235.71726560370294,239.10596278188044,234.90958199288642,234.98861694335938,167376100
2018-02-08 00:00:00-05:00,235.28705561060156,235.42752346319241,226.1392842979608,226.17440795898438,246449500
2018-02-09 00:00:00-05:00,228.95738632420708,231.42429478550562,222.039510890829,229.57192993164062,283565300
2018-02-12 00:00:00-05:00,231.61744087262778,234.4091964404118,229.71240386406902,232.94308471679688,143736000
2018-02-13 00:00:00-05:00,231.74031691253185,234.0667571237213,231.16089706515012,233.5224609375,81223600
2018-02-14 00:00:00-05:00,232.03884618797034,237.0341229974219,232.03005857309503,236.67417907714844,120735700
2018-02-15 00:00:00-05:00,238.41248106990378,239.70300148361503,235.95433291489908,239.6942138671875,111200300
2018-02-16 00:00:00-05:00,239.07087926559547,241.70459187762137,239.02696798048893,239.764404296875,160420100
2018-02-20 00:00:00-05:00,238.8162675010244,240.25604318291386,237.47307520829037,238.26318359375,86369700
2018-02-21 00:00:00-05:00,238.7020694980846,241.17776497216042,236.98138532365306,237.07794189453125,98883700
2018-02-22 00:00:00-05:00,237.9998280651637,239.71172513772538,236.71809546663133,237.38528442382812,110511300
2018-02-23 00:00:00-05:00,238.60554160702387,241.16900634765625,238.13146593359008,241.16900634765625,92766400
2018-02-26 00:00:00-05:00,242.24014706555099,244.06620316353616,241.65196613924496,243.96961975097656,86491400
2018-02-27 00:00:00-05:00,244.1539603124492,244.8650874678141,240.86181907554146,240.92327880859375,99099200
2018-02-28 00:00:00-05:00,242.0205878320597,242.46832748149382,238.1666028924506,238.48263549804688,121907800
2018-03-01 00:00:00-05:00,238.27193959455408,239.81705928396283,233.52247550556922,235.01492309570312,176855100
2018-03-02 00:00:00-05:00,233.34691584624574,236.78831195402194,232.48658691293335,236.2264404296875,139083200
2018-03-05 00:00:00-05:00,235.0413262022246,239.5713155727941,234.93595518210756,238.95677185058594,97307400
2018-03-06 00:00:00-05:00,239.93123532163432,240.01027028544524,238.0700824856966,239.56253051757812,79213200
2018-03-07 00:00:00-05:00,237.4028145444429,239.82581139761658,237.2096745902801,239.4746551513672,87063500
2018-03-08 00:00:00-05:00,240.15069676846312,240.75645284402566,239.15868747125592,240.63356018066406,66901200
2018-03-09 00:00:00-05:00,242.0381801182192,244.8211212158203,241.72212069884188,244.8211212158203,113625300
2018-03-12 00:00:00-04:00,245.11083486984458,245.7341392777814,244.12755977525234,244.5138397216797,71924800
2018-03-13 00:00:00-04:00,245.67264991853583,246.17306162396162,242.32783785216952,242.93359375,91968900
2018-03-14 00:00:00-04:00,243.89048280961765,244.07483512888254,241.13387846701005,241.6869354248047,105895100
2018-03-15 00:00:00-04:00,242.1961590473828,242.83701181881128,240.92318753477184,241.42359924316406,83433000
2018-03-16 00:00:00-04:00,241.9498400999178,242.73431697378314,241.63254174564145,241.6854248046875,100343700
2018-03-19 00:00:00-04:00,240.93626628921376,241.86174692882767,236.76713820760952,238.41539001464844,109208400
2018-03-20 00:00:00-04:00,238.81196271389197,239.4554090668735,238.14207483401023,238.82078552246094,59757300
2018-03-21 00:00:00-04:00,238.7767869849174,240.8657490816394,238.1509860168484,238.36251831054688,78709600
2018-03-22 00:00:00-04:00,236.14135842608349,236.9875145351532,232.13087919787523,232.40414428710938,148785900
2018-03-23 00:00:00-04:00,232.84481538646813,233.17093659771976,227.25658694391362,227.45050048828125,183534800
2018-03-26 00:00:00-04:00,231.04667911183574,233.95535498438946,228.64921511489823,233.6732940673828,141956100
2018-03-27 00:00:00-04:00,234.60760614398222,235.13643669911855,228.14678157438954,229.69808959960938,129941400
2018-03-28 00:00:00-04:00,229.8303276361625,231.49622480159888,227.91763387941825,229.0194091796875,146452300
2018-03-29 00:00:00-04:00,230.1564273834921,233.80551974952124,229.0282106570557,231.94570922851562,111601600
2018-04-02 00:00:00-04:00,231.41688855818825,231.92812739453532,224.47130575320918,226.9392852783203,186286300
2018-04-03 00:00:00-04:00,228.1732682393446,230.32393591836862,226.38398611035794,229.84796142578125,119956900
2018-04-04 00:00:00-04:00,226.30462916904324,233.01222376677336,226.17242152300034,232.30709838867188,123715300
2018-04-05 00:00:00-04:00,234.0611514312149,235.0219232354331,232.9770216703882,234.1405029296875,82652600
2018-04-06 00:00:00-04:00,232.18373580132868,233.67331128789823,227.40642617564995,228.92247009277344,179521200
2018-04-09 00:00:00-04:00,230.3768414531003,233.4353712614112,229.1164167597462,230.05072021484375,105442900
2018-04-10 00:00:00-04:00,232.93291826893037,234.49304931652253,231.79590552096968,233.7085723876953,103529000
2018-04-11 00:00:00-04:00,232.22782477620186,234.14051880483157,232.1573229824398,232.4834442138672,91140200
2018-04-12 00:00:00-04:00,233.80553590428718,235.33919847775888,233.62924110095946,234.3960723876953,68890500
2018-04-13 00:00:00-04:00,235.70059074735886,235.81517968292337,232.70376729661248,233.7085723876953,85079200
2018-04-16 00:00:00-04:00,235.33919382812687,236.39690882957498,234.51947949635002,235.6300506591797,63405300
2018-04-17 00:00:00-04:00,237.39282848651607,238.75022277084807,236.8816167398159,238.15086364746094,64682000
2018-04-18 00:00:00-04:00,238.59162476057676,239.12927814561803,237.8688537751826,238.32720947265625,57303900
2018-04-19 00:00:00-04:00,237.67492690933037,237.87766321788325,235.97379255540952,237.00506591796875,77655900
2018-04-20 00:00:00-04:00,236.9345575277574,237.1549125737747,234.11400217921198,234.99542236328125,99953100
2018-04-23 00:00:00-04:00,235.56838720920786,236.123686276615,233.88487128536516,234.960205078125,65558000
2018-04-24 00:00:00-04:00,235.98266000422277,236.20301507306138,230.29748846866164,231.79591369628906,112885500
2018-04-25 00:00:00-04:00,231.73419654709733,232.80953030666575,229.91847302010967,232.3688201904297,103840900
2018-04-26 00:00:00-04:00,233.3912538357174,235.5595399175105,232.9505437516809,234.7310028076172,67731900
2018-04-27 00:00:00-04:00,235.339151433637,235.63883102034006,234.01702136940307,234.95132446289062,57053600
2018-04-30 00:00:00-04:00,235.56842206396763,236.12372121353692,233.07398729666673,233.14451599121094,82182300
2018-05-01 00:00:00-04:00,232.5803102933891,233.66446666644478,231.02900235772682,233.55870056152344,74203400
2018-05-02 00:00:00-04:00,233.36480513816895,234.17569660455436,231.60196485617357,231.9897918701172,86368900
2018-05-03 00:00:00-04:00,231.16124781281792,232.13078841962331,228.33186987842024,231.47854614257812,136311500
2018-05-04 00:00:00-04:00,230.50905674946347,235.1541595417253,230.18293550042833,234.47544860839844,91222100
2018-05-07 00:00:00-04:00,235.24223522943518,236.23821739751983,234.5547016940085,235.2686767578125,55304900
2018-05-08 00:00:00-04:00,234.89846846172185,235.63003534603325,233.70854588712598,235.2686767578125,67499200
2018-05-09 00:00:00-04:00,235.93853351993553,237.86884575308144,235.41849887202426,237.542724609375,59666100
2018-05-10 00:00:00-04:00,238.28309102380584,240.09001824992728,238.17732492253143,239.7638702392578,72063900
2018-05-11 00:00:00-04:00,239.88731658829252,240.75991394858534,239.37607782658708,240.49549865722656,59871500
2018-05-14 00:00:00-04:00,240.9274210765786,241.57966348961148,240.06361950078988,240.61012268066406,54790600
2018-05-15 00:00:00-04:00,239.38501247726802,239.4026312053205,238.00999852217421,238.953125,87036100
2018-05-16 00:00:00-04:00,238.98825361961775,240.41614984670522,238.9617851943398,239.95779418945312,53942600
2018-05-17 00:00:00-04:00,239.69342108090297,240.83046071677833,238.97947284179332,239.755126953125,56536400
2018-05-18 00:00:00-04:00,239.4113047657262,239.77269020666907,238.80312279179847,239.1556854248047,64368000
2018-05-21 00:00:00-04:00,240.63646760061803,241.4914460225399,240.2486406732224,240.95376586914062,58025900
2018-05-22 00:00:00-04:00,241.473904138964,241.72952356428226,239.95786010756726,240.2839813232422,52966400
2018-05-23 00:00:00-04:00,239.01472187827835,240.971475752457,238.85604580289476,240.94500732421875,64694200
2018-05-24 00:00:00-04:00,240.5484320183078,240.82167017612028,238.67100236063115,240.4514617919922,76043800
2018-05-25 00:00:00-04:00,239.87860107421875,240.50440214288815,239.3761848971026,239.87860107421875,56374800
2018-05-29 00:00:00-04:00,238.25668371463993,239.0147190473101,236.00907304336295,237.11964416503906,115908600
2018-05-30 00:00:00-04:00,238.42419735328477,240.7246914847085,238.35369556292812,240.2839813232422,69678400
2018-05-31 00:00:00-04:00,239.87852272098635,240.1782023869531,238.21265238681653,238.81201171875,93519900
2018-06-01 00:00:00-04:00,240.1076326746418,241.45620423939144,240.03710400918308,241.15652465820312,71258400
2018-06-04 00:00:00-04:00,241.97629276170582,242.5580333367851,241.73831898505043,242.3024139404297,45385200
2018-06-05 00:00:00-04:00,242.43467260590893,242.85776408557587,241.6678411543008,242.478759765625,51135000
2018-06-06 00:00:00-04:00,243.08693803970908,244.61177810638046,242.46993300426405,244.50601196289062,62732200
2018-06-07 00:00:00-04:00,244.9907003344517,245.28155709966063,243.57160014374352,244.47946166992188,72969400
2018-06-08 00:00:00-04:00,244.0212314911111,245.25521461254337,243.85375947118658,245.20233154296875,72139700
2018-06-11 00:00:00-04:00,245.4226609959224,246.24237538751734,245.30807205754232,245.52842712402344,58892500
2018-06-12 00:00:00-04:00,245.94267695300078,246.2070922530715,245.20228721399303,245.84573364257812,72329000
2018-06-13 00:00:00-04:00,246.08369940431285,246.33931878526906,244.85851245663383,245.06124877929688,79070600
2018-06-14 00:00:00-04:00,245.92515666380083,246.20719079715678,245.08779638040835,245.67835998535156,77097600
2018-06-15 00:00:00-04:00,244.8955883333687,245.7012856482646,243.78886570624715,245.36483764648438,120041600
2018-06-18 00:00:00-04:00,243.912883391393,244.9842106946697,243.43479851612997,244.86024475097656,52917600
2018-06-19 00:00:00-04:00,242.59360943082888,244.1430211698944,242.17748062583885,243.9216766357422,97531500
2018-06-20 00:00:00-04:00,244.60341697386283,245.00184795767245,244.0013663037661,244.3378143310547,53785500
2018-06-21 00:00:00-04:00,244.32889671943892,244.34662157135446,242.31023603123566,242.80604553222656,71061400
2018-06-22 00:00:00-04:00,244.06329313713783,244.17839659575208,243.02738902920078,243.2487335205078,54898500
2018-06-25 00:00:00-04:00,242.09771726657445,242.2570787921094,238.25518070657074,239.93739318847656,137854200
2018-06-26 00:00:00-04:00,240.50414217516678,241.31867497111477,239.7515653170251,240.46871948242188,68547400
2018-06-27 00:00:00-04:00,241.05298479723743,242.4784301823605,238.32600585761105,238.47653198242188,105110700
2018-06-28 00:00:00-04:00,238.42355336168143,240.60157662785568,237.71523444043495,239.8401641845703,76650500
2018-06-29 00:00:00-04:00,240.92912403034688,242.29261409496888,240.07030605075767,240.18540954589844,97592500
2018-07-02 00:00:00-04:00,238.61828121441778,240.85828692224064,238.3792118140002,240.6988983154297,63554800
2018-07-03 00:00:00-04:00,241.59316478266507,241.6905704427875,239.42400422779951,239.84896850585938,42187100
2018-07-05 00:00:00-04:00,240.97340287322703,241.86761650524355,239.90207576914923,241.80563354492188,56925900
2018-07-06 00:00:00-04:00,241.8321692408488,244.2226737215322,241.45143615123604,243.850830078125,66493700
2018-07-09 00:00:00-04:00,244.8513799026031,246.09976665933533,244.807121791495,246.04664611816406,50550400
2018-07-10 00:00:00-04:00,246.4981496435699,247.0293819712378,246.2059597045332,246.93197631835938,51966800
2018-07-11 00:00:00-04:00,245.38251487407948,246.1705142878191,244.82472239371876,245.12574768066406,77054700
2018-07-12 00:00:00-04:00,246.38300937889045,247.40118876018292,245.78095877320726,247.3480682373047,60124700
2018-07-13 00:00:00-04:00,247.17095732066952,247.84382614342442,246.7194059507189,247.5428009033203,48216000
2018-07-16 00:00:00-04:00,247.5872086897377,247.72884544501252,246.878889815352,247.3215789794922,48201000
2018-07-17 00:00:00-04:00,246.55123480830568,248.71155948323252,246.4981142851185,248.32199096679688,52315500
2018-07-18 00:00:00-04:00,248.40174747094176,248.9506777242672,247.95905829637567,248.8444366455078,44593500
2018-07-19 00:00:00-04:00,248.18034885597547,248.56105497851968,247.42777201912497,247.9058837890625,61412100
2018-07-20 00:00:00-04:00,247.70233096840784,248.33096915181622,247.46328850263743,247.62265014648438,82337700
2018-07-23 00:00:00-04:00,247.41894365871448,248.28659698414955,247.07363319847968,248.08297729492188,47047600
2018-07-24 00:00:00-04:00,249.49071794855155,250.17244940108057,248.46367604604748,249.33132934570312,68026900
2018-07-25 00:00:00-04:00,249.0833737679788,251.7749303769225,249.03911567707434,251.45620727539062,78882900
2018-07-26 00:00:00-04:00,250.73909822087222,251.54476854513118,250.64169257599485,250.863037109375,57919500
2018-07-27 00:00:00-04:00,251.19058208133256,251.2879877104607,248.2422852620333,249.1630859375,76768700
2018-07-30 00:00:00-04:00,249.24282110559668,249.4021826939374,247.3392363952235,247.86163330078125,63742500
2018-07-31 00:00:00-04:00,248.62295674193922,249.69425639583147,248.2422507437213,249.08334350585938,68570500
2018-08-01 00:00:00-04:00,249.28708818072533,249.79176024823593,248.0210038173346,248.6673126220703,53853300
2018-08-02 00:00:00-04:00,247.36582285557148,250.19015439375062,247.1621761469714,250.02195739746094,63426400
2018-08-03 00:00:00-04:00,250.14587016215646,251.14635172489284,249.96878373668994,251.09323120117188,53935400
2018-08-06 00:00:00-04:00,251.12867518151927,252.3239140861713,250.7391066281403,252.01405334472656,39400900
2018-08-07 00:00:00-04:00,252.67804022075435,253.22697025725319,252.54521190516917,252.8462371826172,43196600
2018-08-08 00:00:00-04:00,252.6781868612413,253.13857396106408,252.27975572244284,252.74014282226562,42114600
2018-08-09 00:00:00-04:00,252.80193482202702,253.19150323511658,252.26186730636365,252.39466857910156,35717000
2018-08-10 00:00:00-04:00,250.9604568137881,251.5005245360856,249.99537081693893,250.7036895751953,77076000
2018-08-13 00:00:00-04:00,250.97806957776203,251.58898247860634,249.47291636880874,249.76510620117188,65732900
2018-08-14 00:00:00-04:00,250.4912485084296,251.59797141870374,250.10167988244493,251.35890197753906,43842000
2018-08-15 00:00:00-04:00,250.0130131442934,250.15467684918175,248.04747314579978,249.48178100585938,102925400
2018-08-16 00:00:00-04:00,250.91618119228193,252.36821443698148,250.88075849812859,251.5005340576172,69967900
2018-08-17 00:00:00-04:00,251.29685472442358,252.82856856746483,250.88958836311608,252.38587951660156,65618500
2018-08-20 00:00:00-04:00,252.83740589137912,253.19155169298872,252.38585445806106,252.9259490966797,39807500
2018-08-21 00:00:00-04:00,253.43949950542424,254.37799819792022,252.96138773126302,253.51918029785156,67272000
2018-08-22 00:00:00-04:00,253.11188513982498,253.8910221589118,252.84625550899398,253.36865234375,44993300
2018-08-23 00:00:00-04:00,253.19143545923598,254.0502528191642,252.71332398577587,253.03207397460938,49204900
2018-08-24 00:00:00-04:00,253.6077231096326,254.69674797691286,253.55460258143327,254.55508422851562,57487400
2018-08-27 00:00:00-04:00,255.75029016014744,256.67109089621715,255.59092859609513,256.5648498535156,57072400
2018-08-28 00:00:00-04:00,257.0252637708789,257.1315318443619,256.2284288471343,256.6888427734375,46943500
2018-08-29 00:00:00-04:00,256.90130179728936,258.3001872470909,256.66225944752415,258.07000732421875,61485500
2018-08-30 00:00:00-04:00,257.5918929605646,257.96373661193746,256.4320498724357,257.0252380371094,61229500
2018-08-31 00:00:00-04:00,256.61808126162185,257.47689942068666,256.13113393229463,257.0342102050781,66140800
2018-09-04 00:00:00-04:00,256.61802144760213,256.94560706766003,255.59097946442648,256.5914611816406,57594400
2018-09-05 00:00:00-04:00,256.2373116913065,256.44095840721263,254.8915465355231,255.90086364746094,72452400
2018-09-06 00:00:00-04:00,256.00714641996956,256.3081718188765,254.10358835710352,255.13063049316406,65909900
2018-09-07 00:00:00-04:00,254.08583548590653,255.60868701029355,253.84676608884516,254.634765625,73524800
2018-09-10 00:00:00-04:00,255.64397453739272,255.90960408624719,254.8825626070989,255.0773468017578,50210900
2018-09-11 00:00:00-04:00,254.43111974684635,256.36123766786574,254.0858363116095,255.91854858398438,50530500
2018-09-12 00:00:00-04:00,255.92742451264513,256.58259574508,255.1925724832599,255.9805450439453,59810800
2018-09-13 00:00:00-04:00,257.04295190384914,257.68042515569164,256.75962445423187,257.4944763183594,51034200
2018-09-14 00:00:00-04:00,257.69811887974004,257.8840406945149,256.75962035999163,257.53875732421875,55079900
2018-09-17 00:00:00-04:00,257.48566226721647,257.52105793665976,255.90082792279205,256.17529296875,68244000
2018-09-18 00:00:00-04:00,256.38770941207565,258.1584651362326,256.3611491569968,257.5652770996094,61930400
2018-09-19 00:00:00-04:00,257.6184077230567,258.2558808895619,257.4944418480969,257.8397521972656,49080600
2018-09-20 00:00:00-04:00,259.0970906351815,260.2480714927518,257.8575395336768,259.9293212890625,100360600
2018-09-21 00:00:00-04:00,260.67025551268455,260.78588008685654,259.53184201162946,259.6919250488281,105479700
2018-09-24 00:00:00-04:00,259.11365049166267,259.2559554738221,258.25094519737735,258.82904052734375,53409600
2018-09-25 00:00:00-04:00,259.2827398777616,259.3894618716786,258.3488952890775,258.5890197753906,44370000
2018-09-26 00:00:00-04:00,258.7312519258059,259.91412321436593,257.3971730938539,257.815185546875,79739700
2018-09-27 00:00:00-04:00,258.2865260473145,259.62060470915617,258.01081862855256,258.5355529785156,59249500
2018-09-28 00:00:00-04:00,257.9129944166309,259.0603097649122,257.87743852473693,258.562255859375,70091400
2018-10-01 00:00:00-04:00,259.7985457060066,260.5278487801344,258.7935622699914,259.4606018066406,62078900
2018-10-02 00:00:00-04:00,259.3093566894531,260.02085456876165,258.93582980248266,259.3093566894531,47258200
2018-10-03 00:00:00-04:00,260.3588240182784,260.7768364839188,259.0959112187038,259.45166015625,64694600
2018-10-04 00:00:00-04:00,258.9713814326385,259.02474241561276,255.84075281656695,257.4238586425781,111545900
2018-10-05 00:00:00-04:00,257.64628686625036,258.16211891263504,254.56011570949343,255.98313903808594,105951700
2018-10-08 00:00:00-04:00,255.2982943027859,256.3388880847559,253.91975656872245,255.98313903808594,87742200
2018-10-09 00:00:00-04:00,255.6006521845047,256.9080235309674,255.04921007260296,255.60952758789062,74339000
2018-10-10 00:00:00-04:00,255.10260623888726,255.17377232722666,247.1426168317317,247.51614379882812,214731000
2018-10-11 00:00:00-04:00,246.4311481997651,248.04983780700684,240.45447107772478,242.0642852783203,274840500
2018-10-12 00:00:00-04:00,246.15540825667637,246.44001835410387,242.2421144137428,245.42613220214844,183186500
2018-10-15 00:00:00-04:00,245.0703349983781,246.39553877632216,243.95860234615915,244.04754638671875,102263700
2018-10-16 00:00:00-04:00,246.00416376411522,249.75737362844944,245.53279028754295,249.38381958007812,118255800
2018-10-17 00:00:00-04:00,249.41939640534218,250.0508528260985,246.8579605429045,249.4282989501953,110626000
2018-10-18 00:00:00-04:00,248.49451374033328,249.0904144724787,244.55453915232613,245.82635498046875,134557500
2018-10-19 00:00:00-04:00,246.47556569491306,248.40551826556748,244.99918156304307,245.69290161132812,139901600
2018-10-22 00:00:00-04:00,246.35995760097512,246.68012357912642,244.05645078512885,244.590087890625,82415800
2018-10-23 00:00:00-04:00,240.9792119371778,244.4655907891369,238.89802425628625,243.34495544433594,146352700
2018-10-24 00:00:00-04:00,243.09590366941856,243.47836034056346,235.42052401836114,235.97193908691406,177806700
2018-10-25 00:00:00-04:00,237.8040420361195,241.74401565139752,236.78125352573443,240.2053680419922,138061500
2018-10-26 00:00:00-04:00,236.5055661327389,241.0236356256426,233.2770902132027,235.98080444335938,201574600
2018-10-29 00:00:00-04:00,239.06690816073626,240.35652851368536,231.10692100388889,234.67333984375,160749100
2018-10-30 00:00:00-04:00,234.50441802808442,238.462169433922,234.01523944405503,238.15087890625,157116000
2018-10-31 00:00:00-04:00,240.71226647068522,243.00689708304327,240.24089307231728,240.69448852539062,128296300
2018-11-01 00:00:00-04:00,241.55726602534855,243.4516627284058,240.4722139163721,243.25599670410156,99495000
2018-11-02 00:00:00-04:00,244.3588011959873,244.7857162430484,239.7695662222295,241.81517028808594,122634100
2018-11-05 00:00:00-05:00,242.30433388342226,243.70067647437028,241.33490636095422,243.14926147460938,65622500
2018-11-06 00:00:00-05:00,243.08702778229969,244.84799497942296,243.0247642380611,244.6879119873047,60085900
2018-11-07 00:00:00-05:00,246.85799876173513,250.00643309191767,246.43108367126504,249.9263916015625,102752100
2018-11-08 00:00:00-05:00,249.12587426965408,250.11310674373306,248.3343349233927,249.47274780273438,65584900
2018-11-09 00:00:00-05:00,248.16536857627477,248.35213203208713,245.63061310834027,247.03585815429688,98812600
2018-11-12 00:00:00-05:00,246.52894247011767,246.76906695308182,241.90412375753766,242.41998291015625,99673600
2018-11-13 00:00:00-05:00,242.88240555311336,244.8746213934451,241.24593866399726,241.96633911132812,98176600
2018-11-14 00:00:00-05:00,243.8340486792,244.23425606067528,238.75566264251438,240.3120880126953,125335900
2018-11-15 00:00:00-05:00,239.04912683050932,243.2826121469212,237.4749236526706,242.8201141357422,135101400
2018-11-16 00:00:00-05:00,241.72627930015418,244.35885481323828,241.21042011236045,243.45169067382812,126668000
2018-11-19 00:00:00-05:00,242.84686002553218,243.1403726335023,238.4177346862504,239.33380126953125,103061700
2018-11-20 00:00:00-05:00,236.00747788431894,237.46608408810766,234.0419422412269,234.90464782714844,136021300
2018-11-21 00:00:00-05:00,236.45211321876684,237.59942858521316,235.6961569464699,235.7050323486328,75563700
2018-11-23 00:00:00-05:00,234.06859584230529,235.5272018784924,233.97077641256175,234.130859375,42807900
2018-11-26 00:00:00-05:00,236.3810366819656,238.13312838545468,235.98970462643132,237.91078186035156,79981400
2018-11-27 00:00:00-05:00,236.8790639113208,238.71119689941406,236.27428794556133,238.71119689941406,75502400
2018-11-28 00:00:00-05:00,239.7785158641876,244.2076416015625,238.64897806215677,244.2076416015625,127629600
2018-11-29 00:00:00-05:00,243.43382912733134,245.07029607445224,242.29541615794696,243.67398071289062,82346400
2018-11-30 00:00:00-05:00,243.52274345751525,245.71952764718066,243.20257757168687,245.15921020507812,98204200
2018-12-03 00:00:00-05:00,249.27709506993918,249.38381704212895,246.81350573887352,248.40548706054688,103176300
2018-12-04 00:00:00-05:00,247.57833023485793,248.00524520620561,240.0452311362065,240.3565216064453,177986000
2018-12-06 00:00:00-05:00,236.50558006374058,240.1075831618919,233.41050644990975,239.99195861816406,204185400
2018-12-07 00:00:00-05:00,239.65398235031736,241.21931064647666,233.57948693968595,234.41551208496094,161018900
2018-12-10 00:00:00-05:00,234.23761783450223,235.8296265873571,230.01303376896047,234.86019897460938,151445900
2018-12-11 00:00:00-05:00,238.05307539835013,238.2398388706836,233.44606213473483,234.91354370117188,121504400
2018-12-12 00:00:00-05:00,237.88415648471647,239.2449164479819,236.0164398126873,236.0964813232422,97976700
2018-12-13 00:00:00-05:00,237.03914588891996,237.90185139073836,234.90462492684645,236.016357421875,96662700
2018-12-14 00:00:00-05:00,233.87294881626218,234.82459840670106,231.1069712205048,231.65838623046875,116961100
2018-12-17 00:00:00-05:00,230.7067615302446,231.8184942160514,225.48606918040167,227.1136474609375,165492300
2018-12-18 00:00:00-05:00,228.75013191672292,229.41717153878733,225.26372621629173,226.8646240234375,134515100
2018-12-19 00:00:00-05:00,226.94466625050688,230.7067659311748,221.7684458235465,223.4671630859375,214992800
2018-12-20 00:00:00-05:00,222.22197924177337,223.78729366508378,217.58827236195947,219.82952880859375,252053400
2018-12-21 00:00:00-05:00,220.72861735508985,223.38552036390047,214.68124937399995,215.32534790039062,255345600
2018-12-24 00:00:00-05:00,213.84030950978314,215.45055557955146,209.57317448764945,209.6357879638672,147311600
2018-12-26 00:00:00-05:00,211.09396462178614,220.2276153564453,209.11693755623702,220.2276153564453,218485400
2018-12-27 00:00:00-05:00,216.99822249418898,222.1152062471228,213.76878896161634,221.9184112548828,186267300
2018-12-28 00:00:00-05:00,223.26920838177477,224.89733637571823,220.46916948727355,221.6321258544922,153100200
2018-12-31 00:00:00-05:00,223.25131500932955,223.81490460672552,221.38164665156634,223.5733642578125,144299400
2019-01-02 00:00:00-05:00,220.04869177649815,224.72735303150918,220.02185547983245,223.80592346191406,126925200
2019-01-03 00:00:00-05:00,222.06156390491395,222.36573144390618,217.98228176056196,218.46536254882812,144140700
2019-01-04 00:00:00-05:00,221.4890038398222,226.42708803378295,221.1132819712888,225.78298950195312,142628800
2019-01-07 00:00:00-05:00,226.05135993790628,228.967685018204,225.1567801850317,227.56320190429688,103139100
2019-01-08 00:00:00-05:00,229.7459324926808,230.18426774732734,227.2232115446944,229.70118713378906,102512600
2019-01-09 00:00:00-05:00,230.40796876553281,231.61565694335764,229.18239882003667,230.77474975585938,95006600
2019-01-10 00:00:00-05:00,229.24502671919808,231.83930266140655,228.56513733970846,231.5888214111328,96823900
2019-01-11 00:00:00-05:00,230.51532876711232,231.70513525362898,229.93385732577602,231.6782989501953,73858100
2019-01-14 00:00:00-05:00,229.78172036067835,231.06991726630778,229.37917589042223,230.26480102539062,70908200
2019-01-15 00:00:00-05:00,230.6405685877629,233.2169627574834,230.6316140537097,232.9038543701172,85208300
2019-01-16 00:00:00-05:00,233.3332136885603,234.35304766189932,233.12747782757188,233.46742248535156,77636700
2019-01-17 00:00:00-05:00,232.59971433247924,236.09752480395065,232.5549689599642,235.23870849609375,96118400
2019-01-18 00:00:00-05:00,237.0457902053426,238.8349499938338,235.2745121865881,238.3697509765625,127900300
2019-01-22 00:00:00-05:00,236.9026116326025,237.11730203256215,233.53898309773086,235.1492156982422,115531200
2019-01-23 00:00:00-05:00,236.17801920347108,236.87579034797807,233.18117144550067,235.64126586914062,86030300
2019-01-24 00:00:00-05:00,235.46231041761553,236.34796286693012,234.45143100905162,235.76646423339844,59204100
2019-01-25 00:00:00-05:00,237.60930774993875,238.5844236749442,235.86489366572147,237.7613983154297,96883400
2019-01-28 00:00:00-05:00,235.62337082617444,236.01696079540557,234.1920377820725,235.95436096191406,85613700
2019-01-29 00:00:00-05:00,236.09751029838282,236.6610726340007,234.80931321615319,235.64126586914062,66136300
2019-01-30 00:00:00-05:00,237.15310270700996,240.2125502350187,236.3927044417232,239.37164306640625,92473700
2019-01-31 00:00:00-05:00,239.30903974505677,241.95698818402894,239.0943220389077,241.47390747070312,104012100
2019-02-01 00:00:00-05:00,241.67073412788216,242.6100593238502,240.80299060610332,241.59022521972656,85782500
2019-02-04 00:00:00-05:00,241.63492373195646,243.35252886814231,240.96398891789138,243.28990173339844,60744800
2019-02-05 00:00:00-05:00,243.71925135329133,244.61383089069133,243.21828899637939,244.30967712402344,79552800
2019-02-06 00:00:00-05:00,244.0324315275162,244.52443949783932,243.25415146881173,243.98768615722656,58347800
2019-02-07 00:00:00-05:00,242.37750304260123,242.92318372862786,240.00687154514668,241.66184997558594,95482000
2019-02-08 00:00:00-05:00,240.4183223771915,242.0553914066869,239.59529694515285,241.95700073242188,75788900
2019-02-11 00:00:00-05:00,242.6100733987666,242.8694819066253,241.56340293120226,242.09120178222656,68021400
2019-02-12 00:00:00-05:00,243.70145808664165,245.58005395704043,243.62987640943152,245.204345703125,72270200
2019-02-13 00:00:00-05:00,246.03627911704666,246.84139546981498,245.61582552276414,246.00048828125,65277200
2019-02-14 00:00:00-05:00,244.9180044645009,246.58193673483984,244.10393374358281,245.4547576904297,83234400
2019-02-15 00:00:00-05:00,247.22602816170678,248.16535320937362,247.02029230681626,248.1295623779297,97088700
2019-02-19 00:00:00-05:00,247.33335984756857,249.211955032135,247.3244053160837,248.55892944335938,59120800
2019-02-20 00:00:00-05:00,248.52318324557527,249.51618090468128,248.0222207996787,249.0599365234375,76610800
2019-02-21 00:00:00-05:00,248.4247976342912,248.7826240600063,247.21710955964718,248.17431640625,64214700
2019-02-22 00:00:00-05:00,248.79155411176745,249.90977876755096,248.15641015139627,249.71299743652344,78114600
2019-02-25 00:00:00-05:00,251.13539394000878,251.6542382053372,249.97242383431418,250.0529327392578,69030700
2019-02-26 00:00:00-05:00,249.70400535498007,250.7506481871813,249.49824222111025,249.8739776611328,56844100
2019-02-27 00:00:00-05:00,249.15834287634237,250.1155497637619,248.2279995898932,249.7666778564453,56921600
2019-02-28 00:00:00-05:00,249.5519338490404,249.99029644590678,248.9794170639072,249.30145263671875,69268300
2019-03-01 00:00:00-05:00,250.87586821141326,251.26948536139884,249.4266538411931,250.8579864501953,78880500
2019-03-04 00:00:00-05:00,251.9137351265447,252.15526189999304,247.65552556224296,249.94564819335938,106494600
2019-03-05 00:00:00-05:00,250.07085083470344,250.26765948736204,249.0599712687937,249.60565185546875,59114600
2019-03-06 00:00:00-05:00,249.72198358778937,249.73093812327843,247.77180588008423,248.09384155273438,75039800
2019-03-07 00:00:00-05:00,247.64651660427654,247.78965264981824,245.17749489480767,246.01840209960938,94885100
2019-03-08 00:00:00-05:00,244.1666005291717,245.6963242662043,243.701428884689,245.52635192871094,85795800
2019-03-11 00:00:00-04:00,246.2419896375439,249.24776399185794,246.21515334153762,249.0867462158203,65098900
2019-03-12 00:00:00-04:00,249.64136883696645,250.54490292510243,249.45351477422585,250.02603149414062,79667500
2019-03-13 00:00:00-04:00,250.91175053091055,252.61144667998187,250.7507054196275,251.6810760498047,80639200
2019-03-14 00:00:00-04:00,251.70793469576876,252.12838832842567,251.08174516442332,251.52008056640625,67518400
2019-03-15 00:00:00-04:00,252.07084468455997,253.57135794452324,251.88213571458323,252.7626953125,81309000
2019-03-18 00:00:00-04:00,252.97830890078654,253.97568041420575,252.75367888847163,253.6791534423828,62199800
2019-03-19 00:00:00-04:00,254.7394829347921,255.50320320501433,252.85258493986163,253.7421112060547,90268100
2019-03-20 00:00:00-04:00,253.52647464319236,254.73048847637557,251.87320068923955,252.97836303710938,84609200
2019-03-21 00:00:00-04:00,252.16074864484756,256.24001103955726,252.11580617771844,255.835693359375,79550400
2019-03-22 00:00:00-04:00,254.47883818093473,254.99996772134344,250.8488096648639,250.91171264648438,122659300
2019-03-25 00:00:00-04:00,250.57026199951557,251.75631495200972,249.46509997525595,250.7230224609375,85575200
2019-03-26 00:00:00-04:00,252.47516797375593,253.54440914506105,251.19029074123256,252.59197998046875,68125900
2019-03-27 00:00:00-04:00,252.58301106957472,253.16707116109836,249.7257232922533,251.27117919921875,72224700
2019-03-28 00:00:00-04:00,251.9000262651321,252.67274011542622,250.7499220414669,252.22348022460938,56238500
2019-03-29 00:00:00-04:00,253.73313183400046,254.1374494706387,252.60998158668255,253.81399536132812,82186800
2019-04-01 00:00:00-04:00,255.80863958619787,257.1204710295328,255.539067150015,256.8239440917969,77617900
2019-04-02 00:00:00-04:00,257.01270157304134,257.1834225886773,256.1590964948618,256.9497985839844,40070400
2019-04-03 00:00:00-04:00,258.16281915464305,258.55817021900583,256.7521359213784,257.3541564941406,68243200
2019-04-04 00:00:00-04:00,257.67758476056383,258.2885718276397,256.9857341776094,258.0369873046875,48997500
2019-04-05 00:00:00-04:00,258.7018257844475,259.3397671471662,258.4142928753795,259.2858581542969,58621700
2019-04-08 00:00:00-04:00,258.8635701451157,259.591369018369,258.2076407936316,259.4835510253906,53566300
2019-04-09 00:00:00-04:00,258.52229680983504,258.8457509997036,257.6058158512069,258.1539001464844,66142300
2019-04-10 00:00:00-04:00,258.5671452624204,259.1242508136989,258.1538336527132,259.0343933105469,52601500
2019-04-11 00:00:00-04:00,259.5196026050741,259.5285965825624,258.3964522455626,258.9625244140625,55093100
2019-04-12 00:00:00-04:00,260.57077209913416,260.9930775507416,259.0073562411478,260.71453857421875,69727800
2019-04-15 00:00:00-04:00,260.78653593400213,260.88538743061287,259.74424904421835,260.5439453125,49596700
2019-04-16 00:00:00-04:00,261.4243769759953,261.47828597657065,260.1215121472391,260.71453857421875,52153200
2019-04-17 00:00:00-04:00,261.82872721774316,261.855681721401,259.6632906883781,260.0766296386719,58268300
2019-04-18 00:00:00-04:00,260.6606420685019,260.8583175536374,259.36677115136985,260.5887451171875,68708500
2019-04-22 00:00:00-04:00,259.8250957710666,260.96620654252615,259.73523826780877,260.8134460449219,40160100
2019-04-23 00:00:00-04:00,261.18169300887945,263.3920711561434,260.94809653900546,263.158447265625,52246600
2019-04-24 00:00:00-04:00,263.0777235358863,263.410171605521,262.43078792825753,262.5745544433594,50392900
2019-04-25 00:00:00-04:00,262.4757447986305,263.06877148518953,261.22681584442034,262.412841796875,57770900
2019-04-26 00:00:00-04:00,262.45776734051964,263.70669621419734,261.68502567610466,263.63482666015625,50916400
2019-04-29 00:00:00-04:00,263.7246416311188,264.56925271334455,263.6347841375647,264.048095703125,57197700
2019-04-30 00:00:00-04:00,263.706646787458,264.47039433172,262.29599111609195,264.182861328125,81111700
2019-05-01 00:00:00-04:00,264.8118094680611,265.0184789347916,262.18811906270474,262.1971130371094,71671900
2019-05-02 00:00:00-04:00,262.08036361263817,262.99687175976754,260.13955670306206,261.631103515625,65030200
2019-05-03 00:00:00-04:00,263.1046927620058,264.4704336008856,261.7389245024655,264.19189453125,56543700
2019-05-06 00:00:00-04:00,259.896981941665,263.54497195780687,259.5824943704813,263.1047058105469,107198100
2019-05-07 00:00:00-04:00,260.705561358726,261.2985878238254,256.8059880160905,258.7108459472656,144729900
2019-05-08 00:00:00-04:00,258.3514709472656,260.0586535717971,257.7584444190409,258.3514709472656,91568300
2019-05-09 00:00:00-04:00,256.2848860812778,258.17175626704255,254.55072152918922,257.56976318359375,103471100
2019-05-10 00:00:00-04:00,256.6353077314568,259.6184010578606,253.652214405053,258.8636474609375,112429300
2019-05-13 00:00:00-04:00,253.76016136392647,254.7215574201527,251.52282676378195,252.3584442138672,127290500
2019-05-14 00:00:00-04:00,253.37373856438703,256.16815104372284,253.24795997718948,254.64065551757812,77003200
2019-05-15 00:00:00-04:00,253.0143053717125,256.7701133090534,252.8076358497461,256.1321716308594,73956400
2019-05-16 00:00:00-04:00,256.8330409507783,259.86104999438817,256.7611713913975,258.5043029785156,76749600
2019-05-17 00:00:00-04:00,256.2040601319123,259.3129323114473,256.1860721788903,256.8330078125,100353000
2019-05-20 00:00:00-04:00,255.23358966334033,256.9407721836039,254.3889786675139,255.134765625,62877600
2019-05-21 00:00:00-04:00,256.8240135080661,257.8123911999107,256.57242895202023,257.4350280761719,46847100
2019-05-22 00:00:00-04:00,256.482621077497,257.59677743350494,256.1681335000444,256.64434814453125,49482500
2019-05-23 00:00:00-04:00,254.42491861053117,254.46983364087836,252.09775517308566,253.50843811035156,98733800
2019-05-24 00:00:00-04:00,254.94608296590505,255.35942195245426,253.46353029337246,254.08351135253906,55268100
2019-05-28 00:00:00-04:00,254.3619875340957,255.31441640573757,251.70237638803826,251.7203369140625,70029400
2019-05-29 00:00:00-04:00,250.6062703090443,251.01058794348035,248.6295149162675,250.0312042236328,104972900
2019-05-30 00:00:00-04:00,250.78595035873343,251.62159495277587,249.61788511125124,250.71408081054688,62523800
2019-05-31 00:00:00-04:00,248.17124628444185,248.997869366568,247.30864730223772,247.33560180664062,86862800
2019-06-03 00:00:00-04:00,247.37156112390167,248.48571724890928,245.37684544872747,246.7066650390625,96428000
2019-06-04 00:00:00-04:00,248.99787195128627,252.1966011366948,248.54861192613726,252.06182861328125,77231900
2019-06-05 00:00:00-04:00,253.6791367591237,254.27216324311325,251.87313022493018,254.24520874023438,71169700
2019-06-06 00:00:00-04:00,254.54182779905042,256.5724650655764,253.89489207520805,255.89857482910156,69430400
2019-06-07 00:00:00-04:00,256.9138642871934,259.53755523499956,256.74314326213107,258.4593200683594,74272200
2019-06-10 00:00:00-04:00,260.0047883414486,261.3076536120134,259.55552823720706,259.6453857421875,60799100
2019-06-11 00:00:00-04:00,261.46036226590786,261.8287588074491,258.93552290959707,259.58245849609375,58641300
2019-06-12 00:00:00-04:00,259.3488976402078,259.90597580686716,258.61210445561744,259.124267578125,47096300
2019-06-13 00:00:00-04:00,260.0316933843536,260.55285036170267,259.33084885188674,260.19342041015625,48945200
2019-06-14 00:00:00-04:00,259.90606689453125,260.5080603163193,259.1423189316514,259.90606689453125,52324700
2019-06-17 00:00:00-04:00,260.13950274162505,260.7684777152376,259.83400922950466,260.0047302246094,39205700
2019-06-18 00:00:00-04:00,261.81977777473696,263.7785449569694,261.4603478082686,262.7272644042969,85434800
2019-06-19 00:00:00-04:00,262.8620279852303,263.85040551806713,261.8916384024987,263.3202819824219,78674400
2019-06-20 00:00:00-04:00,265.9979055853094,266.240496147716,263.3832087300726,265.8361511230469,116570000
2019-06-21 00:00:00-04:00,265.5671176917623,266.82212083031214,265.2330527028107,265.4497375488281,83309500
2019-06-24 00:00:00-04:00,265.6573967423069,265.97338627298683,264.9711913645555,265.12469482421875,47582700
2019-06-25 00:00:00-04:00,265.1788831412484,265.2059687471691,262.41604112123906,262.5243835449219,82028700
2019-06-26 00:00:00-04:00,263.4181492334464,263.9237654132579,262.15410878391754,262.262451171875,51584900
2019-06-27 00:00:00-04:00,263.0210145283139,263.6981823651526,262.6418159699409,263.19256591796875,40355200
2019-06-28 00:00:00-04:00,264.1676793995476,265.04348425035056,263.65305277697564,264.5469055175781,59350900
2019-07-01 00:00:00-04:00,267.8695161656501,268.08622859750477,265.74771822350516,266.9485778808594,78705600
2019-07-02 00:00:00-04:00,266.9034525087834,267.69800057240144,266.0637709409274,267.6438293457031,61504500
2019-07-03 00:00:00-04:00,268.32086133027957,269.80161425412496,268.17639561424454,269.7835388183594,40898900
2019-07-05 00:00:00-04:00,268.5556549615941,269.6391341895929,267.2645286286108,269.4765930175781,51677300
2019-07-08 00:00:00-04:00,268.1674009349462,269.2960135747465,267.454110031467,267.995849609375,45841800
2019-07-09 00:00:00-04:00,266.84031404305813,268.6280199197738,266.7861428076447,268.330078125,41101300
2019-07-10 00:00:00-04:00,269.3954366772293,270.56017314860304,268.8627345835701,269.61212158203125,58448500
2019-07-11 00:00:00-04:00,270.25317834686444,270.48791112906963,269.241945443128,270.244140625,50826100
2019-07-12 00:00:00-04:00,270.7316782304043,271.526226150782,270.42469881644513,271.4539794921875,40326000
2019-07-15 00:00:00-04:00,271.8872920895059,271.8872920895059,271.0385732165695,271.544189453125,33900000
2019-07-16 00:00:00-04:00,271.45393658906914,271.6616112571717,270.3614471482306,270.6684265136719,36650100
2019-07-17 00:00:00-04:00,270.64132560824015,270.8038392241641,268.8265075683594,268.8265075683594,36036300
2019-07-18 00:00:00-04:00,268.32991298102115,270.18986439626957,267.88750564607955,269.8106384277344,51392600
2019-07-19 00:00:00-04:00,270.90321089510843,270.9302965017042,268.1403688062337,268.3119201660156,58678600
2019-07-22 00:00:00-04:00,268.70916240503885,269.51274797837686,268.1945358876464,268.97100830078125,43638100
2019-07-23 00:00:00-04:00,270.090607031503,270.8941650390625,269.259935864137,270.8941650390625,44564500
2019-07-24 00:00:00-04:00,270.1356727072155,272.16717529296875,270.0453781926008,272.16717529296875,47213200
2019-07-25 00:00:00-04:00,271.71581505222247,271.76998626708985,270.06351033668966,270.8670959472656,55394100
2019-07-26 00:00:00-04:00,271.5532415968484,272.88049117681857,271.42682375398465,272.6818542480469,45084100
2019-07-29 00:00:00-04:00,272.5645593450953,272.68193950616376,271.6345833318975,272.1853332519531,38126500
2019-07-30 00:00:00-04:00,270.7858119974368,271.9234625037329,270.4065859773304,271.51715087890625,45849000
2019-07-31 00:00:00-04:00,271.7609487131754,271.9505755193534,266.5332335970876,268.5466613769531,104245200
2019-08-01 00:00:00-04:00,268.70014633011544,271.65258755474997,265.4136125645929,266.2081604003906,142646600
2019-08-02 00:00:00-04:00,265.3142389649611,265.5580093519048,262.65070237354064,264.20367431640625,116749700
2019-08-05 00:00:00-04:00,260.1136939331715,260.22203637331984,254.36228645172406,256.25836181640625,178745400
2019-08-06 00:00:00-04:00,258.14526742033206,260.06842741136916,256.6735524016881,259.8517150878906,120711700
2019-08-07 00:00:00-04:00,256.7819852077057,260.7727722927134,254.6511774136103,260.00531005859375,140572300
2019-08-08 00:00:00-04:00,261.4950674503696,265.10662841796875,260.94431762874206,265.10662841796875,87713900
2019-08-09 00:00:00-04:00,264.1675785656176,264.76348934990085,261.5221171331934,263.3008117675781,93730000
2019-08-12 00:00:00-04:00,261.80202916869314,263.29179245654484,259.1475298322207,260.0955810546875,65527600
2019-08-13 00:00:00-04:00,259.79757348733773,265.5851019991185,259.4544708605961,264.1404724121094,94299800
2019-08-14 00:00:00-04:00,260.09563131231886,260.7005524202266,256.20417608457865,256.33056640625,135622100
2019-08-15 00:00:00-04:00,257.2153040110724,257.9015092187599,254.96711675980208,257.00762939453125,99556600
2019-08-16 00:00:00-04:00,258.6599596100818,261.23317429061143,257.06182653655287,260.7998046875,83018300
2019-08-19 00:00:00-04:00,263.81550422440336,264.6190622184229,263.13833653723043,263.94189453125,53571800
2019-08-20 00:00:00-04:00,263.43622123692984,263.9689230625115,261.79298227907464,261.91937255859375,51596400
2019-08-21 00:00:00-04:00,264.0774090977041,264.42048432378965,263.39120353747325,264.0503234863281,49524700
2019-08-22 00:00:00-04:00,264.75450123640525,265.38650783914835,262.1993065597355,263.9689636230469,51666400
2019-08-23 00:00:00-04:00,262.6688127245855,264.3301272824833,255.94227013252467,257.1882629394531,149161500
2019-08-26 00:00:00-04:00,259.3732289407894,260.0323486328125,257.8473424684489,260.0323486328125,72423800
2019-08-27 00:00:00-04:00,261.42281371111113,261.7930019677156,258.2536605647307,259.0120849609375,66668900
2019-08-28 00:00:00-04:00,258.3530803749549,260.99854271685837,257.54949466784865,260.8360290527344,59696700
2019-08-29 00:00:00-04:00,263.39106933739487,264.69123312905583,262.38884711906564,264.16754150390625,57899400
2019-08-30 00:00:00-04:00,265.6484296655696,265.6664775551436,263.1203474237136,264.0503234863281,62901200
2019-09-03 00:00:00-04:00,262.35278021837604,263.2646804730789,261.1790065682752,262.5062561035156,69101400
2019-09-04 00:00:00-04:00,264.6732746057014,265.5039182477998,263.9238602297381,265.4858703613281,46887300
2019-09-05 00:00:00-04:00,267.9688277765969,269.81070420416734,265.44975604997495,268.8988037109375,83258100
2019-09-06 00:00:00-04:00,269.2148152948554,269.74751727016104,268.5376475637681,269.1064453125,49584300
2019-09-09 00:00:00-04:00,270.0906013596085,270.18086834097136,268.3028687534425,269.24188232421875,51260300
2019-09-10 00:00:00-04:00,268.4834677166774,269.24191987648885,267.22846442804376,269.1787109375,57947100
2019-09-11 00:00:00-04:00,269.4856603743414,271.1740607730114,268.83557827685104,271.0928039550781,68821100
2019-09-12 00:00:00-04:00,271.9956759928493,273.08816543274827,271.23725152228974,272.03179931640625,72908700
2019-09-13 00:00:00-04:00,272.4742232943265,272.8263637238987,271.4810384912023,271.8512268066406,62104800
2019-09-16 00:00:00-04:00,270.7226651270901,271.89643922675583,270.37055218501104,271.0115966796875,58191200
2019-09-17 00:00:00-04:00,270.8129115165538,271.7880208906066,270.64136015983695,271.69775390625,41475500
2019-09-18 00:00:00-04:00,271.30948262871954,271.9686024312111,269.27797956454594,271.8602600097656,73375800
2019-09-19 00:00:00-04:00,272.2484746882701,273.2416593963996,271.5080981282079,271.8421630859375,76560500
2019-09-20 00:00:00-04:00,272.4444725268905,272.7256865360811,269.7686626835575,270.55780029296875,89565000
2019-09-23 00:00:00-04:00,269.89556952748023,271.2108170035137,269.64159394991134,270.4942321777344,43476800
2019-09-24 00:00:00-04:00,271.58282618385135,271.97285532348826,267.4103448279325,268.371826171875,94869400
2019-09-25 00:00:00-04:00,268.45341435241266,270.40358741300247,266.97490242905855,269.9591369628906,71854000
2019-09-26 00:00:00-04:00,269.9681805505696,270.17678656371356,267.9907970655747,269.396728515625,56179700
2019-09-27 00:00:00-04:00,270.14952149945196,270.25839189283573,266.3943095248659,267.94537353515625,84746600
2019-09-30 00:00:00-04:00,268.4624736286267,269.8956158448682,268.4171317139182,269.1881103515625,51662400
2019-10-01 00:00:00-04:00,270.0679131700186,270.72099718134706,265.7684595761757,265.98614501953125,88242400
2019-10-02 00:00:00-04:00,264.4079159140389,264.4169953695027,259.9996188362365,261.2876281738281,122539500
2019-10-03 00:00:00-04:00,261.0608737824399,263.4555248952082,258.3487738908161,263.4283142089844,85278800
2019-10-04 00:00:00-04:00,264.081418140647,267.2470481606347,264.02696908285304,266.9930725097656,65091200
2019-10-07 00:00:00-04:00,266.19480049123445,267.818445039267,265.5598476544299,265.8410339355469,59610500
2019-10-08 00:00:00-04:00,263.99065687623875,264.72537300214316,261.67763808472165,261.71392822265625,95708100
2019-10-09 00:00:00-04:00,263.72767961308983,265.1336114585525,263.10180603510383,264.1993408203125,62359400
2019-10-10 00:00:00-04:00,264.117604480698,266.865993928109,263.95434039818133,265.98614501953125,55296300
2019-10-11 00:00:00-04:00,268.73454237201105,270.97498072998906,268.6166478742334,268.7436218261719,98720400
2019-10-14 00:00:00-04:00,268.42617702704035,269.09742004492904,268.0996488139588,268.4443359375,40394800
2019-10-15 00:00:00-04:00,269.48751570095226,271.84587709862797,269.36959347887756,271.1020812988281,46754500
2019-10-16 00:00:00-04:00,270.639476320121,271.3560614405588,270.2313159461551,270.66668701171875,48928200
2019-10-17 00:00:00-04:00,271.82757044249564,272.33552152206926,270.77537815444816,271.4647521972656,45736600
2019-10-18 00:00:00-04:00,270.929634312639,271.5736388782995,269.4239120539197,270.27655029296875,64304000
2019-10-21 00:00:00-04:00,271.59188362078226,272.3084410011963,271.15648490964367,272.10888671875,39048600
2019-10-22 00:00:00-04:00,272.6440642871781,272.93433011116593,271.1292896905478,271.2200012207031,48594700
2019-10-23 00:00:00-04:00,270.965950615548,272.0634850874928,270.75731692201106,272.0090637207031,34352200
2019-10-24 00:00:00-04:00,272.94334172458434,273.0884746005034,271.62809406743776,272.4535217285156,35453100
2019-10-25 00:00:00-04:00,271.8820077548515,274.1133940724524,271.8275863989353,273.56915283203125,45205400
2019-10-28 00:00:00-04:00,274.7846473563298,275.61007494387354,274.7574366745982,275.1111755371094,42147000
2019-10-29 00:00:00-04:00,274.8390967416614,275.9547901689378,274.7120950931229,275.0295715332031,44284900
2019-10-30 00:00:00-04:00,275.22913658461215,276.24503908773704,273.9229683145181,275.8731689453125,49643900
2019-10-31 00:00:00-04:00,275.864092158819,275.864092158819,273.68715424802167,275.138427734375,69053800
2019-11-01 00:00:00-04:00,276.5806723698209,277.73262829214644,276.41738057633785,277.6872863769531,71141500
2019-11-04 00:00:00-05:00,279.2383466387265,279.37440006354313,278.4310501827038,278.8029479980469,60606900
2019-11-05 00:00:00-05:00,279.00258028848964,279.30192558808307,278.2043630646061,278.49462890625,42933200
2019-11-06 00:00:00-05:00,278.494543609944,278.83015127599856,277.61469457781413,278.55804443359375,46487100
2019-11-07 00:00:00-05:00,279.8913641578595,280.8709762647031,279.0659366686972,279.53759765625,54272300
2019-11-08 00:00:00-05:00,279.1929285346173,280.281411106565,278.4945026210623,280.22698974609375,49032100
2019-11-11 00:00:00-05:00,278.84833556176477,279.864238107545,278.7122544469131,279.69189453125,35797300
2019-11-12 00:00:00-05:00,280.0546986848405,281.1794439203386,279.5104572968919,280.2814636230469,46484600
2019-11-13 00:00:00-05:00,279.29278899604503,280.77130091310977,279.0660240438884,280.3721923828125,53917700
2019-11-14 00:00:00-05:00,280.090987886083,280.8619942096514,279.45603498872856,280.78033447265625,51219900
2019-11-15 00:00:00-05:00,282.1137714747029,282.85756726611123,281.4244247462533,282.8122253417969,62023600
2019-11-18 00:00:00-05:00,282.57633203669667,283.2566268714091,282.1228021468884,283.0207824707031,49228000
2019-11-19 00:00:00-05:00,283.619442778009,283.62852223373176,282.2951432620522,282.93914794921875,67804700
2019-11-20 00:00:00-05:00,282.3495416770167,282.86657234836355,280.3358680402715,281.8869323730469,79406200
2019-11-21 00:00:00-05:00,281.9959026614513,282.10474543475334,280.63531263262547,281.4335021972656,54664700
2019-11-22 00:00:00-05:00,282.1772483826184,282.31330182529547,281.052503014795,282.059326171875,44850200
2019-11-25 00:00:00-05:00,282.9844712930347,284.2452697753906,282.9844712930347,284.2452697753906,48647200
2019-11-26 00:00:00-05:00,284.28162866852205,285.0707663027961,283.96415218727157,284.88934326171875,37569000
2019-11-27 00:00:00-05:00,285.36998413020297,286.1591491699219,285.1522987020101,286.1591491699219,44444600
2019-11-29 00:00:00-05:00,285.59683323960326,285.84175709981287,284.87119647744976,285.09796142578125,36592700
2019-12-02 00:00:00-05:00,285.3519882399865,285.41548908041284,282.24985869193915,282.6761779785156,75767800
2019-12-03 00:00:00-05:00,279.9639862341054,280.8619942096514,278.5852653796921,280.78033447265625,73941700
2019-12-04 00:00:00-05:00,281.82347080730165,283.1114801298138,281.4787836789131,282.5128173828125,49080000
2019-12-05 00:00:00-05:00,283.2112849549353,283.2294161852713,281.71461417355385,283.0207824707031,40709000
2019-12-06 00:00:00-05:00,284.9256316357635,286.0050350565463,284.9165521793852,285.6059265136719,48927000
2019-12-09 00:00:00-05:00,285.21589807283027,285.88711349587976,284.63536648869166,284.70794677734375,34838500
2019-12-10 00:00:00-05:00,284.6534664265952,285.3156022560636,283.73732732073876,284.3904113769531,52649800
2019-12-11 00:00:00-05:00,284.8440177776958,285.4517600872291,284.3088557612892,285.1977844238281,53429100
2019-12-12 00:00:00-05:00,285.2067809563498,288.43591134323987,284.9709642525427,287.6558532714844,96389600
2019-12-13 00:00:00-05:00,287.42002857849036,289.0527527941986,286.6490222278449,287.8282165527344,81503900
2019-12-16 00:00:00-05:00,289.5516273932872,290.39518635483904,287.7647184989822,289.80560302734375,82749700
2019-12-17 00:00:00-05:00,290.1865254751517,290.4858429696505,289.78741702831144,289.8690490722656,61097700
2019-12-18 00:00:00-05:00,290.2591965012545,290.4859614985211,289.83287719914233,289.8872985839844,48133000
2019-12-19 00:00:00-05:00,290.0776074646101,291.14795867708114,289.8236319202332,291.07537841796875,85310500
2019-12-20 00:00:00-05:00,292.10552598899403,293.4819293110863,291.1302212825293,292.3516540527344,147142100
2019-12-23 00:00:00-05:00,293.1354754488179,293.19016437902224,292.6523713537724,292.7982177734375,52990000
2019-12-24 00:00:00-05:00,293.0260982506087,293.07166308676193,292.5065255951328,292.8073425292969,20270000
2019-12-26 00:00:00-05:00,293.1901906102919,294.3751824445798,293.1810943326841,294.3660583496094,30911200
2019-12-27 00:00:00-05:00,295.0952322086851,295.1499211381323,293.7644218965359,294.2930908203125,42528800
2019-12-30 00:00:00-05:00,294.3752190438764,294.5119413986182,292.1875500985432,292.670654296875,49729100
2019-12-31 00:00:00-05:00,292.16925296260575,293.6276892705335,291.82287121002,293.3815612792969,57077300
2020-01-02 00:00:00-05:00,294.91293581934144,296.1434923281095,293.99229250686125,296.125244140625,59151200
2020-01-03 00:00:00-05:00,292.74347467114353,295.0040520315926,292.68878575105936,293.88287353515625,77709700
2020-01-06 00:00:00-05:00,292.13278160099514,295.0861227459739,292.0142796533682,295.00408935546875,55653900
2020-01-07 00:00:00-05:00,294.43891159464124,294.9129193650481,293.72792775638845,294.1745910644531,40496400
2020-01-08 00:00:00-05:00,294.3660590478099,296.95477064555246,294.11995883928836,295.7424621582031,68296000
2020-01-09 00:00:00-05:00,297.3011671355,297.8207398631898,296.7177813744384,297.747802734375,48473300
2020-01-10 00:00:00-05:00,298.33117684890317,298.4861195611985,296.42610473911026,296.8909606933594,53029300
2020-01-13 00:00:00-05:00,297.510801872737,298.94186605271307,297.082386683004,298.9327697753906,47086800
2020-01-14 00:00:00-05:00,298.4952711557389,299.54351294484616,297.92100945963375,298.47705078125,62832800
2020-01-15 00:00:00-05:00,298.38587734482564,299.90809914567166,298.30384393795646,299.15155029296875,72056600
2020-01-16 00:00:00-05:00,300.52795985830204,301.6400146484375,300.30008000636747,301.6400146484375,54050300
2020-01-17 00:00:00-05:00,302.3509165966451,302.7884279904779,301.5761197469233,302.57879638671875,95846000
2020-01-21 00:00:00-05:00,301.62178693577914,302.78853074420584,301.5488776178504,301.98638916015625,77742400
2020-01-22 00:00:00-05:00,302.84315842409643,303.49035714511143,301.867853930092,302.0227966308594,48914900
2020-01-23 00:00:00-05:00,301.37567931823935,302.77942705597485,300.2636244798141,302.3692321777344,51963000
2020-01-24 00:00:00-05:00,303.0254945486543,303.1075279519649,298.39496067890184,299.6802062988281,87578400
2020-01-27 00:00:00-05:00,294.44811064824233,296.35318285602233,294.1108529210448,294.87652587890625,84062500
2020-01-28 00:00:00-05:00,296.2985175568416,298.8416646744203,294.9677069156235,297.96661376953125,63834000
2020-01-29 00:00:00-05:00,299.32474201380455,299.5526218615138,297.5199236056963,297.720458984375,53888900
2020-01-30 00:00:00-05:00,295.66042488337473,298.89633550564963,294.9130001022843,298.6866760253906,75491800
2020-01-31 00:00:00-05:00,298.0669434587732,298.22191404822803,292.3517249241394,293.26324462890625,113845600
2020-02-03 00:00:00-05:00,294.73979049796515,297.30115767312014,294.6212885304359,295.441650390625,69083000
2020-02-04 00:00:00-05:00,299.04215432222543,300.81050405404096,298.7231169921296,299.9445495605469,62573200
2020-02-05 00:00:00-05:00,302.87050163975044,303.61795412672234,301.4120930432873,303.4082946777344,65951100
2020-02-06 00:00:00-05:00,304.3654167083422,304.6206410029242,303.35361580732535,304.4292297363281,50359700
2020-02-07 00:00:00-05:00,303.37190028539015,304.4383624299263,302.2598454793981,302.8067626953125,64139400
2020-02-10 00:00:00-05:00,301.92256617332515,305.1311042908256,301.886097610239,305.0672912597656,42070000
2020-02-11 00:00:00-05:00,306.41637021168424,307.20026355708615,305.0673114617923,305.59600830078125,54864500
2020-02-12 00:00:00-05:00,307.02712038790895,307.7745731014097,306.6625181282939,307.56494140625,43992700
2020-02-13 00:00:00-05:00,306.1428904532812,308.20293318619815,305.8694457619048,307.2367248535156,54501900
2020-02-14 00:00:00-05:00,307.64690946641167,307.8474448392001,306.4528213248784,307.72894287109375,64582200
2020-02-18 00:00:00-05:00,306.73540821888315,307.7927740817303,305.5504162851949,306.9359436035156,57226200
2020-02-19 00:00:00-05:00,307.9021788213364,309.07801894449966,307.61961000252654,308.40350341796875,48814700
2020-02-20 00:00:00-05:00,307.8565854998732,308.6769752996938,304.1558185736376,307.1365051269531,74163400
2020-02-21 00:00:00-05:00,305.78739481387316,306.09730805211063,303.1530905628107,303.9734802246094,113788200
2020-02-24 00:00:00-05:00,294.5483543223174,304.0463696689848,292.8164454315438,293.8920593261719,161088400
2020-02-25 00:00:00-05:00,295.2775405729495,295.88824287722144,284.11143004396996,284.9864807128906,218913200
2020-02-26 00:00:00-05:00,286.38118955607183,289.9634545114292,283.2091195022636,283.9383239746094,194773800
2020-02-27 00:00:00-05:00,278.43272007694435,283.99299421889395,271.1861572265625,271.1861572265625,284353500
2020-02-28 00:00:00-05:00,263.155638584235,271.5325033532073,260.27523419743306,270.0467224121094,384975800
2020-03-02 00:00:00-05:00,271.8241810091955,281.80532914475464,268.40598340350584,281.74151611328125,238703600
2020-03-03 00:00:00-05:00,282.1152700822015,286.07126116142535,271.24084970802795,273.6745910644531,300139100
2020-03-04 00:00:00-05:00,279.03437582366234,285.39679265326794,276.4912283478598,285.1780090332031,176613400
2020-03-05 00:00:00-05:00,277.9951357880224,281.17632889627316,273.46488424875696,275.6980895996094,186366800
2020-03-06 00:00:00-05:00,267.2119474918185,272.3438069509594,264.55032601369834,271.1405944824219,228667200
2020-03-09 00:00:00-04:00,250.94127750870393,259.04469825650165,249.25498888727407,249.96597290039062,309417300
2020-03-10 00:00:00-04:00,259.4549393740364,262.9916118792991,249.3005981834413,262.9004821777344,276444100
2020-03-11 00:00:00-04:00,255.8634838386491,256.9937588920719,246.91235745450595,250.0844268798828,255316300
2020-03-12 00:00:00-04:00,233.34894558391483,243.06574485920348,225.7650981762707,226.1570587158203,392220700
2020-03-13 00:00:00-04:00,239.8115818422406,247.45924124597292,226.53075439431242,245.4903564453125,329566100
2020-03-16 00:00:00-04:00,219.84023822786799,234.16932404862888,216.35824141554718,218.6279296875,297240000
2020-03-17 00:00:00-04:00,223.35869921057358,233.50392810842425,216.09390266325667,230.43209838867188,262070500
2020-03-18 00:00:00-04:00,215.3464207649231,226.3940295191016,207.84462130318278,218.76461791992188,327597100
2020-03-19 00:00:00-04:00,218.0810284637233,225.4916860447425,211.67304784141282,219.2295379638672,289322000
2020-03-20 00:00:00-04:00,222.37074721498362,224.14949538908877,209.50693107809147,209.78199768066406,347158800
2020-03-23 00:00:00-04:00,209.22271174158334,210.58885308857097,200.1180920586079,204.4182586669922,326025200
2020-03-24 00:00:00-04:00,214.9348561536564,223.81025556170377,214.3663954320049,222.939208984375,235494500
2020-03-25 00:00:00-04:00,224.5162200852684,235.04200407098807,219.82180274754663,226.27662658691406,299430300
2020-03-26 00:00:00-04:00,228.77973377835932,240.95587614121874,228.34879937507776,239.4888916015625,257632800
2020-03-27 00:00:00-04:00,232.21803399813555,239.13129805518238,230.18256074726233,232.35556030273438,224341200
2020-03-30 00:00:00-04:00,234.44602980585432,240.61662346155654,232.45640344110245,239.90145874023438,171369500
2020-03-31 00:00:00-04:00,238.90209724302795,241.44184313996882,234.92284395447982,236.32566833496094,194881100
2020-04-01 00:00:00-04:00,227.3677561407306,236.2431562593995,223.62688640381754,225.6898651123047,189554600
2020-04-02 00:00:00-04:00,224.80962736839078,231.67704405266247,224.2594942177443,230.897705078125,177660400
2020-04-03 00:00:00-04:00,229.91666012342145,232.26388300481995,224.83715469449982,227.56028747558594,135561200
2020-04-06 00:00:00-04:00,236.40816732964865,244.80678550079665,227.5419457283824,242.8446502685547,188061200
2020-04-07 00:00:00-04:00,251.41744466183374,252.16929234238347,242.87215154323118,243.09219360351562,201427200
2020-04-08 00:00:00-04:00,245.68699208459705,253.05871017209918,243.20225678677284,251.25245666503906,153774500
2020-04-09 00:00:00-04:00,254.50734750334323,257.8264741218556,252.57274558290803,255.07583618164062,189999200
2020-04-13 00:00:00-04:00,254.10395500418002,254.44319588474661,248.8502262862596,252.74696350097656,114839100
2020-04-14 00:00:00-04:00,257.6247736197147,261.21892505517496,252.60944238232008,260.2012023925781,134143400
2020-04-15 00:00:00-04:00,254.4981997482188,260.3387165438089,252.5635698315606,254.6724090576172,121775000
2020-04-16 00:00:00-04:00,255.94684900762073,256.75370726229335,252.83864275488824,255.90101623535156,131798300
2020-04-17 00:00:00-04:00,261.6590844120488,263.4194774380583,258.9267733430212,262.8143615722656,146684800
2020-04-20 00:00:00-04:00,259.11925837284326,262.95183530213035,257.96400942467557,258.1840515136719,100109300
2020-04-21 00:00:00-04:00,253.7280752057677,254.92918511748837,249.40955259580767,250.34478759765625,126385700
2020-04-22 00:00:00-04:00,255.21335676570135,257.6430812956117,253.89304834549813,255.90101623535156,92951600
2020-04-23 00:00:00-04:00,257.1754630685727,260.3387078110824,255.5801020580558,255.88265991210938,104709700
2020-04-24 00:00:00-04:00,257.39547955712044,260.1186116006174,255.3508290930433,259.44927978515625,85063200
2020-04-27 00:00:00-04:00,261.420615255831,264.3087793852271,260.96217561684955,263.190185546875,77896600
2020-04-28 00:00:00-04:00,266.8302216256885,267.1786402598977,261.67736409264813,261.9799499511719,105270000
2020-04-29 00:00:00-04:00,267.29784515422165,270.36939668055743,266.2709447231819,268.83819580078125,118745600
2020-04-30 00:00:00-04:00,267.4628878219718,268.93907823852754,264.60222850800403,266.33514404296875,122901700
2020-05-01 00:00:00-04:00,261.5948274910563,266.5001372793607,258.1198471539412,259.2843017578125,125180000
2020-05-04 00:00:00-04:00,257.4046969992286,260.30203907180845,255.92853469244014,259.9994812011719,80873200
2020-05-05 00:00:00-04:00,262.81430977989436,265.20735144767355,260.1278320243504,262.4017028808594,79569900
2020-05-06 00:00:00-04:00,264.0978740455981,264.4829476132183,260.19195997415204,260.6228942871094,73632600
2020-05-07 00:00:00-04:00,263.8320105300923,265.6932743331002,263.2635498583758,263.767822265625,75250400
2020-05-08 00:00:00-04:00,266.89434866344646,268.59975843411314,265.7665772347648,268.13214111328125,76452400
2020-05-11 00:00:00-04:00,266.2067321816507,269.56251377203523,265.7849755389823,268.18719482421875,79514200
2020-05-12 00:00:00-04:00,269.37000418111256,269.7825831185984,262.7042730991444,262.8418273925781,95870800
2020-05-13 00:00:00-04:00,262.2824804769914,263.31855852406073,255.77263209509584,258.1932067871094,144721100
2020-05-14 00:00:00-04:00,255.7635079143885,261.41146013220174,250.29888679853764,261.2831115722656,121977900
2020-05-15 00:00:00-04:00,258.8992207520091,262.5300551877956,257.95483612918537,262.4842224121094,111146300
2020-05-18 00:00:00-04:00,268.6915050760796,272.0839701507051,268.3706196611589,270.47943115234375,119703800
2020-05-19 00:00:00-04:00,269.88340997902395,271.58879193513707,267.6829053984864,267.70123291015625,95189300
2020-05-20 00:00:00-04:00,271.2313006225374,273.11089240666524,271.0020807473539,272.2490234375,85861700
2020-05-21 00:00:00-04:00,272.1206583812847,272.92751677002803,269.278326504917,270.3694152832031,78293900
2020-05-22 00:00:00-04:00,270.0851015880697,271.0569912617553,268.84730912262285,270.8827819824219,63958200
2020-05-26 00:00:00-04:00,276.83335693039163,277.07175449936034,270.90114681308035,274.2202453613281,88951400
2020-05-27 00:00:00-04:00,277.007581296367,278.3370675296901,272.19396476879547,278.3003845214844,104817400
2020-05-28 00:00:00-04:00,279.32730748503195,281.3352756373356,277.1176247426951,277.7869567871094,90405200
2020-05-29 00:00:00-04:00,277.3193091660714,279.61150744849493,274.5778489741923,279.02471923828125,119090800
2020-06-01 00:00:00-04:00,278.3828651183529,280.75757894742645,277.8694149921172,280.1524353027344,55758300
2020-06-02 00:00:00-04:00,281.0693740975131,282.5180592457431,279.73991573138625,282.4721984863281,74267200
2020-06-03 00:00:00-04:00,284.4526664557033,287.1849772402928,284.17761381806736,286.2314147949219,92567600
2020-06-04 00:00:00-04:00,285.2503943614797,286.98331020860866,283.38912992249556,285.4796142578125,75794400
2020-06-05 00:00:00-04:00,290.8616625425781,294.565835177491,290.7974742690629,292.7962646484375,150524700
2020-06-08 00:00:00-04:00,293.60307791418927,296.52792499363557,293.0621225082108,296.33538818359375,73641200
2020-06-09 00:00:00-04:00,293.67647298750563,296.4087837876376,292.8146040767573,294.1257629394531,77479200
2020-06-10 00:00:00-04:00,294.70329579254934,295.59266964831977,291.7692714487275,292.48443603515625,95000800
2020-06-11 00:00:00-04:00,285.57119193533765,286.2038408309795,275.0729417317749,275.623046875,209243600
2020-06-12 00:00:00-04:00,282.6188503742168,283.3890255846192,273.78014897594073,278.923828125,194678900
2020-06-15 00:00:00-04:00,273.24835223856235,282.6555425806839,272.07474788246594,281.52777099609375,135782700
2020-06-16 00:00:00-04:00,289.2571484357814,289.4038525103005,282.0963219351536,286.94659423828125,137627500
2020-06-17 00:00:00-04:00,287.9643213952654,288.25772952024136,285.02111835943526,285.754638671875,83398900
2020-06-18 00:00:00-04:00,284.2418487856552,286.341482886705,283.78340899366174,285.8647155761719,80828700
2020-06-19 00:00:00-04:00,289.323611161699,289.5169952642536,282.2878135586834,284.23095703125,135549600
2020-06-22 00:00:00-04:00,283.6322825514577,286.4502770307113,282.4903582303145,286.0542907714844,74649400
2020-06-23 00:00:00-04:00,288.6973036318922,289.6274357096655,286.9659809185993,287.3711853027344,68471200
2020-06-24 00:00:00-04:00,285.3360276763805,285.95305250280444,278.20816137818287,280.040771484375,132813500
2020-06-25 00:00:00-04:00,279.46975709772886,283.3099806290678,277.4529533020281,283.04290771484375,89468000
2020-06-26 00:00:00-04:00,281.9470509652658,282.1588713157659,275.7400992165521,276.32025146484375,127961000
2020-06-29 00:00:00-04:00,277.572693256611,280.51960120631884,275.2888164097337,280.3814697265625,79773300
2020-06-30 00:00:00-04:00,279.9486930198918,285.6675903215087,279.792153347328,283.97308349609375,113394800
2020-07-01 00:00:00-04:00,285.08739818187286,287.22392574002134,284.62694111006857,285.9622497558594,72396500
2020-07-02 00:00:00-04:00,289.38803604130976,290.7325908541107,286.8739585501112,287.5370178222656,69344200
2020-07-06 00:00:00-04:00,291.34964563164624,292.55604108748975,290.60370731479867,291.9758605957031,61713800
2020-07-07 00:00:00-04:00,290.4379766600847,292.40871878523126,288.58692979485284,288.9645080566406,82910000
2020-07-08 00:00:00-04:00,289.72890112355833,291.28524889712827,287.96997913727057,291.17474365234375,54638600
2020-07-09 00:00:00-04:00,291.7823777440841,292.0218243686505,286.10954433852584,289.5169372558594,83354200
2020-07-10 00:00:00-04:00,289.45248660102106,292.74015643400605,288.0250810957527,292.47308349609375,57550400
2020-07-13 00:00:00-04:00,294.8122255722936,297.18817150586733,289.28674115516975,289.9405822753906,102997500
2020-07-14 00:00:00-04:00,288.52234618472755,294.47147088494086,287.32516922126496,293.6979064941406,93657000
2020-07-15 00:00:00-04:00,296.9119193662305,297.4920997478603,294.02023559241456,296.3962097167969,87196500
2020-07-16 00:00:00-04:00,294.4991602617193,295.87131342816184,293.85450907927094,295.4200744628906,54622500
2020-07-17 00:00:00-04:00,296.4238694209868,297.0593024720893,294.45309952821765,296.2765197753906,62774900
2020-07-20 00:00:00-04:00,296.0094429242622,299.4168366870497,295.26350467471246,298.6708984375,56308800
2020-07-21 00:00:00-04:00,300.63245415579655,301.0744749886083,298.32095050262376,299.30633544921875,57292200
2020-07-22 00:00:00-04:00,298.9471708971752,301.32314533336705,298.83666568694713,301.010009765625,57792900
2020-07-23 00:00:00-04:00,300.65093672664767,301.3508406905714,296.0555826891799,297.41851806640625,75738000
2020-07-24 00:00:00-04:00,295.56743094562876,296.5251615020732,294.0018655257891,295.5029602050781,73766600
2020-07-27 00:00:00-04:00,296.1935565965724,297.8327822943415,295.40155598984086,297.6578063964844,48293000
2020-07-28 00:00:00-04:00,296.9303522871835,298.04467867981947,295.47532024869815,295.77001953125,57495000
2020-07-29 00:00:00-04:00,296.64485042658015,299.9693649980808,296.60800599281623,299.4075927734375,48454200
2020-07-30 00:00:00-04:00,296.4422441472383,298.7537475391664,294.36099738513786,298.3393249511719,61861700
2020-07-31 00:00:00-04:00,300.12596755695097,300.798245119707,295.9173824216007,300.6969299316406,84986800
2020-08-03 00:00:00-04:00,302.3544922923563,303.5516692549566,301.811156402926,302.7873229980469,53077900
2020-08-04 00:00:00-04:00,301.930856580021,303.9568786621094,301.930856580021,303.9568786621094,41917900
2020-08-05 00:00:00-04:00,305.2554171505095,306.10267054186585,304.98834417548517,305.84478759765625,42697700
2020-08-06 00:00:00-04:00,305.26466855525786,308.00897505925286,304.9423429439364,307.8892517089844,43679400
2020-08-07 00:00:00-04:00,306.9223336634307,308.3958022453001,306.0198274823178,308.1103210449219,57308300
2020-08-10 00:00:00-04:00,308.56148325207386,309.21532440909493,306.62755797641967,309.0311584472656,44282100
2020-08-11 00:00:00-04:00,310.2099438612299,310.84537688701096,305.7527226498275,306.480224609375,69601100
2020-08-12 00:00:00-04:00,308.91146746286313,311.52686046889016,308.88384116049235,310.7532958984375,53774400
2020-08-13 00:00:00-04:00,309.98886506986986,311.49917760274417,309.2705532345938,310.19146728515625,41816100
2020-08-14 00:00:00-04:00,309.80469729931406,310.73482947821054,309.0771673345119,310.20068359375,47260400
2020-08-17 00:00:00-04:00,311.2137530113555,311.58211307766084,310.2099598864431,311.1861267089844,35481000
2020-08-18 00:00:00-04:00,311.5820463337453,312.28194998264934,309.98885496076423,311.85833740234375,38733900
2020-08-19 00:00:00-04:00,312.23591780968894,312.7516274630557,309.9981032669653,310.55987548828125,68054200
2020-08-20 00:00:00-04:00,308.83780388433297,312.005751301336,308.70889049740055,311.5268859863281,42207800
2020-08-21 00:00:00-04:00,311.1953341258538,312.85296841916903,310.85457226958493,312.6319580078125,55106600
2020-08-24 00:00:00-04:00,315.0630871567319,315.87349595788055,312.60426256204136,315.7998352050781,48588700
2020-08-25 00:00:00-04:00,316.36163229349035,316.9878471615432,315.2012714878101,316.90496826171875,38463400
2020-08-26 00:00:00-04:00,317.4943564112972,320.34916765874164,316.9510204608459,320.0821228027344,50790200
2020-08-27 00:00:00-04:00,320.9477683119042,322.22782424225835,319.12434835411756,320.781982421875,58034100
2020-08-28 00:00:00-04:00,321.804237442081,322.983006410203,320.61625033931085,322.85406494140625,48588900
2020-08-31 00:00:00-04:00,322.64226783208227,323.51711938437126,321.4542807471516,321.68450927734375,66099200
2020-09-01 00:00:00-04:00,322.51338733167165,324.8156730688066,321.62009934150035,324.7143859863281,54908700
2020-09-02 00:00:00-04:00,326.6206116646277,330.3779287745175,325.47865908576307,329.4109802246094,69540000
2020-09-03 00:00:00-04:00,327.7256224995525,328.1952975781308,315.4958871286197,318.074462890625,148011100
2020-09-04 00:00:00-04:00,318.75596006198134,320.32149696391184,308.38645966468334,315.4775085449219,139156300
2020-09-08 00:00:00-04:00,310.0810183653904,315.54206103531834,306.5539292774732,306.8578186035156,114465300
2020-09-09 00:00:00-04:00,310.85461330882225,315.37630593191915,309.98895161129644,312.91748046875,91462300
2020-09-10 00:00:00-04:00,314.78685053527204,315.4406916483202,306.52625029812896,307.4840087890625,90569500
2020-09-11 00:00:00-04:00,309.26141246287096,310.32045816888535,304.8225992871863,307.6405944824219,84680200
2020-09-14 00:00:00-04:00,310.7992781526269,313.46073328485505,307.78789928384793,311.69256591796875,65605700
2020-09-15 00:00:00-04:00,314.142277247769,314.97109448568426,311.7018600067676,313.2674255371094,52920900
2020-09-16 00:00:00-04:00,314.50136995908423,315.9287755119788,311.7478178059842,312.02410888671875,82096000
2020-09-17 00:00:00-04:00,307.18016277231743,310.9927613539666,306.65523489152685,309.27984619140625,91523300
2020-09-18 00:00:00-04:00,310.08326217502207,310.19420971929947,303.24122418442806,305.7191467285156,105877900
2020-09-21 00:00:00-04:00,301.14238742219266,302.4645593357365,297.4717223903731,302.3166198730469,99450800
2020-09-22 00:00:00-04:00,303.7960278580259,305.9503348545205,301.2903399000604,305.39556884765625,63612100
2020-09-23 00:00:00-04:00,305.9503223752341,306.22771947563723,297.8138486616711,298.3131408691406,93112200
2020-09-24 00:00:00-04:00,297.0001276478436,302.15938522189947,295.68718272630684,299.10821533203125,76681300
2020-09-25 00:00:00-04:00,298.2577132755709,304.7299188674738,297.3886144839091,303.94403076171875,71069400
2020-09-28 00:00:00-04:00,308.09538490645014,309.70418077413325,307.10605558287943,308.99224853515625,64584600
2020-09-29 00:00:00-04:00,308.788814611231,309.5284836874694,306.6159979020015,307.3094482421875,51304000
2020-09-30 00:00:00-04:00,307.9752282610911,312.78316294549495,307.7810700245136,309.6395263671875,104081100
2020-10-01 00:00:00-04:00,312.2283039383906,313.19912304877136,309.7503816970542,311.6273193359375,88698700
2020-10-02 00:00:00-04:00,306.69000965854815,311.59963625667905,306.2184543549931,308.66864013671875,89431100
2020-10-05 00:00:00-04:00,310.72123983393703,314.32717611812427,310.67502109585257,314.14227294921875,45713100
2020-10-06 00:00:00-04:00,314.28103543468586,316.37064209992303,309.16799456037955,309.676513671875,90128900
2020-10-07 00:00:00-04:00,312.62593551915137,315.87129250041943,312.5981986311307,315.06689453125,56999600
2020-10-08 00:00:00-04:00,316.99932011187576,317.9239207082548,316.08394633419226,317.85919189453125,45242500
2020-10-09 00:00:00-04:00,319.50498071538817,321.1600236881462,318.8855141153723,320.6977233886719,59528600
2020-10-12 00:00:00-04:00,323.2311019429976,327.32707559553944,322.7410647815939,325.8569641113281,80388500
2020-10-13 00:00:00-04:00,325.71829333157706,325.89396970025575,322.76881520469266,323.73040771484375,73255500
2020-10-14 00:00:00-04:00,324.3035773052644,325.39459896157194,320.96578353895984,321.6961975097656,57727900
2020-10-15 00:00:00-04:00,317.79443172197927,321.7794576418191,317.2581758442864,321.2986755371094,60357700
2020-10-16 00:00:00-04:00,322.64865110187765,324.3036942490065,320.9289073505997,321.1045837402344,89501900
2020-10-19 00:00:00-04:00,322.36198948401005,322.9907111121093,315.3257925506402,316.22265625,68425600
2020-10-20 00:00:00-04:00,317.5633049958053,320.7254513716909,316.8051539703146,317.4893493652344,60051900
2020-10-21 00:00:00-04:00,317.443073902537,319.6066638803036,316.5832022185799,316.8883361816406,63575000
2020-10-22 00:00:00-04:00,317.10091051192785,319.20899806410466,314.9650860794551,318.6264953613281,55399300
2020-10-23 00:00:00-04:00,319.8470279304944,319.9025017003484,317.25815794875194,319.7083435058594,49143900
2020-10-26 00:00:00-04:00,316.333567187947,317.1194832403807,310.31440902526583,313.8001708984375,91473000
2020-10-27 00:00:00-04:00,314.14230712329396,314.475149793473,312.5057460118679,312.7184143066406,65994100
2020-10-28 00:00:00-04:00,307.059827691063,312.7461150486337,301.5399616493468,302.0299987792969,127094300
2020-10-29 00:00:00-04:00,302.2612006889962,308.26184985459844,300.5784207406355,305.0997314453125,90597700
2020-10-30 00:00:00-04:00,303.52783260839107,304.8315226203362,298.2761088587803,301.9190368652344,120287300
2020-11-02 00:00:00-05:00,305.3031005859375,307.30021286282704,302.56626275236454,305.3031005859375,86068300
2020-11-03 00:00:00-05:00,308.52995012960014,312.746126248305,305.38631400131226,310.6935119628906,93294200
2020-11-04 00:00:00-05:00,315.1593172475223,321.7055046793928,313.98508475423665,317.63726806640625,126959700
2020-11-05 00:00:00-05:00,322.90755258267654,325.63513604533273,322.55619978772285,323.8321533203125,82039700
2020-11-06 00:00:00-05:00,323.54551039577217,325.0063952769409,321.4374219661164,323.7581787109375,74973000
2020-11-09 00:00:00-05:00,336.5269118315226,336.90600149766686,327.36411567397204,327.826416015625,172304200
2020-11-10 00:00:00-05:00,326.83706430106344,328.39964160698554,324.08177251066513,327.3456115722656,85552000
2020-11-11 00:00:00-05:00,329.5275920192219,330.60013191836515,328.2886308124271,329.7772521972656,58649000
2020-11-12 00:00:00-05:00,328.76942360523407,329.82348168786507,324.7751710085161,326.578125,67546200
2020-11-13 00:00:00-05:00,328.48282147525566,331.8391259274995,327.96504743366876,331.0994567871094,62892200
2020-11-16 00:00:00-05:00,333.7623711816577,335.4266411567119,332.4771626634018,335.23248291015625,74541100
2020-11-17 00:00:00-05:00,332.82842818706325,334.6314103678308,331.32132492500256,333.4294128417969,66111000
2020-11-18 00:00:00-05:00,333.6975302989405,334.2430411433111,329.3796340603069,329.4166259765625,70591300
2020-11-19 00:00:00-05:00,328.787905745115,331.1733623463131,327.4472238872078,330.80352783203125,59940900
2020-11-20 00:00:00-05:00,330.5446951604477,330.7481084092092,328.46434393216515,328.5382995605469,70417300
2020-11-23 00:00:00-05:00,330.34126910985094,331.7651617960009,328.1129784945893,330.5076904296875,63230600
2020-11-24 00:00:00-05:00,333.05037819016013,336.3789460330993,332.19976142931375,335.83343505859375,62415900
2020-11-25 00:00:00-05:00,335.75020670349176,335.77794359169803,334.2246214190069,335.3156433105469,45330900
2020-11-27 00:00:00-05:00,336.4066780190502,336.7210388362217,335.24167223686067,336.24951171875,28514100
2020-11-30 00:00:00-05:00,335.4727659225405,335.7409079513326,332.0887531357319,334.7608337402344,83872700
2020-12-01 00:00:00-05:00,338.00618794494244,339.9570813197066,337.4144301223281,338.4222412109375,74231400
2020-12-02 00:00:00-05:00,337.31269153585873,339.2913215247088,336.73944385887,339.1341552734375,45927000
2020-12-03 00:00:00-05:00,339.03252352963375,340.4286793920205,337.94150165059074,339.0417785644531,62882000
2020-12-04 00:00:00-05:00,339.6242628374325,341.9635009765625,339.5317971440086,341.9635009765625,50749900
2020-12-07 00:00:00-05:00,341.1961354377298,341.75090149337296,339.99416583098116,341.2608642578125,48944300
2020-12-08 00:00:00-05:00,339.9941470862278,342.82342277579136,339.94792834104476,342.2594299316406,42458900
2020-12-09 00:00:00-05:00,342.9157744265064,343.0729406811119,338.35750157794257,339.18963623046875,74098300
2020-12-10 00:00:00-05:00,337.82132486772645,340.12357138803657,336.95219802540623,339.07879638671875,57735400
2020-12-11 00:00:00-05:00,337.38674768616795,339.08800937588853,335.8704174000004,338.6811828613281,57698600
2020-12-14 00:00:00-05:00,340.844683926744,341.9171954938573,336.98908808183313,337.1647644042969,69216200
2020-12-15 00:00:00-05:00,339.6982365511047,341.7231140136719,338.329845795208,341.7231140136719,63865300
2020-12-16 00:00:00-05:00,341.9358140656428,343.17477553221346,341.05743217458746,342.2594299316406,58420500
2020-12-17 00:00:00-05:00,343.8959404400441,344.3767225815223,343.07303238358134,344.1733093261719,64119500
2020-12-18 00:00:00-05:00,344.4611087749372,344.62823947679175,340.7933577976849,342.79901123046875,136542300
2020-12-21 00:00:00-05:00,338.88983270358017,351.4158499609156,336.15991810187626,341.57330322265625,96386700
2020-12-22 00:00:00-05:00,341.8983367429737,342.0097572148125,339.87412260631737,340.9976501464844,47949000
2020-12-23 00:00:00-05:00,341.9632726635866,343.2075149101956,340.9790209112416,341.30401611328125,46201400
2020-12-24 00:00:00-05:00,341.7776565578183,342.659782611028,341.19269902115246,342.6319274902344,26457900
2020-12-28 00:00:00-05:00,345.1760839492796,345.9653500649846,344.5539768762825,345.57537841796875,39000400
2020-12-29 00:00:00-05:00,347.09824735774396,347.27467258670123,344.33118227864804,344.9161682128906,53680500
2020-12-30 00:00:00-05:00,345.733259466037,346.4389603203097,345.0182924625775,345.40826416015625,49455300
2020-12-31 00:00:00-05:00,345.2132645868987,347.8874694685123,344.7025779385661,347.1632080078125,78520700
2021-01-04 00:00:00-05:00,348.4910332362678,348.6210426946345,338.7506384714175,342.43695068359375,110210800
2021-01-05 00:00:00-05:00,341.7962383123607,345.88181651795514,341.74979422078724,344.79541015625,66426200
2021-01-06 00:00:00-05:00,343.29115366008426,350.0416701451585,342.743317442046,346.85675048828125,107997700
2021-01-07 00:00:00-05:00,349.22459781978796,352.75304553896814,349.0481726001441,352.0102233886719,68766800
2021-01-08 00:00:00-05:00,353.3937945707503,354.2294766991023,350.1531920751301,354.01593017578125,71677200
2021-01-11 00:00:00-05:00,350.84951439553026,353.3844152987946,350.7287994312137,351.6294860839844,51034700
2021-01-12 00:00:00-05:00,351.8152452148604,352.7159036317569,349.4660070637659,351.70379638671875,52547700
2021-01-13 00:00:00-05:00,351.62953817301246,353.6444582491231,350.8495663690164,352.65093994140625,45303600
2021-01-14 00:00:00-05:00,353.3938147215489,353.8952353618927,351.0817540893405,351.416015625,49989100
2021-01-15 00:00:00-05:00,349.800282405299,350.59881478443,346.9960962553196,348.8531799316406,107160000
2021-01-19 00:00:00-05:00,351.3045309935299,352.1309468672761,349.82815280679114,351.5923767089844,51233300
2021-01-20 00:00:00-05:00,353.87654291716206,357.29359819142803,353.48657123958117,356.4579162597656,61836100
2021-01-21 00:00:00-05:00,357.0150334029827,357.44218304043847,355.86365062010475,356.78289794921875,47840100
2021-01-22 00:00:00-05:00,354.93512517961597,356.6807884063507,354.554419617458,355.5201110839844,52860500
2021-01-25 00:00:00-05:00,356.2535985157263,357.2749716933398,351.4158759647186,356.9221496582031,70402000
2021-01-26 00:00:00-05:00,357.86925374578055,358.2778143535909,356.1328853310083,356.3650207519531,42665300
2021-01-27 00:00:00-05:00,353.05012900637144,353.1429888444501,345.4268095254111,347.6553039550781,123351100
2021-01-28 00:00:00-05:00,349.465966970764,354.6379514307327,349.0295795422171,350.6452331542969,94198100
2021-01-29 00:00:00-05:00,348.7882096621224,349.7539012035363,341.9541263228981,343.6255187988281,126765100
2021-02-01 00:00:00-05:00,347.01462699809997,350.375943628793,343.9133009262217,349.34527587890625,75817600
2021-02-02 00:00:00-05:00,352.52087154806475,355.8357724135965,349.42883997274356,354.28509521484375,64450700
2021-02-03 00:00:00-05:00,355.11152644432576,356.2814981741382,353.2915924599428,354.5636901855469,52427100
2021-02-04 00:00:00-05:00,355.59439688401244,358.64001317221204,354.6751494739212,358.5935974121094,47142600
2021-02-05 00:00:00-05:00,360.4599180558391,360.71061412663744,358.54712432112404,360.0049133300781,48669800
2021-02-08 00:00:00-05:00,361.4534473259199,362.6512741525483,360.59920475972706,362.6048583984375,38365200
2021-02-09 00:00:00-05:00,361.76912302259905,362.95768361802595,361.3605907389764,362.3634033203125,35551100
2021-02-10 00:00:00-05:00,364.09986093308623,364.24843104388964,359.81000170472225,362.20562744140625,59154400
2021-02-11 00:00:00-05:00,363.2826838806573,363.7005390243798,360.3670773709089,362.7905578613281,42913300
2021-02-12 00:00:00-05:00,361.9920325190132,364.82407372216704,361.91773330512245,364.5826721191406,50593300
2021-02-16 00:00:00-05:00,365.8082587527633,366.0032729008585,363.5519093548807,364.2668762207031,50972400
2021-02-17 00:00:00-05:00,362.52135717971964,364.60128206037706,361.50922152730385,364.3505859375,52290600
2021-02-18 00:00:00-05:00,361.7505480599932,363.542626693373,360.0327402924635,362.7998046875,59712800
2021-02-19 00:00:00-05:00,364.05347436624504,364.3413201237446,361.713530354502,362.15924072265625,83241000
2021-02-22 00:00:00-05:00,359.4013902770424,361.7784550408201,359.1042500973584,359.37353515625,67414200
2021-02-23 00:00:00-05:00,357.17294188013483,361.15639469065013,353.0316528102948,359.80999755859375,107284100
2021-02-24 00:00:00-05:00,358.7235110381606,364.2019298681405,357.7392590796617,363.7747802734375,72433900
2021-02-25 00:00:00-05:00,362.5119712403062,363.8769286831077,353.5701100677541,355.00933837890625,146670500
2021-02-26 00:00:00-05:00,356.88498463738966,358.027072717846,351.20231434028005,353.1800842285156,152701600
2021-03-01 00:00:00-05:00,358.03639956573255,362.9855428178806,353.3751303176071,361.74127197265625,105348800
2021-03-02 00:00:00-05:00,361.9642260505401,362.1963615356677,358.41718903694675,358.9186096191406,79595300
2021-03-03 00:00:00-05:00,358.22212100889243,359.1877840030245,354.06224386816876,354.1643981933594,119940200
2021-03-04 00:00:00-05:00,353.9787373865895,356.5600826850542,345.3061596092031,349.78173828125,183433000
2021-03-05 00:00:00-05:00,353.27300175449477,357.2657484566025,346.01182648724296,356.21649169921875,152039600
2021-03-08 00:00:00-05:00,357.17290844727864,359.977094609663,354.16444194612137,354.4429931640625,123149200
2021-03-09 00:00:00-05:00,358.27788847962165,362.04776622878813,357.77646793232316,359.5035705566406,113633600
2021-03-10 00:00:00-05:00,361.84342629734385,363.4312247093334,360.4320530796693,361.74127197265625,109899400
2021-03-11 00:00:00-05:00,364.2019341812967,367.3775310399198,363.7469294630154,365.4090270996094,86245000
2021-03-12 00:00:00-05:00,364.0533342174548,366.0403986280399,363.2455075098559,365.901123046875,64653600
2021-03-15 00:00:00-04:00,366.15186917399524,368.343242519141,364.0162344057818,368.083251953125,73427200
2021-03-16 00:00:00-04:00,368.6960693202915,369.401741761804,366.84825201962127,367.61895751953125,73722500
2021-03-17 00:00:00-04:00,366.33759873657715,369.6710604301495,365.1954821103504,368.8725280761719,97959300
2021-03-18 00:00:00-04:00,366.2912103516865,368.371135091279,362.82773894437463,363.5055847167969,115349100
2021-03-19 00:00:00-04:00,363.20560482975657,364.7799824618673,360.6623728633488,362.8329772949219,113624500
2021-03-22 00:00:00-04:00,363.3453133880508,367.10891663764517,363.28942068287944,365.73016357421875,73778600
2021-03-23 00:00:00-04:00,365.096619429753,366.54056140133423,362.0689753225367,362.85150146484375,90686600
2021-03-24 00:00:00-04:00,364.2488456091014,365.8791153784516,360.96035972582666,361.0069274902344,97588600
2021-03-25 00:00:00-04:00,359.5723827433269,363.82969504622673,357.63467436503356,363.0378723144531,116128600
2021-03-26 00:00:00-04:00,364.18376357430776,369.2888490443927,363.58756519155156,368.8882751464844,114409100
2021-03-29 00:00:00-04:00,367.4163456691813,369.60557150137186,365.9351320456119,368.7019348144531,108107600
2021-03-30 00:00:00-04:00,367.43499693096027,368.39452632963565,366.13075792489735,367.7237854003906,76262200
2021-03-31 00:00:00-04:00,368.2920058783888,370.77001997622074,368.26405952663214,369.2142639160156,112734200
2021-04-01 00:00:00-04:00,371.1425953951237,373.257306623369,370.9376460344491,373.2013854980469,99682900
2021-04-05 00:00:00-04:00,375.8564594894642,379.0983784802134,375.7819453604423,378.55804443359375,91684800
2021-04-06 00:00:00-04:00,377.99905545096397,379.37777983436615,377.66367085118264,378.33441162109375,62021000
2021-04-07 00:00:00-04:00,378.16681558663885,379.1170200378233,377.7103490017058,378.7723388671875,55836300
2021-04-08 00:00:00-04:00,380.0206514166771,380.626174688792,379.089068404298,380.5702819824219,57863100
2021-04-09 00:00:00-04:00,380.4491821914655,383.5047731912766,380.328071856803,383.3370666503906,61104600
2021-04-12 00:00:00-04:00,382.74090909191403,383.74700629608895,382.1353857837753,383.47686767578125,56704900
2021-04-13 00:00:00-04:00,383.37434940887186,385.2375154018544,382.9923969687516,384.61334228515625,56551000
2021-04-14 00:00:00-04:00,384.58536523914717,385.6380584899132,382.7594706720506,383.2998046875,61659900
2021-04-15 00:00:00-04:00,385.43314308577106,387.6875864651336,385.3865753074208,387.41741943359375,60229800
2021-04-16 00:00:00-04:00,388.70301638087244,389.3178645876654,387.28702042046496,388.71234130859375,82037300
2021-04-19 00:00:00-04:00,387.78073043129933,388.2278720552796,385.4797193923822,386.80255126953125,78498500
2021-04-20 00:00:00-04:00,385.59152639170094,386.6907875184191,382.4986639809094,383.9705810546875,81851800
2021-04-21 00:00:00-04:00,383.3557132219947,387.80867863656937,383.2159530341772,387.6037292480469,66793000
2021-04-22 00:00:00-04:00,387.4361366812249,388.265230915813,383.0017917121167,384.06378173828125,97582800
2021-04-23 00:00:00-04:00,384.6226230049808,389.63454349879055,384.548108882875,388.22784423828125,73209200
2021-04-26 00:00:00-04:00,388.8800074072831,389.60664100563645,388.2931055721406,389.0383605957031,52182400
2021-04-27 00:00:00-04:00,389.33648125494796,389.53213415675737,387.8179963971385,388.95452880859375,51303100
2021-04-28 00:00:00-04:00,389.2246953658085,390.342606350338,388.3769514146441,388.8427429199219,51238900
2021-04-29 00:00:00-04:00,391.56292987909427,391.93555735176267,387.94838369193803,391.3207092285156,78544300
2021-04-30 00:00:00-04:00,389.05698052139843,389.9047243925387,387.85523059091884,388.7495422363281,85527000
2021-05-03 00:00:00-04:00,390.73387217038277,391.1158246327663,389.0943053331574,389.5880432128906,68128300
2021-05-04 00:00:00-04:00,387.6037940867692,388.0975320013042,383.504834060297,387.1845703125,101591200
2021-05-05 00:00:00-04:00,388.82414902597037,389.0570447951,386.74670853065714,387.3056640625,60162200
2021-05-06 00:00:00-04:00,387.3801199711882,390.528874845266,385.3772223436678,390.3984680175781,74321400
2021-05-07 00:00:00-04:00,391.16239525650957,393.8919265936675,390.4823294392389,393.23980712890625,67733800
2021-05-10 00:00:00-04:00,393.5939033628043,393.8174742340862,389.2247758653033,389.34588623046875,81852400
2021-05-11 00:00:00-04:00,384.8369282355566,386.8584473474661,382.0049080638009,385.8709716796875,116888000
2021-05-12 00:00:00-04:00,383.0948540805935,384.36179320441613,376.3594993403955,377.67303466796875,134811000
2021-05-13 00:00:00-04:00,379.21958677276984,384.13834501882,379.1729905541456,382.2099609375,106394000
2021-05-14 00:00:00-04:00,384.9394270681594,388.9266014154042,384.9114807136324,388.078857421875,82201600
2021-05-17 00:00:00-04:00,386.97016568402825,387.9017484184171,385.0790254407559,387.09124755859375,65129200
2021-05-18 00:00:00-04:00,387.35212159155384,387.5943422199958,383.5978439989598,383.7562255859375,59810200
2021-05-19 00:00:00-04:00,379.07974196431326,382.92715562063444,377.5985000735296,382.7501525878906,106467100
2021-05-20 00:00:00-04:00,383.62587868681237,388.1254406224363,383.5047967743601,386.8677978515625,78022200
2021-05-21 00:00:00-04:00,388.34903495141754,389.5880563714277,386.09461981296676,386.55108642578125,76578700
2021-05-24 00:00:00-04:00,388.78679507785904,391.56292229029447,388.5445744319748,390.4916076660156,51376700
2021-05-25 00:00:00-04:00,391.57218775555987,391.92619377005843,389.04760631535044,389.62518310546875,57451400
2021-05-26 00:00:00-04:00,390.2121400584183,390.9015023339306,389.1780966451499,390.3984680175781,43088600
2021-05-27 00:00:00-04:00,391.4231910374945,391.93555024942225,390.3239016330106,390.6033935546875,56707700
2021-05-28 00:00:00-04:00,392.1684893742527,392.42933147222897,391.0692282777566,391.3021240234375,58520200
2021-06-01 00:00:00-04:00,393.65904356804924,393.7987753351119,390.5196133395258,390.95745849609375,54216600
2021-06-02 00:00:00-04:00,391.6095674253817,392.410743642536,390.60347022695476,391.5722961425781,49097100
2021-06-03 00:00:00-04:00,389.2619476298755,391.2555203916502,387.79935555163786,390.1189880371094,58138800
2021-06-04 00:00:00-04:00,391.963516582505,393.98506404338684,390.18418978016194,393.68695068359375,55938800
2021-06-07 00:00:00-04:00,393.6776201553933,393.85462318339853,392.37340976192394,393.30499267578125,51555000
2021-06-08 00:00:00-04:00,394.1620869131879,394.2552509032389,391.5629906976117,393.3888854980469,47134300
2021-06-09 00:00:00-04:00,394.22732293544,394.30186550282065,392.5784311103021,392.802001953125,48436300
2021-06-10 00:00:00-04:00,394.0223149057569,395.5780709347275,392.7087795402519,394.6278381347656,51020100
2021-06-11 00:00:00-04:00,395.1774162521119,395.3916620908997,393.89182750078726,395.2798767089844,45570800
2021-06-14 00:00:00-04:00,395.39171779317087,396.2674079810726,394.1527250628629,396.1649475097656,42358500
2021-06-15 00:00:00-04:00,396.31410594008616,396.35134879576736,394.56272511460134,395.43841552734375,51508500
2021-06-16 00:00:00-04:00,395.57807599910893,395.8016468115362,391.19032822728997,393.23046875,80386100
2021-06-17 00:00:00-04:00,392.8205731235447,394.07818729216916,390.63134762723126,393.10003662109375,90949700
2021-06-18 00:00:00-04:00,389.8250684379665,390.5166859456781,387.5913161649363,387.79693603515625,118676300
2021-06-21 00:00:00-04:00,389.5541254102761,393.53566194360144,388.74100113745214,393.3487243652344,72822000
2021-06-22 00:00:00-04:00,393.33932268734105,396.28340358966534,392.6196388178262,395.4515686035156,57700300
2021-06-23 00:00:00-04:00,395.5263737663793,396.3301424887815,394.8908317268986,394.9749450683594,49445400
2021-06-24 00:00:00-04:00,397.115319978314,397.7321512462469,396.86295139148933,397.31158447265625,45110300
2021-06-25 00:00:00-04:00,398.05925946140326,399.17147241602134,397.73213297075046,398.72283935546875,58129500
2021-06-28 00:00:00-04:00,399.2462030135846,399.6948074887242,398.0498768754374,399.5265808105469,53159600
2021-06-29 00:00:00-04:00,399.9098038354574,400.5453458904214,399.20883078354126,399.7415771484375,35970500
2021-06-30 00:00:00-04:00,399.2835916114196,400.7509687229313,399.2555538300446,400.0780334472656,64827900
2021-07-01 00:00:00-04:00,400.83506919032,402.4519905914438,400.76963819499144,402.2930908203125,53441000
2021-07-02 00:00:00-04:00,403.45209077508554,405.72323677808726,402.37724253484845,405.3680725097656,57697700
2021-07-06 00:00:00-04:00,405.4240804253988,405.6390557421083,401.90053315862076,404.629638671875,68710400
2021-07-07 00:00:00-04:00,405.31193822358387,406.34003766118167,403.30248799530796,406.05963134765625,63549500
2021-07-08 00:00:00-04:00,400.7509751205796,403.50814726468866,399.57333123869796,402.7510986328125,97595200
2021-07-09 00:00:00-04:00,404.2559082499405,407.34953429467913,402.5548731403526,407.0504455566406,76238600
2021-07-12 00:00:00-04:00,406.9662573135737,408.76076088893643,406.5363351584208,408.5083923339844,52889600
2021-07-13 00:00:00-04:00,407.72331850573784,409.2187334442086,406.854118733952,407.1158142089844,52911300
2021-07-14 00:00:00-04:00,408.8074721795963,409.29349840963926,406.4802508086064,407.7232971191406,64130400
2021-07-15 00:00:00-04:00,406.38679455738685,407.05972983900836,404.43341971053184,406.3307189941406,55126400
2021-07-16 00:00:00-04:00,407.5083229344722,407.5550430583768,402.7510563008199,403.1435852050781,75874700
2021-07-19 00:00:00-04:00,398.3302530154178,403.20902632092094,394.38611039278754,397.19000244140625,147987000
2021-07-20 00:00:00-04:00,397.8535190980429,404.15294829625935,397.0590774391509,402.8818359375,99608200
2021-07-21 00:00:00-04:00,404.0782727663207,406.28401626491234,402.83522636423976,406.143798828125,64724400
2021-07-22 00:00:00-04:00,406.3213274734552,407.23727579624176,405.33997668113454,406.9942626953125,47878500
2021-07-23 00:00:00-04:00,408.91960818789283,411.51788035862415,408.2373460404216,411.1814270019531,63766600
2021-07-26 00:00:00-04:00,410.5926462837905,412.20021236866125,410.5459261537889,412.19085693359375,43719200
2021-07-27 00:00:00-04:00,411.1533566719681,411.18139444947093,407.489592116502,410.31219482421875,67397100
2021-07-28 00:00:00-04:00,410.93845431834467,411.51792083805464,408.7233839343774,410.1440124511719,52472400
2021-07-29 00:00:00-04:00,411.06927031045103,412.91982079238494,411.05991487644866,411.8450012207031,47435300
2021-07-30 00:00:00-04:00,409.28415602981516,411.29360644207577,409.1532940336554,409.8449401855469,68951200
2021-08-02 00:00:00-04:00,411.5552501136449,412.10667876520074,408.6298516644557,408.9850158691406,58783300
2021-08-03 00:00:00-04:00,409.77944541953616,412.43379291943126,407.5924132229183,412.3122863769531,58053900
2021-08-04 00:00:00-04:00,411.03187281061224,412.28427447929056,410.0505220211944,410.2841796875,46732200
2021-08-05 00:00:00-04:00,411.4431375086628,412.96659014888616,411.12536648595767,412.8824768066406,38969700
2021-08-06 00:00:00-04:00,413.2002061526581,413.9852924570962,412.91979985078956,413.564697265625,46930000
2021-08-09 00:00:00-04:00,413.53671760242094,413.8544886377314,412.4618979342041,413.2283020019531,41222600
2021-08-10 00:00:00-04:00,413.67690908891893,414.4526685963435,412.9946468851688,413.7423400878906,43339300
2021-08-11 00:00:00-04:00,414.80783999492405,414.8639155599606,413.6862716488568,414.77044677734375,44034300
2021-08-12 00:00:00-04:00,414.620958878903,416.15376725903695,413.7237211934941,416.0135498046875,38909400
2021-08-13 00:00:00-04:00,416.4620942233985,416.7892206760995,415.9760965228515,416.7705383300781,39470300
2021-08-16 00:00:00-04:00,415.4713301600155,417.8826645039691,413.91983997608867,417.7518310546875,73740000
2021-08-17 00:00:00-04:00,415.2003367624512,415.87327201338974,412.0319534928369,415.013427734375,92673900
2021-08-18 00:00:00-04:00,414.004033503329,415.5648794226537,410.2281457688839,410.47113037109375,89351900
2021-08-19 00:00:00-04:00,407.7512775027748,412.30295243814317,407.61108861871384,411.1065979003906,92812200
2021-08-20 00:00:00-04:00,411.4524984131377,414.7049951138694,410.96647217681397,414.37786865234375,72008700
2021-08-23 00:00:00-04:00,416.06027973077454,418.92960333483194,414.45271350034966,418.02301025390625,54973000
2021-08-24 00:00:00-04:00,418.6865539550781,419.2193003480419,418.17251843232447,418.6865539550781,38744700
2021-08-25 00:00:00-04:00,418.87347636542324,420.0791294982954,418.49960124676494,419.5650939941406,40529700
2021-08-26 00:00:00-04:00,419.2847079423929,419.5183656415265,416.99487960448477,417.0883483886719,57829600
2021-08-27 00:00:00-04:00,417.89207569885787,421.1913209422029,417.8360001384459,420.8174743652344,77235100
2021-08-30 00:00:00-04:00,421.4904469021432,423.4531772582027,421.24743377041483,422.6680908203125,48357400
2021-08-31 00:00:00-04:00,422.57464706002395,422.91110047218524,421.4437517278113,422.0419006347656,59300200
2021-09-01 00:00:00-04:00,422.97650283531857,423.49053835442544,422.03251662178167,422.26617431640625,48721400
2021-09-02 00:00:00-04:00,423.686814177093,424.36907636322894,422.3689814101181,423.5653076171875,42501000
2021-09-03 00:00:00-04:00,422.43439243098885,423.9765273755303,422.0324795543075,423.46246337890625,47170500
2021-09-07 00:00:00-04:00,423.1166526229062,423.21012139664674,421.27542901861193,421.9483642578125,51671500
2021-09-08 00:00:00-04:00,421.4156743425341,422.14468518971387,419.5183465302411,421.4343566894531,56181900
2021-09-09 00:00:00-04:00,421.2381203442714,422.98587540724486,419.3875410597101,419.63055419921875,57970400
2021-09-10 00:00:00-04:00,421.5558988174952,421.9764655786585,416.2004538773262,416.32196044921875,89948200
2021-09-13 00:00:00-04:00,419.3127250750678,419.57442052650157,415.07882068151736,417.3873596191406,83738600
2021-09-14 00:00:00-04:00,418.8267538323482,419.032373751366,414.24706856986353,415.1349792480469,78197100
2021-09-15 00:00:00-04:00,415.5555116773011,419.0977701394543,414.4526542585058,418.6024169921875,78792200
2021-09-16 00:00:00-04:00,418.0789706250188,419.0509659215077,414.99467250347925,417.93878173828125,77786700
2021-09-17 00:00:00-04:00,417.16810338516024,417.5900174422534,413.5113432060983,413.8676452636719,118425000
2021-09-20 00:00:00-04:00,407.75436793021106,409.3295710757895,402.10984707082173,406.9667663574219,166445500
2021-09-21 00:00:00-04:00,409.30147394535885,410.59540113058426,406.0572991890718,406.5823669433594,92526100
2021-09-22 00:00:00-04:00,408.85139337293356,412.5831513891095,406.6948671942367,410.5484924316406,102350100
2021-09-23 00:00:00-04:00,412.41434258074156,417.1399803704705,412.17993634176355,415.53662109375,76396000
2021-09-24 00:00:00-04:00,413.9051954031547,416.9337345501658,413.6895313452658,416.22113037109375,62094800
2021-09-27 00:00:00-04:00,415.1897757538297,416.3524217423701,414.3365334637065,415.0303955078125,61371100
2021-09-28 00:00:00-04:00,412.26433994291904,412.59251441684535,405.93537117136833,406.6667175292969,130436300
2021-09-29 00:00:00-04:00,408.0449990691309,409.77961092728947,406.78858508585967,407.3511657714844,82329200
2021-09-30 00:00:00-04:00,408.82324196639286,409.5264607159928,402.03484612674845,402.3724060058594,140506000
2021-10-01 00:00:00-04:00,404.0976283486504,408.8326231008619,400.58153463739126,407.1542663574219,129240100
2021-10-04 00:00:00-04:00,405.9916262485337,406.89173823936943,399.7657824946463,401.9035949707031,128570000
2021-10-05 00:00:00-04:00,403.40382646967265,408.3263583984505,402.6068680010138,406.08544921875,90682500
2021-10-06 00:00:00-04:00,402.4942384202276,407.97934991567206,400.8721656243834,407.7730712890625,113032200
2021-10-07 00:00:00-04:00,411.04546603542565,414.1302318975777,410.867314983928,411.2986145019531,72437500
2021-10-08 00:00:00-04:00,412.0674690550003,412.45189876084635,409.9202996692927,410.5484924316406,74557400
2021-10-11 00:00:00-04:00,409.89216791478833,412.79881127574237,407.5105922896659,407.57623291015625,65233300
2021-10-12 00:00:00-04:00,408.49511604042164,408.89828794249456,405.785365924999,406.5729675292969,71181200
2021-10-13 00:00:00-04:00,407.594929147859,408.8513431322092,404.6226741156243,408.0356140136719,72974000
2021-10-14 00:00:00-04:00,411.69244871973615,415.04916286579004,411.22363613283864,414.8991394042969,70236800
2021-10-15 00:00:00-04:00,417.0087329506892,418.42455590539737,416.38989699593026,418.0588684082031,66260200
2021-10-18 00:00:00-04:00,416.27735526871015,419.6340400404351,415.621006350095,419.2965087890625,62213200
2021-10-19 00:00:00-04:00,420.9186862186984,422.597014600356,420.30920699257047,422.5314025878906,46996800
2021-10-20 00:00:00-04:00,422.9907287152216,424.4909342886698,422.87821830467027,424.1908874511719,49571600
2021-10-21 00:00:00-04:00,423.59081795122904,425.5223230800388,423.15951848148666,425.29730224609375,41305400
2021-10-22 00:00:00-04:00,424.86601382430814,426.30996431243693,422.91573783259383,424.85662841796875,58845100
2021-10-25 00:00:00-04:00,425.94423644921017,427.4631842019091,424.1721402757418,427.135009765625,45214500
2021-10-26 00:00:00-04:00,428.68217522735085,429.89169091412384,427.1444564431734,427.5195007324219,56075100
2021-10-27 00:00:00-04:00,427.97890546543795,428.6446111455954,425.5504317463337,425.6254577636719,72438000
2021-10-28 00:00:00-04:00,427.05070773419686,429.80732773792477,427.0413509410185,429.7323303222656,51437900
2021-10-29 00:00:00-04:00,427.435131798945,430.89497056169455,427.14447031928165,430.60430908203125,70162400
2021-11-01 00:00:00-04:00,431.5887947913139,431.9638676988326,429.6198050970678,431.34503173828125,48433600
2021-11-02 00:00:00-04:00,431.5137556913935,433.3983909976397,431.3824744636354,433.0889587402344,48908400
2021-11-03 00:00:00-04:00,432.5264031559585,436.1362651463071,432.08571825925554,435.73309326171875,52509800
2021-11-04 00:00:00-04:00,436.3331934985726,437.8709123645309,435.9862767972165,437.7865295410156,52847100
2021-11-05 00:00:00-04:00,440.00863863956613,441.29318025230174,437.79585747597196,439.305419921875,66390600
2021-11-08 00:00:00-05:00,440.4024399467041,440.8993800137787,438.99600255528054,439.6804504394531,50405200
2021-11-09 00:00:00-05:00,440.0461369788913,440.28054321030675,436.8207049454919,438.2271423339844,51149100
2021-11-10 00:00:00-05:00,436.53945827784827,438.2272005366199,433.2202862022842,434.70172119140625,69429700
2021-11-11 00:00:00-05:00,436.1924366753276,436.26746268516337,434.82351244323235,434.8422546386719,34848500
2021-11-12 00:00:00-05:00,436.1081657875227,438.67724930991125,435.16115531508916,438.1240539550781,53466700
2021-11-15 00:00:00-05:00,439.40862530276064,439.56800554034606,437.14894545673525,438.2740783691406,46980500
2021-11-16 00:00:00-05:00,438.01152112700873,441.1431852512349,437.9365237158013,440.0086669921875,48857500
2021-11-17 00:00:00-05:00,439.7461325975495,439.9242836397509,438.3209528739824,438.9397888183594,47858300
2021-11-18 00:00:00-05:00,439.97114731825366,440.69313688366196,437.25204053194824,440.43060302734375,50625600
2021-11-19 00:00:00-05:00,440.31803734544474,441.5650945480242,439.2772873896782,439.6429748535156,57315600
2021-11-22 00:00:00-05:00,441.5182563851529,444.0029569483632,438.19905582510415,438.40533447265625,72762000
2021-11-23 00:00:00-05:00,438.07713594296996,439.83987544998917,435.4799250989726,438.98663330078125,73206500
2021-11-24 00:00:00-05:00,436.98951426235885,440.2805872370219,436.17378507370955,440.15869140625,61858800
2021-11-26 00:00:00-05:00,433.5015889100639,434.9642817891199,429.21663530001194,430.341796875,112669600
2021-11-29 00:00:00-05:00,435.12360436955294,437.45828126856935,432.9295654860119,435.62054443359375,86268800
2021-11-30 00:00:00-05:00,433.1826850458105,435.08606236584416,426.9005870421709,427.1443786621094,148559600
2021-12-01 00:00:00-05:00,432.84521097923056,435.6862135337651,422.2031616971008,422.4000549316406,131939200
2021-12-02 00:00:00-05:00,422.6157769864965,430.4355669860337,422.22196184931875,428.8697204589844,127637800
2021-12-03 00:00:00-05:00,430.5292522904625,431.58874442702455,420.9185967447433,425.1379089355469,137331600
2021-12-06 00:00:00-05:00,427.6788574056175,432.04819294676213,425.2691545047344,430.1729431152344,98977500
2021-12-07 00:00:00-05:00,435.4424103932935,439.633595102183,430.0416814760553,439.0710144042969,95484700
2021-12-08 00:00:00-05:00,439.4648728181905,440.68377393878586,437.71148993714627,440.23370361328125,72238800
2021-12-09 00:00:00-05:00,438.94912708653544,440.3368223530035,437.06452034105865,437.26141357421875,61272600
2021-12-10 00:00:00-05:00,439.9617996675269,441.52761743144606,437.41145846142433,441.3775939941406,77159800
2021-12-13 00:00:00-05:00,440.86184888742423,441.2087655181387,437.18634673203786,437.4676513671875,87724700
2021-12-14 00:00:00-05:00,434.2046763056092,436.6893763663621,431.541825239176,434.45782470703125,97264100
2021-12-15 00:00:00-05:00,434.51416709666717,441.49007040259744,432.00131048296834,441.2463073730469,116899300
2021-12-16 00:00:00-05:00,443.0934854498481,443.3747615247552,435.80812035524764,437.355224609375,116568600
2021-12-17 00:00:00-05:00,434.28120719660683,437.2827414785998,430.9974086651927,432.7004699707031,135511600
2021-12-20 00:00:00-05:00,427.62890570329984,428.4945351603184,424.4862394814665,428.099365234375,107134800
2021-12-21 00:00:00-05:00,431.5148943716561,435.84312797159805,429.3507919289712,435.7019958496094,69806300
2021-12-22 00:00:00-05:00,435.44797367017134,440.1713773813337,435.2503599777173,440.0584716796875,58890200
2021-12-23 00:00:00-05:00,441.0558028110541,444.2925666264492,440.9523154989883,442.7965087890625,56439700
2021-12-27 00:00:00-05:00,444.17028879957417,449.11011430535285,444.1232543282057,449.0630798339844,56808600
2021-12-28 00:00:00-05:00,449.4958929694086,450.5214913868531,447.93396375035627,448.69610595703125,47274600
2021-12-29 00:00:00-05:00,448.7995905115579,450.2862300149204,447.8022185897107,449.2700500488281,54503000
2021-12-30 00:00:00-05:00,449.6934621372565,450.70025247373695,447.56700448030426,448.0280456542969,55329000
2021-12-31 00:00:00-05:00,447.5386809057687,448.6865744017013,446.62598842107235,446.8988342285156,65237400
2022-01-03 00:00:00-05:00,448.15972040589463,449.6181621243115,445.8544860219246,449.4864196777344,72668200
2022-01-04 00:00:00-05:00,450.9072238974489,451.62233155714586,447.4822648058163,449.33587646484375,71178700
2022-01-05 00:00:00-05:00,448.9689713732978,449.7405319442751,440.61360498167255,440.70770263671875,104538900
2022-01-06 00:00:00-05:00,440.2465751581237,443.0034607516756,437.9318938989192,440.2936096191406,86858900
2022-01-07 00:00:00-05:00,440.3031029677847,441.47925183914367,437.1980527186537,438.552978515625,85111600
2022-01-10 00:00:00-05:00,435.36328278709937,438.2236562011222,429.62367048499374,438.00726318359375,119362000
2022-01-11 00:00:00-05:00,437.7438209696161,442.0908627934465,434.751676287286,441.99676513671875,74303100
2022-01-12 00:00:00-05:00,443.7280116585806,445.2429062617321,441.2345819172256,443.1916809082031,67605400
2022-01-13 00:00:00-05:00,444.2925567024861,444.9417931268879,436.0595152339108,437.0851135253906,91173100
2022-01-14 00:00:00-05:00,433.94241224020107,437.6119903971506,432.7286187563213,437.26385498046875,95890900
2022-01-18 00:00:00-05:00,432.5781593461344,432.7851627070061,428.4098944174529,429.5201721191406,109709100
2022-01-19 00:00:00-05:00,431.0632487949444,432.455790611051,424.7873060995941,425.0601806640625,109357600
2022-01-20 00:00:00-05:00,426.9420552480534,431.6372325182061,418.2385532953383,420.3556213378906,122379700
2022-01-21 00:00:00-05:00,419.23594498974285,421.58824292541317,412.07556385655806,412.1037902832031,202271200
2022-01-24 00:00:00-05:00,406.50524550753806,414.3619251147175,395.901098425589,413.85382080078125,251783900
2022-01-25 00:00:00-05:00,407.47441758472695,413.7409421509055,401.9135823339121,408.8011169433594,167997300
2022-01-26 00:00:00-05:00,414.6818862839636,417.80574473347866,403.5225703047687,407.7755432128906,186391100
2022-01-27 00:00:00-05:00,412.36717163695266,415.5004192840026,404.0776775137982,405.76190185546875,149878300
2022-01-28 00:00:00-05:00,407.11686454826264,415.886237349482,402.54401155859085,415.8392028808594,164457400
2022-01-31 00:00:00-05:00,415.17113717300543,423.677053931945,413.82562974282484,423.32891845703125,152251400
2022-02-01 00:00:00-05:00,424.05345661872343,426.8291797344353,420.5344280122152,426.1893615722656,123155400
2022-02-02 00:00:00-05:00,428.5887004556451,431.0539041932423,426.2834369036978,430.32940673828125,117361000
2022-02-03 00:00:00-05:00,424.30745056905977,426.2080966836343,419.3770152968473,420.2144470214844,118024400
2022-02-04 00:00:00-05:00,419.97926396514714,426.0293671450485,417.6081293545503,422.1904296875,118454400
2022-02-07 00:00:00-05:00,422.95254768054906,424.3450895509773,419.50878037886775,420.8354797363281,84472900
2022-02-08 00:00:00-05:00,420.33677354523064,425.2201456654425,418.91597660458353,424.29803466796875,81012000
2022-02-09 00:00:00-05:00,428.3252089130967,430.8280572528607,428.1276239352286,430.5081481933594,92589900
2022-02-10 00:00:00-05:00,424.67438876665915,430.6680383540824,420.778998939607,422.77374267578125,140103700
2022-02-11 00:00:00-05:00,422.85846290665194,424.92846773085336,413.00703862428105,414.4372253417969,153214600
2022-02-14 00:00:00-05:00,413.92909493615394,415.5098319487012,409.6196698794952,413.0822448730469,123006300
2022-02-15 00:00:00-05:00,417.5140448697904,419.9133771021189,416.99652213320917,419.7440185546875,88482700
2022-02-16 00:00:00-05:00,417.7021805621434,421.58818077331404,415.82976087005267,420.2144470214844,84863600
2022-02-17 00:00:00-05:00,417.03422512188433,420.18631030686123,410.63598579994795,411.2381591796875,102259100
2022-02-18 00:00:00-05:00,411.49211293034836,412.74355133918664,406.30766852315804,408.5752868652344,132642900
2022-02-22 00:00:00-05:00,406.37355193227506,409.7702560003978,400.6997823601273,404.19061279296875,124391800
2022-02-23 00:00:00-05:00,407.09801689358864,407.66257403498787,396.4562253293039,397.0207824707031,132578000
2022-02-24 00:00:00-05:00,386.7365552102814,403.42847944353576,386.3790300752348,402.9956359863281,213942900
2022-02-25 00:00:00-05:00,404.2282639234101,411.97203889724267,402.5816554040874,411.8873596191406,121804500
2022-02-28 00:00:00-05:00,406.50532304240727,412.3108071724536,405.2539131340016,410.83355712890625,145615000
2022-03-01 00:00:00-05:00,409.3374027412006,411.3415647709706,401.8758933767992,404.57635498046875,137785900
2022-03-02 00:00:00-05:00,406.82512147422693,413.74088149381066,406.07239780068846,412.0190124511719,117726500
2022-03-03 00:00:00-05:00,414.4466183746847,415.04879163986294,408.17067562721684,409.96783447265625,105501700
2022-03-04 00:00:00-05:00,406.2417642897953,407.76604842308336,402.6004124792588,406.636962890625,113978200
2022-03-07 00:00:00-05:00,406.0536235461076,406.7593128666358,394.5838174926232,394.6496887207031,137896600
2022-03-08 00:00:00-05:00,394.82848568696517,401.97005852746355,390.59434954887394,391.6575927734375,164772700
2022-03-09 00:00:00-05:00,400.0222969242245,404.13410814898197,397.83935806469975,402.1581726074219,116990800
2022-03-10 00:00:00-05:00,397.5571741386675,401.23617169428314,395.6000748169369,400.3423156738281,93972700
2022-03-11 00:00:00-05:00,402.8262482347944,403.43783985789673,394.7437572588801,395.2518615722656,95636300
2022-03-14 00:00:00-04:00,396.02340888185535,399.4671471285895,391.2247162730047,392.36322021484375,95729200
2022-03-15 00:00:00-04:00,394.96955062340055,401.6218547157255,393.6993329697204,400.991455078125,106219100
2022-03-16 00:00:00-04:00,404.49176069614015,409.9396620822366,399.7024567937387,409.8832092285156,144954800
2022-03-17 00:00:00-04:00,407.9731146505722,415.0111999511719,407.5967527483876,415.0111999511719,102676900
2022-03-18 00:00:00-04:00,413.40286121868064,419.8776045343294,412.6666654946888,419.55670166015625,106345500
2022-03-21 00:00:00-04:00,419.38687263527476,421.3878136478484,415.93240645546575,419.43408203125,88349800
2022-03-22 00:00:00-04:00,420.8214687288552,425.27640505720075,420.8214687288552,424.3420104980469,74650400
2022-03-23 00:00:00-04:00,421.8125310374547,423.3037890750717,418.79222440449075,418.8771667480469,79426100
2022-03-24 00:00:00-04:00,420.89699675804104,425.2009149244502,419.78326986493045,425.19146728515625,64736900
2022-03-25 00:00:00-04:00,425.8238364518409,427.5416361124458,423.2471369609336,427.2679138183594,77101300
2022-03-28 00:00:00-04:00,426.6733304386402,430.30712890625,424.7856459155993,430.30712890625,68529800
2022-03-29 00:00:00-04:00,434.18629362949696,436.1211874892994,431.50578514438973,435.63037109375,86581500
2022-03-30 00:00:00-04:00,434.4883159212036,435.30003519309184,430.83565120715195,432.9404296875,79666900
2022-03-31 00:00:00-04:00,432.17589947274035,432.9970375414447,425.823831381212,426.2768859863281,121699900
2022-04-01 00:00:00-04:00,427.85312988784034,427.9947004651948,423.9173238184881,427.48504638671875,89048800
2022-04-04 00:00:00-04:00,427.68317979634264,431.25090181901925,426.86204176947047,431.1470642089844,59601000
2022-04-05 00:00:00-04:00,429.6558732347616,432.1192876988634,424.5591308094842,425.701171875,74214500
2022-04-06 00:00:00-04:00,421.7936733149173,423.7190907497015,418.5657201739074,421.4444274902344,106898000
2022-04-07 00:00:00-04:00,420.5666126114327,425.3802132507673,418.62230012164184,423.5680236816406,78097200
2022-04-08 00:00:00-04:00,422.8129253472982,425.3235486630253,420.8969271331609,422.4353942871094,79272700
2022-04-11 00:00:00-04:00,419.1697603481383,420.00979376147524,414.7148526591951,415.215087890625,89770500
2022-04-12 00:00:00-04:00,418.19752691427806,420.7175978859881,412.1286293865626,413.6765441894531,84363600
2022-04-13 00:00:00-04:00,413.4312174671857,419.16976564370555,413.25188513631514,418.4147033691406,74070400
2022-04-14 00:00:00-04:00,418.64116191799894,419.7549175134308,413.1008132674667,413.20465087890625,97869500
2022-04-18 00:00:00-04:00,412.2797123367979,415.05461073103595,411.1470901663332,413.37457275390625,66002500
2022-04-19 00:00:00-04:00,413.27073740895713,420.76484688177004,413.1008527235854,420.04754638671875,77821000
2022-04-20 00:00:00-04:00,421.8219961207023,422.4354878298303,418.57517643732126,419.736083984375,65224400
2022-04-21 00:00:00-04:00,423.3509483444846,424.7383973991878,412.55339229515056,413.45947265625,85417300
2022-04-22 00:00:00-04:00,412.3740611145033,413.47834025677906,401.5481909244776,402.114501953125,132471800
2022-04-25 00:00:00-04:00,399.87760832355883,404.6156854519276,395.31883470061024,404.44580078125,119647700
2022-04-26 00:00:00-04:00,401.9163240296101,402.11455163658286,392.70444345361744,392.7327575683594,103996300
2022-04-27 00:00:00-04:00,393.80869150273776,399.169736833569,391.70394193167726,393.8370056152344,122030000
2022-04-28 00:00:00-04:00,398.57515732733924,405.5124037214935,394.1485348093446,403.78515625,105449100
2022-04-29 00:00:00-04:00,399.8021348013602,401.95409397695,388.11736315002133,388.8630065917969,145491100
2022-05-02 00:00:00-04:00,388.929072135393,392.56287045835074,382.2749671742883,391.2037353515625,158312500
2022-05-03 00:00:00-04:00,391.7039501067172,395.4037953011167,390.1465874755705,392.99700927734375,100028200
2022-05-04 00:00:00-04:00,393.65769528593023,405.53124638806986,390.4769516548114,404.9649353027344,144247900
2022-05-05 00:00:00-04:00,400.7081751004019,401.1329155913623,386.4467339742489,390.5713195800781,172929100
2022-05-06 00:00:00-04:00,388.0134773567565,391.50567570306237,382.9450500936246,388.239990234375,151770800
2022-05-09 00:00:00-04:00,382.35045035687074,383.5868812355381,374.23340232623997,375.80963134765625,155586100
2022-05-10 00:00:00-04:00,381.7747515433738,383.27545730002635,372.64781289944233,376.6780090332031,132497200
2022-05-11 00:00:00-04:00,375.7153401314492,381.3500802473875,369.9484482575457,370.694091796875,142361000
2022-05-12 00:00:00-04:00,367.5037946408941,373.57269244374504,363.5207798183708,370.3070068359375,125090800
2022-05-13 00:00:00-04:00,374.4315896864937,380.5382491972758,373.39335762056186,379.1602478027344,104174400
2022-05-16 00:00:00-04:00,377.5180173546355,381.2839385536254,375.27166828724563,377.621826171875,78622400
2022-05-17 00:00:00-04:00,383.7001932426954,385.6256395203469,379.9720047899369,385.3896789550781,83029700
2022-05-18 00:00:00-04:00,380.840309909265,381.12345103452697,368.61754246873323,369.8539733886719,117674500
2022-05-19 00:00:00-04:00,366.79589073865264,372.00591725890166,365.37068003419705,367.5887145996094,98510700
2022-05-20 00:00:00-04:00,371.1658795771667,374.7336013107162,359.1696553995638,367.7491760253906,131432200
2022-05-23 00:00:00-04:00,370.7694822124612,375.39433157969796,368.457086332618,374.62982177734375,76414900
2022-05-24 00:00:00-04:00,370.5146932699092,372.95924112163084,365.22917116715337,371.77001953125,91448800
2022-05-25 00:00:00-04:00,370.27866600739725,377.0177119551158,369.88226848328026,375.05450439453125,91472900
2022-05-26 00:00:00-04:00,376.28151834129653,384.18147159869255,376.0738719405769,382.5486145019531,82168300
2022-05-27 00:00:00-04:00,385.0026351628093,392.0531368146943,384.80443638650837,391.93988037109375,84768700
2022-05-31 00:00:00-04:00,390.3259001664865,393.07248421298215,387.00358624823434,389.74072265625,95937000
2022-06-01 00:00:00-04:00,391.8549734040455,392.8648626531449,384.07769419751776,386.58831787109375,86585800
2022-06-02 00:00:00-04:00,386.4278638148007,393.9974674509903,384.1815149003103,393.9502868652344,79609600
2022-06-03 00:00:00-04:00,389.2405180200075,390.78843305581245,386.5128290364629,387.4849853515625,71874300
2022-06-06 00:00:00-04:00,391.48687393580764,393.21409252066996,387.49441098526677,388.664794921875,57508900
2022-06-07 00:00:00-04:00,385.1819749982957,392.8459684053957,384.7194727728496,392.3929138183594,59272400
2022-06-08 00:00:00-04:00,390.6845434619145,392.46841881070924,387.333915614858,388.1267395019531,64350000
2022-06-09 00:00:00-04:00,386.352312221375,388.6175274447086,378.8959655761719,378.8959655761719,86289800
2022-06-10 00:00:00-04:00,372.7044332589276,373.55388552538324,367.86251789521714,367.9096984863281,132893900
2022-06-13 00:00:00-04:00,358.5184359528124,360.3683584476511,352.3362527688543,353.9407958984375,170004900
2022-06-14 00:00:00-04:00,355.68695837561785,356.7157429736958,349.77849666174114,352.8742980957031,104011800
2022-06-15 00:00:00-04:00,356.1682125540914,362.3409474596305,351.2224895627162,357.9049072265625,125666800
2022-06-16 00:00:00-04:00,349.70299946215493,350.1088447146559,343.63407193506487,346.05975341796875,134473300
2022-06-17 00:00:00-04:00,346.47397650063243,350.142419392661,343.30792965713135,346.80572509765625,111113900
2022-06-21 00:00:00-04:00,352.521725834006,356.92005638665404,352.44587608946637,355.5361022949219,76811900
2022-06-22 00:00:00-04:00,351.3178358414842,358.99598772773135,350.90074904768903,354.8915100097656,90059400
2022-06-23 00:00:00-04:00,357.0243625508475,359.1002793406204,353.46966494173824,358.3703918457031,79292100
2022-06-24 00:00:00-04:00,361.53641078181903,369.7738317116263,361.5079743602973,369.76434326171875,98050300
2022-06-27 00:00:00-04:00,370.68380190795756,370.9776545538821,367.2618273862305,368.3519287109375,66009600
2022-06-28 00:00:00-04:00,369.9064903475498,372.68388643941586,360.7116632691244,360.8254089355469,86548900
2022-06-29 00:00:00-04:00,361.3753088463661,362.3611241546952,358.71165775298255,360.5316467285156,65676000
2022-06-30 00:00:00-04:00,356.6451313576215,360.8349471944622,353.1567954408799,357.6025390625,112508300
2022-07-01 00:00:00-04:00,356.9484798436387,361.82079880218214,354.33221338787916,361.3847351074219,74839700
2022-07-05 00:00:00-04:00,356.3038638558327,362.08617660456315,353.47905430233544,362.06719970703125,81438000
2022-07-06 00:00:00-04:00,362.2094581257224,365.7736442291068,359.8302001680812,363.29010009765625,70426200
2022-07-07 00:00:00-04:00,365.06263643850446,369.5273277554807,363.30898013880693,368.7310791015625,64525900
2022-07-08 00:00:00-04:00,367.10071569720793,370.2952282014979,365.5745794315864,368.4278259277344,72397800
2022-07-11 00:00:00-04:00,365.7546798643806,366.72154716840924,363.52706364959664,364.21905517578125,58366900
2022-07-12 00:00:00-04:00,363.6692023712076,366.04848886653093,359.2518953418649,360.9960632324219,62219200
2022-07-13 00:00:00-04:00,355.5645600399159,362.02937706003513,355.14747320454023,359.10028076171875,84224600
2022-07-14 00:00:00-04:00,354.1521398256336,359.30882348190096,351.71600904471353,358.22821044921875,89704800
2022-07-15 00:00:00-04:00,362.62649570213034,365.1858892356065,360.7211976903377,365.0721435546875,79060400
2022-07-18 00:00:00-04:00,368.1528836213448,368.825898190188,360.8349458407432,362.0577697753906,63203600
2022-07-19 00:00:00-04:00,365.97267860433266,372.40905889172745,365.31864088700104,371.8403015136719,78506000
2022-07-20 00:00:00-04:00,372.0297892200906,375.62241050509095,370.664783479304,374.2099914550781,71843800
2022-07-21 00:00:00-04:00,373.63188089355765,378.06813634762244,371.2336461823122,378.020751953125,64903900
2022-07-22 00:00:00-04:00,378.1439748043947,379.33833343517273,372.29530007355766,374.513427734375,72197300
2022-07-25 00:00:00-04:00,375.1390938870878,375.8215969964553,372.73137056679104,374.9684753417969,53631500
2022-07-26 00:00:00-04:00,373.328540675696,373.5370840827539,369.64114957187473,370.5321960449219,52946400
2022-07-27 00:00:00-04:00,373.82144153900765,381.8977324950311,373.5275888700464,380.153564453125,82342100
2022-07-28 00:00:00-04:00,380.95930457713075,385.61356292258694,377.4140666940386,384.9216003417969,73966600
2022-07-29 00:00:00-04:00,386.3529667558723,391.51913892921795,385.58515437514285,390.5332946777344,87003700
2022-08-01 00:00:00-04:00,387.8412366937113,391.8793828026547,387.1302971071062,389.3768615722656,69997500
2022-08-02 00:00:00-04:00,387.8127450392465,391.4906766053588,385.63254218875403,386.8079528808594,63435400
2022-08-03 00:00:00-04:00,388.931285023342,394.0310955881913,388.6469207989162,392.86517333984375,67820600
2022-08-04 00:00:00-04:00,392.78932847212786,393.4718315474268,390.95985110646615,392.5997619628906,45656600
2022-08-05 00:00:00-04:00,388.3245571114869,392.58070477933853,388.26768427752603,391.9361267089844,56814900
2022-08-08 00:00:00-04:00,393.6235081493515,395.87007236927724,390.3816112599049,391.481201171875,53886100
2022-08-09 00:00:00-04:00,390.75132095945645,391.2537170647009,388.8554822335221,389.9266357421875,44931800
2022-08-10 00:00:00-04:00,396.96966387104465,398.2588492285253,395.01695232609546,398.11663818359375,68665700
2022-08-11 00:00:00-04:00,400.9603962309802,402.81833898357877,397.37726224840134,398.11663818359375,59489700
2022-08-12 00:00:00-04:00,400.0503656332881,404.9605804756404,399.10244636975136,404.8563232421875,61694500
2022-08-15 00:00:00-04:00,402.64764150057266,407.04600061972724,402.5907686609456,406.5246276855469,54048300
2022-08-16 00:00:00-04:00,405.4535207281274,409.2451978170758,404.64778356108576,407.3209228515625,59289000
2022-08-17 00:00:00-04:00,403.7282975362389,407.1313242254354,402.42965277199465,404.42974853515625,63563400
2022-08-18 00:00:00-04:00,404.628809463559,406.28766820146114,403.33965312992564,405.6051940917969,49023200
2022-08-19 00:00:00-04:00,402.8467811218481,403.1121973862413,399.282595061536,400.1546936035156,68016900
2022-08-22 00:00:00-04:00,395.329701995395,395.5003494416631,390.92188337608326,391.8224182128906,77695600
2022-08-23 00:00:00-04:00,391.39585573923233,393.7846307828097,390.3247023494631,390.87451171875,49105200
2022-08-24 00:00:00-04:00,390.64698231789686,393.49074002484474,389.9645082393007,392.1257629394531,49177800
2022-08-25 00:00:00-04:00,393.6139571012594,397.70897496462175,392.52385581312956,397.6615905761719,50942300
2022-08-26 00:00:00-04:00,397.5478603350803,398.088152311537,384.14426851779484,384.2011413574219,103087000
2022-08-29 00:00:00-04:00,381.2531682301508,384.70357956798847,380.30524889484775,381.6607666015625,65370800
2022-08-30 00:00:00-04:00,382.8172261577202,383.0542059895712,375.3760536519589,377.470947265625,85652400
2022-08-31 00:00:00-04:00,379.10134082789193,380.3431127380741,374.46603071215685,374.5987243652344,76029700
2022-09-01 00:00:00-04:00,372.428046300128,376.1154375189932,369.7264703742915,375.7742004394531,78740100
2022-09-02 00:00:00-04:00,379.43320073318154,380.6465364862651,370.00139052392416,371.8119201660156,99632100
2022-09-06 00:00:00-04:00,372.6555302445026,373.5939611226999,368.1908383071308,370.4089660644531,76637400
2022-09-07 00:00:00-04:00,370.0960816393788,377.83110568507885,369.8780787401788,377.06329345703125,70964200
2022-09-08 00:00:00-04:00,374.79784580059123,379.9829368756566,373.59396971166063,379.5279541015625,80821700
2022-09-09 00:00:00-04:00,381.7650275183075,386.28662130528346,381.49961125899546,385.42401123046875,76706900
2022-09-12 00:00:00-04:00,387.49043025851944,390.2868036201907,387.1870891554379,389.5663757324219,69256300
2022-09-13 00:00:00-04:00,380.90239200547273,382.10626800654813,371.5085373863549,372.6270751953125,122947100
2022-09-14 00:00:00-04:00,373.925777076594,375.5656880974877,370.75024121431795,374.04901123046875,85023700
2022-09-15 00:00:00-04:00,372.49436398050875,375.33812191068284,368.53206820723454,369.8022766113281,87633800
2022-09-16 00:00:00-04:00,365.6295206827052,367.63783250475103,363.6973120856197,366.9810791015625,103084800
2022-09-19 00:00:00-04:00,363.84011191988435,369.8269958496094,363.7639505998914,369.8269958496094,73278500
2022-09-20 00:00:00-04:00,366.5051996914192,367.5141193905518,362.83121456949,365.5819396972656,77274900
2022-09-21 00:00:00-04:00,367.504586823731,370.5504007332188,359.19527603958755,359.2048034667969,106746600
2022-09-22 00:00:00-04:00,358.4338263970015,360.0709463739704,355.4451478506608,356.18756103515625,89472600
2022-09-23 00:00:00-04:00,352.7228482792776,352.7609289323935,345.7841524325805,350.2196044921875,122346900
2022-09-26 00:00:00-04:00,348.753848761664,352.37072699861113,345.53671576875286,346.7550354003906,92581200
2022-09-27 00:00:00-04:00,350.28630194167937,352.5516221250691,343.48084301099055,345.8699035644531,108294100
2022-09-28 00:00:00-04:00,346.821678453464,354.3600222961964,345.1274522170946,352.6753234863281,110802200
2022-09-29 00:00:00-04:00,349.13459770031216,349.42013004160674,342.3672197883283,345.3083190917969,112952300
2022-09-30 00:00:00-04:00,344.36596930372804,348.2779362644351,339.83535868204586,339.9685974121094,153711200
2022-10-03 00:00:00-04:00,343.6806581182504,350.79070306991537,341.9007722856018,348.9441833496094,89756500
2022-10-04 00:00:00-04:00,354.45522944852485,359.78538917158465,348.9061712798272,359.7568359375,103602800
2022-10-05 00:00:00-04:00,355.3974984990643,361.1749817964111,353.0750722691506,358.919189453125,88065700
2022-10-06 00:00:00-04:00,357.5200770483229,360.47070383972516,354.72174385776447,355.2167053222656,82333500
2022-10-07 00:00:00-04:00,351.19051769873397,355.30235769557754,343.547458861724,345.3083190917969,107789500
2022-10-10 00:00:00-04:00,346.42192984075376,346.65988314467035,340.43504562807703,342.6717834472656,76042800
2022-10-11 00:00:00-04:00,340.9775545535183,345.5367479558779,338.56946829764377,340.50164794921875,92482800
2022-10-12 00:00:00-04:00,340.91091321016154,342.48139902682294,339.1309983011124,339.37847900390625,76991800
2022-10-13 00:00:00-04:00,332.3826842498608,349.8008834901985,331.3356839052994,348.3350830078125,147254500
2022-10-14 00:00:00-04:00,350.7907569397952,352.41837848921915,339.7592450066515,340.39697265625,123737000
2022-10-17 00:00:00-04:00,346.4695719640728,350.2482719633379,340.0638579364615,349.1441650390625,93168200
2022-10-18 00:00:00-04:00,357.05371300233446,357.3583002169347,349.8103989866183,353.2464599609375,97162900
2022-10-19 00:00:00-04:00,351.2095126771094,353.9317132956456,347.9352732315164,350.7431335449219,79746900
2022-10-20 00:00:00-04:00,350.29577817467606,354.71220495349155,347.0405645534775,347.8020324707031,88283100
2022-10-21 00:00:00-04:00,347.5260706048134,356.7396164612049,346.02221835785116,356.25421142578125,131038400
2022-10-24 00:00:00-04:00,357.77704931693273,361.7460937798273,355.1309809456278,360.6134338378906,85436900
2022-10-25 00:00:00-04:00,360.5373287022716,366.6860338162217,360.4231157662592,366.3719482421875,78846300
2022-10-26 00:00:00-04:00,363.2309138667366,368.90371186098525,362.9739347843384,363.61163330078125,104087300
2022-10-27 00:00:00-04:00,364.61105138754175,366.44804370025827,361.0512506396155,361.6699523925781,81971800
2022-10-28 00:00:00-04:00,361.5652086354592,370.7501985039981,361.3843618372089,370.2742919921875,100302000
2022-10-31 00:00:00-04:00,367.81871998807645,369.68426585196175,366.6955873080766,367.59979248046875,96631300
2022-11-01 00:00:00-04:00,371.340363735998,371.57831700264165,364.8204384205559,365.99114990234375,85407600
2022-11-02 00:00:00-04:00,365.4010855031739,369.90317244332704,356.7015278683844,356.80621337890625,126990400
2022-11-03 00:00:00-04:00,353.5700280593983,356.16848838692556,351.0191758170607,353.1322021484375,87100100
2022-11-04 00:00:00-04:00,358.8335469874606,360.61343287804317,352.170855133582,358.2148742675781,103505200
2022-11-07 00:00:00-05:00,359.50936758378657,362.23156853069116,357.43442171013305,361.6414489746094,68286900
2022-11-08 00:00:00-05:00,362.745493209243,366.5622732100706,359.5188617569453,363.5926208496094,84641100
2022-11-09 00:00:00-05:00,361.6224344512429,362.7741495038233,355.60696718518795,356.1019287109375,78495500
2022-11-10 00:00:00-05:00,369.35108918360226,376.00428299719744,367.0572450041489,375.671142578125,141455800
2022-11-11 00:00:00-05:00,376.5277606911573,380.10658743180727,374.64316019638335,379.30706787109375,93839900
2022-11-14 00:00:00-05:00,377.54630613796775,380.89667884378287,375.8044713523552,376.08050537109375,71903500
2022-11-15 00:00:00-05:00,381.8198514474499,382.9239582221826,375.4807721813481,379.28802490234375,93194500
2022-11-16 00:00:00-05:00,377.66039937041876,378.61221246717844,375.76630060291683,376.3945007324219,68508500
2022-11-17 00:00:00-05:00,371.6449453937852,375.91860608551974,371.34038726892305,375.2427978515625,74496300
2022-11-18 00:00:00-05:00,378.5741867367159,378.6408206344442,374.1006819611119,376.94659423828125,92922500
2022-11-21 00:00:00-05:00,375.6236273819445,376.74676014271114,373.7390265271548,375.5760192871094,51243200
2022-11-22 00:00:00-05:00,377.5176776993283,380.7919174617573,376.1089836932025,380.6300964355469,60429000
2022-11-23 00:00:00-05:00,380.29692789864373,383.51406095455076,380.06850204043604,383.0286560058594,68261600
2022-11-25 00:00:00-05:00,382.4670560829331,383.4950305265415,382.191051189936,382.9429626464844,30545400
2022-11-28 00:00:00-05:00,379.8590951809206,381.4962149118125,376.0708685003482,376.83233642578125,67881600
2022-11-29 00:00:00-05:00,376.96558433179973,378.1553507626501,374.34809818392904,376.18511962890625,52310000
2022-11-30 00:00:00-05:00,376.4325522787015,388.03515625,374.51942770651925,388.03515625,144566700
2022-12-01 00:00:00-05:00,389.0726695441886,390.24341023181614,385.2463909544575,387.7496643066406,76398200
2022-12-02 00:00:00-05:00,382.8668240269508,388.20648163885994,382.7621385272809,387.3022766113281,85342700
2022-12-05 00:00:00-05:00,384.48494250767516,385.4177008262784,378.98346353454565,380.33502197265625,77289800
2022-12-06 00:00:00-05:00,380.17323078475664,380.7157422182558,372.7681254520418,374.8525695800781,77972200
2022-12-07 00:00:00-05:00,374.0054742055746,376.5753814167961,373.0822142567911,374.2148742675781,65927900
2022-12-08 00:00:00-05:00,376.0995130057314,378.21251059995166,374.3195977744953,377.146484375,60737900
2022-12-09 00:00:00-05:00,375.90911499149865,378.459967446831,374.20536119651905,374.3291015625,81447700
2022-12-12 00:00:00-05:00,375.119119770537,379.7259216308594,374.4528678993267,379.7259216308594,75405800
2022-12-13 00:00:00-05:00,390.45286275137533,390.70984189180217,379.8401500031239,382.60040283203125,123782500
2022-12-14 00:00:00-05:00,382.257673780074,385.9602409589763,377.21307559103866,380.1541748046875,108111300
2022-12-15 00:00:00-05:00,375.2999009475401,376.2041350287874,369.19880442028864,370.8549499511719,117705900
2022-12-16 00:00:00-05:00,368.3029384387337,369.641590174743,364.3443519350762,366.47662353515625,119858000
2022-12-19 00:00:00-05:00,366.6678340994925,367.00250429400353,361.70523742151596,363.3689880371094,79878100
2022-12-20 00:00:00-05:00,362.61364283927566,365.482194633709,361.2941043449694,363.8662414550781,74427200
2022-12-21 00:00:00-05:00,366.4575070608886,370.4352358837999,365.92204637130624,369.30694580078125,78167400
2022-12-22 00:00:00-05:00,366.26628710078785,369.28783218740784,358.3490843681481,364.03839111328125,100120900
2022-12-23 00:00:00-05:00,363.0152768784984,366.27586806369106,361.46626335166565,366.1324462890625,59857300
2022-12-27 00:00:00-05:00,366.01764723973866,366.3618594408892,363.0152157544233,364.68853759765625,51638200
2022-12-28 00:00:00-05:00,364.6216127041186,366.59137848650926,359.9267751898031,360.15625,70911500
2022-12-29 00:00:00-05:00,362.9961320141737,367.5093216045126,362.4702133125497,366.6391906738281,66970900
2022-12-30 00:00:00-05:00,363.9618527124626,365.8168226274327,361.8486652893112,365.67340087890625,84022200
2023-01-03 00:00:00-05:00,367.52835185196017,369.49808808826083,361.27490181125125,364.1339111328125,74850700
2023-01-04 00:00:00-05:00,366.3905264117615,368.9722345195995,363.34986872415914,366.94512939453125,85934100
2023-01-05 00:00:00-05:00,364.9945163658359,365.1092537639918,362.16422021646383,362.7570495605469,76970500
2023-01-06 00:00:00-05:00,365.845539153224,372.1946147969525,362.7857679206914,371.07586669921875,104189600
2023-01-09 00:00:00-05:00,373.26550947515705,376.44961824670435,370.6838304181261,370.865478515625,73978100
2023-01-10 00:00:00-05:00,370.2822289287242,373.5332484725184,369.34515816722075,373.46630859375,65358100
2023-01-11 00:00:00-05:00,375.0440257972263,378.26636090740493,374.2312636370513,378.1898498535156,68881100
2023-01-12 00:00:00-05:00,379.289500125456,381.02973273660194,375.22571833967487,379.5667724609375,90157700
2023-01-13 00:00:00-05:00,376.3731242643396,381.6130228505716,376.10539392375364,381.039306640625,63903900
2023-01-17 00:00:00-05:00,381.0202202604648,382.6935423019026,379.6624261074559,380.34130859375,62677300
2023-01-18 00:00:00-05:00,381.526947386791,382.58829750949707,374.1356353327088,374.33642578125,99632300
2023-01-19 00:00:00-05:00,372.2997525257694,373.94439001524745,370.29178966269103,371.611328125,86958900
2023-01-20 00:00:00-05:00,373.0073764154368,378.6871115907864,371.36273880270227,378.53411865234375,91806400
2023-01-23 00:00:00-05:00,379.3372757234957,385.0074392135379,378.3810918291715,383.0759582519531,84178800
2023-01-24 00:00:00-05:00,381.40268604904264,383.57321326654665,380.2170272035857,382.66485595703125,59524900
2023-01-25 00:00:00-05:00,378.6010846087599,383.14295882633485,376.31579073268307,382.80828857421875,84800300
2023-01-26 00:00:00-05:00,385.4663982164665,387.1779754700334,382.5022224600164,387.0154113769531,72287400
2023-01-27 00:00:00-05:00,385.97324291614746,390.2760709827511,385.7628812656745,387.90472412109375,68346200
2023-01-30 00:00:00-05:00,385.1508780562935,387.37880296998725,382.7413050405992,383.0377197265625,74202000
2023-01-31 00:00:00-05:00,383.554027333468,388.7174142189188,383.20978597821664,388.66961669921875,86811800
2023-02-01 00:00:00-05:00,387.45528923844535,395.54462644508357,384.7206171548962,392.80035400390625,101459200
2023-02-02 00:00:00-05:00,396.68239430758535,399.9812400651867,394.7891690731477,398.5182800292969,101654500
2023-02-03 00:00:00-05:00,393.55573107794413,398.7000051703591,393.0776391240828,394.2824401855469,94736800
2023-02-06 00:00:00-05:00,391.834637420615,393.2689133762878,390.2186841761235,391.87286376953125,60295300
2023-02-07 00:00:00-05:00,390.95480658066094,398.2409213671759,389.71177950059445,396.9978942871094,90990700
2023-02-08 00:00:00-05:00,395.02829871801737,396.36695047559357,391.9684982603406,392.6569519042969,76227500
2023-02-09 00:00:00-05:00,396.2522033663381,396.4051963035193,388.0290153704697,389.2529296875,78694900
2023-02-10 00:00:00-05:00,388.07678232835883,390.54375312300726,387.26404936045475,390.1612854003906,70769700
2023-02-13 00:00:00-05:00,390.81149214644563,394.875273798094,390.3525133608386,394.74139404296875,64913500
2023-02-14 00:00:00-05:00,393.22104214899304,396.864100329501,390.6106788806823,394.5597229003906,88389300
2023-02-15 00:00:00-05:00,392.3700815999979,395.91751581058026,391.5286350725414,395.8410339355469,61555700
2023-02-16 00:00:00-05:00,390.8784407346895,394.8179138959173,390.25692701019995,390.3907775878906,76431500
2023-02-17 00:00:00-05:00,388.26800352329917,389.65448174842203,386.34606468801917,389.4154357910156,89257800
2023-02-21 00:00:00-05:00,385.39953691428894,386.4513451946088,381.34532592151567,381.6034851074219,82655900
2023-02-22 00:00:00-05:00,382.01458672604707,383.55405800104023,379.624126941612,381.0775451660156,83742300
2023-02-23 00:00:00-05:00,383.965204449082,384.577176151522,378.88787027584414,383.1046447753906,96242400
2023-02-24 00:00:00-05:00,378.0942785897589,379.84408241701556,376.39227228887677,379.01220703125,108194400
2023-02-27 00:00:00-05:00,382.3492272761536,383.707021167783,379.3659383654355,380.3030090332031,80444700
2023-02-28 00:00:00-05:00,379.82496053517093,381.78512595829335,378.79226552930106,378.8974609375,96438600
2023-03-01 00:00:00-05:00,378.0846868266854,379.30860107550785,376.1436346387775,377.44403076171875,99706800
2023-03-02 00:00:00-05:00,375.4742885040699,381.2209631061389,375.13961830151106,380.3795166015625,85127800
2023-03-03 00:00:00-05:00,382.19620564898895,386.7285365509488,381.54600769019737,386.47991943359375,90120000
2023-03-06 00:00:00-05:00,387.3023461383792,389.59721125223996,386.30793571482315,386.7477722167969,72795900
2023-03-07 00:00:00-05:00,386.69989002886615,386.9389359941927,380.2073934400801,380.8193359375,108310600
2023-03-08 00:00:00-05:00,380.9340806833584,382.196221130841,379.2129323233864,381.44085693359375,74746600
2023-03-09 00:00:00-05:00,382.2249589763906,383.88873887527785,373.41851305631604,374.40338134765625,111945300
2023-03-10 00:00:00-05:00,373.8583475978051,375.93327957719293,367.4806170891498,369.0009460449219,189253000
2023-03-13 00:00:00-04:00,365.08059523708437,373.28466995051247,363.97141834242984,368.47503662109375,157790000
2023-03-14 00:00:00-04:00,373.3898317252391,376.21058604424246,370.0909854321958,374.5659484863281,149752400
2023-03-15 00:00:00-04:00,368.98181836154816,372.4240570496017,366.89731528704147,372.2232666015625,172996900
2023-03-16 00:00:00-04:00,369.8711000150825,379.09826973239205,369.364323664859,378.7540283203125,143254200
2023-03-17 00:00:00-04:00,377.4256197444262,378.55821591341066,372.94318572096427,374.3253479003906,140553400
2023-03-20 00:00:00-04:00,375.1028011958168,378.33746367070916,374.40214170963634,377.9247131347656,93055800
2023-03-21 00:00:00-04:00,381.28408976671983,383.3669404738883,379.6907633119906,382.88702392578125,91524200
2023-03-22 00:00:00-04:00,382.71428861761933,386.3232414014182,376.3217962204962,376.36016845703125,111746600
2023-03-23 00:00:00-04:00,379.2205184817109,383.25182988301947,374.6709182110407,377.3776550292969,119351300
2023-03-24 00:00:00-04:00,376.1010222149094,379.9403548581303,373.75902695920195,379.8539733886719,107682400
2023-03-27 00:00:00-04:00,382.1287415933862,382.8966256334002,379.67157124890343,380.564208984375,74010400
2023-03-28 00:00:00-04:00,379.87320774489075,380.5642888800985,377.8767674052834,379.7100524902344,62871700
2023-03-29 00:00:00-04:00,383.8660280747297,385.46896217088675,382.66623675154574,385.22900390625,77497900
2023-03-30 00:00:00-04:00,387.8589998974814,388.10856590647154,385.62260139743574,387.48468017578125,69840000
2023-03-31 00:00:00-04:00,388.40614495841936,393.2437129705157,388.3005480641613,392.9461669921875,112062600
2023-04-03 00:00:00-04:00,392.4278257842298,394.84659500245755,392.03429064106433,394.4434814453125,67391100
2023-04-04 00:00:00-04:00,395.0865256835199,395.3744932102715,390.8824517022873,392.2550354003906,66601500
2023-04-05 00:00:00-04:00,391.52560384016596,392.28388034677903,389.5771434182015,391.2280578613281,65200200
2023-04-06 00:00:00-04:00,390.4313411526847,393.0325102209904,389.3851264771968,392.754150390625,63743300
2023-04-10 00:00:00-04:00,390.27775752337686,393.23406013832266,389.66347951634174,393.1572570800781,63681000
2023-04-11 00:00:00-04:00,393.7811965721071,394.66422675434245,392.4950235384784,393.26287841796875,59297900
2023-04-12 00:00:00-04:00,395.3264818376402,395.61444936283374,391.0744279375137,391.659912109375,86420400
2023-04-13 00:00:00-04:00,392.7445207254535,397.2173467130726,391.6023169352439,396.8622131347656,85814800
2023-04-14 00:00:00-04:00,396.22873922494233,398.4171577397506,393.58919793642514,395.8927917480469,78161500
2023-04-17 00:00:00-04:00,395.8064093482449,397.3325406110166,394.577824032139,397.3133544921875,66436400
2023-04-18 00:00:00-04:00,398.8874459715307,399.02183667204184,396.1999248791392,397.5724792480469,63560000
2023-04-19 00:00:00-04:00,395.66241754419593,398.4075262603893,395.60482989922565,397.50531005859375,55227300
2023-04-20 00:00:00-04:00,394.693049912546,397.08305478926667,393.79080425161,395.3361511230469,75840400
2023-04-21 00:00:00-04:00,395.6336418065236,396.10395069254025,393.6947893230702,395.64324951171875,73457400
2023-04-24 00:00:00-04:00,395.44166194381876,396.4782981802782,394.1075090570705,396.05596923828125,64332100
2023-04-25 00:00:00-04:00,394.088292257947,394.6450119030647,389.7114553215701,389.76904296875,97766700
2023-04-26 00:00:00-04:00,390.3833857943013,391.4583943618871,387.56147365849546,388.1181640625,80447000
2023-04-27 00:00:00-04:00,390.65214704527966,396.11360078097556,390.4025810177756,395.8448486328125,92968400
2023-04-28 00:00:00-04:00,394.9617574024191,399.23302689490464,394.9041697532796,399.2234191894531,89433100
2023-05-01 00:00:00-04:00,398.781880454679,400.845515871164,398.5899021077479,398.8202819824219,62122300
2023-05-02 00:00:00-04:00,398.1099666648256,398.1579758951747,391.4391441559721,394.33782958984375,103998500
2023-05-03 00:00:00-04:00,394.83697342513307,397.24616414474065,391.39117573178515,391.6311340332031,91531800
2023-05-04 00:00:00-04:00,390.58489620304397,390.91123595861524,387.52302611509293,388.8572082519531,94901900
2023-05-05 00:00:00-04:00,392.48538864162396,397.1021838881152,392.22624422840113,396.05596923828125,87891800
2023-05-08 00:00:00-04:00,396.3823627822816,396.64150723066325,394.76024214675766,396.1615905761719,50046800
2023-05-09 00:00:00-04:00,394.6162031980649,395.53763480997924,394.1938742734827,394.4242248535156,49220100
2023-05-10 00:00:00-04:00,397.2558391116228,397.8893326496405,392.4470645636368,396.2672119140625,96142900
2023-05-11 00:00:00-04:00,395.4032868637811,395.8639880395315,393.5028066384593,395.5760498046875,70157100
2023-05-12 00:00:00-04:00,396.8142503993596,397.0254148728848,392.63897016343816,395.0577392578125,70481500
2023-05-15 00:00:00-04:00,395.66246936913564,396.82385941720236,393.75241054660967,396.4207458496094,54289400
2023-05-16 00:00:00-04:00,395.3168627044219,396.23832360826236,393.7619377053924,393.77154541015625,57705500
2023-05-17 00:00:00-04:00,395.78721992832476,399.1562144912637,394.14591338269895,398.5515441894531,87287000
2023-05-18 00:00:00-04:00,398.234744921799,402.81316752783374,398.01400205687503,402.3908386230469,97177200
2023-05-19 00:00:00-04:00,403.29311788250186,403.82101441184767,400.58638129995114,401.80535888671875,103793300
2023-05-22 00:00:00-04:00,401.8245977682805,403.50430592203884,400.58640469895295,401.96856689453125,60745400
2023-05-23 00:00:00-04:00,400.32722839371974,401.9013689419868,397.0638012887145,397.45733642578125,86383500
2023-05-24 00:00:00-04:00,395.85441436146004,396.2383417764392,393.4164298740769,394.57781982421875,89213700
2023-05-25 00:00:00-04:00,398.0812240048889,399.4442000783956,395.84482546980115,397.9948425292969,90961600
2023-05-26 00:00:00-04:00,398.6475192492727,403.86901432087706,398.5707454798897,403.1491394042969,93830000
2023-05-30 00:00:00-04:00,405.07843177412394,405.60632835331285,401.920572129655,403.302734375,72216000
2023-05-31 00:00:00-04:00,401.4790054006544,402.38125089733444,399.5017514717894,401.0662841796875,110811800
2023-06-01 00:00:00-04:00,401.29664281865877,405.93265339027886,400.04887142591303,404.8768310546875,88865000
2023-06-02 00:00:00-04:00,407.44919955900986,411.5188830151562,406.92130300774403,410.7318420410156,91426200
2023-06-05 00:00:00-04:00,411.0773899248413,412.3635629860605,409.2441048720611,409.9447937011719,65460200
2023-06-06 00:00:00-04:00,409.53204325524,411.3652988856477,408.8793344192004,410.83740234375,64022200
2023-06-07 00:00:00-04:00,411.2309384070294,412.3635345526036,408.9945106484148,409.4168395996094,85373300
2023-06-08 00:00:00-04:00,409.48405866767195,412.34437231335727,408.71620378018724,411.89324951171875,61952800
2023-06-09 00:00:00-04:00,412.6898813507892,414.63834160760314,411.64366666036057,412.6322937011719,85742800
2023-06-12 00:00:00-04:00,413.61131547404943,416.45241340725585,412.8914406087862,416.3756103515625,76104300
2023-06-13 00:00:00-04:00,417.8346155400201,419.76386044542505,417.1723282571571,419.12078857421875,95899700
2023-06-14 00:00:00-04:00,419.45671780561304,421.4243641568749,416.1740753599218,419.619873046875,100612100
2023-06-15 00:00:00-04:00,418.8040313332803,426.06997610483035,418.7080714411939,424.82220458984375,110303100
2023-06-16 00:00:00-04:00,426.80491087916494,427.3733126232331,422.90315763573193,423.3752136230469,114165800
2023-06-20 00:00:00-04:00,421.4387253030806,422.32503554227975,419.1072877770987,421.1785888671875,76160400
2023-06-21 00:00:00-04:00,420.1959468611093,420.99555478179644,418.4329109170005,419.0205993652344,76982300
2023-06-22 00:00:00-04:00,418.0668439684426,420.6391018260277,417.72964857046975,420.53314208984375,70637200
2023-06-23 00:00:00-04:00,417.084192410939,419.1362363473925,416.6410372408123,417.35394287109375,92074500
2023-06-26 00:00:00-04:00,416.7854848977608,418.70263864501453,415.4078319979814,415.648681640625,72823600
2023-06-27 00:00:00-04:00,416.52540707007813,420.8221567639146,416.0726085341393,420.2055969238281,72813700
2023-06-28 00:00:00-04:00,419.1265614695,421.4290983033547,418.5100016357142,420.41754150390625,75636000
2023-06-29 00:00:00-04:00,420.00316219121595,422.23825355642686,419.59855132372985,422.074462890625,67882300
2023-06-30 00:00:00-04:00,425.2827088718478,428.0380149404403,424.9647708481831,427.05535888671875,104964000
2023-07-03 00:00:00-04:00,426.70850932168867,427.82602579498047,426.4291155030701,427.5466613769531,32793400
2023-07-05 00:00:00-04:00,425.7355105986345,427.6430505530816,425.725867203726,426.9108581542969,58418400
2023-07-06 00:00:00-04:00,423.3366343156822,423.991738320798,421.06299828536083,423.5678405761719,80658300
2023-07-07 00:00:00-04:00,422.5755319557256,426.438769743823,422.2575939538954,422.4984436035156,86134200
2023-07-10 00:00:00-04:00,422.1420000351028,423.7412452715391,421.57359837767063,423.5678405761719,62443500
2023-07-11 00:00:00-04:00,424.32893908451956,426.7566930521444,423.3558970583311,426.2653503417969,64463800
2023-07-12 00:00:00-04:00,430.0515200243212,431.1016209821125,428.62567949600117,429.6950378417969,91924500
2023-07-13 00:00:00-04:00,431.5061931540125,433.8954320784897,431.0726814584312,433.1054382324219,72425200
2023-07-14 00:00:00-04:00,433.991813962652,434.83958003816,432.07463074719146,432.8357238769531,69815800
2023-07-17 00:00:00-04:00,432.6912804700556,435.3887851797582,432.64309289273456,434.33868408203125,52680200
2023-07-18 00:00:00-04:00,434.01103608987984,438.2114395521847,433.57749499281715,437.56597900390625,80668200
2023-07-19 00:00:00-04:00,438.3559839057652,439.7239933832524,437.48890168977437,438.5390319824219,65891700
2023-07-20 00:00:00-04:00,437.5467915202886,438.442745236727,434.91670253914305,435.6296081542969,70591600
2023-07-21 00:00:00-04:00,437.34445662901965,437.5467915202886,435.6199941598992,435.6296081542969,71275600
2023-07-24 00:00:00-04:00,436.7760157789645,438.38490436691495,435.74517222742827,437.5756530761719,54023400
2023-07-25 00:00:00-04:00,437.30587795856155,440.02263949533193,437.2576903912355,438.7702331542969,55191200
2023-07-26 00:00:00-04:00,437.8357342912967,440.26348802035136,436.7856334140258,438.8376770019531,71052900
2023-07-27 00:00:00-04:00,442.2192143317386,442.6238546795818,435.02262562113657,435.92822265625,92194400
2023-07-28 00:00:00-04:00,439.1941936182639,441.024645224626,435.9282579906258,440.1961364746094,80011800
2023-07-31 00:00:00-04:00,440.66814456102355,441.39069349037516,439.35790721415856,441.03424072265625,62040400
2023-08-01 00:00:00-04:00,439.5698514127993,440.51399258801536,438.8184017102693,439.7721862792969,55291500
2023-08-02 00:00:00-04:00,436.6604008783812,436.9205079074881,432.90315234388123,433.65460205078125,93933400
2023-08-03 00:00:00-04:00,431.64115804128886,434.29050444334024,430.9956679816183,432.411865234375,64276100
2023-08-04 00:00:00-04:00,434.2230076857938,436.32320952695244,429.9358722590493,430.45611572265625,100128900
2023-08-07 00:00:00-04:00,432.28661207007076,434.36755674020003,431.5929638466943,434.2134094238281,58357500
2023-08-08 00:00:00-04:00,431.67967473239247,434.20380401220746,428.9725267488997,432.3251647949219,71361300
2023-08-09 00:00:00-04:00,432.59488283321724,432.7586735355105,428.6738433785323,429.4349365234375,78789600
2023-08-10 00:00:00-04:00,431.7855671339231,435.1671052071516,428.42331584667255,429.5890197753906,93005500
2023-08-11 00:00:00-04:00,427.7200594884635,430.3501481391964,427.1227570858758,429.33856201171875,68690900
2023-08-14 00:00:00-04:00,428.4233330175674,431.70849609375,428.11503843544807,431.70849609375,47867400
2023-08-15 00:00:00-04:00,429.9358583347008,430.29234049304716,426.1111649328765,426.6795959472656,75707500
2023-08-16 00:00:00-04:00,426.26537646534126,427.9224233894094,423.4426253576642,423.5486145019531,80107200
2023-08-17 00:00:00-04:00,425.01291328665195,425.273020314269,419.8009235363625,420.3211669921875,95711300
2023-08-18 00:00:00-04:00,417.5080258452247,421.5543115245304,417.1612164787308,420.5234680175781,98852000
2023-08-21 00:00:00-04:00,421.5350602162778,424.00135836533855,419.3867000805202,423.2595520019531,68719000
2023-08-22 00:00:00-04:00,425.0321640493009,425.0321640493009,421.5543094057689,422.1130676269531,64994200
2023-08-23 00:00:00-04:00,423.17289859888336,427.43113398661325,423.0283946673013,426.8145446777344,68441000
2023-08-24 00:00:00-04:00,428.4137593836846,428.9243595057039,420.87033128977225,420.8992614746094,88517300
2023-08-25 00:00:00-04:00,422.623632306367,425.14773158497053,419.0783330051314,423.8664245605469,102325100
2023-08-28 00:00:00-04:00,426.05339622552776,427.1709421526019,423.8664919427265,426.55438232421875,61595400
2023-08-29 00:00:00-04:00,426.44841900560834,432.9995476574254,426.2653709047112,432.72015380859375,83081900
2023-08-30 00:00:00-04:00,433.057282576268,435.13822692888783,432.35399106524045,434.50238037109375,69053900
2023-08-31 00:00:00-04:00,435.11904481348375,436.2558482960728,433.6835900668348,433.86663818359375,66084600
2023-09-01 00:00:00-04:00,436.5833209067049,437.06502016743536,433.2210400744053,434.67578125,58944100
2023-09-05 00:00:00-04:00,434.23269470933957,434.5506033353466,432.72979513066315,432.7972106933594,55166200
2023-09-06 00:00:00-04:00,431.9879277285903,432.093916863234,427.56593166865076,429.8877258300781,70758500
2023-09-07 00:00:00-04:00,426.8915375451562,429.24223247025344,426.5447281630559,428.56787109375,70355400
2023-09-08 00:00:00-04:00,428.61607641541775,430.7451793135571,428.25962359995947,429.21337890625,61659700
2023-09-11 00:00:00-04:00,431.8337979292306,432.3443980335229,430.1285929169173,432.0361328125,60180100
2023-09-12 00:00:00-04:00,430.59096036501694,432.1131170199776,429.0880610953536,429.66607666015625,67565400
2023-09-13 00:00:00-04:00,429.88768993651144,431.32314432701645,428.78940150844926,430.1670837402344,60199300
2023-09-14 00:00:00-04:00,432.6334271290332,434.5698383708397,431.332833106535,433.8761901855469,83430800
2023-09-15 00:00:00-04:00,432.2935551441486,432.6222625307114,428.2136712808251,428.6487121582031,111848900
2023-09-18 00:00:00-04:00,428.3393572391215,430.1956202798295,427.8656361967372,428.9001159667969,55752200
2023-09-19 00:00:00-04:00,427.9815868766938,428.5713482483716,425.332573169419,428.0105895996094,66514600
2023-09-20 00:00:00-04:00,429.2675002876334,429.6832158729015,423.8727570723084,424.0758056640625,82562600
2023-09-21 00:00:00-04:00,421.23345141612367,421.4944759763419,416.9118677822532,417.0665588378906,104095800
2023-09-22 00:00:00-04:00,418.091288955446,419.6864977783781,415.71294757869936,416.1286926269531,100829700
2023-09-25 00:00:00-04:00,414.920205158679,417.9172517040119,414.485134786977,417.87860107421875,70874500
2023-09-26 00:00:00-04:00,414.8428197503268,415.54859200929735,410.90794984146544,411.7394104003906,96168400
2023-09-27 00:00:00-04:00,412.90934681790833,413.47010562697477,408.2687327990292,411.90386962890625,104705800
2023-09-28 00:00:00-04:00,411.3527373620953,415.964347748709,410.76297593705533,414.2917785644531,92258300
2023-09-29 00:00:00-04:00,417.3371661441051,417.5111824781116,411.7684074215334,413.2862854003906,115111300
2023-10-02 00:00:00-04:00,412.454856073705,414.3691244055631,410.36657139466814,413.1219482421875,83798600
2023-10-03 00:00:00-04:00,410.94664397430034,413.1799422139496,406.22867088652805,407.59185791015625,103760600
2023-10-04 00:00:00-04:00,408.0559363281981,411.30435944495287,406.59606370497346,410.5599365234375,87453000
2023-10-05 00:00:00-04:00,410.269877205424,411.2463514179395,407.1858225474584,410.4052429199219,70142700
2023-10-06 00:00:00-04:00,407.9592344326086,416.8150963910029,406.63472757769614,415.27789306640625,113273300
2023-10-09 00:00:00-04:00,413.3829806224,418.5070215863633,412.8319288458573,417.9366149902344,80374400
2023-10-10 00:00:00-04:00,418.5650575162268,422.70294712015226,418.1686672417201,420.1119384765625,78607300
2023-10-11 00:00:00-04:00,421.17534896503963,422.0841107631383,418.79700772466646,421.832763671875,62451700
2023-10-12 00:00:00-04:00,422.4419089154139,422.8189443567332,416.91182957643576,419.2611389160156,81154200
2023-10-13 00:00:00-04:00,420.75965970754623,421.95850789546967,415.60664534568787,417.1728515625,95143100
2023-10-16 00:00:00-04:00,419.4158131019472,422.6255856986061,419.1741138914331,421.5621032714844,75433200
2023-10-17 00:00:00-04:00,418.4393454760135,423.5923892481788,418.09131276942526,421.5427551269531,75324700
2023-10-18 00:00:00-04:00,419.77352121429993,420.73064064200355,414.8428514424272,415.9256591796875,93559800
2023-10-19 00:00:00-04:00,416.64108906158174,418.44899434083845,411.5944086302288,412.2711486816406,121323000
2023-10-20 00:00:00-04:00,411.8361348739324,412.3775387523352,407.09880668145956,407.2051696777344,123919900
2023-10-23 00:00:00-04:00,405.6776368923659,410.3569598965053,403.92773684712256,406.4994201660156,92035100
2023-10-24 00:00:00-04:00,408.61667642933105,410.7146385432617,406.7700909338865,409.56414794921875,78564200
2023-10-25 00:00:00-04:00,407.8819596802007,407.9109624071266,403.17363397769196,403.68603515625,94223200
2023-10-26 00:00:00-04:00,402.6225206966068,403.47327705797994,397.9335505307934,398.85198974609375,115156800
2023-10-27 00:00:00-04:00,400.43756406837696,400.83395429205797,395.6229054415524,397.0440979003906,107367700
2023-10-30 00:00:00-04:00,399.82851071417565,402.84491222424634,398.53300645045545,401.7911071777344,86562700
2023-10-31 00:00:00-04:00,402.361504611754,404.63348310254605,400.45691364342605,404.314453125,79665200
2023-11-01 00:00:00-04:00,405.28123407598383,409.43844855236455,404.74947812853236,408.6263427734375,98068100
2023-11-02 00:00:00-04:00,412.41616442869764,416.612088488878,412.3968391143164,416.4573974609375,94938900
2023-11-03 00:00:00-04:00,418.75840416588386,421.80380835994043,418.63271585397734,420.2569274902344,100167800
2023-11-06 00:00:00-05:00,421.0109973746679,421.66841210779677,419.2804228673673,421.22369384765625,67831700
2023-11-07 00:00:00-05:00,421.2237277176419,423.0606358569916,420.0829145000172,422.42254638671875,64256100
2023-11-08 00:00:00-05:00,423.0219303160148,423.544008852029,420.4309219590949,422.7319030761719,61746000
2023-11-09 00:00:00-05:00,423.872805916006,423.911486057602,419.00981813699394,419.4352111816406,83174400
2023-11-10 00:00:00-05:00,421.5041020397778,426.28972875327344,419.42546520511473,425.9803466796875,89462200
2023-11-13 00:00:00-05:00,424.64622403342025,426.67647397269064,423.863120884433,425.5743408203125,52236100
2023-11-14 00:00:00-05:00,431.50073527138204,435.11654569788686,431.27836139592864,433.8307189941406,97176900
2023-11-15 00:00:00-05:00,435.16492211328534,436.3927730128096,433.8984205823122,434.74920654296875,77327600
2023-11-16 00:00:00-05:00,434.3045010394223,435.60000533429076,433.2410185572766,435.2809753417969,66665800
2023-11-17 00:00:00-05:00,435.2906316917746,436.43147446982493,434.37219232906403,435.8223876953125,83133200
2023-11-20 00:00:00-05:00,435.57099160312566,440.0182630951851,435.5613141930735,439.1771545410156,69936200
2023-11-21 00:00:00-05:00,438.13293202095787,439.05140070988807,436.9534388382608,438.2199401855469,49244600
2023-11-22 00:00:00-05:00,439.8732451207241,441.22675482120695,438.8194400859089,439.9118957519531,59394900
2023-11-24 00:00:00-05:00,439.9602117787139,440.3759273074353,439.631504418495,440.18255615234375,29737400
2023-11-27 00:00:00-05:00,439.55420100976517,440.3663068584605,439.0031197003399,439.3898620605469,50506000
2023-11-28 00:00:00-05:00,439.0030764411284,441.1203637861366,438.44234728096177,439.8248596191406,62115000
2023-11-29 00:00:00-05:00,441.9711138199376,443.10227896211006,439.1190812038522,439.51544189453125,63146000
2023-11-30 00:00:00-05:00,440.3565962233876,441.5940948885885,438.2876370073433,441.24603271484375,79752700
2023-12-01 00:00:00-05:00,440.6369952391435,444.3881717849613,440.0472633152973,443.8564453125,89183400
2023-12-04 00:00:00-05:00,440.4726841519421,443.87579870037587,439.25451058722007,441.5264892578125,72430900
2023-12-05 00:00:00-05:00,440.14394887033336,442.3965725770802,439.76688393206007,441.439453125,69793500
2023-12-06 00:00:00-05:00,443.57609928018036,443.60510200805135,439.2255130737281,439.66058349609375,69124700
2023-12-07 00:00:00-05:00,441.7391409339485,443.66305717468333,441.13973162302386,443.01531982421875,66995400
2023-12-08 00:00:00-05:00,442.2708481089666,445.4516177863762,442.02914891320626,444.9198913574219,83194400
2023-12-11 00:00:00-05:00,444.4268307846884,446.8244975103325,444.2141343049595,446.65045166015625,65002200
2023-12-12 00:00:00-05:00,446.30240990232363,448.78708475043413,445.30661038207074,448.6903991699219,68327600
2023-12-13 00:00:00-05:00,449.0674408996175,455.12927578193285,448.709730800554,454.8778991699219,93278000
2023-12-14 00:00:00-05:00,456.8114895469167,458.0006602364905,453.6693999362765,456.3377685546875,119026000
2023-12-15 00:00:00-05:00,455.7417439978948,456.91633245678577,453.74207009746453,455.58642578125,141553700
2023-12-18 00:00:00-05:00,457.1881698520897,459.1296032853033,456.13009218585904,458.149169921875,70375300
2023-12-19 00:00:00-05:00,458.69273602664884,461.0127630324847,458.61509172941334,460.9350891113281,55761800
2023-12-20 00:00:00-05:00,460.08088857770923,461.9640813854923,454.12070331796554,454.5478210449219,102921000
2023-12-21 00:00:00-05:00,457.5278509164755,459.1295570366737,455.1107760152546,458.8577575683594,86667500
2023-12-22 00:00:00-05:00,459.98374941589714,461.45925759296136,457.8870276491879,459.7799072265625,67160400
2023-12-26 00:00:00-05:00,460.18768563597195,462.62416447518916,460.1100117084557,461.7214050292969,55387000
2023-12-27 00:00:00-05:00,461.51756987350683,462.70184548290086,460.9836875153384,462.5562438964844,68000300
2023-12-28 00:00:00-05:00,462.91530398929757,463.56566747559816,462.31346447997436,462.7308654785156,77158100
2023-12-29 00:00:00-05:00,462.5367654374911,463.06096072132885,459.4401769650659,461.3913269042969,122283100
2024-01-02 00:00:00-05:00,458.3335624378489,459.7993540123723,456.7124526493962,458.8092041015625,123623700
2024-01-03 00:00:00-05:00,456.65427697187073,457.39203118698566,454.4604772449057,455.06231689453125,103585900
2024-01-04 00:00:00-05:00,454.5865863632777,457.16869615612853,453.37319057475315,453.5964660644531,84232200
2024-01-05 00:00:00-05:00,453.80034274035296,456.66396886840727,452.7713854034213,454.2177734375,86118900
2024-01-08 00:00:00-05:00,454.71278328613425,460.84771948944723,454.5865853845721,460.7021179199219,74879100
2024-01-09 00:00:00-05:00,458.05202403896755,461.02241437904433,457.54726208619434,460.003173828125,65931400
2024-01-10 00:00:00-05:00,460.27499186871785,463.4686578138975,459.9934757568045,462.6047058105469,67310600
2024-01-11 00:00:00-05:00,463.60455806414546,464.119036700077,458.4306513904914,462.40087890625,77940700
2024-01-12 00:00:00-05:00,463.84716505686447,464.5849190705561,461.3136092318177,462.72113037109375,58026400
2024-01-16 00:00:00-05:00,461.3427529504032,462.65319658217305,459.207164709733,461.02239990234375,85014900
2024-01-17 00:00:00-05:00,458.00353981867966,458.94513616011074,456.110630489601,458.45977783203125,68843900
2024-01-18 00:00:00-05:00,460.12944567332846,463.0901198438655,458.5860096308322,462.53680419921875,91856200
2024-01-19 00:00:00-05:00,463.6628317450775,468.5843725866021,462.58535041381515,468.3028564453125,110834500
2024-01-22 00:00:00-05:00,469.83656769535,471.0111265282756,468.6425755704272,469.29296875,75844900
2024-01-23 00:00:00-05:00,469.8365966379768,470.9043613024555,468.74939868030367,470.66168212890625,49945300
2024-01-24 00:00:00-05:00,473.5252343876121,474.45711397403113,470.68104202686277,471.1761169433594,81765000
2024-01-25 00:00:00-05:00,473.30196574868353,474.0105994997861,471.1761237432126,473.7388000488281,72525000
2024-01-26 00:00:00-05:00,473.3116847619897,474.7968799164263,472.2924442217773,473.136962890625,76641600
2024-01-29 00:00:00-05:00,473.4475958586122,477.029542315143,472.9039969579279,476.8839111328125,61322800
2024-01-30 00:00:00-05:00,476.1947836172532,477.2237409528727,475.75794925118413,476.51513671875,58618400
2024-01-31 00:00:00-05:00,474.3116203199268,474.7581417365117,468.7202822815869,468.7397155761719,126011100
2024-02-01 00:00:00-05:00,470.43842101293257,474.90372358641025,469.6327095934461,474.8746032714844,91891600
2024-02-02 00:00:00-05:00,475.3114294440355,481.52401044125736,474.9716726719537,479.8738098144531,99228200
2024-02-05 00:00:00-05:00,479.24284325758833,479.9029234991888,475.8744551474019,478.1264953613281,75757100
2024-02-06 00:00:00-05:00,479.0680669349689,479.84465802363434,477.6411122849623,479.5146179199219,55918600
2024-02-07 00:00:00-05:00,481.75692144262655,483.93131701939416,480.8541325434168,483.513916015625,70556500
2024-02-08 00:00:00-05:00,483.513949705615,484.1060726186496,482.69855130751233,483.7275085449219,52343600
2024-02-09 00:00:00-05:00,484.2322563033971,486.95996752942966,483.89249957484776,486.5231628417969,63979400
2024-02-12 00:00:00-05:00,486.4940393494017,488.7557959365899,485.59125041968997,486.3096008300781,56502300
2024-02-13 00:00:00-05:00,480.0485287007201,482.53356108402113,476.35010044182593,479.6116943359375,113099200
2024-02-14 00:00:00-05:00,482.2423403647749,484.4555731763151,479.92231331563113,483.97021484375,68387800
2024-02-15 00:00:00-05:00,484.66912826614583,487.49391729462275,484.1934569596569,487.3094787597656,61683000
2024-02-16 00:00:00-05:00,487.0085316428908,488.14425347916483,484.1449058140717,484.8826599121094,75532900
2024-02-20 00:00:00-05:00,483.14510603430045,483.8149029118612,479.97087316267243,482.2132263183594,71736700
2024-02-21 00:00:00-05:00,480.9124629140013,482.8053426352379,479.1069145137689,482.6500244140625,59293400
2024-02-22 00:00:00-05:00,489.25091074641995,493.59970240133447,488.2898811137423,492.6387023925781,76402500
2024-02-23 00:00:00-05:00,494.3568250348437,495.1916567031526,492.25038663284334,492.9784240722656,61321800
2024-02-26 00:00:00-05:00,493.4152350521733,493.8520693709636,491.0466841824756,491.1728820800781,50386700
2024-02-27 00:00:00-05:00,491.86214231163,492.30866367947897,489.9692329795254,492.08538818359375,48854500
2024-02-28 00:00:00-05:00,490.53220860244136,492.0174038220213,490.17304819868775,491.43499755859375,56506600
2024-02-29 00:00:00-05:00,493.1920036518268,494.8130838290683,490.5516532421677,493.2016906738281,83924800
2024-03-01 00:00:00-05:00,494.0753617325155,498.25911842016706,493.6676477127876,497.8320007324219,76844800
2024-03-04 00:00:00-05:00,497.03610351614157,499.14254217920546,497.0069535759895,497.29815673828125,49799300
2024-03-05 00:00:00-05:00,495.2985159505162,495.74506699457805,490.1246085935748,492.328125,72855600
2024-03-06 00:00:00-05:00,495.5993152849811,497.074823378055,493.53171394872805,494.82275390625,68382400
2024-03-07 00:00:00-05:00,498.1135085613306,500.78297909459656,494.88100583529064,499.7345886230469,58652100
2024-03-08 00:00:00-05:00,500.3656691875528,503.0447976060077,496.1624491386697,496.73516845703125,86532500
2024-03-11 00:00:00-04:00,495.53145243574386,496.8904498381802,493.6094227797772,496.3080139160156,62557200
2024-03-12 00:00:00-04:00,498.41449998303995,502.2294094929587,495.9003176684613,501.6470031738281,73114400
2024-03-13 00:00:00-04:00,501.9672879725168,502.14200986510485,499.4240150117718,500.86065673828125,55104100
2024-03-14 00:00:00-04:00,501.8313823905043,501.98673024081194,496.832226949847,499.8705749511719,110171800
2024-03-15 00:00:00-04:00,496.80813351794416,498.2590153922283,494.7730358188075,496.4381103515625,107646300
2024-03-18 00:00:00-04:00,500.4985887866016,501.93969410963876,498.97956820958467,499.3885192871094,88893300
2024-03-19 00:00:00-04:00,498.6972103635703,502.44605736767124,497.6942371868493,502.1636962890625,60755300
2024-03-20 00:00:00-04:00,502.2220766323413,506.94465591796825,501.5501987684062,506.8083190917969,69594600
2024-03-21 00:00:00-04:00,509.64192900671355,510.34298796408666,508.2007643189091,508.4831848144531,60256100
2024-03-22 00:00:00-04:00,508.39545810681153,508.8823243537427,507.2853888001489,507.5191345214844,79070800
2024-03-25 00:00:00-04:00,506.14624650613894,507.2660628859731,505.961234915521,506.1170654296875,48512100
2024-03-26 00:00:00-04:00,507.5385754491061,507.8794174856006,504.78295524612395,505.1821594238281,65463700
2024-03-27 00:00:00-04:00,508.0060617645378,509.466660680705,505.84434446401093,509.42767333984375,82999800
2024-03-28 00:00:00-04:00,509.46668962011773,510.8298796934876,509.04799170553036,509.3303527832031,96294900
2024-04-01 00:00:00-04:00,510.07039018205234,510.60593125263364,507.2854696375655,508.4442138671875,62477500
2024-04-02 00:00:00-04:00,504.62727251731803,505.34782527414643,502.9134932946272,505.2115478515625,74230300
2024-04-03 00:00:00-04:00,504.1208688391064,507.266065898289,504.0721940901131,505.7664794921875,59155800
2024-04-04 00:00:00-04:00,509.76853565111946,510.1093183056524,499.2911628340767,499.593017578125,96858100
2024-04-05 00:00:00-04:00,500.9464745680228,506.7693762627344,500.50828302932854,504.8121643066406,74546500
2024-04-08 00:00:00-04:00,505.5133007732254,506.516214442084,504.2863881936749,505.09454345703125,48401800
2024-04-09 00:00:00-04:00,506.8278303713481,507.0712635271461,500.8393509659492,505.6788330078125,68049200
2024-04-10 00:00:00-04:00,499.9922448100833,502.6018412987628,498.6388015333815,500.6154479980469,82652800
2024-04-11 00:00:00-04:00,502.1344572387197,505.8346295064768,498.6290433917763,504.3935241699219,70099000
2024-04-12 00:00:00-04:00,500.85889444352966,502.27081877394835,495.70784003413945,497.4313659667969,92561100
2024-04-15 00:00:00-04:00,501.5989207934361,501.7644387082916,490.3522904966187,491.199462890625,92101400
2024-04-16 00:00:00-04:00,491.6765860412786,493.19560665785394,489.01828510429004,490.3036193847656,73484000
2024-04-17 00:00:00-04:00,492.7574157801548,492.9229634124424,486.00945537176443,487.4018859863281,75910300
2024-04-18 00:00:00-04:00,488.7943295112607,490.88784877913054,485.46415075166374,486.39892578125,74548100
2024-04-19 00:00:00-04:00,486.32104754330464,487.3142441699,480.8876025986124,482.1534729003906,102212600
2024-04-22 00:00:00-04:00,484.75331996273405,489.18382142190774,482.4163675078979,486.59368896484375,67961000
2024-04-23 00:00:00-04:00,488.5995489497242,492.79633413093177,486.4086505723251,492.3678894042969,64633600
2024-04-24 00:00:00-04:00,493.25400289949073,494.04272395926796,489.91410708182036,492.13421630859375,55928100
2024-04-25 00:00:00-04:00,486.0678932982719,491.0241892900092,484.4222826199273,490.2646789550781,69122400
2024-04-26 00:00:00-04:00,493.0495906841402,496.48686615025724,492.41667033113185,494.909423828125,64306100
2024-04-29 00:00:00-04:00,496.69128964862307,497.33395677101214,493.9258924563797,496.6620788574219,46415400
2024-04-30 00:00:00-04:00,495.20149000874,496.1752226900087,488.7943420410156,488.7943420410156,77483600
2024-05-01 00:00:00-04:00,488.2101273744075,494.84124497607075,486.7397814235659,487.2071838378906,80242800
2024-05-02 00:00:00-04:00,490.9072707374517,492.6015856213337,486.42809495843517,491.76416015625,62550200
2024-05-03 00:00:00-04:00,497.7332427499149,499.0867158383158,495.201531622673,497.8598327636719,72756700
2024-05-06 00:00:00-04:00,500.25513498697876,503.039996024656,499.81694342031363,503.0010681152344,47264700
2024-05-07 00:00:00-04:00,503.96507290224616,504.9485523975052,502.8842439138016,503.5561218261719,52561300
2024-05-08 00:00:00-04:00,501.72550045922026,504.14033844049237,501.6086572944442,503.60479736328125,42047200
2024-05-09 00:00:00-04:00,503.7897771689901,506.5454570669787,503.1373929681529,506.5064697265625,43643700
2024-05-10 00:00:00-04:00,508.103397108136,508.91161179352076,505.941739299708,507.1589050292969,52233200
2024-05-13 00:00:00-04:00,508.83376404779614,508.9408603825465,506.0878306657376,507.2270812988281,36716400
2024-05-14 00:00:00-04:00,507.42181386177714,510.0703976103099,506.88627278339663,509.5542907714844,57535900
2024-05-15 00:00:00-04:00,512.0178797101214,516.1562436643347,511.38492968552964,515.8641357421875,59504900
2024-05-16 00:00:00-04:00,515.9614786446474,517.558414507879,514.6566506998298,514.802734375,50244800
2024-05-17 00:00:00-04:00,514.9195824580145,515.6109540647997,513.4687302561026,515.5427856445312,59187600
2024-05-20 00:00:00-04:00,515.6596602461204,517.5973789121299,515.2701433728218,516.1367797851562,37764200
2024-05-21 00:00:00-04:00,515.3772666864285,517.5584184029028,515.1727614260365,517.402587890625,33437000
2024-05-22 00:00:00-04:00,516.7113709167669,517.4221768932046,513.7414381195646,515.9129028320312,48390000
2024-05-23 00:00:00-04:00,518.9605990872589,519.0676954201629,510.93699174891134,512.1444702148438,57211200
2024-05-24 00:00:00-04:00,513.9848197975488,516.3412958961842,513.0403275362747,515.5330810546875,41291100
2024-05-28 00:00:00-04:00,516.3412489766735,516.5749353115505,513.2642204156563,515.893310546875,36269600
2024-05-29 00:00:00-04:00,511.871810616093,513.4589997088932,511.56995584928654,512.28076171875,45190300
2024-05-30 00:00:00-04:00,510.74230907986095,511.4044402025134,507.63609930287237,508.8824462890625,46377600
2024-05-31 00:00:00-04:00,509.8366558224101,513.6439239713764,504.7439941340697,513.517333984375,90785800
2024-06-03 00:00:00-04:00,515.1241421408643,515.4065032558699,508.87273480704334,513.9361572265625,46835700
2024-06-04 00:00:00-04:00,512.6312623824123,515.250605333056,511.17066354967966,514.5105590820312,34632700
2024-06-05 00:00:00-04:00,516.8280887412405,520.645104022442,514.8416361330836,520.6256103515625,47610400
2024-06-06 00:00:00-04:00,520.9276295048329,521.3560743759424,518.6880556280096,520.6160278320312,30808500
2024-06-07 00:00:00-04:00,519.6421901069427,522.7873872843439,518.55161418802,519.9830322265625,43224500
2024-06-10 00:00:00-04:00,519.1747616812378,521.9109480214009,518.5807990347079,521.589599609375,35686100
2024-06-11 00:00:00-04:00,520.0413486344055,522.9041247005574,518.0743898707741,522.845703125,36383400
2024-06-12 00:00:00-04:00,527.4028804771598,529.8274655446977,526.1077992631506,527.1399536132812,63251300
2024-06-13 00:00:00-04:00,528.8829186945259,529.0581834417079,525.4164327979901,528.2012939453125,44760900
2024-06-14 00:00:00-04:00,526.6725890295746,528.551886156822,525.6696157422205,528.522705078125,40089900
2024-06-17 00:00:00-04:00,527.8410283318889,534.1216160104203,527.3833430672393,532.7291259765625,55839500
2024-06-18 00:00:00-04:00,532.7876213507444,534.2092926573293,532.3689233717765,534.0827026367188,41376400
2024-06-20 00:00:00-04:00,535.0076850141029,535.669816103357,530.8595742964317,532.6317749023438,70328200
2024-06-21 00:00:00-04:00,531.810221745453,533.0313142277637,530.4621308750893,531.9176635742188,64338600
2024-06-24 00:00:00-04:00,531.7418545665156,534.3012597413704,530.0713785197397,530.1885986328125,45528700
2024-06-25 00:00:00-04:00,531.4096852385123,532.5917242597523,529.8955424418219,532.2302856445312,37936200
2024-06-26 00:00:00-04:00,531.1166134619692,533.6076301716555,530.4719028733521,532.89453125,38550600
2024-06-27 00:00:00-04:00,532.7578061070262,534.3110621107577,532.0153722749866,533.7346801757812,35041500
2024-06-28 00:00:00-04:00,534.5064116818106,537.5543137581463,530.3938098387125,531.6343994140625,76144500
2024-07-01 00:00:00-04:00,533.0118486999152,533.2560672380866,529.973784394742,532.7285766601562,40297800
2024-07-02 00:00:00-04:00,531.126400132376,536.3135986328125,531.0775683576217,536.3135986328125,40434800
2024-07-03 00:00:00-04:00,536.0010708200014,539.068469909586,535.9620173191718,538.70703125,32789900
2024-07-05 00:00:00-04:00,539.0097918869257,542.2139076372644,538.3747999305978,541.8134155273438,41488400
2024-07-08 00:00:00-04:00,542.5949332840256,543.3861988920726,541.3738407022457,542.4386596679688,36110500
2024-07-09 00:00:00-04:00,543.3960746093994,544.2947822161125,542.6731972111517,542.9662475585938,27289700
2024-07-10 00:00:00-04:00,544.1872136667199,548.6808102777995,543.894163387503,548.3389282226562,38701200
2024-07-11 00:00:00-04:00,548.4561564855596,549.3255886798729,542.9759074999535,543.61083984375,53054200
2024-07-12 00:00:00-04:00,544.7343252522627,550.6346235261244,544.2654447499774,547.0397338867188,53084400
2024-07-15 00:00:00-04:00,549.0325043663784,551.7775178290722,546.6879829958002,548.5440673828125,40584300
2024-07-16 00:00:00-04:00,549.8530882979716,552.090108393895,549.1008762046278,551.7970581054688,36475300
2024-07-17 00:00:00-04:00,545.8771519032762,547.5476278240299,543.7377955656038,544.0601806640625,57119000
2024-07-18 00:00:00-04:00,545.5938372966342,546.5804894498617,537.700679694463,539.8790893554688,56270400
2024-07-19 00:00:00-04:00,539.644738170822,541.2663824595259,535.2390267295067,536.2940673828125,65509100
2024-07-22 00:00:00-04:00,540.2113152231016,542.4288382548532,538.2771238069361,541.8231811523438,43346700
2024-07-23 00:00:00-04:00,541.7157018138391,543.8648365993427,540.484890622907,540.9733276367188,34439600
2024-07-24 00:00:00-04:00,536.1670544374522,536.4698829953903,527.7952370228695,528.7135009765625,74515300
2024-07-25 00:00:00-04:00,528.8307523766035,534.7994982405838,525.0209792890996,525.958740234375,61158300
2024-07-26 00:00:00-04:00,529.7392825093052,534.5357078065754,528.9675138593225,531.8493041992188,53763800
2024-07-29 00:00:00-04:00,533.3927971337158,534.3989464184045,530.1690650137424,532.1619262695312,39515800
2024-07-30 00:00:00-04:00,533.6272524601584,534.6822931769603,526.0662565076813,529.4657592773438,46853600
2024-07-31 00:00:00-04:00,536.2842643515584,540.6997538692295,534.9166765387299,538.0719604492188,65663400
2024-08-01 00:00:00-04:00,539.7913062018092,542.0381046138815,526.9551667505608,530.452392578125,76428700
2024-08-02 00:00:00-04:00,523.3603002519518,524.5716145988897,516.3756265717791,520.5762329101562,82789100
2024-08-05 00:00:00-04:00,499.80776206076075,511.47163847460973,498.46941981450664,505.4150085449219,146267400
2024-08-06 00:00:00-04:00,507.2125052074326,517.4990173620844,505.89374911647377,510.0747985839844,84826300
2024-08-07 00:00:00-04:00,516.248598311969,519.2965001883216,506.06958745039486,506.66546630859375,70698300
2024-08-08 00:00:00-04:00,511.7939332085329,519.0032667194084,509.7718568841384,518.3781127929688,63276600
2024-08-09 00:00:00-04:00,517.5575496711185,522.1488688468696,516.3364573171235,520.6640014648438,45619600
2024-08-12 00:00:00-04:00,521.8559471668351,523.3407552909962,518.6713279832952,520.9376831054688,42542100
2024-08-13 00:00:00-04:00,524.122235093717,529.739260585726,523.8780165940644,529.5047607421875,52333100
2024-08-14 00:00:00-04:00,530.2960824274743,532.3573320967027,527.6292352085552,531.17529296875,42446900
2024-08-15 00:00:00-04:00,536.7923373384469,540.5630571909627,536.1866801444643,540.27978515625,60846800
2024-08-16 00:00:00-04:00,538.6678476452682,542.1846298407453,538.5115740387317,541.4910278320312,44430700
2024-08-19 00:00:00-04:00,541.9013070349608,546.66845703125,541.0514314058853,546.66845703125,39121800
2024-08-20 00:00:00-04:00,546.2191462607274,547.8700657821756,544.4412283435015,545.779541015625,33732300
2024-08-21 00:00:00-04:00,546.8247712917706,549.1106230342316,541.9012882335657,547.6550903320312,41514600
2024-08-22 00:00:00-04:00,549.5503421956289,550.1559994238155,542.1456191373768,543.35693359375,56121500
2024-08-23 00:00:00-04:00,546.5903394303513,550.0680084955276,544.4020915801096,549.1301879882812,50639400
2024-08-26 00:00:00-04:00,550.1559715338451,550.8690705771505,546.1214765619129,547.8212280273438,35788600
2024-08-27 00:00:00-04:00,546.5512887213379,549.0618623501647,545.4083627021253,548.5734252929688,32693900
2024-08-28 00:00:00-04:00,548.2315922971716,548.6614193309421,542.2042355425785,545.3888549804688,41066000
2024-08-29 00:00:00-04:00,547.3522554939839,550.6443160255352,544.294635177053,545.4375610351562,38715200
2024-08-30 00:00:00-04:00,547.8016709409602,551.1523417216108,544.2556134288437,550.6443481445312,62700100
2024-09-03 00:00:00-04:00,547.5086116923438,547.8407751289367,536.8021094517958,539.3126831054688,60600100
2024-09-04 00:00:00-04:00,537.4761456891545,541.6083040829072,536.7532683896355,538.2088012695312,47224900
2024-09-05 00:00:00-04:00,538.1501466111926,540.9928237930679,534.4477558926965,536.8997192382812,44264300
2024-09-06 00:00:00-04:00,537.2221796738046,538.8437645502386,526.9650009606123,527.8637084960938,68493800
2024-09-09 00:00:00-04:00,532.054494369654,535.0437266855093,530.1300214174476,533.7737426757812,40445800
2024-09-10 00:00:00-04:00,535.6786451567546,536.4504138231891,530.8138314182086,536.0986938476562,36394600
2024-09-11 00:00:00-04:00,536.0107592184578,542.5167136236998,527.4728902611638,541.5984497070312,75248600
2024-09-12 00:00:00-04:00,542.1747991721596,546.4632899534062,539.957276313442,546.1604614257812,51819600
2024-09-13 00:00:00-04:00,546.7662020730168,550.0094311099382,546.5122052774053,549.0130004882812,39310500
2024-09-16 00:00:00-04:00,548.7492552395013,550.0875680057417,546.9518402590558,549.8238525390625,36656100
2024-09-17 00:00:00-04:00,552.0314851715059,553.477299266029,547.8211605278194,550.0484619140625,49321000
2024-09-18 00:00:00-04:00,550.702966140304,555.5385046014119,547.8602888957543,548.4171142578125,59044900
2024-09-19 00:00:00-04:00,557.8049085738365,559.6316584337985,554.9426745171918,557.7755737304688,75315500
2024-09-20 00:00:00-04:00,556.4096197933483,557.8500005367814,553.7933228326182,556.8113403320312,77503100
2024-09-23 00:00:00-04:00,557.8793836152081,558.8494456443765,556.6642942041962,558.2026977539062,44116900
2024-09-24 00:00:00-04:00,558.9963649353333,559.8586555458002,556.174333811357,559.7998657226562,46805700
2024-09-25 00:00:00-04:00,559.6432009533316,560.378103761662,557.4580492681129,558.5653076171875,38428600
2024-09-26 00:00:00-04:00,562.8179934718497,563.1413674659622,558.428192996937,560.7798461914062,48336000
2024-09-27 00:00:00-04:00,561.8478858705382,562.6611352170194,558.9376397719122,559.9664916992188,42100900
2024-09-30 00:00:00-04:00,558.9376557740085,562.8179640810873,556.6447925339722,562.21044921875,63557400
2024-10-01 00:00:00-04:00,561.8576982708267,562.5043864049716,554.6066335561335,557.1738891601562,72668800
2024-10-02 00:00:00-04:00,556.282242548741,558.4281611024765,553.8913563966638,557.4090576171875,38097800
2024-10-03 00:00:00-04:00,555.9391917508498,558.3300776437013,554.1068390984451,556.3899536132812,40846500
2024-10-04 00:00:00-04:00,560.8287828388663,561.8184614824812,556.6643337627131,561.4461059570312,42939100
2024-10-07 00:00:00-04:00,559.7999074826037,560.446655391967,555.2239297880301,556.370361328125,49964700
2024-10-08 00:00:00-04:00,558.9376197622599,562.230029540932,558.0655806170524,561.6322631835938,37398700
2024-10-09 00:00:00-04:00,561.6225357741174,566.0809942856702,561.0248291372598,565.5224609375,37912200
2024-10-10 00:00:00-04:00,564.1799758679994,565.9535388259317,562.9257131010544,564.53271484375,44138100
2024-10-11 00:00:00-04:00,564.4542373683208,568.6481106846586,564.3170411817416,567.9132080078125,42268000
2024-10-14 00:00:00-04:00,569.5202272995722,573.4887501402064,569.0401003876937,572.557861328125,36217200
2024-10-15 00:00:00-04:00,572.8224884018784,573.1262458468478,566.8942243784207,568.1093139648438,54203600
2024-10-16 00:00:00-04:00,568.1092586044506,571.0978512020905,567.305757742965,570.5784912109375,30725400
2024-10-17 00:00:00-04:00,574.1159000748407,574.3216944108202,570.441385688738,570.6275634765625,34393700
2024-10-18 00:00:00-04:00,572.3128969974695,573.6063330690159,570.8528997080355,572.8224487304688,37416800
2024-10-21 00:00:00-04:00,572.0973176864316,573.0771881011084,568.912738838732,571.8817749023438,36439000
2024-10-22 00:00:00-04:00,569.3537996021158,572.7343651300628,568.6973030466045,571.578125,34183800
2024-10-23 00:00:00-04:00,569.5594196255329,570.0003732214365,562.8570804647936,566.355224609375,49314600
2024-10-24 00:00:00-04:00,568.3053559366623,568.3837623338761,564.9640233615775,567.5802612304688,34979900
2024-10-25 00:00:00-04:00,569.8043437567766,572.6949728800472,566.4433960638868,567.384033203125,47268200
2024-10-28 00:00:00-04:00,570.8528957024953,570.9802836348513,568.8343651367928,569.1381225585938,30174700
2024-10-29 00:00:00-04:00,568.1778099310847,571.1762108700161,566.7864107519835,570.0592041015625,42899700
2024-10-30 00:00:00-04:00,569.588797638648,571.5779630983764,567.6290569957021,568.3345947265625,41435800
2024-10-31 00:00:00-04:00,563.9742291931302,564.0428273008541,556.9975564307639,557.1935424804688,60182500
2024-11-01 00:00:00-04:00,559.8196194970722,563.9644525610958,559.1336981878939,559.5452270507812,45667500
2024-11-04 00:00:00-05:00,559.6823223393656,560.9757583388703,556.4585705161212,558.3399047851562,38217000
2024-11-05 00:00:00-05:00,559.2511382887498,565.1303598031815,559.0355955403569,565.0911865234375,39478300
2024-11-06 00:00:00-05:00,577.3396500855225,580.0146771322202,573.6063462638446,579.142578125,68182000
2024-11-07 00:00:00-05:00,581.1415644099445,584.639708979933,581.063158030651,583.62060546875,47233200
2024-11-08 00:00:00-05:00,584.1693242787533,587.5695056932594,584.1693242787533,586.148681640625,46444900
2024-11-11 00:00:00-05:00,587.7360663213191,588.0888053142032,584.9826328704219,586.7072143554688,37586800
2024-11-12 00:00:00-05:00,586.6287817012992,587.2264882691159,582.4055428293386,584.8846435546875,43006100
2024-11-13 00:00:00-05:00,585.3451927424278,587.1677373847895,582.9837313260188,585.1688232421875,47388600
2024-11-14 00:00:00-05:00,585.2960605211111,585.7761873381555,580.7200835464578,581.4059448242188,38904100
2024-11-15 00:00:00-05:00,577.8490404616651,578.3194188381738,572.1070152959201,573.958984375,75988800
2024-11-18 00:00:00-05:00,574.4196493771738,577.6238450144261,573.5574183688442,576.3108520507812,37001700
2024-11-19 00:00:00-05:00,572.9400989259979,579.1426361014928,572.2737941658764,578.4175415039062,49412000
2024-11-20 00:00:00-05:00,578.495884693383,578.8976052377521,572.8616299600318,578.6134643554688,50032600
2024-11-21 00:00:00-05:00,581.455141177832,583.1404896221547,575.6249001169805,581.7196655273438,46750300
2024-11-22 00:00:00-05:00,581.7097870344509,584.1497143652956,581.2101034094488,583.5225830078125,38226400
2024-11-25 00:00:00-05:00,587.4520080099294,588.7650010479646,583.218960080664,585.5020751953125,42441400
2024-11-26 00:00:00-05:00,586.746407902425,589.2255088244219,586.0311216188419,588.5592041015625,45621300
2024-11-27 00:00:00-05:00,588.3730114334577,588.755115442667,585.2570306878304,586.7758178710938,34000200
2024-11-29 00:00:00-05:00,587.5891193661275,591.204843913549,587.3147867247623,590.4209594726562,30177400
2024-12-02 00:00:00-05:00,590.8323780737772,592.1552388895445,590.3424429138348,591.4791259765625,31746000
2024-12-03 00:00:00-05:00,591.2439261058101,591.9983855319149,590.2150743018244,591.75341796875,26906600
2024-12-04 00:00:00-05:00,593.4389336760423,595.6730071584342,592.7726289600115,595.4280395507812,42787600
2024-12-05 00:00:00-05:00,595.4280516027892,596.2315525489399,594.0954421437544,594.4481811523438,28762200
2024-12-06 00:00:00-05:00,595.212464951605,596.8096584526629,594.800936138575,595.5750122070312,31241500
2024-12-09 00:00:00-05:00,595.4574149257465,595.6239761392873,591.9200973185369,592.5079956054688,34742700
2024-12-10 00:00:00-05:00,593.1841677805376,593.605504896008,590.0093971009587,590.6658935546875,37234500
2024-12-11 00:00:00-05:00,593.5858806768452,596.1825011825678,593.3114882757061,595.2320556640625,28677700
2024-12-12 00:00:00-05:00,594.369747252086,594.9380289691392,592.1650390625,592.1650390625,31543800
2024-12-13 00:00:00-05:00,594.1934650654297,594.9087513561514,590.6757038334936,592.0475463867188,35904700
2024-12-16 00:00:00-05:00,593.8014854078001,595.5456834945226,593.0274092921627,594.5755615234375,43695200
2024-12-17 00:00:00-05:00,592.0278303510687,592.9880840930309,590.7540109408761,592.1257934570312,55773500
2024-12-18 00:00:00-05:00,591.822175937033,594.2032541174319,574.0963517696575,574.478515625,108248700
2024-12-19 00:00:00-05:00,579.456129686489,581.0631314525076,574.057034359764,574.302001953125,85919500
2024-12-20 00:00:00-05:00,571.9778879961826,585.722562754752,571.1323175828937,581.2000122070312,125716700
2024-12-23 00:00:00-05:00,580.9443313472664,585.2800771480029,577.7686569320756,584.6803588867188,57635800
2024-12-24 00:00:00-05:00,586.0272849416975,591.2184422848073,585.4471892507113,591.1790771484375,33160100
2024-12-26 00:00:00-05:00,589.4094496188982,592.3392722176656,588.0133673077331,591.218505859375,41219100
2024-12-27 00:00:00-05:00,587.4823184826345,587.7183292627742,580.8164691334702,584.9949340820312,64969300
2024-12-30 00:00:00-05:00,577.9948115421023,581.7799853973963,574.5733451400716,578.3192138671875,56578800
2024-12-31 00:00:00-05:00,579.9807007946825,580.698454354243,574.583117216775,576.2152099609375,57052700
2025-01-02 00:00:00-05:00,579.4696102256324,581.1803135593343,570.7292291618253,574.799560546875,50204000
2025-01-03 00:00:00-05:00,577.64092396713,582.6255346471705,576.5594027877501,581.9865112304688,37888500
2025-01-06 00:00:00-05:00,586.2337670283534,589.6060270134918,583.608664526265,585.3390502929688,47679400
2025-01-07 00:00:00-05:00,587.3643167301589,587.6887790314382,576.903452910936,578.7222900390625,60393100
2025-01-08 00:00:00-05:00,578.7911287868388,580.6394897953063,575.3500401020275,579.5678100585938,47304700
2025-01-10 00:00:00-05:00,576.0185903209236,576.0874192959229,568.8119506064235,570.7192993164062,73105000
2025-01-13 00:00:00-05:00,566.0787864044993,571.9581131697737,565.6658125456092,571.6041870117188,47910100
2025-01-14 00:00:00-05:00,574.5241441869972,575.1533862250869,568.6152938144415,572.3906860351562,48420600
2025-01-15 00:00:00-05:00,580.3937768602567,583.9430001285099,579.2827918470954,582.8025512695312,56900200
2025-01-16 00:00:00-05:00,584.1691475266347,584.346110636513,580.9836915331506,581.6817626953125,43319700
2025-01-17 00:00:00-05:00,586.9121689712896,589.2717368825727,585.5848557638515,587.521728515625,58070600
2025-01-21 00:00:00-05:00,590.5597127423754,592.9094994878243,588.5933760531964,592.899658203125,42532900
2025-01-22 00:00:00-05:00,595.7213382459036,597.5893820777127,595.1707663809229,596.2326049804688,48196000
2025-01-23 00:00:00-05:00,595.6033506126263,599.4868774414062,595.3280946897063,599.4868774414062,41152100
2025-01-24 00:00:00-05:00,599.54587252364,600.4995770008244,596.5865262707722,597.73681640625,34604700
2025-01-27 00:00:00-05:00,584.7983708814467,589.5962372876534,584.6312490621345,589.2816162109375,70361100
2025-01-28 00:00:00-05:00,590.5104687195756,595.1805175844501,587.1971967465958,594.3448486328125,44433300
2025-01-29 00:00:00-05:00,593.5583059073574,593.9614384934404,589.1340487911447,591.6804809570312,37177400
2025-01-30 00:00:00-05:00,593.7943615542468,596.3898803192325,590.6088457833347,594.8561401367188,39281300
2025-01-31 00:00:00-05:00,597.2747575383468,599.6933732210748,590.9333098394596,591.6903686523438,66566900
2025-02-03 00:00:00-05:00,582.6943020815504,590.1860392450765,580.5510025263411,587.70849609375,65857200
2025-02-04 00:00:00-05:00,587.767535135661,592.1622687341741,587.2268045597665,591.6510620117188,33457800
2025-02-05 00:00:00-05:00,590.5302274178379,594.1974260072697,588.5049031019603,594.0499267578125,30653100
2025-02-06 00:00:00-05:00,595.7901006731433,596.2423796576439,592.4866698522919,596.1145629882812,35771500
2025-02-07 00:00:00-05:00,596.6750050236558,597.8941240756534,589.9501076619601,590.6580200195312,50788500
2025-02-10 00:00:00-05:00,593.8632882437039,595.30851711154,592.5949624942194,594.66943359375,26048700
2025-02-11 00:00:00-05:00,592.408088766588,595.6623736678141,592.2901133629294,595.1216430664062,30056700
2025-02-12 00:00:00-05:00,589.1145136580423,594.3744405625547,588.4361250659014,593.2044677734375,45076100
2025-02-13 00:00:00-05:00,594.3055902381474,599.6737110792319,593.047165943141,599.4672241210938,40921300
2025-02-14 00:00:00-05:00,599.6736949390985,600.7060096863363,598.8183432907158,599.437744140625,26910400
2025-02-18 00:00:00-05:00,600.5977915687461,601.197509765625,598.1398710820379,601.197509765625,26749000
2025-02-19 00:00:00-05:00,599.8113366176324,602.908280775238,599.3000698962699,602.6133422851562,31011100
2025-02-20 00:00:00-05:00,601.2466498622931,601.3843078099816,596.8027704742943,600.106201171875,36554000
2025-02-21 00:00:00-05:00,599.8899930676969,600.0276510429451,589.3799206723878,589.842041015625,76519800
2025-02-24 00:00:00-05:00,591.8869960824046,592.8800056614799,586.4500466079941,587.157958984375,50737200
2025-02-25 00:00:00-05:00,587.098968367302,587.8265033006376,579.6366946428752,584.2379150390625,58266500
2025-02-26 00:00:00-05:00,585.8994552001853,589.488043359785,581.8979531727184,584.5328369140625,43321600
2025-02-27 00:00:00-05:00,586.8040736253654,587.9544239336753,574.8094663730844,575.2026977539062,74196700
2025-02-28 00:00:00-05:00,575.7039886670112,584.70978328648,572.636508577737,584.1788940429688,88744100
2025-03-03 00:00:00-05:00,586.1452445030724,587.2857532860544,570.1392964764723,573.9441528320312,74249200
2025-03-04 00:00:00-05:00,569.952455985737,575.5368441329807,562.6179996474549,567.150390625,109648200
2025-03-05 00:00:00-05:00,566.9833166199888,575.035467216836,563.434093538414,573.24609375,71230500
2025-03-06 00:00:00-05:00,565.7936477589768,570.4047092717689,560.5238803180225,563.0703125,80094900
2025-03-07 00:00:00-05:00,561.2907933786839,567.6715458955733,556.1094773560538,566.2262573242188,81158800
2025-03-10 00:00:00-04:00,558.0364891964213,559.9536192631458,546.2384702857362,551.1444702148438,99326600
2025-03-11 00:00:00-04:00,549.9843324603625,554.5265648872522,542.7285461144836,546.5628662109375,88102100
2025-03-12 00:00:00-04:00,552.7077615834074,553.6319422779778,544.3705127696392,549.4633178710938,69588200
2025-03-13 00:00:00-04:00,549.0896174558009,549.6991769603108,540.4279077137791,542.1386108398438,74079400
2025-03-14 00:00:00-04:00,546.7496748611676,554.3397648685512,542.2074423986709,553.3369140625,62660300
2025-03-17 00:00:00-04:00,553.3172833424321,560.1208513978755,552.8846868765244,557.6039428710938,49008700
2025-03-18 00:00:00-04:00,555.2934322950165,555.5097605205915,549.6500559715837,551.5770874023438,66041400
2025-03-19 00:00:00-04:00,553.3566775077279,561.3399999727566,552.1768634471969,557.5842895507812,66556000
2025-03-20 00:00:00-04:00,553.848245552193,560.966374832501,553.1304918485869,555.9718627929688,62958200
2025-03-21 00:00:00-04:00,551.5205297947124,557.0526817242638,550.2878724028328,556.1552734375,83763000
2025-03-24 00:00:00-04:00,562.880651498493,567.1703352751009,562.2890000340255,566.1151733398438,58766800
2025-03-25 00:00:00-04:00,567.3181993393742,568.4127846067184,565.73055113845,567.4760131835938,38355700
2025-03-26 00:00:00-04:00,567.2097618801449,568.3339598573967,559.3207546377017,560.7013549804688,51848300
2025-03-27 00:00:00-04:00,559.3108687859911,562.9792883535321,557.101956447335,559.2122802734375,42164200
2025-03-28 00:00:00-04:00,557.6838014665011,558.4135249923543,547.3689030262066,547.95068359375,71662700
2025-03-31 00:00:00-04:00,542.201546342058,552.9305994826874,539.282592409213,551.62890625,95328200
2025-04-01 00:00:00-04:00,549.7158288612504,555.1296497708261,545.998115405224,553.1869506835938,54609600
2025-04-02 00:00:00-04:00,547.3491017135567,559.547472787333,547.1124411566806,556.687744140625,76014500
2025-04-03 00:00:00-04:00,537.5470765410741,540.3673821784607,529.2537841796875,529.2537841796875,125986000
2025-04-04 00:00:00-04:00,516.404523136506,518.5740121118964,498.05273494035157,498.2696838378906,217965100
2025-04-07 00:00:00-04:00,482.40291724281104,515.9114550791749,475.115432610906,497.3821716308594,256611400
2025-04-08 00:00:00-04:00,514.6196468974629,517.6963548854247,482.3733480760591,489.591796875,165816600
2025-04-09 00:00:00-04:00,486.5940541464612,541.0084838867188,486.20945053098467,541.0084838867188,241867300
2025-04-10 00:00:00-04:00,524.7865408671853,526.098105010763,502.2535908103832,517.3018798828125,162331200
2025-04-11 00:00:00-04:00,515.7536352571723,528.9874258955272,512.8544231608307,526.531982421875,97866300
2025-04-14 00:00:00-04:00,536.5017912856171,536.7286411738348,526.453165817952,531.6401977539062,68034000
2025-04-15 00:00:00-04:00,532.1825399641931,535.6931457102869,529.3622343758641,530.151123046875,56892900
2025-04-16 00:00:00-04:00,524.3034408726064,530.4273047249436,513.0714517926509,518.366943359375,83484800
2025-04-17 00:00:00-04:00,520.3194821276195,523.800475242003,516.6411916080497,519.1065063476562,79868100
2025-04-21 00:00:00-04:00,513.9293002870572,514.4618467446136,501.40552056556845,506.7503356933594,69368100
2025-04-22 00:00:00-04:00,512.9235950678715,521.956482797522,511.9867633247528,519.9349365234375,75948100
2025-04-23 00:00:00-04:00,532.9319549297188,537.8625838932508,526.4728430251603,527.991455078125,90590700
2025-04-24 00:00:00-04:00,529.2735171048926,539.8349482182391,528.0211780146883,539.105224609375,64150400
2025-04-25 00:00:00-04:00,539.0657336001437,543.4046513367819,536.1467793425768,543.0003662109375,61119600
2025-04-28 00:00:00-04:00,543.7399439376,545.8699492792146,537.4583271221219,543.2073974609375,47613800
2025-04-29 00:00:00-04:00,541.2943585019403,547.7436606136026,540.9393676118534,546.6293334960938,47775100
2025-04-30 00:00:00-04:00,539.9729233205555,548.7987614609631,534.0068741379372,546.84619140625,93101500
2025-05-01 00:00:00-04:00,552.595342895286,556.2440206119321,550.1201573586014,550.7216796875,63186100
2025-05-02 00:00:00-04:00,556.8947424015222,560.4941252501916,554.5773711022435,558.8966064453125,60717300
2025-05-05 00:00:00-04:00,554.7648727126054,558.788283367358,553.9069479669498,555.6918334960938,38659200
2025-05-06 00:00:00-04:00,550.1891944565425,555.533979770925,549.2326812616892,551.047119140625,48264700
2025-05-07 00:00:00-04:00,552.3784371058738,555.9975022415719,548.3254139860352,553.3645629882812,55588000
2025-05-08 00:00:00-04:00,557.3978323656503,562.3974982446085,553.9069681077176,557.2203369140625,65130800
2025-05-09 00:00:00-04:00,558.6205173502777,559.6263849147109,554.9521583078488,556.51025390625,37603400
2025-05-12 00:00:00-04:00,573.402558732667,574.9113601462691,569.0340285188223,574.9014892578125,78993600
2025-05-13 00:00:00-04:00,575.3157161654024,580.907093658496,574.7536773375426,578.6981811523438,67947200
2025-05-14 00:00:00-04:00,579.6546629482465,580.8084133986617,577.4161378946785,579.437744140625,66283500
2025-05-15 00:00:00-04:00,577.4359031534708,582.77081800724,576.9822635531588,582.2679443359375,71268100
2025-05-16 00:00:00-04:00,583.0469103495059,586.2518193704545,581.1042713102905,585.9559936523438,76052100
2025-05-19 00:00:00-04:00,579.9405744991373,587.2773530559552,579.9405744991373,586.596923828125,68168500
2025-05-20 00:00:00-04:00,584.8614155899625,585.8080578995526,581.419785763877,584.6246948242188,60614500
2025-05-21 00:00:00-04:00,580.2759146876367,584.3584902721909,573.7477661832594,574.7733154296875,95197700
2025-05-22 00:00:00-04:00,574.5760959985981,578.4811762683786,573.3434386116112,575.0001831054688,70860400
2025-05-23 00:00:00-04:00,567.988738706783,573.7378691727489,567.6140060747297,571.0753173828125,76029000
2025-05-27 00:00:00-04:00,577.9388882200049,583.1061789745086,570.404870923911,582.9484252929688,72588500
2025-05-28 00:00:00-04:00,583.3526236048898,584.545857588394,578.8460211072919,579.5757446289062,68445500
2025-05-29 00:00:00-04:00,584.8318350718904,584.9699071457442,577.9388245287198,581.8635864257812,69973300
2025-05-30 00:00:00-04:00,580.7591289651484,582.9286180198035,575.1480700909575,581.2127685546875,90601200
2025-06-02 00:00:00-04:00,579.6052986473595,584.5654800276525,576.9427470010985,584.4866333007812,61630500
2025-06-03 00:00:00-04:00,584.121791379625,588.7960181097066,583.6385391723649,587.8197631835938,63606200
2025-06-04 00:00:00-04:00,588.6777258495218,589.6539808386906,587.2280895107962,587.6619873046875,57314200
2025-06-05 00:00:00-04:00,589.3384339818148,590.6894216670538,582.8497086239531,584.8219604492188,92278700
2025-06-06 00:00:00-04:00,590.3540722792903,592.4940086999786,588.5790577947733,590.8274536132812,66588700
2025-06-09 00:00:00-04:00,591.3994087206146,592.9082102708385,590.1864930975049,591.3599853515625,53016400
2025-06-10 00:00:00-04:00,591.8924030034493,595.0973118762876,590.7781362147839,594.7127685546875,66247000
2025-06-11 00:00:00-04:00,595.807477097167,596.6654019118176,590.9557539749433,593.0167236328125,73658200
2025-06-12 00:00:00-04:00,591.6853731206485,595.3734741210938,591.2021810906274,595.3734741210938,64129000
2025-06-13 00:00:00-04:00,590.1963519379123,593.499849631983,587.218232455665,588.7171630859375,89506000
2025-06-16 00:00:00-04:00,592.0700235861916,596.0638215052488,591.8924679557008,594.318359375,79984100
2025-06-17 00:00:00-04:00,591.8826784891205,593.401290785268,588.480531921813,589.2398681640625,82209400
2025-06-18 00:00:00-04:00,590.1371267775953,592.8785252065284,588.1944276516227,589.1510009765625,76605000
2025-06-20 00:00:00-04:00,591.8224395288368,592.8906208578056,586.3629131433069,587.7673950195312,94051400
2025-06-23 00:00:00-04:00,588.5190130228361,593.9587392448562,585.4035696790836,593.5730590820312,87426000
2025-06-24 00:00:00-04:00,597.7072083922786,601.1885919192599,596.7972471416377,600.13037109375,67735300
2025-06-25 00:00:00-04:00,601.2479344884113,601.9402753154866,598.9039119654944,600.4666137695312,62114800
2025-06-26 00:00:00-04:00,602.3161684365299,605.5997923429508,601.7029677445283,605.1646118164062,78548400
2025-06-27 00:00:00-04:00,606.1634816784541,609.6350254118207,604.1359596054803,608.1712036132812,86258400
2025-06-30 00:00:00-04:00,610.6142201701539,612.4340220516922,608.2998373553096,611.0790405273438,92502500
2025-07-01 00:00:00-04:00,609.6054458188352,612.0484090785977,608.7746849801475,610.88134765625,70030100
2025-07-02 00:00:00-04:00,610.4757300098587,613.6901136433279,609.8526292762224,613.6505737304688,66510400
2025-07-03 00:00:00-04:00,615.628656191773,619.4167005776212,615.6088560521965,618.4869995117188,51065800
2025-07-07 00:00:00-04:00,616.5286747873084,617.1913758193931,611.0988485499288,613.8780517578125,74814500
2025-07-08 00:00:00-04:00,614.5406287940525,615.2923096464036,612.7307271465106,613.541748046875,59024600
2025-07-09 00:00:00-04:00,615.945166968477,617.8737488887257,614.1055045789822,617.2210083007812,66113300
2025-07-10 00:00:00-04:00,617.3595500232223,620.000273214104,616.1825885407072,618.9617919921875,57529000
2025-07-11 00:00:00-04:00,615.9154666088177,618.0122289852302,614.7187654701638,616.7858276367188,63670200
2025-07-14 00:00:00-04:00,616.3308265898004,618.3089087938923,614.9857451789246,617.9627685546875,51898500
2025-07-15 00:00:00-04:00,620.6431287961128,620.9793689858044,615.242942324076,615.3220825195312,74317300
2025-07-16 00:00:00-04:00,616.9044910111767,617.8836320494379,611.276844692317,617.3792114257812,88987500
2025-07-17 00:00:00-04:00,617.557284919235,621.5134493059918,617.3396644874989,621.1573486328125,68885700
2025-07-18 00:00:00-04:00,622.4036365954075,622.5717567026577,619.5947932954602,620.7025146484375,65621600
2025-07-21 00:00:00-04:00,621.87939453125,624.6189973413707,621.4541141003111,621.87939453125,63375000
2025-07-22 00:00:00-04:00,622.2057439990875,622.8288447335428,619.3276609031153,621.9683837890625,60046300
2025-07-23 00:00:00-04:00,624.6288217656338,627.2597045898438,622.8287599296668,627.2597045898438,70511000
2025-07-24 00:00:00-04:00,627.6454884244192,629.1785504969665,627.0421878119985,627.4674682617188,71307100
2025-07-25 00:00:00-04:00,628.1301809903662,630.5928838363332,627.8829206987424,630.1181030273438,56865400
2025-07-28 00:00:00-04:00,630.4938993278172,631.0477599275997,628.5751571845921,629.9598388671875,54917100
2025-07-29 00:00:00-04:00,631.3543820995848,631.6708825055948,627.3883778702398,628.2982788085938,60556300
2025-07-30 00:00:00-04:00,628.9509803708415,630.6917023127537,624.6189756546709,627.5070190429688,80418900
2025-07-31 00:00:00-04:00,632.4523273568442,632.8380075585872,623.857556644127,625.1531982421875,103385200
2025-08-01 00:00:00-04:00,619.4364414435403,619.476041722763,612.5032535330552,614.9066162109375,140103600
2025-08-04 00:00:00-04:00,618.813325728958,624.3024917393647,618.7243458354196,624.2530517578125,73218000
2025-08-05 00:00:00-04:00,624.8662177521945,625.6772386500149,620.168272806011,621.0880737304688,68051400
2025-08-06 00:00:00-04:00,622.1563552914652,626.4982606508958,621.2464542892866,625.8455200195312,64357500
2025-08-07 00:00:00-04:00,629.2675537310744,629.9994345491891,622.2156852544556,625.3212890625,74205800
2025-08-08 00:00:00-04:00,627.1114011688534,630.6620853000642,626.7949007710238,630.1972045898438,64051600
2025-08-11 00:00:00-04:00,630.474150672182,631.9478122276477,627.7047873460086,628.9509887695312,58742300
2025-08-12 00:00:00-04:00,631.2949848204768,635.8050095563038,629.8114232578196,635.6467895507812,64730800
2025-08-13 00:00:00-04:00,637.8425547169825,639.1085564704525,635.6370120856271,637.8228149414062,60092800
2025-08-14 00:00:00-04:00,635.7457174616427,638.5447207235369,635.300697252298,637.882080078125,59327500
2025-08-15 00:00:00-04:00,638.9106535836406,639.0095939138803,635.4787099260534,636.3886108398438,68592500
2025-08-18 00:00:00-04:00,635.8150025688236,636.9425240091701,635.1424618060598,636.2501831054688,43804900
2025-08-19 00:00:00-04:00,636.0721245937336,637.0512656505922,631.4829592777961,632.7984008789062,69750700
2025-08-20 00:00:00-04:00,632.3929060531275,632.6500060324975,626.013578858981,631.1170043945312,88890300
2025-08-21 00:00:00-04:00,629.3071240874224,630.9785456585483,626.864161086776,628.5850830078125,54805800
2025-08-22 00:00:00-04:00,630.7709103705197,639.4151205943501,630.2664897119097,638.2381591796875,84083200
2025-08-25 00:00:00-04:00,636.9820621561176,638.218363635622,635.3105801411765,635.4292602539062,51274300
2025-08-26 00:00:00-04:00,635.1622594491828,638.4359833484747,634.5391586749303,638.0897827148438,51581600
2025-08-27 00:00:00-04:00,637.5062179210042,640.2755208793137,637.3578376120881,639.5436401367188,48341100
2025-08-28 00:00:00-04:00,640.146950913372,642.3623933153343,638.267809046051,641.8085327148438,61519500
2025-08-29 00:00:00-04:00,640.374480883152,640.7404816664739,636.0919759234915,637.9810180664062,74522200
2025-09-02 00:00:00-04:00,630.5136938017484,633.4709169972102,627.9619508913343,633.2533569335938,81983500
2025-09-03 00:00:00-04:00,635.6270824559713,637.1502445176759,633.4413400681225,636.6853637695312,70820900
2025-09-04 00:00:00-04:00,637.3579030521721,642.0361089027498,636.4579021356687,642.0064086914062,65219200
2025-09-05 00:00:00-04:00,644.3405588325719,645.0625999768899,636.2799090574998,640.1470336914062,85178900
2025-09-08 00:00:00-04:00,641.5118230975241,642.718484610511,640.1370415028089,641.7195434570312,63133100
2025-09-09 00:00:00-04:00,641.8579832056892,643.7272854003053,640.1271612550325,643.203125,66133900
2025-09-10 00:00:00-04:00,646.4570825189741,647.3768835600082,643.4998590892842,645.0625610351562,78034500
2025-09-11 00:00:00-04:00,647.0108918753651,651.115436538164,646.4273914384058,650.423095703125,69934400
2025-09-12 00:00:00-04:00,650.3934866540098,651.8869485652141,649.701206088218,650.20556640625,72780100
2025-09-15 00:00:00-04:00,652.4110731340584,653.7956944276398,652.114372883025,653.6671142578125,63772400
2025-09-16 00:00:00-04:00,654.2210123755038,654.5276730798186,651.9858301119879,652.7671508789062,61169000
2025-09-17 00:00:00-04:00,652.7770367516476,654.4682584259048,647.1295902463727,651.9561157226562,101952200
2025-09-18 00:00:00-04:00,654.6364399867887,657.603563340362,653.0341982051615,655.0023803710938,90459200
2025-09-19 00:00:00-04:00,656.8877828567474,659.0895125014193,654.9438659954435,658.2465209960938,97945600
2025-09-22 00:00:00-04:00,656.7588293222589,661.8069717744121,656.7290467709187,661.3607177734375,69452200
2025-09-23 00:00:00-04:00,661.2416672722171,661.856628548307,656.5406245808955,657.7605590820312,81708900
2025-09-24 00:00:00-04:00,659.0497999269948,659.1489540239103,654.2495430702726,655.6677856445312,68082200
2025-09-25 00:00:00-04:00,652.5338627083877,653.9917550046746,649.0328388399253,652.6429443359375,89622100
2025-09-26 00:00:00-04:00,654.0909412604747,656.9274266555326,652.4743298182361,656.3819580078125,69179200
2025-09-29 00:00:00-04:00,658.9010899003678,659.8135740530697,656.4216318338509,658.2266845703125,73499000
2025-09-30 00:00:00-04:00,657.4828203674869,661.1722852976668,656.173659297658,660.7061157226562,86288000
2025-10-01 00:00:00-04:00,657.7208144097488,663.8698820443607,657.6117327913598,662.9574584960938,72545400
2025-10-02 00:00:00-04:00,664.9410037342527,665.0600128657511,661.3011766397112,663.7210693359375,56896000
2025-10-03 00:00:00-04:00,664.4848020775174,667.1527012490268,662.6698219114437,663.7112426757812,70494400
2025-10-06 00:00:00-04:00,666.1014192164715,666.9841207809839,663.9591941673339,666.0914916992188,54623300
2025-10-07 00:00:00-04:00,667.0138297258598,667.4601442579947,662.1838505424819,663.6219482421875,72020100
2025-10-08 00:00:00-04:00,664.7426772273783,667.6783772359653,663.919480237528,667.5791625976562,60702200
2025-10-09 00:00:00-04:00,667.9957845708525,668.4023890582872,663.7112737749407,665.6452026367188,66501900
2025-10-10 00:00:00-04:00,666.6071968358344,668.4122493878771,647.4757221413303,647.6542358398438,159422600
2025-10-13 00:00:00-04:00,655.2216030747315,659.664772492732,654.3488290056752,657.5919189453125,79560500
2025-10-14 00:00:00-04:00,651.7701536094826,660.3590300864076,647.8030207789583,656.78857421875,88779600
2025-10-15 00:00:00-04:00,661.3408732132422,664.7228272522149,653.5156893256119,659.7044067382812,81702600
2025-10-16 00:00:00-04:00,661.3409444600238,663.2154294168515,651.710706867285,655.2117309570312,110563300
2025-10-17 00:00:00-04:00,654.0810128478913,660.2895852935891,652.7322022395391,658.9308471679688,96500900
2025-10-20 00:00:00-04:00,661.8367798071084,666.6866142382812,661.7872027532737,665.7840576171875,60493400
2025-10-21 00:00:00-04:00,665.9229005771253,667.4601523988813,664.4748753427003,665.7741088867188,56249000
2025-10-22 00:00:00-04:00,666.4783066993808,666.4783066993808,657.8497808005621,662.3128051757812,80564000
2025-10-23 00:00:00-04:00,662.6301900162397,667.1825015615415,662.3128121266341,666.2402954101562,65604500
2025-10-24 00:00:00-04:00,670.9016937183009,672.8951271271609,670.0983517375236,671.6851806640625,74356500
2025-10-27 00:00:00-04:00,677.1201116013259,679.9070199177999,676.5151383891614,679.6094970703125,63339800
2025-10-28 00:00:00-04:00,681.4045622297778,683.2492642554724,679.2028328185232,681.4144897460938,61738100
2025-10-29 00:00:00-04:00,683.0609104229828,684.0328991417463,677.2590027977353,681.7418823242188,85657100
2025-10-30 00:00:00-04:00,678.2805836148408,680.3037996369978,674.2440185546875,674.2440185546875,76335800
2025-10-31 00:00:00-04:00,679.4111219213156,679.4508319897004,673.6587916341136,676.4556274414062,87164100
2025-11-03 00:00:00-05:00,680.0359699637585,680.1649066224819,674.3530715971103,677.7251586914062,57315000
2025-11-04 00:00:00-05:00,670.5545580097922,674.3729598389511,669.0371611161902,669.6917114257812,78427000
2025-11-05 00:00:00-05:00,669.4337786331213,675.2654684624238,668.6304366940664,672.012451171875,74402400
2025-11-06 00:00:00-05:00,670.9115428502156,671.8140994484131,663.2252231578799,664.8021850585938,85035300
2025-11-07 00:00:00-05:00,662.4218719882706,665.5658682287408,655.7769731606511,665.4567260742188,100592400
2025-11-10 00:00:00-05:00,671.6752576501947,676.57466917413,669.4834554774103,675.8407592773438,75842900
2025-11-11 00:00:00-05:00,674.3629519753922,677.9532020666294,673.1529450781785,677.3878784179688,58953400
2025-11-12 00:00:00-05:00,679.1631581075335,679.3318048264125,675.3547447293747,677.7647705078125,62312500
2025-11-13 00:00:00-05:00,674.9085136071693,675.265541055433,665.0105359672095,666.5180053710938,103457800
2025-11-14 00:00:00-05:00,659.9127066954921,670.1082064558575,657.8200586834998,666.4088745117188,96846700
2025-11-17 00:00:00-05:00,664.1971714004484,668.1742314199619,656.7290154076413,660.2002563476562,90456100
2025-11-18 00:00:00-05:00,656.6595496130724,659.6547538697382,650.4708329116884,654.6561889648438,114467500
2025-11-19 00:00:00-05:00,655.3505280387882,661.856623370592,653.3371790986623,657.185302734375,94703000
2025-11-20 00:00:00-05:00,667.3808213360044,670.0090710879778,646.5335791707308,647.1683349609375,165293500
2025-11-21 00:00:00-05:00,649.6675301260088,659.0894699034471,645.5020288545189,653.6148681640625,123956200
2025-11-24 00:00:00-05:00,657.2448196444445,664.5542570793402,656.1538823239337,663.2351684570312,80437900
2025-11-25 00:00:00-05:00,663.135941149376,670.6536740212097,659.020017057554,669.4734497070312,81077100
2025-11-26 00:00:00-05:00,672.0620713400136,676.0986363282427,671.1595147067713,674.09521484375,71879600
2025-11-28 00:00:00-05:00,675.2654787466182,678.0523870500939,674.9084513312986,677.7747192382812,49212000
2025-12-01 00:00:00-05:00,673.232272756968,677.3779187836101,673.1628406770591,674.6802978515625,61201200
2025-12-02 00:00:00-05:00,676.316803165018,678.2012155152329,673.7481184984898,675.9300537109375,62953800
2025-12-03 00:00:00-05:00,674.9779023816353,679.2822075879724,674.105128319461,678.2706298828125,57238500
2025-12-04 00:00:00-05:00,679.6690366334618,679.7384687237238,675.7416137771377,678.7665405273438,61970300
2025-12-05 00:00:00-05:00,679.8375623637357,682.7336127271673,678.9549213715281,680.0557861328125,79241000
2025-12-08 00:00:00-05:00,680.9484564225444,680.9980334759979,675.9696853695019,678.0127563476562,55231500
2025-12-09 00:00:00-05:00,677.5367544682442,679.7583392727543,676.9813582671167,677.4276123046875,58310100
2025-12-10 00:00:00-05:00,676.9515664343469,683.3088703732143,675.711837383319,681.92041015625,85671300
2025-12-11 00:00:00-05:00,679.5104080599091,683.5866227950731,676.5647802535024,683.5072631835938,86173700
2025-12-12 00:00:00-05:00,682.5154459360199,683.2196338188487,673.5893968987631,676.1581420898438,113160300
2025-12-15 00:00:00-05:00,680.1053789946951,680.1252340287925,673.6687159286942,675.1365356445312,90811000
2025-12-16 00:00:00-05:00,673.6488975485244,675.4837328267965,669.4338188610296,673.2918701171875,122030600
2025-12-17 00:00:00-05:00,674.3034691132465,674.8489377460819,665.6848710067972,665.8832397460938,110625200
2025-12-18 00:00:00-05:00,672.0322187932205,675.1464323222394,669.3544527925658,670.9114990234375,108650100
2025-12-19 00:00:00-05:00,673.0134542661981,677.4896664833268,672.8940327515619,676.9923095703125,103599500
2025-12-22 00:00:00-05:00,680.3245290528953,681.7370055876305,676.9922622536055,681.2098388671875,69556700
2025-12-23 00:00:00-05:00,680.3046207584179,684.562024812114,680.2548972126992,684.3233032226562,64840000
2025-12-24 00:00:00-05:00,684.313382495532,687.1781631452748,684.164151137988,686.7305297851562,39445600
2025-12-26 00:00:00-05:00,686.989161229118,688.0037280321676,685.6264081645946,686.660888671875,41613300
2025-12-29 00:00:00-05:00,683.9055083361335,685.5567672531378,682.4433081832867,684.2138671875,62559500
2025-12-30 00:00:00-05:00,683.8159723723246,684.9200900521846,682.9505762759469,683.3782958984375,47160700
2025-12-31 00:00:00-05:00,683.5076844111845,683.726492314561,678.1063955310838,678.3152465820312,74144800
2026-01-02 00:00:00-05:00,682.0852055985325,683.2390468658663,676.2263268834449,679.55859375,89377200
2026-01-05 00:00:00-05:00,682.910839643419,685.7855773037328,682.7517121374489,684.0845947265625,71927200
2026-01-06 00:00:00-05:00,684.2934596862484,688.6602678554459,684.1442890432024,688.1529541015625,69273800
2026-01-07 00:00:00-05:00,688.5309418430683,690.2916046822218,685.6761181181482,685.9347534179688,75588300
2026-01-08 00:00:00-05:00,685.1787573638412,686.9692300361542,683.8557710289468,685.8651123046875,64019200
2026-01-09 00:00:00-05:00,686.9791831428475,691.6344363504869,685.5368360184962,690.4010009765625,80125500
2026-01-12 00:00:00-05:00,687.0289310253164,692.410366767912,686.979207477028,691.4852294921875,63976000
2026-01-13 00:00:00-05:00,691.813478661017,692.4103433578374,687.6953490317495,690.1026000976562,78309700
2026-01-14 00:00:00-05:00,687.347202661372,688.0633674208381,682.4134005947378,686.7105712890625,94676700
2026-01-15 00:00:00-05:00,690.8983886882239,691.7737417111902,687.5959315038539,688.5806884765625,77862000
2026-01-16 00:00:00-05:00,689.9931507530615,690.5800586110835,686.4519720383781,688.0037231445312,79289200
2026-01-20 00:00:00-05:00,677.8874730475171,681.1501633341576,672.9934983300664,673.9981689453125,111623300
2026-01-21 00:00:00-05:00,676.0572511802958,685.0991655259935,674.5452667925615,681.77685546875,127844500
2026-01-22 00:00:00-05:00,686.2033478813381,687.476610793547,683.2888434897402,685.3379516601562,77112200
2026-01-23 00:00:00-05:00,684.5123006998919,687.3074439470811,683.5274830754288,685.5865478515625,63059600
2026-01-26 00:00:00-05:00,686.8399658941375,690.4607389282814,686.2729717064406,689.068115234375,60473800
2026-01-27 00:00:00-05:00,690.5104039402848,692.8480177488461,689.9036431059924,691.8134765625,55506100
2026-01-28 00:00:00-05:00,693.3652237572153,694.1510864943795,690.271678492269,691.7438354492188,61172200
2026-01-29 00:00:00-05:00,692.7087686795362,693.375209936545,681.2098793986574,690.3711547851562,97486200
2026-01-30 00:00:00-05:00,688.1330925763239,690.540343876794,683.4877957603626,688.3121337890625,101835100
2026-02-02 00:00:00-05:00,685.9347490634862,693.2458711004026,685.7755608588325,691.73388671875,79286500
2026-02-03 00:00:00-05:00,692.529690413304,693.2757257351432,680.4140840721383,685.885009765625,107904600
2026-02-04 00:00:00-05:00,686.7006659106327,687.7948875474046,678.1561081391175,682.5626831054688,105204600
2026-02-05 00:00:00-05:00,677.3404209861714,680.0758839506523,672.2176206040476,674.0379638671875,113610800
2026-02-06 00:00:00-05:00,677.8576866055596,688.6503070282812,677.2508650473027,686.96923828125,89127600
2026-02-09 00:00:00-05:00,685.7755337993461,692.1914496038428,684.7012866666231,690.2816162109375,73885200
2026-02-10 00:00:00-05:00,691.276360737094,692.8579216647231,688.0037135108784,688.4613037109375,65185700
2026-02-11 00:00:00-05:00,692.7087599208829,693.4547952732178,685.5368515439336,688.3021850585938,76353900
2026-02-12 00:00:00-05:00,690.5701102294341,691.6742279947084,676.7734344520502,677.668701171875,118829000
2026-02-13 00:00:00-05:00,678.0864377658819,682.6522007204912,673.9384983110481,678.1461181640625,96267500
2026-02-17 00:00:00-05:00,676.5446598627462,681.31927396984,672.2077222570326,679.2402954101562,81354700
2026-02-18 00:00:00-05:00,680.4041503420104,685.507036973797,679.2204384959671,682.662109375,73570300
2026-02-19 00:00:00-05:00,680.2251236342836,682.5527199680946,677.9471901363287,680.8616943359375,58649400
2026-02-20 00:00:00-05:00,678.7131823752115,686.4122580979458,678.126274472082,685.7855834960938,100034000
2026-02-23 00:00:00-05:00,684.1940214696967,686.3525334522094,676.7734345413753,678.7827758789062,90558100
2026-02-24 00:00:00-05:00,678.295350173768,684.7112054782021,676.4053697086953,683.7164916992188,73798700
2026-02-25 00:00:00-05:00,686.53156929616,690.0130676270821,686.4519751919497,689.4859008789062,56369500
2026-02-26 00:00:00-05:00,689.615191050754,689.6350440416309,680.7323436648176,685.6561889648438,71671000
2026-02-27 00:00:00-05:00,679.4790749097389,683.2291046432514,678.0367277603054,682.3637084960938,83308900
2026-03-02 00:00:00-05:00,675.1122534180175,684.9797970984218,674.4358553343317,682.7516479492188,87477200
2026-03-03 00:00:00-05:00,671.4915420947397,679.0016196644848,666.1200629162043,676.7337036132812,105003100
2026-03-04 00:00:00-05:00,678.026802327329,683.4579617719511,676.027417786932,681.50830078125,79182200
2026-03-05 00:00:00-05:00,678.4743840881955,681.9061587313661,672.0385544367263,677.7084350585938,106606500
2026-03-06 00:00:00-05:00,669.8501461298736,672.5358853430707,666.2194774432897,668.8256225585938,100687000
2026-03-09 00:00:00-04:00,662.8673051642795,676.3257505242918,658.888450195908,674.6845092773438,102667700
2026-03-10 00:00:00-04:00,674.1374043547928,679.7476047325034,671.1930903760745,673.6002807617188,81505300
2026-03-11 00:00:00-04:00,673.9982140650914,676.4849986405864,669.7806371390539,672.7548217773438,68441700
2026-03-12 00:00:00-04:00,667.6120785283837,668.0995392824933,662.3500644519811,662.5390625,108882200
2026-03-13 00:00:00-04:00,665.7321452917186,668.7859240392634,657.863924887251,658.7890014648438,97200200
2026-03-16 00:00:00-04:00,664.8468199428278,668.5173163233716,663.5934708305671,665.493408203125,82023100
2026-03-17 00:00:00-04:00,668.8355969918504,670.8747480492216,666.1598145596139,667.2440185546875,87128000
2026-03-18 00:00:00-04:00,664.8268919718373,666.1796881508768,657.6948111200146,657.9335327148438,82062600
2026-03-19 00:00:00-04:00,653.497076818377,659.4753162945015,651.7066041735543,656.3121337890625,111272500
2026-03-20 00:00:00-04:00,654.8230422006715,655.0025723674255,643.063298812559,646.9034423828125,163617500
2026-03-23 00:00:00-04:00,656.3790129905765,660.9173090129275,652.2596206790361,653.6959228515625,134802700
2026-03-24 00:00:00-04:00,649.6463809650626,655.3417305137531,648.2100787416998,651.5015869140625,96457500
2026-03-25 00:00:00-04:00,656.9774239230809,659.1917509309695,652.5588148295345,655.1322021484375,90653800
2026-03-26 00:00:00-04:00,650.3844333840033,653.1672421520028,643.1630473705688,643.432373046875,96494400
2026-03-27 00:00:00-04:00,640.8489947137006,641.0085567819559,631.4831091918358,632.4606323242188,103649400
2026-03-30 00:00:00-04:00,638.4651675144013,638.7245091624994,627.6630399662237,630.3460693359375,99275900
2026-03-31 00:00:00-04:00,637.2981538716512,649.865752001465,636.3405988140365,648.6688842773438,152534100
2026-04-01 00:00:00-04:00,652.219751792706,656.8278752918841,651.3220400966815,653.5562744140625,97841500
2026-04-02 00:00:00-04:00,644.7589215344626,656.5086804928782,643.4522901873171,654.144775390625,68358700
2026-04-06 00:00:00-04:00,654.1746977251443,658.0247645183308,653.8356054757206,657.23681640625,39105800
2026-04-07 00:00:00-04:00,654.9626585699763,657.9150134208243,649.386996170508,657.5260009765625,69980400
2026-04-08 00:00:00-04:00,674.6519776493207,675.3402070755335,669.734652974974,674.27294921875,93606100
2026-04-09 00:00:00-04:00,673.1059235004034,679.4096297331154,672.0386657215836,678.162841796875,57134400
2026-04-10 00:00:00-04:00,679.5692561407437,680.2774536083281,676.7066358948267,677.7140502929688,42253500
2026-04-13 00:00:00-04:00,675.669302461078,684.536473353906,674.8414790590384,684.3369750976562,54185800
2026-04-14 00:00:00-04:00,685.9229138241225,692.7952238870419,685.8929616905456,692.675537109375,63480500
2026-04-15 00:00:00-04:00,693.4734516118131,698.480571570673,692.4161778504387,698.1414184570312,58240400
2026-04-16 00:00:00-04:00,699.2585607342904,700.9741726960574,696.7350934539525,699.8569946289062,49972400
2026-04-17 00:00:00-04:00,704.3255249385737,710.5594650064761,703.9464965121796,708.3152465820312,70661900
2026-04-20 00:00:00-04:00,706.9587079747221,708.0857482546458,704.3254772575062,706.8988037109375,43546800
2026-04-21 00:00:00-04:00,708.4548936431559,709.4523240430285,700.8345107773317,702.2708129882812,58941400
2026-04-22 00:00:00-04:00,707.3278031045794,709.6218808832724,706.4001392457644,709.3825073242188,42518500
2026-04-23 00:00:00-04:00,707.6768673789517,710.5295037064266,700.4754491270062,706.6295776367188,56174000
2026-04-24 00:00:00-04:00,708.9236633096505,712.6340752101273,707.1881441382454,712.10546875,45182000
2026-04-27 00:00:00-04:00,711.3374146094498,713.7911152864904,710.4696550399041,713.332275390625,33135900
2026-04-28 00:00:00-04:00,709.9908768700561,711.0481506026886,707.4274735730012,709.8612060546875,43117400
2026-04-29 00:00:00-04:00,709.1729992133655,710.3699278433978,706.5497524472755,709.7515258789062,41859200
2026-04-30 00:00:00-04:00,712.7936806635566,717.9403946619685,708.6244289610544,716.8132934570312,67240900
2026-05-01 00:00:00-04:00,719.3966516418469,723.0073446973263,718.6186267345964,718.7982177734375,43049800
2026-05-04 00:00:00-04:00,718.2196821209096,720.2644021704073,713.152718877996,716.1649780273438,51950600
2026-05-05 00:00:00-04:00,719.9153564929043,723.1769124909786,719.6360467603954,721.9102172851562,36933200
2026-05-06 00:00:00-04:00,726.288861980811,732.7023927493656,725.9497697512824,731.9443359375,53288900
2026-05-07 00:00:00-04:00,733.161188473549,734.238430329629,727.8748196364371,729.7001342773438,51724600
2026-05-08 00:00:00-04:00,733.0415191543954,736.1834492768152,732.6824588199246,735.724609375,47227100
2026-05-11 00:00:00-04:00,734.5576163199453,738.8864300819614,734.5576163199453,737.4002685546875,44024000
2026-05-12 00:00:00-04:00,734.9964788307154,736.9414802248905,729.9494836014034,736.2831420898438,54185300
2026-05-13 00:00:00-04:00,736.5723674930287,741.9983910774667,733.5800764180441,740.4025268554688,44200200
2026-05-14 00:00:00-04:00,741.7391534739264,747.6040491923611,741.649357949993,746.2474975585938,45307600
2026-05-15 00:00:00-04:00,739.8838927249178,741.5496453663399,736.0637780312098,737.2706298828125,60410800
2026-05-18 00:00:00-04:00,737.9289136337939,739.5147938000424,731.5054597381557,736.751953125,47843900
2026-05-19 00:00:00-04:00,732.8919551385734,735.7545755811656,729.650306265128,731.8446044921875,54255900
2026-05-20 00:00:00-04:00,733.8195334397973,739.9636778498481,732.0042028263388,739.3452758789062,45768000
2026-05-21 00:00:00-04:00,736.7419902854853,742.9559620700644,735.1361419849363,740.8114624023438,43332200
2026-05-22 00:00:00-04:00,744.3224328967863,747.015507083493,742.566945697205,743.7239990234375,41762000
2026-05-26 00:00:00-04:00,748.0827892360243,750.1973368284331,746.4469887578754,748.6613159179688,41123600
2026-05-27 00:00:00-04:00,748.9505199197505,749.4492351039673,746.2973210478585,748.5316162109375,42106300
2026-05-28 00:00:00-04:00,748.3221518516883,753.2095851254732,747.3047533704411,752.6609497070312,41562600
2026-05-29 00:00:00-04:00,753.9576670103595,756.1320579864754,752.7507543048832,754.5361328125,55075700
2026-06-01 00:00:00-04:00,753.4189990020213,758.3264003155792,752.7507376917755,756.5908203125,43634900
2026-06-02 00:00:00-04:00,755.0847737682097,758.4461093852723,754.805464031348,757.6182250976562,31581900
2026-06-03 00:00:00-04:00,756.2018667594974,756.8501599793441,751.6336185743088,752.3018798828125,51402500
2026-06-04 00:00:00-04:00,750.1673635570705,756.3614281257201,749.5389775481502,755.1445922851562,49923000
2026-06-05 00:00:00-04:00,750.3768677170906,750.8855669656407,733.6400171295905,735.65478515625,93989400
2026-06-08 00:00:00-04:00,741.4498108327123,743.4247643242134,736.2931129658897,737.3204345703125,49319100
2026-06-09 00:00:00-04:00,741.7191759970133,744.9807928982774,720.7332622187009,735.1560668945312,87683500
2026-06-10 00:00:00-04:00,731.5054857614351,736.4826536495077,723.4661992814284,723.56591796875,60341300
2026-06-11 00:00:00-04:00,726.8873842592473,738.0984921563339,722.5485255148498,735.8642578125,86330500
2026-06-12 00:00:00-04:00,738.8066884479139,742.5270843334097,733.1412911200548,739.843994140625,57079500
2026-06-15 00:00:00-04:00,749.9179969688896,754.7356026867302,749.8282623277308,752.890380859375,60176400
2026-06-16 00:00:00-04:00,752.6111046530555,753.4988323298886,747.9531216783239,748.4019775390625,67093100
2026-06-17 00:00:00-04:00,749.3594421826946,750.217278570044,737.3204502885575,739.0560302734375,85945200
2026-06-18 00:00:00-04:00,747.760009765625,748.22998046875,743.8599853515625,746.739990234375,80875700
2026-06-22 00:00:00-04:00,747.7000122070312,750.1799926757812,743.1300048828125,744.3900146484375,46628100
2026-06-23 00:00:00-04:00,733.8099975585938,739.6300048828125,732.2999877929688,733.5800170898438,66846800
2026-06-24 00:00:00-04:00,735.1699829101562,739.9500122070312,730.8400268554688,733.239990234375,57439500
2026-06-25 00:00:00-04:00,738.9099731445312,739.3699951171875,729.5999755859375,734.2999877929688,53934400
2026-06-26 00:00:00-04:00,728.9500122070312,736.530029296875,716.5800170898438,728.989990234375,71034000
2026-06-29 00:00:00-04:00,736.530029296875,741.5599975585938,732.0900268554688,741.0,58035200
2026-06-30 00:00:00-04:00,741.2899780273438,748.02001953125,740.8900146484375,746.77001953125,55626000
2026-07-01 00:00:00-04:00,745.0,749.4400024414062,742.3800048828125,745.760009765625,47100900
2026-07-02 00:00:00-04:00,747.4000244140625,751.3099975585938,740.030029296875,744.780029296875,57447800
2026-07-06 00:00:00-04:00,748.739990234375,752.4099731445312,747.4099731445312,751.280029296875,50673300
2026-07-07 00:00:00-04:00,750.219970703125,750.9600219726562,745.2100219726562,747.7100219726562,43721500
2026-07-08 00:00:00-04:00,743.1599731445312,746.1500244140625,739.510009765625,745.4000244140625,43767400
2026-07-09 00:00:00-04:00,747.3499755859375,751.969970703125,745.5900268554688,751.7100219726562,41441700
2026-07-10 00:00:00-04:00,752.0499877929688,755.4199829101562,748.0999755859375,754.9500122070312,42191300
2026-07-13 00:00:00-04:00,752.469970703125,753.9099731445312,748.0,749.1699829101562,44013600
2026-07-14 00:00:00-04:00,750.9099731445312,753.3400268554688,748.6599731445312,751.8300170898438,35143100
2026-07-15 00:00:00-04:00,754.239990234375,755.5800170898438,750.2000122070312,754.8099975585938,43844800
2026-07-16 00:00:00-04:00,752.760009765625,754.5700073242188,747.8800048828125,750.719970703125,46409800
2026-07-17 00:00:00-04:00,742.0800170898438,747.2899780273438,740.7999877929688,743.2899780273438,62651000
2026-07-20 00:00:00-04:00,747.0599975585938,748.72998046875,741.510009765625,742.0900268554688,50422300
2026-07-21 00:00:00-04:00,746.2899780273438,749.0399780273438,744.1799926757812,748.280029296875,34324300
2026-07-22 00:00:00-04:00,746.6199951171875,750.02001953125,746.3699951171875,747.4099731445312,32836200
2026-07-23 00:00:00-04:00,739.3699951171875,742.5599975585938,735.2100219726562,738.1799926757812,55437300
2026-07-24 00:00:00-04:00,738.510009765625,743.719970703125,737.2899780273438,738.9299926757812,44782000
2026-07-27 00:00:00-04:00,744.9099731445312,745.530029296875,735.8699951171875,739.0900268554688,41461200
2026-07-28 00:00:00-04:00,739.1900024414062,742.7899780273438,735.97998046875,740.8599853515625,47322200
2026-07-29 00:00:00-04:00,739.969970703125,742.6799926757812,729.0999755859375,729.4600219726562,70697200
2026-07-30 00:00:00-04:00,736.0499877929688,742.4500122070312,734.5900268554688,741.6900024414062,66811300
2026-07-31 00:00:00-04:00,744.6799926757812,748.9000244140625,737.6799926757812,747.030029296875,62339900
2026-08-03 00:00:00-04:00,749.4400024414062,758.5800170898438,748.7999877929688,757.6699829101562,51941340
