Date,open,high,low,close,volume
2012-03-20 00:00:00-04:00,109.013429973785,109.44932610594493,108.6942874922826,109.31700134277344,121729700
2012-03-21 00:00:00-04:00,109.379306986845,109.48048955558158,108.9122684884461,109.13800811767578,122388400
2012-03-22 00:00:00-04:00,108.33625841122918,108.62427063867635,107.99377696546073,108.3518295288086,135216700
2012-03-23 00:00:00-04:00,108.44522171158039,108.82662493301181,107.84585852139935,108.70207977294922,120521000
2012-03-26 00:00:00-04:00,109.48047828172578,110.22773742675781,109.44156830860133,110.22773742675781,120164000
2012-03-27 00:00:00-04:00,110.32893400097394,110.39898620669325,109.81519407113615,109.88524627685547,119868500
2012-03-28 00:00:00-04:00,109.83076701035615,110.00201365647828,108.6943130749349,109.34037780761719,148562100
2012-03-29 00:00:00-04:00,108.69432506149349,109.35596098331827,108.26620839897646,109.15357208251953,164963700
2012-03-30 00:00:00-04:00,109.69064956727898,109.79184400545606,109.01345448663295,109.60502624511719,135486800
2012-04-02 00:00:00-04:00,109.47270373224237,110.69478100334267,109.25475561261509,110.40676879882812,151741100
2012-04-03 00:00:00-04:00,110.251114145683,110.43793194529079,109.30925740392588,109.955322265625,155806700
2012-04-04 00:00:00-04:00,109.14576785270607,109.23917078445609,108.4607813471253,108.86554718017578,146896000
2012-04-05 00:00:00-04:00,108.49191978362144,109.13019292373649,108.39850497785645,108.81105041503906,137439400
2012-04-09 00:00:00-04:00,107.441169553039,108.85005353697935,107.2932735543202,107.58906555175781,127555900
2012-04-10 00:00:00-04:00,107.3788354038474,107.68240685143775,105.67416039919325,105.78313446044922,235360300
2012-04-11 00:00:00-04:00,106.8651091798292,107.05970659115893,106.44478399736168,106.6393814086914,154133000
2012-04-12 00:00:00-04:00,106.74053650059399,108.11827711309486,106.66269281385516,108.03265380859375,154321500
2012-04-13 00:00:00-04:00,107.78358856087793,108.05602962047607,106.64713473292741,106.74832916259766,169246700
2012-04-16 00:00:00-04:00,107.29321384574028,107.44888938191517,106.31244727828468,106.67829132080078,147825300
2012-04-17 00:00:00-04:00,107.2931928245495,108.47634804677914,107.18421878284938,108.2583999633789,147877600
2012-04-18 00:00:00-04:00,107.77586254680661,108.25846044720812,107.71358993428925,107.89261627197266,123884200
2012-04-19 00:00:00-04:00,107.90816657030526,108.31292065762904,106.69388055376574,107.1998291015625,198666700
2012-04-20 00:00:00-04:00,107.67462176900632,108.06381652192952,107.31655737031322,107.37882995605469,143199600
2012-04-23 00:00:00-04:00,106.2813165907852,106.56932883514375,105.8142899315241,106.47591400146484,171844900
2012-04-24 00:00:00-04:00,106.56932517405335,107.15311738603661,106.48370184120449,106.88067626953125,137484200
2012-04-25 00:00:00-04:00,107.92371052188598,108.39074902082405,107.83030757301134,108.34404754638672,150252200
2012-04-26 00:00:00-04:00,108.110577807524,109.2236815929306,108.04830518732822,109.09913635253906,136291600
2012-04-27 00:00:00-04:00,109.42601788137648,109.58947305578977,108.8188749075603,109.27812194824219,130725000
2012-04-30 00:00:00-04:00,109.06016219240604,109.13800589965129,108.57756446387549,108.87334442138672,115092200
2012-05-01 00:00:00-04:00,108.81108035266229,110.26667702662594,108.68654703951198,109.5505599975586,138832200
2012-05-02 00:00:00-04:00,108.91223941999725,109.33257633182569,108.55418696043296,109.22360229492188,121081000
2012-05-03 00:00:00-04:00,109.23921191408608,109.3248352595217,108.18839290441403,108.3907699584961,143759700
2012-05-04 00:00:00-04:00,107.82253699521551,108.42967996838159,106.57710881179189,106.6393814086914,193927300
2012-05-07 00:00:00-04:00,106.25799559418216,107.07530732326565,106.21908560298169,106.71725463867188,127765900
2012-05-08 00:00:00-04:00,106.07894736113141,106.46036258993689,105.02033689408681,106.28911590576172,213377700
2012-05-09 00:00:00-04:00,105.16042343232776,106.33578727056243,104.68560537473716,105.6585922241211,220752500
2012-05-10 00:00:00-04:00,106.39026917136435,106.52260583589954,105.63524229756815,105.87654113769531,150600000
2012-05-11 00:00:00-04:00,105.21491787901265,106.53817778673503,105.1682164046774,105.55741119384766,153032400
2012-05-14 00:00:00-04:00,104.54549180866991,105.55740053377804,104.23414075968948,104.38981628417969,163910000
2012-05-15 00:00:00-04:00,104.3197620756401,104.93468454261142,103.62699590927856,103.79045104980469,207629300
2012-05-16 00:00:00-04:00,104.25747582469936,104.73229382326257,103.37011240346575,103.39346313476562,207265500
2012-05-17 00:00:00-04:00,103.41680983269568,103.5413549796239,101.805538172169,101.86003112792969,247992900
2012-05-18 00:00:00-04:00,102.25702517473775,102.43606331201133,100.84036245593006,100.9882583618164,319615900
2012-05-21 00:00:00-04:00,101.31522968122778,102.76303533383204,101.15176258034103,102.72411346435547,177861100
2012-05-22 00:00:00-04:00,102.98874529531246,103.70486243567974,102.23370629222507,102.90312194824219,197531200
2012-05-23 00:00:00-04:00,102.16368053008803,103.1055375918388,101.18291347282286,102.9576416015625,204958400
2012-05-24 00:00:00-04:00,103.23783212605446,103.40128731559786,102.29597534102311,103.15998840332031,167357600
2012-05-25 00:00:00-04:00,103.12104392855306,103.40905613768365,102.57617362075209,102.82526397705078,135465600
2012-05-29 00:00:00-04:00,103.6503535870039,104.24970497879053,102.10135413270885,104.0706787109375,152883500
2012-05-30 00:00:00-04:00,103.18331428072675,104.06289825107542,102.35044365913282,102.56060028076172,162370400
2012-05-31 00:00:00-04:00,102.52171771546391,103.09771852066929,101.45531569683628,102.33489990234375,196186000
2012-06-01 00:00:00-04:00,100.73140993802683,102.35824149604709,99.7584228515625,99.7584228515625,253240900
2012-06-04 00:00:00-04:00,99.93743581678729,100.20987691556337,98.96444886013298,99.71170806884766,202545800
2012-06-05 00:00:00-04:00,99.51710134312397,100.61462750468657,99.46261431295619,100.46674346923828,164149400
2012-06-06 00:00:00-04:00,101.16733370358905,102.77081495681254,101.136191457093,102.72411346435547,184202800
2012-06-07 00:00:00-04:00,103.89165050266264,103.9383519736406,102.57617030947006,102.78633880615234,184772700
2012-06-08 00:00:00-04:00,102.521759911579,103.62707237024252,102.19482563473723,103.60372161865234,143915400
2012-06-11 00:00:00-04:00,104.43652066414799,104.49879325113568,102.18697542232468,102.28816986083984,169756100
2012-06-12 00:00:00-04:00,102.58395511801888,103.53359133354562,102.09357777066349,103.46353912353516,181931800
2012-06-13 00:00:00-04:00,103.15997058704183,103.80603536684599,102.45163321526205,102.80191802978516,172223900
2012-06-14 00:00:00-04:00,103.01207853423264,104.30420814236507,102.73185779846034,103.89166259765625,230615500
2012-06-15 00:00:00-04:00,104.35957884824569,105.04810293875386,104.14050137324396,104.95421600341797,169444500
2012-06-18 00:00:00-04:00,104.51604278034618,105.41582425687372,104.28131354421838,105.15762329101562,131360900
2012-06-19 00:00:00-04:00,105.68971381516147,106.60514740980082,105.13418816089533,106.17481231689453,137382600
2012-06-20 00:00:00-04:00,106.18258268710251,106.48772704190736,105.05589216510856,106.00261688232422,206451800
2012-06-21 00:00:00-04:00,106.12783521234378,106.23737393411683,103.53801748134705,103.62408447265625,205272200
2012-06-22 00:00:00-04:00,104.16394870768352,104.61775535355214,103.76490544832404,104.42214965820312,130029200
2012-06-25 00:00:00-04:00,103.31889918330238,103.3580226982136,102.37999451953566,102.74773406982422,146375700
2012-06-26 00:00:00-04:00,103.04507510915091,103.57712879416471,102.44260624105151,103.26415252685547,141634000
2012-06-27 00:00:00-04:00,103.60842672986176,104.39866946740935,103.2563388542742,104.19524383544922,108088000
2012-06-28 00:00:00-04:00,103.5067149005504,104.05442045363311,102.71647210989522,103.8979263305664,169242100
2012-06-29 00:00:00-04:00,105.78354435558848,106.62074235704723,105.50970357982754,106.48773193359375,212250900
2012-07-02 00:00:00-04:00,106.78502284723153,106.91803324379582,106.03390390912492,106.8084945678711,129524500
2012-07-03 00:00:00-04:00,106.785028488378,107.59092277643019,106.67548980666666,107.51268768310547,80450000
2012-07-05 00:00:00-04:00,107.11366249428303,107.81785008520885,106.63638417133504,107.02759552001953,126177500
2012-07-06 00:00:00-04:00,105.99478521764017,106.22951437353572,105.50968705059127,106.01043701171875,151192100
2012-07-09 00:00:00-04:00,105.9243695906712,106.07303178671756,105.39231604370639,105.87742614746094,103780500
2012-07-10 00:00:00-04:00,106.41734312692815,106.58947713426193,104.59429618658542,104.95421600341797,167884800
2012-07-11 00:00:00-04:00,105.00894926495124,105.31409362134983,104.3595370318317,104.9698257446289,141733400
2012-07-12 00:00:00-04:00,104.3595663385462,105.02461861549982,103.74927745436499,104.46127319335938,143583200
2012-07-13 00:00:00-04:00,104.73510400801518,106.32342114768626,104.719452211009,106.21388244628906,129642600
2012-07-16 00:00:00-04:00,105.97132521448373,106.27646956924526,105.5488102993849,105.96349334716797,97525200
2012-07-17 00:00:00-04:00,106.38603294261249,106.91025480503058,105.27499395883947,106.69117736816406,138860300
2012-07-18 00:00:00-04:00,106.4407986075451,107.6926799353907,106.37821528609545,107.4814224243164,113349700
2012-07-19 00:00:00-04:00,107.70050440749577,108.11518757783108,107.35624836970517,107.76309967041016,129847300
2012-07-20 00:00:00-04:00,107.15280418340949,107.31711823079655,106.65988591889813,106.7772445678711,142904500
2012-07-23 00:00:00-04:00,105.21235821330369,106.70678810593637,104.71942820062517,105.69745635986328,145210900
2012-07-24 00:00:00-04:00,105.77576230790471,105.82270577548559,104.08572584203135,104.78990173339844,173301200
2012-07-25 00:00:00-04:00,105.00896781893292,105.28280863192958,104.25783668802282,104.81336212158203,129122300
2012-07-26 00:00:00-04:00,106.32341071684267,106.76939734659267,105.83048063950254,106.54248809814453,156526500
2012-07-27 00:00:00-04:00,107.1058241512211,108.81151154642473,106.5190072290823,108.50635528564453,236768900
2012-07-30 00:00:00-04:00,108.3811767490921,109.02275704244369,108.18557110837916,108.50635528564453,106782000
2012-07-31 00:00:00-04:00,108.35772528143076,108.65503779248961,107.7474365234375,107.7474365234375,120575900
2012-08-01 00:00:00-04:00,108.52204666282752,108.54551839316863,107.50489457235324,107.65355682373047,138293800
2012-08-02 00:00:00-04:00,106.83982499373222,107.63789951242175,106.0808739988769,106.91024017333984,199556600
2012-08-03 00:00:00-04:00,108.41246574739881,109.25748352727305,106.9415075447858,109.03058624267578,157825000
2012-08-06 00:00:00-04:00,109.32012939035558,109.67221731031911,109.19493886006708,109.24188232421875,86326200
2012-08-07 00:00:00-04:00,109.67998490661202,110.2589818788031,109.56262630223158,109.78953552246094,109545100
2012-08-08 00:00:00-04:00,109.42184200903763,110.04777074747895,109.39053840882032,109.92259216308594,89754700
2012-08-09 00:00:00-04:00,109.7660527726394,110.23551107169338,109.65651409470287,110.01643371582031,90291700
2012-08-10 00:00:00-04:00,109.57047057976456,110.23553465590732,109.39051670011605,110.1964111328125,99792700
2012-08-13 00:00:00-04:00,110.00862167153952,110.19639545356044,109.57045498957422,110.14163208007812,79426900
2012-08-14 00:00:00-04:00,110.54850660740497,110.61893372937486,109.82867910021211,110.15729522705078,102379400
2012-08-15 00:00:00-04:00,110.0399139779606,110.47024879569169,109.96949880928317,110.28246307373047,71085900
2012-08-16 00:00:00-04:00,110.4389852574149,111.22924001079099,110.16514441141858,111.09622955322266,112014200
2012-08-17 00:00:00-04:00,111.28398131226878,111.33875663388945,110.99448872319778,111.24485778808594,90813700
2012-08-20 00:00:00-04:00,111.08839438128467,111.27618016576552,110.78324994326915,111.2527084350586,78255700
2012-08-21 00:00:00-04:00,111.52654096680934,111.95687589576227,110.67370297777278,110.91625213623047,105581100
2012-08-22 00:00:00-04:00,110.6345981796519,111.14318025045041,110.37640911739483,110.96322631835938,133243500
2012-08-23 00:00:00-04:00,110.68933294430029,110.69715287280268,109.88343857213619,110.05557250976562,111466400
2012-08-24 00:00:00-04:00,109.78171445777608,110.97100016740073,109.71129928821962,110.72061920166016,99481200
2012-08-27 00:00:00-04:00,111.01799343682671,111.16665570959968,110.58765842059627,110.744140625,68785900
2012-08-28 00:00:00-04:00,110.46241807307763,110.97881985970412,110.29811601112836,110.63455200195312,75689600
2012-08-29 00:00:00-04:00,110.72845106860302,111.0179436137717,110.41547486142728,110.72061920166016,65421300
2012-08-30 00:00:00-04:00,110.24337646294822,110.27468006316553,109.68786291675772,109.92259216308594,96589900
2012-08-31 00:00:00-04:00,110.54845361791234,110.96314846602893,109.82080652987406,110.44674682617188,151970400
2012-09-04 00:00:00-04:00,110.35289744403282,110.68152549935225,109.64090182770335,110.34507751464844,120226200
2012-09-05 00:00:00-04:00,110.39202818600849,110.68935266558248,110.03212038962087,110.2511978149414,100660300
2012-09-06 00:00:00-04:00,110.91622970521081,112.49672678881488,110.90840977674748,112.48890686035156,158272500
2012-09-07 00:00:00-04:00,112.67672007097336,112.97404460009994,112.57501321008236,112.9271011352539,107272100
2012-09-10 00:00:00-04:00,112.81753032546764,113.01313599925788,112.24636510087056,112.28547668457031,86458500
2012-09-11 00:00:00-04:00,112.35591581459687,112.95837275833765,112.3246122177024,112.59846496582031,88760000
2012-09-12 00:00:00-04:00,112.9739990234375,113.09918950507266,112.59060765048785,112.9739990234375,87640900
2012-09-13 00:00:00-04:00,112.95840120305735,115.0474691159179,112.66108859063675,114.69538116455078,225470200
2012-09-14 00:00:00-04:00,114.9222229854981,115.88459933743403,114.82832416516815,115.20389556884766,169777000
2012-09-17 00:00:00-04:00,114.96920341824682,115.16480911020959,114.52321670993621,114.8127212524414,119427800
2012-09-18 00:00:00-04:00,114.61709658118289,114.86746561724848,114.4293108500172,114.71880340576172,98326600
2012-09-19 00:00:00-04:00,114.85184066466046,115.14916515712433,114.55452811102137,114.78142547607422,128318300
2012-09-20 00:00:00-04:00,114.25719952733844,114.85183655214917,113.9442351856116,114.78925323486328,154009800
2012-09-21 00:00:00-04:00,115.34696465366291,115.37056168141531,114.69408554654598,114.74127960205078,108737500
2012-09-24 00:00:00-04:00,114.17487664347375,114.82775546303546,114.08835024563902,114.56817626953125,95682000
2012-09-25 00:00:00-04:00,114.81205919875718,115.03230608109142,113.31751306571218,113.34898376464844,133165200
2012-09-26 00:00:00-04:00,113.3253887537617,113.3568474507016,112.44438920622815,112.71183013916016,146502200
2012-09-27 00:00:00-04:00,113.18380068481517,114.03332957844114,112.88488903634796,113.77375030517578,111830300
2012-09-28 00:00:00-04:00,113.34106163533247,113.71076417317884,112.8455123632052,113.24667358398438,150696100
2012-10-01 00:00:00-04:00,113.67937478531283,114.59969485460174,113.27820131744225,113.545654296875,135911200
2012-10-02 00:00:00-04:00,113.9939826707006,114.17489717049834,113.13659221236111,113.66361236572266,113422200
2012-10-03 00:00:00-04:00,113.97039856842407,114.39515700795808,113.37258728249144,114.12771606445312,121283100
2012-10-04 00:00:00-04:00,114.5603626650731,115.11097997207075,114.40304514915334,114.94580078125,124311600
2012-10-05 00:00:00-04:00,115.55935941787332,115.75600933370148,114.60756854413937,114.95367431640625,124842100
2012-10-08 00:00:00-04:00,114.5288669305695,114.93788993919385,114.30074640407398,114.5603256225586,78415400
2012-10-09 00:00:00-04:00,114.47381387311663,114.56820196372217,113.38830282093387,113.4276351928711,148872900
2012-10-10 00:00:00-04:00,113.4119219441885,113.52205740809677,112.55453128062894,112.70398712158203,124247500
2012-10-11 00:00:00-04:00,113.4905998854788,113.65579109797127,112.74333259647427,112.76692962646484,123601500
2012-10-12 00:00:00-04:00,112.84559199165895,113.23101814166927,112.15338045318752,112.39722442626953,124181900
2012-10-15 00:00:00-04:00,112.66459968731557,113.45119888474649,112.30277077792604,113.33321380615234,107689100
2012-10-16 00:00:00-04:00,113.86815037305499,114.56036184119223,113.7894976169393,114.48169708251953,108815500
2012-10-17 00:00:00-04:00,114.56030745312206,115.09520115252752,114.38725466824542,115.00080108642578,128834100
2012-10-18 00:00:00-04:00,114.7019729614258,115.25259034585531,114.31653479104573,114.70197296142578,148108500
2012-10-19 00:00:00-04:00,114.48955455148528,114.49741622521675,112.5230558886379,112.79049682617188,185645200
2012-10-22 00:00:00-04:00,112.60172794822539,113.01076310097505,111.91739013698755,112.8062515258789,125578600
2012-10-23 00:00:00-04:00,111.58700382738986,111.74432132444998,110.77680731510239,111.24089813232422,192056300
2012-10-24 00:00:00-04:00,111.64207366313687,111.77580615522685,110.75322429123571,110.92627716064453,120179400
2012-10-25 00:00:00-04:00,111.71284389184994,111.91735540347601,110.57227722624219,111.24874114990234,134457400
2012-10-26 00:00:00-04:00,111.14651204577106,111.57127049577487,110.43070361825612,111.18584442138672,146023500
2012-10-31 00:00:00-04:00,111.57914417243153,111.72072632158083,110.65881219273751,111.18584442138672,103438500
2012-11-01 00:00:00-04:00,111.42182760079037,112.491603527885,111.31957781539033,112.35002136230469,100995600
2012-11-02 00:00:00-04:00,113.01861561858313,113.05008632146789,111.23304331295596,111.35102844238281,137702200
2012-11-05 00:00:00-05:00,111.18583997415912,111.83084529874452,110.855457634247,111.57913970947266,98378500
2012-11-06 00:00:00-05:00,111.91744494106088,112.89283324369275,111.7994597442988,112.45233917236328,107068100
2012-11-07 00:00:00-05:00,111.42967605072151,111.44539939718804,109.38451276994336,109.90367126464844,264304500
2012-11-08 00:00:00-05:00,109.88799586601674,110.44648703668719,108.49571078066286,108.58223724365234,181517300
2012-11-09 00:00:00-05:00,108.25181951374331,109.68343636714641,108.19676378998865,108.67658996582031,201055300
2012-11-12 00:00:00-05:00,109.01483581897149,109.18788869139132,108.51928623209417,108.76313018798828,97677500
2012-11-13 00:00:00-05:00,108.1889396342985,109.53403067815182,108.04735742050414,108.38558959960938,123018300
2012-11-14 00:00:00-05:00,108.71594360746097,108.8889844892214,106.6786413789021,106.9224853515625,191505000
2012-11-15 00:00:00-05:00,106.96180116935679,107.36297461294562,106.33251914225295,106.7415542602539,178128400
2012-11-16 00:00:00-05:00,106.8988444118816,107.48093223844867,105.95492761404432,107.26854705810547,239483900
2012-11-19 00:00:00-05:00,108.47204931947644,109.45529854101831,107.30002392903309,109.4395751953125,151495800
2012-11-20 00:00:00-05:00,109.26652376166088,109.6676851282321,108.61364482994793,109.48677062988281,119807400
2012-11-21 00:00:00-05:00,109.58115312180341,109.78567663367939,109.3609062648243,109.69127655029297,81710800
2012-11-23 00:00:00-05:00,110.22619206863294,111.2251647944465,110.15538899150242,111.18584442138672,65409200
2012-11-26 00:00:00-05:00,110.6352658783123,111.19375706190876,110.27343666293547,110.94991302490234,100124400
2012-11-27 00:00:00-05:00,110.83975123673014,111.21731567965428,110.3127309511226,110.3835220336914,128646200
2012-11-28 00:00:00-05:00,109.93511049590825,111.33525624702312,109.33729936705045,111.2723388671875,177086500
2012-11-29 00:00:00-05:00,111.68923127780587,112.09825424395197,111.20153158347478,111.7914810180664,151085900
2012-11-30 00:00:00-05:00,111.80724757919228,112.0274944693931,111.42968319635591,111.81510925292969,136568300
2012-12-03 00:00:00-05:00,112.32641766806009,112.42080577284496,111.17797704876558,111.2645034790039,124656300
2012-12-04 00:00:00-05:00,111.25658771963377,111.59481959906036,110.80822043475588,111.10713195800781,127512200
2012-12-05 00:00:00-05:00,111.20157885092702,111.82299924093421,110.41497927045206,111.30384063720703,147300500
2012-12-06 00:00:00-05:00,111.20154750724497,111.72856763730849,111.0363683633352,111.6813735961914,103220600
2012-12-07 00:00:00-05:00,112.11403379685382,112.23989260647276,111.43755769834792,112.01964569091797,108726400
2012-12-10 00:00:00-05:00,111.86230671283896,112.3342591545032,111.81510066637358,112.06681823730469,98840700
2012-12-11 00:00:00-05:00,112.53093755249455,113.35686953812102,112.47588182148343,112.82984924316406,152570400
2012-12-12 00:00:00-05:00,113.27033341906723,113.70296556527634,112.72757781769184,112.88489532470703,145880100
2012-12-13 00:00:00-05:00,112.81409629810187,113.13660496642088,111.9095116945838,112.19268798828125,135715000
2012-12-14 00:00:00-05:00,111.94887075864125,112.15338235185264,111.60276498354624,111.77581787109375,137701700
2012-12-17 00:00:00-05:00,112.06681960519803,113.15233063861808,112.03534890717032,113.08940124511719,143238200
2012-12-18 00:00:00-05:00,113.27032398975204,114.45022319797863,113.10513281947594,114.34796142578125,177762800
2012-12-19 00:00:00-05:00,114.47386983964908,114.513202230816,113.45916136188198,113.49848175048828,150895400
2012-12-20 00:00:00-05:00,113.56923784264146,114.16704913220339,113.25459084611755,114.15131378173828,168487000
2012-12-21 00:00:00-05:00,112.62398091408312,114.14496171115262,112.4417833002244,113.11512756347656,245883800
2012-12-24 00:00:00-05:00,112.86957653623377,112.93295225959169,112.63985011578417,112.7666015625,53874600
2012-12-26 00:00:00-05:00,112.99634394336925,113.05180224202198,111.97443896812933,112.29130554199219,106947700
2012-12-27 00:00:00-05:00,112.32297524381703,112.55271375960932,110.84160543494735,112.14077758789062,167920600
2012-12-28 00:00:00-05:00,111.41195544198739,112.0298535479385,110.80197476745766,110.92872619628906,148806700
2012-12-31 00:00:00-05:00,110.63565698030871,112.93296989426705,110.5405873365849,112.81414794921875,243935200
2013-01-02 00:00:00-05:00,114.95299182101547,115.77685192171074,114.6519602036069,115.70555877685547,192059000
2013-01-03 00:00:00-05:00,115.65013459155936,115.95115417857325,115.13521135390911,115.44416046142578,144761800
2013-01-04 00:00:00-05:00,115.63432811193987,116.1413220065426,115.3966720796631,115.9511947631836,116817700
2013-01-07 00:00:00-05:00,115.53919693828033,115.7451589216269,115.20647145241863,115.6342544555664,110002500
2013-01-08 00:00:00-05:00,115.42832615885735,115.5867594297981,114.8500271927822,115.30157470703125,121265100
2013-01-09 00:00:00-05:00,115.55505419157195,115.9115441258356,115.37285655224075,115.59466552734375,90745600
2013-01-10 00:00:00-05:00,116.23637398517387,116.5215587926308,115.63432254173694,116.51364135742188,130735400
2013-01-11 00:00:00-05:00,116.48189979825473,116.56903990066064,116.14126890828408,116.50567626953125,113917300
2013-01-14 00:00:00-05:00,116.36302354174006,116.50562186439743,115.99861635066168,116.42639923095703,89567200
2013-01-15 00:00:00-05:00,115.88776603303693,116.61658075553129,115.81647288225457,116.50567626953125,93172600
2013-01-16 00:00:00-05:00,116.26799058428904,116.6719970896562,116.14123917911057,116.48979949951172,104849500
2013-01-17 00:00:00-05:00,117.00474518972032,117.57511459463086,116.56904465990216,117.24240112304688,133833500
2013-01-18 00:00:00-05:00,117.21867567644422,117.63061195853595,116.79089243681788,117.50386047363281,169906000
2013-01-22 00:00:00-05:00,117.50386602240467,118.13761138916016,117.2265986470468,118.13761138916016,111797300
2013-01-23 00:00:00-05:00,118.13757503437094,118.43067719012716,117.92368347027879,118.32769012451172,104596100
2013-01-24 00:00:00-05:00,118.15338565225078,118.93764650118412,118.04248117653425,118.35935974121094,146426400
2013-01-25 00:00:00-05:00,118.73170863582865,119.02481079101562,118.32768989469663,119.02481079101562,147211600
2013-01-28 00:00:00-05:00,119.0564931738423,119.08818708074347,118.4385949537914,118.8822250366211,113357700
2013-01-29 00:00:00-05:00,118.64455586228628,119.5001099380065,118.56533319154678,119.34959411621094,105694400
2013-01-30 00:00:00-05:00,119.33376046465038,119.57141641567392,118.77130845015083,118.8822250366211,137447700
2013-01-31 00:00:00-05:00,118.73956605475266,119.12773764631758,118.5098397414935,118.58905029296875,108975800
2013-02-01 00:00:00-05:00,119.34170272364543,119.95168363770449,119.1357406366777,119.80909729003906,131173000
2013-02-04 00:00:00-05:00,119.08022851470395,119.83279535992072,118.37517833805792,118.46231842041016,159073600
2013-02-05 00:00:00-05:00,119.10403918861273,119.99919265052714,119.0564983262036,119.65856170654297,113912400
2013-02-06 00:00:00-05:00,119.23868810442265,119.82489234473906,119.15154800279693,119.74568176269531,138762800
2013-02-07 00:00:00-05:00,119.78527141846588,119.89617588340113,118.71582600912727,119.58722686767578,162490000
2013-02-08 00:00:00-05:00,119.79320541618786,120.32396343518691,119.79320541618786,120.25267028808594,103133700
2013-02-11 00:00:00-05:00,120.20521662085275,120.33195604342914,119.92794920310764,120.2289810180664,73775000
2013-02-12 00:00:00-05:00,120.23681378645351,120.64874986089612,120.10214493451053,120.42694091796875,65392700
2013-02-13 00:00:00-05:00,120.67253614057549,120.89434512375591,120.18930683700033,120.52993774414062,82322600
2013-02-14 00:00:00-05:00,120.16554645309392,120.78344465362404,120.03087757222796,120.6408462524414,80834300
2013-02-15 00:00:00-05:00,120.75175895344944,120.87851041029558,120.05465011616418,120.4982681274414,215226500
2013-02-19 00:00:00-05:00,120.70420824225269,121.42509342340652,120.53785756209844,121.40132904052734,95105400
2013-02-20 00:00:00-05:00,121.31421411230006,121.35382545454502,119.82491467521842,119.88829040527344,160574800
2013-02-21 00:00:00-05:00,119.5872144117702,119.95160957816866,118.77918934415803,119.15943145751953,183257000
2013-02-22 00:00:00-05:00,119.73773547528525,120.3239517211914,119.21490702642905,120.3239517211914,106356600
2013-02-25 00:00:00-05:00,120.91015648871861,121.09235408105857,118.0345458984375,118.0345458984375,245824800
2013-02-26 00:00:00-05:00,118.60495727014444,118.98519953764684,117.82069626121722,118.84261322021484,186596200
2013-02-27 00:00:00-05:00,118.73960961833114,120.67252668111126,118.6366225671837,120.33981323242188,150781900
2013-02-28 00:00:00-05:00,120.33183812691952,121.10025178434273,119.94367862767184,120.10211181640625,126866000
2013-03-01 00:00:00-05:00,119.69024269965261,120.68046579185508,119.1515671395829,120.4982681274414,170634800
2013-03-04 00:00:00-05:00,120.22100836625307,121.13993835449219,120.03089325674497,121.13993835449219,99010200
2013-03-05 00:00:00-05:00,121.72612508074138,122.54998522530646,121.71027812959147,122.22518920898438,121431900
2013-03-06 00:00:00-05:00,122.66089352565399,122.7242692445441,122.12221804661164,122.39155578613281,94469900
2013-03-07 00:00:00-05:00,122.5500428323929,122.77185190202935,122.40745646806423,122.61341857910156,86101400
2013-03-08 00:00:00-05:00,123.15206216286998,123.30256590861396,122.51831701102589,123.13621520996094,123477800
2013-03-11 00:00:00-04:00,123.04119001047984,123.61154750061198,122.89067413748789,123.60363006591797,83746800
2013-03-12 00:00:00-04:00,123.51643634344616,123.65903471987492,122.95399653203386,123.32630920410156,105755800
2013-03-13 00:00:00-04:00,123.38966012145143,123.67484472931841,122.96980668315823,123.50056457519531,92550900
2013-03-14 00:00:00-04:00,123.82536767419725,124.213539328609,123.5085012416388,124.1580810546875,126329900
2013-03-15 00:00:00-04:00,124.010080942442,124.16125402535312,123.58039534255249,123.9941635131836,138601100
2013-03-18 00:00:00-04:00,122.80860999843273,123.84302474229847,122.69721223472077,123.30990600585938,126704300
2013-03-19 00:00:00-04:00,123.57248126647741,123.73957183079708,122.21182596407874,123.02344512939453,167567300
2013-03-20 00:00:00-04:00,123.7475294117769,124.0896753083258,123.54063920321788,123.88279724121094,113759300
2013-03-21 00:00:00-04:00,123.1427921234335,123.84301351266984,122.61763822295076,122.82451629638672,128605000
2013-03-22 00:00:00-04:00,123.21444944011135,123.81122589111328,123.11895695176642,123.81122589111328,111163600
2013-03-25 00:00:00-04:00,124.13744841472136,124.34433867819216,122.81659249496052,123.29400634765625,151322300
2013-03-26 00:00:00-04:00,123.80318341306972,124.31243184603984,123.66791562603207,124.28060913085938,86856600
2013-03-27 00:00:00-04:00,123.54060048242945,124.32039663091524,123.33372248015546,124.28060913085938,99950600
2013-03-28 00:00:00-04:00,124.20109676343371,124.80583792978757,123.93056105293145,124.66260528564453,102932800
2013-04-01 00:00:00-04:00,124.59893171214152,124.85356209511745,123.8668875732531,124.16925811767578,99194100
2013-04-02 00:00:00-04:00,124.61484919771954,125.09227509527342,124.423876410409,124.78195190429688,101504300
2013-04-03 00:00:00-04:00,124.85355455619558,124.94903487332378,123.1905409451769,123.51676940917969,154167400
2013-04-04 00:00:00-04:00,123.6759083645721,124.26473198854758,123.40537270279049,124.01806640625,131885000
2013-04-05 00:00:00-04:00,122.49829316963478,123.61228300622123,122.35507266945086,123.46109771728516,159666000
2013-04-08 00:00:00-04:00,123.54864618942507,124.30456061983527,123.13487777242592,124.2966079711914,86571200
2013-04-09 00:00:00-04:00,124.52732425671445,125.17980552160817,124.11355594584147,124.72624969482422,101922200
2013-04-10 00:00:00-04:00,125.06046782508425,126.41315864473961,125.02864509089896,126.25402069091797,135711100
2013-04-11 00:00:00-04:00,126.27784171256272,127.08150810049172,126.15052654239376,126.66773986816406,110142500
2013-04-12 00:00:00-04:00,126.26195229364929,126.54840541936102,125.65722331334476,126.3574447631836,116359900
2013-04-15 00:00:00-04:00,125.72090088239715,125.8243460152218,123.41337021645114,123.42927551269531,217259000
2013-04-16 00:00:00-04:00,124.36020209964515,125.31505376641331,124.05784373718231,125.25139617919922,147507800
2013-04-17 00:00:00-04:00,124.36022506193645,124.38410728531431,122.76086886524287,123.42130279541016,226834800
2013-04-18 00:00:00-04:00,123.62815415199906,123.65998901532171,122.1799835483336,122.64944458007812,167583200
2013-04-19 00:00:00-04:00,122.93593671135402,123.77142608816713,122.63356612091103,123.7157211303711,149687600
2013-04-22 00:00:00-04:00,123.95443201619926,124.55916104539733,123.13486008998552,124.26475524902344,106553500
2013-04-23 00:00:00-04:00,124.88540340734164,125.66518782372202,124.2647569332812,125.54583740234375,166141300
2013-04-24 00:00:00-04:00,125.58557870463864,125.95955940925188,125.35481845297058,125.6253662109375,96781200
2013-04-25 00:00:00-04:00,125.99134234098254,126.73135087182926,125.80038179736152,126.13457489013672,131060600
2013-04-26 00:00:00-04:00,125.98344495206125,126.19828779929813,125.50601910074458,125.91183471679688,95918800
2013-04-29 00:00:00-04:00,126.25396840093242,127.03375255071242,126.05504300568141,126.75526428222656,88572800
2013-04-30 00:00:00-04:00,126.73138878075054,127.08945204858516,126.20622284582399,127.0576171875,116010700
2013-05-01 00:00:00-04:00,126.7791844870561,126.84284209567986,125.80047455504145,125.94369506835938,138874200
2013-05-02 00:00:00-04:00,126.26195840187465,127.22476294198101,126.14260798598988,127.11336517333984,96407600
2013-05-03 00:00:00-04:00,128.21939675764233,128.8082205027722,127.13724174641112,128.40240478515625,144202300
2013-05-06 00:00:00-04:00,128.49784381861463,128.9115998703415,128.44213888389652,128.7285919189453,66882100
2013-05-07 00:00:00-04:00,129.00709230947143,129.42084836119776,128.64106426523784,129.38107299804688,90359200
2013-05-08 00:00:00-04:00,129.23788075122576,130.00971244377004,129.16627050547106,129.9699249267578,97419200
2013-05-09 00:00:00-04:00,129.91425086346865,130.25639684796732,129.27768692374974,129.6039276123047,106738600
2013-05-10 00:00:00-04:00,129.6914414647642,130.1370325325786,129.30949585682674,130.025634765625,103203000
2013-05-13 00:00:00-04:00,129.85850792980202,130.3438864259894,129.5561495564735,130.12904357910156,81843200
2013-05-14 00:00:00-04:00,130.23244737602948,131.5692320487121,130.23244737602948,131.47373962402344,119000900
2013-05-15 00:00:00-04:00,131.25892602077826,132.44451349644285,131.21913851711454,132.1819305419922,120718500
2013-05-16 00:00:00-04:00,131.91145108697813,132.37295961473112,131.3624148704884,131.56134033203125,109913600
2013-05-17 00:00:00-04:00,132.046693094252,132.9140050228457,131.8716377510476,132.83444213867188,129801000
2013-05-20 00:00:00-04:00,132.70715714422508,133.34372106965102,132.5718892830572,132.82650756835938,85071200
2013-05-21 00:00:00-04:00,132.94584581330705,133.51875202724028,132.4843373553361,133.0174560546875,95804200
2013-05-22 00:00:00-04:00,133.15273467459593,134.5293075136532,131.4260632466218,132.03079223632812,244031800
2013-05-23 00:00:00-04:00,130.62242987211954,132.01490822967804,130.44737447871066,131.6488800048828,211064400
2013-05-24 00:00:00-04:00,130.86904337821477,131.5931347495714,130.4791452225359,131.5374298095703,151573900
2013-05-28 00:00:00-04:00,132.91400680075077,133.50283043044595,131.9352971080667,132.3251953125,143679800
2013-05-29 00:00:00-04:00,131.62497348266848,131.92734401330043,130.76561419148638,131.46583557128906,160363400
2013-05-30 00:00:00-04:00,131.56923858160056,132.55590060133585,131.46579350865133,131.951171875,107793800
2013-05-31 00:00:00-04:00,131.58521069047038,132.33317237006253,129.80284632185587,130.05746459960938,176850100
2013-06-03 00:00:00-04:00,130.35980655948987,130.86110249879934,129.42883705894656,130.77357482910156,168390700
2013-06-04 00:00:00-04:00,130.84513380297486,131.37029961541108,129.48447913283363,130.14491271972656,157631500
2013-06-05 00:00:00-04:00,129.7709702726143,130.03355325605483,128.21140194492511,128.3227996826172,211737800
2013-06-06 00:00:00-04:00,128.26712013608775,129.49250763473344,127.5112058991401,129.4845428466797,200225500
2013-06-07 00:00:00-04:00,130.3757689279278,131.2510337851308,129.81081520308055,131.13168334960938,188337800
2013-06-10 00:00:00-04:00,131.53748697183045,131.60909723314333,130.78952519870094,131.13168334960938,105667100
2013-06-11 00:00:00-04:00,129.9380685494558,130.92473072375967,129.49247761377762,129.7789306640625,159505400
2013-06-12 00:00:00-04:00,130.6701419785636,130.80540981869916,128.58540728485278,128.7047576904297,177361500
2013-06-13 00:00:00-04:00,128.63315886274202,130.8929491128094,128.34670572249078,130.66220092773438,163587800
2013-06-14 00:00:00-04:00,130.5189262575919,131.028174771669,129.6277443933175,129.8425750732422,141197500
2013-06-17 00:00:00-04:00,130.72583703588583,131.46584598752648,129.87444246475428,130.84519958496094,136295600
2013-06-18 00:00:00-04:00,130.91681887306382,132.0785488671739,130.90886622582093,131.87962341308594,114695600
2013-06-19 00:00:00-04:00,131.768230857313,131.99897905094733,130.0017717838135,130.05746459960938,206149500
2013-06-20 00:00:00-04:00,128.79230901512986,130.07338954979585,126.50068367574042,126.83487701416016,321255900
2013-06-21 00:00:00-04:00,127.6979708459317,127.79395639488465,125.9621630034539,127.24202728271484,271956800
2013-06-24 00:00:00-04:00,125.91415989340071,126.73006140390876,124.57030128991738,125.63418579101562,222329000
2013-06-25 00:00:00-04:00,126.77003204030224,128.06589759308306,125.9221273956265,126.84203338623047,162262200
2013-06-26 00:00:00-04:00,127.88190551143735,128.38585389047194,127.38596406266451,128.09788513183594,134848000
2013-06-27 00:00:00-04:00,128.86583991589814,129.441777585241,128.7458457814661,128.84983825683594,129483700
2013-06-28 00:00:00-04:00,128.4899168854471,129.10584056945362,127.8739809957475,128.32192993164062,160402900
2013-07-01 00:00:00-04:00,128.99378017806526,129.96967360880504,128.8498019041952,129.0737762451172,131954800
2013-07-02 00:00:00-04:00,128.88184079376845,129.82574347107465,128.38589917008508,128.95384216308594,154863700
2013-07-03 00:00:00-04:00,128.36986415223907,129.4017573855116,128.16189144279608,129.00979614257812,75216400
2013-07-05 00:00:00-04:00,129.9617638944541,130.44971092899797,129.02586788505567,130.40171813964844,122416900
2013-07-08 00:00:00-04:00,131.07357969763146,131.4975320775842,130.44964931937312,131.14556884765625,108092500
2013-07-09 00:00:00-04:00,131.96946816611322,132.24944222679954,131.40153752509244,132.08946228027344,119298000
2013-07-10 00:00:00-04:00,131.96153052801571,132.58546113336436,131.68956328069817,132.13751220703125,121410100
2013-07-11 00:00:00-04:00,133.67326822839206,134.0732241488641,132.12943202841325,133.93724060058594,135592200
2013-07-12 00:00:00-04:00,133.89731582399313,134.32926308392382,133.68934302561058,133.99330139160156,104212700
2013-07-15 00:00:00-04:00,134.3611944551849,134.69715596758812,134.12921318344152,134.5051727294922,69450600
2013-07-16 00:00:00-04:00,134.59317824295937,134.67317431900415,133.64129328987667,134.00125122070312,88702100
2013-07-17 00:00:00-04:00,134.5132628418331,134.7692284452291,134.1692941865805,134.34527587890625,92873900
2013-07-18 00:00:00-04:00,134.63318222945298,135.40110309407413,134.54519142419107,135.0811309814453,103620100
2013-07-19 00:00:00-04:00,134.8011680608935,135.3690987221285,134.6331811773651,135.32110595703125,103831700
2013-07-22 00:00:00-04:00,135.51313960976668,135.77711212164022,135.1931673806658,135.5851287841797,79428600
2013-07-23 00:00:00-04:00,135.8250793237297,135.84907571068132,135.22514523855926,135.29713439941406,80829700
2013-07-24 00:00:00-04:00,135.81705746298297,135.87305716350846,134.52919861347436,134.80117797851562,112914000
2013-07-25 00:00:00-04:00,134.5611892236552,135.24911398897572,134.3372148540799,135.12911987304688,111088600
2013-07-26 00:00:00-04:00,134.5611958828293,135.31311510605207,134.00125993118095,135.2731170654297,107814600
2013-07-29 00:00:00-04:00,134.92912109305902,135.23309149307863,134.47317769871546,134.8571319580078,79695000
2013-07-30 00:00:00-04:00,135.2650948013364,135.40907307143885,134.53717210954514,134.8571319580078,85209600
2013-07-31 00:00:00-04:00,135.13713185538717,135.8650546865592,134.7771739055214,134.95315551757812,142388700
2013-08-01 00:00:00-04:00,135.97710644821933,136.63302823635124,135.90510505950368,136.51304626464844,110438400
2013-08-02 00:00:00-04:00,136.20900978360226,136.7609509978727,136.02503344740813,136.7449493408203,91116700
2013-08-05 00:00:00-04:00,136.44097215039224,136.75293728832264,136.2649905643098,136.54495239257812,54072700
2013-08-06 00:00:00-04:00,136.2810320439875,136.57700784577338,135.46513042139767,135.7690887451172,87495000
2013-08-07 00:00:00-04:00,135.3371237535521,135.52909483683467,134.82518052198296,135.32911682128906,84854700
2013-08-08 00:00:00-04:00,135.9690210075229,136.12900094598913,135.12911107346653,135.82504272460938,102181300
2013-08-09 00:00:00-04:00,135.64906985390738,136.0650274852185,134.96114508914528,135.43309020996094,91757700
2013-08-12 00:00:00-04:00,134.7531791544037,135.43309702223087,134.68918473054558,135.2731170654297,68593300
2013-08-13 00:00:00-04:00,135.51316144201394,135.90511070298146,134.71324904892825,135.6731414794922,80806000
2013-08-14 00:00:00-04:00,135.60908271312613,135.82506237442914,134.9451542770381,134.97715759277344,79829200
2013-08-15 00:00:00-04:00,133.91332522198152,133.929314680378,132.85743509452968,133.08941650390625,152931800
2013-08-16 00:00:00-04:00,132.83335985282244,133.28931546603374,132.38541116975,132.64938354492188,130868200
2013-08-19 00:00:00-04:00,132.49738724086163,132.9533428158763,131.79346096603973,131.8014678955078,96437600
2013-08-20 00:00:00-04:00,132.01745784248175,132.94535859859815,131.87347955568123,132.4494171142578,89294400
2013-08-21 00:00:00-04:00,132.08146316334611,132.80938599964531,131.33755087542966,131.63351440429688,159530500
2013-08-22 00:00:00-04:00,131.9054732491215,133.0253572819576,131.89747852381598,132.8333740234375,101471400
2013-08-23 00:00:00-04:00,133.2253388039447,133.4493131753227,132.60140845429353,133.2813262939453,90888900
2013-08-26 00:00:00-04:00,133.4173408714586,133.82530387575844,132.69742482551513,132.78541564941406,89702100
2013-08-27 00:00:00-04:00,131.47356677446004,132.78542226523834,130.5536726470677,130.649658203125,158619400
2013-08-28 00:00:00-04:00,130.59360587576657,131.57750625170755,130.42563122034295,131.11355590820312,108113000
2013-08-29 00:00:00-04:00,130.82560693949227,132.01746797959473,130.70561281892404,131.32154846191406,119200500
2013-08-30 00:00:00-04:00,131.59347266313037,131.60947431512196,130.5215938876948,130.90554809570312,134928900
2013-09-03 00:00:00-04:00,132.16952788445747,132.44950211828012,130.94566283844657,131.4976043701172,142375100
2013-09-04 00:00:00-04:00,131.52954410227244,132.80940837722392,131.28958023069805,132.58543395996094,97389400
2013-09-05 00:00:00-04:00,132.66542714920274,133.1053690412489,132.56942939698482,132.75341796875,63090500
2013-09-06 00:00:00-04:00,133.19326591820757,133.56922531786046,131.56944647106067,132.8173065185547,159756500
2013-09-09 00:00:00-04:00,133.14533102570167,134.16921726365078,133.14533102570167,134.0892333984375,87559300
2013-09-10 00:00:00-04:00,134.89715464523877,135.10512736418147,134.5931841896634,135.0811309814453,105847200
2013-09-11 00:00:00-04:00,134.89716767138046,135.50509643554688,134.66519854730186,135.50509643554688,94545900
2013-09-12 00:00:00-04:00,135.45712211422267,135.633103765708,134.96118048132269,135.14515686035156,83209000
2013-09-13 00:00:00-04:00,135.28916244754882,135.55313495414504,134.97719715897006,135.4491424560547,72727800
2013-09-16 00:00:00-04:00,136.9129777508854,136.97697219281613,136.01706776954677,136.23304748535156,106299200
2013-09-17 00:00:00-04:00,136.353056425321,136.8729945395569,136.353056425321,136.84100341796875,82523300
2013-09-18 00:00:00-04:00,136.79294685321815,138.80073378672674,136.4489905516286,138.42477416992188,203460600
2013-09-19 00:00:00-04:00,138.80072041465277,138.8647148332297,138.0567959786724,138.19277954101562,146616900
2013-09-20 00:00:00-04:00,138.52079062256598,138.52079062256598,137.11412097123537,137.22665405273438,132867100
2013-09-23 00:00:00-04:00,137.0417276682696,137.17032809346452,136.15753075341019,136.59158325195312,104616500
2013-09-24 00:00:00-04:00,136.56751730166098,137.07392228002755,136.012897879147,136.27011108398438,106333100
2013-09-25 00:00:00-04:00,136.35852757418286,136.63182043071544,135.75566919143944,135.87623596191406,117306500
2013-09-26 00:00:00-04:00,136.10132119147045,136.7845533670185,135.88428872856184,136.3987274169922,77146900
2013-09-27 00:00:00-04:00,135.71545585437428,135.95660162439393,135.41804968828728,135.771728515625,99141800
2013-09-30 00:00:00-04:00,134.62229039022063,135.47432826212312,134.35703123412523,135.04830932617188,143937000
2013-10-01 00:00:00-04:00,135.15278457455747,136.24596805367807,135.01613817281523,136.1173553466797,127160000
2013-10-02 00:00:00-04:00,135.32155630955947,136.1173211708005,134.9035712493524,135.98870849609375,113350000
2013-10-03 00:00:00-04:00,135.6752596886019,135.7958387033951,134.10783061775498,134.73480224609375,176698000
2013-10-04 00:00:00-04:00,134.8393319705919,135.89232270492207,134.66249252121887,135.75567626953125,96878000
2013-10-07 00:00:00-04:00,134.57401281564765,135.401937020887,134.4373664411614,134.58204650878906,96295000
2013-10-08 00:00:00-04:00,134.5579333021008,134.7347726728361,132.91816454140456,133.01461791992188,178015000
2013-10-09 00:00:00-04:00,133.27187425857335,133.59339377181377,132.25103079300098,133.11111450195312,168973000
2013-10-10 00:00:00-04:00,134.46955929171867,136.05306820787365,134.42133258607896,135.98072814941406,195955000
2013-10-11 00:00:00-04:00,135.77173493993493,136.9051115270269,135.65920187729213,136.85687255859375,105040000
2013-10-14 00:00:00-04:00,136.01286801205862,137.51599069372904,135.90836865466068,137.40345764160156,112106000
2013-10-15 00:00:00-04:00,137.05783862742908,137.57227728729643,136.22188040458903,136.40675354003906,155485000
2013-10-16 00:00:00-04:00,137.22663293820955,138.3841228927786,137.16232657793526,138.31178283691406,161676000
2013-10-17 00:00:00-04:00,137.74907463967065,139.3165157595174,137.72496129307436,139.2361297607422,129389000
2013-10-18 00:00:00-04:00,139.7505407220903,140.27301281561878,139.4692020470033,140.1765594482422,138316000
2013-10-21 00:00:00-04:00,140.22488540273332,140.46603125707054,139.87120645173042,140.1846923828125,104104000
2013-10-22 00:00:00-04:00,140.59458497844471,141.41446336765796,140.20874686744526,140.99649047851562,126663000
2013-10-23 00:00:00-04:00,140.51419584852863,140.57850219893226,139.83096387270683,140.3212890625,105484000
2013-10-24 00:00:00-04:00,140.60260251140622,140.96431496685648,140.2730370955862,140.7874755859375,70350000
2013-10-25 00:00:00-04:00,141.07689363353305,141.47076552118932,140.8036007801479,141.43057250976562,93625000
2013-10-28 00:00:00-04:00,141.38234679313672,141.84855874551255,141.22962070776714,141.6556396484375,84979000
2013-10-29 00:00:00-04:00,141.9772021520949,142.46752756439525,141.7762493153355,142.4112548828125,87401000
2013-10-30 00:00:00-04:00,142.5800055140093,142.68449260838202,141.19744955064704,141.70384216308594,140002000
2013-10-31 00:00:00-04:00,141.59132868037184,142.18615334479645,141.09296969394174,141.3019561767578,133795000
2013-11-01 00:00:00-04:00,141.48684605830624,141.96109170657292,140.84379466708467,141.6395721435547,142805000
2013-11-04 00:00:00-05:00,142.0253758795562,142.1941693309506,141.4546646394144,142.13790893554688,85677000
2013-11-05 00:00:00-05:00,141.58330579380265,142.07363112166163,141.125139782792,141.68780517578125,85825000
2013-11-06 00:00:00-05:00,142.29872178483475,142.6765140991574,141.9048498093188,142.4112548828125,87348000
2013-11-07 00:00:00-05:00,142.67645696014694,142.7889900130575,140.4740103358315,140.61065673828125,157000000
2013-11-08 00:00:00-05:00,140.56240848384562,142.5237090468192,140.54634109673867,142.50762939453125,136713000
2013-11-11 00:00:00-05:00,142.3710272739075,142.70059278977124,142.20223380054253,142.53179931640625,62614000
2013-11-12 00:00:00-05:00,142.2263519827922,142.5639512061692,141.7681737234472,142.242431640625,83990000
2013-11-13 00:00:00-05:00,141.54313058863377,143.42404610978258,141.54313058863377,143.3838653564453,103844000
2013-11-14 00:00:00-05:00,143.5124369364264,144.21979467137365,143.27933710023774,144.09922790527344,103435000
2013-11-15 00:00:00-05:00,144.33232442022396,144.78245669021976,144.1474512947295,144.7261962890625,102818000
2013-11-18 00:00:00-05:00,144.9672616169575,145.0878283133629,143.8981919365114,144.21971130371094,104796000
2013-11-19 00:00:00-05:00,144.1474109831876,144.58146347496017,143.65708584081025,143.90626525878906,93891000
2013-11-20 00:00:00-05:00,144.19566620569856,144.6297187833531,143.0622896624013,143.45616149902344,124909000
2013-11-21 00:00:00-05:00,143.85807829834803,144.726195786835,143.7696585838211,144.61366271972656,92841000
2013-11-22 00:00:00-05:00,144.66993241824028,145.35317682578463,144.50113893932192,145.33709716796875,81296000
2013-11-25 00:00:00-05:00,145.59431890890008,145.62646595852448,144.98341457937238,145.19241333007812,79486000
2013-11-26 00:00:00-05:00,145.2646727246855,145.66657808032815,145.01549336661557,145.23251342773438,86994000
2013-11-27 00:00:00-05:00,145.38532040360917,145.6827388727652,145.20848096741423,145.58627319335938,58800000
2013-11-29 00:00:00-05:00,145.74703256470968,146.09266544573873,145.329047364121,145.48980712890625,55870900
2013-12-02 00:00:00-05:00,145.56213171134596,145.83542450895067,144.88693341190515,145.11199951171875,99726000
2013-12-03 00:00:00-05:00,144.637757184458,144.99946969112975,144.01881926359482,144.4850311279297,116563000
2013-12-04 00:00:00-05:00,143.96255577188813,145.07180661746474,143.3596975186812,144.4689483642578,123033000
2013-12-05 00:00:00-05:00,144.21176133785423,144.4770204891262,143.69732269255897,143.83396911621094,106934000
2013-12-06 00:00:00-05:00,145.22457214985215,145.57825105031,144.80658687974872,145.4416046142578,127728000
2013-12-09 00:00:00-05:00,145.8675519421228,146.02831165469095,145.61837254786516,145.811279296875,70124000
2013-12-10 00:00:00-05:00,145.4737525426346,145.77920473399436,145.20045966888426,145.28887939453125,80976000
2013-12-11 00:00:00-05:00,145.34511251695486,145.3692258660073,143.48026508901444,143.6571044921875,130591000
2013-12-12 00:00:00-05:00,143.59278523155925,143.76962461883556,142.88542768245404,143.18284606933594,115565000
2013-12-13 00:00:00-05:00,143.48029495013844,143.60890768197348,142.89351622577067,143.16680908203125,107808000
2013-12-16 00:00:00-05:00,143.841958101266,144.5332359658699,143.80176510323,144.05899047851562,96195000
2013-12-17 00:00:00-05:00,144.1876209383789,144.21173428713644,143.27931058456923,143.600830078125,89886000
2013-12-18 00:00:00-05:00,143.81786606492324,146.07657306615513,142.53177579347852,146.05245971679688,234906000
2013-12-19 00:00:00-05:00,145.63444480683324,146.0524298856413,145.25666498898744,145.88363647460938,136531200
2013-12-20 00:00:00-05:00,146.02914571010524,147.07977569795023,145.93216865428857,146.7322540283203,197087000
2013-12-23 00:00:00-05:00,147.45153409195885,147.60508932317387,147.1444359613013,147.5161895751953,85598000
2013-12-24 00:00:00-05:00,147.52428971686447,147.90413303230497,147.51621240462458,147.8394775390625,45368800
2013-12-26 00:00:00-05:00,148.17084040756862,148.67191742461267,148.15468578220677,148.59109497070312,63365000
2013-12-27 00:00:00-05:00,148.78506688164885,148.8497100490015,148.42946780233154,148.58302307128906,61814000
2013-12-30 00:00:00-05:00,148.59911469983726,148.7203483337224,148.36474940515842,148.5587158203125,56857000
2013-12-31 00:00:00-05:00,148.76080668799915,149.26187133789062,148.64765032780508,149.26187133789062,86119900
2014-01-02 00:00:00-05:00,148.688038681449,148.76078380635218,147.47577613551184,147.8313751220703,119636900
2014-01-03 00:00:00-05:00,148.08193602772025,148.3809692324496,147.5970383146944,147.80715942382812,81390600
2014-01-06 00:00:00-05:00,148.29205652482446,148.34862237044146,147.15252665125038,147.37881469726562,108028200
2014-01-07 00:00:00-05:00,147.96871735869115,148.53443723775675,147.85557338287802,148.28390502929688,86144200
2014-01-08 00:00:00-05:00,148.2596755026973,148.56678589546073,147.80709955447946,148.31625366210938,96582300
2014-01-09 00:00:00-05:00,148.79308171591163,148.809248666849,147.73437456726515,148.41323852539062,90683400
2014-01-10 00:00:00-05:00,148.66381230633078,148.88202304375383,147.90412571304407,148.81736755371094,102026400
2014-01-13 00:00:00-05:00,148.4374937625762,148.84965855368037,146.55444462166076,146.83731079101562,149892000
2014-01-14 00:00:00-05:00,147.32222970376193,148.51833769938668,147.04745313656696,148.43751525878906,105016100
2014-01-15 00:00:00-05:00,148.78503380178216,149.4638978940308,148.46984602096867,149.23760986328125,98525800
2014-01-16 00:00:00-05:00,148.9305113710337,149.2376218653665,148.56683503035075,149.0436553955078,72290600
2014-01-17 00:00:00-05:00,148.7850044063281,149.0678582229952,148.1546289692444,148.41323852539062,107848700
2014-01-21 00:00:00-05:00,149.26992487668747,149.32650304777363,147.9364410161315,148.84967041015625,88621200
2014-01-22 00:00:00-05:00,149.1001952223176,149.16485069563993,148.6314522895588,148.94664001464844,61270900
2014-01-23 00:00:00-05:00,148.1950460812761,148.21929034477975,146.94238469434842,147.72630310058594,132496900
2014-01-24 00:00:00-05:00,146.76462313672093,146.8131116762594,144.52597435108655,144.574462890625,208677100
2014-01-27 00:00:00-05:00,144.71182173813756,145.08358768521188,143.14396017609064,143.8632354736328,180843100
2014-01-28 00:00:00-05:00,143.968300471696,144.9057864734195,143.9521335180739,144.71990966796875,110463200
2014-01-29 00:00:00-05:00,143.5157413292985,144.29967219338292,142.95002120361227,143.32986450195312,216597300
2014-01-30 00:00:00-05:00,144.52597800445116,145.31798627774174,144.06531220364081,144.8492431640625,118938100
2014-01-31 00:00:00-05:00,143.05504711571197,144.89768506225732,142.9823143279784,144.0006103515625,194677900
2014-02-03 00:00:00-05:00,143.8309094649075,144.1541745405784,140.48506537144783,140.7598419189453,254837100
2014-02-04 00:00:00-05:00,141.39018966180214,142.10946479581946,140.7113257372448,141.74578857421875,165012400
2014-02-05 00:00:00-05:00,141.2528359017314,141.88321146154988,140.3880950006564,141.56802368164062,164230500
2014-02-06 00:00:00-05:00,141.89937832660297,143.43490600585938,141.60843481211757,143.43490600585938,132877600
2014-02-07 00:00:00-05:00,144.105664440629,145.36641531149948,143.63692151883376,145.21286010742188,170787200
2014-02-10 00:00:00-05:00,145.22905145224524,145.5280846010663,144.83305357707755,145.47958374023438,92218800
2014-02-11 00:00:00-05:00,145.60081367609496,147.44345172393125,145.5038242886806,147.07168579101562,117814100
2014-02-12 00:00:00-05:00,147.28992056328536,147.75866362842999,146.85351140981922,147.1444549560547,94717700
2014-02-13 00:00:00-05:00,146.15040551919492,148.05769955377326,146.14232820634038,147.90414428710938,100542200
2014-02-14 00:00:00-05:00,147.76677515982442,148.99520512082503,147.62938683281033,148.72042846679688,96498400
2014-02-18 00:00:00-05:00,148.84969249191798,149.10023714590335,148.4213606510198,148.898193359375,80460900
2014-02-19 00:00:00-05:00,148.51022725120393,149.47195743342897,147.79095202503274,147.9121856689453,126524300
2014-02-20 00:00:00-05:00,148.11424739691446,149.12446622667395,147.5727715839761,148.7850341796875,104998100
2014-02-21 00:00:00-05:00,149.0678408118007,149.4234397002667,148.5425321195107,148.61526489257812,118116400
2014-02-24 00:00:00-05:00,148.93046684787228,150.44174993692593,148.86581137724832,149.4396209716797,114063900
2014-02-25 00:00:00-05:00,149.56090194921077,149.98923382270775,148.89011504707256,149.3831024169922,117085000
2014-02-26 00:00:00-05:00,149.6012801257392,149.99729032942503,148.97090458960082,149.3911590576172,98677200
2014-02-27 00:00:00-05:00,149.1729379401218,150.2154782289208,149.00321576987614,150.17507934570312,93880800
2014-02-28 00:00:00-05:00,150.15085931466612,151.24997803845153,149.55281758157477,150.55494689941406,150842000
2014-03-03 00:00:00-05:00,149.22954703976777,149.87608967172244,148.5021942861781,149.49624633789062,167748500
2014-03-04 00:00:00-05:00,150.95906874508907,151.92079938814277,150.92674715695443,151.5975341796875,167545900
2014-03-05 00:00:00-05:00,151.72681648626715,151.99351578207808,151.49243877247503,151.73489379882812,88376900
2014-03-06 00:00:00-05:00,152.1066388000296,152.42990390265118,151.75911709952686,152.08238220214844,82516500
2014-03-07 00:00:00-05:00,152.71276610378933,152.71276610378933,151.47624690590666,152.14703369140625,114513500
2014-03-10 00:00:00-04:00,151.9126374223818,152.12275845761235,151.19336225236648,152.06619262695312,74939200
2014-03-11 00:00:00-04:00,152.29248755677503,152.5106982433134,150.9670811494024,151.31459045410156,99009100
2014-03-12 00:00:00-04:00,150.57918508308435,151.41160441931382,150.23974070145044,151.3550262451172,104824400
2014-03-13 00:00:00-04:00,151.80764723290892,151.92888092844464,149.2376556670027,149.65789794921875,155014300
2014-03-14 00:00:00-04:00,149.39116509809833,150.1589289404109,149.05981036315336,149.23760986328125,153919600
2014-03-17 00:00:00-04:00,149.98922621071054,150.94287931982785,149.92457071756917,150.5872802734375,98359500
2014-03-18 00:00:00-04:00,150.8943608441994,151.86416838535328,150.7327159775305,151.66212463378906,101804600
2014-03-19 00:00:00-04:00,151.67828780384946,151.8884212096537,149.8922278451491,150.8539581298828,176267300
2014-03-20 00:00:00-04:00,150.52263099883749,151.84803783355625,150.25593170302656,151.73489379882812,117241000
2014-03-21 00:00:00-04:00,152.3721006873912,153.43548075642798,151.00836764703087,151.1463623046875,163128000
2014-03-24 00:00:00-04:00,151.66589112178235,151.85260072300804,149.863822667336,150.52133178710938,121411000
2014-03-25 00:00:00-04:00,151.28434401494403,151.747042874135,150.39143529719541,151.2356414794922,103852000
2014-03-26 00:00:00-04:00,151.82817191136652,152.07169691431358,150.10728335994747,150.1478729248047,119843000
2014-03-27 00:00:00-04:00,149.96933926253044,150.44826408505153,149.2793535861388,149.8313446044922,142383000
2014-03-28 00:00:00-04:00,150.2615718981304,151.3249520055691,150.1722797768691,150.57003784179688,101642000
2014-03-31 00:00:00-04:00,151.52781330013437,152.0392145065274,150.59431535106881,151.80380249023438,99745000
2014-04-01 00:00:00-04:00,152.2990081957869,152.89970164851792,151.795732191676,152.81040954589844,89193000
2014-04-02 00:00:00-04:00,153.00524425580738,153.5247586071414,152.72112961949384,153.3218231201172,78774000
2014-04-03 00:00:00-04:00,153.55726231669948,153.59785190178027,152.6481150646612,153.11892700195312,77435000
2014-04-04 00:00:00-04:00,153.95500287691146,153.98746710955277,151.0652031100005,151.3087158203125,169381000
2014-04-07 00:00:00-04:00,150.9434563121913,151.19509440689646,149.32809729668307,149.6365509033203,140803000
2014-04-08 00:00:00-04:00,149.57157579584833,150.4969611762853,149.0277101446108,150.25344848632812,112660000
2014-04-09 00:00:00-04:00,150.65933243897814,151.9175227326088,150.22098478696407,151.8688201904297,100254000
2014-04-10 00:00:00-04:00,151.86067667525003,151.9337304738207,148.49194034662077,148.67864990234375,172959000
2014-04-11 00:00:00-04:00,147.85072651008736,148.8897555541482,147.17697898545046,147.33932495117188,167251000
2014-04-14 00:00:00-04:00,148.4919204312612,148.84908880241323,147.28243308536543,148.5000457763672,132382000
2014-04-15 00:00:00-04:00,148.80853320629592,149.6283880781259,147.33926994163235,149.52285766601562,157093000
2014-04-16 00:00:00-04:00,150.55375548581534,151.09762101576325,149.8881212518451,151.08950805664062,105197000
2014-04-17 00:00:00-04:00,150.8865837296218,151.72267687020337,150.6268203841761,151.30056762695312,105255000
2014-04-21 00:00:00-04:00,151.34117878983494,151.87693147660414,151.15448160003348,151.82821655273438,68329000
2014-04-22 00:00:00-04:00,151.98240542761974,152.93214179529548,151.90123868378026,152.51815795898438,85790000
2014-04-23 00:00:00-04:00,152.4613636560861,152.54253041120086,152.03925441641638,152.1610107421875,73869000
2014-04-24 00:00:00-04:00,152.90780229488436,152.92404059937977,151.738892095159,152.46946716308594,88170000
2014-04-25 00:00:00-04:00,151.9743479357512,152.06364005690128,150.87849121129145,151.21942138671875,100380000
2014-04-28 00:00:00-04:00,151.83635892541753,152.35587336248395,150.1398209466132,151.6983642578125,135121000
2014-04-29 00:00:00-04:00,152.1853519986643,152.63992543324466,151.86066022716318,152.40452575683594,84098000
2014-04-30 00:00:00-04:00,152.15291929764524,153.0133638179596,151.94185845486646,152.859130859375,101508000
2014-05-01 00:00:00-04:00,152.78602834944317,153.2893042549621,152.3882704454776,152.8753204345703,93019000
2014-05-02 00:00:00-04:00,152.85913973119082,153.5328871026274,152.4289174460639,152.6562042236328,98122000
2014-05-05 00:00:00-04:00,151.909441995105,153.05400152391059,151.48733256301006,152.94847106933594,75883000
2014-05-06 00:00:00-04:00,152.60749848825412,152.7130289135588,151.58470801060957,151.61717224121094,85454000
2014-05-07 00:00:00-04:00,152.12855112022453,152.58312459845425,150.99210503845188,152.51007080078125,106500000
2014-05-08 00:00:00-04:00,152.37214198292577,153.45987361656694,151.86074040591677,152.3477783203125,93618000
2014-05-09 00:00:00-04:00,152.37206149455747,152.63992539356784,151.6577247340042,152.5749969482422,83679000
2014-05-12 00:00:00-04:00,153.25688448560823,154.13356728852543,152.6074884405363,154.0605010986328,86940000
2014-05-13 00:00:00-04:00,154.2634911019424,154.57195711925164,154.04432961341573,154.1985626220703,66454000
2014-05-14 00:00:00-04:00,154.06050947892402,154.13357567279115,153.24876747497834,153.4679412841797,72367000
2014-05-15 00:00:00-04:00,153.15945097199446,153.19192758325312,151.37362132490603,152.12042236328125,154956000
2014-05-16 00:00:00-04:00,152.2097693587355,152.71305792516964,151.5684984963824,152.6481170654297,97458000
2014-05-19 00:00:00-04:00,152.35584415915645,153.32993199366922,152.21784951800203,153.2081756591797,63839000
2014-05-20 00:00:00-04:00,153.13511145775323,153.15134976462866,151.85257009717193,152.24220275878906,111644000
2014-05-21 00:00:00-04:00,152.68051606735713,153.5977882882386,152.65616480363437,153.5247344970703,89093000
2014-05-22 00:00:00-04:00,153.56536087482502,154.21475701659725,153.30560984983683,153.89817810058594,61549000
2014-05-23 00:00:00-04:00,154.03615376037692,154.62060897723188,153.89815911003612,154.5150909423828,61092800
2014-05-27 00:00:00-04:00,155.09143695018824,155.51354629210567,155.00214482759418,155.46484375,72010000
2014-05-28 00:00:00-04:00,155.46483967973407,155.7083647700876,155.09143288969858,155.3511962890625,66723000
2014-05-29 00:00:00-04:00,155.70835223589646,156.17915168349413,155.31059420746433,156.15480041503906,64377000
2014-05-30 00:00:00-04:00,156.00868747681875,156.50385056216197,155.87880579202726,156.40643310546875,76316000
2014-06-02 00:00:00-04:00,156.62565733686634,156.65813396162193,155.83015343719902,156.58506774902344,64656000
2014-06-03 00:00:00-04:00,156.2034770512455,156.5849967087131,156.05736946474178,156.5038299560547,65047000
2014-06-04 00:00:00-04:00,156.23596415386217,156.90971141578277,156.0736182514448,156.82041931152344,55529000
2014-06-05 00:00:00-04:00,156.99902496158822,158.00557712576102,156.42268268516662,157.84323120117188,92103000
2014-06-06 00:00:00-04:00,158.18413299486167,158.6387064566823,158.11107919982575,158.59812927246094,78696000
2014-06-09 00:00:00-04:00,158.57380085947904,159.14201776864044,158.42768086215202,158.760498046875,65119000
2014-06-10 00:00:00-04:00,158.5657030372616,158.80922815094604,158.22477283258414,158.77676391601562,57129000
2014-06-11 00:00:00-04:00,158.20852365344007,158.38710789879352,157.86759347218373,158.22476196289062,68772000
2014-06-12 00:00:00-04:00,158.03801797726675,158.12731007351337,156.75546440672332,157.10450744628906,106350000
2014-06-13 00:00:00-04:00,157.41294859329497,157.73765270421936,156.90967270410636,157.5834197998047,82017000
2014-06-16 00:00:00-04:00,157.38865654179597,158.0461655827497,157.2019593491523,157.71334838867188,87424000
2014-06-17 00:00:00-04:00,157.49416342062435,158.26531573131825,157.32369217546974,158.15167236328125,84834000
2014-06-18 00:00:00-04:00,158.1516390049592,159.40171578969247,157.8025836284859,159.3124237060547,105267000
2014-06-19 00:00:00-04:00,159.45045351907768,159.58846054024232,158.9390645509548,159.4910430908203,85929000
2014-06-20 00:00:00-04:00,159.88828423857674,159.94538443254282,159.6191242789201,159.81488037109375,100587000
2014-06-23 00:00:00-04:00,159.85565015431217,159.90458606159245,159.47230228654837,159.76593017578125,70611000
2014-06-24 00:00:00-04:00,159.48044250455453,160.2716061360866,158.62402685288524,158.803466796875,96237000
2014-06-25 00:00:00-04:00,158.46906843218514,159.68436407591295,158.43644864209807,159.521240234375,82782000
2014-06-26 00:00:00-04:00,159.5456993369236,159.56201545383763,158.33856804185126,159.40704345703125,84312000
2014-06-27 00:00:00-04:00,159.03185519651603,159.76593114683553,158.95845133514948,159.7169952392578,71445100
2014-06-30 00:00:00-04:00,159.61909037853667,160.00243819915661,159.4804345097773,159.63540649414062,70201200
2014-07-01 00:00:00-04:00,160.02694262896756,161.1933024723106,159.96985487966472,160.70391845703125,90470000
2014-07-02 00:00:00-04:00,160.72024242647555,161.07095811296563,160.6468385542641,160.86705017089844,52475000
2014-07-03 00:00:00-04:00,161.32376068108738,161.73157646084655,161.2014209253796,161.65817260742188,52938800
2014-07-07 00:00:00-04:00,161.3482694902469,161.47876110413068,160.85888549013833,161.0954132080078,61696000
2014-07-08 00:00:00-04:00,160.80173971699162,160.85883989389154,159.66801246880118,160.0595245361328,108143000
2014-07-09 00:00:00-04:00,160.4592173741469,160.92413340692283,160.11665356104706,160.77731323242188,72992000
2014-07-10 00:00:00-04:00,159.22764017011843,160.56527581739485,159.0971360958589,160.14114379882812,99040000
2014-07-11 00:00:00-04:00,160.04326275834208,160.4755465895974,159.6843827975521,160.36135864257812,64243000
2014-07-14 00:00:00-04:00,161.17697507850266,161.38088299634674,161.03831918783487,161.1688232421875,58658000
2014-07-15 00:00:00-04:00,161.26671421774927,161.5766582722684,160.15745451508158,160.86705017089844,111307000
2014-07-16 00:00:00-04:00,161.58481843101475,161.70715822433422,161.02203049063777,161.4624786376953,79986400
2014-07-17 00:00:00-04:00,160.9649089498326,161.57663267913946,159.39888525072203,159.6272735595703,145398000
2014-07-18 00:00:00-04:00,160.1493004931283,161.42168404298195,160.0595805020205,161.25856018066406,124330000
2014-07-21 00:00:00-04:00,160.75283342746417,161.08724537948797,160.2145135698967,160.9567413330078,67592000
2014-07-22 00:00:00-04:00,161.5032006198254,161.95180046667048,161.38901269931483,161.65817260742188,67678000
2014-07-23 00:00:00-04:00,161.90288664887447,162.18836271186643,161.57663895878505,162.01707458496094,65612000
2014-07-24 00:00:00-04:00,162.1720429474456,162.35963474275164,161.86209893694323,162.0252227783203,56888000
2014-07-25 00:00:00-04:00,161.56845756008457,161.7071134359607,160.94858203636468,161.2666778564453,76837000
2014-07-28 00:00:00-04:00,161.29927695099104,161.56843683276776,160.36945756192088,161.3319091796875,69259000
2014-07-29 00:00:00-04:00,161.63371290646916,161.86208875914718,160.6141734050314,160.63864135742188,80466000
2014-07-30 00:00:00-04:00,161.20960346937582,161.42167568040014,159.9943201793463,160.6631317138672,104222000
2014-07-31 00:00:00-04:00,159.5457213481924,159.68437724721403,157.39245410384908,157.49032592773438,183479000
2014-08-01 00:00:00-04:00,157.058014882951,158.03677028877806,156.25054758478004,157.0090789794922,189261000
2014-08-04 00:00:00-04:00,157.31085930807006,158.47721894253746,156.64204788221727,158.14280700683594,91340000
2014-08-05 00:00:00-04:00,157.49845334345676,157.9062691082554,156.03846593596992,156.60940551757812,152690000
2014-08-06 00:00:00-04:00,155.8753439591924,157.32716710336967,155.8508760086596,156.65835571289062,94818000
2014-08-07 00:00:00-04:00,157.3679174871658,157.52288943773712,155.41855902347038,155.81005859375,135733000
2014-08-08 00:00:00-04:00,156.16084749838663,157.718694554249,155.74486737491634,157.6126708984375,117014000
2014-08-11 00:00:00-04:00,158.20808338711998,158.7708712568953,157.9960236234512,158.06942749023438,74544000
2014-08-12 00:00:00-04:00,157.91443415019725,158.3548697369735,157.3679624731293,157.84918212890625,73632000
2014-08-13 00:00:00-04:00,158.4690636892523,159.09710352820534,158.19991620382342,158.91766357421875,69047000
2014-08-14 00:00:00-04:00,159.17864310421922,159.6680145263672,159.0318229656907,159.6680145263672,57371000
2014-08-15 00:00:00-04:00,160.24713015101713,160.39393785480368,158.48536303228084,159.63540649414062,139951000
2014-08-18 00:00:00-04:00,160.51630127407412,161.04645683554003,160.42658130030523,160.97305297851562,75424000
2014-08-19 00:00:00-04:00,161.36457146559817,161.93551116268256,161.0383237659934,161.81317138671875,59135000
2014-08-20 00:00:00-04:00,161.59294504538133,162.44120896516833,161.56032525410575,162.24545288085938,72763000
2014-08-21 00:00:00-04:00,162.38412436789233,162.9305961544889,162.2536202991535,162.71853637695312,67791000
2014-08-22 00:00:00-04:00,162.58803803246673,162.87351413718952,162.09866642579638,162.4656982421875,76107000
2014-08-25 00:00:00-04:00,163.24052331918924,163.60755508468893,162.4330434786485,163.28945922851562,63855000
2014-08-26 00:00:00-04:00,163.39547729492188,163.79514125289558,163.35469322646736,163.39547729492188,47298000
2014-08-27 00:00:00-04:00,163.47702315705044,163.5912235200768,163.07737166865655,163.33021545410156,47874000
2014-08-28 00:00:00-04:00,162.79187872733777,163.34651458709695,162.62875492583743,163.240478515625,58330000
2014-08-29 00:00:00-04:00,163.49335688930495,163.72173274886646,162.97951742806706,163.70542907714844,65907000
2014-09-02 00:00:00-04:00,163.91749875048535,163.94196670509572,163.01214709324708,163.62387084960938,72426000
2014-09-03 00:00:00-04:00,164.2518477161366,164.2763156613609,163.30571234897428,163.53408813476562,57462000
2014-09-04 00:00:00-04:00,163.81143155792589,164.41500336337438,162.8489923377897,163.29759216308594,85236000
2014-09-05 00:00:00-04:00,163.26493596188786,164.09688347523917,162.6450605778394,164.03163146972656,102177000
2014-09-08 00:00:00-04:00,163.87676500940202,164.11330523735342,163.12638513126484,163.60760498046875,64146000
2014-09-09 00:00:00-04:00,163.46075187406367,163.57493981416485,162.23730432488603,162.57171630859375,88591000
2014-09-10 00:00:00-04:00,162.6613792933481,163.28941901465467,162.12307197777685,163.1833953857422,67251000
2014-09-11 00:00:00-04:00,162.5309482361315,163.39551593138114,162.40859600183657,163.3710479736328,66774400
2014-09-12 00:00:00-04:00,163.2079118092664,163.2242154828346,161.9518319935811,162.416748046875,117409300
2014-09-15 00:00:00-04:00,162.44119271852912,162.57169676168266,161.8050010650938,162.29437255859375,76401000
2014-09-16 00:00:00-04:00,161.99262536503647,163.8114807164625,161.90290537305296,163.51785278320312,116201000
2014-09-17 00:00:00-04:00,163.75432270485328,164.49653783402547,162.92237517664472,163.73800659179688,151266000
2014-09-18 00:00:00-04:00,164.23556756496822,164.63523150038645,164.02350784474302,164.6107635498047,94990000
2014-09-19 00:00:00-04:00,165.13436772233695,165.44574795741931,164.12644254264012,164.46241760253906,121649000
2014-09-22 00:00:00-04:00,164.17568025751956,164.20026258768138,162.84817191013886,163.1923370361328,125553000
2014-09-23 00:00:00-04:00,162.60231327102323,163.28245348535663,162.20898353993977,162.25814819335938,111393000
2014-09-24 00:00:00-04:00,162.28267048444127,163.63476047191503,161.8565686432878,163.52822875976562,107276000
2014-09-25 00:00:00-04:00,163.10220683785005,163.11040928418464,160.83235486695995,160.88970947265625,150300000
2014-09-26 00:00:00-04:00,161.1846839122393,162.56954671628225,160.95524051906705,162.1680145263672,103547000
2014-09-29 00:00:00-04:00,160.7749640313389,162.15982685476516,160.65205239175026,161.87301635742188,95112000
2014-09-30 00:00:00-04:00,161.9959408370328,162.4958023452765,161.11093951897536,161.44691467285156,131302000
2014-10-01 00:00:00-04:00,161.18465837729127,161.2420254683598,158.89841474903852,159.25897216796875,177798000
2014-10-02 00:00:00-04:00,159.1196400049911,159.8407547718948,157.6200683932079,159.28353881835938,157285000
2014-10-03 00:00:00-04:00,160.34881261685396,161.38132016676158,159.85715366788673,161.0371551513672,121569000
2014-10-06 00:00:00-04:00,161.70911274412595,161.92217623497567,160.26689547739576,160.84869384765625,104778000
2014-10-07 00:00:00-04:00,160.02104908012922,160.381606498768,158.33299616897966,158.3657684326172,147913000
2014-10-08 00:00:00-04:00,158.45594217060395,161.36497197087832,157.6283079191223,161.13552856445312,186461000
2014-10-09 00:00:00-04:00,160.88151481459948,161.10276829575267,157.80859842419522,157.93971252441406,210705000
2014-10-10 00:00:00-04:00,157.89871449477738,158.68537397249938,156.09593964596027,156.13690185546875,221909000
2014-10-13 00:00:00-04:00,156.07135949951424,156.63676553664666,153.48191263306643,153.57205200195312,230939000
2014-10-14 00:00:00-04:00,154.39970859556257,155.5469382299219,153.26887134984912,153.80970764160156,215847000
2014-10-15 00:00:00-04:00,151.72825129871546,153.8014435809489,149.0732482853589,152.76893615722656,380715000
2014-10-16 00:00:00-04:00,150.00747196497082,153.71136371207797,149.86816793403966,152.6378936767578,270391000
2014-10-17 00:00:00-04:00,154.39965334666968,155.48951548264716,153.74409557643273,154.4406280517578,214625000
2014-10-20 00:00:00-04:00,154.1620841918618,156.06318876227846,154.11291952679417,155.94027709960938,130011000
2014-10-21 00:00:00-04:00,157.07099710139232,159.13599918246356,156.9071108259438,159.02947998046875,154949000
2014-10-22 00:00:00-04:00,159.30815724730238,159.7178793661399,157.8331551187419,157.89871215820312,151822000
2014-10-23 00:00:00-04:00,159.4802119921299,160.77493521320915,159.18521160626722,159.73423767089844,154944000
2014-10-24 00:00:00-04:00,159.99645615523556,161.01257131282466,159.3736831575854,160.96339416503906,117927000
2014-10-27 00:00:00-04:00,160.38981996964324,160.9798208314797,159.81621149389306,160.7421875,82954000
2014-10-28 00:00:00-04:00,161.2829938635102,162.59409692208604,161.20923439163383,162.58590698242188,106736000
2014-10-29 00:00:00-04:00,162.70066062507817,163.16773735220514,161.26663316742224,162.34010314941406,142557000
2014-10-30 00:00:00-04:00,161.90575082804378,163.84782915252495,161.75824440263878,163.38075256347656,113330000
2014-10-31 00:00:00-04:00,165.3474595577077,165.38024432975376,164.51982536758553,165.24913024902344,146903000
2014-11-03 00:00:00-05:00,165.46220608789784,165.89651060474407,164.9623445208465,165.33929443359375,93600000
2014-11-04 00:00:00-05:00,164.89674181917516,165.19994465539864,163.93799366984507,164.76564025878906,93343000
2014-11-05 00:00:00-05:00,165.9702370613781,166.0112117756525,165.07704580734182,165.8063507080078,91709000
2014-11-06 00:00:00-05:00,165.8473044491068,166.56021687316212,165.23272132389337,166.47007751464844,107089000
2014-11-07 00:00:00-05:00,166.4864894327522,166.83885696782158,166.02760264601483,166.62579345703125,89540000
2014-11-10 00:00:00-05:00,166.65856376537008,167.19938742924273,166.45370271737593,167.1502227783203,66319000
2014-11-11 00:00:00-05:00,167.21577287508714,167.42063391458004,166.87979776942467,167.31410217285156,54499400
2014-11-12 00:00:00-05:00,166.63397340571314,167.36327820126,166.60118863752817,167.1338348388672,90120300
2014-11-13 00:00:00-05:00,167.29772907592934,167.84675518358503,166.5192595950362,167.3223114013672,85357900
2014-11-14 00:00:00-05:00,167.24860531170287,167.56818812424837,166.93721244173014,167.3633270263672,80417500
2014-11-17 00:00:00-05:00,167.0436856660943,167.64187636120127,166.8797868422515,167.46978759765625,80441000
2014-11-18 00:00:00-05:00,167.52719913961997,168.7399732347694,167.52719913961997,168.43678283691406,76068100
2014-11-19 00:00:00-05:00,168.24008303506892,168.43675414012444,167.41244891244637,168.1663360595703,82373000
2014-11-20 00:00:00-05:00,167.37961643821924,168.56782016665665,167.31405942188513,168.46128845214844,72840300
2014-11-21 00:00:00-05:00,170.14938858717338,170.3132749219968,168.78910825105976,169.3627166748047,142327300
2014-11-24 00:00:00-05:00,169.76431146935406,169.9445902553037,169.55126040583653,169.8380584716797,65880800
2014-11-25 00:00:00-05:00,170.067442893027,170.272303941975,169.46106219052567,169.715087890625,79108300
2014-11-26 00:00:00-05:00,169.86258832275414,170.24772810976395,169.64953732506373,170.14939880371094,62167800
2014-11-28 00:00:00-05:00,170.02647943528194,170.3378597248582,169.55120030477224,169.78883361816406,57890100
2014-12-01 00:00:00-05:00,169.13325413904496,169.24797581079363,168.2974301750437,168.6088104248047,103968400
2014-12-02 00:00:00-05:00,168.64981235337908,169.9035610054865,168.62523002715943,169.69869995117188,74507200
2014-12-03 00:00:00-05:00,169.8707789873394,170.56729902979092,169.7068926540406,170.354248046875,68952000
2014-12-04 00:00:00-05:00,170.06744493595394,170.66564820875078,169.3791148041144,170.16578674316406,91316600
2014-12-05 00:00:00-05:00,170.33788047260785,170.8295520478434,170.0756648018824,170.4444122314453,91025500
2014-12-08 00:00:00-05:00,170.0510714013622,170.54273044085798,168.7481455629405,169.3053741455078,108588200
2014-12-09 00:00:00-05:00,167.4698055059784,169.29717505669166,167.09286817977173,169.19064331054688,125180100
2014-12-10 00:00:00-05:00,168.73178922478323,168.78914382738364,166.28983605742877,166.4783172607422,159856400
2014-12-11 00:00:00-05:00,167.0682857026919,168.9611997837637,166.92898169063534,167.3223114013672,159012800
2014-12-12 00:00:00-05:00,166.05217618825847,167.01912686949117,164.58537653656094,164.61814880371094,202330200
2014-12-15 00:00:00-05:00,165.51130192736488,165.96199864528765,162.88908352816452,163.48727416992188,189965800
2014-12-16 00:00:00-05:00,162.72518869142178,165.85545822468336,162.13518801956837,162.17616271972656,259543800
2014-12-17 00:00:00-05:00,162.61049107357402,165.80631809881567,162.4875669549264,165.35562133789062,253910100
2014-12-18 00:00:00-05:00,167.77307138808814,174.51709612030479,167.1011208964706,169.44473266601562,257633900
2014-12-19 00:00:00-05:00,170.09146758490033,170.83304527947857,169.41582131853647,170.16563415527344,245084600
2014-12-22 00:00:00-05:00,170.35513766741678,170.94839477539062,170.11619282494144,170.94839477539062,148318900
2014-12-23 00:00:00-05:00,171.5251722233269,171.57460822112338,170.8907142485549,171.17910766601562,122167900
2014-12-24 00:00:00-05:00,171.40160941442906,171.6652723020745,171.1544168135041,171.19561767578125,42963400
2014-12-26 00:00:00-05:00,171.64049993546132,172.08544899074485,171.5910639454818,171.74761962890625,57326700
2014-12-29 00:00:00-05:00,171.5663948317118,172.18437002799178,171.5004759687134,171.97837829589844,79643900
2014-12-30 00:00:00-05:00,171.55817763276545,171.6900027998129,170.98139066438497,171.05555725097656,73540800
2014-12-31 00:00:00-05:00,171.37688329824263,171.54167416681173,169.23456428863253,169.358154296875,130333800
2015-01-02 00:00:00-05:00,170.05031104560257,170.46229453969679,168.23757361339727,169.2675323486328,121465900
2015-01-05 00:00:00-05:00,168.22930272544193,168.39409357351823,165.90572285027358,166.21058654785156,169632600
2015-01-06 00:00:00-05:00,166.51546104230036,167.03456419149842,163.8540515837314,164.6450653076172,209151400
2015-01-07 00:00:00-05:00,165.9634319564337,167.0345915730801,165.51849530756698,166.69676208496094,125346700
2015-01-08 00:00:00-05:00,168.09744281172385,169.8689787695426,168.08097253000707,169.6547393798828,147217800
2015-01-09 00:00:00-05:00,170.06678156629934,170.0832644264525,167.68551747007763,168.29525756835938,158567300
2015-01-12 00:00:00-05:00,168.42708807890264,168.5836438117954,166.37540583732635,166.97689819335938,144396100
2015-01-13 00:00:00-05:00,168.1881504357171,169.30874612804578,165.2136288785406,166.50726318359375,214553300
2015-01-14 00:00:00-05:00,164.50497821214233,165.6997402147332,163.61510506928573,165.50198364257812,192991100
2015-01-15 00:00:00-05:00,166.13647051424184,166.44956942530905,163.87056126040977,163.9859161376953,176613900
2015-01-16 00:00:00-05:00,163.77992842439312,166.29303035513692,163.59865467379922,166.136474609375,211879600
2015-01-20 00:00:00-05:00,166.77092947697275,167.03460497355746,164.9334864363293,166.49078369140625,130991100
2015-01-21 00:00:00-05:00,166.02935314471333,167.80912491052092,165.56793362900146,167.3312225341797,122942700
2015-01-22 00:00:00-05:00,168.0810698576417,169.95146630701993,166.71328131907873,169.81964111328125,174356000
2015-01-23 00:00:00-05:00,169.56410441912143,169.81954466137304,168.75662056035247,168.88845825195312,117516800
2015-01-26 00:00:00-05:00,168.67426912441425,169.37463344366853,167.96565708963297,169.28399658203125,92009700
2015-01-27 00:00:00-05:00,167.24056477719182,168.1881216948727,166.2270889979633,167.05105590820312,134044600
2015-01-28 00:00:00-05:00,168.22929169842698,168.3281636862448,164.71919783080995,164.90870666503906,168514300
2015-01-29 00:00:00-05:00,165.1065029059678,166.68851795505324,163.70574902054628,166.43309020996094,173585400
2015-01-30 00:00:00-05:00,165.26307686300927,166.5814165962513,164.07656230217393,164.34022521972656,197729700
2015-02-02 00:00:00-05:00,164.83455239726848,166.46600305719656,163.03006318621493,166.3753662109375,163107000
2015-02-03 00:00:00-05:00,167.265291155787,168.7896350451689,166.89450854215673,168.78138732910156,124212900
2015-02-04 00:00:00-05:00,168.0233627649167,169.22636021453454,167.68553325004746,168.1387176513672,134306700
2015-02-05 00:00:00-05:00,168.79783543378144,169.9843496112907,168.72368144087096,169.83602905273438,97953200
2015-02-06 00:00:00-05:00,170.19861139612718,170.7589154606612,168.84730609932362,169.3664093017578,125672000
2015-02-09 00:00:00-05:00,168.72370752551697,169.44055471328016,168.2046043494196,168.6083526611328,87219000
2015-02-10 00:00:00-05:00,169.6383340162672,170.6600450740047,168.6495635345692,170.4046173095703,96164200
2015-02-11 00:00:00-05:00,170.23983134662117,170.93196064564754,169.5971380585625,170.5034942626953,91087800
2015-02-12 00:00:00-05:00,171.29447308383575,172.20084167512883,170.53642506781642,172.14315795898438,97545900
2015-02-13 00:00:00-05:00,172.26682749049886,172.90127317826358,172.01138709895045,172.85183715820312,93670400
2015-02-17 00:00:00-05:00,172.53865049954948,173.29671105298593,172.29147050683778,173.12367248535156,76968200
2015-02-18 00:00:00-05:00,172.7529170154878,173.2143365045599,172.48924155159625,173.1401824951172,80652900
2015-02-19 00:00:00-05:00,172.54693165380414,173.37913379359748,172.40685877320954,173.01658630371094,91462500
2015-02-20 00:00:00-05:00,172.60460433909398,174.12894832436666,171.9866290865897,174.05479431152344,140896400
2015-02-23 00:00:00-05:00,173.80760046355132,174.0300750732422,173.42857011269794,174.0300750732422,74411100
2015-02-24 00:00:00-05:00,173.9558901413412,174.72218590601705,173.65926155061786,174.52442932128906,72472300
2015-02-25 00:00:00-05:00,174.4008318920485,174.87873418858408,174.0382844551776,174.37611389160156,73061700
2015-02-26 00:00:00-05:00,174.28550563543217,174.442061379114,173.56864578661225,174.17015075683594,72697900
2015-02-27 00:00:00-05:00,174.0712310836819,174.33490650889712,173.52742252146405,173.5768585205078,108076000
2015-03-02 00:00:00-05:00,173.67575445825463,174.73043115902072,173.62631845239653,174.67276000976562,87491400
2015-03-03 00:00:00-05:00,174.24424971497956,174.72215193894542,173.09893643481934,173.9558563232422,110325800
2015-03-04 00:00:00-05:00,173.36265283818838,173.43681942392635,172.25854006884833,173.2225799560547,114497200
2015-03-05 00:00:00-05:00,173.5438887354121,173.6922093018008,172.90944333224982,173.4120635986328,76873000
2015-03-06 00:00:00-05:00,172.55523658867992,172.98370312027274,170.64363892258157,170.9732208251953,188128000
2015-03-09 00:00:00-04:00,171.17089197093955,172.03604717614132,171.01433624497355,171.68174743652344,89818900
2015-03-10 00:00:00-04:00,170.3221848910408,170.40457402843026,168.85551240177332,168.89671325683594,157121300
2015-03-11 00:00:00-04:00,169.15214898215018,169.32518755252903,168.41881898909006,168.501220703125,110145700
2015-03-12 00:00:00-04:00,169.12747624118268,170.70949150665908,169.07804022862712,170.64358520507812,93993500
2015-03-13 00:00:00-04:00,170.37162249544068,171.327414449138,168.56713315220063,169.5970916748047,162410900
2015-03-16 00:00:00-04:00,170.32222285394192,171.9536739816204,169.6218458799786,171.863037109375,136099200
2015-03-17 00:00:00-04:00,171.12968301520186,171.73117531616833,170.54466099943568,171.35215759277344,94510400
2015-03-18 00:00:00-04:00,170.88247940984445,174.07947471554192,170.2480214339462,173.4120635986328,228808500
2015-03-19 00:00:00-04:00,173.00009353333743,173.4203121205103,172.23379778880226,172.62106323242188,117917300
2015-03-20 00:00:00-04:00,173.56542645661938,174.64963931072836,173.38334355895196,174.144775390625,177715100
2015-03-23 00:00:00-04:00,174.15307511417527,174.72415223637307,173.8054656982422,173.8054656982422,71784500
2015-03-24 00:00:00-04:00,173.68126953613915,174.13646408145203,172.76258328603416,172.82879638671875,77805300
2015-03-25 00:00:00-04:00,173.03573424078624,173.26747381444505,170.25484672802094,170.2962188720703,159521700
2015-03-26 00:00:00-04:00,169.63411811581813,170.80108792219932,168.93888674510126,169.89068603515625,153067200
2015-03-27 00:00:00-04:00,169.77482962832696,170.45349198825053,169.58446217799315,170.27969360351562,118939000
2015-03-30 00:00:00-04:00,171.3059734044997,172.6550389126073,171.289429595846,172.35708618164062,96180400
2015-03-31 00:00:00-04:00,171.5376700193974,172.23290130330517,170.79279469310998,170.85072326660156,126768700
2015-04-01 00:00:00-04:00,170.8176285089476,170.84245684536316,169.26165207299155,170.24655151367188,137303600
2015-04-02 00:00:00-04:00,170.18034913276153,171.30594676035847,169.99826623499885,170.85902404785156,86900900
2015-04-06 00:00:00-04:00,169.9734482092837,172.5225963037585,169.8410346083079,172.00946044921875,114368200
2015-04-07 00:00:00-04:00,172.03428058373333,172.77915599053023,171.52114475366702,171.5542449951172,81236300
2015-04-08 00:00:00-04:00,171.77766375496878,172.5721956121277,171.38866972718148,172.133544921875,89351900
2015-04-09 00:00:00-04:00,171.96804608084307,173.1267438203654,171.47973864981995,172.89500427246094,85548900
2015-04-10 00:00:00-04:00,173.14328240451758,173.87988574060594,172.94465574328012,173.8385009765625,72722900
2015-04-13 00:00:00-04:00,173.6978233352913,174.32684151356358,173.0026046813825,173.05226135253906,74436600
2015-04-14 00:00:00-04:00,172.85363907821247,173.56541418362028,172.23290541520072,173.38333129882812,75099900
2015-04-15 00:00:00-04:00,173.8468498958192,174.66621043461103,173.76408033707625,174.16134643554688,99529300
2015-04-16 00:00:00-04:00,173.8302828008532,174.61654304525962,173.63164344936558,174.11167907714844,68934900
2015-04-17 00:00:00-04:00,172.92821435164268,173.16822593659026,171.33085232469745,172.1088409423828,191113200
2015-04-20 00:00:00-04:00,173.0274735235105,174.01237316154683,172.94471659516188,173.6813201904297,92189500
2015-04-21 00:00:00-04:00,174.35995399162735,174.51720854723484,173.17642781644966,173.47438049316406,72559800
2015-04-22 00:00:00-04:00,173.81367964007876,174.5089108689643,172.8949934083068,174.3268280029297,78264600
2015-04-23 00:00:00-04:00,173.92954311314637,175.4110343214699,173.81367335066773,174.76547241210938,102585900
2015-04-24 00:00:00-04:00,175.17930503845338,175.43587291116663,174.7240978632245,175.1710205078125,61327400
2015-04-27 00:00:00-04:00,175.7338886399546,175.85803035555836,174.25239681315117,174.44276428222656,79358100
2015-04-28 00:00:00-04:00,174.41785884342903,175.046864305894,173.2508767171308,174.99720764160156,86863500
2015-04-29 00:00:00-04:00,174.1116520804401,174.87308386645512,173.47437460567704,174.27719116210938,125684900
2015-04-30 00:00:00-04:00,173.70616890949674,174.0951631420665,171.83568277955806,172.53091430664062,161304900
2015-05-01 00:00:00-04:00,173.3088393254637,174.44272144124693,173.20952597737084,174.40133666992188,103399700
2015-05-04 00:00:00-04:00,174.8234210654885,175.4772675801301,174.71583582080524,174.89791870117188,70927200
2015-05-05 00:00:00-04:00,174.6578918458168,175.01378569865037,172.75430616329453,172.89500427246094,113326200
2015-05-06 00:00:00-04:00,173.44126660647066,173.7474911842089,171.12385831549628,172.18324279785156,135060200
2015-05-07 00:00:00-04:00,172.0839485085861,173.29231577668872,171.75289555700596,172.87020874023438,88244900
2015-05-08 00:00:00-04:00,174.5337909840612,175.34487959139798,174.45102142808634,175.146240234375,155877300
2015-05-11 00:00:00-04:00,175.10483211158484,175.36967190434544,174.2358024678275,174.31028747558594,75708100
2015-05-12 00:00:00-04:00,173.4826852745384,174.32688679003272,172.66331210107083,173.78890991210938,119727600
2015-05-13 00:00:00-04:00,174.1944286578797,174.81516235263751,173.59025139772936,173.82199096679688,94667900
2015-05-14 00:00:00-04:00,174.83175052613694,175.725608724322,174.55862613539747,175.6345672607422,95934000
2015-05-15 00:00:00-04:00,175.82489013671875,175.96558825870497,175.34485456407552,175.82489013671875,76510100
2015-05-18 00:00:00-04:00,175.65937957905905,176.61943818239672,175.59316646350808,176.37115478515625,74549700
2015-05-19 00:00:00-04:00,176.48701289972237,176.76013724747122,176.0318056534743,176.31320190429688,72114600
2015-05-20 00:00:00-04:00,176.4125267125117,176.9339471037886,175.87456251401304,176.18907165527344,76857500
2015-05-21 00:00:00-04:00,176.04829946041338,176.90904434168365,175.88276042695108,176.70213317871094,64764600
2015-05-22 00:00:00-04:00,176.3214777359704,176.7353002183509,176.21389247817623,176.2801055908203,57433500
2015-05-26 00:00:00-04:00,175.79177471205736,176.21388170073925,173.97095842671845,174.38478088378906,124308600
2015-05-27 00:00:00-04:00,174.8400476071356,176.27187025974186,174.43449691481578,176.04013061523438,93214000
2015-05-28 00:00:00-04:00,175.73383279215875,175.94901590710802,175.15448392201986,175.8414306640625,74974600
2015-05-29 00:00:00-04:00,175.7752313862801,175.81660352901272,174.48410733731347,174.7489471435547,124919600
2015-06-01 00:00:00-04:00,175.41109829212778,175.7421512688393,174.31860073702902,175.10487365722656,93338800
2015-06-02 00:00:00-04:00,174.6496187981613,175.61796175173745,174.02888516416186,174.93101501464844,91531000
2015-06-03 00:00:00-04:00,175.46079016075947,176.0153109538227,174.90626936769624,175.3945770263672,87820900
2015-06-04 00:00:00-04:00,174.69101312012216,175.34484702699578,173.59851580268213,173.91302490234375,151882800
2015-06-05 00:00:00-04:00,173.76399072623207,174.28541089391845,172.9611744101154,173.61502075195312,121704700
2015-06-08 00:00:00-04:00,173.50749553760943,173.656478203108,172.4729392980871,172.54742431640625,89063300
2015-06-09 00:00:00-04:00,172.5225830078125,173.06055978923862,171.89357740785732,172.5225830078125,105034700
2015-06-10 00:00:00-04:00,173.28402474351776,174.9724275682748,173.22609616215163,174.59170532226562,134551300
2015-06-11 00:00:00-04:00,175.03031043027937,175.53517423938428,174.79857090762698,175.1544647216797,73876400
2015-06-12 00:00:00-04:00,174.33515639532266,175.03037522062644,173.54061157436013,173.81373596191406,135382400
2015-06-15 00:00:00-04:00,172.67983826874854,173.35022864367772,171.97633502434712,173.06883239746094,124384200
2015-06-16 00:00:00-04:00,172.91986216752656,174.0951291699091,172.74606379131728,174.01235961914062,85308200
2015-06-17 00:00:00-04:00,174.2937774658203,174.8979674777453,173.27577753539802,174.2937774658203,126708600
2015-06-18 00:00:00-04:00,174.8896384756267,176.56975658039715,174.32684601617157,176.1062774658203,165867900
2015-06-19 00:00:00-04:00,175.86510226832593,175.9399495901097,174.95025936778484,175.3245086669922,130478700
2015-06-22 00:00:00-04:00,176.2393695139098,176.80489958980397,176.01481483540366,176.2227325439453,70696000
2015-06-23 00:00:00-04:00,176.4305995037729,176.6801032203133,175.95655386360374,176.34742736816406,68476800
2015-06-24 00:00:00-04:00,176.08136621074453,176.45561558246334,175.04177757247513,175.0667266845703,92307300
2015-06-25 00:00:00-04:00,175.56566942710884,175.6904149414853,174.45954600192098,174.53439331054688,97107400
2015-06-26 00:00:00-04:00,174.89204853122945,175.1332401719745,173.9522691481202,174.5011749267578,104174800
2015-06-29 00:00:00-04:00,173.02904855546615,174.50942101734498,170.7669037999533,170.8417510986328,202621300
2015-06-30 00:00:00-04:00,172.3720785092808,172.42198941511714,170.7253739447675,171.19943237304688,182925100
2015-07-01 00:00:00-04:00,172.76298179166304,173.01248558425087,171.78992842183146,172.5717010498047,135979900
2015-07-02 00:00:00-04:00,173.0457283654755,173.21205996715375,171.99781516335582,172.4136505126953,104373700
2015-07-06 00:00:00-04:00,171.13290416919813,172.69643664471428,170.93329860857745,171.92298889160156,117975400
2015-07-07 00:00:00-04:00,172.12256625817042,173.12888065535947,169.75229978892563,173.00413513183594,173820200
2015-07-08 00:00:00-04:00,171.67352700035016,171.95629209583822,169.868802445793,170.10166931152344,164020100
2015-07-09 00:00:00-04:00,172.18909176169095,172.4469203319704,170.30120845774883,170.40931701660156,144113100
2015-07-10 00:00:00-04:00,172.39703422878407,172.97088911016687,170.45092760606005,172.5550537109375,129456900
2015-07-13 00:00:00-04:00,173.8108164797993,174.56762696456397,173.7692304181501,174.4595184326172,106069400
2015-07-14 00:00:00-04:00,174.4180032755056,175.5241269755584,174.35978022747096,175.21640014648438,81709600
2015-07-15 00:00:00-04:00,175.2579690339328,175.7153904725882,174.68411420091857,175.15817260742188,97914100
2015-07-16 00:00:00-04:00,176.20609564533783,176.563720703125,175.96491668705937,176.563720703125,106683300
2015-07-17 00:00:00-04:00,176.55531371441384,176.77155615254355,176.14780331692432,176.7133331298828,89030000
2015-07-20 00:00:00-04:00,176.93800204388393,177.29561447606366,176.48890529575021,176.804931640625,70446800
2015-07-21 00:00:00-04:00,176.67177685654977,176.92960539858112,175.80684502905405,176.1062469482422,77965000
2015-07-22 00:00:00-04:00,175.42431550362008,176.12292861924817,175.3910542553946,175.79025268554688,88667900
2015-07-23 00:00:00-04:00,175.92329760142377,176.0230940219481,174.44292480897113,174.800537109375,90509100
2015-07-24 00:00:00-04:00,174.90034817163766,174.95855852083054,172.65483985277334,172.9875030517578,117755000
2015-07-27 00:00:00-04:00,172.10598994723267,172.61330973883602,171.54044709727387,171.98123168945312,132361100
2015-07-28 00:00:00-04:00,172.8128631006647,174.23502569603966,171.98951716307448,174.09364318847656,123544800
2015-07-29 00:00:00-04:00,174.2184124820789,175.51581702512468,174.07702995523832,175.29127502441406,105791300
2015-07-30 00:00:00-04:00,174.7839494162609,175.49918685706012,174.1685084168741,175.33285522460938,91304400
2015-07-31 00:00:00-04:00,175.8318623995017,175.85681151159687,174.78396162063086,175.0667266845703,103266900
2015-08-03 00:00:00-04:00,175.03342684378325,175.09163719574187,173.52809216759266,174.4761962890625,113965700
2015-08-04 00:00:00-04:00,174.4013208619781,174.85874222631105,173.65282240418682,174.13519287109375,81820800
2015-08-05 00:00:00-04:00,175.02514803415897,175.74038555527554,174.42634393786176,174.70912170410156,85786800
2015-08-06 00:00:00-04:00,174.8920254646675,175.00014671627855,172.6964153299862,173.27859497070312,116030800
2015-08-07 00:00:00-04:00,173.12065565664045,173.27035036021678,172.04779285316908,172.9459991455078,117858000
2015-08-10 00:00:00-04:00,174.0520612842865,175.20808317057939,174.0520612842865,175.1249237060547,80270700
2015-08-11 00:00:00-04:00,173.7942578203456,174.21009324362433,172.7879305122834,173.5447540283203,126081400
2015-08-12 00:00:00-04:00,172.24730271906228,173.93559306345136,170.79187913318984,173.75262451171875,172123700
2015-08-13 00:00:00-04:00,173.59466361118865,174.2766398413433,172.99585954724972,173.5364532470703,89383300
2015-08-14 00:00:00-04:00,173.34515930826663,174.24336540161238,173.20377677833594,174.16851806640625,72786500
2015-08-17 00:00:00-04:00,173.5780232663594,175.1415557861328,173.12060177508673,175.1415557861328,79072600
2015-08-18 00:00:00-04:00,174.86711365601124,175.2164139007703,174.4013799963325,174.63424682617188,71692700
2015-08-19 00:00:00-04:00,173.89400883936875,174.65914429551103,172.44691006613112,173.25363159179688,172946000
2015-08-20 00:00:00-04:00,171.74828668577297,173.22865930104066,169.57762596716128,169.63584899902344,194327900
2015-08-21 00:00:00-04:00,167.7729296552139,169.61092751768334,164.27160305430596,164.5294189453125,346588500
2015-08-24 00:00:00-04:00,155.92992443127537,164.23830555387377,151.69671145793896,157.60157775878906,507244300
2015-08-25 00:00:00-04:00,162.53340216734364,162.5500391349679,155.45588893263704,155.74697875976562,369833100
2015-08-26 00:00:00-04:00,159.74730430872077,162.00112472480538,156.6618005297859,161.7266845703125,339257000
2015-08-27 00:00:00-04:00,163.85576123020783,165.8517657897878,162.3504393270672,165.72702026367188,274143900
2015-08-28 00:00:00-04:00,165.08666457019112,166.20110046922707,164.60429395188672,165.73536682128906,160414400
2015-08-31 00:00:00-04:00,164.7622841872376,165.610591861225,163.84744133388966,164.39634704589844,163298800
2015-09-01 00:00:00-04:00,160.61224984210565,161.9845141823555,158.62455727376357,159.489501953125,256000400
2015-09-02 00:00:00-04:00,161.85977286453277,162.5583860063134,160.03009957669445,162.5167999267578,160269300
2015-09-03 00:00:00-04:00,163.2236423811249,164.71233963361215,162.14248091899123,162.63316345214844,152087800
2015-09-04 00:00:00-04:00,160.38772080389563,161.22770375359238,159.35644443086744,160.17147827148438,207081000
2015-09-08 00:00:00-04:00,162.9575352677576,164.34642361175145,162.3171453686945,164.19671630859375,116025700
2015-09-09 00:00:00-04:00,165.76860907508595,165.89335460326328,161.6352047043079,162.00112915039062,149347700
2015-09-10 00:00:00-04:00,161.8098737348888,164.02212117578753,161.55205780950018,162.8827362060547,158611100
2015-09-11 00:00:00-04:00,162.49180650045193,163.6894141994051,161.78488141167682,163.6228790283203,119691200
2015-09-14 00:00:00-04:00,163.79758077982905,163.84747900324936,162.53343746192112,163.01580810546875,79452000
2015-09-15 00:00:00-04:00,163.51476423281335,165.49414440715805,162.97418339559007,165.05335998535156,113806200
2015-09-16 00:00:00-04:00,165.3527809302056,166.6751343476377,165.01179288461722,166.4838409423828,99581600
2015-09-17 00:00:00-04:00,166.35081079923904,168.73770213278615,165.73536978756877,166.109619140625,276046600
2015-09-18 00:00:00-04:00,163.61246252375318,166.095354048049,162.98546675101164,163.3950958251953,223657500
2015-09-21 00:00:00-04:00,164.22271746071192,165.25934219794968,163.19444807397244,164.23944091796875,105726200
2015-09-22 00:00:00-04:00,162.08261771870784,162.56749605938978,160.97909885585986,162.10769653320312,153890900
2015-09-23 00:00:00-04:00,162.27487856604756,162.7430334036775,161.2716878059459,161.84852600097656,92790600
2015-09-24 00:00:00-04:00,160.6363554974167,161.7231510165589,159.30712715973286,161.2633514404297,159378800
2015-09-25 00:00:00-04:00,162.7179822818553,163.01894083672755,160.35211612255,161.2215576171875,155054800
2015-09-28 00:00:00-04:00,160.3270263658649,160.4357097343446,156.86600959913372,157.17532348632812,178515900
2015-09-29 00:00:00-04:00,157.39269504230808,158.62160803211773,156.2724526680415,157.2672882080078,159045600
2015-09-30 00:00:00-04:00,159.14826840780825,160.36882598691992,158.3707996481362,160.20162963867188,163452000
2015-10-01 00:00:00-04:00,160.57782662959664,160.9205874393847,158.6884836337457,160.61962890625,131079000
2015-10-02 00:00:00-04:00,158.64667341224848,163.0439997119208,158.10326935549577,163.0189208984375,211003300
2015-10-05 00:00:00-04:00,164.23950106479637,166.1455676897734,164.13081768721608,165.9198455810547,126320800
2015-10-06 00:00:00-04:00,165.7860695948451,166.3461843870021,164.6909188253841,165.35134887695312,110274500
2015-10-07 00:00:00-04:00,166.27927740156187,167.05675880972396,165.09216691041397,166.7056427001953,124307300
2015-10-08 00:00:00-04:00,166.32113885633336,168.49473012450835,166.02018026160553,168.2104949951172,153055200
2015-10-09 00:00:00-04:00,168.35262382120783,168.787331898908,167.6838254819349,168.31082153320312,107069200
2015-10-12 00:00:00-04:00,168.38598469378493,168.67021971845202,167.95963215678432,168.46958923339844,56395600
2015-10-13 00:00:00-04:00,167.74230593463147,169.00466590360523,167.24071684469598,167.4079132080078,88038700
2015-10-14 00:00:00-04:00,167.3494119657591,167.9262503464623,166.3127867076993,166.60537719726562,99106200
2015-10-15 00:00:00-04:00,167.26580186118926,169.17186853737633,166.89796219451011,169.16351318359375,134142200
2015-10-16 00:00:00-04:00,169.56474708986744,169.94929737355176,168.80398911805145,169.93258666992188,114580100
2015-10-19 00:00:00-04:00,169.28886328208705,170.01617431640625,168.97954944105695,170.01617431640625,76523900
2015-10-20 00:00:00-04:00,169.5814741668147,170.40910048332756,169.3306732881316,169.798828125,78448500
2015-10-21 00:00:00-04:00,170.21684441749224,170.3673173078115,168.5782895485198,168.74549865722656,102038000
2015-10-22 00:00:00-04:00,169.69017062421008,171.80523582065535,168.74550545453735,171.5962371826172,174911700
2015-10-23 00:00:00-04:00,173.2598951238568,173.84508884081438,172.46570273968103,173.4772491455078,144442300
2015-10-26 00:00:00-04:00,173.30161259675415,173.3601255616812,172.68297225228795,173.05081176757812,69033000
2015-10-27 00:00:00-04:00,172.38208620112897,173.05088444104308,172.0393253491865,172.71649169921875,77905800
2015-10-28 00:00:00-04:00,173.05084371720903,174.7061090853593,172.39041374283119,174.6810302734375,135906700
2015-10-29 00:00:00-04:00,174.1794452380082,174.9485585857048,174.0624065276253,174.58071899414062,90525500
2015-10-30 00:00:00-04:00,174.7729858520625,175.0906678035745,173.66947988597488,173.82830810546875,131076900
2015-11-02 00:00:00-05:00,174.15438566092635,176.07716286440782,174.02897882835313,175.8848876953125,86270800
2015-11-03 00:00:00-05:00,175.5337934948954,176.94662646070492,175.30807137302392,176.39486694335938,95246100
2015-11-04 00:00:00-05:00,176.68738006490256,176.81277409296123,175.32470543078836,175.8597412109375,96224500
2015-11-05 00:00:00-05:00,175.9183273318255,176.37812688635816,174.79809769442923,175.6842498779297,78408700
2015-11-06 00:00:00-05:00,175.34148176571142,175.82636008086558,174.27140988270324,175.59226989746094,110471500
2015-11-09 00:00:00-05:00,174.98197430655537,175.1324599219075,173.00902714215445,173.95370483398438,131008700
2015-11-10 00:00:00-05:00,173.4771990275669,174.38844264814023,173.20968744407082,174.35499572753906,75874600
2015-11-11 00:00:00-05:00,174.62252780808376,174.6726854349463,173.6026135410018,173.66949462890625,67846000
2015-11-12 00:00:00-05:00,172.6328557922242,173.10101064828578,171.22839122403954,171.24510192871094,121315200
2015-11-13 00:00:00-05:00,170.8354720810577,171.10298367355642,169.23871960957644,169.3223114013672,153577100
2015-11-16 00:00:00-05:00,169.13838458610218,171.9556814897679,169.0213331300039,171.89715576171875,117645200
2015-11-17 00:00:00-05:00,172.2065255564367,173.08430964732463,171.27857107623493,171.7718048095703,121123700
2015-11-18 00:00:00-05:00,172.24831912597872,174.63926415551094,172.2065296016327,174.4971466064453,121342500
2015-11-19 00:00:00-05:00,174.3801138593773,174.76467699542673,174.05407646944508,174.3466796875,88220500
2015-11-20 00:00:00-05:00,175.09904860954077,175.65916340382003,174.60581490721088,174.9820098876953,94011500
2015-11-23 00:00:00-05:00,175.0405130367167,175.5421020272082,174.32155733637617,174.78135681152344,64931200
2015-11-24 00:00:00-05:00,173.7782215369867,175.4167768308586,173.3936711022757,175.0155029296875,98874400
2015-11-25 00:00:00-05:00,175.14084458837866,175.3414878570116,174.7312026985185,174.99037170410156,51980100
2015-11-27 00:00:00-05:00,175.08231090258715,175.39163752221893,174.60580070108003,175.1909942626953,37317800
2015-11-30 00:00:00-05:00,175.34982082311038,175.466859525805,174.35498547207507,174.4636688232422,112822700
2015-12-01 00:00:00-05:00,175.09069429523274,176.24437081474125,174.81481457290403,176.1273193359375,97858400
2015-12-02 00:00:00-05:00,176.0771509151852,176.3948328952947,174.0791246452473,174.32992553710938,108441300
2015-12-03 00:00:00-05:00,174.58074318982835,174.84825481223766,171.1698838993245,171.8888397216797,166224200
2015-12-04 00:00:00-05:00,171.88880183341652,175.53373777369958,171.88880183341652,175.2411346435547,192913900
2015-12-07 00:00:00-05:00,174.9151251015423,175.33312235019997,173.21805729249317,174.17945861816406,102027100
2015-12-08 00:00:00-05:00,172.62451338421533,174.1292933183175,172.03095166103108,173.00906372070312,103372400
2015-12-09 00:00:00-05:00,172.37367095351095,174.45528864716988,170.69331420560488,171.66307067871094,162401500
2015-12-10 00:00:00-05:00,171.73002138522665,173.410366058189,171.49594390112046,172.10621643066406,116128900
2015-12-11 00:00:00-05:00,169.99951248731253,170.65994262982485,168.46127267901218,168.77059936523438,211173300
2015-12-14 00:00:00-05:00,168.9293963640286,169.74866731316496,167.1570795425392,169.62326049804688,182385200
2015-12-15 00:00:00-05:00,171.1281423869259,172.30689818102857,169.5982702883335,171.40402221679688,154069600
2015-12-16 00:00:00-05:00,172.5241572691842,174.2128694997998,171.21165271708713,173.9119110107422,197017000
2015-12-17 00:00:00-05:00,174.22125585920915,174.2881369527101,171.2451173578712,171.2618408203125,173092500
2015-12-18 00:00:00-05:00,170.5234364199729,170.6579818248488,168.0509833508392,168.2107696533203,251393500
2015-12-21 00:00:00-05:00,169.37975636885284,169.775013261799,168.26966990385102,169.59840393066406,99094300
2015-12-22 00:00:00-05:00,170.48140418132726,171.43170419116151,169.49747102460722,171.13735961914062,111026200
2015-12-23 00:00:00-05:00,172.1381459683685,173.29868863836353,172.04563875797493,173.2566375732422,110987200
2015-12-24 00:00:00-05:00,173.0043948962331,173.517387244347,172.7521012634876,172.9707489013672,48539600
2015-12-28 00:00:00-05:00,172.28107962141735,172.61746242002613,171.50738891887218,172.57542419433594,65899900
2015-12-29 00:00:00-05:00,173.66866691591562,174.74510722179696,173.63503377043588,174.41712951660156,92640700
2015-12-30 00:00:00-05:00,174.1732746058439,174.25737672780107,173.03796012033254,173.18092346191406,63317700
2015-12-31 00:00:00-05:00,172.50813170157173,173.14726410227843,171.44850158691406,171.44850158691406,114877900
2016-01-04 00:00:00-05:00,168.6060904875054,169.06020866980782,167.00823968804477,169.0518035888672,222353500
2016-01-05 00:00:00-05:00,169.37134067094848,169.79182564067,168.23603895201018,169.33770751953125,110845800
2016-01-06 00:00:00-05:00,166.79795487656583,168.2444240269924,166.17564540796974,167.20162963867188,152112600
2016-01-07 00:00:00-05:00,164.26665653892186,166.0411035890853,162.8033642538553,163.19021606445312,213436100
2016-01-08 00:00:00-05:00,164.1489317141223,164.70397497816032,161.11302958663285,161.39895629882812,209817200
2016-01-11 00:00:00-05:00,162.31562953118924,162.65202526044848,159.6329457713874,161.5587615966797,187941300
2016-01-12 00:00:00-05:00,162.99677138132162,163.6106757369849,160.74296566414114,162.86221313476562,172330500
2016-01-13 00:00:00-05:00,163.52652235691315,163.87132294354515,158.42184398832475,158.80027770996094,221168900
2016-01-14 00:00:00-05:00,159.40584897331868,162.5258401527385,157.8164163570412,161.4073486328125,240795600
2016-01-15 00:00:00-05:00,157.06796280692814,158.74148481243708,156.01675035836897,157.94256591796875,324846400
2016-01-19 00:00:00-05:00,159.75059041333304,159.87673072010756,156.5885365136232,158.15274047851562,195244400
2016-01-20 00:00:00-05:00,155.6046860535825,157.68188308668587,152.23240080022165,156.12608337402344,286547800
2016-01-21 00:00:00-05:00,156.59697899195075,158.83394872018695,155.27665035705797,157.00064086914062,195772900
2016-01-22 00:00:00-05:00,159.59926579231154,160.42341269715334,158.8423980189931,160.22158813476562,168319600
2016-01-25 00:00:00-05:00,159.71703229270506,159.91045181353857,157.60620206119773,157.79962158203125,130371700
2016-01-26 00:00:00-05:00,158.45560397374305,160.23005161384143,158.1192210257058,159.95252990722656,141036800
2016-01-27 00:00:00-05:00,159.43104294630774,161.0961594186248,157.31179563378987,158.21163940429688,185681700
2016-01-28 00:00:00-05:00,159.75068788129545,159.952512495273,157.39596900480163,159.03585815429688,143798800
2016-01-29 00:00:00-05:00,159.80108819422082,163.0472322006176,159.68335293314658,162.9126739501953,210529300
2016-02-01 00:00:00-05:00,161.91192342078782,163.63591417149198,161.3316521739096,162.8538055419922,136061600
2016-02-02 00:00:00-05:00,161.43258688019307,161.44099195956736,159.3974284395795,159.91883850097656,182564900
2016-02-03 00:00:00-05:00,160.97007068979818,161.28122548332553,157.34549204497247,160.8775634765625,205054900
2016-02-04 00:00:00-05:00,160.38134396695014,162.0969165818912,159.75061666507509,161.1298065185547,139531800
2016-02-05 00:00:00-05:00,160.61684311453553,161.18869647745353,157.42956006121233,158.06028747558594,180788300
2016-02-08 00:00:00-05:00,156.2269464597814,156.52127815867243,153.7292653970639,155.93260192871094,191526700
2016-02-09 00:00:00-05:00,154.20023904512558,157.21091278145332,154.06568078343693,155.9410400390625,184513100
2016-02-10 00:00:00-05:00,156.76520850756006,158.3882743210522,155.68035010646386,155.80650329589844,148214100
2016-02-11 00:00:00-05:00,153.34243148734998,154.82254655986705,152.29121922888314,153.7797393798828,219058900
2016-02-12 00:00:00-05:00,155.54579243158952,156.96702072947815,154.70482256358872,156.95021057128906,127632400
2016-02-16 00:00:00-05:00,158.74985313176506,159.62445596958304,157.79114819146227,159.59922790527344,120250700
2016-02-17 00:00:00-05:00,160.75976890066923,162.57626650944246,160.6336157479555,162.20623779296875,136009500
2016-02-18 00:00:00-05:00,162.4753623648004,162.5342364100918,161.23073065709553,161.54188537597656,102343000
2016-02-19 00:00:00-05:00,160.76819530757712,161.61757018695062,160.1626960243193,161.46620178222656,114793000
2016-02-22 00:00:00-05:00,163.03883720417437,163.94708627390327,162.97155806950747,163.8041229248047,103640300
2016-02-23 00:00:00-05:00,163.14815956732068,163.41727609306477,161.61758819956123,161.73533630371094,111455300
2016-02-24 00:00:00-05:00,160.31413164197713,162.75293975913436,159.2124628821816,162.4754180908203,150812200
2016-02-25 00:00:00-05:00,162.9210839433892,164.45165521570598,162.16421621824927,164.4432373046875,110728300
2016-02-26 00:00:00-05:00,165.30947943673962,165.40197381805424,163.90504824121246,164.06483459472656,129833700
2016-02-29 00:00:00-05:00,164.0816893047781,165.02357178269492,162.58476343858044,162.77818298339844,125918100
2016-03-01 00:00:00-05:00,163.99754130870676,166.6886553484673,163.52660020140348,166.60455322265625,141799700
2016-03-02 00:00:00-05:00,166.29339461797855,167.40346822641024,165.88131474250525,167.35301208496094,102415000
2016-03-03 00:00:00-05:00,167.17640731481302,168.0257951596379,166.6045539198895,168.00897216796875,95172200
2016-03-04 00:00:00-05:00,168.20238195697334,169.3292913545124,167.3782350632835,168.5555877685547,129293600
2016-03-07 00:00:00-05:00,167.63898810883603,169.09387572042013,167.5633038743891,168.69020080566406,100219000
2016-03-08 00:00:00-05:00,167.62210744243106,168.12668162537113,166.68863044698392,166.84840393066406,123974900
2016-03-09 00:00:00-05:00,167.65575391387418,168.01736479878008,166.87364526149202,167.67257690429688,94801200
2016-03-10 00:00:00-05:00,168.16031697624254,169.09379391269633,165.99061347983155,167.80709838867188,156838700
2016-03-11 00:00:00-05:00,169.25360551473076,170.55711148824372,167.7903260316421,170.5150604248047,137964500
2016-03-14 00:00:00-04:00,170.0104905290874,170.7505353694644,169.682512757327,170.29641723632812,73612000
2016-03-15 00:00:00-04:00,169.33767639070157,170.32160949911452,169.07697781054694,170.01885986328125,93169100
2016-03-16 00:00:00-04:00,169.539603919916,171.40655886170543,169.4975528418746,171.0028839111328,129303200
2016-03-17 00:00:00-04:00,170.91875964917796,172.5922818563243,170.5235026943218,172.08770751953125,134278500
2016-03-18 00:00:00-04:00,172.5863958012671,173.10203378785332,172.2736362170376,172.763916015625,138372400
2016-03-21 00:00:00-04:00,172.5018718065143,173.23728505094533,172.27363521748302,173.00904846191406,72926700
2016-03-22 00:00:00-04:00,172.2398129731797,173.482415751694,172.07921541878494,172.9160614013672,97471900
2016-03-23 00:00:00-04:00,172.53562777634107,172.7215963649064,171.60578483351443,171.7748565673828,81052500
2016-03-24 00:00:00-04:00,170.75209710695995,171.73265679981606,170.5323218234029,171.69883728027344,84360900
2016-03-28 00:00:00-04:00,172.1130067420519,172.32433355093423,171.35223538942148,171.8002471923828,62408200
2016-03-29 00:00:00-04:00,171.3945090064799,173.49932889445788,171.09019785277664,173.38943481445312,92922900
2016-03-30 00:00:00-04:00,174.3868619644017,174.86868031711376,173.78668823210228,174.15017700195312,86365300
2016-03-31 00:00:00-04:00,174.0572389294983,174.47989260303018,173.56695912039737,173.72756958007812,94584100
2016-04-01 00:00:00-04:00,172.7385622989475,175.09696413244765,172.4257898082557,174.91099548339844,114423500
2016-04-04 00:00:00-04:00,174.8348995022013,175.03777788495927,174.04030862602207,174.34461975097656,63497000
2016-04-05 00:00:00-04:00,173.00906119459614,174.35309684311477,172.3497224651958,172.6033172607422,99662200
2016-04-06 00:00:00-04:00,172.6032803113297,174.54748946316312,172.42576012293907,174.48831176757812,91839800
2016-04-07 00:00:00-04:00,173.4063235448381,173.76135103137932,171.67344115467193,172.40040588378906,113859000
2016-04-08 00:00:00-04:00,173.5754268590138,174.00654190892814,172.33282388873346,172.86537170410156,95040600
2016-04-11 00:00:00-04:00,173.49936512085608,174.19252346505294,172.3666561615952,172.4596405029297,83757500
2016-04-12 00:00:00-04:00,172.62863889668202,174.34461149553252,172.18907553736943,174.06565856933594,115350600
2016-04-13 00:00:00-04:00,174.9786670391376,175.9085105257467,174.84341473229085,175.823974609375,96336400
2016-04-14 00:00:00-04:00,175.8831114792108,176.33112335551004,175.48581598160706,175.83238220214844,65212900
2016-04-15 00:00:00-04:00,175.83240233620927,175.96765462712918,175.31676426314957,175.6379852294922,75761600
2016-04-18 00:00:00-04:00,175.63796167189994,176.90592270787863,174.97862296506034,176.8721160888672,82531000
2016-04-19 00:00:00-04:00,177.29476856107817,177.68360271971372,176.61852010015124,177.4300079345703,88316100
2016-04-20 00:00:00-04:00,177.4722714787738,178.29222062132038,176.99890143737912,177.5990753173828,81100300
2016-04-21 00:00:00-04:00,177.61592737131704,177.72582142404946,176.37332487693504,176.64382934570312,85695000
2016-04-22 00:00:00-04:00,176.28880190421725,176.9143209161082,175.74780586504409,176.64382934570312,99251700
2016-04-25 00:00:00-04:00,176.04366065654057,176.38179125218005,175.43503848275293,176.3395233154297,66166500
2016-04-26 00:00:00-04:00,176.70302576233865,177.10878253811143,176.1282230108752,176.60159301757812,75864200
2016-04-27 00:00:00-04:00,176.2212437306466,177.3539526090219,175.8662161522768,176.96511840820312,77329400
2016-04-28 00:00:00-04:00,176.21273147612357,177.31162043566903,174.94477077046653,175.3589630126953,97216200
2016-04-29 00:00:00-04:00,174.74196187905804,175.08854103865323,173.31339018571504,174.41229248046875,142424100
2016-05-02 00:00:00-04:00,174.91096307443323,175.97604549570423,174.47986104880636,175.7985382080078,62188000
2016-05-03 00:00:00-04:00,174.57289639990015,174.80958145160974,173.52471052920916,174.26858520507812,106422100
2016-05-04 00:00:00-04:00,173.27955089445425,174.00651570023666,172.79771953438598,173.29644775390625,92243800
2016-05-05 00:00:00-04:00,173.7613624771199,174.11638998704692,172.83998063718795,173.26263427734375,67619200
2016-05-06 00:00:00-04:00,172.493408466962,173.93888964948354,172.34125934162606,173.89662170410156,89315000
2016-05-09 00:00:00-04:00,173.76979163065798,174.47138519285198,173.59227145938036,174.040283203125,74374900
2016-05-10 00:00:00-04:00,174.74192194397955,176.22120968389922,174.67429581377937,176.2042999267578,77472200
2016-05-11 00:00:00-04:00,175.74787107035834,176.28040598098474,174.5559844970703,174.5559844970703,81727000
2016-05-12 00:00:00-04:00,175.22376022581594,175.39283201964201,173.6007716123478,174.606689453125,89586300
2016-05-13 00:00:00-04:00,174.31080402981107,174.86024855249067,172.76389030030523,173.08509826660156,96474600
2016-05-16 00:00:00-04:00,173.25416543608657,175.26598775531772,173.19498774222131,174.79261779785156,77486800
2016-05-17 00:00:00-04:00,174.52213902450458,174.8095403914502,172.6370945862299,173.16119384765625,114924900
2016-05-18 00:00:00-04:00,172.81464906527623,174.38692136473108,172.1299521265143,173.21194458007812,120062100
2016-05-19 00:00:00-04:00,172.49338236337454,172.89912620123482,171.41139019683777,172.61172485351562,115430500
2016-05-20 00:00:00-04:00,173.22037809893678,174.21784746460355,173.16966172241183,173.70220947265625,104990400
2016-05-23 00:00:00-04:00,173.71911228682396,173.99806526563853,173.27956174296477,173.4655303955078,58682600
2016-05-24 00:00:00-04:00,174.2769999822592,176.02679223918366,174.25164179578482,175.71401977539062,93537800
2016-05-25 00:00:00-04:00,176.390321970169,177.32016541901584,175.71407336176853,176.9059600830078,76621400
2016-05-26 00:00:00-04:00,177.0411856804611,177.26942229227382,176.6438901666405,176.95664978027344,55280700
2016-05-27 00:00:00-04:00,177.11723338236027,177.72585565595264,177.0665170092885,177.7174072265625,64211200
2016-05-31 00:00:00-04:00,177.98794065384675,178.09783475355724,176.82141220574636,177.3793182373047,109879400
2016-06-01 00:00:00-04:00,176.7706562122627,177.92027464165395,176.57623914726463,177.74276733398438,69936200
2016-06-02 00:00:00-04:00,177.34549124942043,178.30067981979306,176.87212117943628,178.28378295898438,63044700
2016-06-03 00:00:00-04:00,177.7258167457737,178.0977539313578,176.5508403995126,177.7511749267578,101757100
2016-06-06 00:00:00-04:00,178.10625841860303,179.01074348626975,177.94564795624228,178.6557159423828,64887000
2016-06-07 00:00:00-04:00,178.8078709162646,179.49256783743573,178.78251272647063,178.93466186523438,60974800
2016-06-08 00:00:00-04:00,179.0699019646455,179.64471765707248,178.94311102429867,179.51791381835938,66170900
2016-06-09 00:00:00-04:00,178.79094999932,179.39112388317923,178.52045835894236,179.2727813720703,73786900
2016-06-10 00:00:00-04:00,177.90341512362969,178.24153295097503,177.0327365663972,177.57374572753906,113829200
2016-06-13 00:00:00-04:00,176.97353264712376,177.8272883564658,176.1197769377817,176.2042999267578,117751200
2016-06-14 00:00:00-04:00,175.82395094538265,176.44948310658165,174.91101734459284,175.85775756835938,125059300
2016-06-15 00:00:00-04:00,175.85768221017472,176.9734937657841,175.42658023552343,175.612548828125,109124500
2016-06-16 00:00:00-04:00,175.6126170167613,176.30577529439773,173.78674988863224,176.13670349121094,149533100
2016-06-17 00:00:00-04:00,176.03303010509904,176.05852016671878,174.82645298180685,175.48072814941406,117055700
2016-06-20 00:00:00-04:00,177.434991779501,178.10625146398706,176.52580331997765,176.61077880859375,82789600
2016-06-21 00:00:00-04:00,176.99316366305985,177.51997545201309,176.55131440740573,177.11212158203125,72461700
2016-06-22 00:00:00-04:00,177.29061447535392,178.01286757292578,176.67882697199653,176.8232879638672,95560500
2016-06-23 00:00:00-04:00,178.27625795292974,179.17694143028672,177.81742384830335,179.12596130371094,102731400
2016-06-24 00:00:00-04:00,173.02506353276226,179.15992155939594,172.2518305235005,172.6936798095703,333444400
2016-06-27 00:00:00-04:00,171.29170098613423,171.30020631780508,168.79357097849353,169.60079956054688,230775800
2016-06-28 00:00:00-04:00,171.19822298297166,172.68520380773475,170.89232926611692,172.6597137451172,159382400
2016-06-29 00:00:00-04:00,174.05320432763637,175.82908094424613,173.9512440902631,175.59967041015625,137328600
2016-06-30 00:00:00-04:00,176.06700220207614,178.04679920829113,175.51468735402474,177.99581909179688,165021900
2016-07-01 00:00:00-04:00,177.99578801422513,178.8539963768428,177.83434236322023,178.36965942382812,106055300
2016-07-05 00:00:00-04:00,177.54548870608525,177.65595427579206,176.49186499051555,177.08665466308594,109803700
2016-07-06 00:00:00-04:00,176.59378455500314,178.26770058289569,175.9395095831541,178.14874267578125,96021500
2016-07-07 00:00:00-04:00,178.32724136980346,178.9900089584059,177.27361749327875,178.03834533691406,85593800
2016-07-08 00:00:00-04:00,179.32985951637392,180.9357980149797,179.10043602644689,180.6893768310547,133971000
2016-07-11 00:00:00-04:00,181.14822974247437,181.89597271757017,180.94429630414587,181.32666015625,73633900
2016-07-12 00:00:00-04:00,182.28684870248486,182.9411238766471,181.35216988225307,182.6437225341797,101275600
2016-07-13 00:00:00-04:00,183.06002854092966,183.06852090393517,182.13385532118124,182.61817932128906,87324100
2016-07-14 00:00:00-04:00,183.87576375457587,184.10518724448366,183.2469916965613,183.63784790039062,91230900
2016-07-15 00:00:00-04:00,184.19867977283846,184.394107900916,182.94961488842702,183.39146423339844,107155400
2016-07-18 00:00:00-04:00,183.51040585168255,184.04572303036477,183.25549229205092,183.88427734375,58725900
2016-07-19 00:00:00-04:00,183.46793365806346,183.73133960469437,183.2215254076342,183.69735717773438,54345700
2016-07-20 00:00:00-04:00,183.69730855690793,184.69995195489125,183.69730855690793,184.4620361328125,58159500
2016-07-21 00:00:00-04:00,184.35160181558447,184.57251996784868,183.3234552954601,183.7653045654297,67777300
2016-07-22 00:00:00-04:00,183.88423771986598,184.64047290570412,183.62083185233485,184.58949279785156,62787500
2016-07-25 00:00:00-04:00,184.38559711133118,184.43657722961012,183.5104038396971,184.08819580078125,55873100
2016-07-26 00:00:00-04:00,183.98623625238693,184.5300457917998,183.3319611459951,184.1731719970703,70080500
2016-07-27 00:00:00-04:00,184.54703700541253,184.61501481613212,183.21299678024363,183.9777374267578,84083900
2016-07-28 00:00:00-04:00,183.78228818312374,184.479050987922,183.32345418798036,184.19015502929688,65035700
2016-07-29 00:00:00-04:00,183.92681543713763,184.84448375826202,183.64641174134294,184.48760986328125,79519400
2016-08-01 00:00:00-04:00,184.5470816095191,184.9379379088227,183.88431400161755,184.33465576171875,73311400
2016-08-02 00:00:00-04:00,184.08816903655836,184.24112233459968,182.32079802111323,183.15350341796875,92295500
2016-08-03 00:00:00-04:00,183.09405309019246,183.74832822448334,182.79666473129126,183.6888427734375,53993600
2016-08-04 00:00:00-04:00,183.79930183539204,184.19866338687842,182.04891527293285,183.88427734375,46585500
2016-08-05 00:00:00-04:00,183.8843095158664,185.43076290809694,183.8843095158664,185.38827514648438,71892200
2016-08-08 00:00:00-04:00,185.57515931378427,185.67713250638295,185.0143650989755,185.27777099609375,39906500
2016-08-09 00:00:00-04:00,185.3458003503163,185.88110465721232,185.0653966822067,185.38827514648438,51251700
2016-08-10 00:00:00-04:00,185.49869715161768,185.57516732528734,184.58101617125746,184.9293975830078,57941100
2016-08-11 00:00:00-04:00,185.45616823542804,186.03397300537708,185.19276238540485,185.7875518798828,72504300
2016-08-12 00:00:00-04:00,185.4817292137405,185.83861601233525,185.22682859394925,185.62619018554688,61313500
2016-08-15 00:00:00-04:00,185.9915304612029,186.50984992494227,185.98303809687468,186.16146850585938,49813500
2016-08-16 00:00:00-04:00,185.74516462672722,185.81312948774544,185.20135498046875,185.20135498046875,53213600
2016-08-17 00:00:00-04:00,185.23525088504752,185.68559243023938,184.40254558937332,185.5496368408203,75134300
2016-08-18 00:00:00-04:00,185.52424555259128,186.00007740342917,185.41379292214748,185.96609497070312,52989300
2016-08-19 00:00:00-04:00,185.498709461304,185.87258095575433,185.014385363815,185.6941375732422,75443000
2016-08-22 00:00:00-04:00,185.45627589418183,185.91512303159945,185.0909096231327,185.68569946289062,61368800
2016-08-23 00:00:00-04:00,186.29745569083772,186.59485704345448,186.00005433822096,186.05953979492188,53399200
2016-08-24 00:00:00-04:00,185.9150799012492,186.00854778048802,184.6915051059202,185.1078643798828,71728900
2016-08-25 00:00:00-04:00,184.72553984242435,185.39681288307727,184.57259943242045,184.98045349121094,69224800
2016-08-26 00:00:00-04:00,185.16735155854718,186.1869929804055,183.74834852693238,184.6320343017578,122506300
2016-08-29 00:00:00-04:00,184.75944292189087,185.80457409768573,184.7254475374681,185.54116821289062,70502200
2016-08-30 00:00:00-04:00,185.45619340636233,185.73659698441068,184.6829734413154,185.2352752685547,58114500
2016-08-31 00:00:00-04:00,184.90392421035452,185.02288214638892,183.93526302680513,184.70849609375,85269500
2016-09-01 00:00:00-04:00,184.70001280074456,185.00590652496516,183.56141342492953,184.71701049804688,97844200
2016-09-02 00:00:00-04:00,185.56663453085736,185.97448833367594,184.98033739624643,185.5496368408203,79293900
2016-09-06 00:00:00-04:00,185.83007004691297,186.18694380202854,185.11632253668182,186.1104736328125,56702100
2016-09-07 00:00:00-04:00,185.94908835526408,186.27197979518363,185.4902542255133,186.09353637695312,76554900
2016-09-08 00:00:00-04:00,185.76209274014715,186.0340039631219,185.36273123480345,185.6686248779297,74102900
2016-09-09 00:00:00-04:00,184.36010787022246,184.41108798872762,181.1992108684818,181.22470092773438,221589100
2016-09-12 00:00:00-04:00,180.46845834859815,184.2241448580641,180.40048053816923,183.8247833251953,168110900
2016-09-13 00:00:00-04:00,182.5502278367942,182.81363374777334,180.56192550994362,181.1822052001953,182828800
2016-09-14 00:00:00-04:00,181.23320049009482,182.43128518431683,180.56194062738072,181.11424255371094,134185500
2016-09-15 00:00:00-04:00,180.95282830152544,183.30649720923515,180.77438489601016,182.92413330078125,134427900
2016-09-16 00:00:00-04:00,182.31095052162055,182.4902953051473,181.53382454216947,182.21701049804688,155236400
2016-09-19 00:00:00-04:00,182.86603739246033,183.50653393622775,181.9266372492272,182.25115966796875,80250500
2016-09-20 00:00:00-04:00,183.1051494339888,183.2588623449213,182.22553525004807,182.2596893310547,69665300
2016-09-21 00:00:00-04:00,182.95996619560697,184.48861211944993,182.27676731793207,184.3092803955078,110284400
2016-09-22 00:00:00-04:00,185.31697497131336,185.76959142531237,185.06932207477823,185.47068786621094,76678700
2016-09-23 00:00:00-04:00,185.0778654450468,185.21450782267598,184.3605125088952,184.45445251464844,73630900
2016-09-26 00:00:00-04:00,183.62606092623957,183.80539263007168,182.76351739041235,182.95994567871094,89827300
2016-09-27 00:00:00-04:00,182.79770286955798,184.18970639548482,182.43047810181935,184.0957794189453,78494800
2016-09-28 00:00:00-04:00,184.31780265204182,185.1632626694878,183.36133210934773,185.00953674316406,87411000
2016-09-29 00:00:00-04:00,184.8046123697199,185.20599127847757,182.78918256246698,183.3357391357422,128070600
2016-09-30 00:00:00-04:00,184.16405729589397,185.4194312662014,183.91640442469367,184.7191619873047,117202900
2016-10-03 00:00:00-04:00,184.30928307819204,184.49715006712572,183.6431547153356,184.27511596679688,83512100
2016-10-04 00:00:00-04:00,184.38616293403305,184.60819706254165,182.74649321420745,183.3357391357422,119948100
2016-10-05 00:00:00-04:00,183.95916890270405,184.57404668886872,183.8908477008039,184.1470489501953,72816000
2016-10-06 00:00:00-04:00,183.92497474513854,184.49715006712572,183.3869665345465,184.27511596679688,62927400
2016-10-07 00:00:00-04:00,184.5484499958725,184.71924650563437,182.917315311129,183.64320373535156,89788300
2016-10-10 00:00:00-04:00,184.59962463378906,185.06077635582875,184.45444699850003,184.59962463378906,51855000
2016-10-11 00:00:00-04:00,184.17260714642728,184.2409283258376,181.54230037832636,182.2681884765625,130367400
2016-10-12 00:00:00-04:00,182.4049121824069,183.0283383359554,181.9095931839843,182.5074005126953,73866100
2016-10-13 00:00:00-04:00,181.1836576651646,182.40486476810696,180.37236468400783,181.9095458984375,101357000
2016-10-14 00:00:00-04:00,182.8830931438124,183.34425791539365,181.92662255228754,182.00347900390625,93346200
2016-10-17 00:00:00-04:00,181.9778809646954,182.234082196945,181.19220674181636,181.37155151367188,58275700
2016-10-18 00:00:00-04:00,182.9600171260759,183.01979004038398,182.13164037382725,182.5074005126953,76869700
2016-10-19 00:00:00-04:00,182.77210650321214,183.30157950259496,182.41342998450736,182.994140625,66519200
2016-10-20 00:00:00-04:00,182.64393278807535,183.20757269668493,181.99490118572368,182.65248107910156,73639800
2016-10-21 00:00:00-04:00,182.6525538288874,182.8233503153305,181.69607004912004,182.73794555664062,89089100
2016-10-24 00:00:00-04:00,183.60900043463656,183.8822852017601,183.1649192035282,183.5150604248047,60146600
2016-10-25 00:00:00-04:00,183.33574051636367,183.59194176253314,182.73794629592604,182.90020751953125,66542300
2016-10-26 00:00:00-04:00,182.08034252064866,183.11366952993558,181.84121184966799,182.532958984375,75705500
2016-10-27 00:00:00-04:00,183.25034029279843,183.2844943762672,181.96934715227448,182.04620361328125,77220200
2016-10-28 00:00:00-04:00,182.02056586745567,182.69521645103998,180.79935878864651,181.50816345214844,140623200
2016-10-31 00:00:00-04:00,181.84121773548517,182.0632648590971,181.3544471778253,181.51670837402344,61272500
2016-11-01 00:00:00-04:00,181.84122284602958,181.89247351279658,178.9974298098665,180.20155334472656,122781800
2016-11-02 00:00:00-04:00,179.89413032457617,180.27843868899564,178.68145838977213,179.11700439453125,103330800
2016-11-03 00:00:00-04:00,179.3305051213913,179.54400397899198,178.02389315535012,178.2971649169922,88939300
2016-11-04 00:00:00-04:00,178.408207952685,179.2451199171035,177.95559136767739,178.10076904296875,109122100
2016-11-07 00:00:00-05:00,178.10074275948946,182.06328088275612,178.10074275948946,182.02911376953125,109794900
2016-11-08 00:00:00-05:00,181.6362965160798,183.41260863701984,181.37156000836592,182.84896850585938,106772100
2016-11-09 00:00:00-05:00,181.3630365347768,185.40244499664522,181.33741770993944,184.78756713867188,258429000
2016-11-10 00:00:00-05:00,185.5732254640675,186.43575623122027,183.7969132535792,185.2487030029297,172113300
2016-11-11 00:00:00-05:00,184.53131524308765,185.06078818574503,183.882283473671,184.82167053222656,100552700
2016-11-14 00:00:00-05:00,185.3426179657257,185.5475815499278,184.2238860926938,184.96685791015625,94580000
2016-11-15 00:00:00-05:00,185.35115151146815,186.4101104736328,185.1462009601001,186.4101104736328,91652600
2016-11-16 00:00:00-05:00,185.79526103549384,186.29057999491258,185.67570218535394,186.05999755859375,65617700
2016-11-17 00:00:00-05:00,186.21366086297223,187.0761913465181,186.10263731415426,187.01641845703125,69797200
2016-11-18 00:00:00-05:00,187.0847602699003,187.25555672704027,186.418631934466,186.5979766845703,86265800
2016-11-21 00:00:00-05:00,187.17016824377677,188.03269889737496,187.0249905910485,188.007080078125,72402600
2016-11-22 00:00:00-05:00,188.3145274195932,188.55364509731695,187.64841202722897,188.3743133544922,67429000
2016-11-23 00:00:00-05:00,187.86189841231175,188.52801376045227,187.66548312527937,188.47677612304688,56620200
2016-11-25 00:00:00-05:00,188.81835602743942,189.21118654728056,188.74148655100663,189.17703247070312,37872300
2016-11-28 00:00:00-05:00,188.86961827830604,189.1428900193489,188.18641937929613,188.2888946533203,76572500
2016-11-29 00:00:00-05:00,188.32308547503106,189.108759746981,188.02418184691524,188.65614318847656,69886700
2016-11-30 00:00:00-05:00,189.2709853519725,189.43324654635933,188.14370528419104,188.2034912109375,113291800
2016-12-01 00:00:00-05:00,188.50243524321448,188.50243524321448,187.153120702339,187.51181030273438,79040500
2016-12-02 00:00:00-05:00,187.59716236922688,188.09248125019275,187.2470211382266,187.60569763183594,74840300
2016-12-05 00:00:00-05:00,188.43408284299034,189.0745794033417,188.23766754647798,188.7329864501953,67837800
2016-12-06 00:00:00-05:00,188.9208811063953,189.36496240460667,188.4426457226001,189.33079528808594,59877400
2016-12-07 00:00:00-05:00,189.17708068706594,191.86716121264251,189.05752184217224,191.80738830566406,110738100
2016-12-08 00:00:00-05:00,191.78174798179285,192.74675389633438,191.51699846905584,192.2770538330078,99714400
2016-12-09 00:00:00-05:00,192.49910470733676,193.4555753778149,192.46493759428506,193.43849182128906,88005800
2016-12-12 00:00:00-05:00,193.34455528054696,193.8228036553141,192.79799874032028,193.21646118164062,102016100
2016-12-13 00:00:00-05:00,193.87403320914964,195.00130032531882,193.85694965302935,194.5059814453125,110477500
2016-12-14 00:00:00-05:00,194.2070940773172,194.90736351854272,192.46493619058313,192.90048217773438,142501800
2016-12-15 00:00:00-05:00,193.13962554420834,194.54871290783137,192.9090431103826,193.69471740722656,124972600
2016-12-16 00:00:00-05:00,194.149161984776,194.20930031343497,192.9980661377458,193.31590270996094,156420200
2016-12-19 00:00:00-05:00,193.49624360653826,194.15769947460564,193.3502102786319,193.7367706298828,90341100
2016-12-20 00:00:00-05:00,194.26940412582675,194.63020784253237,194.03747573218476,194.48416137695312,89838800
2016-12-21 00:00:00-05:00,194.3552928572959,194.52709601948894,193.94296264648438,193.94296264648438,67909000
2016-12-22 00:00:00-05:00,193.7969128096895,193.91717632376344,193.21276637865904,193.60792541503906,56219100
2016-12-23 00:00:00-05:00,193.6509087860366,193.90003454615945,193.4619344577355,193.89144897460938,36697800
2016-12-27 00:00:00-05:00,194.15774030631945,194.7676435624427,194.14055605596963,194.37249755859375,42672500
2016-12-28 00:00:00-05:00,194.63018703901284,194.64735817969307,192.65441791828655,192.76608276367188,64095000
2016-12-29 00:00:00-05:00,192.83485518110567,193.1870602698056,192.2850770629314,192.7231903076172,48696100
2016-12-30 00:00:00-05:00,193.04956989879446,193.13547803583884,191.33151201983782,192.01873779296875,108998300
2017-01-03 00:00:00-05:00,193.31590037085448,193.99454069132435,192.3194365897589,193.4877166748047,91366500
2017-01-04 00:00:00-05:00,193.81412033132852,194.78482730354813,193.80553476004727,194.6387939453125,78744400
2017-01-05 00:00:00-05:00,194.37249651963222,194.63879341379015,193.69385626573714,194.48416137695312,78379000
2017-01-06 00:00:00-05:00,194.59586132947757,195.6438778820095,194.05466880101196,195.1800079345703,71559900
2017-01-09 00:00:00-05:00,194.92226597987312,195.05971376040324,194.50133706740283,194.53570556640625,46939700
2017-01-10 00:00:00-05:00,194.55287670816617,195.38613585448502,194.14913204519758,194.53570556640625,63771900
2017-01-11 00:00:00-05:00,194.44980880377815,195.0854949951172,193.78835279054965,195.0854949951172,74650000
2017-01-12 00:00:00-05:00,194.5700858892069,194.78484315840026,193.24718687838276,194.59585571289062,72113200
2017-01-13 00:00:00-05:00,194.76764592594293,195.34319379609323,194.73329053256882,195.04254150390625,62717900
2017-01-17 00:00:00-05:00,194.40687106900864,194.81061578953012,193.96877095232824,194.35533142089844,61240800
2017-01-18 00:00:00-05:00,194.60437297007292,194.827728840582,194.05459507824412,194.78477478027344,54793300
2017-01-19 00:00:00-05:00,194.8621077286855,194.9995554951565,193.6337027236693,194.06321716308594,66608800
2017-01-20 00:00:00-05:00,194.74186135988379,195.26586954642843,194.1147738932784,194.77622985839844,129168600
2017-01-23 00:00:00-05:00,194.77623096881686,194.83635617994787,193.51345734990758,194.26939392089844,75061600
2017-01-24 00:00:00-05:00,194.48416931476334,195.92734491726142,194.37250445288487,195.5150146484375,95555300
2017-01-25 00:00:00-05:00,196.45991131720925,197.207275390625,196.29669372522488,197.207275390625,84437700
2017-01-26 00:00:00-05:00,197.06122383961116,197.32753380833327,196.72620309390223,197.0010986328125,59970700
2017-01-27 00:00:00-05:00,197.07836327293285,197.22439657936877,196.51140118366078,196.69180297851562,59711100
2017-01-30 00:00:00-05:00,196.00459376741074,196.03036358200856,194.492707844136,195.4720001220703,79737300
2017-01-31 00:00:00-05:00,194.98241115912435,195.5150180862859,194.41546194492608,195.4548797607422,75880800
2017-02-01 00:00:00-05:00,195.454810309385,196.36537868654358,194.94798649307805,195.53211975097656,79117700
2017-02-02 00:00:00-05:00,195.53216379489243,195.9445071250719,194.84495112674284,195.66102600097656,69657600
2017-02-03 00:00:00-05:00,196.56298850611725,197.19007589886635,196.25373759461604,197.00967407226562,80563200
2017-02-06 00:00:00-05:00,196.60597683311397,197.0011359682524,196.3224956702905,196.6575164794922,57790100
2017-02-07 00:00:00-05:00,197.04406675804452,197.2845938178819,196.47710449939572,196.6660919189453,57931200
2017-02-08 00:00:00-05:00,196.66605582795688,197.05261616691757,196.12486348876837,196.92376708984375,51566200
2017-02-09 00:00:00-05:00,196.92379169339242,198.3927237865184,196.92379169339242,198.09207153320312,65955200
2017-02-10 00:00:00-05:00,198.43567926922321,199.09713520362143,198.10924408720365,198.873779296875,66015900
2017-02-13 00:00:00-05:00,199.36341424492775,200.21385751311638,199.33764442841354,199.95614624023438,55182100
2017-02-14 00:00:00-05:00,199.7757734250125,200.7636645965486,199.4321670831036,200.75506591796875,71109000
2017-02-15 00:00:00-05:00,200.54029652138877,201.99205747727612,200.48875688400074,201.80307006835938,86785800
2017-02-16 00:00:00-05:00,201.82884434590395,202.0092461884885,200.88392038818566,201.6312713623047,84722400
2017-02-17 00:00:00-05:00,200.96978909393363,201.94908142089844,200.9526048474284,201.94908142089844,77204100
2017-02-21 00:00:00-05:00,202.31850477436353,203.32356708684515,202.30990609578996,203.15176391601562,88946100
2017-02-22 00:00:00-05:00,202.74804692871916,203.1947326122965,202.58482930644365,202.9713897705078,62115200
2017-02-23 00:00:00-05:00,203.4867546919814,203.50392583111403,202.35283033771688,203.10877990722656,74615900
2017-02-24 00:00:00-05:00,202.26697529423788,203.40947233612843,202.2240212224374,203.3665313720703,82381600
2017-02-27 00:00:00-05:00,203.28058157361912,203.8561293161299,203.03146898061047,203.684326171875,56515400
2017-02-28 00:00:00-05:00,203.30641623616233,203.5469433363853,202.7480525623042,203.13461303710938,96961900
2017-03-01 00:00:00-05:00,204.78390138887448,206.44183400167162,204.76671714050212,205.9779510498047,149158200
2017-03-02 00:00:00-05:00,205.78892746481915,205.79752614136422,204.62924650449665,204.6807861328125,70246000
2017-03-03 00:00:00-05:00,204.594874161891,204.97284890607597,204.21689941770606,204.80963134765625,81974300
2017-03-06 00:00:00-05:00,204.0193814731179,204.55197524290716,203.59845255676524,204.1997833251953,55391500
2017-03-07 00:00:00-05:00,203.89906410594523,204.25126903840706,203.38364161416015,203.58981323242188,65103700
2017-03-08 00:00:00-05:00,203.88192506816966,204.1396363712053,203.07443576893735,203.21188354492188,78168800
2017-03-09 00:00:00-05:00,203.33214146120667,203.79602441541863,202.50748104353806,203.46958923339844,90683900
2017-03-10 00:00:00-05:00,204.42309844281942,204.46605250727922,203.2376344239782,204.1825714111328,81991700
2017-03-13 00:00:00-04:00,204.12242695585928,204.328598594417,203.79600491281758,204.28564453125,57256800
2017-03-14 00:00:00-04:00,203.74443325211146,203.79598598776838,202.8940031759811,203.50390625,59880800
2017-03-15 00:00:00-04:00,204.07087362316406,205.6858519140976,203.83893218382514,205.26492309570312,96081800
2017-03-16 00:00:00-04:00,205.40239844996398,205.47970790422042,204.53478398969114,204.8612060546875,78344000
2017-03-17 00:00:00-04:00,205.12261162580296,205.3124211944738,204.5014190673828,204.5014190673828,89002100
2017-03-20 00:00:00-04:00,204.50141401919228,204.78612836517027,203.8888575611373,204.277099609375,52537000
2017-03-21 00:00:00-04:00,204.8810310054671,205.00181771176204,201.52487198973907,201.65428161621094,131809300
2017-03-22 00:00:00-04:00,201.68883923366832,202.41355961375712,201.0676465750876,202.12884521484375,97569200
2017-03-23 00:00:00-04:00,202.12883849513824,203.04336844409934,201.5421638730748,201.91314697265625,100410300
2017-03-24 00:00:00-04:00,202.21516742585143,202.7845831724859,200.9900408728366,201.7665252685547,112504900
2017-03-27 00:00:00-04:00,200.10134086833625,201.81825019482486,199.82526255426836,201.55941772460938,87454500
2017-03-28 00:00:00-04:00,201.25743479982341,203.44885471585678,201.14527100359123,203.02610778808594,93483900
2017-03-29 00:00:00-04:00,202.74140106431437,203.44886238743723,202.51707346339117,203.21591186523438,61950400
2017-03-30 00:00:00-04:00,203.15556040447396,204.06146755740394,202.9830097955272,203.86302185058594,56737900
2017-03-31 00:00:00-04:00,203.52652134276335,204.0528091997113,203.3367117442073,203.38848876953125,73733100
2017-04-03 00:00:00-04:00,203.44023008636267,203.6386625847675,201.80960283565494,203.03472900390625,85546500
2017-04-04 00:00:00-04:00,202.75003001798098,203.25043592715895,202.370410834138,203.16415405273438,56466200
2017-04-05 00:00:00-04:00,203.8371165982791,204.81204651620817,202.3531578345219,202.5602264404297,108800600
2017-04-06 00:00:00-04:00,202.69828610441428,203.64732099263955,202.2582669322238,203.12966918945312,69135800
2017-04-07 00:00:00-04:00,202.8794512234158,203.61280770350876,202.4394452342199,202.92259216308594,74412300
2017-04-10 00:00:00-04:00,203.06062448619653,203.8371086898843,202.51707764475574,203.04336547851562,67615300
2017-04-11 00:00:00-04:00,202.66374260068065,202.90531604474356,201.31782965096872,202.80178833007812,88045300
2017-04-12 00:00:00-04:00,202.52571668900205,202.71552628196744,201.68883252859067,201.91314697265625,81864400
2017-04-13 00:00:00-04:00,201.5766295339006,202.30998583366744,200.60169982910156,200.60169982910156,92880400
2017-04-17 00:00:00-04:00,201.11933866777247,202.3789825439453,200.9209062174359,202.3789825439453,68405400
2017-04-18 00:00:00-04:00,201.64567581176254,202.3100093351554,201.09350608400823,201.77508544921875,83225800
2017-04-19 00:00:00-04:00,202.33588737682618,202.70687044025243,201.1797709237733,201.4040985107422,68699900
2017-04-20 00:00:00-04:00,202.0166717401344,203.48338460340221,201.69745250424853,203.04336547851562,92572200
2017-04-21 00:00:00-04:00,202.9657147675082,203.01747862452962,201.99942099706792,202.3962860107422,110389800
2017-04-24 00:00:00-04:00,204.63086108102416,204.82930676634282,202.37041806974946,204.6222381591797,119209900
2017-04-25 00:00:00-04:00,205.26071162341628,206.15798268688266,205.17442973674346,205.81288146972656,76698300
2017-04-26 00:00:00-04:00,205.77834596347805,206.6583711066453,205.64031338720525,205.68344116210938,84702500
2017-04-27 00:00:00-04:00,206.00262566019637,206.15791720916425,205.3210332003571,205.85595703125,57410300
2017-04-28 00:00:00-04:00,206.11482527969187,206.14070721067284,205.2779410719303,205.40736389160156,63532800
2017-05-01 00:00:00-04:00,205.9250030517578,206.3477631731403,205.51087901668387,205.9250030517578,66882500
2017-05-02 00:00:00-04:00,206.06307233410743,206.18385907333953,205.5971843870029,206.002685546875,57375700
2017-05-03 00:00:00-04:00,206.00266620730903,206.09757100527935,205.07950015752797,205.75245666503906,73137700
2017-05-04 00:00:00-04:00,206.0543879710992,206.13203374500333,205.14848111459466,205.99398803710938,61462700
2017-05-05 00:00:00-04:00,206.36500201310355,206.822266940735,205.92498292687233,206.8050079345703,62001300
2017-05-08 00:00:00-04:00,206.84812306583103,206.99479168802486,206.3477172675895,206.77047729492188,48385700
2017-05-09 00:00:00-04:00,207.0293304725549,207.22776296193527,206.23557418550524,206.5806884765625,51363200
2017-05-10 00:00:00-04:00,206.5375514227584,206.95167541503906,206.33048284423592,206.95167541503906,54293800
2017-05-11 00:00:00-04:00,206.50306399394864,206.69287358241365,205.45048833601197,206.52894592285156,62358300
2017-05-12 00:00:00-04:00,206.27874268775477,206.57208000078649,205.91638250728633,206.183837890625,53912700
2017-05-15 00:00:00-04:00,206.60661064681307,207.44349486408936,206.58935163770735,207.3227081298828,61918900
2017-05-16 00:00:00-04:00,207.61603570807566,207.64191763813506,206.74464667828815,207.1328887939453,51241800
2017-05-17 00:00:00-04:00,207.13289858586077,207.13289858586077,203.39711958174536,203.45751953125,172174100
2017-05-18 00:00:00-04:00,203.3798156405783,205.1226065622781,203.12098322016524,204.277099609375,107047700
2017-05-19 00:00:00-04:00,204.7602820844805,206.27012277416677,204.70851822433954,205.6057891845703,115011400
2017-05-22 00:00:00-04:00,206.11476491929312,206.81361634542088,206.04575523339764,206.64968872070312,61010600
2017-05-23 00:00:00-04:00,207.02068225243036,207.27089174437592,206.64106313690144,207.10696411132812,48341700
2017-05-24 00:00:00-04:00,207.33992207200268,207.69364611080138,207.00343070903068,207.59011840820312,46927700
2017-05-25 00:00:00-04:00,208.09911337846978,208.85835151362326,207.89205800689098,208.58226013183594,64071700
2017-05-26 00:00:00-04:00,208.39253325515998,208.70312960048525,208.31488746002037,208.53921508789062,46629900
2017-05-30 00:00:00-04:00,208.2199559810207,208.608198071749,208.06466441063546,208.35800170898438,35201900
2017-05-31 00:00:00-04:00,208.65134506164196,208.68586307701707,207.6160284014036,208.30624389648438,91796000
2017-06-01 00:00:00-04:00,208.76352414554896,209.98002756363837,208.4788097393089,209.9627685546875,68962000
2017-06-02 00:00:00-04:00,210.01450080915959,210.81688004503397,209.7211635249752,210.6615753173828,88666100
2017-06-05 00:00:00-04:00,210.48904287204337,210.77375725994833,210.3078562016436,210.5063018798828,44698800
2017-06-06 00:00:00-04:00,209.9455094108407,210.4976792140152,209.75569980680265,209.83335876464844,50375400
2017-06-07 00:00:00-04:00,210.16980902082295,210.44588730323053,209.5054754952336,210.22157287597656,54144300
2017-06-08 00:00:00-04:00,210.31648083869817,210.79962771377498,209.7988159498216,210.32510375976562,65950700
2017-06-09 00:00:00-04:00,210.5925950973143,211.3863384083461,208.7462759866004,210.00592041015625,132256400
2017-06-12 00:00:00-04:00,209.76433602843528,210.0145324167736,209.117261422826,209.9627685546875,86108100
2017-06-13 00:00:00-04:00,210.49764272539258,211.04118951225954,210.1525415950174,210.9894256591797,60067000
2017-06-14 00:00:00-04:00,211.25688030421608,211.26550322477917,209.90233138425174,210.7219696044922,78602300
2017-06-15 00:00:00-04:00,209.3760879304886,210.43729979879853,209.10000960161716,210.31651306152344,66464900
2017-06-16 00:00:00-04:00,210.47515280085526,210.52716909236761,209.48680357522417,210.36244201660156,84553100
2017-06-19 00:00:00-04:00,211.18601025348184,212.1743592268005,211.0906426670668,212.11367797851562,65123800
2017-06-20 00:00:00-04:00,211.75827945203483,211.76694442469216,210.66589759374787,210.6832275390625,56906400
2017-06-21 00:00:00-04:00,211.0734058627381,211.1861034389839,210.16308090509006,210.63124084472656,55977600
2017-06-22 00:00:00-04:00,210.63987344553215,211.1340414287775,210.36243559398292,210.53582763671875,44148100
2017-06-23 00:00:00-04:00,210.59654198799345,211.11671816525634,210.215071520621,210.7872772216797,66986800
2017-06-26 00:00:00-04:00,211.45484928203297,211.87100612216315,210.71792968194868,210.92599487304688,56700500
2017-06-27 00:00:00-04:00,210.7091862550555,211.0039672328072,209.2093261413115,209.22666931152344,82247700
2017-06-28 00:00:00-04:00,210.24107197299102,211.29878069236827,210.00698542585917,211.09938049316406,70042600
2017-06-29 00:00:00-04:00,211.24680185516667,211.2988181573154,208.0390020093047,209.2440948486328,106949700
2017-06-30 00:00:00-04:00,210.05032934873213,210.4231348165138,209.44345057102782,209.63418579101562,86820700
2017-07-03 00:00:00-04:00,210.57050989003255,211.0039966029294,209.98963928222656,209.98963928222656,39153800
2017-07-05 00:00:00-04:00,210.35378293149202,210.68322386327887,209.54749070358864,210.47515869140625,54427600
2017-07-06 00:00:00-04:00,209.7122634095118,209.83363919583286,208.36845155662007,208.55052185058594,65400800
2017-07-07 00:00:00-04:00,209.12263763885127,210.05029220021748,208.5590970507469,209.9029083251953,57972300
2017-07-10 00:00:00-04:00,209.90288762280514,210.50110126351737,209.59944170306483,210.1282958984375,36663300
2017-07-11 00:00:00-04:00,210.1283847116784,210.28444683689426,208.81059438013204,209.9723358154297,50354600
2017-07-12 00:00:00-04:00,210.9346576321268,211.71492849955277,210.9346576321268,211.55020141601562,59610400
2017-07-13 00:00:00-04:00,211.55887080924606,212.01836569210465,211.3334492394899,211.90565490722656,39471600
2017-07-14 00:00:00-04:00,211.90564799352268,213.24945948004287,211.81028038534473,212.8939971923828,60262700
2017-07-17 00:00:00-04:00,212.8159799239652,213.1974503695233,212.6946041666481,212.8679962158203,33531900
2017-07-18 00:00:00-04:00,212.46050827823697,213.0327139214029,212.12238916708705,212.98069763183594,42742500
2017-07-19 00:00:00-04:00,213.2928541087354,214.14248455386652,213.28417590597937,214.13381958007812,51034300
2017-07-20 00:00:00-04:00,214.3851748339577,214.5065505771419,213.68292851775163,214.2291259765625,47135200
2017-07-21 00:00:00-04:00,213.65692071154007,214.06439925622144,213.43149916744,214.03839111328125,82340800
2017-07-24 00:00:00-04:00,213.96038304344285,214.12511012415288,213.518231323352,213.9864044189453,46622300
2017-07-25 00:00:00-04:00,214.73198488014728,214.83603069330022,214.2811681960246,214.50657653808594,54915600
2017-07-26 00:00:00-04:00,214.79266611748264,214.8273392337501,214.2551468270668,214.51522827148438,47575400
2017-07-27 00:00:00-04:00,214.9747499863412,215.00942310480684,212.99803828069716,214.3158416748047,70766600
2017-07-28 00:00:00-04:00,213.83895531056953,214.19441753213266,213.3881387275242,214.0643768310547,50088400
2017-07-31 00:00:00-04:00,214.46323036159643,214.55859797571054,213.73497579688825,213.94305419921875,65838700
2017-08-01 00:00:00-04:00,214.5412213154105,214.57589442709948,213.8996563029796,214.4198455810547,55050400
2017-08-02 00:00:00-04:00,214.5499491886717,214.66265998539095,213.59627297558586,214.52394104003906,47211200
2017-08-03 00:00:00-04:00,214.4112361634744,214.43724431282513,213.83036544636238,214.10780334472656,40856000
2017-08-04 00:00:00-04:00,214.59329242240065,214.82736575126967,214.11645433383487,214.4979248046875,60191800
2017-08-07 00:00:00-04:00,214.5672723285956,214.89671325683594,214.4632265148137,214.89671325683594,31995000
2017-08-08 00:00:00-04:00,214.58458698349708,215.7983577120531,213.9950514062568,214.3678436279297,61719400
2017-08-09 00:00:00-04:00,213.68296885236728,214.41122344893725,213.32750652702967,214.3592071533203,62632600
2017-08-10 00:00:00-04:00,213.52687674210125,213.6569306918411,211.2814187702836,211.33343505859375,120479500
2017-08-11 00:00:00-04:00,211.55883367649233,212.2350718091369,211.32474717551133,211.64552307128906,74869900
2017-08-14 00:00:00-04:00,212.91999972034407,213.96036518186153,212.88532660417815,213.74362182617188,73291900
2017-08-15 00:00:00-04:00,214.12511471817118,214.14245789255634,213.41420331597075,213.71763610839844,55242700
2017-08-16 00:00:00-04:00,214.237807481442,214.63662108494745,213.66560183557257,214.09042358398438,56715500
2017-08-17 00:00:00-04:00,213.4835531173293,213.79566409729918,210.75257873535156,210.75257873535156,128490400
2017-08-18 00:00:00-04:00,210.58787060091672,211.7062738918112,209.98099175998811,210.42315673828125,136748000
2017-08-21 00:00:00-04:00,210.36245175744227,210.84795480599274,209.66020533157703,210.58786010742188,65469700
2017-08-22 00:00:00-04:00,211.1687721001403,212.94605744745016,211.15142892353683,212.79000854492188,63140100
2017-08-23 00:00:00-04:00,211.8275621496946,212.45178390790423,211.68017829413967,212.02696228027344,50203800
2017-08-24 00:00:00-04:00,212.4085058976072,212.56455477652642,211.32478903078268,211.53286743164062,50741700
2017-08-25 00:00:00-04:00,212.32172999138325,212.93728678007594,211.87957842471855,212.02696228027344,64445900
2017-08-28 00:00:00-04:00,212.55591229772836,212.5819204469672,211.61957923822874,212.03573608398438,40565600
2017-08-29 00:00:00-04:00,210.72658288232782,212.53855437473308,210.61387209080198,212.27847290039062,51135700
2017-08-30 00:00:00-04:00,212.26114196008922,213.55293734929995,212.07907168858918,213.28416442871094,62030800
2017-08-31 00:00:00-04:00,213.89968749141116,214.81001224629438,213.31881687594364,214.5672607421875,103803900
2017-09-01 00:00:00-04:00,214.94007174878718,215.29553406405793,214.72332837054392,214.87071228027344,62007000
2017-09-05 00:00:00-04:00,214.36786495407853,214.59328653283174,212.36515826603326,213.32749938964844,91398800
2017-09-06 00:00:00-04:00,214.00375457603712,214.3852250665595,213.47490016489778,214.05577087402344,57916900
2017-09-07 00:00:00-04:00,214.35914768965353,214.37649085970358,213.62221509559643,214.02969360351562,58034700
2017-09-08 00:00:00-04:00,213.74366447802606,214.23784577751377,213.5355992815826,213.77835083007812,63832800
2017-09-11 00:00:00-04:00,215.04407066925324,216.1364655911094,215.02674072656248,216.05844116210938,71364800
2017-09-12 00:00:00-04:00,216.42263108640702,216.82143154724108,216.24056080370087,216.78675842285156,56896000
2017-09-13 00:00:00-04:00,216.50059643105592,216.92541815541094,216.38788565686775,216.89073181152344,59228000
2017-09-14 00:00:00-04:00,216.56996414280775,217.0207940277763,216.3965721036551,216.82138061523438,95446300
2017-09-15 00:00:00-04:00,216.67759754003498,217.2003550835836,216.57304869024819,217.1132354736328,95432400
2017-09-18 00:00:00-04:00,217.4792170853588,217.92356308829662,217.1916943912399,217.57505798339844,46235200
2017-09-19 00:00:00-04:00,217.81901441542607,217.8800101208788,217.4705093102084,217.79287719726562,47108100
2017-09-20 00:00:00-04:00,217.8800133835203,217.98456225772762,216.8780379254347,217.8712921142578,59574100
2017-09-21 00:00:00-04:00,217.71446667763573,217.80158630708547,217.11328406757664,217.28753662109375,48211400
2017-09-22 00:00:00-04:00,216.99131857041976,217.49666031124144,216.965181350603,217.33111572265625,51214000
2017-09-25 00:00:00-04:00,217.078415797405,217.42693418335082,216.14615736606112,216.88673400878906,57064400
2017-09-26 00:00:00-04:00,217.31368674271752,217.5576429910503,216.78220778143142,217.0174560546875,54082000
2017-09-27 00:00:00-04:00,217.71449450912652,218.24597350679676,216.8344970652516,217.86260986328125,81001400
2017-09-28 00:00:00-04:00,217.58371655304015,218.20232826258177,217.49659694390587,218.12391662597656,44778800
2017-09-29 00:00:00-04:00,218.1152660598397,218.96912625058613,217.9323055151218,218.8907012939453,85578000
2017-10-02 00:00:00-04:00,219.1172323043251,219.84039306640625,218.94296644773243,219.84039306640625,59023000
2017-10-03 00:00:00-04:00,219.84036885580198,220.33698926746806,219.76194391112475,220.31085205078125,66810200
2017-10-04 00:00:00-04:00,220.16274955476476,220.81620659924897,220.04947941277652,220.57225036621094,55953600
2017-10-05 00:00:00-04:00,220.90329703403205,221.89655107859585,220.60706640372368,221.87913513183594,63522800
2017-10-06 00:00:00-04:00,221.43482880302972,221.91403334574844,221.17345659301859,221.6265106201172,80646000
2017-10-09 00:00:00-04:00,221.85306433220842,221.9140467533558,220.99920407918685,221.26058959960938,35803100
2017-10-10 00:00:00-04:00,221.8268528526845,222.21892435476173,221.28665274607897,221.84426879882812,43057400
2017-10-11 00:00:00-04:00,221.74846601668025,222.1928253173828,221.58293473218265,222.1928253173828,47674300
2017-10-12 00:00:00-04:00,221.8791388363933,222.22764390203182,221.62646136338174,221.86170959472656,47065100
2017-10-13 00:00:00-04:00,222.29736525116894,222.41063538908594,221.86172723717084,222.13182067871094,54800400
2017-10-16 00:00:00-04:00,222.35836442550584,222.61973660229094,222.01856730106783,222.4280548095703,38221700
2017-10-17 00:00:00-04:00,222.37577361386636,222.62845110323354,222.15795461008904,222.5848846435547,31561000
2017-10-18 00:00:00-04:00,222.9595271588733,223.00309361859325,222.61102207034773,222.80270385742188,40888300
2017-10-19 00:00:00-04:00,222.02729088235253,222.89856698519364,221.60908207548192,222.86370849609375,61903800
2017-10-20 00:00:00-04:00,223.6565484256935,224.03991197327463,222.84625487383053,224.0137481689453,89176400
2017-10-23 00:00:00-04:00,224.33617238355043,224.36230960211688,223.06409017535535,223.1425018310547,63915300
2017-10-24 00:00:00-04:00,223.56945016341444,223.76982664713915,223.17736528695417,223.5345916748047,66935900
2017-10-25 00:00:00-04:00,223.2034899548066,223.3167600944917,221.30411456554228,222.4280548095703,103715300
2017-10-26 00:00:00-04:00,223.03791150305648,223.30799159707485,222.5935523072667,222.7155303955078,69798000
2017-10-27 00:00:00-04:00,223.45617099962706,224.6933946976007,222.72430230377432,224.5365447998047,85562500
2017-10-30 00:00:00-04:00,223.45617803770907,224.44072426563199,223.40390359987563,223.70013427734375,54285700
2017-10-31 00:00:00-04:00,224.07475171796614,224.3012919829008,223.75238385739476,224.04861450195312,60304800
2017-11-01 00:00:00-04:00,224.82406638614185,225.16385019959108,223.97892760294408,224.3448486328125,54202700
2017-11-02 00:00:00-04:00,224.2751835197542,224.57141420229036,223.21222561689552,224.4320068359375,56449500
2017-11-03 00:00:00-04:00,224.58880179335614,225.2248428365465,224.17930101553856,225.18128967285156,59589700
2017-11-06 00:00:00-05:00,225.05058265619286,225.66048649863941,224.9808922746839,225.52980041503906,49652600
2017-11-07 00:00:00-05:00,225.63437329364842,225.96546246682587,224.86764606928728,225.3730010986328,57502200
2017-11-08 00:00:00-05:00,225.1987143113861,225.8521713274261,224.9198996031262,225.75631713867188,50469600
2017-11-09 00:00:00-05:00,224.5539533610097,225.12899866129203,223.36028301072648,224.93731689453125,95085500
2017-11-10 00:00:00-05:00,224.55396815576478,225.04188057798726,224.240294976203,224.86761474609375,59984700
2017-11-13 00:00:00-05:00,224.18802922848425,225.3032614637964,224.1531707429087,225.07672119140625,50228600
2017-11-14 00:00:00-05:00,224.27515563886934,224.65851920137254,223.4997072454137,224.55397033691406,61315200
2017-11-15 00:00:00-05:00,223.5868617639876,224.10963272602055,222.72430695963646,223.43003845214844,80811500
2017-11-16 00:00:00-05:00,224.3709977699362,225.69535437682566,224.32744460333475,225.32940673828125,67777000
2017-11-17 00:00:00-05:00,224.98087898188828,225.30324683213357,224.58879416501952,224.66720581054688,75756800
2017-11-20 00:00:00-05:00,224.91121737192094,225.24227994341484,224.6672345467641,225.05059814453125,48075500
2017-11-21 00:00:00-05:00,225.81733975476808,226.70605841961086,225.0157806095326,226.5230712890625,69176800
2017-11-22 00:00:00-05:00,226.53176008503942,226.66244616724182,226.1571177863148,226.32266235351562,45033400
2017-11-24 00:00:00-05:00,226.81061182413293,226.95001919765812,226.67120445060775,226.84544372558594,27856500
2017-11-27 00:00:00-05:00,226.88898577377117,227.18521642230988,226.53175942397152,226.73216247558594,52274900
2017-11-28 00:00:00-05:00,227.19393851606367,229.05845533169352,227.09808432955788,229.03231811523438,98971700
2017-11-29 00:00:00-05:00,229.16302253191307,229.69451476141595,228.44859636179388,228.89292907714844,77512100
2017-11-30 00:00:00-05:00,229.8077556363253,231.8029584397677,229.72934399066108,230.8968505859375,127894400
2017-12-01 00:00:00-05:00,230.67907762661457,231.15826886437077,227.19397309242424,230.4176788330078,164390900
2017-12-04 00:00:00-05:00,232.02952439117243,232.4564411501399,230.08656921379136,230.1388702392578,94040600
2017-12-05 00:00:00-05:00,229.3111114501953,231.01880480795086,229.1804253800767,229.3111114501953,77994500
2017-12-06 00:00:00-05:00,229.4070107725183,229.78167974298935,228.89296100982463,229.354736328125,75898600
2017-12-07 00:00:00-05:00,230.07785034179688,230.3914969262056,229.09330424757107,230.07785034179688,77218600
2017-12-08 00:00:00-05:00,231.0275218706693,231.34116843324517,230.0429758449776,231.3324737548828,76563900
2017-12-11 00:00:00-05:00,232.02955627441406,232.09055198814374,231.30640874768952,232.02955627441406,83077500
2017-12-12 00:00:00-05:00,232.8136834861178,232.9095376852706,232.06439878927281,232.4390411376953,85195800
2017-12-13 00:00:00-05:00,232.6829351934743,233.11857313498672,232.32570889072653,232.412841796875,102905400
2017-12-14 00:00:00-05:00,232.7091141556158,232.82238429500705,231.41092136555983,231.46319580078125,100666700
2017-12-15 00:00:00-05:00,232.46238447340687,233.85479103966375,232.40984284638893,233.39065551757812,144610300
2017-12-18 00:00:00-05:00,234.78307295431878,235.22093768316861,234.67798969541755,234.8706512451172,83653600
2017-12-19 00:00:00-05:00,235.11587726909698,235.15965305617854,233.89860037655052,233.9686737060547,82382900
2017-12-20 00:00:00-05:00,234.93193480685355,234.98447643693277,233.54829400619622,233.84603881835938,76751500
2017-12-21 00:00:00-05:00,234.4678176868451,235.03706326601684,234.0824945525494,234.32769775390625,67032300
2017-12-22 00:00:00-05:00,234.34524617275827,234.38028283977948,233.73222476304568,234.2664337158203,78720900
2017-12-26 00:00:00-05:00,233.8634690699359,234.20501628147292,233.72337591791108,233.986083984375,45244400
2017-12-27 00:00:00-05:00,234.1526393064861,234.45915008296498,233.8286235549794,234.10009765625,57751000
2017-12-28 00:00:00-05:00,234.5991967337634,234.6254675506704,234.21387360236463,234.5816650390625,45116100
2017-12-29 00:00:00-05:00,235.1596234661862,235.17712843378723,233.50450873565194,233.6971435546875,96007400
2018-01-02 00:00:00-05:00,234.55542038917878,235.40487919746303,234.17009721479332,235.36984252929688,86655700
2018-01-03 00:00:00-05:00,235.53622131969905,237.00746733124353,235.53622131969905,236.85858154296875,90070400
2018-01-04 00:00:00-05:00,237.49786222367834,238.33855510004886,236.9198775195659,237.8568878173828,80636400
2018-01-05 00:00:00-05:00,238.6450537759201,239.56455905769892,238.15464739561895,239.4419708251953,83524000
2018-01-08 00:00:00-05:00,239.3456585922554,240.0374924701482,239.05667957878705,239.87986755371094,57319200
2018-01-09 00:00:00-05:00,240.30023657018512,241.0446121981159,240.0199966378804,240.4228515625,57254000
2018-01-10 00:00:00-05:00,239.66963904678204,240.3176970387955,239.00410281126253,240.05496215820312,69574300
2018-01-11 00:00:00-05:00,240.6066514881906,241.80639648437497,240.44026076498284,241.806396484375,62361500
2018-01-12 00:00:00-05:00,242.06914205424664,243.54910021148692,241.77137052837904,243.3827362060547,90816100
2018-01-16 00:00:00-05:00,244.63508312865815,245.28311451775946,241.85900837845608,242.55084228515625,106555100
2018-01-17 00:00:00-05:00,243.47906062865408,245.24802451632235,242.5507895393176,244.86270141601562,113258800
2018-01-18 00:00:00-05:00,244.74894728490793,245.16928043871485,243.96076917122062,244.45120239257812,100728000
2018-01-19 00:00:00-05:00,245.0290998315473,245.5633087158203,244.451141888114,245.5633087158203,140920100
2018-01-22 00:00:00-05:00,245.35315351126408,247.5599822998047,245.30058515247438,247.5599822998047,91322400
2018-01-23 00:00:00-05:00,247.60384281380882,248.374489337842,247.27982705373884,248.08551025390625,97084700
2018-01-24 00:00:00-05:00,248.7247301960566,249.3202466802405,246.8156459375998,247.98912048339844,134816100
2018-01-25 00:00:00-05:00,248.84731857566186,248.94363600058514,247.30602597572388,248.09417724609375,84587300
2018-01-26 00:00:00-05:00,248.92602391441787,251.01026367651255,248.67205496458988,250.96646118164062,107743100
2018-01-29 00:00:00-05:00,250.39728926247858,250.83515394207936,249.1450026928537,249.30262756347656,90118300
2018-01-30 00:00:00-05:00,247.48115398261191,249.3552011544848,246.2726430359597,246.74554443359375,131796400
2018-01-31 00:00:00-05:00,247.59500397492036,248.09414946433438,245.79974251690325,246.86813354492188,108364800
2018-02-01 00:00:00-05:00,246.14137815853812,247.8840718862473,245.79983071282405,246.58798217773438,90102500
2018-02-02 00:00:00-05:00,245.27425454388424,245.40563532111472,241.1846136129507,241.2196502685547,173174800
2018-02-05 00:00:00-05:00,239.4682013576867,241.56994645187018,230.58829292395254,231.13124084472656,294681800
2018-02-06 00:00:00-05:00,227.63716219013648,236.18429193210724,226.55126600084088,235.68511962890625,355026800
2018-02-07 00:00:00-05:00,235.133368376804,238.51367138461782,234.32768548587262,234.40652465820312,167376100
2018-02-08 00:00:00-05:00,234.70425744685963,234.84437736527985,225.57914485766418,225.6141815185547,246449500
2018-02-09 00:00:00-05:00,228.3902136018895,230.8510110430975,221.48947511397188,229.00323486328125,283565300
2018-02-12 00:00:00-05:00,231.04371344712894,233.8285537034904,229.14339530591576,232.36607360839844,143736000
2018-02-13 00:00:00-05:00,231.16634649666958,233.48702462091063,230.58836174636198,232.94407653808594,81223600
2018-02-14 00:00:00-05:00,231.46402540637033,236.44692761145242,231.45525956071054,236.08787536621094,120735700
2018-02-15 00:00:00-05:00,237.8218908915382,239.10921445633494,235.36983200732504,239.10044860839844,111200300
2018-02-16 00:00:00-05:00,238.47866412771558,241.10585263073057,238.43486161757926,239.17047119140625,160420100
2018-02-20 00:00:00-05:00,238.2246721826289,239.6608812542457,236.88480724393318,237.67295837402344,86369700
2018-02-21 00:00:00-05:00,238.11079672544412,240.580359821488,236.39437474155326,236.49069213867188,98883700
2018-02-22 00:00:00-05:00,237.4103237176393,239.11798057383194,236.13176585643905,236.79730224609375,110511300
2018-02-23 00:00:00-05:00,238.01457016716648,240.57168579101562,237.5416686709184,240.57168579101562,92766400
2018-02-26 00:00:00-05:00,241.64009156013054,243.46162431618382,241.05336762271463,243.3652801513672,86491400
2018-02-27 00:00:00-05:00,243.54915568994895,244.25852128064295,240.26516956236426,240.32647705078125,99099200
2018-02-28 00:00:00-05:00,241.42114191195762,241.86777258257086,237.5767026707905,237.89195251464844,121907800
2018-03-01 00:00:00-05:00,237.6817492889229,239.2230417770956,232.94404943733431,234.43280029296875,176855100
2018-03-02 00:00:00-05:00,232.7689045215854,236.20177612876677,231.91070666364885,235.64129638671875,139083200
2018-03-05 00:00:00-05:00,234.45910619300275,238.9778743434757,234.35399618705415,238.36485290527344,97307400
2018-03-06 00:00:00-05:00,239.33684657652208,239.4156857446797,237.48030442954752,238.96905517578125,79213200
2018-03-07 00:00:00-05:00,236.8147762535979,239.2317714301234,236.622114700202,238.88148498535156,87063500
2018-03-08 00:00:00-05:00,239.55583875351536,240.16009435932494,238.56628668291333,240.03750610351562,66901200
2018-03-09 00:00:00-05:00,241.4386284167574,244.2146759033203,241.1233519067647,244.2146759033203,113625300
2018-03-12 00:00:00-04:00,244.50371957523032,245.12548011979828,243.52287995579383,243.908203125,71924800
2018-03-13 00:00:00-04:00,245.06415054281683,245.5633227931773,241.72762314328241,242.33187866210938,91968900
2018-03-14 00:00:00-04:00,243.28639204480373,243.47028774299733,240.53661551772396,241.0883026123047,105895100
2018-03-15 00:00:00-04:00,241.59625351918692,242.23551893629133,240.326435081549,240.8256072998047,83433000
2018-03-16 00:00:00-04:00,241.35050652833516,242.13304017575965,241.03399415331734,241.0867462158203,100343700
2018-03-19 00:00:00-04:00,240.33944568211206,241.26263382369024,236.1806449023751,237.82481384277344,109208400
2018-03-20 00:00:00-04:00,238.22040131692847,238.86225378818347,237.55217281711097,238.2292022705078,59757300
2018-03-21 00:00:00-04:00,238.1852761168424,240.26906332282726,237.56102541703248,237.77203369140625,78709600
2018-03-22 00:00:00-04:00,235.55640195080238,236.4004620081749,231.55585726268973,231.8284454345703,148785900
2018-03-23 00:00:00-04:00,232.26802203099732,232.59333538854,226.69363651223378,226.88706970214844,183534800
2018-03-26 00:00:00-04:00,230.47438871139857,233.37585994770197,228.08286310594158,233.09449768066406,141956100
2018-03-27 00:00:00-04:00,234.02653772309125,234.55405848806072,227.58171511179825,229.12918090820312,129941400
2018-03-28 00:00:00-04:00,229.2609970696875,230.92276751178565,227.35304139529825,228.45208740234375,146452300
2018-03-29 00:00:00-04:00,229.5863506067516,233.22640449908832,228.46092837170607,231.37120056152344,111601600
2018-04-02 00:00:00-04:00,230.84364808375824,231.35362053546535,223.91527011290827,226.37713623046875,186286300
2018-04-03 00:00:00-04:00,227.60808053535254,229.7534209867967,225.82323047794938,229.27862548828125,119956900
2018-04-04 00:00:00-04:00,225.7440879428702,232.43506828346253,225.61220776620473,231.731689453125,123715300
2018-04-05 00:00:00-04:00,233.481315658721,234.43970735903093,232.39987159440355,233.5604705810547,82652600
2018-04-06 00:00:00-04:00,231.60861043926135,233.0944962072635,226.84313433809155,228.3554229736328,179521200
2018-04-09 00:00:00-04:00,229.8061636069654,232.85711698010886,228.54886117383796,229.48085021972656,105442900
2018-04-10 00:00:00-04:00,232.35590597309297,233.91217232519995,231.22170978854876,233.129638671875,103529000
2018-04-11 00:00:00-04:00,231.65254552602107,233.56050139208276,231.58221838066342,231.90753173828125,91140200
2018-04-12 00:00:00-04:00,233.22641695426427,234.75628075943132,233.05055882007272,233.81549072265625,68890500
2018-04-13 00:00:00-04:00,235.11672248173076,235.23102756207518,232.12732264458262,233.129638671875,85079200
2018-04-16 00:00:00-04:00,234.75621987041131,235.81131473753118,233.93853610609082,235.04635620117188,63405300
2018-04-17 00:00:00-04:00,236.80486221155488,238.15889454908293,236.2949166162728,237.56101989746094,64682000
2018-04-18 00:00:00-04:00,238.000622501896,238.53694409515595,237.27964185296193,237.7368621826172,57303900
2018-04-19 00:00:00-04:00,237.08612448926448,237.28835855035413,235.389204429369,236.4179229736328,77655900
2018-04-20 00:00:00-04:00,236.34763116423247,236.5674403540978,233.53406280108553,234.41329956054688,99953100
2018-04-23 00:00:00-04:00,234.98483410364858,235.538757576906,233.30548860758378,234.37815856933594,65558000
2018-04-24 00:00:00-04:00,235.3981317325626,235.61794098262143,229.7270423481719,231.2217559814453,112885500
2018-04-25 00:00:00-04:00,231.16020694260604,232.23287717469967,229.34898083742598,231.7932586669922,103840900
2018-04-26 00:00:00-04:00,232.81313627929157,234.9760514475194,232.37351784814558,234.14956665039062,67731900
2018-04-27 00:00:00-04:00,234.75620529436938,235.05514256065098,233.43735020844596,234.3693389892578,57053600
2018-04-30 00:00:00-04:00,234.98491865457362,235.53884232714069,232.4966626067228,232.5670166015625,82182300
2018-05-01 00:00:00-04:00,232.0042120242767,233.08568295672404,230.45674665729734,232.9801788330078,74203400
2018-05-02 00:00:00-04:00,232.7867838895088,233.59566685895032,231.02830998632697,231.41517639160156,86368900
2018-05-03 00:00:00-04:00,230.58869996761013,231.55583918408507,227.76632993031865,230.90521240234375,136311500
2018-05-04 00:00:00-04:00,229.93804120526443,234.57163717893877,229.61272782167768,233.8946075439453,91222100
2018-05-07 00:00:00-04:00,234.65956756772937,235.6530828038007,233.97373697292065,234.68594360351562,55304900
2018-05-08 00:00:00-04:00,234.316652270325,235.04640714853366,233.1296769955772,234.68594360351562,67499200
2018-05-09 00:00:00-04:00,235.3540977861297,237.27962850508365,234.8353512992768,236.95431518554688,59666100
2018-05-10 00:00:00-04:00,237.69284120768543,239.4952925036921,237.5873370990751,239.16995239257812,72063900
2018-05-11 00:00:00-04:00,239.29311991959236,240.16355587155402,238.78314748731788,239.89979553222656,59871500
2018-05-14 00:00:00-04:00,240.3305656895721,240.9811922865384,239.46890403053305,240.01405334472656,54790600
2018-05-15 00:00:00-04:00,238.79194725689806,238.80952233537226,237.42033983484427,238.3611297607422,87036100
2018-05-16 00:00:00-04:00,238.39630995615346,239.82066946496752,238.3699070898157,239.3634490966797,53942600
2018-05-17 00:00:00-04:00,239.09967134595718,240.2338943964654,238.3874916434049,239.16122436523438,56536400
2018-05-18 00:00:00-04:00,238.81829490037902,239.17878520760263,238.211619362878,238.5633087158203,64368000
2018-05-21 00:00:00-04:00,240.04043649829885,240.89329722901473,239.65357017722093,240.35694885253906,58025900
2018-05-22 00:00:00-04:00,240.87581837255738,241.1308046762949,239.36352929911214,239.6888427734375,52966400
2018-05-23 00:00:00-04:00,238.4226104658207,240.37451687164608,238.26432747883928,240.34811401367188,64694200
2018-05-24 00:00:00-04:00,239.95256498048465,240.22512629492573,238.07978593906626,239.8558349609375,76043800
2018-05-25 00:00:00-04:00,239.2843475341797,239.90859829990939,238.78317599743784,239.2843475341797,56374800
2018-05-29 00:00:00-04:00,237.66658730633534,238.42274519355385,235.42454334976165,236.53236389160156,115908600
2018-05-30 00:00:00-04:00,237.83366514106754,240.12846137813446,237.7633379704797,239.6888427734375,69678400
2018-05-31 00:00:00-04:00,239.2842975163006,239.58323481813724,237.62255386312358,238.22042846679688,93519900
2018-06-01 00:00:00-04:00,239.51292531080648,240.85815668419576,239.44257133332516,240.55921936035156,71258400
2018-06-04 00:00:00-04:00,241.3768808866275,241.95718040231645,241.13949660700942,241.7021942138672,45385200
2018-06-05 00:00:00-04:00,241.83418061011596,242.2562241248021,241.0692485409017,241.87815856933594,51135000
2018-06-06 00:00:00-04:00,242.484786120849,244.00584899825836,241.8693094717872,243.9003448486328,62732200
2018-06-07 00:00:00-04:00,244.38398076046977,244.67411721877548,242.9683949719898,243.87400817871094,72969400
2018-06-08 00:00:00-04:00,243.4167202839464,244.64764647208725,243.2496631406796,244.5948944091797,72139700
2018-06-11 00:00:00-04:00,244.81475342108018,245.63243739467774,244.70044831746642,244.92025756835938,58892500
2018-06-12 00:00:00-04:00,245.33347381049114,245.59723415049666,244.59491802629464,245.2367706298828,72329000
2018-06-13 00:00:00-04:00,245.47418757980134,245.72917383050293,244.25203523349435,244.4542694091797,79070600
2018-06-14 00:00:00-04:00,245.31590267258005,245.59723809571156,244.4806168621763,245.06971740722656,77097600
2018-06-15 00:00:00-04:00,244.28896261504903,245.09266415404826,243.18498142730266,244.75704956054688,120041600
2018-06-18 00:00:00-04:00,243.30858681176798,244.37725989106102,242.83168639650918,244.25360107421875,52917600
2018-06-19 00:00:00-04:00,241.9926664764349,243.53824007619315,241.57756848867896,243.31744384765625,97531500
2018-06-20 00:00:00-04:00,243.9975497422878,244.3949938376879,243.3969903137169,243.73260498046875,53785500
2018-06-21 00:00:00-04:00,243.72377625249436,243.74145720591562,241.7101151075897,242.20469665527344,71061400
2018-06-22 00:00:00-04:00,243.458751680338,243.57357002925116,242.42541349278358,242.64620971679688,54898500
2018-06-25 00:00:00-04:00,241.498113246504,241.65708008095126,237.66509350638052,239.3431396484375,137854200
2018-06-26 00:00:00-04:00,239.9083360379713,240.72085097412534,239.15762355483264,239.8730010986328,68547400
2018-06-27 00:00:00-04:00,240.45596646380378,241.8778814341139,237.73574146013553,237.88589477539062,105110700
2018-06-28 00:00:00-04:00,237.83285527351336,240.00548245292865,237.12629122348952,239.24595642089844,76650500
2018-06-29 00:00:00-04:00,240.33226513097114,241.69237739233853,239.4755747196289,239.59039306640625,97592500
2018-07-02 00:00:00-04:00,238.02718281831372,240.2616396479265,237.7887056337919,240.10264587402344,63554800
2018-07-03 00:00:00-04:00,240.9947281225317,241.0918925046446,238.83094067165655,239.25485229492188,42187100
2018-07-05 00:00:00-04:00,240.37646544509775,241.26846393810172,239.3077922241397,241.20663452148438,56925900
2018-07-06 00:00:00-04:00,241.2330746417944,243.61765708849907,240.85328474819391,243.24673461914062,66493700
2018-07-09 00:00:00-04:00,244.24485888339203,245.4901532629918,244.2007104039906,245.43716430664062,50550400
2018-07-10 00:00:00-04:00,245.8875299733104,246.41744634420857,245.5960638406166,246.32028198242188,51966800
2018-07-11 00:00:00-04:00,244.7747011260493,245.56074866119906,244.21829030052362,244.51856994628906,77054700
2018-07-12 00:00:00-04:00,245.77275928969894,246.7884168085472,245.17219986409648,246.7354278564453,60124700
2018-07-13 00:00:00-04:00,246.5588410779657,247.23004354824909,246.10840797017244,246.9297637939453,48216000
2018-07-16 00:00:00-04:00,246.97381866635394,247.11510452073574,246.26725463113468,246.70884704589844,48201000
2018-07-17 00:00:00-04:00,245.94049365022576,248.09546690521418,245.887504713846,247.7068634033203,52315500
2018-07-18 00:00:00-04:00,247.78641951710858,248.3339899888181,247.3448269492562,248.22801208496094,44593500
2018-07-19 00:00:00-04:00,247.56564011292068,247.94540327852593,246.8149273058516,247.29185485839844,61412100
2018-07-20 00:00:00-04:00,247.0886386829849,247.71571939052308,246.85018845434266,247.0091552734375,82337700
2018-07-23 00:00:00-04:00,246.80605608213324,247.67156012208483,246.46160099896863,247.46844482421875,47047600
2018-07-24 00:00:00-04:00,248.87276945761016,249.55281237067854,247.84827137316475,248.71377563476562,68026900
2018-07-25 00:00:00-04:00,248.46641780028833,251.15130767798,248.4222693324907,250.8333740234375,78882900
2018-07-26 00:00:00-04:00,250.11791478973996,250.92158913866066,250.02075045853533,250.24154663085938,57919500
2018-07-27 00:00:00-04:00,250.56843391946245,250.66559829458888,247.62743943383978,248.54595947265625,76768700
2018-07-30 00:00:00-04:00,248.62547795782498,248.78444482753693,246.72660818757302,247.24771118164062,63742500
2018-07-31 00:00:00-04:00,248.00721461622982,249.07586107857932,247.62745147833215,248.46646118164062,68570500
2018-08-01 00:00:00-04:00,248.66954026480906,249.17296213045086,247.4065923164075,248.05130004882812,53853300
2018-08-02 00:00:00-04:00,246.7530785758447,249.57041402631015,246.5499363158962,249.4026336669922,63426400
2018-08-03 00:00:00-04:00,249.52628369791557,250.52428716723554,249.34963589792847,250.47129821777344,53935400
2018-08-06 00:00:00-04:00,250.50661599135427,251.69889422516871,250.1180124201648,251.38980102539062,39400900
2018-08-07 00:00:00-04:00,252.0522970832231,252.59986772496399,251.91979770958662,252.22007751464844,43196600
2018-08-08 00:00:00-04:00,252.0521501780795,252.51139662062386,251.6547061941744,252.11395263671875,42114600
2018-08-09 00:00:00-04:00,252.1757581990465,252.5643616723958,251.63702840120314,251.76950073242188,35717000
2018-08-10 00:00:00-04:00,250.338788045859,250.8775179349385,249.3760927197562,250.08265686035156,77076000
2018-08-13 00:00:00-04:00,250.35644346636187,250.96584324930072,248.85501824263818,249.146484375,65732900
2018-08-14 00:00:00-04:00,249.87074765745612,250.9747290647368,249.48214404587964,250.7362518310547,43842000
2018-08-15 00:00:00-04:00,249.39377745931876,249.5350902895857,247.43310573744802,248.86386108398438,102925400
2018-08-16 00:00:00-04:00,250.29462761533514,251.74306397579707,250.2592926680228,250.87753295898438,69967900
2018-08-17 00:00:00-04:00,250.6743692338246,252.20228888038022,250.26811170886324,251.7606964111328,65618500
2018-08-20 00:00:00-04:00,252.21112985079523,252.5643984363551,251.7606969064238,252.29945373535156,39807500
2018-08-21 00:00:00-04:00,252.81172141353707,253.747895413475,252.33479393818433,252.89120483398438,67272000
2018-08-22 00:00:00-04:00,252.48482045460943,253.26202722332755,252.219848900189,252.74095153808594,44993300
2018-08-23 00:00:00-04:00,252.56437757407272,253.42106797344053,252.087450198996,252.40541076660156,49204900
2018-08-24 00:00:00-04:00,252.97950040100943,254.06582759747945,252.9265114599783,253.9245147705078,57487400
2018-08-27 00:00:00-04:00,255.11685536711917,256.035375491021,254.95788850509936,255.9293975830078,57072400
2018-08-28 00:00:00-04:00,256.38853558039983,256.4945403961893,255.59367465427576,256.0529479980469,46943500
2018-08-29 00:00:00-04:00,256.2649146482262,257.6603348266685,256.0264644460227,257.43072509765625,61485500
2018-08-30 00:00:00-04:00,256.9538927975245,257.32481547150365,255.79692239327863,256.3886413574219,61229500
2018-08-31 00:00:00-04:00,255.9823323995439,256.8390229116999,255.49659143965482,256.3974304199219,66140800
2018-09-04 00:00:00-04:00,255.98241183802043,256.3091860709166,254.95791370484514,255.95591735839844,57594400
2018-09-05 00:00:00-04:00,255.6025518390774,255.805694074358,254.2601204588702,255.26693725585938,72452400
2018-09-06 00:00:00-04:00,255.3729254168747,255.67320506851195,253.47408314620807,254.4985809326172,65909900
2018-09-07 00:00:00-04:00,253.45641221855826,254.975491324147,253.21793504593447,254.0039825439453,73524800
2018-09-10 00:00:00-04:00,255.01078092027728,255.27575254267305,254.25125489859965,254.445556640625,50210900
2018-09-11 00:00:00-04:00,253.8008929804244,255.72622999265644,253.4564648134547,255.28463745117188,50530500
2018-09-12 00:00:00-04:00,255.2934466046117,255.94699486096997,254.56041493485847,255.346435546875,59810800
2018-09-13 00:00:00-04:00,256.40625295326265,257.04214717503464,256.1236273096607,256.8566589355469,51034200
2018-09-14 00:00:00-04:00,257.0598152146336,257.24527651158894,256.1236413026373,256.9008483886719,55079900
2018-09-17 00:00:00-04:00,256.847910461356,256.8832184612494,255.26700150429582,255.54078674316406,68244000
2018-09-18 00:00:00-04:00,255.7527169447676,257.519087058753,255.7262224711646,256.9273681640625,61930400
2018-09-19 00:00:00-04:00,256.98037559487085,257.61626995974973,256.8567167407164,257.201171875,49080600
2018-09-20 00:00:00-04:00,258.4552922550464,259.603422066902,257.21881159283953,259.28546142578125,100360600
2018-09-21 00:00:00-04:00,260.02442954150337,260.1397676489561,258.8888365272103,259.04852294921875,105479700
2018-09-24 00:00:00-04:00,258.4719238918122,258.61387643830426,257.6113551925466,258.1880187988281,53409600
2018-09-25 00:00:00-04:00,258.6404268642502,258.74688447911296,257.70889565952746,257.94842529296875,44370000
2018-09-26 00:00:00-04:00,258.09037198021355,259.27031328454706,256.75959767511273,257.17657470703125,79739700
2018-09-27 00:00:00-04:00,257.6468534809221,258.97762816274417,257.37182887932,257.895263671875,59249500
2018-09-28 00:00:00-04:00,257.2741607004745,258.4186342232433,257.23869287821276,257.92181396484375,70091400
2018-10-01 00:00:00-04:00,259.15503895977173,259.8825355901914,258.1525448125983,258.81793212890625,62078900
2018-10-02 00:00:00-04:00,258.66705322265625,259.37678873765856,258.2944515534161,258.66705322265625,47258200
2018-10-03 00:00:00-04:00,259.713968516545,260.1309456508911,258.45418369340865,258.8090515136719,64694600
2018-10-04 00:00:00-04:00,258.32991396912035,258.38314277789755,255.20703986393897,256.7862243652344,111545900
2018-10-05 00:00:00-04:00,257.00801142314197,257.5225655821874,253.92948573757167,255.34898376464844,105951700
2018-10-08 00:00:00-04:00,254.66583561726435,255.7038515027494,253.29071297912077,255.34898376464844,87742200
2018-10-09 00:00:00-04:00,254.96755649215584,256.27168961852533,254.41748024384887,254.97640991210938,74339000
2018-10-10 00:00:00-04:00,254.4707006802982,254.54169048566087,246.5304286787264,246.9030303955078,214731000
2018-10-11 00:00:00-04:00,245.82064414383953,247.4353236388137,239.85877353327564,241.464599609375,274840500
2018-10-12 00:00:00-04:00,245.54564580207276,245.82955087923344,241.64204575248766,244.81817626953125,183186500
2018-10-15 00:00:00-04:00,244.46329409768276,245.7852153367795,243.3543152148686,243.4430389404297,102263700
2018-10-16 00:00:00-04:00,245.3948135846346,249.13872678069512,244.92460769607447,248.76609802246094,118255800
2018-10-17 00:00:00-04:00,248.80162060409677,249.43151299855074,246.2465290481367,248.8105010986328,110626000
2018-10-18 00:00:00-04:00,247.8789411434179,248.47336570550362,243.94872669197238,245.21739196777344,134557500
2018-10-19 00:00:00-04:00,245.86507610708338,247.79024842316747,244.3923487966821,245.0843505859375,139901600
2018-10-22 00:00:00-04:00,245.7496773022289,246.06905016858272,243.45187670926651,243.98419189453125,82415800
2018-10-23 00:00:00-04:00,240.38219819058696,243.85993971618208,238.3061665463707,242.74208068847656,146352700
2018-10-24 00:00:00-04:00,242.49372297586885,242.875232251274,234.8373562549833,235.3874053955078,177806700
2018-10-25 00:00:00-04:00,237.2150192376304,241.14523383340236,236.1947640977696,239.6103973388672,138061500
2018-10-26 00:00:00-04:00,235.91974787880403,240.42662622883205,232.6992688117605,235.3962860107422,201574600
2018-10-29 00:00:00-04:00,238.47474176561738,239.76116774155568,230.53447141916476,234.09205627441406,160749100
2018-10-30 00:00:00-04:00,233.92356062912407,237.87150885425123,233.43559371949442,237.5609893798828,157116000
2018-10-31 00:00:00-04:00,240.11607680886604,242.40502414189297,239.64587089544221,240.0983428955078,128296300
2018-11-01 00:00:00-04:00,240.95888921985446,242.84859319283507,239.8765249621915,242.65341186523438,99495000
2018-11-02 00:00:00-04:00,243.75356303564863,244.1794206815585,239.17569487216855,241.2162322998047,122634100
2018-11-05 00:00:00-05:00,241.70411669077308,243.0970003719423,240.73709055773415,242.5469512939453,65622500
2018-11-06 00:00:00-05:00,242.48489882784148,244.2415040919282,242.42278951101324,244.08181762695312,60085900
2018-11-07 00:00:00-05:00,246.2465046558192,249.38713997180966,245.82064708045033,249.3072967529297,102752100
2018-11-08 00:00:00-05:00,248.50879828247398,249.49358541660058,247.71921955120257,248.8548126220703,65584900
2018-11-09 00:00:00-05:00,247.5507241335671,247.73702502233843,245.02224663008394,246.42401123046875,98812600
2018-11-12 00:00:00-05:00,245.9182543346288,246.15778399423746,241.3048919723185,241.81947326660156,99673600
2018-11-13 00:00:00-05:00,242.28078648339832,244.2680676104156,240.6483731183949,241.3669891357422,98176600
2018-11-14 00:00:00-05:00,243.2301414635413,243.62935764576957,238.16433313693375,239.71690368652344,125335900
2018-11-15 00:00:00-05:00,238.4570567918774,242.68005673296886,236.88675255543484,242.2187042236328,135101400
2018-11-16 00:00:00-05:00,241.12748033076366,243.75353448626663,240.6128990178907,242.84861755371094,126668000
2018-11-19 00:00:00-05:00,242.24526170706753,242.53804720375695,237.82710852676735,238.74090576171875,103061700
2018-11-20 00:00:00-05:00,235.4227754364128,236.87776798089914,233.46210935725261,234.3226776123047,136021300
2018-11-21 00:00:00-05:00,235.86650747846366,237.01098136273677,235.1124234344435,235.12127685546875,75563700
2018-11-23 00:00:00-05:00,233.48879401808904,234.94378700042947,233.39121689288703,233.5509033203125,42807900
2018-11-26 00:00:00-05:00,235.79554651987118,237.54329848244925,235.40518375134843,237.32150268554688,79981400
2018-11-27 00:00:00-05:00,236.2923845219027,238.11997985839844,235.68910640736095,238.11997985839844,75502400
2018-11-28 00:00:00-05:00,239.18453772119085,243.60269165039062,238.05779800456682,243.60269165039062,127629600
2018-11-29 00:00:00-05:00,242.83084731891725,244.4632607628635,241.6952541807513,243.07040405273438,82346400
2018-11-30 00:00:00-05:00,242.91949745091,245.11083984376015,242.6001246687948,244.55191040039062,98204200
2018-12-03 00:00:00-05:00,248.6595641425757,248.76602173380243,246.20207782953432,247.7901153564453,103176300
2018-12-04 00:00:00-05:00,246.9651842740236,247.39104195901646,239.45074144985517,239.76126098632812,177986000
2018-12-06 00:00:00-05:00,235.9197036518377,239.5127837949778,232.83229721703475,239.39744567871094,204185400
2018-12-07 00:00:00-05:00,239.06030166124987,240.62175226185676,233.0008542401647,233.83480834960938,161018900
2018-12-10 00:00:00-05:00,233.657372960395,235.2454380472968,229.4432538802468,234.27841186523438,151445900
2018-12-11 00:00:00-05:00,237.46337375728586,237.6496745818424,232.8677729204053,234.3316192626953,121504400
2018-12-12 00:00:00-05:00,237.2948278377277,238.65221668607788,235.43173820331026,235.51158142089844,97976700
2018-12-13 00:00:00-05:00,236.45201779242177,237.3125864377424,234.3227838778724,235.4317626953125,96662700
2018-12-14 00:00:00-05:00,233.2936104737999,234.2429026855889,230.53448461905714,231.08453369140625,116961100
2018-12-17 00:00:00-05:00,230.13525384256258,231.2442325398327,224.92749421213006,226.55104064941406,165492300
2018-12-18 00:00:00-05:00,228.18349538620993,228.84888268565493,224.70572585491885,226.3026580810547,134515100
2018-12-19 00:00:00-05:00,226.38249365580683,230.13527410736953,221.21909542606414,222.91360473632812,214992800
2018-12-20 00:00:00-05:00,221.67157418955173,223.2330116022719,217.049344192834,219.28504943847656,252053400
2018-12-21 00:00:00-05:00,220.1818309485332,222.83215230759592,214.1494434382455,214.7919464111328,255345600
2018-12-24 00:00:00-05:00,213.31066967349895,214.91692748461426,209.05410349453476,209.11656188964844,147311600
2018-12-26 00:00:00-05:00,210.57113075666766,219.68215942382812,208.5990003574158,219.68215942382812,218485400
2018-12-27 00:00:00-05:00,216.46071205816327,221.56502090465517,213.2392779193472,221.36871337890625,186267300
2018-12-28 00:00:00-05:00,222.7161880021992,224.34028325034785,219.92308458520284,221.08316040039062,153100200
2018-12-31 00:00:00-05:00,222.698295014504,223.2604885336004,220.8332580470889,223.01954650878906,144299400
2019-01-02 00:00:00-05:00,219.50366137573045,224.1707342291096,219.47689154888744,223.2515869140625,126925200
2019-01-03 00:00:00-05:00,221.5114719055297,221.81488595919683,217.4422949789893,217.92417907714844,144140700
2019-01-04 00:00:00-05:00,220.94035994976915,225.8662121607663,220.56556877081383,225.2237091064453,142628800
2019-01-07 00:00:00-05:00,225.49142984951663,228.40053118136873,224.59906597413217,226.99952697753906,103139100
2019-01-08 00:00:00-05:00,229.1768824554094,229.6141320120839,226.66040995079652,229.1322479248047,102512600
2019-01-09 00:00:00-05:00,229.83722205027829,231.04191864728134,228.61468798077402,230.20309448242188,95006600
2019-01-10 00:00:00-05:00,228.67714800280606,231.26499748458872,227.99894282433766,231.01513671875,96823900
2019-01-11 00:00:00-05:00,229.94426573870612,231.13112467939558,229.36423479524905,231.10435485839844,73858100
2019-01-14 00:00:00-05:00,229.2125434323212,230.49754943156907,228.8109960780443,229.69442749023438,70908200
2019-01-15 00:00:00-05:00,230.06927046385758,232.6392828891841,230.06033811024096,232.3269500732422,85208300
2019-01-16 00:00:00-05:00,232.75522277360974,233.77253051091907,232.54999654199065,232.88909912109375,77636700
2019-01-17 00:00:00-05:00,232.02350340495772,235.5126488760363,231.97886887854872,234.6559600830078,96118400
2019-01-18 00:00:00-05:00,236.45864597060617,238.24337414757653,234.69175527160084,237.77932739257812,127900300
2019-01-22 00:00:00-05:00,236.31581002034758,236.52996863776605,232.96051310594098,234.56675720214844,115531200
2019-01-23 00:00:00-05:00,235.59301047584734,236.28905325371463,232.60358585615072,235.05758666992188,86030300
2019-01-24 00:00:00-05:00,234.87909465890846,235.76255343882323,233.8707190939541,235.1824951171875,59204100
2019-01-25 00:00:00-05:00,237.02066475711823,237.9933649722263,235.28057220868996,237.17237854003906,96883400
2019-01-28 00:00:00-05:00,235.03976376386785,235.4323788642441,233.61197593716147,235.36993408203125,85613700
2019-01-29 00:00:00-05:00,235.51270098987644,236.07486739167285,234.22769474876972,235.05758666992188,66136300
2019-01-30 00:00:00-05:00,236.565626676837,239.61749533673162,235.8071120713006,238.77867126464844,92473700
2019-01-31 00:00:00-05:00,238.7162274696689,241.35761645588957,238.50204165856266,240.875732421875,104012100
2019-02-01 00:00:00-05:00,241.0720697261744,242.00906803486546,240.20647577024255,240.99176025390625,85782500
2019-02-04 00:00:00-05:00,241.03634704265647,242.74969733695082,240.36707426458165,242.68722534179688,60744800
2019-02-05 00:00:00-05:00,243.1155959499973,244.00795975036206,242.6158744004156,243.70455932617188,79552800
2019-02-06 00:00:00-05:00,243.42792005055753,243.91870923015293,242.65156792915562,243.38328552246094,58347800
2019-02-07 00:00:00-05:00,241.77706684167765,242.32139572551998,239.41230805498316,241.0631866455078,95482000
2019-02-08 00:00:00-05:00,239.82279901263277,241.45581297325145,239.00181223916871,241.357666015625,75788900
2019-02-11 00:00:00-05:00,242.0090871381183,242.26785304714784,240.96500945065426,241.4915008544922,68021400
2019-02-12 00:00:00-05:00,243.0977895056119,244.9717319393332,243.0263851421111,244.59695434570312,72270200
2019-02-13 00:00:00-05:00,245.42676967549392,246.22989150119363,245.00735767733852,245.3910675048828,65277200
2019-02-14 00:00:00-05:00,244.31136276656764,245.97117361390244,243.4993084316864,244.84678649902344,83234400
2019-02-15 00:00:00-05:00,246.61367262481926,247.55067105300293,246.4084463582226,247.5149688720703,97088700
2019-02-19 00:00:00-05:00,246.72071868588148,248.59466061729628,246.71178633464183,247.94325256347656,59120800
2019-02-20 00:00:00-05:00,247.90759992306843,248.8981379613445,247.40787834381004,248.44302368164062,76610800
2019-02-21 00:00:00-05:00,247.80935470910865,248.16629466236108,246.6046585382055,247.5594940185547,64214700
2019-02-22 00:00:00-05:00,248.17529101841103,249.29074580289446,247.54172032600366,249.09445190429688,78114600
2019-02-25 00:00:00-05:00,250.51331257734034,251.03087162618647,249.35322323654609,249.43353271484375,69030700
2019-02-26 00:00:00-05:00,249.0855146154646,250.12956502269301,248.8802611353853,249.25506591796875,56844100
2019-02-27 00:00:00-05:00,248.54113644381616,249.4959721714288,247.6130977715903,249.14796447753906,56921600
2019-02-28 00:00:00-05:00,248.9338207584465,249.3710975786756,248.36272203533355,248.6839599609375,69268300
2019-03-01 00:00:00-05:00,250.25442499082058,250.6470671139488,248.80880046147263,250.23658752441406,78880500
2019-03-04 00:00:00-05:00,251.28962707773027,251.53055547648802,247.04196708850938,249.326416015625,106494600
2019-03-05 00:00:00-05:00,249.45139709268793,249.64771822808515,248.44302158963777,248.9873504638672,59114600
2019-03-06 00:00:00-05:00,249.10341818284977,249.11235053780916,247.15807109696712,247.47930908203125,75039800
2019-03-07 00:00:00-05:00,247.03310884791438,247.17589035279158,244.57020277894787,245.40902709960938,94885100
2019-03-08 00:00:00-05:00,243.56181425633898,245.08774895787133,243.09779481459196,244.91819763183594,85795800
2019-03-11 00:00:00-04:00,245.63210731638674,248.63043708887793,245.60533748744615,248.46981811523438,65098900
2019-03-12 00:00:00-04:00,249.02305887138553,249.92435509272266,248.8356700842505,249.40676879882812,79667500
2019-03-13 00:00:00-04:00,250.29024306141176,251.98572906946617,250.12959685826823,251.0576629638672,80639200
2019-03-14 00:00:00-04:00,251.0843766719062,251.50378871150951,250.4597384047559,250.89698791503906,67518400
2019-03-15 00:00:00-04:00,251.4465206487271,252.94331746740397,251.25827906935984,252.13665771484375,81309000
2019-03-18 00:00:00-04:00,252.35174880816894,253.34665009720194,252.1276751447439,253.0508575439453,62199800
2019-03-19 00:00:00-04:00,254.10845700531755,254.87028543181057,252.226233125084,253.11355590820312,90268100
2019-03-20 00:00:00-04:00,252.8983772259184,254.0994081833288,251.2491991641283,252.35162353515625,84609200
2019-03-21 00:00:00-04:00,251.53607866734464,255.60523563223617,251.4912475347911,255.20191955566406,79550400
2019-03-22 00:00:00-04:00,253.84849671028795,254.36833541817302,250.22745973759913,250.2902069091797,122659300
2019-03-25 00:00:00-04:00,249.94962291682367,251.1327381271828,248.8471982754422,250.1020050048828,85575200
2019-03-26 00:00:00-04:00,251.84980118259705,252.91639390365796,250.56810651871353,251.96632385253906,68125900
2019-03-27 00:00:00-04:00,251.9573402796351,252.5399536018876,249.10713026060452,250.6487579345703,72224700
2019-03-28 00:00:00-04:00,251.27619351280148,252.0469937300756,250.12893753291758,251.59884643554688,56238500
2019-03-29 00:00:00-04:00,253.1046395045264,253.50795565376936,251.98427127984064,253.185302734375,82186800
2019-04-01 00:00:00-04:00,255.17501552412202,256.4835976324492,254.90611080417543,256.18780517578125,77617900
2019-04-02 00:00:00-04:00,256.37607115052464,256.5463692835884,255.5245804852058,256.3133239746094,40070400
2019-04-03 00:00:00-04:00,257.523395586194,257.91776743600843,256.11620636538987,256.71673583984375,68243200
2019-04-04 00:00:00-04:00,257.03940627316825,257.6488801360489,256.3492691654427,257.3979187011719,48997500
2019-04-05 00:00:00-04:00,258.06109087920464,258.6974522325927,257.77427011188774,258.6436767578125,58621700
2019-04-08 00:00:00-04:00,258.2223751008699,258.94837124448276,257.56807046100243,258.8408203125,53566300
2019-04-09 00:00:00-04:00,257.88194949453674,258.20460250390886,256.96773861523485,257.51446533203125,66142300
2019-04-10 00:00:00-04:00,257.9266705627704,258.4823961552368,257.51438273212386,258.39276123046875,52601500
2019-04-11 00:00:00-04:00,258.8767431671362,258.885714865524,257.756374978226,258.321044921875,55093100
2019-04-12 00:00:00-04:00,259.92546773688537,260.3467273476722,258.36592368334215,260.0688781738281,69727800
2019-04-15 00:00:00-04:00,260.1404576397442,260.23906423948523,259.1007529344028,259.8984680175781,49596700
2019-04-16 00:00:00-04:00,260.7769586585004,260.8307341532609,259.47732037871833,260.0688781738281,52153200
2019-04-17 00:00:00-04:00,261.1801610882623,261.20704882392914,259.02008848058534,259.4324035644531,58268300
2019-04-18 00:00:00-04:00,260.0150477371109,260.2122336271481,258.7243814300919,259.9433288574219,68708500
2019-04-22 00:00:00-04:00,259.18148687000274,260.3197710128511,259.091851951437,260.1673889160156,40160100
2019-04-23 00:00:00-04:00,260.5349157805691,262.739820258392,260.3018977772622,262.50677490234375,52246600
2019-04-24 00:00:00-04:00,262.42605599753017,262.7576805629462,261.7807229084622,261.92413330078125,50392900
2019-04-25 00:00:00-04:00,261.82553404227406,262.41709166992746,260.5796989626639,261.7627868652344,57770900
2019-04-26 00:00:00-04:00,261.807637361224,263.0534725329662,261.0368098429491,262.9817810058594,50916400
2019-04-29 00:00:00-04:00,263.07132913895236,263.91384790637727,262.98169424508666,263.39398193359375,57197700
2019-04-30 00:00:00-04:00,263.053468419192,263.81532422738735,261.6463068189115,263.52850341796875,81111700
2019-05-01 00:00:00-04:00,264.1559192830297,264.3620768674727,261.53872727662645,261.5476989746094,71671900
2019-05-02 00:00:00-04:00,261.4311489173669,262.34538672821753,259.49514969482624,260.9830017089844,65030200
2019-05-03 00:00:00-04:00,262.4528453117966,263.81520249881476,261.0904607720532,263.537353515625,56543700
2019-05-06 00:00:00-04:00,259.2531340651493,262.89208684427564,258.9394255801766,262.4529113769531,107198100
2019-05-07 00:00:00-04:00,260.05990474568057,260.6514625368594,256.16998898496854,258.07012939453125,144729900
2019-05-08 00:00:00-04:00,257.7115478515625,259.41450187392644,257.11999021906496,257.7115478515625,91568300
2019-05-09 00:00:00-04:00,255.6501289651859,257.5323258192694,253.92025952900033,256.93182373046875,103471100
2019-05-10 00:00:00-04:00,255.99956198160442,258.9752654873306,253.0238584758782,258.2223815917969,112429300
2019-05-13 00:00:00-04:00,253.13152104183553,254.0905354305723,250.89972899311476,251.7332763671875,127290500
2019-05-14 00:00:00-04:00,252.74606346082595,255.53355342659626,252.62059646112044,254.0098419189453,77003200
2019-05-15 00:00:00-04:00,252.38755306053397,256.1340573290502,252.1813954882787,255.49769592285156,73956400
2019-05-16 00:00:00-04:00,256.19680023221036,259.2173081278269,256.12510871199436,257.8639221191406,76749600
2019-05-17 00:00:00-04:00,255.56935725867487,258.6705277253492,255.55141386780954,256.1967468261719,100353000
2019-05-20 00:00:00-04:00,254.6013563431719,256.304310040441,253.75883751403418,254.50277709960938,62877600
2019-05-21 00:00:00-04:00,256.1878317468838,257.1737611168127,255.93687039387783,256.7973327636719,46847100
2019-05-22 00:00:00-04:00,255.8472185127596,256.9586146903073,255.53351003765886,256.008544921875,49482500
2019-05-23 00:00:00-04:00,253.7947494674691,253.83955325059122,251.4733500353622,252.8805389404297,98733800
2019-05-24 00:00:00-04:00,254.3145670546218,254.7268821770515,252.83568674916825,253.45413208007812,55268100
2019-05-28 00:00:00-04:00,253.73190875863594,254.68197837360202,251.07888572171524,251.0968017578125,70029400
2019-05-29 00:00:00-04:00,249.98544567865576,250.3887617006994,248.01358728400507,249.41180419921875,104972900
2019-05-30 00:00:00-04:00,250.16467856637118,250.9982530188687,248.9995069657973,250.09298706054688,62523800
2019-05-31 00:00:00-04:00,247.5565513560174,248.38112697686873,246.6960889437325,246.7229766845703,86862800
2019-06-03 00:00:00-04:00,246.75884551454325,247.87024198178764,244.76907055860477,246.09559631347656,96428000
2019-06-04 00:00:00-04:00,248.38111733847322,251.57192344018316,247.93297010674164,251.43748474121094,77231900
2019-06-05 00:00:00-04:00,253.0507629420872,253.64232047470728,251.2492299615094,253.6154327392578,71169700
2019-06-06 00:00:00-04:00,253.91124723987323,255.93685397607697,253.26591418029244,255.26463317871094,69430400
2019-06-07 00:00:00-04:00,256.2774339212914,258.8946254277593,256.10713580857265,257.8190612792969,74272200
2019-06-10 00:00:00-04:00,259.3606484401478,260.6602859720538,258.9125013398669,259.00213623046875,60799100
2019-06-11 00:00:00-04:00,260.81267444687654,261.18015839902773,258.29408960533016,258.9394226074219,58641300
2019-06-12 00:00:00-04:00,258.70643444478026,259.26213260858515,257.97146645593216,258.48236083984375,47096300
2019-06-13 00:00:00-04:00,259.3875322535689,259.9073981995692,258.688423881801,259.5488586425781,48945200
2019-06-14 00:00:00-04:00,259.2621154785156,259.8626173825372,258.50025980152225,259.2621154785156,52324700
2019-06-17 00:00:00-04:00,259.495125935518,260.1225429109013,259.1903891440477,259.3606872558594,39205700
2019-06-18 00:00:00-04:00,261.1712078946069,263.12512289413803,260.81266829422253,262.0764465332031,85434800
2019-06-19 00:00:00-04:00,262.21091089679237,263.19684018898215,261.24292499801845,262.66802978515625,78674400
2019-06-20 00:00:00-04:00,265.3391187437491,265.5811084913859,262.73089760823314,265.1777648925781,116570000
2019-06-21 00:00:00-04:00,264.90926466616133,266.1611589574299,264.57602721062443,264.79217529296875,83309500
2019-06-24 00:00:00-04:00,264.99933890935563,265.3145457048724,264.3148333255094,264.46795654296875,47582700
2019-06-25 00:00:00-04:00,264.52207026113314,264.5490887796047,261.7660714339262,261.8741455078125,82028700
2019-06-26 00:00:00-04:00,262.76565886796357,263.2700226295688,261.50474946395036,261.6128234863281,51584900
2019-06-27 00:00:00-04:00,262.3695229497158,263.04501347136437,261.9912636496293,262.5406494140625,40355200
2019-06-28 00:00:00-04:00,263.51328434422294,264.386919654963,262.99993255253844,263.8915710449219,59350900
2019-07-01 00:00:00-04:00,267.2058881698985,267.4220637118567,265.0893468337903,266.2872314453125,78705600
2019-07-02 00:00:00-04:00,266.24220085033335,267.0347804260212,265.404599588386,266.9807434082031,61504500
2019-07-03 00:00:00-04:00,267.6562409177344,269.1333260737654,267.5121330376996,269.11529541015625,40898900
2019-07-05 00:00:00-04:00,267.8903947852347,268.97119004226147,266.60246680207615,268.8090515136719,51677300
2019-07-08 00:00:00-04:00,267.5031271105359,268.6289440793042,266.79160309025997,267.3320007324219,45841800
2019-07-09 00:00:00-04:00,266.17921005141125,267.96248683915957,266.12517302667766,267.665283203125,41101300
2019-07-10 00:00:00-04:00,268.7280047678734,269.88985558425395,268.1966224529746,268.94415283203125,58448500
2019-07-11 00:00:00-04:00,269.5836613281804,269.8178125905179,268.57493362213694,269.57464599609375,50826100
2019-07-12 00:00:00-04:00,270.0609518323989,270.85353129356946,269.7547329470854,270.7814636230469,40326000
2019-07-15 00:00:00-04:00,271.21383481192174,271.21383481192174,270.3672181920815,270.87158203125,33900000
2019-07-16 00:00:00-04:00,270.7815196152054,270.98867985359067,269.6917363736322,269.9979553222656,36650100
2019-07-17 00:00:00-04:00,269.9710288505612,270.133139969381,268.16070556640625,268.16070556640625,36036300
2019-07-18 00:00:00-04:00,267.66527620399694,269.5206206333886,267.22396468495583,269.142333984375,51392600
2019-07-19 00:00:00-04:00,270.2321804207565,270.25919893598274,267.4761819245853,267.6473083496094,58678600
2019-07-22 00:00:00-04:00,268.04355124978355,268.84514628615204,267.5301994978204,268.30474853515625,43638100
2019-07-23 00:00:00-04:00,269.4216378374374,270.22320556640625,268.5930241034174,270.22320556640625,44564500
2019-07-24 00:00:00-04:00,269.4665409634946,271.4930114746094,269.37647011029196,271.4930114746094,47213200
2019-07-25 00:00:00-04:00,271.0426920080247,271.09672902425126,269.394480555815,270.1960754394531,55394100
2019-07-26 00:00:00-04:00,270.88056127464273,272.2045230475153,270.7544565887672,272.0063781738281,45084100
2019-07-29 00:00:00-04:00,271.8894867984889,272.00657623898667,270.9618140974937,271.5111999511719,38126500
2019-07-30 00:00:00-04:00,270.11507713282856,271.2499096855078,269.7367904533448,270.8446044921875,45849000
2019-07-31 00:00:00-04:00,271.08776437141046,271.2769214493316,265.8729989303073,267.8814392089844,104245200
2019-08-01 00:00:00-04:00,268.0346112139535,270.9797396278574,264.75621776268565,265.5487976074219,142646600
2019-08-02 00:00:00-04:00,264.6571304997098,264.9002971362273,262.0001907364451,263.54931640625,116749700
2019-08-05 00:00:00-04:00,259.4693164915534,259.5773905358963,253.73215692294193,255.62353515625,178745400
2019-08-06 00:00:00-04:00,257.5059389600673,259.4243360091834,256.0378688244235,259.2081604003906,120711700
2019-08-07 00:00:00-04:00,256.1458963970514,260.1267976833788,254.0203669444034,259.3612365722656,140572300
2019-08-08 00:00:00-04:00,260.84742645702084,264.4500427246094,260.2980406693884,264.4500427246094,87713900
2019-08-09 00:00:00-04:00,263.51324043844005,264.10767516291054,260.87433176426345,262.64862060546875,93730000
2019-08-12 00:00:00-04:00,261.1536071415826,262.6396806362952,258.5056823753921,259.4513854980469,65527600
2019-08-13 00:00:00-04:00,259.1540343170127,264.9272266621899,258.8117815826576,263.4861755371094,94299800
2019-08-14 00:00:00-04:00,259.45137173581514,260.05479444786425,255.56955568303667,255.6956329345703,135622100
2019-08-15 00:00:00-04:00,256.57825401490027,257.2627596852036,254.33563489141036,256.37109375,99556600
2019-08-16 00:00:00-04:00,258.01926387137956,260.58610474870034,256.4250893426971,260.15380859375,83018300
2019-08-19 00:00:00-04:00,263.16206971711466,263.9636374091486,262.4865792806224,263.28814697265625,53571800
2019-08-20 00:00:00-04:00,262.78375220434907,263.3151346538664,261.14458315961394,261.2706604003906,51596400
2019-08-21 00:00:00-04:00,263.4231977101356,263.7654230198255,262.73869211921766,263.39617919921875,49524700
2019-08-22 00:00:00-04:00,264.09868577575924,264.7291268538394,261.54982049544003,263.3150939941406,51666400
2019-08-23 00:00:00-04:00,262.0181829782447,263.67538246569245,255.30830200906564,256.55120849609375,149161500
2019-08-26 00:00:00-04:00,258.73075758618586,259.38824462890625,257.208650757384,259.38824462890625,72423800
2019-08-27 00:00:00-04:00,260.7753021102791,261.1445734568892,257.6139985597237,258.37054443359375,66668900
2019-08-28 00:00:00-04:00,257.71302205360644,260.35193037965183,256.911427194521,260.1898193359375,59696700
2019-08-29 00:00:00-04:00,262.73872607625174,264.035669739417,261.7389860715827,263.5132751464844,57899400
2019-08-30 00:00:00-04:00,264.99032631484863,265.00832949353685,262.46850701004956,263.39617919921875,62901200
2019-09-03 00:00:00-04:00,261.7029833463762,262.61262500129374,260.53211690558965,261.8560791015625,69101400
2019-09-04 00:00:00-04:00,264.01760331130134,264.8461892118585,263.27004544878713,264.82818603515625,46887300
2019-09-05 00:00:00-04:00,267.3050851284011,269.142399338986,264.7922529907369,268.2327575683594,83258100
2019-09-06 00:00:00-04:00,268.54795139585633,269.07933383116614,267.87246105653117,268.4398498535156,49584300
2019-09-09 00:00:00-04:00,269.4216597116222,269.5117031259932,267.63835483744583,268.5750427246094,51260300
2019-09-10 00:00:00-04:00,267.81838089006624,268.57495421337273,266.5664864936177,268.51190185546875,57947100
2019-09-11 00:00:00-04:00,268.8181628872153,270.5023812339653,268.16969099846807,270.42132568359375,68821100
2019-09-12 00:00:00-04:00,271.3219373460333,272.41172066807127,270.56539150782567,271.35797119140625,72908700
2019-09-13 00:00:00-04:00,271.7992180199048,272.1504860856826,270.8084936512851,271.1777648925781,62104800
2019-09-16 00:00:00-04:00,270.0519941888065,271.2228604559255,269.7007535487089,270.3402099609375,58191200
2019-09-17 00:00:00-04:00,270.1420991494671,271.11479314596744,269.97097273102594,271.0247497558594,41475500
2019-09-18 00:00:00-04:00,270.6373242084909,271.29481106796516,268.61085411211883,271.1867370605469,73375800
2019-09-19 00:00:00-04:00,271.5740673040189,272.56479171883785,270.83552478699335,271.16876220703125,76560500
2019-09-20 00:00:00-04:00,271.76947961165376,272.04999690102443,269.1002992024585,269.8874816894531,89565000
2019-09-23 00:00:00-04:00,269.22713033550053,270.53912039251946,268.97378376873814,269.8243103027344,43476800
2019-09-24 00:00:00-04:00,270.91001539595555,271.2990782896173,266.74787081467014,267.70697021484375,94869400
2019-09-25 00:00:00-04:00,267.7883518824578,269.73369361350143,266.3135028024092,269.29034423828125,71854000
2019-09-26 00:00:00-04:00,269.2994676970623,269.507556991821,267.3269822031937,268.72943115234375,56179700
2019-09-27 00:00:00-04:00,269.4804578779437,269.5890586383506,265.7345462186397,267.2817687988281,84746600
2019-09-30 00:00:00-04:00,267.7974924652988,269.2270847903198,267.75226286244816,268.5213317871094,51662400
2019-10-01 00:00:00-04:00,269.3989896786448,270.0504560848609,265.110185278463,265.32733154296875,88242400
2019-10-02 00:00:00-04:00,263.7528774307009,263.761934392917,259.3555013732543,260.64031982421875,122539500
2019-10-03 00:00:00-04:00,260.4141507243739,262.80286959586755,257.70876948618246,262.7757263183594,85278800
2019-10-04 00:00:00-04:00,263.42722355353567,266.5850115298141,263.37290937944215,266.3316650390625,65091200
2019-10-07 00:00:00-04:00,265.53541588400043,267.1550385419711,264.90203587328466,265.1825256347656,59610500
2019-10-08 00:00:00-04:00,263.33682468669383,264.06972112299644,261.0295346060289,261.06573486328125,95708100
2019-10-09 00:00:00-04:00,263.0743071151631,264.47675583286633,262.4499841085226,263.5447998046875,62359400
2019-10-10 00:00:00-04:00,263.4634191387641,266.20500117894466,263.3005594403848,265.32733154296875,55296300
2019-10-11 00:00:00-04:00,268.06903751298074,270.3039275607176,267.95143497380445,268.0780944824219,98720400
2019-10-14 00:00:00-04:00,267.76124398211886,268.4308242275137,267.4355246297877,267.77935791015625,40394800
2019-10-15 00:00:00-04:00,268.8199454533121,271.1724647551186,268.7023153463166,270.4305114746094,46754500
2019-10-16 00:00:00-04:00,269.9690115035742,270.68382140216397,269.561862279844,269.99615478515625,48928200
2019-10-17 00:00:00-04:00,271.154277975475,271.66097090586624,270.1046918731806,270.7923583984375,45736600
2019-10-18 00:00:00-04:00,270.2585525385415,270.90096193087385,268.75655989311184,269.6070861816406,64304000
2019-10-21 00:00:00-04:00,270.91909208308124,271.633874396673,270.48477194824056,271.434814453125,39048600
2019-10-22 00:00:00-04:00,271.96866155187655,272.25820831993343,270.4576394040979,270.5481262207031,48594700
2019-10-23 00:00:00-04:00,270.2947977198641,271.3896137194795,270.08668078906885,271.3353271484375,34352200
2019-10-24 00:00:00-04:00,272.2673544380943,272.4121278695281,270.9553641994625,271.77874755859375,35453100
2019-10-25 00:00:00-04:00,271.2086653826225,273.4345254538607,271.15437880651467,272.8916320800781,45205400
2019-10-28 00:00:00-04:00,274.10402913693105,274.92741221048794,274.0768858537456,274.42974853515625,42147000
2019-10-29 00:00:00-04:00,274.15832464822154,275.27125452053383,274.0316375807567,274.34832763671875,44284900
2019-10-30 00:00:00-04:00,274.5474127172058,275.56079889886877,273.24447973715274,275.1898498535156,49643900
2019-10-31 00:00:00-04:00,275.18074553352045,275.18074553352045,273.0092001446827,274.4568786621094,69053800
2019-11-01 00:00:00-04:00,275.8955777764334,277.04468028616344,275.7326904592425,276.99945068359375,71141500
2019-11-04 00:00:00-05:00,278.5466553353853,278.68237174713806,277.74135860448837,278.1123352050781,60606900
2019-11-05 00:00:00-05:00,278.311380485651,278.6099841884755,277.51514076171463,277.8046875,42933200
2019-11-06 00:00:00-05:00,277.80475948454966,278.13953590688425,276.92708969043014,277.86810302734375,46487100
2019-11-07 00:00:00-05:00,279.19819677459884,280.1753828145905,278.37481350503737,278.8453063964844,54272300
2019-11-08 00:00:00-05:00,278.50145880490663,279.5872455609045,277.80476266430895,279.532958984375,49032100
2019-11-11 00:00:00-05:00,278.1576150386581,279.171001145757,278.0218710031677,278.99908447265625,35797300
2019-11-12 00:00:00-05:00,279.3609550006953,280.48291404868405,278.81806179232484,279.587158203125,46484600
2019-11-13 00:00:00-05:00,278.6008829780055,280.0757321034284,278.37467980202507,279.6776123046875,53917700
2019-11-14 00:00:00-05:00,279.3972302414338,280.16632685867756,278.7638500595382,280.0848693847656,51219900
2019-11-15 00:00:00-05:00,281.4148487828875,282.15680185760044,280.727209876316,282.111572265625,62023600
2019-11-18 00:00:00-05:00,281.8763831472396,282.5549928740358,281.4239766627088,282.3197326660156,49228000
2019-11-19 00:00:00-05:00,282.9169521068603,282.92600907388174,281.5959327188336,282.23834228515625,67804700
2019-11-20 00:00:00-05:00,281.6501841603827,282.16593418758833,279.6414982342091,281.188720703125,79406200
2019-11-21 00:00:00-05:00,281.2972742396407,281.40584736131234,279.9400549933533,280.73626708984375,54664700
2019-11-22 00:00:00-05:00,281.47822579148874,281.6139421962558,280.35626669515204,281.360595703125,44850200
2019-11-25 00:00:00-05:00,282.2835839904739,283.541259765625,282.2835839904739,283.541259765625,48647200
2019-11-26 00:00:00-05:00,283.5774455384936,284.3646284301698,283.2607554660706,284.18365478515625,37569000
2019-11-27 00:00:00-05:00,284.66325931493463,285.4504699707031,284.44611298931943,285.4504699707031,44444600
2019-11-29 00:00:00-05:00,284.889359653411,285.1336767941421,284.165520421141,284.3917236328125,36592700
2019-12-02 00:00:00-05:00,284.64510327178596,284.7084468054774,281.55065843888804,281.9759216308594,75767800
2019-12-03 00:00:00-05:00,279.27054315997344,280.16632685867756,277.89523726060673,280.0848693847656,73941700
2019-12-04 00:00:00-05:00,281.1254710991046,282.4102903745681,280.7816376665219,281.8131103515625,49080000
2019-12-05 00:00:00-05:00,282.5097632706629,282.52784958947194,281.01679978155096,282.3197326660156,40709000
2019-12-06 00:00:00-05:00,284.2198278152459,285.2965573907383,284.21077085005226,284.8984375,48927000
2019-12-09 00:00:00-05:00,284.5093785762691,285.17893130524726,283.9302850497049,284.002685546875,34838500
2019-12-10 00:00:00-05:00,283.9484081271428,284.60890391207636,283.03453820665106,283.6860046386719,52649800
2019-12-11 00:00:00-05:00,284.1384121824113,284.7446490140432,283.6045758505534,284.4913024902344,53429100
2019-12-12 00:00:00-05:00,284.5002926440261,287.72142412265157,284.26506008392175,286.94329833984375,96389600
2019-12-13 00:00:00-05:00,286.70805752730325,288.3367373053921,285.9389610442639,287.115234375,81503900
2019-12-16 00:00:00-05:00,288.83445249683575,289.675922092438,287.0519695013342,289.0877990722656,82749700
2019-12-17 00:00:00-05:00,289.4678131479023,289.7663893151713,289.0696931830743,289.151123046875,61097700
2019-12-18 00:00:00-05:00,289.54022721792916,289.7664305204432,289.11496390469455,289.16925048828125,48133000
2019-12-19 00:00:00-05:00,289.35919234435806,290.42689269211144,289.10584580362206,290.3544921875,85310500
2019-12-20 00:00:00-05:00,291.38201452587293,292.75500865679,290.4091255358955,291.6275329589844,147142100
2019-12-23 00:00:00-05:00,292.40942038274756,292.4639738562155,291.92751286814024,292.072998046875,52990000
2019-12-24 00:00:00-05:00,292.3002756332288,292.3457276057537,291.7819899538515,292.0820617675781,20270000
2019-12-26 00:00:00-05:00,292.4639163918748,293.64597283116717,292.45484264705334,293.6368713378906,30911200
2019-12-27 00:00:00-05:00,294.3642718901657,294.4188253533874,293.0367580376793,293.5641174316406,42528800
2019-12-30 00:00:00-05:00,293.6459596835143,293.78234333428065,291.46371027743766,291.94561767578125,49729100
2019-12-31 00:00:00-05:00,291.44563197386356,292.90045614563235,291.10010811136635,292.6549377441406,57077300
2020-01-02 00:00:00-05:00,294.1824790593536,295.4099876573277,293.2641160474281,295.39178466796875,59151200
2020-01-03 00:00:00-05:00,292.0183611242532,294.27333912755284,291.9638076663748,293.1549377441406,77709700
2020-01-06 00:00:00-05:00,291.40915060001015,294.3551761359796,291.29094218905,294.2733459472656,55653900
2020-01-07 00:00:00-05:00,293.70958866181826,294.1824223186019,293.0003659250968,293.4459228515625,40496400
2020-01-08 00:00:00-05:00,293.63695478138766,296.21925449633176,293.3914641292551,295.00994873046875,68296000
2020-01-09 00:00:00-05:00,296.56472466503584,297.08301036305517,295.98278400442655,297.01025390625,48473300
2020-01-10 00:00:00-05:00,297.59219676942917,297.74675568148257,295.69184361108466,296.1555480957031,53029300
2020-01-13 00:00:00-05:00,296.7739671661169,298.20148707896533,296.34661301745757,298.1924133300781,47086800
2020-01-14 00:00:00-05:00,297.7557545795474,298.80139936878965,297.18291560629376,297.7375793457031,62832800
2020-01-15 00:00:00-05:00,297.6467461600431,299.1651972676741,297.56491595799633,298.4105224609375,72056600
2020-01-16 00:00:00-05:00,299.78355255111995,300.8928527832031,299.55623715723783,300.8928527832031,54050300
2020-01-17 00:00:00-05:00,301.6019998488349,302.03842753631125,300.82912215432333,301.8293151855469,95846000
2020-01-21 00:00:00-05:00,300.8746127318583,302.0384662952364,300.80188402409743,301.2383117675781,77742400
2020-01-22 00:00:00-05:00,302.09295728378254,302.7385527682541,301.1200688078495,301.2746276855469,48914900
2020-01-23 00:00:00-05:00,300.6291779260028,302.02944860930927,299.51987762466234,301.6202697753906,51963000
2020-01-24 00:00:00-05:00,302.27489868037776,302.35672888648327,297.65583466927774,298.9378967285156,87578400
2020-01-27 00:00:00-05:00,293.71870316935264,295.6190561282533,293.3822808977061,294.14605712890625,84062500
2020-01-28 00:00:00-05:00,295.5645211349526,298.1013683192747,294.23700720360983,297.2284851074219,63834000
2020-01-29 00:00:00-05:00,298.5832802273967,298.8105955905337,296.78293256190744,296.98297119140625,53888900
2020-01-30 00:00:00-05:00,294.92805295887075,298.155948000126,294.1824796021824,297.9468078613281,75491800
2020-01-31 00:00:00-05:00,297.3285107663314,297.4830974307918,291.6274511456699,292.5367126464844,113845600
2020-02-03 00:00:00-05:00,294.00965659739313,296.56467871474905,293.8914481847437,294.70977783203125,69083000
2020-02-04 00:00:00-05:00,298.30137822751436,300.06534746919004,297.9831312048185,299.2015380859375,62573200
2020-02-05 00:00:00-05:00,302.12033830849697,302.86593947140614,300.665541964284,302.65679931640625,65951100
2020-02-06 00:00:00-05:00,303.6115159327302,303.86610804710017,302.6022212214516,303.6751708984375,50359700
2020-02-07 00:00:00-05:00,302.62037823914807,303.68419851140686,301.51107824895325,302.056640625,64139400
2020-02-10 00:00:00-05:00,301.17464943831084,304.3752394273112,301.138271214443,304.31158447265625,42070000
2020-02-11 00:00:00-05:00,305.6573495767884,306.4393011485693,304.31163256555146,304.8390197753906,54864500
2020-02-12 00:00:00-05:00,306.2665508261337,307.0121519449544,305.9028517615865,306.80303955078125,43992700
2020-02-13 00:00:00-05:00,305.3845221871912,307.43946184215287,305.1117548650529,306.47564697265625,54501900
2020-02-14 00:00:00-05:00,306.8848140935639,307.08485270504895,305.69368391786554,306.9666442871094,64582200
2020-02-18 00:00:00-05:00,305.9755290309572,307.0302754690764,304.7934726915438,306.1755676269531,57226200
2020-02-19 00:00:00-05:00,307.1393827157299,308.3123098154446,306.8575139322214,307.63946533203125,48814700
2020-02-20 00:00:00-05:00,307.0939985769431,307.91235620151554,303.4023987648629,306.3757019042969,74163400
2020-02-21 00:00:00-05:00,305.0299414355744,305.3390870004765,302.40216251122024,303.22052001953125,113788200
2020-02-24 00:00:00-05:00,293.81876238067053,303.29325128301434,292.0911434027477,293.1640930175781,161088400
2020-02-25 00:00:00-05:00,294.5462427167481,295.1554325277739,283.40778668758634,284.2806701660156,218913200
2020-02-26 00:00:00-05:00,285.67179975370436,289.2451911436134,282.5075871787762,283.2349853515625,194773800
2020-02-27 00:00:00-05:00,277.7430167478903,283.28951758192875,270.514404296875,270.514404296875,284353500
2020-02-28 00:00:00-05:00,262.50385271289247,270.8599695999955,259.6305825334104,269.37786865234375,384975800
2020-03-02 00:00:00-05:00,271.1507820205074,281.107203529335,267.7410524282309,281.0435485839844,238703600
2020-03-03 00:00:00-05:00,281.41641279396447,285.36260407327984,270.5689305856393,272.99664306640625,300139100
2020-03-04 00:00:00-05:00,278.3430838776504,284.6897381780031,275.8062369064446,284.47149658203125,176613400
2020-03-05 00:00:00-05:00,277.3066158052619,280.4799299446313,272.7875844936558,275.0152587890625,186366800
2020-03-06 00:00:00-05:00,266.5500180417733,271.66916501204014,263.89498985282967,270.46893310546875,228667200
2020-03-09 00:00:00-04:00,250.31962924213335,258.4029756621394,248.63751800598203,249.34674072265625,309417300
2020-03-10 00:00:00-04:00,258.8121992811534,262.3401104916032,248.6830131414344,262.24920654296875,276444100
2020-03-11 00:00:00-04:00,255.22980167866965,256.3572774458228,246.30084402691557,249.46505737304688,255316300
2020-03-12 00:00:00-04:00,232.7709352018375,242.46366575529143,225.2058731481479,225.59686279296875,392220700
2020-03-13 00:00:00-04:00,239.21758503257703,246.84630170947224,225.96965328165044,244.88229370117188,329566100
2020-03-16 00:00:00-04:00,219.29565492416742,233.5892450551575,215.82228363619473,218.0863494873047,297240000
2020-03-17 00:00:00-04:00,222.80541986754847,232.92551813203102,215.55861886674538,229.86129760742188,262070500
2020-03-18 00:00:00-04:00,214.81298732757568,225.83323011072352,207.32977053212235,218.22271728515625,327597100
2020-03-19 00:00:00-04:00,217.54079799071988,224.93309788570622,211.14869122239375,218.68646240234375,289322000
2020-03-20 00:00:00-04:00,221.8199425120468,223.59428478802053,208.98798960588374,209.2623748779297,347158800
2020-03-23 00:00:00-04:00,208.70444775234532,210.0672050409845,199.62238105359475,203.91189575195312,326025200
2020-03-24 00:00:00-04:00,214.40242305268706,223.25583646686758,213.83537051261308,222.38694763183594,235494500
2020-03-25 00:00:00-04:00,223.96010990179323,234.45982229383785,219.27732029095014,225.71615600585938,299430300
2020-03-26 00:00:00-04:00,228.21302993098874,240.35901111388173,227.78316298320365,238.89566040039062,257632800
2020-03-27 00:00:00-04:00,231.64281313729845,238.53895253940948,229.6123819008434,231.77999877929688,224341200
2020-03-30 00:00:00-04:00,233.8653344995222,240.02064431878614,231.88063620581642,239.3072509765625,171369500
2020-03-31 00:00:00-04:00,238.31032714142557,240.84378198565145,234.34093062328688,235.7402801513672,194881100
2020-04-01 00:00:00-04:00,226.80454835925843,235.6579634150699,223.0729450503608,225.1308135986328,189554600
2020-04-02 00:00:00-04:00,224.25279236456615,231.1031990211072,223.70402184860143,230.32579040527344,177660400
2020-04-03 00:00:00-04:00,229.34711754420925,231.68852595625552,224.28019491212171,226.99658203125,135561200
2020-04-06 00:00:00-04:00,235.82254896003673,244.20036249851938,226.97829031503124,242.2430877685547,188061200
2020-04-07 00:00:00-04:00,250.79472792333289,251.54471340957025,242.27059999105026,242.49009704589844,201427200
2020-04-08 00:00:00-04:00,245.07840276494375,252.4318604274332,242.59982238542267,250.6300811767578,153774500
2020-04-09 00:00:00-04:00,253.8769501910394,257.1878555596742,251.9471401473928,254.44403076171875,189999200
2020-04-13 00:00:00-04:00,253.47455622786137,253.8129568310891,248.23384065027605,252.1209259033203,114839100
2020-04-14 00:00:00-04:00,256.98662431123626,260.5718728557948,251.98371629741587,259.5566711425781,134143400
2020-04-15 00:00:00-04:00,253.86783290758441,259.6938833213936,251.9379948776648,254.04161071777344,121775000
2020-04-16 00:00:00-04:00,255.31290064670407,256.11776041430784,252.2123930324465,255.26718139648438,131798300
2020-04-17 00:00:00-04:00,261.0109147166747,262.76694697908226,258.2853720013515,262.163330078125,146684800
2020-04-20 00:00:00-04:00,258.4774767383091,262.3005612141923,257.3250890886914,257.5445861816406,100109300
2020-04-21 00:00:00-04:00,253.09962383217766,254.29775875118912,248.7917976398841,249.72471618652344,126385700
2020-04-22 00:00:00-04:00,254.581225173408,257.0049315792852,253.26418699217092,255.26718139648438,92951600
2020-04-23 00:00:00-04:00,256.5384565598926,259.69386615566833,254.947047152438,255.2488555908203,104709700
2020-04-24 00:00:00-04:00,256.7580183558884,259.47440633757606,254.71843163785363,258.8067321777344,85063200
2020-04-27 00:00:00-04:00,260.77308193998005,263.6540921481232,260.31577784625483,262.53826904296875,77896600
2020-04-28 00:00:00-04:00,266.1692506121664,266.5168061709099,261.02915733590845,261.33099365234375,105270000
2020-04-29 00:00:00-04:00,266.6357062557457,269.6996490647606,265.6113496189512,268.1722412109375,118745600
2020-04-30 00:00:00-04:00,266.8003959721668,268.27292994080307,263.9468223645414,265.6754455566406,122901700
2020-05-01 00:00:00-04:00,260.9468619298038,265.8400213562658,257.4804890548701,258.6420593261719,125180000
2020-05-04 00:00:00-04:00,256.7671721920407,259.6573382982621,255.2946659571926,259.35552978515625,80873200
2020-05-05 00:00:00-04:00,262.1633243825663,264.5504385375619,259.4835009746892,261.7517395019531,79569900
2020-05-06 00:00:00-04:00,263.44375944285997,263.82787926465915,259.54751949484415,259.9773864746094,73632600
2020-05-07 00:00:00-04:00,263.1784701811811,265.0351234329796,262.6114176478668,263.11444091796875,75250400
2020-05-08 00:00:00-04:00,266.23335170995387,267.93453782182627,265.1083733470764,267.46807861328125,76452400
2020-05-11 00:00:00-04:00,265.547270613947,268.89473908253206,265.1265587694115,267.5228271484375,79514200
2020-05-12 00:00:00-04:00,268.7028343568949,269.1143914277552,262.053612814093,262.1908264160156,95870800
2020-05-13 00:00:00-04:00,261.6328252672218,262.6663370220257,255.13910132073806,257.5536804199219,144721100
2020-05-14 00:00:00-04:00,255.12999344010436,260.7639559394108,249.67890794003233,260.63592529296875,121977900
2020-05-15 00:00:00-04:00,258.25792384810507,261.87976465743145,257.3158784788834,261.83404541015625,111146300
2020-05-18 00:00:00-04:00,268.0258599466881,271.4099206698143,267.7057694799125,269.8093566894531,119703800
2020-05-19 00:00:00-04:00,269.2148573378869,270.91601473788154,267.01980382656944,267.0380859375,95189300
2020-05-20 00:00:00-04:00,270.5594137391396,272.4343494490496,270.33076168126627,271.5746154785156,85861700
2020-05-21 00:00:00-04:00,271.4466122793838,272.25147207031785,268.611320892823,269.69970703125,78293900
2020-05-22 00:00:00-04:00,269.41608749145286,270.3855697465573,268.1813610988964,270.2117919921875,63958200
2020-05-26 00:00:00-04:00,276.1475314147691,276.385338378843,270.23001772388426,273.5408935546875,88951400
2020-05-27 00:00:00-04:00,276.32145242701677,277.6476456136954,271.5197588989895,277.6110534667969,104817400
2020-05-28 00:00:00-04:00,278.6353508202171,280.6383447830718,276.4311419598092,277.09881591796875,90405200
2020-05-29 00:00:00-04:00,276.63237146672736,278.918891827122,273.8977020474156,278.33355712890625,119090800
2020-06-01 00:00:00-04:00,277.69336979462093,280.06220196111565,277.18119137546694,279.45855712890625,55758300
2020-06-02 00:00:00-04:00,280.37317234448284,281.8182691361264,279.0470070132092,281.77252197265625,74267200
2020-06-03 00:00:00-04:00,283.74796666125695,286.4735084502443,283.4735954358911,285.5223083496094,92567600
2020-06-04 00:00:00-04:00,284.54374784901324,286.27237076977303,282.6870942924348,284.77239990234375,75794400
2020-06-05 00:00:00-04:00,290.14117395158814,293.83617104202,290.0771446777787,292.07098388671875,150524700
2020-06-08 00:00:00-04:00,292.87580669268345,295.79340876256344,292.3361912634575,295.6013488769531,73641200
2020-06-09 00:00:00-04:00,292.9490092600261,295.6745518741366,292.089275278113,293.3971862792969,77479200
2020-06-10 00:00:00-04:00,293.9733123467785,294.8604832133015,291.046555614928,291.75994873046875,95000800
2020-06-11 00:00:00-04:00,284.86381036530884,285.4948921415013,274.3915651262568,274.9403076171875,209243600
2020-06-12 00:00:00-04:00,281.91877952210046,282.68704694321315,273.10197233651155,278.23291015625,194678900
2020-06-15 00:00:00-04:00,272.571533180231,281.95542250093104,271.4008357686363,280.8304443359375,135782700
2020-06-16 00:00:00-04:00,288.5406401343892,288.6869808136118,281.3975514551438,286.2358093261719,137627500
2020-06-17 00:00:00-04:00,287.2509309624957,287.5436122107938,284.3150192913641,285.0467224121094,83398900
2020-06-18 00:00:00-04:00,283.53764795491,285.6320802741514,283.08034393403454,285.156494140625,80828700
2020-06-19 00:00:00-04:00,288.60695612206905,288.7998612118977,281.5885862007756,283.52691650390625,135549600
2020-06-22 00:00:00-04:00,282.92975500160884,285.740769602764,281.7906591077808,285.34576416015625,74649400
2020-06-23 00:00:00-04:00,287.98222696658627,288.910055192761,286.2551925803986,286.6593933105469,68471200
2020-06-24 00:00:00-04:00,284.6292467086996,285.2447431567849,277.5190362259304,279.34710693359375,132813500
2020-06-25 00:00:00-04:00,278.7775875200807,282.60829987594445,276.7657787916315,282.3418884277344,89468000
2020-06-26 00:00:00-04:00,281.24869621906464,281.45999191166675,275.05711847124337,275.6358337402344,127961000
2020-06-29 00:00:00-04:00,276.88519211835774,279.82480106993296,274.6069720524608,279.68701171875,79773300
2020-06-30 00:00:00-04:00,279.25523166814565,284.95996268018115,279.09907976025323,283.2696533203125,113394800
2020-07-01 00:00:00-04:00,284.3812217292925,286.5124569965103,283.9219052338294,285.25390625,72396500
2020-07-02 00:00:00-04:00,288.6712933230541,290.0125180055409,286.1634425811006,286.8248596191406,69344200
2020-07-06 00:00:00-04:00,290.62796070760163,291.83136787282604,289.8838701103089,291.25262451171875,61713800
2020-07-07 00:00:00-04:00,289.71847561105767,291.6843356231875,287.87201433816693,288.2486572265625,82910000
2020-07-08 00:00:00-04:00,289.0111389985439,290.56363114196824,287.256574491188,290.4533996582031,54638600
2020-07-09 00:00:00-04:00,291.05963368656217,291.29848720257166,285.4008518720043,288.7998046875,83354200
2020-07-10 00:00:00-04:00,288.7354816399287,292.0150075609081,287.3116119717187,291.74859619140625,57550400
2020-07-13 00:00:00-04:00,294.08201958882603,296.45208065811465,288.5702209738263,289.2224426269531,102997500
2020-07-14 00:00:00-04:00,287.807747773912,293.74213796529875,286.6135359213563,292.9704895019531,93657000
2020-07-15 00:00:00-04:00,296.17638888538494,296.75513200455663,293.29186858806787,295.6619567871094,87196500
2020-07-16 00:00:00-04:00,293.7696908622151,295.1384452286561,293.12663646975597,294.6883239746094,54622500
2020-07-17 00:00:00-04:00,295.6896482450568,296.32350737296974,293.723759811365,295.54266357421875,62774900
2020-07-20 00:00:00-04:00,295.2762584601807,298.6752124646105,294.5321678217421,297.9311218261719,56308800
2020-07-21 00:00:00-04:00,299.8876833041444,300.3286090980555,297.5819060471759,298.5648498535156,57292200
2020-07-22 00:00:00-04:00,298.2066144886055,300.5767031253431,298.09638302353903,300.26434326171875,57792900
2020-07-23 00:00:00-04:00,299.90605071735735,300.6042206149374,295.3220820258576,296.681640625,75738000
2020-07-24 00:00:00-04:00,294.83524609108844,295.7906041405015,293.27355891752757,294.77093505859375,73766600
2020-07-27 00:00:00-04:00,295.45990925427805,297.0950747233561,294.6698703686147,296.9205322265625,48293000
2020-07-28 00:00:00-04:00,296.19478131867083,297.30634724530006,294.7433537595441,295.0373229980469,57495000
2020-07-29 00:00:00-04:00,295.910055607234,299.2263352942239,295.8733024378187,298.66595458984375,48454200
2020-07-30 00:00:00-04:00,295.7078993937221,298.0136767448375,293.631808282244,297.60028076171875,61861700
2020-07-31 00:00:00-04:00,299.38250887264957,300.053121099359,295.18434905701736,299.9520568847656,84986800
2020-08-03 00:00:00-04:00,301.6055644080118,302.79977597987823,301.0635743540446,302.0373229980469,53077900
2020-08-04 00:00:00-04:00,301.18303648166886,303.20404052734375,301.18303648166886,303.20404052734375,41917900
2020-08-05 00:00:00-04:00,304.499247726503,305.344402327558,304.23283633651965,305.087158203125,42697700
2020-08-06 00:00:00-04:00,304.5085050498795,307.2460137006027,304.1869778632997,307.1265869140625,43679400
2020-08-07 00:00:00-04:00,306.16200149282446,307.63181988230866,305.2617310710826,307.3470458984375,57308300
2020-08-10 00:00:00-04:00,307.7971742288162,308.4493958165676,305.8680393000417,308.26568603515625,44282100
2020-08-11 00:00:00-04:00,309.4414882495584,310.0753471733993,304.99530851738695,305.72100830078125,69601100
2020-08-12 00:00:00-04:00,308.1462848519516,310.7551994541002,308.1187269807283,309.9835510253906,53774400
2020-08-13 00:00:00-04:00,309.2210868443049,310.7276586457943,308.5045541186952,309.4231872558594,41816100
2020-08-14 00:00:00-04:00,309.03727610244334,309.96510423896666,308.3115483114662,309.4322814941406,47260400
2020-08-17 00:00:00-04:00,310.4428410719962,310.8102886684304,309.4415344570698,310.415283203125,35481000
2020-08-18 00:00:00-04:00,310.8102697584453,311.50843977331124,309.2210246583516,311.08587646484375,38733900
2020-08-19 00:00:00-04:00,311.4624789799715,311.9769111702149,309.23020772218825,309.79058837890625,68054200
2020-08-20 00:00:00-04:00,308.0727368847193,311.2328365188577,307.9441428478694,310.7551574707031,42207800
2020-08-21 00:00:00-04:00,310.42444831688175,312.077976357265,310.0845305879196,311.8575134277344,55106600
2020-08-24 00:00:00-04:00,314.282655050301,315.09105641524553,311.8299211267681,315.017578125,48588700
2020-08-25 00:00:00-04:00,315.5780049913605,316.20266872609784,314.4205183977049,316.1199951171875,38463400
2020-08-26 00:00:00-04:00,316.70788938447674,319.55562896318577,316.16589933451434,319.28924560546875,50790200
2020-08-27 00:00:00-04:00,320.1528325405538,321.42971797916806,318.33392889941973,319.9874572753906,58034100
2020-08-28 00:00:00-04:00,321.00718557847676,322.1830349455076,319.82214090847793,322.0544128417969,48588900
2020-08-31 00:00:00-04:00,321.8430814950249,322.7157660361152,320.6580370594044,320.8876953125,66099200
2020-09-01 00:00:00-04:00,321.7144876310069,324.01107036337214,320.82341240947085,323.9100341796875,54908700
2020-09-02 00:00:00-04:00,325.8115748999467,329.55958516400403,324.6724509289128,328.59503173828125,69540000
2020-09-03 00:00:00-04:00,326.91390709312424,327.38241887389745,314.71446250184243,317.2866516113281,148011100
2020-09-04 00:00:00-04:00,317.96643711549046,319.52809635719643,307.62262081365446,314.69610595703125,139156300
2020-09-08 00:00:00-04:00,309.3129638670282,314.7604798192922,305.7946111946916,306.0977478027344,114465300
2020-09-09 00:00:00-04:00,310.08460719165936,314.59509930226375,309.2210897917374,312.1423645019531,91462300
2020-09-10 00:00:00-04:00,314.0071032105712,314.65932471702587,305.76696501281884,306.72235107421875,90569500
2020-09-11 00:00:00-04:00,308.49540445893774,309.551827020083,304.06758575680686,306.87860107421875,84680200
2020-09-14 00:00:00-04:00,310.0294874826099,312.68435069692356,307.0255672262538,310.9205627441406,65605700
2020-09-15 00:00:00-04:00,313.3640785558133,314.1908426333069,310.92970675868344,312.49139404296875,52920900
2020-09-16 00:00:00-04:00,313.722314804491,315.1461845137935,310.9755835087965,311.2511901855469,82096000
2020-09-17 00:00:00-04:00,306.41925059089203,310.22240503175595,305.8956230024617,308.51373291015625,91523300
2020-09-18 00:00:00-04:00,309.31512721590326,309.425799922104,302.4900382490499,304.9618225097656,105877900
2020-09-21 00:00:00-04:00,300.3965164700501,301.7154136216698,296.73494295950627,301.5678405761719,99450800
2020-09-22 00:00:00-04:00,303.04342914695485,305.19239924460896,300.5439485694505,304.6390075683594,63612100
2020-09-23 00:00:00-04:00,305.19248294549067,305.46919293283975,297.0761632901137,297.57421875,93112200
2020-09-24 00:00:00-04:00,296.26450432799584,301.4109832200537,294.9548113676943,298.36737060546875,76681300
2020-09-25 00:00:00-04:00,297.51886972503877,303.9750423791619,296.6519238635727,303.19110107421875,71069400
2020-09-28 00:00:00-04:00,307.33219516977516,308.9370058544443,306.34531653525386,308.2268371582031,64584600
2020-09-29 00:00:00-04:00,308.02395029629054,308.7617872255907,305.85651561479375,306.5482482910156,51304000
2020-09-30 00:00:00-04:00,307.21229184325324,312.00831599678094,307.0186145881831,308.8724670410156,104081100
2020-10-01 00:00:00-04:00,311.4549953869998,312.4234100301672,308.9832103165565,310.8554992675781,88698700
2020-10-02 00:00:00-04:00,305.9303234212104,310.82778863279594,305.45993618333404,307.904052734375,89431100
2020-10-05 00:00:00-04:00,309.95160678519085,313.54861143748366,309.9055025274307,313.3641662597656,45713100
2020-10-06 00:00:00-04:00,313.50250890517106,315.5869392662672,308.4021338856836,308.9093933105469,90128900
2020-10-07 00:00:00-04:00,311.85152550936397,315.08884337216455,311.82385732877054,314.28643798828125,56999600
2020-10-08 00:00:00-04:00,316.2141269777659,317.13643737983216,315.301020539978,317.0718688964844,45242500
2020-10-09 00:00:00-04:00,318.7135625963804,320.36450600551524,318.09563042343444,319.9033508300781,59528600
2020-10-12 00:00:00-04:00,322.4304166025766,326.51624399741416,321.9415933267458,325.0497741699219,80388500
2020-10-13 00:00:00-04:00,324.9114587531888,325.08669995512446,321.96928675859624,322.9284973144531,73255500
2020-10-14 00:00:00-04:00,323.50033584861643,324.5886552411015,320.1708091953333,320.8994140625,57727900
2020-10-15 00:00:00-04:00,317.0072439350563,320.98239880801316,316.4723163816997,320.5028076171875,60357700
2020-10-16 00:00:00-04:00,321.84935479813737,323.50029791303143,320.1338713616603,320.3091125488281,89501900
2020-10-19 00:00:00-04:00,321.5634252410943,322.19058938218416,314.54465857388607,315.4393005371094,68425600
2020-10-20 00:00:00-04:00,316.77665329081066,319.9309665581509,316.0203803185693,316.702880859375,60051900
2020-10-21 00:00:00-04:00,316.65681831436444,318.8150494267142,315.79907639467757,316.10345458984375,63575000
2020-10-22 00:00:00-04:00,316.31550456028447,318.41837073196325,314.184970207926,317.8373107910156,55399300
2020-10-23 00:00:00-04:00,319.05481431257,319.11015068212924,316.47235657754385,318.9164733886719,49143900
2020-10-26 00:00:00-04:00,315.55004001693953,316.33400943251553,309.5457907177374,313.0229187011719,91473000
2020-10-27 00:00:00-04:00,313.36409103210644,313.69610916029956,311.73158412847806,311.9437255859375,65994100
2020-10-28 00:00:00-04:00,306.29923020856904,311.9714324418126,300.793037060004,301.2818603515625,127094300
2020-10-29 00:00:00-04:00,301.5124642403669,307.49824909412393,299.83385273532434,304.3439636230469,90597700
2020-10-30 00:00:00-04:00,302.7759837968387,304.07644452408306,297.5372687463835,301.1711730957031,120287300
2020-11-02 00:00:00-05:00,304.54681396484375,306.5389790620521,301.81675573433955,304.54681396484375,86068300
2020-11-03 00:00:00-05:00,307.76568671307086,311.9714188889306,304.62983772534005,309.92388916015625,93294200
2020-11-04 00:00:00-05:00,314.3786813421589,320.90865415281115,313.2073573716277,316.8504943847656,126959700
2020-11-05 00:00:00-05:00,322.10753618912685,324.82836195451813,321.7570538847939,323.02984619140625,82039700
2020-11-06 00:00:00-05:00,322.74394376424596,324.20120938155344,320.6410780104958,322.9560852050781,74973000
2020-11-09 00:00:00-05:00,335.6932553819829,336.071405953707,326.5531576293563,327.0143127441406,172304200
2020-11-10 00:00:00-05:00,326.0274414780705,327.5861480533205,323.2789749451511,326.53472900390625,85552000
2020-11-11 00:00:00-05:00,328.71134641817173,329.7812296172515,327.4754541399261,328.96038818359375,58649000
2020-11-12 00:00:00-05:00,327.9550663459089,329.00651354142656,323.97070745695135,325.7691955566406,67546200
2020-11-13 00:00:00-05:00,327.669173455097,331.01716438135384,327.1526819336186,330.2793273925781,62892200
2020-11-16 00:00:00-05:00,332.93550786719294,334.5956547777361,331.65348332612245,334.4019775390625,74541100
2020-11-17 00:00:00-05:00,332.0040195958482,333.8025358299785,330.5006493949441,332.603515625,66111000
2020-11-18 00:00:00-05:00,332.8709782269809,333.4151378683076,328.5637772011029,328.6006774902344,70591300
2020-11-19 00:00:00-05:00,327.9735621111223,330.35311040072077,326.6362008611728,329.98419189453125,59940900
2020-11-20 00:00:00-05:00,329.7259129229104,329.9288223028838,327.65071486954946,327.7244873046875,70417300
2020-11-23 00:00:00-05:00,329.5229252765345,330.9432905989913,327.30015473416216,329.6889343261719,63230600
2020-11-24 00:00:00-05:00,332.22542358406326,335.54574667619727,331.3769137723778,335.0015869140625,62415900
2020-11-25 00:00:00-05:00,334.9185027829936,334.9461709627428,333.396696603441,334.4850158691406,45330900
2020-11-27 00:00:00-05:00,335.573311382419,335.8868934462718,334.4111916218627,335.4165344238281,28514100
2020-11-30 00:00:00-05:00,334.64174820647105,334.90922600615437,331.2661181405952,333.93157958984375,83872700
2020-12-01 00:00:00-05:00,337.16899213449574,339.11505340908474,336.5787000163199,337.5840148925781,74231400
2020-12-02 00:00:00-05:00,336.47726746171054,338.45099696751333,335.90543955018524,338.2942199707031,45927000
2020-12-03 00:00:00-05:00,338.1926416718821,339.5853388514051,337.10432257035757,338.2018737792969,62882000
2020-12-04 00:00:00-05:00,338.7829809388243,341.1164245605469,338.69074429179847,341.1164245605469,50749900
2020-12-07 00:00:00-05:00,340.35086732798777,340.90425902440904,339.1518754413008,340.4154357910156,48944300
2020-12-08 00:00:00-05:00,339.152010198451,341.9742780102488,339.1059059332099,341.41168212890625,42458900
2020-12-09 00:00:00-05:00,342.0663961179011,342.22317308272335,337.51941379129926,338.3494873046875,74098300
2020-12-10 00:00:00-05:00,336.9843828420035,339.2809256167991,336.1174092349188,338.2387390136719,57735400
2020-12-11 00:00:00-05:00,336.55096503463255,338.2480123175463,335.0383910387043,337.8421936035156,57698600
2020-12-14 00:00:00-05:00,340.0005174178294,341.0703727066199,336.15447068733243,336.3297119140625,69216200
2020-12-15 00:00:00-05:00,338.85669520401865,340.8765563964844,337.4916943903593,340.8765563964844,63865300
2020-12-16 00:00:00-05:00,341.08886783217235,342.32476049546375,340.2126616191349,341.41168212890625,58420500
2020-12-17 00:00:00-05:00,343.04414942379185,343.5237407227484,342.2232796167158,343.3208312988281,64119500
2020-12-18 00:00:00-05:00,343.60793195814915,343.7746487031401,339.94926543201143,341.949951171875,136542300
2020-12-21 00:00:00-05:00,338.05044054116735,350.5454322565791,335.3272876322013,340.7272644042969,96386700
2020-12-22 00:00:00-05:00,341.0514095788478,341.16255404751814,339.03220968693654,340.1529541015625,47949000
2020-12-23 00:00:00-05:00,341.1162417592624,342.35740206193293,340.1344279636178,340.4586181640625,46201400
2020-12-24 00:00:00-05:00,340.93107872570647,341.8110197666795,340.3475701195771,341.7832336425781,26457900
2020-12-28 00:00:00-05:00,344.32114641440614,345.10845766342516,343.7005801859581,344.7194519042969,39000400
2020-12-29 00:00:00-05:00,346.23841072844647,346.4143989143609,343.4782002616362,344.0617370605469,53680500
2020-12-30 00:00:00-05:00,344.8768636186617,345.5808164221914,344.16366761858706,344.55267333984375,49455300
2020-12-31 00:00:00-05:00,344.3581702862446,347.02575115427703,343.8487486102848,346.30328369140625,78520700
2021-01-04 00:00:00-05:00,347.6278318976167,347.75751932664036,337.9115637845254,341.5887451171875,110210800
2021-01-05 00:00:00-05:00,340.949602377982,345.0250605268472,340.9032733293273,343.94134521484375,66426200
2021-01-06 00:00:00-05:00,342.4408544416183,349.17465054566816,341.8943751612788,345.99761962890625,107997700
2021-01-07 00:00:00-05:00,348.3595497218485,351.87925728639124,348.1835615169557,351.1382751464844,68766800
2021-01-08 00:00:00-05:00,352.5183825734694,353.3519945857857,349.2858075597877,353.13897705078125,71677200
2021-01-11 00:00:00-05:00,349.98035287388393,352.50897405254864,349.8599369574433,350.7583923339844,51034700
2021-01-12 00:00:00-05:00,350.94375332137713,351.8421806908139,348.60033453721564,350.83258056640625,52547700
2021-01-13 00:00:00-05:00,350.7584417957653,352.7683702844573,349.9804022259505,351.7773132324219,45303600
2021-01-14 00:00:00-05:00,352.51834010082484,353.01851855461456,350.2120072157381,350.5454406738281,49989100
2021-01-15 00:00:00-05:00,348.9337700181384,349.7303243022452,346.13653029489757,347.989013671875,107160000
2021-01-19 00:00:00-05:00,350.43430286360933,351.25867159512734,348.9615818623468,350.721435546875,51233300
2021-01-20 00:00:00-05:00,352.999972027398,356.40856307524916,352.61096633026204,355.574951171875,61836100
2021-01-21 00:00:00-05:00,356.13063877891994,356.5567302849031,354.9821081917429,355.8990783691406,47840100
2021-01-22 00:00:00-05:00,354.0559284746663,355.79726758341997,353.676165944212,354.63946533203125,52860500
2021-01-25 00:00:00-05:00,355.3712516562635,356.39009516001715,350.54551087699815,356.03814697265625,70402000
2021-01-26 00:00:00-05:00,356.9828067931668,357.390355390859,355.2507393863011,355.4822998046875,42665300
2021-01-27 00:00:00-05:00,352.1756209612476,352.268250784751,344.57118450473314,346.7941589355469,123351100
2021-01-28 00:00:00-05:00,348.6003272642872,353.7595005336595,348.1650207830178,349.77667236328125,94198100
2021-01-29 00:00:00-05:00,347.9242248487391,348.8875242713741,341.1070702475137,342.7743225097656,126765100
2021-02-01 00:00:00-05:00,346.1550740721614,349.5080647438886,343.0614299643618,348.4799499511719,75817600
2021-02-02 00:00:00-05:00,351.64767805001776,354.95436791269526,348.563305430762,353.40753173828125,64450700
2021-02-03 00:00:00-05:00,354.2319040558715,355.3989777290151,352.41647810504685,353.6854248046875,52427100
2021-02-04 00:00:00-05:00,354.7135208194631,357.75159252733863,353.79655056291546,357.7052917480469,47142600
2021-02-05 00:00:00-05:00,359.5670979432602,359.8171730670878,357.6590419911168,359.11322021484375,48669800
2021-02-08 00:00:00-05:00,360.558136499525,361.7529963401308,359.7060098700413,361.7066955566406,38365200
2021-02-09 00:00:00-05:00,360.8730729966688,362.0586896986438,360.46555258868733,361.46588134765625,35551100
2021-02-10 00:00:00-05:00,363.19795194487796,363.3461540337932,358.91871909408604,361.30841064453125,59154400
2021-02-11 00:00:00-05:00,362.3827526178569,362.79957264230774,359.4743687079311,361.891845703125,42913300
2021-02-12 00:00:00-05:00,361.09531279474186,363.920338519712,361.0211976334396,363.6795349121094,50593300
2021-02-16 00:00:00-05:00,364.90228064705354,365.09681181384843,362.65151943124283,363.3647155761719,50972400
2021-02-17 00:00:00-05:00,361.62333111241526,363.69810367108147,360.6137026893847,363.4480285644531,52290600
2021-02-18 00:00:00-05:00,360.854465504746,362.64210502833146,359.1409128726459,361.901123046875,59712800
2021-02-19 00:00:00-05:00,363.1516568082577,363.43878952666716,360.8175092048532,361.2621154785156,83241000
2021-02-22 00:00:00-05:00,358.5111540436584,360.88233082469856,358.21474987936415,358.4833679199219,67414200
2021-02-23 00:00:00-05:00,356.28823841279075,360.2618243658254,352.15720715469894,358.91876220703125,107284100
2021-02-24 00:00:00-05:00,357.83499100141944,363.2998403698214,356.85317693048404,362.8737487792969,72433900
2021-02-25 00:00:00-05:00,361.61402308071797,362.97559950131625,352.69431104645696,354.1299743652344,146670500
2021-02-26 00:00:00-05:00,356.0009908112732,357.14024997245446,350.3323963247881,352.3052673339844,152701600
2021-03-01 00:00:00-05:00,357.1495196515627,362.08640354754476,352.4997966765975,360.84521484375,105348800
2021-03-02 00:00:00-05:00,361.06767477732603,361.2992352847354,357.5294234401112,358.02960205078125,79595300
2021-03-03 00:00:00-05:00,357.33478094068346,358.2980519232204,353.18520809288117,353.287109375,119940200
2021-03-04 00:00:00-05:00,353.1018857931817,355.67683676199033,344.45079112435485,348.915283203125,183433000
2021-03-05 00:00:00-05:00,352.39793809635813,356.3807946921803,345.1547488924629,355.3341369628906,152039600
2021-03-08 00:00:00-05:00,356.28815545159534,359.0853953645612,353.2871412226747,353.56500244140625,123149200
2021-03-09 00:00:00-05:00,357.3903303667505,361.15086903670385,356.8901519833952,358.61297607421875,113633600
2021-03-10 00:00:00-05:00,360.9471161253984,362.5309814553855,359.53923897281567,360.84521484375,109899400
2021-03-11 00:00:00-05:00,363.29980330973046,366.4675341915617,362.8459256414853,364.50390625,86245000
2021-03-12 00:00:00-05:00,363.15156966022903,365.1337120879891,362.3457439492556,364.9947814941406,64653600
2021-03-15 00:00:00-04:00,365.24484933515953,367.4307942795085,363.1145048939015,367.17144775390625,73427200
2021-03-16 00:00:00-04:00,367.7828484506394,368.4867730167218,365.93960799649045,366.7084045410156,73722500
2021-03-17 00:00:00-04:00,365.4301208451546,368.7553250112462,364.2908334278087,367.9587707519531,97959300
2021-03-18 00:00:00-04:00,365.3838583264933,367.458630815987,361.92896639831395,362.6051330566406,115349100
2021-03-19 00:00:00-04:00,362.30590860111545,363.8763863440196,359.7689764719853,361.9342041015625,113624500
2021-03-22 00:00:00-04:00,362.44527604125085,366.19955652443446,362.38952178707973,364.82421875,73778600
2021-03-23 00:00:00-04:00,364.19231584732245,365.6326813357805,361.172170876682,361.9527587890625,90686600
2021-03-24 00:00:00-04:00,363.3466815716018,364.9729135223698,360.0663405424219,360.11279296875,97588600
2021-03-25 00:00:00-04:00,358.6817658979914,362.9285333586431,356.74885698652554,362.138671875,116128600
2021-03-26 00:00:00-04:00,363.28165959392123,368.3740994757526,362.68693802860713,367.9745178222656,114409100
2021-03-29 00:00:00-04:00,366.506230599657,368.6900335718035,365.02868604213734,367.78863525390625,108107600
2021-03-30 00:00:00-04:00,366.5248236170681,367.4819761652533,365.22381534174167,366.8128967285156,76262200
2021-03-31 00:00:00-04:00,367.3797091065585,369.8515849113352,367.3518319807586,368.2996826171875,112734200
2021-04-01 00:00:00-04:00,370.22334769217844,372.3328211938381,370.0189059510316,372.27703857421875,99682900
2021-04-05 00:00:00-04:00,374.9253772736351,378.15926529127944,374.85104773311394,377.6202697753906,91684800
2021-04-06 00:00:00-04:00,377.06287430075787,378.43818403070935,376.7283203399315,377.39739990234375,62021000
2021-04-07 00:00:00-04:00,377.2300830672533,378.17793382855064,376.7747471661256,377.8341064453125,55836300
2021-04-08 00:00:00-04:00,379.0792334650368,379.6832566858351,378.1499582455843,379.62750244140625,57863100
2021-04-09 00:00:00-04:00,379.5067812528372,382.55480332633414,379.38597091748704,382.38751220703125,61104600
2021-04-12 00:00:00-04:00,381.7928419590288,382.79644701337315,381.1888185604451,382.5269775390625,56704900
2021-04-13 00:00:00-04:00,382.42465983562346,384.2832104198822,382.0436535627427,383.66058349609375,56551000
2021-04-14 00:00:00-04:00,383.6326872969194,384.68277286229085,381.81131575549193,382.3503112792969,61659900
2021-04-15 00:00:00-04:00,384.47846321595966,386.7273225614878,384.4320107814022,386.45782470703125,60229800
2021-04-16 00:00:00-04:00,387.74014885492164,388.3534740033724,386.32766049921406,387.74945068359375,82037300
2021-04-19 00:00:00-04:00,386.82023873772533,387.26627283938177,384.52492705882344,385.844482421875,78498500
2021-04-20 00:00:00-04:00,384.6364310503438,385.73296934964173,381.55122954047414,383.0195007324219,81851800
2021-04-21 00:00:00-04:00,382.4061222414996,386.8480574414504,382.26670824654997,386.64361572265625,66793000
2021-04-22 00:00:00-04:00,386.4763973374381,387.30343777713887,382.05303692792,383.1123962402344,97582800
2021-04-23 00:00:00-04:00,383.6699439588904,388.66945033208026,383.59561440222234,387.2662353515625,73209200
2021-04-26 00:00:00-04:00,387.9167460859348,388.6415798025078,387.3312980150035,388.07470703125,52182400
2021-04-27 00:00:00-04:00,388.3720341226582,388.5672023617423,386.8573107884589,387.99102783203125,51303100
2021-04-28 00:00:00-04:00,388.260553437065,389.375695263148,387.4149094181452,387.8795471191406,51238900
2021-04-29 00:00:00-04:00,390.5930916563602,390.96479619087927,386.98749811712497,390.3514709472656,78544300
2021-04-30 00:00:00-04:00,388.0933589466871,388.93900311437784,386.8945855266376,387.78668212890625,85527000
2021-05-03 00:00:00-04:00,389.7659458311173,390.1469521204787,388.13044053050237,388.6229553222656,68128300
2021-05-04 00:00:00-04:00,386.64361861912283,387.13613344183,382.55481257184357,386.2254333496094,101591200
2021-05-05 00:00:00-04:00,387.86100653728766,388.0933254085799,385.78871199603554,386.3462829589844,60162200
2021-05-06 00:00:00-04:00,386.4205253076762,389.5614802761364,384.4225891373288,389.431396484375,74321400
2021-05-07 00:00:00-04:00,390.1934202611164,392.9161900904021,389.5150390811732,392.26568603515625,67733800
2021-05-10 00:00:00-04:00,392.6188101941591,392.8418271889012,388.2605068134428,388.3813171386719,81852400
2021-05-11 00:00:00-04:00,383.88370947193107,385.9002213981806,381.0587040499787,384.9151916503906,116888000
2021-05-12 00:00:00-04:00,382.1460004528248,383.40980160762746,375.4273279147275,376.73760986328125,134811000
2021-05-13 00:00:00-04:00,378.2801563667472,383.1867295062854,378.23367557967265,381.26312255859375,106394000
2021-05-14 00:00:00-04:00,383.9858999881605,387.9631977718594,383.95802285908553,387.1175537109375,82201600
2021-05-17 00:00:00-04:00,386.01175585096786,386.9410313324155,384.1252993987615,386.1325378417969,65129200
2021-05-18 00:00:00-04:00,386.3927762726599,386.6343969993249,382.647796805553,382.8057861328125,59810200
2021-05-19 00:00:00-04:00,378.1407743642917,381.9786581081242,376.66320145918377,381.8020935058594,106467100
2021-05-20 00:00:00-04:00,382.67556601783144,387.1639817014691,382.55478404780166,385.9094543457031,78022200
2021-05-21 00:00:00-04:00,387.3870924100726,388.6230447677026,385.13826146942415,385.5935974121094,76578700
2021-05-24 00:00:00-04:00,387.8237936745519,390.5930445875986,387.582172994574,389.5243835449219,51376700
2021-05-25 00:00:00-04:00,390.6022772028169,390.9554063568541,388.08394906214374,388.66009521484375,57451400
2021-05-26 00:00:00-04:00,389.2455300855949,389.9331847144658,388.21404814228856,389.431396484375,43088600
2021-05-27 00:00:00-04:00,390.45356992915237,390.9646599410983,389.35700364949895,389.63580322265625,56707700
2021-05-28 00:00:00-04:00,391.19707455869894,391.457270541841,390.10053636968837,390.3328552246094,58520200
2021-06-01 00:00:00-04:00,392.68399880447083,392.8233844732283,389.552344556342,389.9891052246094,54216600
2021-06-02 00:00:00-04:00,390.63956543786463,391.4387571720347,389.6359603038898,390.6023864746094,49097100
2021-06-03 00:00:00-04:00,388.2977009886876,390.2863354413077,386.83873191934526,389.1526184082031,58138800
2021-06-04 00:00:00-04:00,390.99259643637595,393.0091363874435,389.2176771468902,392.7117614746094,55938800
2021-06-07 00:00:00-04:00,392.7025150607527,392.87907966771104,391.4015350825624,392.330810546875,51555000
2021-06-08 00:00:00-04:00,393.18565368713985,393.2785868878319,390.5929960509878,392.41436767578125,47134300
2021-06-09 00:00:00-04:00,393.2507697660974,393.32512768168914,391.6059624638834,391.8289794921875,48436300
2021-06-10 00:00:00-04:00,393.0462757947363,394.5981780350405,391.7359942091365,393.6502990722656,51020100
2021-06-11 00:00:00-04:00,394.1986661133654,394.4123813217684,392.91626142600035,394.3008728027344,45570800
2021-06-14 00:00:00-04:00,394.4123098852329,395.28583093843525,393.17638621080886,395.1836242675781,42358500
2021-06-15 00:00:00-04:00,395.33241410169114,395.36956470477037,393.5853715428401,394.4588928222656,51508500
2021-06-16 00:00:00-04:00,394.59826214861766,394.82127919481803,390.2213824615084,392.2564697265625,80386100
2021-06-17 00:00:00-04:00,391.84754100046604,393.1020400089684,389.6637383024435,392.1263122558594,90949700
2021-06-18 00:00:00-04:00,388.85947347394546,389.54937784816065,386.63125419537954,386.83636474609375,118676300
2021-06-21 00:00:00-04:00,388.58912956449535,392.5608031135424,387.7780195471861,392.37432861328125,72822000
2021-06-22 00:00:00-04:00,392.3650319575485,395.3018204521082,391.64713072526837,394.4720458984375,57700300
2021-06-23 00:00:00-04:00,394.5466142661028,395.3483919707271,393.9126465296074,393.9965515136719,49445400
2021-06-24 00:00:00-04:00,396.13155325117157,396.74685645396283,395.8798098525635,396.32733154296875,45110300
2021-06-25 00:00:00-04:00,397.0732018408674,398.1826596628426,396.7468856958135,397.7351379394531,58129500
2021-06-28 00:00:00-04:00,398.25727348362227,398.7047667692016,397.0639106353862,398.5369567871094,53159600
2021-06-29 00:00:00-04:00,398.91921379244826,399.553181588353,398.2199770743729,398.75140380859375,35970500
2021-06-30 00:00:00-04:00,398.29450122342985,399.7582434032112,398.26653289619884,399.08697509765625,64827900
2021-07-01 00:00:00-04:00,399.84225108335767,401.45516757331484,399.77698215238405,401.2966613769531,53441000
2021-07-02 00:00:00-04:00,402.45271689824966,404.7182371428583,401.38053111850644,404.36395263671875,57697700
2021-07-06 00:00:00-04:00,404.4199154656729,404.63435832589875,400.90509541286673,403.62744140625,68710400
2021-07-07 00:00:00-04:00,404.307961437293,405.3335142240967,402.30348871200215,405.0538024902344,63549500
2021-07-08 00:00:00-04:00,399.75834018924974,402.5086829915684,398.5836132571109,401.7535095214844,97595200
2021-07-09 00:00:00-04:00,403.25449948236826,406.3404621035636,401.55767811817753,406.0421142578125,76238600
2021-07-12 00:00:00-04:00,405.95817542684443,407.7482339001441,405.52931821683023,407.4964904785156,52889600
2021-07-13 00:00:00-04:00,406.7133297443053,408.20504032687353,405.84628310421715,406.1073303222656,52911300
2021-07-14 00:00:00-04:00,407.7948073005834,408.27962958567196,405.47335073456526,406.71331787109375,64130400
2021-07-15 00:00:00-04:00,405.3802469768157,406.05151551781313,403.43171029092554,405.3243103027344,55126400
2021-07-16 00:00:00-04:00,406.49891518452205,406.54551958157515,401.75343241278944,402.1449890136719,75874700
2021-07-19 00:00:00-04:00,397.34360297120685,402.2102917266134,393.40922985130334,396.2061767578125,147987000
2021-07-20 00:00:00-04:00,396.8681095390226,403.1519362165868,396.07563556513816,401.88397216796875,99608200
2021-07-21 00:00:00-04:00,403.07728599269296,405.27756540123846,401.8373188776991,405.1376953125,64724400
2021-07-22 00:00:00-04:00,405.3148461793383,406.22852564545667,404.33592624936387,405.9861145019531,47878500
2021-07-23 00:00:00-04:00,407.9066259965436,410.49846168591154,407.22605395977234,410.162841796875,63766600
2021-07-26 00:00:00-04:00,409.57557855601476,411.1791625832427,409.5289741551596,411.1698303222656,43719200
2021-07-27 00:00:00-04:00,410.1349462433999,410.1629145724487,406.48025668627827,409.2958679199219,67397100
2021-07-28 00:00:00-04:00,409.9204951499821,410.49852624000596,407.7109118436593,409.1280212402344,52472400
2021-07-29 00:00:00-04:00,410.05111111743514,411.897078053185,410.04177885549115,410.8249206542969,47435300
2021-07-30 00:00:00-04:00,408.27034735445915,410.274820300012,408.1398095072434,408.8297424316406,68951200
2021-08-02 00:00:00-04:00,410.5358220845451,411.0858848397279,407.61766988765027,407.9719543457031,58783300
2021-08-03 00:00:00-04:00,408.7644180200078,411.4121906770932,406.58280312195876,411.2909851074219,58053900
2021-08-04 00:00:00-04:00,410.0137854934574,411.2630850809124,409.0348654177105,409.2679443359375,46732200
2021-08-05 00:00:00-04:00,410.42399765718676,411.94367672299376,410.1070137495975,411.8597717285156,38969700
2021-08-06 00:00:00-04:00,412.17678641929984,412.95992821159984,411.8970746314669,412.5403747558594,46930000
2021-08-09 00:00:00-04:00,412.5123024707758,412.8292863221601,411.44014535097375,412.20465087890625,41222600
2021-08-10 00:00:00-04:00,412.6521078021442,413.4259455215164,411.9715357656936,412.7173767089844,43339300
2021-08-11 00:00:00-04:00,413.78025102412187,413.8361876751202,412.6614611001366,413.7429504394531,44034300
2021-08-12 00:00:00-04:00,413.5938909226204,415.12290234474574,412.69887580714226,414.9830322265625,38909400
2021-08-13 00:00:00-04:00,415.43050961256574,415.75682576675683,414.9457157376628,415.7381896972656,39470300
2021-08-16 00:00:00-04:00,414.4422193750275,416.84758091171517,412.89457218859576,416.7170715332031,73740000
2021-08-17 00:00:00-04:00,414.17188917128794,414.8431575675143,411.0113539592329,413.9854431152344,92673900
2021-08-18 00:00:00-04:00,412.9785897646633,414.53556963548243,409.21205450053696,409.4544372558594,89351900
2021-08-19 00:00:00-04:00,406.741308348979,411.28170912890874,406.60146670220803,410.08831787109375,92812200
2021-08-20 00:00:00-04:00,410.4333164331078,413.67775658772473,409.94849410047595,413.3514404296875,72008700
2021-08-23 00:00:00-04:00,415.02958895216034,417.89180448672965,413.4260050862399,416.9874572753906,54973000
2021-08-24 00:00:00-04:00,417.6494445800781,418.18087133123964,417.1366823512831,417.6494445800781,38744700
2021-08-25 00:00:00-04:00,417.8359134013071,419.03858009290565,417.46296438324526,418.52581787109375,40529700
2021-08-26 00:00:00-04:00,418.2460947166087,418.4791736205417,415.9619385292738,416.05517578125,57829600
2021-08-27 00:00:00-04:00,416.85702407868916,420.14809762093466,416.8010874084429,419.7751770019531,77235100
2021-08-30 00:00:00-04:00,420.4463974226872,422.4042660135,420.203986244658,421.6211242675781,48357400
2021-08-31 00:00:00-04:00,421.5278867191652,421.8635067020357,420.3997927296068,420.9964599609375,59300200
2021-09-01 00:00:00-04:00,421.92875329964636,422.44151550812524,420.9871054219515,421.2201843261719,48721400
2021-09-02 00:00:00-04:00,422.6373493891215,423.31792162382027,421.3227808707356,422.5161437988281,42501000
2021-09-03 00:00:00-04:00,421.38804973614276,422.92636491207014,420.98713237168766,422.41357421875,47170500
2021-09-07 00:00:00-04:00,422.0685927572297,422.161830008836,420.23192986344264,420.9031982421875,51671500
2021-09-08 00:00:00-04:00,420.3717753085308,421.0989803051799,418.47914741318687,420.3904113769531,56181900
2021-09-09 00:00:00-04:00,420.194679042839,421.9381047734719,418.3486837946311,418.5910949707031,57970400
2021-09-10 00:00:00-04:00,420.51165319314345,420.93117815889764,415.16947434641764,415.2906799316406,89948200
2021-09-13 00:00:00-04:00,418.2741120636888,418.5351593108477,414.0506948028417,416.353515625,83738600
2021-09-14 00:00:00-04:00,417.7891963518897,417.9943068896821,413.2208563214342,414.1065673828125,78197100
2021-09-15 00:00:00-04:00,414.5261632376649,418.05964737696985,413.4260376429731,417.5655212402344,78792200
2021-09-16 00:00:00-04:00,417.04343662553293,418.01302440036307,413.9667779592012,416.9035949707031,77786700
2021-09-17 00:00:00-04:00,416.13484321720034,416.5557122591402,412.4871402613684,412.8425598144531,118425000
2021-09-20 00:00:00-04:00,406.744360400567,408.3156617681073,401.11382101879656,405.9587097167969,166445500
2021-09-21 00:00:00-04:00,408.2875973593277,409.5783193704684,405.0514587158713,405.5752258300781,92526100
2021-09-22 00:00:00-04:00,407.83862947573203,411.5611435713708,405.68744521806696,409.5315246582031,102350100
2021-09-23 00:00:00-04:00,411.39280997305156,416.1067425610066,411.15898434825647,414.5073547363281,76396000
2021-09-24 00:00:00-04:00,412.8799262600289,415.90096352552064,412.66479641554514,415.19012451171875,62094800
2021-09-27 00:00:00-04:00,414.1612437208706,415.32100953578424,413.31011513170654,414.00225830078125,61371100
2021-09-28 00:00:00-04:00,411.2431812029925,411.57054280469146,404.9298889795922,405.659423828125,130436300
2021-09-29 00:00:00-04:00,407.03427776898445,408.7645930197675,405.7809759041746,406.3421630859375,82329200
2021-09-30 00:00:00-04:00,407.81052769400486,408.5120044691004,401.0389476922281,401.37567138671875,140506000
2021-10-01 00:00:00-04:00,403.0966548978282,407.819920791209,399.5892707562588,406.1457214355469,129240100
2021-10-04 00:00:00-04:00,404.98598629215144,405.8838687084721,398.77556393327893,400.9080810546875,128570000
2021-10-05 00:00:00-04:00,402.40454874779994,407.3148869982612,401.60956443702145,405.07952880859375,90682500
2021-10-06 00:00:00-04:00,401.49736399733234,406.96889028624565,399.87930865746125,406.76312255859375,113032200
2021-10-07 00:00:00-04:00,410.02717226835665,413.10429615873215,409.8494625551544,410.2796936035156,72437500
2021-10-08 00:00:00-04:00,411.04673863158837,411.4302160683865,408.90488798924395,409.5315246582031,74557400
2021-10-11 00:00:00-04:00,408.8767873502811,411.7762304048919,406.5011113392327,406.56658935546875,65233300
2021-10-12 00:00:00-04:00,407.48321348221907,407.8853866681187,404.78017581687527,405.5658264160156,71181200
2021-10-13 00:00:00-04:00,406.58527857778154,407.8385803077712,403.6203860978582,407.0248718261719,72974000
2021-10-14 00:00:00-04:00,410.6725909235282,414.0209897091665,410.20493969427326,413.871337890625,70236800
2021-10-15 00:00:00-04:00,415.97578121085803,417.38809710044063,415.35847814408345,417.0233154296875,66260200
2021-10-18 00:00:00-04:00,415.24622902810097,418.59459923333367,414.5915058971594,418.2579040527344,62213200
2021-10-19 00:00:00-04:00,419.8759589330048,421.5501296498801,419.26798954865865,421.48468017578125,46996800
2021-10-20 00:00:00-04:00,421.9430117230665,423.4395013974078,421.830779992545,423.14019775390625,49571600
2021-10-21 00:00:00-04:00,422.54154774240834,424.46826836998736,422.1113166378559,424.2438049316406,41305400
2021-10-22 00:00:00-04:00,423.8136529308841,425.2540268631663,421.8682076248878,423.8042907714844,58845100
2021-10-25 00:00:00-04:00,424.8891112150828,426.4042963153825,423.12140477911976,426.0769348144531,45214500
2021-10-26 00:00:00-04:00,427.6202741364318,428.8267936967001,426.0863644802023,426.4604797363281,56075100
2021-10-27 00:00:00-04:00,426.9187544263702,427.5828110799996,424.4962963050063,424.5711364746094,72438000
2021-10-28 00:00:00-04:00,425.9928970266798,428.74268884325414,425.98356341041193,428.6678771972656,51437900
2021-10-29 00:00:00-04:00,426.37633178072844,429.8276001732101,426.0863902989246,429.53765869140625,70162400
2021-11-01 00:00:00-04:00,430.5197095224262,430.8938533397437,428.5555971973382,430.27655029296875,48433600
2021-11-02 00:00:00-04:00,430.44481231627395,432.3247790148604,430.3138562976126,432.01611328125,48908400
2021-11-03 00:00:00-04:00,431.45500068055804,435.05592075419565,431.0154073955712,434.65374755859375,52509800
2021-11-04 00:00:00-04:00,435.25226017354726,436.78616963056874,434.9062028929941,436.7019958496094,52847100
2021-11-05 00:00:00-04:00,438.91873147438207,440.20009126070624,436.71143139873345,438.2172546386719,66390600
2021-11-08 00:00:00-05:00,439.3116013484249,439.8073105381087,437.908647580282,438.5914001464844,50405200
2021-11-09 00:00:00-05:00,438.9560903412489,439.18991592053965,435.73864808675563,437.1416015625,51149100
2021-11-10 00:00:00-05:00,435.45815451293214,437.14171625142313,432.1472039925876,433.6249694824219,69429700
2021-11-11 00:00:00-05:00,435.1120661491066,435.1869063329562,433.7465324971055,433.7652282714844,34848500
2021-11-12 00:00:00-05:00,435.0278628031356,437.59058233417034,434.08319821257237,437.03875732421875,53466700
2021-11-15 00:00:00-05:00,438.32012144161854,438.47910686218404,436.06603927869656,437.1883850097656,46980500
2021-11-16 00:00:00-05:00,436.92659366627856,440.05050085206307,436.8517820190225,438.9187927246094,48857500
2021-11-17 00:00:00-05:00,438.65688553568276,438.8345952994172,437.23523596897536,437.8525390625,47858300
2021-11-18 00:00:00-05:00,438.88128203134477,439.601483135465,436.1689108233059,439.339599609375,50625600
2021-11-19 00:00:00-05:00,439.2273454032156,440.4713135766684,438.1891734422036,438.553955078125,57315600
2021-11-22 00:00:00-05:00,440.42451592160756,442.9030613202092,437.11353777117984,437.3193054199219,72762000
2021-11-23 00:00:00-05:00,436.99201694576334,438.7503901392518,434.4012394044777,437.8992614746094,73206500
2021-11-24 00:00:00-05:00,435.9070933030563,439.1900143055321,435.09338467174774,439.06842041015625,61858800
2021-11-26 00:00:00-05:00,432.4277521953583,433.88682180438246,428.1534129420354,429.2757873535156,112669600
2021-11-29 00:00:00-05:00,434.0458862206688,436.3747805704496,431.857281552832,434.5415954589844,86268800
2021-11-30 00:00:00-05:00,432.10968361693193,434.00834623655254,425.84314648487594,426.0863342285156,148559600
2021-12-01 00:00:00-05:00,431.77307418093795,434.6070397085966,421.1573847437486,421.3537902832031,131939200
2021-12-02 00:00:00-05:00,421.56892113358685,429.3693408365679,421.17608151058477,427.807373046875,127637800
2021-12-03 00:00:00-05:00,429.4628278206349,430.5196955865321,419.8759779470982,424.0848388671875,137331600
2021-12-06 00:00:00-05:00,426.61954425695245,430.9780574380259,424.21580992319184,429.1074523925781,98977500
2021-12-07 00:00:00-05:00,434.36378278494004,438.5445855755073,428.97643192913154,437.9833984375,95484700
2021-12-08 00:00:00-05:00,438.3762317093102,439.5921133715834,436.62719230325564,439.1431579589844,72238800
2021-12-09 00:00:00-05:00,437.8618472439546,439.24610518022257,435.9819086816433,436.1783142089844,61272600
2021-12-10 00:00:00-05:00,438.871953514165,440.43389253118346,436.32792985552976,440.28424072265625,77159800
2021-12-13 00:00:00-05:00,439.7698232123747,440.115880522037,436.10342536649597,436.384033203125,87724700
2021-12-14 00:00:00-05:00,433.1292229901505,435.60776885896564,430.4729673662913,433.3817443847656,97264100
2021-12-15 00:00:00-05:00,433.4378558520737,440.39647953000116,430.9312236978613,440.1533203125,116899300
2021-12-16 00:00:00-05:00,441.99589716215934,442.276476487203,434.7285786686983,436.2718505859375,116568600
2021-12-17 00:00:00-05:00,433.2054531879676,436.19955239682724,429.9297889238789,431.6286315917969,135511600
2021-12-20 00:00:00-05:00,426.5696462517917,427.4331314987916,423.43476458066107,427.0389404296875,107134800
2021-12-21 00:00:00-05:00,430.44595141816603,434.7634631754368,428.28720986125103,434.6226806640625,69806300
2021-12-22 00:00:00-05:00,434.3693066437573,439.08100980710736,434.1721824687357,438.9683837890625,58890200
2021-12-23 00:00:00-05:00,439.96334315913737,443.1920897716103,439.86011217679714,441.6997375488281,56439700
2021-12-27 00:00:00-05:00,443.07001273264143,447.9976015537163,443.0230947726751,447.95068359375,56808600
2021-12-28 00:00:00-05:00,448.3823699323735,449.40542766483634,446.8243100349208,447.5845642089844,47274600
2021-12-29 00:00:00-05:00,447.6879323342068,449.17088949249677,446.69303086170095,448.1572265625,54503000
2021-12-30 00:00:00-05:00,448.57947325578937,449.58376955280687,446.45828329869533,446.9181823730469,55329000
2021-12-31 00:00:00-05:00,446.43022358419387,447.57527399414477,445.5197916430219,445.7919616699219,65237400
2022-01-03 00:00:00-05:00,447.0496946773306,448.504524050065,444.75017001996036,448.37310791015625,72668200
2022-01-04 00:00:00-05:00,449.79032507237594,450.50366140781244,446.3738496168056,448.2228698730469,71178700
2022-01-05 00:00:00-05:00,447.8567704426278,448.6264196779899,439.5221022436826,439.615966796875,104538900
2022-01-06 00:00:00-05:00,439.1561460016045,441.9062031753526,436.8471978839519,439.20306396484375,86858900
2022-01-07 00:00:00-05:00,439.212525445449,440.385761138333,436.11516603016537,437.46673583984375,85111600
2022-01-10 00:00:00-05:00,434.28484075797536,437.1381287170904,428.5594460975087,436.9222717285156,119362000
2022-01-11 00:00:00-05:00,436.65950709740383,440.9957810759172,433.6747741107534,440.90191650390625,74303100
2022-01-12 00:00:00-05:00,442.628843747025,444.1399857731622,440.1415905324824,442.0938415527344,67605400
2022-01-13 00:00:00-05:00,443.1920315438877,443.83965979140663,434.9793835505829,436.00244140625,91173100
2022-01-14 00:00:00-05:00,432.8675097785327,436.5279981611644,431.656722936933,436.18072509765625,95890900
2022-01-18 00:00:00-05:00,431.50661955919577,431.71311015183727,427.34867984369737,428.4562072753906,109709100
2022-01-19 00:00:00-05:00,429.99555394732135,431.3846465950604,423.73515605125175,424.0073547363281,109357600
2022-01-20 00:00:00-05:00,425.88441828475294,430.5679644846723,417.20247697536684,419.3143005371094,122379700
2022-01-21 00:00:00-05:00,418.1974030107011,420.5438737739102,411.05475975634477,411.0829162597656,202271200
2022-01-24 00:00:00-05:00,405.49836193837206,413.3355811285161,394.9204805481449,412.8287353515625,251783900
2022-01-25 00:00:00-05:00,406.4650696517462,412.71607151675664,400.9180090511274,407.7884826660156,167997300
2022-01-26 00:00:00-05:00,413.6546462199283,416.7707663219055,402.52297383173703,406.7654113769531,186391100
2022-01-27 00:00:00-05:00,411.3458376115937,414.47132495992946,403.07687456604026,404.7569274902344,149878300
2022-01-28 00:00:00-05:00,406.1084105135008,414.8560610276969,401.54688476779603,414.80914306640625,164457400
2022-01-31 00:00:00-05:00,414.1427300497246,422.62757707476004,412.800555532894,422.2803039550781,152251400
2022-02-01 00:00:00-05:00,423.0030224285111,425.77186972605006,419.49271090214194,425.1336364746094,123155400
2022-02-02 00:00:00-05:00,427.52703339584536,429.98613051980317,425.2274802659756,429.263427734375,117361000
2022-02-03 00:00:00-05:00,423.2564492415284,425.15238749253155,418.33822656188164,419.173583984375,118024400
2022-02-04 00:00:00-05:00,418.9389647113515,424.9740816327315,416.5737034611267,421.1446533203125,118454400
2022-02-07 00:00:00-05:00,421.90485354850045,423.2939459588078,418.46961678958075,419.79302978515625,84472900
2022-02-08 00:00:00-05:00,419.29559079665904,424.16686670467533,417.87831319896964,423.2470397949219,81012000
2022-02-09 00:00:00-05:00,427.26420999418116,429.76085856020444,427.06711445154485,429.4417419433594,92589900
2022-02-10 00:00:00-05:00,423.6225314818853,429.6013356626919,419.73678997428686,421.7265930175781,140103700
2022-02-11 00:00:00-05:00,421.81108456363035,423.87596219182404,411.98406127910243,413.41070556640625,153214600
2022-02-14 00:00:00-05:00,412.9037733723224,414.480594825984,408.6050229613756,412.05902099609375,123006300
2022-02-15 00:00:00-05:00,416.4798347763938,418.8732237029998,415.96359397809533,418.70428466796875,88482700
2022-02-16 00:00:00-05:00,416.66754036033973,420.5439150243388,414.79975861551924,419.173583984375,84863600
2022-02-17 00:00:00-05:00,416.00109810416023,419.1453745670453,409.6187092652566,410.2193908691406,102259100
2022-02-18 00:00:00-05:00,410.4728334127503,411.72117196742954,405.3012310451236,407.563232421875,132642900
2022-02-22 00:00:00-05:00,405.36692386987266,408.7552139612039,399.70720879424357,403.18939208984375,124391800
2022-02-23 00:00:00-05:00,406.0896264136833,406.65278513498924,395.47419479431903,396.037353515625,132578000
2022-02-24 00:00:00-05:00,385.77862865421275,402.42920784966424,385.4219890905369,401.9974365234375,213942900
2022-02-25 00:00:00-05:00,403.22697217896933,410.95156547095496,401.5844423836347,410.8670959472656,121804500
2022-02-28 00:00:00-05:00,405.4983445727152,411.2894475933548,404.2500346060891,409.81585693359375,145615000
2022-03-01 00:00:00-05:00,408.32350426508583,410.3227021337157,400.8804765076019,403.5742492675781,137785900
2022-03-02 00:00:00-05:00,405.81744799908034,412.716078231037,405.0665887622246,410.99847412109375,117726500
2022-03-03 00:00:00-05:00,413.4199905086059,414.0206721272684,407.15959393144027,408.9523010253906,105501700
2022-03-04 00:00:00-05:00,405.2355714996603,406.7560802365222,401.60323870750193,405.6297912597656,113978200
2022-03-07 00:00:00-05:00,405.04777437562143,405.7517156092554,393.6063805668149,393.6720886230469,137896600
2022-03-08 00:00:00-05:00,393.85041590198745,400.97429762630316,389.62676857301784,390.6873779296875,164772700
2022-03-09 00:00:00-05:00,399.03140239539204,403.1330282597895,396.85387088988057,401.1619873046875,116990800
2022-03-10 00:00:00-05:00,396.57231346186796,400.2421971081939,394.62006242432875,399.3505554199219,93972700
2022-03-11 00:00:00-05:00,401.82842103783685,402.4384977081336,393.7659509253849,394.2727966308594,95636300
2022-03-14 00:00:00-04:00,395.04241839203115,398.47762614689606,390.25561263559194,391.39129638671875,95729200
2022-03-15 00:00:00-04:00,393.99124132149103,400.62706816648796,392.72416989957503,399.99822998046875,106219100
2022-03-16 00:00:00-04:00,403.48973577211655,408.92414137534934,398.7122961456911,408.8678283691406,144954800
2022-03-17 00:00:00-04:00,406.96250340047624,413.983154296875,406.58707380377643,413.983154296875,102676900
2022-03-18 00:00:00-04:00,412.3788286596397,418.83753350872564,411.6444565524196,418.5174255371094,106345500
2022-03-21 00:00:00-04:00,418.34801862936644,420.34400315492985,414.90210943181734,418.3951110839844,88349800
2022-03-22 00:00:00-04:00,419.77910261257296,424.223004155329,419.77910261257296,423.2909240722656,74650400
2022-03-23 00:00:00-04:00,420.7676007482886,422.2551645839134,417.7547761355378,417.8395080566406,79426100
2022-03-24 00:00:00-04:00,419.8544117415458,424.14766886587796,418.74344361122075,424.13824462890625,64736900
2022-03-25 00:00:00-04:00,424.7690942601519,426.4826390256011,422.19877711197813,426.2095947265625,77101300
2022-03-28 00:00:00-04:00,425.61644404723825,429.2412414550781,423.7334353919897,429.2412414550781,68529800
2022-03-29 00:00:00-04:00,433.110769196489,435.04087012373685,430.43690060861235,434.55126953125,86581500
2022-03-30 00:00:00-04:00,433.41209413224465,434.22180278627525,429.7684770201859,431.8680419921875,79666900
2022-03-31 00:00:00-04:00,431.10541007140074,431.9245142006821,424.7690759011227,425.22100830078125,121699900
2022-04-01 00:00:00-04:00,426.7933192033268,426.9345391042458,422.86726229562163,426.4261474609375,89048800
2022-04-04 00:00:00-04:00,426.6237972828837,430.1826819640368,425.80469323655575,430.0791015625,59601000
2022-04-05 00:00:00-04:00,428.5916034503726,431.04891596697667,423.5074858006422,424.6466979980469,74214500
2022-04-06 00:00:00-04:00,420.7488018120138,422.6694495834861,417.5288449887846,420.4004211425781,106898000
2022-04-07 00:00:00-04:00,419.52485288651064,424.3265300513527,417.58535653376873,422.5188293457031,78097200
2022-04-08 00:00:00-04:00,421.76563401623116,424.2700386147041,419.85438165587385,421.3890380859375,79272700
2022-04-11 00:00:00-04:00,418.13146105748064,418.96941367640034,413.68758834274337,414.18658447265625,89770500
2022-04-12 00:00:00-04:00,417.1617012912827,419.67553034639525,411.1078357022038,412.65191650390625,84363600
2022-04-13 00:00:00-04:00,412.4070937143792,418.1314267488248,412.22820561338756,417.37823486328125,74070400
2022-04-14 00:00:00-04:00,417.6041663493815,418.7151631152427,412.0775414258065,412.1811218261719,97869500
2022-04-18 00:00:00-04:00,411.25843764326237,414.0264622248378,410.1286211368297,412.3505859375,66002500
2022-04-19 00:00:00-04:00,412.24699734346973,419.72254266588925,412.0775334906012,419.00701904296875,77821000
2022-04-20 00:00:00-04:00,420.77706452379897,421.38903649977607,417.53828781709484,418.6963195800781,65224400
2022-04-21 00:00:00-04:00,422.30230774795746,423.68632009037725,411.53149725254485,412.4353332519531,85417300
2022-04-22 00:00:00-04:00,411.35261559680123,412.4541594531157,400.55356095514185,401.11846923828125,132471800
2022-04-25 00:00:00-04:00,398.88709289400344,403.6134335850115,394.33961156529534,403.4439697265625,119647700
2022-04-26 00:00:00-04:00,400.9207672684951,401.11850386074025,391.73170475049534,391.75994873046875,103996300
2022-04-27 00:00:00-04:00,392.8332367337777,398.18100288274366,390.7337005773798,392.8614807128906,122030000
2022-04-28 00:00:00-04:00,397.58784935923745,404.5079115448034,393.1721919995158,402.7849426269531,105449100
2022-04-29 00:00:00-04:00,398.8117805304688,400.95840906428657,387.15595335566474,387.8997497558594,145491100
2022-05-02 00:00:00-04:00,387.96565155346553,391.5904485536996,381.328029550651,390.23468017578125,158312500
2022-05-03 00:00:00-04:00,390.7336728773015,394.4243533044233,389.18016793893156,392.0235290527344,100028200
2022-05-04 00:00:00-04:00,392.6825612700032,404.52670026180385,389.5096966956075,403.9617919921875,144247900
2022-05-05 00:00:00-04:00,399.7155659383141,400.1392542887666,385.48945235975316,389.60382080078125,172929100
2022-05-06 00:00:00-04:00,387.0523990067409,390.53594745704976,381.996525832566,387.2783508300781,151770800
2022-05-09 00:00:00-04:00,381.40337111087143,382.63673935937004,373.30642894835574,374.8787536621094,155586100
2022-05-10 00:00:00-04:00,380.82908230261177,382.3260707592916,371.72475140081883,375.7449645996094,132497200
2022-05-11 00:00:00-04:00,374.7845967667288,380.4053781846459,369.03199096468177,369.7757873535156,142361000
2022-05-12 00:00:00-04:00,366.59347147586817,372.64733635025226,362.6203227573482,369.3897399902344,125090800
2022-05-13 00:00:00-04:00,373.50412408755506,379.59565742635624,372.46846371843355,378.2210693359375,104174400
2022-05-16 00:00:00-04:00,376.5828191904679,380.33941134440613,374.3420348416539,376.6863708496094,78622400
2022-05-17 00:00:00-04:00,382.7496362466939,384.6703125334466,379.03068379558096,384.4349365234375,83029700
2022-05-18 00:00:00-04:00,379.89699020316084,380.1794300040196,367.7044978598018,368.9378662109375,117674500
2022-05-19 00:00:00-04:00,365.88736256542336,371.0844842086102,364.4656820097794,366.67822265625,98510700
2022-05-20 00:00:00-04:00,370.24655877361363,373.8054438090952,358.2800473984459,366.83831787109375,131432200
2022-05-23 00:00:00-04:00,369.8510659686335,374.464459331566,367.54439801959404,373.70184326171875,76414900
2022-05-24 00:00:00-04:00,369.5969043569321,372.035396905163,364.32447483504643,370.84912109375,91448800
2022-05-25 00:00:00-04:00,369.36150985252755,376.08386362206704,368.966094179277,374.1255187988281,91472900
2022-05-26 00:00:00-04:00,375.34950112064234,383.2298868677585,375.14236904234315,381.60107421875,82168300
2022-05-27 00:00:00-04:00,384.04893339400786,391.08197003323517,383.85122558194,390.968994140625,84768700
2022-05-31 00:00:00-04:00,389.359088170834,392.0988691063854,386.04500340916127,388.7753601074219,95937000
2022-06-01 00:00:00-04:00,390.8843473141323,391.8917350641577,383.1263324544133,385.6307373046875,86585800
2022-06-02 00:00:00-04:00,385.47069700399817,393.0215510259649,383.2299122085265,392.9744873046875,79609600
2022-06-03 00:00:00-04:00,388.276330523708,389.8204112199368,385.5553982972068,386.525146484375,71874300
2022-06-06 00:00:00-04:00,390.517114758432,392.2400548190691,386.5345416096812,387.7020263671875,57508900
2022-06-07 00:00:00-04:00,384.22791205148525,391.87292239964444,383.76655540466106,391.4209899902344,59272400
2022-06-08 00:00:00-04:00,389.7168124827089,391.4962691477678,386.37448418684187,387.16534423828125,64350000
2022-06-09 00:00:00-04:00,385.3953672474794,387.65497182412037,377.9574890136719,377.9574890136719,86289800
2022-06-10 00:00:00-04:00,371.7812098207837,372.6285579152145,366.95128833036904,366.99835205078125,132893900
2022-06-13 00:00:00-04:00,357.63038818463684,359.47572843382756,351.4635182270805,353.0640869140625,170004900
2022-06-14 00:00:00-04:00,354.8058145427175,355.83205053117496,348.9119898698638,352.0001220703125,104011800
2022-06-15 00:00:00-04:00,355.2860394664343,361.4434854707774,350.352566259201,357.0184326171875,125666800
2022-06-16 00:00:00-04:00,348.83664334225085,349.2414831515078,342.7827510093469,345.2024230957031,134473300
2022-06-17 00:00:00-04:00,345.61578942511153,349.2751458907682,342.45758461496894,345.94671630859375,111113900
2022-06-21 00:00:00-04:00,351.64851628810544,356.03595201089433,351.5728544262298,354.6554260253906,76811900
2022-06-22 00:00:00-04:00,350.4475684991193,358.10670044343743,350.0315148923091,354.01239013671875,90059400
2022-06-23 00:00:00-04:00,356.13997099447135,358.2107454929241,352.5940787916053,357.482666015625,79292100
2022-06-24 00:00:00-04:00,360.64092737126776,368.8579451727361,360.6125613834367,368.8484802246094,98050300
2022-06-27 00:00:00-04:00,369.76558055330014,370.058705296432,366.35208260935923,367.4394836425781,66009600
2022-06-28 00:00:00-04:00,368.99022810339807,371.76074455610546,359.8181767077826,359.931640625,86548900
2022-06-29 00:00:00-04:00,360.48012203098745,361.46349531064214,357.8230692449071,359.6385498046875,65676000
2022-06-30 00:00:00-04:00,355.7617301279105,359.94116789384236,352.2820347335468,356.7167663574219,112508300
2022-07-01 00:00:00-04:00,356.0642966004514,360.9245465265662,353.45451079691634,360.48956298828125,74839700
2022-07-05 00:00:00-04:00,355.42134927768956,361.1893400506747,352.60353638031745,361.17041015625,81438000
2022-07-06 00:00:00-04:00,361.31220220280136,364.8675591963436,358.93883808157653,362.3901672363281,70426200
2022-07-07 00:00:00-04:00,364.15836271170366,368.61199482225004,362.4090502838774,367.8177185058594,64525900
2022-07-08 00:00:00-04:00,366.191344484654,369.3779436355089,364.6689887193885,367.5151672363281,72397800
2022-07-11 00:00:00-04:00,364.84871551946867,365.81318791961246,362.6266170491616,363.31689453125,58366900
2022-07-12 00:00:00-04:00,362.7683853874002,365.1417783353174,358.3620201292297,360.10186767578125,62219200
2022-07-13 00:00:00-04:00,354.68376178018957,361.1325642695577,354.2677081449695,358.2107238769531,84224600
2022-07-14 00:00:00-04:00,353.27481661524047,358.41872587951195,350.8447207380731,357.3407897949219,89704800
2022-07-15 00:00:00-04:00,361.7282870982627,364.2813411355363,359.82770841913714,364.1678771972656,79060400
2022-07-18 00:00:00-04:00,367.24102796860734,367.91237558829357,359.94121554632426,361.1610107421875,63203600
2022-07-19 00:00:00-04:00,365.0661316858812,371.48656848607965,364.413714078224,370.9192199707031,78506000
2022-07-20 00:00:00-04:00,371.1083094752707,374.6920322047229,369.74668471412105,373.2831115722656,71843800
2022-07-21 00:00:00-04:00,372.70635127041953,377.13161760377886,370.31405726547354,377.0843505859375,64903900
2022-07-22 00:00:00-04:00,377.2072777513435,378.3986778470548,371.37309072029717,373.5857238769531,72197300
2022-07-25 00:00:00-04:00,374.20983824071493,374.8906507241828,371.8080790828495,374.0396423339844,53631500
2022-07-26 00:00:00-04:00,372.40379790822186,372.6118247488071,368.7255405509069,369.6143798828125,52946400
2022-07-27 00:00:00-04:00,372.89541596509065,380.95170043904375,372.60229122410834,379.21185302734375,82342100
2022-07-28 00:00:00-04:00,380.0156283887417,384.6583576476985,376.47917243204495,383.9681091308594,73966600
2022-07-29 00:00:00-04:00,385.39594499465454,390.5493202190506,384.63003453579483,389.56591796875,87003700
2022-08-01 00:00:00-04:00,386.8805020677419,390.90864514857856,386.17132357359725,388.4123229980469,69997500
2022-08-02 00:00:00-04:00,386.85209567230385,390.52091664915406,384.67729339338854,385.84979248046875,63435400
2022-08-03 00:00:00-04:00,387.96788490865407,393.05506301560587,387.6842250670768,391.89202880859375,67820600
2022-08-04 00:00:00-04:00,391.81635523733325,392.4971676933185,389.9914096457841,391.62725830078125,45656600
2022-08-05 00:00:00-04:00,387.3627684777301,391.608374668419,387.3060365044083,390.96539306640625,56814900
2022-08-08 00:00:00-04:00,392.64844425670384,394.8894434033857,389.4145780273554,390.5114440917969,53886100
2022-08-09 00:00:00-04:00,389.78339679657284,390.2845484240548,387.89225422395475,388.96075439453125,44931800
2022-08-10 00:00:00-04:00,395.9863903656601,397.2723824771048,394.0385155870953,397.1305236816406,68665700
2022-08-11 00:00:00-04:00,399.9672378861389,401.8205786097931,396.39297914273305,397.1305236816406,59489700
2022-08-12 00:00:00-04:00,399.0594018073081,403.9574535679473,398.1138306323642,403.85345458984375,61694500
2022-08-15 00:00:00-04:00,401.6502867542093,406.03775117563913,401.593554788117,405.5176696777344,54048300
2022-08-16 00:00:00-04:00,404.4492350458775,408.23152036285336,403.64549364471077,406.31201171875,59289000
2022-08-17 00:00:00-04:00,402.7282954712,406.12289314083716,401.4328673441197,403.4280090332031,63563400
2022-08-18 00:00:00-04:00,403.6265587430193,405.28130854866936,402.34059560234215,404.60052490234375,49023200
2022-08-19 00:00:00-04:00,401.8488709739081,402.1136297635589,398.29351392155985,399.1634521484375,68016900
2022-08-22 00:00:00-04:00,394.3504946497515,394.52071941279587,389.95359392592934,390.8518981933594,77695600
2022-08-23 00:00:00-04:00,390.42636368047374,392.8092217006566,389.3578635500323,389.90631103515625,49105200
2022-08-24 00:00:00-04:00,389.67945345863336,392.5161679327527,388.99866968713445,391.1545715332031,49177800
2022-08-25 00:00:00-04:00,392.6389975097295,396.7238722445992,391.551596341063,396.6766052246094,50942300
2022-08-26 00:00:00-04:00,396.56310898909396,397.1020626279462,383.1927187216093,383.24945068359375,103087000
2022-08-29 00:00:00-04:00,380.3087738309777,383.7506382256978,379.36320256720757,380.7153625488281,65370800
2022-08-30 00:00:00-04:00,381.86898583766924,382.1053786692072,374.4462451560691,376.53594970703125,85652400
2022-08-31 00:00:00-04:00,378.16233169722864,379.40102781992005,373.53850294031076,373.6708679199219,76029700
2022-09-01 00:00:00-04:00,371.5054577952036,375.1837145120207,368.8105742839667,374.84332275390625,78740100
2022-09-02 00:00:00-04:00,378.49320801532787,379.70353789868255,369.0847637974907,370.89080810546875,99632100
2022-09-06 00:00:00-04:00,371.7324544703169,372.66856083501824,367.2788216710287,369.491455078125,76637400
2022-09-07 00:00:00-04:00,369.17937898507915,376.89524390582346,368.96191606413413,376.12933349609375,70964200
2022-09-08 00:00:00-04:00,373.8694381880067,379.04168533112323,372.6685442072661,378.58782958984375,80821700
2022-09-09 00:00:00-04:00,380.8193790648535,385.3297726688279,380.55462025307344,384.46929931640625,76706900
2022-09-12 00:00:00-04:00,386.53060660794216,389.32005328167793,386.2280168884876,388.6014099121094,69256300
2022-09-13 00:00:00-04:00,379.9588585471244,381.1597524265052,370.58827344881297,371.70404052734375,122947100
2022-09-14 00:00:00-04:00,372.9994466237355,374.6352950749649,369.8317775514849,373.12237548828125,85023700
2022-09-15 00:00:00-04:00,371.57167994308946,374.40839376655435,367.6191989412992,368.8862609863281,87633800
2022-09-16 00:00:00-04:00,364.72387185360486,366.7272091723702,362.7964492553366,366.07208251953125,103084800
2022-09-19 00:00:00-04:00,362.9389250642447,368.9109802246094,362.8629523864004,368.9109802246094,73278500
2022-09-20 00:00:00-04:00,365.5973646765914,366.6037852771278,361.93248003220094,364.6763916015625,77274900
2022-09-21 00:00:00-04:00,366.5941948401459,369.63246357967904,358.30546809821095,358.3149719238281,106746600
2022-09-22 00:00:00-04:00,357.5458457484718,359.17890993954154,354.56457132673756,355.3051452636719,89472600
2022-09-23 00:00:00-04:00,351.8491550778172,351.887141405295,344.92764635528243,349.35211181640625,122346900
2022-09-26 00:00:00-04:00,347.88994974224795,351.4978686011886,344.68078591741266,345.8960876464844,92581200
2022-09-27 00:00:00-04:00,349.41861164213634,351.6783204261148,342.6300104380139,345.0131530761719,108294100
2022-09-28 00:00:00-04:00,345.9625220409481,353.482191686378,344.2724927894435,351.8016662597656,110802200
2022-09-29 00:00:00-04:00,348.2697422736175,348.55456731120603,341.51912810704937,344.45294189453125,112952300
2022-09-30 00:00:00-04:00,343.51294405259347,347.4152207218765,338.9935561579165,339.12646484375,153711200
2022-10-03 00:00:00-04:00,342.82934672559077,349.92177979795235,341.0538697447387,348.079833984375,89756500
2022-10-04 00:00:00-04:00,353.57721811383504,358.8941746443229,348.04190536505,358.8656921386719,103602800
2022-10-05 00:00:00-04:00,354.5171835950493,360.2803561426698,352.2005099841954,358.0301513671875,88065700
2022-10-06 00:00:00-04:00,356.63448871251217,359.5778067097025,353.843087080186,354.3368225097656,82333500
2022-10-07 00:00:00-04:00,350.32056946949496,354.42222386124985,342.69644356252195,344.45294189453125,107789500
2022-10-10 00:00:00-04:00,345.5638554657178,345.8012193680551,339.59180054497295,341.822998046875,76042800
2022-10-11 00:00:00-04:00,340.1329308775536,344.68083086003986,337.7308096086358,339.658203125,92482800
2022-10-12 00:00:00-04:00,340.0664801784366,341.63307591693376,338.29097410138615,338.537841796875,76991800
2022-10-13 00:00:00-04:00,331.55934562012055,348.934398580659,330.5149387795829,347.47222900390625,147254500
2022-10-14 00:00:00-04:00,349.9217782616768,351.5453678678568,338.91759358407694,339.5537414550781,123737000
2022-10-17 00:00:00-04:00,345.61126849106756,349.38060757787383,339.221423235325,348.27923583984375,93168200
2022-10-18 00:00:00-04:00,356.16925149824414,356.4730842166548,348.94387997178285,352.3714294433594,97162900
2022-10-19 00:00:00-04:00,350.33958306364724,353.0550409179747,347.07345375673924,349.8743591308594,79746900
2022-10-20 00:00:00-04:00,349.42812063236454,353.8336082385052,346.18096994205536,346.9405517578125,88283100
2022-10-21 00:00:00-04:00,346.6651844936338,355.8559066992739,345.1650575657833,355.3717041015625,131038400
2022-10-24 00:00:00-04:00,356.8907650535231,360.8499774110466,354.25125151507257,359.7201232910156,85436900
2022-10-25 00:00:00-04:00,359.64421973765667,365.777693519867,359.5302897254607,365.4643859863281,78846300
2022-10-26 00:00:00-04:00,362.3311611391799,367.98990714811197,362.0748186150192,362.7109375,104087300
2022-10-27 00:00:00-04:00,363.70795365066004,365.54039595428065,360.1569701011895,360.7741394042969,81971800
2022-10-28 00:00:00-04:00,360.66969527942797,369.83193605345815,360.48929639684917,369.3572082519531,100302000
2022-10-31 00:00:00-04:00,366.90759418543263,368.7685188952542,365.78724362365824,366.689208984375,96631300
2022-11-01 00:00:00-04:00,370.420527665591,370.65789150533925,363.9167526614729,365.0845642089844,85407600
2022-11-02 00:00:00-04:00,364.49597616975944,368.98691130694584,355.81796759742275,355.9223937988281,126990400
2022-11-03 00:00:00-04:00,352.694279312725,355.2863035789503,350.1497452124156,352.2575378417969,87100100
2022-11-04 00:00:00-04:00,357.9447770911312,359.72025450594066,351.2985875960704,357.32763671875,103505200
2022-11-07 00:00:00-05:00,358.61883592099326,361.3342937720169,356.5490298438672,360.7456359863281,68286900
2022-11-08 00:00:00-05:00,361.84701770864893,365.65434401980673,358.62837822141654,362.6920471191406,84641100
2022-11-09 00:00:00-05:00,360.72664884786775,361.8755109531058,354.72608267328593,355.2198181152344,78495500
2022-11-10 00:00:00-05:00,368.43620204058976,375.07291581213747,366.14803974108565,374.7406005859375,141455800
2022-11-11 00:00:00-05:00,375.5951003651524,379.1650623418643,373.7151680311234,378.3675231933594,93839900
2022-11-14 00:00:00-05:00,376.61103437675337,379.9531074146063,374.87351452909996,375.14886474609375,71903500
2022-11-15 00:00:00-05:00,380.8740658346402,381.9754376853018,374.55068876407796,378.3485107421875,93194500
2022-11-16 00:00:00-05:00,376.72498240572435,377.6744379820254,374.83557508091235,375.46221923828125,68508500
2022-11-17 00:00:00-05:00,370.7243833730803,374.9874582361336,370.42057963663734,374.3133239746094,74496300
2022-11-18 00:00:00-05:00,377.63640863793864,377.7028774747301,373.1739853225882,376.0128479003906,92922500
2022-11-21 00:00:00-05:00,374.69308951984544,375.8134399275281,372.8131574140973,374.6455993652344,51243200
2022-11-22 00:00:00-05:00,376.5825770145296,379.84870657702646,375.1773723038927,379.6872863769531,60429000
2022-11-23 00:00:00-05:00,379.3549333957438,382.56409762142516,379.1270733477937,382.07989501953125,68261600
2022-11-25 00:00:00-05:00,381.51965705763075,382.5450851329431,381.24433584905154,381.994384765625,30545400
2022-11-28 00:00:00-05:00,378.9181872794732,380.5512518780544,375.13934400569946,375.89892578125,67881600
2022-11-29 00:00:00-05:00,376.0317967820062,377.21861602317534,373.420794451434,375.2532653808594,52310000
2022-11-30 00:00:00-05:00,375.50011084303225,387.073974609375,373.59172517191445,387.073974609375,144566700
2022-12-01 00:00:00-05:00,388.1089126426204,389.27675333365096,384.29211197998836,386.7891845703125,76398200
2022-12-02 00:00:00-05:00,381.91849025775207,387.24492191924827,381.8140640565856,386.34295654296875,85342700
2022-12-05 00:00:00-05:00,383.5325548004845,384.4630026318405,378.04470325554814,379.3929138183594,77289800
2022-12-06 00:00:00-05:00,379.23152341918535,379.7726910257881,371.8447608883039,373.9240417480469,77972200
2022-12-07 00:00:00-05:00,373.0790519775326,375.64259345528575,372.15807896997796,373.2879333496094,65927900
2022-12-08 00:00:00-05:00,375.1679022862841,377.27566591677703,373.3923959629349,376.2122802734375,60737900
2022-12-09 00:00:00-05:00,374.977955065578,377.52248883512004,373.2784216185342,373.40185546875,81447700
2022-12-12 00:00:00-05:00,374.1898882628355,378.7852783203125,373.52528680664847,378.7852783203125,75405800
2022-12-13 00:00:00-05:00,389.4856572201214,389.7419997878151,378.8992336233936,381.65264892578125,123782500
2022-12-14 00:00:00-05:00,381.3107822890158,385.00417782900206,376.2786800874481,379.2124938964844,108111300
2022-12-15 00:00:00-05:00,374.37028116191146,375.27227545068706,368.28429708214924,369.93634033203125,117705900
2022-12-16 00:00:00-05:00,367.39060804195844,368.72594377762675,363.4418274301868,365.5688171386719,119858000
2022-12-19 00:00:00-05:00,365.759577222778,366.0934184203677,360.8092731762787,362.4689025878906,79878100
2022-12-20 00:00:00-05:00,361.7154394063112,364.5768857232749,360.39916944320595,362.9649353027344,74427200
2022-12-21 00:00:00-05:00,365.5497098013311,369.51758489971746,365.01557556771496,368.39208984375,78167400
2022-12-22 00:00:00-05:00,365.35897373224327,368.3730338595665,357.4613834622674,363.1365966796875,100120900
2022-12-23 00:00:00-05:00,362.1159860434873,365.36849982820587,360.57080985837734,365.2254333496094,59857300
2022-12-27 00:00:00-05:00,365.11106539954454,365.4544250283312,362.1160705771375,363.7852478027344,51638200
2022-12-28 00:00:00-05:00,363.7183696822059,365.6832559480354,359.03516224980564,359.2640686035156,70911500
2022-12-29 00:00:00-05:00,362.0969531215619,366.59896307537,361.57233717485457,365.7309875488281,66970900
2022-12-30 00:00:00-05:00,363.0603000709137,364.91067512789425,360.9523471240934,364.7676086425781,84022200
2023-01-03 00:00:00-05:00,366.61799691898324,368.5828541871979,360.3800364563273,363.2319641113281,74850700
2023-01-04 00:00:00-05:00,365.48302557821637,368.05833913682085,362.4498991972039,366.0362548828125,85934100
2023-01-05 00:00:00-05:00,364.09041452635574,364.2048677167,361.26712910136496,361.8584899902344,76970500
2023-01-06 00:00:00-05:00,364.93930570815047,371.27265410068173,361.8871138136949,370.15667724609375,104189600
2023-01-09 00:00:00-05:00,372.3408629905399,375.51708414614757,369.7655792215918,369.94677734375,73978100
2023-01-10 00:00:00-05:00,369.3650063190875,372.60797279309605,368.43025676671084,372.54119873046875,65358100
2023-01-11 00:00:00-05:00,374.1150503530879,377.3294038131555,373.3043013861297,377.2530822753906,68881100
2023-01-12 00:00:00-05:00,378.35000138117096,380.0859234423217,374.2962855684355,378.6265869140625,90157700
2023-01-13 00:00:00-05:00,375.4407746169057,380.6676929521993,375.1737074965992,380.09539794921875,63903900
2023-01-17 00:00:00-05:00,380.07639986503904,381.74557694149377,378.7219690868492,379.399169921875,62677300
2023-01-18 00:00:00-05:00,380.58192119114887,381.6406423942581,373.20891710602956,373.4092102050781,99632300
2023-01-19 00:00:00-05:00,371.3775149775483,373.0180784744015,369.37452611387545,370.6907958984375,86958900
2023-01-20 00:00:00-05:00,372.08338384027553,377.749049499946,370.44282022993093,377.596435546875,91806400
2023-01-23 00:00:00-05:00,378.3976534216192,384.05377185885095,377.443838004556,382.1270751953125,84178800
2023-01-24 00:00:00-05:00,380.4579061003212,382.6230566629975,379.2751842732551,381.7169494628906,59524900
2023-01-25 00:00:00-05:00,377.66323376967637,382.19385709358215,375.38360090426846,381.8600158691406,84800300
2023-01-26 00:00:00-05:00,384.5115864864833,386.21892411230044,381.55475308151983,386.0567626953125,72287400
2023-01-27 00:00:00-05:00,385.01712054618537,389.3092897646847,384.80727999784443,386.9438171386719,68346200
2023-01-30 00:00:00-05:00,384.1969135920661,386.4193202496225,381.7933087492669,382.0889892578125,74202000
2023-01-31 00:00:00-05:00,382.60402088774634,387.75461882959763,382.2606321672819,387.7069396972656,86811800
2023-02-01 00:00:00-05:00,386.495567469355,394.56486749175457,383.7676691333913,391.827392578125,101459200
2023-02-02 00:00:00-05:00,395.69982017672226,398.9904947612399,393.8112844222463,397.5311584472656,101654500
2023-02-03 00:00:00-05:00,392.58087711398565,397.71240862486854,392.1039694138387,393.3057861328125,94736800
2023-02-06 00:00:00-05:00,390.8640289856019,392.294752115139,389.2520785976726,390.90216064453125,60295300
2023-02-07 00:00:00-05:00,389.98652766410515,397.25459690875016,388.746579192855,396.0146484375,90990700
2023-02-08 00:00:00-05:00,394.0497069665525,395.3850425222963,390.99748646073925,391.6842346191406,76227500
2023-02-09 00:00:00-05:00,395.27060073163324,395.4232146721326,387.0677833556222,388.2886657714844,78694900
2023-02-10 00:00:00-05:00,387.1155453391367,389.57640563275254,386.30482544964053,389.19488525390625,70769700
2023-02-13 00:00:00-05:00,389.84347361138623,393.8971894997695,389.38563169094465,393.7636413574219,64913500
2023-02-14 00:00:00-05:00,392.24703262517374,395.8810669412816,389.6431352333331,393.5823974609375,88389300
2023-02-15 00:00:00-05:00,391.3981496403728,394.9367965737248,390.55878744301873,394.8605041503906,61555700
2023-02-16 00:00:00-05:00,389.91022227936105,393.8399372390062,389.2902480643342,389.42376708984375,76431500
2023-02-17 00:00:00-05:00,387.3062461554366,388.689290011422,385.3890680493917,388.4508361816406,89257800
2023-02-21 00:00:00-05:00,384.44485161266954,385.49405442565177,380.4006834333242,380.658203125,82655900
2023-02-22 00:00:00-05:00,381.06841821806637,382.6040765516433,378.68387909175857,380.1336975097656,83742300
2023-02-23 00:00:00-05:00,383.01409817857655,383.62455398812614,377.94934088551855,382.1556701660156,96242400
2023-02-24 00:00:00-05:00,377.15767915293793,378.9031484388594,375.4598889913447,378.0733337402344,108194400
2023-02-27 00:00:00-05:00,381.4021421594611,382.7565727740271,378.42624290281987,379.3609924316406,80444700
2023-02-28 00:00:00-05:00,378.88415609227326,380.83946629909735,377.85401901216034,377.9589538574219,96438600
2023-03-01 00:00:00-05:00,377.1481939545518,378.36907664190124,375.2119496353615,376.5091247558594,99706800
2023-03-02 00:00:00-05:00,374.54423904245056,380.27667913690243,374.2103978176706,379.43731689453125,85127800
2023-03-03 00:00:00-05:00,381.2495406253721,385.770645358477,380.6009531474197,385.52264404296875,90120000
2023-03-06 00:00:00-05:00,386.3429340367841,388.6321143894144,385.35098693265746,385.78973388671875,72795900
2023-03-07 00:00:00-05:00,385.74202541995913,385.9804792628776,379.2656108960152,379.87603759765625,108310600
2023-03-08 00:00:00-05:00,379.99054222005736,381.24955646245974,378.2736569852848,380.4960632324219,74746600
2023-03-09 00:00:00-05:00,381.27812390527305,382.9377823434292,372.4934930227915,373.4759216308594,111945300
2023-03-10 00:00:00-05:00,372.9322836127058,375.0020758920174,366.5703510301064,368.0869140625,189253000
2023-03-13 00:00:00-04:00,364.1762836068756,372.3600366700291,363.0698541646436,367.56231689453125,157790000
2023-03-14 00:00:00-04:00,372.4648886988362,375.2786555832206,369.17421414646356,373.6380920410156,149752400
2023-03-15 00:00:00-04:00,368.06785035886526,371.5015626213284,365.98851059869224,371.30126953125,172996900
2023-03-16 00:00:00-04:00,368.9549315868622,378.1592456618237,368.4494105185253,377.81585693359375,143254200
2023-03-17 00:00:00-04:00,376.49072469808146,377.62051539098667,372.019393803673,373.39813232421875,140553400
2023-03-20 00:00:00-04:00,374.17369470613346,377.4003451216976,373.4747707102602,376.9886169433594,93055800
2023-03-21 00:00:00-04:00,380.33963500083723,382.41732640991324,378.75025527455585,381.9385986328125,91524200
2023-03-22 00:00:00-04:00,381.7662673371417,385.3662803866766,375.3896097781942,375.4278869628906,111746600
2023-03-23 00:00:00-04:00,378.28116967824513,382.3024953130758,373.7428390023417,376.44287109375,119351300
2023-03-24 00:00:00-04:00,375.16943071668686,378.99925344252387,372.833236516388,378.9130859375,107682400
2023-03-27 00:00:00-04:00,381.18227006179575,381.9482521763477,378.73118573368964,379.6216125488281,74010400
2023-03-28 00:00:00-04:00,378.9322213165427,379.62159057011246,376.9407263724681,378.76947021484375,62871700
2023-03-29 00:00:00-04:00,382.9152413925595,384.5142052275328,381.7184217978642,384.27484130859375,77497900
2023-03-30 00:00:00-04:00,386.89823380236453,387.14718161102934,384.66737508830965,386.52484130859375,69840000
2023-03-31 00:00:00-04:00,387.4440026260915,392.26958723104974,387.3386673117375,391.9727783203125,112062600
2023-04-03 00:00:00-04:00,391.4557374933837,393.86851514556844,391.06317718146,393.4664001464844,67391100
2023-04-04 00:00:00-04:00,394.10789340859714,394.3951476376342,389.9142329500153,391.2834167480469,66601500
2023-04-05 00:00:00-04:00,390.555750574138,391.3121487439596,388.612116709327,390.2589416503906,65200200
2023-04-06 00:00:00-04:00,389.4642249836437,392.05895083799805,388.4206018294357,391.7812805175781,63743300
2023-04-10 00:00:00-04:00,389.3110132842087,392.2599929388598,388.69825688508763,392.1833801269531,63681000
2023-04-11 00:00:00-04:00,392.8057915925013,393.68663448889265,391.52280443872803,392.28875732421875,59297900
2023-04-12 00:00:00-04:00,394.3472458215589,394.63450004221784,390.1057243914606,390.68975830078125,86420400
2023-04-13 00:00:00-04:00,391.771718270874,396.2334653614746,390.63234364464273,395.87921142578125,85814800
2023-04-14 00:00:00-04:00,395.24728574948534,397.4302835798645,392.61428257068803,394.91217041015625,78161500
2023-04-17 00:00:00-04:00,394.82601113767913,396.3483622283168,393.6004689831214,396.3292236328125,66436400
2023-04-18 00:00:00-04:00,397.89938650253947,398.0334443121423,395.2185225027445,396.5876770019531,63560000
2023-04-19 00:00:00-04:00,394.6823936174116,397.4207029205089,394.62494861239765,396.5207214355469,55227300
2023-04-20 00:00:00-04:00,393.7153338921518,396.0994183553833,392.815323233928,394.3568420410156,75840400
2023-04-21 00:00:00-04:00,394.6536546185458,395.122798546293,392.719604685716,394.6632385253906,73457400
2023-04-24 00:00:00-04:00,394.462104556598,395.4961729182456,393.1312565298119,395.07489013671875,64332100
2023-04-25 00:00:00-04:00,393.1122011297241,393.6675418729125,388.74620489018395,388.80364990234375,97766700
2023-04-26 00:00:00-04:00,389.4163487256269,390.48869433886614,386.6014268812606,387.15673828125,80447000
2023-04-27 00:00:00-04:00,389.6845099890475,395.1324358200448,389.4355621312835,394.8643493652344,92968400
2023-04-28 00:00:00-04:00,393.9833919074716,398.24408097637763,393.9259469095326,398.2344970703125,89433100
2023-05-01 00:00:00-04:00,397.7940910544224,399.85261481140054,397.6025882410736,397.8323974609375,62122300
2023-05-02 00:00:00-04:00,397.12387775512695,397.1717680701673,390.4695783796922,393.361083984375,103998500
2023-05-03 00:00:00-04:00,393.85893960371277,396.2621626197753,390.42167734881843,390.6610412597656,91531800
2023-05-04 00:00:00-04:00,389.6174515879438,389.94298302849234,386.56316548431346,387.89404296875,94901900
2023-05-05 00:00:00-04:00,391.51315430513483,396.1185131848387,391.2546518243353,395.07489013671875,87891800
2023-05-08 00:00:00-04:00,395.4004621354889,395.6589646428425,393.7823597445963,395.18023681640625,50046800
2023-05-09 00:00:00-04:00,393.6387073887216,394.5578565410412,393.21742460657003,393.44720458984375,49220100
2023-05-10 00:00:00-04:00,396.2717004907046,396.90362464850057,391.47483892243093,395.2855224609375,96142900
2023-05-11 00:00:00-04:00,394.42388691061444,394.88344694585095,392.5281141075764,394.5962219238281,70157100
2023-05-12 00:00:00-04:00,395.83138408475986,396.042025526545,391.6664455699177,394.0792236328125,70481500
2023-05-15 00:00:00-04:00,394.68238356588824,395.84089676313823,392.77705610324665,395.43878173828125,54289400
2023-05-16 00:00:00-04:00,394.3376626382598,395.25684108298174,392.78658918922883,392.7961730957031,57705500
2023-05-17 00:00:00-04:00,394.8067934195903,398.16744245894745,393.1695526455843,397.56427001953125,87287000
2023-05-18 00:00:00-04:00,397.24830507598523,401.81538678686417,397.0281089980014,401.39410400390625,97177200
2023-05-19 00:00:00-04:00,402.29419356642416,402.82078253891825,399.59416135067175,400.81011962890625,103793300
2023-05-22 00:00:00-04:00,400.8291963525048,402.5047435268616,399.5940705397391,400.9728088378906,60745400
2023-05-23 00:00:00-04:00,399.33562263531513,400.90586405626465,396.08027900023137,396.47283935546875,86383500
2023-05-24 00:00:00-04:00,394.8738657064858,395.2568421165078,392.44192021304394,393.6004333496094,89213700
2023-05-25 00:00:00-04:00,397.09513966858555,398.4547395231807,394.86428090134467,397.00897216796875,90961600
2023-05-26 00:00:00-04:00,397.66007352379233,402.8686350068501,397.58348992223114,402.1505432128906,93830000
2023-05-30 00:00:00-04:00,404.0750097467597,404.6015986704079,400.9249724539097,402.3037109375,72216000
2023-05-31 00:00:00-04:00,400.48451382304125,401.38452439451896,398.5121576904561,400.07281494140625,110811800
2023-06-01 00:00:00-04:00,400.30258169758037,404.9271083010471,399.05790118797984,403.8739013671875,88865000
2023-06-02 00:00:00-04:00,406.4399357427851,410.4995384716648,405.9133468070171,409.7144470214844,91426200
2023-06-05 00:00:00-04:00,410.0590507599155,411.3420376561127,408.23030720227825,408.92926025390625,65460200
2023-06-06 00:00:00-04:00,408.51766787400214,410.3463826890826,407.8665757411859,409.8197937011719,64022200
2023-06-07 00:00:00-04:00,410.21228457452565,411.3420751836078,407.9813966367141,408.4026794433594,85373300
2023-06-08 00:00:00-04:00,408.46970190729934,411.32293010381545,407.7037491177831,410.8729248046875,61952800
2023-06-09 00:00:00-04:00,411.6676134571485,413.6112472123868,410.62399032938276,411.61016845703125,85742800
2023-06-12 00:00:00-04:00,412.58679062643665,415.4208510939883,411.86869890795646,415.34423828125,76104300
2023-06-13 00:00:00-04:00,416.7995935234062,418.72405947829276,416.13894679853814,418.08258056640625,95899700
2023-06-14 00:00:00-04:00,418.4176322305589,420.380404293596,415.1431216045968,418.58038330078125,100612100
2023-06-15 00:00:00-04:00,417.7666014534157,425.0145475724995,417.6708792659641,423.7698669433594,110303100
2023-06-16 00:00:00-04:00,425.74761712421093,426.31461080665895,421.8555294193706,422.326416015625,114165800
2023-06-20 00:00:00-04:00,420.39480701035416,421.27892182844886,418.0691445357275,420.13531494140625,76160400
2023-06-21 00:00:00-04:00,419.1550103120077,419.9526373922898,417.3963418744523,417.9825744628906,76982300
2023-06-22 00:00:00-04:00,417.0312661321085,419.59715234538584,416.69490598831976,419.491455078125,70637200
2023-06-23 00:00:00-04:00,416.0509861285015,418.09794671553647,415.60892874801584,416.320068359375,92074500
2023-06-26 00:00:00-04:00,415.75312807727073,417.6655331304873,414.37888755488666,414.619140625,72823600
2023-06-27 00:00:00-04:00,415.49365998386605,419.7797664878717,415.0419830447426,419.16473388671875,72813700
2023-06-28 00:00:00-04:00,418.088316566666,420.38514964096186,417.47328405222373,419.3760986328125,75636000
2023-06-29 00:00:00-04:00,418.962851943863,421.1924071877769,418.55924326128763,421.0290222167969,67882300
2023-06-30 00:00:00-04:00,424.22920819454237,426.97768888145606,423.9120577597363,425.9974670410156,104964000
2023-07-03 00:00:00-04:00,425.65153394679413,426.7662822836005,425.37283219871017,426.48760986328125,32793400
2023-07-05 00:00:00-04:00,424.68089648543395,426.58371116207974,424.67127697873804,425.85333251953125,58418400
2023-07-06 00:00:00-04:00,422.2879821858995,422.9414634252197,420.0199782059898,422.51861572265625,80658300
2023-07-07 00:00:00-04:00,421.5287406529986,425.38240854551253,421.2115902375523,421.45184326171875,86134200
2023-07-10 00:00:00-04:00,421.0963071478734,422.6915908752238,420.52931348483696,422.51861572265625,62443500
2023-07-11 00:00:00-04:00,423.277888352246,425.699628842235,422.3072565235246,425.2095031738281,64463800
2023-07-12 00:00:00-04:00,428.9862448970164,430.03374466313784,427.56393630005715,428.6306457519531,91924500
2023-07-13 00:00:00-04:00,430.4373699947139,432.8206908722752,430.0049320898392,432.03265380859375,72425200
2023-07-14 00:00:00-04:00,432.9168067475371,433.76247288793445,431.00437243683245,431.7635803222656,69815800
2023-07-17 00:00:00-04:00,431.6194336230175,434.3102561737573,431.57136541418197,433.26275634765625,52680200
2023-07-18 00:00:00-04:00,432.93600974084484,437.12600898753516,432.5035425061128,436.4821472167969,80668200
2023-07-19 00:00:00-04:00,437.27013362266524,438.6347544080096,436.40519925341147,437.4527282714844,65891700
2023-07-20 00:00:00-04:00,436.4629408876448,437.35667523001575,433.8393669208048,434.5505065917969,70591600
2023-07-21 00:00:00-04:00,436.26110720174216,436.4629408876448,434.54091641230104,434.5505065917969,71275600
2023-07-24 00:00:00-04:00,435.6941341528586,437.29903757006053,434.6658439711447,436.4917907714844,54023400
2023-07-25 00:00:00-04:00,436.22271303443887,438.9327454121648,436.1746448231181,437.6834411621094,55191200
2023-07-26 00:00:00-04:00,436.7512409467643,439.1729812727202,435.70374110756154,437.7507019042969,71052900
2023-07-27 00:00:00-04:00,441.12385890292364,441.5274969763578,433.9450957916118,434.84844970703125,92194400
2023-07-28 00:00:00-04:00,438.10622153007387,439.93213874075076,434.84837627989594,439.1056823730469,80011800
2023-07-31 00:00:00-04:00,439.5766441259426,440.2974033582614,438.26965213423165,439.94183349609375,62040400
2023-08-01 00:00:00-04:00,438.4809971458083,439.42279959796593,437.7314088521361,438.6828308105469,55291500
2023-08-02 00:00:00-04:00,435.57882856176263,435.8382913269027,431.8308864264539,432.5804748535156,93933400
2023-08-03 00:00:00-04:00,430.5719611647709,433.214745002421,429.92807001647094,431.34075927734375,64276100
2023-08-04 00:00:00-04:00,433.14745409560885,435.2424538180626,428.8709377374494,429.389892578125,100128900
2023-08-07 00:00:00-04:00,431.21576252551705,433.29155233174345,430.5238325901082,433.1377868652344,58357500
2023-08-08 00:00:00-04:00,430.6102898954453,433.1281662387976,427.9098482341965,431.2541809082031,71361300
2023-08-09 00:00:00-04:00,431.5233041246725,431.6866891018031,427.61197745800644,428.3711853027344,78789600
2023-08-10 00:00:00-04:00,430.7160393980688,434.08920144153984,427.36211636743525,428.5249328613281,93005500
2023-08-11 00:00:00-04:00,426.660622377887,429.284196455691,426.0647994577727,428.2751159667969,68690900
2023-08-14 00:00:00-04:00,427.3621343832933,430.63916015625,427.0546034425639,430.63916015625,47867400
2023-08-15 00:00:00-04:00,428.87093856214887,429.2265377401817,425.0557186470054,425.62274169921875,75707500
2023-08-16 00:00:00-04:00,425.20945229682616,426.8623944636419,422.3936935729571,422.4994201660156,80107200
2023-08-17 00:00:00-04:00,423.9601849698295,424.21964772988474,418.76110496657503,419.2800598144531,95711300
2023-08-18 00:00:00-04:00,416.4738690425287,420.510132174717,416.1279187140494,419.4818420410156,98852000
2023-08-21 00:00:00-04:00,420.49077888423085,422.95096719959236,418.34774094488347,422.21099853515625,68719000
2023-08-22 00:00:00-04:00,423.9793707816351,423.9793707816351,420.5101306907519,421.0675048828125,64994200
2023-08-23 00:00:00-04:00,422.1246379899384,426.3723251113796,421.98049201554073,425.75726318359375,68441000
2023-08-24 00:00:00-04:00,427.3525117447883,427.86184703074184,419.8277698977074,419.85662841796875,88517300
2023-08-25 00:00:00-04:00,421.5768448293855,424.09469222022517,418.0403268045078,422.8165588378906,102325100
2023-08-28 00:00:00-04:00,424.99802710166506,426.1128047760357,422.8165399597136,425.4977722167969,61595400
2023-08-29 00:00:00-04:00,425.3920253511655,431.92692561420495,425.20943069514846,431.6482238769531,83081900
2023-08-30 00:00:00-04:00,431.9846290752829,434.0604190699575,431.2830795696017,433.4261474609375,69053900
2023-08-31 00:00:00-04:00,434.04117430376084,435.17516171345255,432.6092754445361,432.7918701171875,66084600
2023-09-01 00:00:00-04:00,435.5019052625726,435.9824113556043,432.1479527903315,433.5990905761719,58944100
2023-09-05 00:00:00-04:00,433.1570257317341,433.4741468434639,431.65784909348326,431.72509765625,55166200
2023-09-06 00:00:00-04:00,430.9178142539041,431.0235408339858,426.50677229074597,428.82281494140625,70758500
2023-09-07 00:00:00-04:00,425.83410543618885,428.17897757007677,425.4881551186145,427.50628662109375,70355400
2023-09-08 00:00:00-04:00,427.5543845606723,429.67821362208633,427.1988146870158,428.15020751953125,61659700
2023-09-11 00:00:00-04:00,430.76410870034374,431.27344400453364,429.06312762659996,430.9659423828125,60180100
2023-09-12 00:00:00-04:00,429.5244606027526,431.0428471374366,428.02528375613423,428.60186767578125,67565400
2023-09-13 00:00:00-04:00,428.8228912507801,430.2547901313596,427.72732319853264,429.1015930175781,60199300
2023-09-14 00:00:00-04:00,431.56176797941515,433.4933826135289,430.2643956069254,432.80145263671875,83430800
2023-09-15 00:00:00-04:00,431.22275924982887,431.5506524245771,427.15298130374185,427.5869445800781,111848900
2023-09-18 00:00:00-04:00,427.2783073434339,429.12997218957395,426.80575976702727,427.8376770019531,55752200
2023-09-19 00:00:00-04:00,426.9215390832902,427.5098397023098,424.27908659551923,426.9504699707031,66514600
2023-09-20 00:00:00-04:00,428.2041638924205,428.61884971067485,422.8227839687489,423.02532958984375,82562600
2023-09-21 00:00:00-04:00,420.1899872517448,420.45036521142913,415.8791088874586,416.0334167480469,104095800
2023-09-22 00:00:00-04:00,417.05566583396023,418.64692328267273,414.6832156713709,415.0979309082031,100829700
2023-09-25 00:00:00-04:00,413.8924379607471,416.8820607506406,413.458445268684,416.843505859375,70874500
2023-09-26 00:00:00-04:00,413.8152657492611,414.5192898301892,409.8901424025337,410.71954345703125,96168400
2023-09-27 00:00:00-04:00,411.88643967289465,412.4458093049011,407.2573219237748,410.8834533691406,104705800
2023-09-28 00:00:00-04:00,410.333802865898,414.93399013925836,409.745502299644,413.26556396484375,92258300
2023-09-29 00:00:00-04:00,416.3034507511099,416.47703605865223,410.74848546003295,412.2626037597656,115111300
2023-10-02 00:00:00-04:00,411.4331321146843,413.342658463778,409.3500204878213,412.09857177734375,83798600
2023-10-03 00:00:00-04:00,409.928751834983,412.15651831824437,405.22246490596143,406.582275390625,103760600
2023-10-04 00:00:00-04:00,407.0451406977265,410.28551714342467,405.588884325945,409.5429382324219,87453000
2023-10-05 00:00:00-04:00,409.25364146047264,410.22769695288724,406.17722598529116,409.388671875,70142700
2023-10-06 00:00:00-04:00,406.9487069673823,415.78263268562836,405.627480956343,414.2492370605469,113273300
2023-10-09 00:00:00-04:00,412.35898219183764,417.47033030159264,411.80929543558074,416.9013366699219,80374400
2023-10-10 00:00:00-04:00,417.52823984465374,421.6558795794434,417.1328314591845,419.0712890625,78607300
2023-10-11 00:00:00-04:00,420.13214698196236,421.0386578835823,417.7596966141307,420.7879333496094,62451700
2023-10-12 00:00:00-04:00,421.39548619007036,421.7715876841516,415.8791053042313,418.22259521484375,81154200
2023-10-13 00:00:00-04:00,419.7174193113071,420.9132978989336,414.5771691952751,416.1394958496094,95143100
2023-10-16 00:00:00-04:00,418.3768791839652,421.5787008605216,418.1357786859934,420.5178527832031,75433200
2023-10-17 00:00:00-04:00,417.40284337508905,422.54312271495667,417.0556727686725,420.4985656738281,75324700
2023-10-18 00:00:00-04:00,418.733716385894,419.68846496991176,413.8152601862858,414.8953857421875,93559800
2023-10-19 00:00:00-04:00,415.60905485320427,417.41248188933355,410.57487522165394,411.24993896484375,121323000
2023-10-20 00:00:00-04:00,410.81602762056735,411.3560904558305,406.0904336651891,406.196533203125,123919900
2023-10-23 00:00:00-04:00,404.67268410500066,409.34041539624207,402.92711894728416,405.492431640625,92035100
2023-10-24 00:00:00-04:00,407.60452747929617,409.69729291312706,405.7625160007192,408.5496520996094,78564200
2023-10-25 00:00:00-04:00,406.8715964855641,406.90052736992106,402.1749337627123,402.6860656738281,94223200
2023-10-26 00:00:00-04:00,401.6252356371067,402.4738846980561,396.9478799231693,397.8640441894531,115156800
2023-10-27 00:00:00-04:00,399.4456375835296,399.84104590641886,394.64290537878924,396.0605773925781,107367700
2023-10-30 00:00:00-04:00,398.83807208389743,401.84700148905324,397.54577698969393,400.7958068847656,86562700
2023-10-31 00:00:00-04:00,401.3648163745919,403.6311669556289,399.4649432617073,403.31292724609375,79665200
2023-11-01 00:00:00-04:00,404.27734347074426,408.4242604346672,403.746904694568,407.6141662597656,98068100
2023-11-02 00:00:00-04:00,411.3946192920617,415.5801501470598,411.3753418460295,415.42584228515625,94938900
2023-11-03 00:00:00-04:00,417.72113093175125,420.75899159658866,417.59575395239466,419.2159423828125,100167800
2023-11-06 00:00:00-05:00,419.96812824031423,420.62391451827705,418.24184046839486,420.1802978515625,67831700
2023-11-07 00:00:00-05:00,420.1803410344543,422.0126990847071,419.04235365317487,421.3761901855469,64256100
2023-11-08 00:00:00-05:00,421.97412330805065,422.4949086781329,419.38953276666115,421.684814453125,61746000
2023-11-09 00:00:00-05:00,422.822781049031,422.86136537152765,417.9718399454001,418.39617919921875,83174400
2023-11-10 00:00:00-05:00,420.45998395564305,425.23375607657056,418.386496162944,424.9251403808594,89462200
2023-11-13 00:00:00-05:00,423.5943238724324,425.6195446365516,422.8131605648516,424.5201416015625,52236100
2023-11-14 00:00:00-05:00,430.431891252709,434.0387451768695,430.2100682059501,432.756103515625,97176900
2023-11-15 00:00:00-05:00,434.08698805976627,435.3117974864374,432.82362374197305,433.67230224609375,77327600
2023-11-16 00:00:00-05:00,433.2286423726769,434.52093744562825,432.1677943482507,434.20269775390625,66665800
2023-11-17 00:00:00-05:00,434.2123590781554,435.3503758373704,433.29619481153003,434.7427978515625,83133200
2023-11-20 00:00:00-05:00,434.4920338445369,438.92828895080976,434.482380406505,438.0892639160156,69936200
2023-11-21 00:00:00-05:00,437.0477288286672,437.9639225798321,435.8711571103787,437.134521484375,49244600
2023-11-22 00:00:00-05:00,438.783649698811,440.1338066653199,437.73245500948576,438.82220458984375,59394900
2023-11-24 00:00:00-05:00,438.87043049439643,439.2851162959046,438.54253734218906,439.09222412109375,29737400
2023-11-27 00:00:00-05:00,438.46535397413186,439.2754481049459,437.91563778247536,438.3014221191406,50506000
2023-11-28 00:00:00-05:00,437.91569543871145,440.0277384058116,437.35635516684414,438.7354431152344,62115000
2023-11-29 00:00:00-05:00,440.8763777024274,442.0047410159344,438.0314094012158,438.4267883300781,63146000
2023-11-30 00:00:00-05:00,439.2658732507552,440.5003067450598,437.2020386572685,440.1531066894531,79752700
2023-12-01 00:00:00-05:00,439.5455435028684,443.2874284363199,438.9572723368323,442.75701904296875,89183400
2023-12-04 00:00:00-05:00,439.3815141945957,442.77619830797585,438.1663583752288,440.4327087402344,72430900
2023-12-05 00:00:00-05:00,439.05368258007826,441.3007263857532,438.67755165712543,440.3459777832031,69793500
2023-12-06 00:00:00-05:00,442.47728857768345,442.50621946104377,438.1374794863498,438.57147216796875,69124700
2023-12-07 00:00:00-05:00,440.6449813906353,442.5641322141357,440.0470567781608,441.9179992675781,66995400
2023-12-08 00:00:00-05:00,441.1752982420776,444.3481888295322,440.93419775980436,443.8177795410156,83194400
2023-12-11 00:00:00-05:00,443.32598493677364,445.7177126387657,443.11381530650647,445.5440979003906,65002200
2023-12-12 00:00:00-05:00,445.19687499100826,447.6753950554409,444.20354216398823,447.5789489746094,68327600
2023-12-13 00:00:00-05:00,447.9550638637653,454.00188308183056,447.5982398420778,453.7511291503906,93278000
2023-12-14 00:00:00-05:00,455.6799450229731,456.86617007826965,452.545638522815,455.2073974609375,119026000
2023-12-15 00:00:00-05:00,454.61281921772417,455.7844980857444,452.6180987398149,454.4578857421875,141553700
2023-12-18 00:00:00-05:00,456.0556626634462,457.9922869448393,455.00020597615196,457.0142822265625,70375300
2023-12-19 00:00:00-05:00,457.5565666412138,459.8708470034899,457.479114666783,459.7933654785156,55761800
2023-12-20 00:00:00-05:00,458.9411749679152,460.81970272542947,452.9957542950649,453.42181396484375,102921000
2023-12-21 00:00:00-05:00,456.39454843299563,457.99228710614074,453.98346065798535,457.7211608886719,86667500
2023-12-22 00:00:00-05:00,458.84435899601766,460.3162123050925,456.7528308577729,458.6410217285156,67160400
2023-12-26 00:00:00-05:00,459.04768621247854,461.4781292872484,458.97020470261134,460.5776062011719,55387000
2023-12-27 00:00:00-05:00,460.3742993690924,461.5556412930502,459.8417395433534,461.410400390625,68000300
2023-12-28 00:00:00-05:00,461.7686374082001,462.4173899084977,461.16828868832926,461.58465576171875,77158100
2023-12-29 00:00:00-05:00,461.39101424995863,461.9139110481109,458.3020963459827,460.2484130859375,122283100
2024-01-02 00:00:00-05:00,457.19826599724024,458.66042679258095,455.58117171261154,457.6727294921875,123623700
2024-01-03 00:00:00-05:00,455.5230445204575,456.25897115713644,453.3346793148978,453.9350280761719,103585900
2024-01-04 00:00:00-05:00,453.4605069773082,456.0362204956158,452.25011695275793,452.47283935546875,84232200
2024-01-05 00:00:00-05:00,452.67622417899463,455.53275675735284,451.6498156943496,453.0926208496094,86118900
2024-01-08 00:00:00-05:00,453.58641462800097,459.70615398593577,453.46052933115607,459.5609130859375,74879100
2024-01-09 00:00:00-05:00,456.91742225203353,459.88045489034096,456.4139106022468,458.8637390136719,65931400
2024-01-10 00:00:00-05:00,459.134858193739,462.32061320272817,458.854039417125,461.45880126953125,67310600
2024-01-11 00:00:00-05:00,462.4562519538735,462.9694562732545,457.2951605740814,461.25555419921875,77940700
2024-01-12 00:00:00-05:00,462.69825780727723,463.43418447136196,460.1709773696293,461.57501220703125,58026400
2024-01-16 00:00:00-05:00,460.1999916518418,461.5071892712775,458.0696933340662,459.88043212890625,85014900
2024-01-17 00:00:00-05:00,456.8690193310164,457.80828324431627,454.9807989273028,457.3241271972656,68843900
2024-01-18 00:00:00-05:00,458.9895962811143,461.94293616195193,457.4499836944988,461.3909912109375,91856200
2024-01-19 00:00:00-05:00,462.5143215974117,467.4236715984988,461.4395092276407,467.1428527832031,110834500
2024-01-22 00:00:00-05:00,468.6727761250073,469.8444255597238,467.4817415348223,468.1305236816406,75844900
2024-01-23 00:00:00-05:00,468.67274693324026,469.737866598163,467.5882421140563,469.49578857421875,49945300
2024-01-24 00:00:00-05:00,472.3523626504235,473.28193407003323,469.5152150522186,470.0090637207031,81765000
2024-01-25 00:00:00-05:00,472.129646862115,472.8365254024004,470.009070342345,472.5653991699219,72525000
2024-01-26 00:00:00-05:00,472.1393464785506,473.62086297641906,471.1226304792355,471.9650573730469,76641600
2024-01-29 00:00:00-05:00,472.27486373270614,475.8479376894722,471.73261132928997,475.7026672363281,61322800
2024-01-30 00:00:00-05:00,475.0150962776891,476.04150455568856,474.57934409057043,475.33465576171875,58618400
2024-01-31 00:00:00-05:00,473.13665425188526,473.58206954437225,467.55916709172027,467.57855224609375,126011100
2024-02-01 00:00:00-05:00,469.27313995314404,473.7273819238251,468.4694242895628,473.6983337402344,91891600
2024-02-02 00:00:00-05:00,474.1340104537586,480.33120193919586,473.79509531108175,478.6850891113281,99228200
2024-02-05 00:00:00-05:00,478.05572128716557,478.71416645842936,474.6956769375314,476.942138671875,75757100
2024-02-06 00:00:00-05:00,477.88139839933996,478.6560658444282,476.45797836644056,478.32684326171875,55918600
2024-02-07 00:00:00-05:00,480.56361115879434,482.73262076498764,479.6630584646698,482.3162536621094,70556500
2024-02-08 00:00:00-05:00,482.31629753326854,482.9069537723974,481.50291885696174,482.5293273925781,52343600
2024-02-09 00:00:00-05:00,483.0328221928446,485.7537769299286,482.693907035265,485.31805419921875,63979400
2024-02-12 00:00:00-05:00,485.2889926510743,487.5451468627196,484.38843993132826,485.1050109863281,56502300
2024-02-13 00:00:00-05:00,478.8593972990049,481.3382739920692,475.1701304413372,478.42364501953125,113099200
2024-02-14 00:00:00-05:00,481.0477679790003,483.2555183461787,478.73348791641325,482.7713623046875,68387800
2024-02-15 00:00:00-05:00,483.46854592163555,486.2863376159792,482.99405290883,486.10235595703125,61683000
2024-02-16 00:00:00-05:00,485.8021854224716,486.9350940149201,482.94565294822615,483.68157958984375,75532900
2024-02-20 00:00:00-05:00,481.94837030636216,482.6165081174358,478.781999912981,481.018798828125,71736700
2024-02-21 00:00:00-05:00,479.721149514895,481.6093402061132,477.92007380806905,481.45440673828125,59293400
2024-02-22 00:00:00-05:00,488.0390264949041,492.3770461062639,487.08037735176976,491.4184265136719,76402500
2024-02-23 00:00:00-05:00,493.1322190949597,493.96498274323113,491.0309986991614,491.7572326660156,61321800
2024-02-26 00:00:00-05:00,492.1930057584985,492.62875800348365,489.83032198014877,489.9562072753906,50386700
2024-02-27 00:00:00-05:00,490.64373169951057,491.089146972122,488.755511365846,490.8664245605469,48854500
2024-02-28 00:00:00-05:00,489.3171291941457,490.79864549092105,488.9588584535033,490.2176818847656,56506600
2024-02-29 00:00:00-05:00,491.9703784764342,493.58744327560555,489.33656815361434,491.98004150390625,83924800
2024-03-01 00:00:00-05:00,492.8515431020925,497.02493667557957,492.44483898500675,496.598876953125,76844800
2024-03-04 00:00:00-05:00,495.80488009764395,497.90610083671146,495.7758023657051,496.0662841796875,49799300
2024-03-05 00:00:00-05:00,494.0715838516931,494.5170287187888,488.910493074669,491.1085510253906,72855600
2024-03-06 00:00:00-05:00,494.3717142498123,495.84356750478094,492.3092343684573,493.5970764160156,68382400
2024-03-07 00:00:00-05:00,496.8796700098079,499.54252820351775,493.65517426694095,498.4967346191406,58652100
2024-03-08 00:00:00-05:00,499.12617653924883,501.7986682913954,494.9333685962926,495.5046691894531,86532500
2024-03-11 00:00:00-04:00,494.30394494541804,495.6595759026315,492.38667645201275,495.0785827636719,62557200
2024-03-12 00:00:00-04:00,497.17986205272086,500.98532153263085,494.6719076966977,500.40435791015625,73114400
2024-03-13 00:00:00-04:00,500.7237934050542,500.89808246919023,498.18682074750836,499.6199035644531,55104100
2024-03-14 00:00:00-04:00,500.5883050955873,500.7432681365898,495.6015329710001,498.6323547363281,110171800
2024-03-15 00:00:00-04:00,495.5775416790132,497.02482972446626,493.5474849090623,495.20843505859375,107646300
2024-03-18 00:00:00-04:00,499.2588090158661,500.6963445921207,497.7435511886848,498.1514892578125,88893300
2024-03-19 00:00:00-04:00,497.4619006203073,501.201461454095,496.4614118820625,500.9197998046875,60755300
2024-03-20 00:00:00-04:00,500.97803548207236,505.68891659025934,500.3078219091941,505.55291748046875,69594600
2024-03-21 00:00:00-04:00,508.37950670617295,509.0788290865272,506.9419118942698,507.2236328125,60256100
2024-03-22 00:00:00-04:00,507.13608517146326,507.62174537659223,506.02876567544286,506.2619323730469,79070800
2024-03-25 00:00:00-04:00,504.89242055664005,506.0094629263034,504.7078672769053,504.8633117675781,48512100
2024-03-26 00:00:00-04:00,506.28142646248074,506.62142424941175,503.5326318000847,503.93084716796875,65463700
2024-03-27 00:00:00-04:00,506.7476813791001,508.2046622498039,504.5913188624126,508.165771484375,82999800
2024-03-28 00:00:00-04:00,508.20466366075334,509.5644769063635,507.7870029241564,508.06866455078125,96294900
2024-04-01 00:00:00-04:00,508.80690155295423,509.3411160418204,506.02887949837907,507.18475341796875,62477500
2024-04-02 00:00:00-04:00,503.3772549881494,504.0960228561583,501.6677209860127,503.9600830078125,74230300
2024-04-03 00:00:00-04:00,502.87210705946654,506.00951312621123,502.8235528830779,504.5136413574219,59155800
2024-04-04 00:00:00-04:00,508.50581204447843,508.845750562364,498.0543922336854,498.3554992675781,96858100
2024-04-05 00:00:00-04:00,499.7056226929599,505.5141009734885,499.2685165612303,503.5617370605469,74546500
2024-04-08 00:00:00-04:00,504.26116489557916,505.26159438808656,503.03729132856745,503.84344482421875,48401800
2024-04-09 00:00:00-04:00,505.57248200895594,505.81531221165,499.59883530879597,504.42633056640625,68049200
2024-04-10 00:00:00-04:00,498.75376772780487,501.3569002653356,497.4036769200619,499.37542724609375,82652800
2024-04-11 00:00:00-04:00,500.8907240917187,504.581731429978,497.3939927785718,503.1441955566406,70099000
2024-04-12 00:00:00-04:00,499.61816498812357,501.02659169451084,494.47987078924984,496.1991271972656,92561100
2024-04-15 00:00:00-04:00,500.3564559239092,500.5215638494566,489.13768362770764,489.9827575683594,92101400
2024-04-16 00:00:00-04:00,490.45867707344763,491.97393499543114,487.80696088879887,489.089111328125,73484000
2024-04-17 00:00:00-04:00,491.53678239318253,491.7019199393697,484.8055376860778,486.19451904296875,75910300
2024-04-18 00:00:00-04:00,487.583531326544,489.6718647132033,484.2616017919348,485.1940612792969,74548100
2024-04-19 00:00:00-04:00,485.1163881622374,486.1071245547147,479.6964023315547,480.9591369628906,102212600
2024-04-22 00:00:00-04:00,483.552617207762,487.9721446001498,481.22145323365453,485.388427734375,67961000
2024-04-23 00:00:00-04:00,487.3893089914972,491.5756989172583,485.2038373746558,491.1483154296875,64633600
2024-04-24 00:00:00-04:00,492.0322045112339,492.81897189579723,488.7005816711836,490.9151916503906,55928100
2024-04-25 00:00:00-04:00,484.8638119842185,489.8078303014316,483.22227779209175,489.0502014160156,69122400
2024-04-26 00:00:00-04:00,491.82824557353393,495.2570064811488,491.1968930428971,493.6834716796875,64306100
2024-04-29 00:00:00-04:00,495.4609926845512,496.1020679300017,492.70244534017297,495.4318542480469,46415400
2024-04-30 00:00:00-04:00,493.9748340493992,494.94615471248864,487.58355712890625,487.58355712890625,77483600
2024-05-01 00:00:00-04:00,487.00079486473084,493.6154866987963,485.5340910693037,486.0003356933594,80242800
2024-05-02 00:00:00-04:00,489.69131460230034,491.3814327412964,485.22323354848663,490.54608154296875,62550200
2024-05-03 00:00:00-04:00,496.5002494560944,497.8503696978336,493.9748099269168,496.62652587890625,72756700
2024-05-06 00:00:00-04:00,499.0160258932404,501.79398895747323,498.5789197070483,501.7551574707031,47264700
2024-05-07 00:00:00-04:00,502.71677601484447,503.6978194793967,501.6386241870498,502.308837890625,52561300
2024-05-08 00:00:00-04:00,500.4827493856753,502.89160592392545,500.3661956360641,502.3573913574219,42047200
2024-05-09 00:00:00-04:00,502.54186786336425,505.2907218217569,501.8910996467172,505.2518310546875,43643700
2024-05-10 00:00:00-04:00,506.8448320283961,507.6510447771952,504.6885286164305,505.9026794433594,52233200
2024-05-13 00:00:00-04:00,507.5734061946242,507.68023725667433,504.83427436338025,505.970703125,36716400
2024-05-14 00:00:00-04:00,506.1648891476387,508.8069121408392,505.630674647656,508.2920837402344,57535900
2024-05-15 00:00:00-04:00,510.7496357077859,514.8777491307729,510.11825347038337,514.5863647460938,59504900
2024-05-16 00:00:00-04:00,514.6834008229457,516.2763809484062,513.381805041238,513.5275268554688,50244800
2024-05-17 00:00:00-04:00,513.6439656825966,514.3336245457812,512.1967076951415,514.265625,59187600
2024-05-20 00:00:00-04:00,514.3822777046638,516.3151962899514,513.9937257353356,514.8582153320312,37764200
2024-05-21 00:00:00-04:00,514.1006672352606,516.2764161967744,513.8966685383514,516.1209716796875,33437000
2024-05-22 00:00:00-04:00,515.4313166919542,516.1403617816678,512.4687413388463,514.6348266601562,48390000
2024-05-23 00:00:00-04:00,517.6751302863473,517.7819613409337,509.67139747589715,510.8758850097656,57211200
2024-05-24 00:00:00-04:00,512.7116773079188,515.0623164056714,511.7695245578183,514.256103515625,41291100
2024-05-28 00:00:00-04:00,515.0622463447778,515.2953538271266,511.992839734623,514.6154174804688,36269600
2024-05-29 00:00:00-04:00,510.60381121104734,512.1870685483111,510.3027041932999,511.0117492675781,45190300
2024-05-30 00:00:00-04:00,509.4771735375275,510.13766452658996,506.3786580054075,507.6219177246094,46377600
2024-05-31 00:00:00-04:00,508.57386073354985,512.3716988043419,503.49381286592205,512.2454223632812,90785800
2024-06-03 00:00:00-04:00,513.848128094292,514.1297897725609,507.61220612199116,512.6630859375,46835700
2024-06-04 00:00:00-04:00,511.36162485784064,513.9744804630104,509.90464350071375,513.2362670898438,34632700
2024-06-05 00:00:00-04:00,515.5479441376007,519.355504956824,513.5664118243003,519.3360595703125,47610400
2024-06-06 00:00:00-04:00,519.637123680227,520.0645071551455,517.4030979505338,519.3262939453125,30808500
2024-06-07 00:00:00-04:00,518.3548874978856,521.4922931206179,517.26701324802,518.6948852539062,43224500
2024-06-10 00:00:00-04:00,517.8888118681492,520.6182209175571,517.2963204143864,520.2976684570312,35686100
2024-06-11 00:00:00-04:00,518.7531901267605,521.6088750080388,516.7911035808329,521.5505981445312,36383400
2024-06-12 00:00:00-04:00,526.0964430443454,528.5150221365492,524.8045698950608,525.8341674804688,63251300
2024-06-13 00:00:00-04:00,527.5728807070939,527.7477113251548,524.1149812633378,526.8929443359375,44760900
2024-06-14 00:00:00-04:00,525.3679678522572,527.2426097707814,524.3674790309985,527.2135009765625,40089900
2024-06-17 00:00:00-04:00,526.5334352134422,532.7984643188665,526.0768837486876,531.409423828125,55839500
2024-06-18 00:00:00-04:00,531.4677705153928,532.8859199795279,531.0501097581155,532.7596435546875,41376400
2024-06-20 00:00:00-04:00,533.6824026084769,534.3428935144076,529.5445672911499,531.3123779296875,70328200
2024-06-21 00:00:00-04:00,530.4929829849066,531.7110509477889,529.1482311958065,530.6001586914062,64338600
2024-06-24 00:00:00-04:00,530.4247136467889,532.9777790963483,528.7583754205319,528.8753051757812,45528700
2024-06-25 00:00:00-04:00,530.0934194702492,531.272530660959,528.5830271026286,530.9119873046875,37936200
2024-06-26 00:00:00-04:00,529.8010101320955,532.2858564645144,529.1578965249615,531.5745239257812,38550600
2024-06-27 00:00:00-04:00,531.4380824208646,532.9874907686532,530.6974877125363,532.4125366210938,35041500
2024-06-28 00:00:00-04:00,533.1824029810238,536.2227551968151,529.0799883321372,530.3175048828125,76144500
2024-07-01 00:00:00-04:00,531.6914448156673,531.9350583633359,528.6609065569018,531.4088745117188,40297800
2024-07-02 00:00:00-04:00,529.8108184673043,534.9851684570312,529.7621076471618,534.9851684570312,40434800
2024-07-03 00:00:00-04:00,534.6733013066347,537.7331019058091,534.6343445482383,537.37255859375,32789900
2024-07-05 00:00:00-04:00,537.6745738489498,540.8707524649171,537.041154874647,540.4712524414062,41488400
2024-07-08 00:00:00-04:00,541.2507961569877,542.0401016113069,540.0327285129174,541.0949096679688,36110500
2024-07-09 00:00:00-04:00,542.0500391903859,542.9465206266746,541.3289524171115,541.6212768554688,27289700
2024-07-10 00:00:00-04:00,542.8391608326876,547.3216259700862,542.5468364934588,546.9805908203125,38701200
2024-07-11 00:00:00-04:00,547.097658299037,547.9649369537367,541.6309836132551,542.2643432617188,53054200
2024-07-12 00:00:00-04:00,543.3848727911708,549.2705544498172,542.917153831161,545.6845703125,53084400
2024-07-15 00:00:00-04:00,547.6725298408394,550.4107438001307,545.3338159394242,547.185302734375,40584300
2024-07-16 00:00:00-04:00,548.4911431126284,550.72262227623,547.7407941926679,550.4302978515625,36475300
2024-07-17 00:00:00-04:00,544.5251174294385,546.191455897242,542.3910598728387,542.712646484375,57119000
2024-07-18 00:00:00-04:00,544.2425249574461,545.2267333968008,536.3689169185834,538.5419311523438,56270400
2024-07-19 00:00:00-04:00,538.3080696139889,539.9256971843263,533.9132708630742,534.9656982421875,65509100
2024-07-22 00:00:00-04:00,538.8732666357521,541.0852970880696,536.9438660153718,540.4811401367188,43346700
2024-07-23 00:00:00-04:00,540.3738971671513,542.517708645555,539.1461346384042,539.6333618164062,34439600
2024-07-24 00:00:00-04:00,534.8390224206132,535.1411009025868,526.4879411580819,527.4039306640625,74515300
2024-07-25 00:00:00-04:00,527.5209043847798,533.4748664077136,523.7205676313121,524.656005859375,61158300
2024-07-26 00:00:00-04:00,528.4271261891337,533.2116708123141,527.6572691986129,530.5319213867188,53763800
2024-07-29 00:00:00-04:00,532.0715719711993,533.0752290029756,528.8558251034021,530.84375,39515800
2024-07-30 00:00:00-04:00,532.3054207151831,533.3578480228961,524.7631538745112,528.1542358398438,46853600
2024-07-31 00:00:00-04:00,534.9559895004857,539.3605426844409,533.5917889444148,536.7392578125,65663400
2024-08-01 00:00:00-04:00,538.4542082657176,540.6954412129795,525.6498647611072,529.138427734375,76428700
2024-08-02 00:00:00-04:00,522.063852889589,523.2721666167066,515.0964813658185,519.2866821289062,82789100
2024-08-05 00:00:00-04:00,498.5698192467497,510.2048061292907,497.23479185731094,504.1631774902344,146267400
2024-08-06 00:00:00-04:00,505.95607618021586,516.2171073533713,504.6405868135895,508.811279296875,84826300
2024-08-07 00:00:00-04:00,514.9697317356159,518.0100832576425,504.81593662632434,505.41033935546875,70698300
2024-08-08 00:00:00-04:00,510.52636582888704,517.7178438799879,508.50929760994603,517.09423828125,63276600
2024-08-09 00:00:00-04:00,516.2756321007693,520.8555792219031,515.05756422153,519.3743896484375,45619600
2024-08-12 00:00:00-04:00,520.5632672781688,522.044397411093,517.3865366569688,519.6472778320312,42542100
2024-08-13 00:00:00-04:00,522.8239227343687,528.4270341942479,522.5803091926349,528.193115234375,52333100
2024-08-14 00:00:00-04:00,528.9824035230587,531.0385469501389,526.3221627661688,529.8594360351562,42446900
2024-08-15 00:00:00-04:00,535.4625975238755,539.22397656437,534.8584406614526,538.94140625,60846800
2024-08-16 00:00:00-04:00,537.3335322529779,540.8416031495808,537.1776457463574,540.1497192382812,44430700
2024-08-19 00:00:00-04:00,540.5589895349276,545.3143310546875,539.7112190916396,545.3143310546875,39121800
2024-08-20 00:00:00-04:00,544.8661897055061,546.5130199847447,543.0926755989435,544.4276733398438,33732300
2024-08-21 00:00:00-04:00,545.4701997056032,547.7503890311748,540.558912894909,546.2984619140625,41514600
2024-08-22 00:00:00-04:00,548.1889915317105,548.79314842079,540.8026115148097,542.0109252929688,56121500
2024-08-23 00:00:00-04:00,545.2363405475206,548.7053948244553,543.0535133659789,547.7698974609375,50639400
2024-08-26 00:00:00-04:00,548.7931935686311,549.5045262116546,544.7686923459864,546.4642333984375,35788600
2024-08-27 00:00:00-04:00,545.1974719043471,547.7018267996916,544.0573769322793,547.214599609375,32693900
2024-08-28 00:00:00-04:00,546.8735985635415,547.3023608968704,540.8611718363641,544.0379028320312,41066000
2024-08-29 00:00:00-04:00,545.9963772385526,549.2802828145968,542.9463311315743,544.08642578125,38715200
2024-08-30 00:00:00-04:00,546.4446382095467,549.7870085957977,542.9073651104152,549.2802734375,62700100
2024-09-03 00:00:00-04:00,546.1524339283656,546.4837745967734,535.4724516729985,537.976806640625,60600100
2024-09-04 00:00:00-04:00,536.144830576085,540.2667537157464,535.4237438257495,536.8756713867188,47224900
2024-09-05 00:00:00-04:00,536.8170931187602,539.652728695669,533.1238736044508,535.5697631835938,44264300
2024-09-06 00:00:00-04:00,535.8913798019039,537.5089477091443,525.659610039857,526.5560913085938,68493800
2024-09-09 00:00:00-04:00,530.7365485093424,533.718376233379,528.8168426461983,532.4515380859375,40445800
2024-09-10 00:00:00-04:00,534.351804730089,535.1216617767944,529.4990408120743,534.7708129882812,36394600
2024-09-11 00:00:00-04:00,534.6830473314077,541.1728863269274,526.1663268863584,540.2568969726562,75248600
2024-09-12 00:00:00-04:00,540.831888043875,545.1097566752126,538.619857760852,544.8076782226562,51819600
2024-09-13 00:00:00-04:00,545.4117823691347,548.646977454259,545.1584147606665,547.6530151367188,39310500
2024-09-16 00:00:00-04:00,547.3900395047746,548.7250373585072,545.59707660276,548.4619750976562,36656100
2024-09-17 00:00:00-04:00,550.6640853659264,552.1063181322738,546.4641898322706,548.6859741210938,49321000
2024-09-18 00:00:00-04:00,549.3389057758787,554.1624668793891,546.5032696834501,547.0587158203125,59044900
2024-09-19 00:00:00-04:00,556.4230610004182,558.2452854612264,553.5679175432375,556.393798828125,75315500
2024-09-20 00:00:00-04:00,555.0313424308147,556.46815521981,552.4215262762143,555.4320678710938,77503100
2024-09-23 00:00:00-04:00,556.4975550473902,557.4652143001452,555.2854753286341,556.820068359375,44116900
2024-09-24 00:00:00-04:00,557.6116975399481,558.4718522050518,554.7966567556792,558.4132080078125,46805700
2024-09-25 00:00:00-04:00,558.2569249779147,558.9900073797687,556.0771860686909,557.1817016601562,38428600
2024-09-26 00:00:00-04:00,561.4239069445024,561.7464799490699,557.044979898959,559.3908081054688,48336000
2024-09-27 00:00:00-04:00,560.4562630155458,561.2674980510259,557.5532252113467,558.5795288085938,42100900
2024-09-30 00:00:00-04:00,557.5530628987858,561.423758958094,555.2658795088603,560.8177490234375,63557400
2024-10-01 00:00:00-04:00,560.4659694617594,561.1110557410046,553.2328657284514,555.7937622070312,72668800
2024-10-02 00:00:00-04:00,554.904357347643,557.0449605610858,552.5193933091881,556.0283813476562,38097800
2024-10-03 00:00:00-04:00,554.562134456547,556.9470981426042,552.7343205282026,555.0117797851562,40846500
2024-10-04 00:00:00-04:00,559.4396258955153,560.4268531332793,555.2854920412735,560.055419921875,42939100
2024-10-07 00:00:00-04:00,558.413299806086,559.0584457401652,553.8486566717974,554.9922485351562,49964700
2024-10-08 00:00:00-04:00,557.553120131347,560.8373745453375,556.683241044493,560.2410888671875,37398700
2024-10-09 00:00:00-04:00,560.2312569183572,564.6786707180951,559.6350309496581,564.1215209960938,37912200
2024-10-10 00:00:00-04:00,562.782595149714,564.551765284813,561.5314389847066,563.1344604492188,44138100
2024-10-11 00:00:00-04:00,563.0561883893231,567.2396742554129,562.9193320123793,566.506591796875,42268000
2024-10-14 00:00:00-04:00,568.1095385598273,572.0682314590191,567.6306009114653,571.1396484375,36217200
2024-10-15 00:00:00-04:00,571.4035256005812,571.7065305951428,565.4899467305453,566.7020263671875,54203600
2024-10-16 00:00:00-04:00,566.7021056174783,569.6832957534668,565.900594951752,569.1652221679688,30725400
2024-10-17 00:00:00-04:00,572.6936844531912,572.8989689898087,569.0282726746998,569.2139892578125,34393700
2024-10-18 00:00:00-04:00,570.8952748825009,572.1855071059618,569.4388940141822,571.403564453125,37416800
2024-10-21 00:00:00-04:00,570.6801577821931,571.6576009296549,567.5034675529424,570.4651489257812,36439000
2024-10-22 00:00:00-04:00,567.9434160693424,571.3156073773309,567.2885457643838,570.1622314453125,34183800
2024-10-23 00:00:00-04:00,568.1487123526306,568.5885737772464,561.4629738103232,564.9524536132812,49314600
2024-10-24 00:00:00-04:00,566.8974316514852,566.9756438040564,563.5643769207462,566.1741333007812,34979900
2024-10-25 00:00:00-04:00,568.393014498126,571.2764839191195,565.0403914237966,565.9786987304688,47268200
2024-10-28 00:00:00-04:00,569.4389805032773,569.5660529152336,567.4254495286576,567.7284545898438,30174700
2024-10-29 00:00:00-04:00,566.7703610094676,569.7613345267463,565.3824085036434,568.6470947265625,42899700
2024-10-30 00:00:00-04:00,568.1779762445088,570.1622147162088,566.2230897069062,566.9268798828125,41435800
2024-10-31 00:00:00-04:00,562.5773069834572,562.6457351787716,555.617914920504,555.8134155273438,60182500
2024-11-01 00:00:00-04:00,558.4328924373011,562.5674583510357,557.7486702212007,558.1591796875,45667500
2024-11-04 00:00:00-05:00,558.2960015952809,559.5862337823984,555.0802349340614,556.9569091796875,38217000
2024-11-05 00:00:00-05:00,557.866005538498,563.7306656122672,557.6509966384954,563.6915893554688,39478300
2024-11-06 00:00:00-05:00,575.9095457320777,578.57794657906,572.1854895240832,577.7080078125,68182000
2024-11-07 00:00:00-05:00,579.7020264980958,583.1915058614667,579.6238143381844,582.1749267578125,47233200
2024-11-08 00:00:00-05:00,582.7222620683345,586.1140207981344,582.7222620683345,584.6967163085938,46444900
2024-11-11 00:00:00-05:00,586.2800874049447,586.6319525693093,583.5334749427223,585.2537841796875,37586800
2024-11-12 00:00:00-05:00,585.1757310882224,585.7719571662951,580.9629529710414,583.4359130859375,43006100
2024-11-13 00:00:00-05:00,583.8952319310844,585.7132619411553,581.5396200997641,583.7192993164062,47388600
2024-11-14 00:00:00-05:00,583.846361756873,584.3252993650702,579.2817188550297,579.9658813476562,38904100
2024-11-15 00:00:00-05:00,576.4178358264271,576.8870491794336,570.6900323906797,572.5374145507812,75988800
2024-11-18 00:00:00-05:00,572.9967827127789,576.1930413945956,572.1366874944769,574.88330078125,37001700
2024-11-19 00:00:00-05:00,571.5208063697094,577.7079785622685,570.8561521859538,576.9846801757812,49412000
2024-11-20 00:00:00-05:00,577.0628873767942,577.4636128156191,571.4425893061045,577.18017578125,50032600
2024-11-21 00:00:00-05:00,580.0148784351488,581.6960522761343,574.1990788649406,580.2787475585938,46750300
2024-11-22 00:00:00-05:00,580.2689646034843,582.7028485393122,579.7705186323628,582.0772705078125,38226400
2024-11-25 00:00:00-05:00,585.9967993093868,587.3065398623395,581.7742372889147,584.0516967773438,42441400
2024-11-26 00:00:00-05:00,585.2930125321725,587.7659726175935,584.5794980426031,587.101318359375,45621300
2024-11-27 00:00:00-05:00,586.9155026434518,587.2966601103464,583.8072407585437,585.322265625,34000200
2024-11-29 00:00:00-05:00,586.1335489255529,589.7403166328984,585.8598958585202,588.9583740234375,30177400
2024-12-02 00:00:00-05:00,589.3689531396692,590.6885373789082,588.8802314936704,590.0140991210938,31746000
2024-12-03 00:00:00-05:00,589.7794898104154,590.5320805361104,588.7531863419945,590.2877197265625,26906600
2024-12-04 00:00:00-05:00,591.9688854405287,594.1974247464545,591.3042312735546,593.9530639648438,42787600
2024-12-05 00:00:00-05:00,593.9531512779432,594.7546619184587,592.6238427485821,592.9757080078125,28762200
2024-12-06 00:00:00-05:00,593.738143242676,595.3313805479372,593.3276337729875,594.0997924804688,31241500
2024-12-09 00:00:00-05:00,593.982457801793,594.1486064406603,590.4539021843977,591.0403442382812,34742700
2024-12-10 00:00:00-05:00,591.7147337183083,592.135027098725,588.5478275712469,589.2026977539062,37234500
2024-12-11 00:00:00-05:00,592.1155320836123,594.7057206012569,591.8418193692619,593.7576293945312,28677700
2024-12-12 00:00:00-05:00,592.8974892997352,593.4643633790662,590.6982421875,590.6982421875,31543800
2024-12-13 00:00:00-05:00,592.7215354493896,593.4350498406591,589.2124883774769,590.5809326171875,35904700
2024-12-16 00:00:00-05:00,592.3305635374098,594.0704410234347,591.5584049068509,593.1027221679688,43695200
2024-12-17 00:00:00-05:00,590.5613981975558,591.5192734247074,589.2907339933267,590.6591186523438,55773500
2024-12-18 00:00:00-05:00,590.3561794711514,592.7313595079198,572.6742637557415,573.0554809570312,108248700
2024-12-19 00:00:00-05:00,578.020816522432,579.6238377441589,572.6350947579137,572.8794555664062,85919500
2024-12-20 00:00:00-05:00,570.561034960996,584.27166262691,569.7175591199479,579.7603149414062,125716700
2024-12-23 00:00:00-05:00,579.5052825841503,583.8302883719545,576.3374745859168,583.2320556640625,57635800
2024-12-24 00:00:00-05:00,584.5756905048978,589.7539893082886,583.997031715741,589.7147216796875,33160100
2024-12-26 00:00:00-05:00,587.9493923534018,590.8719573339298,586.5567683514358,589.7539672851562,41219100
2024-12-27 00:00:00-05:00,586.0271828680434,586.2626090728168,579.3778441686201,583.5459594726562,64969300
2024-12-30 00:00:00-05:00,576.5631809695095,580.3389793589591,573.1501891693375,576.8867797851562,56578800
2024-12-31 00:00:00-05:00,578.5441278348751,579.2601035674252,573.1599137063401,574.7879638671875,57052700
2025-01-02 00:00:00-05:00,578.0341524534392,579.7406180456738,569.3154229960469,573.3756713867188,50204000
2025-01-03 00:00:00-05:00,576.2100986967752,581.1823624210723,575.1312564616488,580.544921875,37888500
2025-01-06 00:00:00-05:00,584.7817217986171,588.1456290168214,582.1631214255088,583.8892211914062,47679400
2025-01-07 00:00:00-05:00,585.909501046868,586.2331597023842,575.4745472605013,577.2888793945312,60393100
2025-01-08 00:00:00-05:00,577.357566647636,579.2013495963691,573.9250009242365,578.13232421875,47304700
2025-01-10 00:00:00-05:00,574.5918290616524,574.6604875516765,567.4030397334539,569.3056640625,73105000
2025-01-13 00:00:00-05:00,564.6765795569504,570.5413429214275,564.2646286559713,570.1882934570312,47910100
2025-01-14 00:00:00-05:00,573.101074063849,573.7287574980859,567.2068596443902,570.972900390625,48420600
2025-01-15 00:00:00-05:00,578.956079102548,582.4965105633459,577.847846118657,581.35888671875,56900200
2025-01-16 00:00:00-05:00,582.7220679112103,582.8985926554029,579.5445027973688,580.2408447265625,43319700
2025-01-17 00:00:00-05:00,585.4583566167607,587.8120797540519,584.1343312340456,586.06640625,58070600
2025-01-21 00:00:00-05:00,589.0968201243991,591.4407861448484,587.1353543049476,591.4309692382812,42532900
2025-01-22 00:00:00-05:00,594.2456759945876,596.1090924921224,593.6964679520279,594.7556762695312,48196000
2025-01-23 00:00:00-05:00,594.1280457618639,598.001953125,593.8534716457165,598.001953125,41152100
2025-01-24 00:00:00-05:00,598.0607394613536,599.0120815203885,595.1087237951253,596.2561645507812,34604700
2025-01-27 00:00:00-05:00,583.3497595871564,588.1357411390088,583.1830517473746,587.8218994140625,70361100
2025-01-28 00:00:00-05:00,589.0478589949998,593.7063408187366,585.742793521421,592.8727416992188,44433300
2025-01-29 00:00:00-05:00,592.0880784150642,592.4902124528912,587.6747800612517,590.2149047851562,37177400
2025-01-30 00:00:00-05:00,592.3234809305729,594.9125703683252,589.1458559611356,593.3826293945312,39281300
2025-01-31 00:00:00-05:00,595.7951643873224,598.2077885776025,589.4694259787818,590.224609375,66566900
2025-02-03 00:00:00-05:00,581.2509726905776,588.7241528776601,579.1129820721995,586.2527465820312,65857200
2025-02-04 00:00:00-05:00,586.3115788306599,590.695426254437,585.7721876960313,590.1854858398438,33457800
2025-02-05 00:00:00-05:00,589.0674493379312,592.7255640609287,587.0471418694162,592.5784301757812,30653100
2025-02-06 00:00:00-05:00,594.3143418590737,594.7655005585997,591.0190935628144,594.6380004882812,35771500
2025-02-07 00:00:00-05:00,595.1970887375172,596.4131881290857,588.4888484089631,589.1950073242188,50788500
2025-02-10 00:00:00-05:00,592.3920797831685,593.8337283102429,591.1268961231351,593.1962280273438,26048700
2025-02-11 00:00:00-05:00,590.940628411795,594.1868520894046,590.8229452462591,593.6474609375,30056700
2025-02-12 00:00:00-05:00,587.6552840737671,592.9021822024266,586.9785758420322,591.735107421875,45076100
2025-02-13 00:00:00-05:00,592.8334516677448,598.1882752794738,591.5781445820884,597.9822998046875,40921300
2025-02-14 00:00:00-05:00,598.1882471856823,599.2180047928703,597.3350143232245,597.952880859375,26910400
2025-02-18 00:00:00-05:00,599.1100803238464,599.7083129882812,596.658248231066,599.7083129882812,26749000
2025-02-19 00:00:00-05:00,598.3254799134808,601.4147523000511,597.815479705502,601.1205444335938,31011100
2025-02-20 00:00:00-05:00,599.7574971023196,599.8948141022244,595.324624204348,598.619873046875,36554000
2025-02-21 00:00:00-05:00,598.4039822903428,598.5412992676794,587.9199448031515,588.3809204101562,76519800
2025-02-24 00:00:00-05:00,590.420875386549,591.4114252530362,584.997393388531,585.7035522460938,50737200
2025-02-25 00:00:00-05:00,585.6447380509082,586.3704708973501,578.2009482027341,582.790771484375,58266500
2025-02-26 00:00:00-05:00,584.448255315712,588.0279549899641,580.4566645097497,583.0850219726562,43321600
2025-02-27 00:00:00-05:00,585.3504072406853,586.4979078319449,573.3855137517263,573.7777709960938,74196700
2025-02-28 00:00:00-05:00,574.2779596736045,583.2614467800305,571.2180777869312,582.7318725585938,88744100
2025-03-03 00:00:00-05:00,584.6933298193593,585.8310134980443,568.727029424783,572.5224609375,74249200
2025-03-04 00:00:00-05:00,568.5407303426414,574.1112864169365,561.2244408531591,565.74560546875,109648200
2025-03-05 00:00:00-05:00,565.5789075488999,573.611113090913,562.0384758390375,571.826171875,71230500
2025-03-06 00:00:00-05:00,564.3921264239905,568.991765926103,559.1354126670572,561.675537109375,80094900
2025-03-07 00:00:00-05:00,559.9004310284239,566.2653779091431,554.7319495414885,564.8236694335938,81158800
2025-03-10 00:00:00-04:00,556.6541826711317,558.56656383442,544.885388513382,549.7792358398438,99326600
2025-03-11 00:00:00-04:00,548.6219753669684,553.1529563050404,541.3841622094388,545.208984375,88102100
2025-03-12 00:00:00-04:00,551.3386407379146,552.2605321303586,543.022044250635,548.1022338867188,69588200
2025-03-13 00:00:00-04:00,547.7295658893665,548.337615563181,539.0893105175023,540.7957763671875,74079400
2025-03-14 00:00:00-04:00,545.3953858640715,552.9666753566005,540.8644044287432,551.96630859375,62660300
2025-03-17 00:00:00-04:00,551.9466761244148,558.7333912461695,551.5151512314662,556.2227172851562,49008700
2025-03-18 00:00:00-04:00,553.9178933850532,554.1336857355857,548.2884964881091,550.2107543945312,66041400
2025-03-19 00:00:00-04:00,551.9859849662871,559.9495323368723,550.8090933649922,556.203125,66556000
2025-03-20 00:00:00-04:00,552.4763694984304,559.5768672502725,551.760393662907,554.5947265625,62958200
2025-03-21 00:00:00-04:00,550.1543252489805,555.6727731535583,548.9247213465745,554.777587890625,83763000
2025-03-24 00:00:00-04:00,561.4863807824129,565.7654388953832,560.8961948547495,564.712890625,58766800
2025-03-25 00:00:00-04:00,565.9129505962637,567.0048245728844,564.3292350043083,566.0703735351562,38355700
2025-03-26 00:00:00-04:00,565.8047238585734,566.926137079624,557.9352585138073,559.3124389648438,51848300
2025-03-27 00:00:00-04:00,557.925492752828,561.5848258877031,555.7220517439531,557.8271484375,42164200
2025-03-28 00:00:00-04:00,556.3023922676962,557.0303082338021,546.0130443195492,546.5933837890625,71662700
2025-03-31 00:00:00-04:00,540.8585640195936,551.5610423029548,537.9468400615768,550.2625732421875,95328200
2025-04-01 00:00:00-04:00,548.3541875419536,553.7545984642982,544.6456828297712,551.8167114257812,54609600
2025-04-02 00:00:00-04:00,545.993387136237,558.1615443859063,545.7573127576624,555.3088989257812,76014500
2025-04-03 00:00:00-04:00,536.2155597389653,539.02887941269,527.9428100585938,527.9428100585938,125986000
2025-04-04 00:00:00-04:00,515.1253487932553,517.2894637749819,496.8190194100305,497.0354309082031,217965100
2025-04-07 00:00:00-04:00,481.20796639726615,514.6335008889374,473.9385334512268,496.1501159667969,256611400
2025-04-08 00:00:00-04:00,513.3449138965836,516.4140007584771,481.17849041906084,488.3790588378906,165816600
2025-04-09 00:00:00-04:00,485.3885871028413,539.668212890625,485.00493628771113,539.668212890625,241867300
2025-04-10 00:00:00-04:00,523.4866290700438,524.7949444304113,501.0094937975821,516.0205078125,162331200
2025-04-11 00:00:00-04:00,514.4761933704091,527.6772059586904,511.5841621734685,525.2278442382812,97866300
2025-04-14 00:00:00-04:00,535.1728543881914,535.3991423599505,525.1491197771261,530.3233032226562,68034000
2025-04-15 00:00:00-04:00,530.8643368073726,534.3662468687544,528.0510170471207,528.8379516601562,56892900
2025-04-16 00:00:00-04:00,523.0046778330362,529.1133721339063,511.80051174858437,517.0828857421875,83484800
2025-04-17 00:00:00-04:00,519.0305887702018,522.5029590498531,515.3614098145464,517.8206176757812,79868100
2025-04-21 00:00:00-04:00,512.6562995153043,513.1875268574667,500.16354114488826,505.4951171875,69368100
2025-04-22 00:00:00-04:00,511.6528790159042,520.6633886846816,510.7183681781708,518.6468505859375,75948100
2025-04-23 00:00:00-04:00,531.6119173418257,536.5303334599773,525.1688042348989,526.6836547851562,90590700
2025-04-24 00:00:00-04:00,527.9624225863133,538.4976913582739,526.7131857388315,537.769775390625,64150400
2025-04-25 00:00:00-04:00,537.7303874976484,542.0585570888795,534.8186639244827,541.6552734375,61119600
2025-04-28 00:00:00-04:00,542.3931048050576,544.5178341418862,536.127047500035,541.8618774414062,47613800
2025-04-29 00:00:00-04:00,539.953448479556,546.3867741937128,539.5993369831574,545.2752075195312,47775100
2025-04-30 00:00:00-04:00,538.6353953740775,547.4393716679848,532.6841242611865,545.4916381835938,93101500
2025-05-01 00:00:00-04:00,551.2265660956555,554.8662060499098,548.7575115851928,549.3575439453125,63186100
2025-05-02 00:00:00-04:00,555.5154232826195,559.1058911654948,553.2037916578166,557.5123291015625,60717300
2025-05-05 00:00:00-04:00,553.390643044351,557.4040871519024,552.5348434974896,554.3153076171875,38659200
2025-05-06 00:00:00-04:00,548.8263293740373,554.157875203981,547.872185543118,549.68212890625,48264700
2025-05-07 00:00:00-04:00,551.0100913517826,554.62019137936,546.9671083359827,551.9937744140625,55588000
2025-05-08 00:00:00-04:00,556.0171436814404,561.0044252601681,552.5349263835409,555.840087890625,65130800
2025-05-09 00:00:00-04:00,557.2368112120467,558.2401872369107,553.577538715433,555.1317749023438,37603400
2025-05-12 00:00:00-04:00,571.9821994255728,573.4872634297448,567.6244903747194,573.4774169921875,78993600
2025-05-13 00:00:00-04:00,573.890562385163,579.4680890959,573.3299158219985,577.2646484375,67947200
2025-05-14 00:00:00-04:00,578.2188228927168,579.3697154326957,575.9858428026291,578.00244140625,66283500
2025-05-15 00:00:00-04:00,576.0055507079343,581.3272505737436,575.553034807254,580.8256225585938,71268100
2025-05-16 00:00:00-04:00,581.6027608803485,584.799731658972,579.6649335656915,584.504638671875,76052100
2025-05-19 00:00:00-04:00,578.5041197159628,585.8227258062999,578.5041197159628,585.1439819335938,68168500
2025-05-20 00:00:00-04:00,583.4127701733858,584.3570677411167,579.9796649330231,583.1766357421875,60614500
2025-05-21 00:00:00-04:00,578.8384555269332,582.9109177576073,572.3264785482603,573.3494873046875,95197700
2025-05-22 00:00:00-04:00,573.1528300863163,577.0482371941405,571.9232260794693,573.5758666992188,70860400
2025-05-23 00:00:00-04:00,566.5818333658885,572.3167232636762,566.2080289447406,569.6607666015625,76029000
2025-05-27 00:00:00-04:00,576.507266661779,581.6617574386509,568.9919119990551,581.50439453125,72588500
2025-05-28 00:00:00-04:00,581.9075989404909,583.0978771602481,577.412159762467,578.1400756835938,68445500
2025-05-29 00:00:00-04:00,583.3831371525944,583.5208672055215,576.5072014152614,580.4222412109375,69973300
2025-05-30 00:00:00-04:00,579.3204944032111,581.4846092815853,573.7233350319688,579.7730102539062,90601200
2025-06-02 00:00:00-04:00,578.1695751189003,583.1174697772985,575.5136188023458,583.038818359375,61630500
2025-06-03 00:00:00-04:00,582.6749573775863,587.3376063335356,582.1929021565289,586.36376953125,63606200
2025-06-04 00:00:00-04:00,587.2195824432733,588.1934192676081,585.7735368258813,586.2063598632812,57314200
2025-06-05 00:00:00-04:00,587.8785767379185,589.2262178754949,581.405924678812,583.373291015625,92278700
2025-06-06 00:00:00-04:00,588.8918048716712,591.0264408134955,587.1211869788787,589.364013671875,66588700
2025-06-09 00:00:00-04:00,589.9345283551502,591.4395926446773,588.724617091286,589.8952026367188,53016400
2025-06-10 00:00:00-04:00,590.426305457828,593.6232758793388,589.3147986704665,593.2396850585938,66247000
2025-06-11 00:00:00-04:00,594.3315085062023,595.1873080200999,589.4918043518763,591.5476684570312,73658200
2025-06-12 00:00:00-04:00,590.2197770479303,593.8987426757812,589.7377818775473,593.8987426757812,64129000
2025-06-13 00:00:00-04:00,588.7343136581344,592.0296279060182,585.7635715930306,587.2587890625,89506000
2025-06-16 00:00:00-04:00,590.6034249017806,594.5873299052357,590.4263090889528,592.84619140625,79984100
2025-06-17 00:00:00-04:00,590.4164759991057,591.9313264126861,587.0227571759267,587.7802124023438,82209400
2025-06-18 00:00:00-04:00,588.675394655937,591.4100028153547,586.7375074721152,587.6917114257812,76605000
2025-06-20 00:00:00-04:00,590.3564623402502,591.421997724495,584.9104595060545,586.3114624023438,94051400
2025-06-23 00:00:00-04:00,587.0612559769497,592.4875080391681,583.9535295622766,592.102783203125,87426000
2025-06-24 00:00:00-04:00,596.2266992885851,599.699459496435,595.3189919942236,598.6438598632812,67735300
2025-06-25 00:00:00-04:00,599.7587556505753,600.4493816787314,597.4205388336513,598.9793701171875,62114800
2025-06-26 00:00:00-04:00,600.8242007377552,604.0996909412141,600.2125189749694,603.6655883789062,78548400
2025-06-27 00:00:00-04:00,604.6621068443518,608.1250520914118,602.639606635459,606.6648559570312,86258400
2025-06-30 00:00:00-04:00,609.1016996773074,610.9169938229498,606.7930496988761,609.5653686523438,92502500
2025-07-01 00:00:00-04:00,608.0953617899536,610.5322734636828,607.2666588703396,609.3681030273438,70030100
2025-07-02 00:00:00-04:00,608.9636353224103,612.1700572103479,608.3420779544849,612.130615234375,66510400
2025-07-03 00:00:00-04:00,614.1036930875782,617.882354174148,614.0839419945853,616.9549560546875,51065800
2025-07-07 00:00:00-04:00,615.0015403770067,615.6625999062851,609.5851637565357,612.3574829101562,74814500
2025-07-08 00:00:00-04:00,613.0184402574613,613.7682592313246,611.2130216520668,612.0220336914062,59024600
2025-07-09 00:00:00-04:00,614.4194576258184,616.3432624074327,612.5843521193799,615.692138671875,66113300
2025-07-10 00:00:00-04:00,615.8302548644143,618.4644365752275,614.6562088976586,617.4285278320312,57529000
2025-07-11 00:00:00-04:00,614.38979053738,616.48135905139,613.1960537313187,615.2579956054688,63670200
2025-07-14 00:00:00-04:00,614.8042291186631,616.7774117864018,613.4624793566222,616.43212890625,51898500
2025-07-15 00:00:00-04:00,619.1057169315715,619.4411242116038,613.7189074073614,613.7978515625,74317300
2025-07-16 00:00:00-04:00,615.3764310442137,616.3531467698953,609.7627242916457,615.8499755859375,88987500
2025-07-17 00:00:00-04:00,616.0275671883336,619.9739319743786,615.8104858123922,619.6187133789062,68885700
2025-07-18 00:00:00-04:00,620.8618249379944,621.0295285799061,618.0599396747441,619.1649169921875,65621600
2025-07-21 00:00:00-04:00,620.3389282226562,623.0717447236228,619.9147012599321,620.3389282226562,63375000
2025-07-22 00:00:00-04:00,620.6644455724645,621.2860027914654,617.7934919268233,620.4276733398438,60046300
2025-07-23 00:00:00-04:00,623.0816882564411,625.7060546875,621.2860849659141,625.7060546875,70511000
2025-07-24 00:00:00-04:00,626.0907872079496,627.6200518287297,625.488980993582,625.9132080078125,71307100
2025-07-25 00:00:00-04:00,626.5742531786653,629.0308557161836,626.3276053702117,628.5572509765625,56865400
2025-07-28 00:00:00-04:00,628.9321516432593,629.4846403177779,627.0181622678288,628.3994140625,54917100
2025-07-29 00:00:00-04:00,629.7905378170077,630.1062542617998,625.8343572512257,626.7420043945312,60556300
2025-07-30 00:00:00-04:00,627.3930824208583,629.129492632239,623.0718079865017,625.9526977539062,80418900
2025-07-31 00:00:00-04:00,630.8856625012866,631.2703873241156,622.3121821287813,623.6046142578125,103385200
2025-08-01 00:00:00-04:00,617.9021501633858,617.9416523560914,610.9861351685431,613.383544921875,140103600
2025-08-04 00:00:00-04:00,617.2805351933534,622.7561046288977,617.191775701563,622.706787109375,73218000
2025-08-05 00:00:00-04:00,623.3184070376644,624.1274190145356,618.6320990296246,619.5496215820312,68051400
2025-08-06 00:00:00-04:00,620.615200817688,624.9463507668227,619.7075537473198,624.2952270507812,64357500
2025-08-07 00:00:00-04:00,627.7088284528788,628.4388963678413,620.674427785601,623.7723388671875,74205800
2025-08-08 00:00:00-04:00,625.5580097272857,629.0998986072367,625.2422933193634,628.6361694335938,64051600
2025-08-11 00:00:00-04:00,628.9124554108,630.382466681372,626.1499518449814,627.39306640625,58742300
2025-08-12 00:00:00-04:00,629.7312404986845,634.2300937128912,628.251353780633,634.072265625,64730800
2025-08-13 00:00:00-04:00,636.2625497647373,637.5254154950222,634.0624705008762,636.2428588867188,60092800
2025-08-14 00:00:00-04:00,634.1708704241781,636.9629400931691,633.7269526033184,636.3019409179688,59327500
2025-08-15 00:00:00-04:00,637.3280514224831,637.4267466743545,633.9046087993034,634.812255859375,68592500
2025-08-18 00:00:00-04:00,634.2400307460651,635.3647592128409,633.5691559281859,634.6741333007812,43804900
2025-08-19 00:00:00-04:00,634.4965717210093,635.4732874420525,629.9187737835771,631.23095703125,69750700
2025-08-20 00:00:00-04:00,630.8264521540534,631.0829152899969,624.4629267215348,629.5537109375,88890300
2025-08-21 00:00:00-04:00,627.7483287539096,629.4156102095885,625.3114169787772,627.028076171875,54805800
2025-08-22 00:00:00-04:00,629.2084140029245,637.8312114652382,628.70524285572,636.6571655273438,84083200
2025-08-25 00:00:00-04:00,635.4041800322128,636.6374190424261,633.7368384817344,633.855224609375,51274300
2025-08-26 00:00:00-04:00,633.5889446007113,636.8545593934813,632.9673872646679,636.5092163085938,51581600
2025-08-27 00:00:00-04:00,635.9270971923372,638.6895405097797,635.7790844255956,637.95947265625,48341100
2025-08-28 00:00:00-04:00,638.5613448732837,640.7712997557803,636.6868575289449,640.2188110351562,61519500
2025-08-29 00:00:00-04:00,638.7881685836082,639.1532627231435,634.5162720889837,636.400634765625,74522200
2025-09-02 00:00:00-04:00,628.9518765829083,631.9017745733,626.406454480519,631.6847534179688,81983500
2025-09-03 00:00:00-04:00,634.05255551225,635.5719445130327,631.8722274787872,635.1082153320312,70820900
2025-09-04 00:00:00-04:00,635.7791465574808,640.4457643382553,634.8813749728572,640.4161376953125,65219200
2025-09-05 00:00:00-04:00,642.7444163544111,643.4646688785257,634.7037341963564,638.561279296875,85178900
2025-09-08 00:00:00-04:00,639.9228600617976,641.1265327903665,638.5514836687598,640.1300659179688,63133100
2025-09-09 00:00:00-04:00,640.2680535026645,642.1327252974712,638.5415189260096,641.60986328125,66133900
2025-09-10 00:00:00-04:00,644.8557277247635,645.7732503039375,641.9058297062181,643.4646606445312,78034500
2025-09-11 00:00:00-04:00,645.4081991313436,649.5025765403432,644.8261440671411,648.8119506835938,69934400
2025-09-12 00:00:00-04:00,648.7823644090812,650.2721267910674,648.0917987261137,648.5949096679688,72780100
2025-09-15 00:00:00-04:00,650.7951046545995,652.1762963553084,650.4991393056443,652.0480346679688,63772400
2025-09-16 00:00:00-04:00,652.6004677140577,652.9063688014267,650.3708221309846,651.1502075195312,61169000
2025-09-17 00:00:00-04:00,651.1601352003632,652.8471677889224,645.5266771850337,650.3412475585938,101952200
2025-09-18 00:00:00-04:00,653.0149098952402,655.9746837040749,651.4166368558095,653.3799438476562,90459200
2025-09-19 00:00:00-04:00,655.2605944120114,657.4568701129051,653.321492861841,656.615966796875,97945600
2025-09-22 00:00:00-04:00,655.1320445581616,660.1676828141602,655.1023357778903,659.7225341796875,69452200
2025-09-23 00:00:00-04:00,659.6037107504653,660.2171487108257,654.9143129749383,656.1312255859375,81708900
2025-09-24 00:00:00-04:00,657.4172768788721,657.5161853625601,652.6289106713185,654.0436401367188,68082200
2025-09-25 00:00:00-04:00,650.91749472694,652.3717757310584,647.4251431178142,651.0263061523438,89622100
2025-09-26 00:00:00-04:00,652.4707616041429,655.3002210405111,650.8581544995363,654.756103515625,69179200
2025-09-29 00:00:00-04:00,657.2689261670223,658.1791500054463,654.7956099654933,656.59619140625,73499000
2025-09-30 00:00:00-04:00,655.8542079251938,659.5345338964465,654.5482897020846,659.0695190429688,86288000
2025-10-01 00:00:00-04:00,656.0916952927918,662.2255322042525,655.9828838603935,661.3153686523438,72545400
2025-10-02 00:00:00-04:00,663.2938778298502,663.4125921637317,659.6630669539827,662.0769653320312,56896000
2025-10-03 00:00:00-04:00,662.8389040732001,665.5001949823258,661.0284195287326,662.0672607421875,70494400
2025-10-06 00:00:00-04:00,664.451431246289,665.3319462864663,662.314512664693,664.4415283203125,54623300
2025-10-07 00:00:00-04:00,665.3616291701808,665.8068381763353,660.5436138980969,661.9781494140625,72020100
2025-10-08 00:00:00-04:00,663.0960778489103,666.0245059882836,662.2749199573431,665.925537109375,60702200
2025-10-09 00:00:00-04:00,666.3410972158545,666.7466945063586,662.0671995495462,663.996337890625,66501900
2025-10-10 00:00:00-04:00,664.9560020556908,666.7565834688588,645.8719162752307,646.0499877929688,159422600
2025-10-13 00:00:00-04:00,653.5985074660624,658.0306703959724,652.72789540716,655.9629516601562,79560500
2025-10-14 00:00:00-04:00,650.1556317834018,658.7232324647772,646.1983260713891,655.16162109375,88779600
2025-10-15 00:00:00-04:00,659.7026642450096,663.0762408380068,651.8968641380318,658.0702514648438,81702600
2025-10-16 00:00:00-04:00,659.7027763115389,661.5726180936518,650.0963932050812,653.5887451171875,110563300
2025-10-17 00:00:00-04:00,652.46076337718,658.6539563270334,651.1152939599514,657.298583984375,96500900
2025-10-20 00:00:00-04:00,660.197387427611,665.0352086527322,660.1479331778372,664.1348876953125,60493400
2025-10-21 00:00:00-04:00,664.2733620876278,665.8068060270512,662.8289237149189,664.1249389648438,56249000
2025-10-22 00:00:00-04:00,664.8274246920023,664.8274246920023,656.2202718491607,660.6722412109375,80564000
2025-10-23 00:00:00-04:00,660.9887422368442,665.5297769315139,660.672150546298,664.5899047851562,65604500
2025-10-24 00:00:00-04:00,669.2398161192735,671.2283116328227,668.4384640813665,670.0213623046875,74356500
2025-10-27 00:00:00-04:00,675.442806418656,678.2228112394536,674.8393317954225,677.926025390625,63339800
2025-10-28 00:00:00-04:00,679.7166595750679,681.5567921017911,677.5203840529186,679.7265625,61738100
2025-10-29 00:00:00-04:00,681.368983551386,682.338564675443,675.5814471238866,680.05322265625,85657100
2025-10-30 00:00:00-04:00,676.600418646911,678.6186229721906,672.5738525390625,672.5738525390625,76335800
2025-10-31 00:00:00-04:00,677.7281416384325,677.7677533403644,671.9900605416568,674.7799682617188,87164100
2025-11-03 00:00:00-05:00,678.3514739521635,678.4800912258883,672.6826525168186,676.04638671875,57315000
2025-11-04 00:00:00-05:00,668.8935461650569,672.7024895383894,667.3799079726423,668.0328369140625,78427000
2025-11-05 00:00:00-05:00,667.7755543304748,673.5927987432043,666.9742023136038,670.3478393554688,74402400
2025-11-06 00:00:00-05:00,669.2496813312496,670.150002278421,661.5824008089137,663.1554565429688,85035300
2025-11-07 00:00:00-05:00,660.7809522833221,663.9171603670279,654.1525138805237,663.8082885742188,100592400
2025-11-10 00:00:00-05:00,670.011442763763,674.8987178962867,667.8250699305912,674.1666259765625,75842900
2025-11-11 00:00:00-05:00,672.6925881240425,676.2739453424548,671.4855783543771,675.7100219726562,58953400
2025-11-12 00:00:00-05:00,677.4809224347684,677.6491514285055,673.6819422079296,676.0859985351562,62312500
2025-11-13 00:00:00-05:00,673.2367288900627,673.5928719621189,663.3632690735044,664.8670043945312,103457800
2025-11-14 00:00:00-05:00,658.2780414721369,668.4482860302248,656.1905771441307,664.7581176757812,96846700
2025-11-17 00:00:00-05:00,662.5519561070769,666.5191649555097,655.1022987242936,658.56494140625,90456100
2025-11-18 00:00:00-05:00,655.0330664835586,658.0208519047019,648.8596786437042,653.03466796875,114467500
2025-11-19 00:00:00-05:00,653.7272650457925,660.2172451791961,651.7189030472904,655.5574951171875,94703000
2025-11-20 00:00:00-05:00,665.7276649913678,668.3494043558474,644.9320631333248,645.5652465820312,165293500
2025-11-21 00:00:00-05:00,648.0582892153691,657.4568906385811,643.9031059831046,651.995849609375,123956200
2025-11-24 00:00:00-05:00,655.6167748873626,662.9081062970187,654.5285399004904,661.59228515625,80437900
2025-11-25 00:00:00-05:00,661.4933747936815,668.9924864834618,657.3876457131933,667.815185546875,81077100
2025-11-26 00:00:00-05:00,670.3973686817876,674.4239350690651,669.4970476879164,672.4254760742188,71879600
2025-11-28 00:00:00-05:00,673.5928002628821,676.3728052050843,673.2366572287348,676.0958251953125,49212000
2025-12-01 00:00:00-05:00,671.5647168500374,675.7000943604489,671.4954567492206,673.0091552734375,61201200
2025-12-02 00:00:00-05:00,674.6415287588202,676.5212733146432,672.0792068673397,674.2557373046875,62953800
2025-12-03 00:00:00-05:00,673.3059439079583,677.5995871066391,672.4353317565424,676.5905151367188,57238500
2025-12-04 00:00:00-05:00,677.9854656605314,678.0547257643626,674.0677712084201,677.085205078125,61970300
2025-12-05 00:00:00-05:00,678.1535936302283,681.0424704296607,677.2731389541586,678.3712768554688,79241000
2025-12-08 00:00:00-05:00,679.2618026085656,679.3112568636993,674.2953635655399,676.3333740234375,55231500
2025-12-09 00:00:00-05:00,675.8584445640498,678.0745263345831,675.3044241214166,675.7495727539062,58310100
2025-12-10 00:00:00-05:00,675.2747265375898,681.616283144729,674.0380683519487,680.2312622070312,85671300
2025-12-11 00:00:00-05:00,677.82719343181,681.8933109790751,674.8888622374254,681.8141479492188,86173700
2025-12-12 00:00:00-05:00,680.8248329648462,681.5272765513724,671.9208940415416,674.4832763671875,113160300
2025-12-15 00:00:00-05:00,678.4207075198718,678.4405133715769,671.999988545765,673.4641723632812,90811000
2025-12-16 00:00:00-05:00,671.9802275249427,673.8105178026394,667.7755898483048,671.6240844726562,122030600
2025-12-17 00:00:00-05:00,672.6331360665856,673.1772535061897,664.0358872930294,664.2337646484375,110625200
2025-12-18 00:00:00-05:00,670.3675775068244,673.4740770479272,667.6964444022054,669.2496337890625,108650100
2025-12-19 00:00:00-05:00,671.3463691548195,675.8114935895343,671.2272434527378,675.3153686523438,103599500
2025-12-22 00:00:00-05:00,678.639344063116,680.0483218496023,675.3153313921905,679.5224609375,69556700
2025-12-23 00:00:00-05:00,678.6195066727895,682.8663651395233,678.5699062922599,682.6282348632812,64840000
2025-12-24 00:00:00-05:00,682.6183200290311,685.4760045408373,682.4694583215327,685.0294799804688,39445600
2025-12-26 00:00:00-05:00,685.287420330769,686.2994739503212,683.9280429419551,684.9599609375,41613300
2025-12-29 00:00:00-05:00,682.2114479341877,683.8586166189733,680.7528697076866,682.51904296875,62559500
2025-12-30 00:00:00-05:00,682.1221392108215,683.2235219572843,681.2588867271484,681.685546875,47160700
2025-12-31 00:00:00-05:00,681.8145855439083,682.0328514439952,676.4266760541103,676.635009765625,74144800
2026-01-02 00:00:00-05:00,680.3956585252009,681.5466416904673,674.5512924418268,677.8753051757812,89377200
2026-01-05 00:00:00-05:00,681.2192280630002,684.0868448237256,681.0604947255163,682.3900756835938,71927200
2026-01-06 00:00:00-05:00,682.5984906991714,686.9544824498945,682.4496895461597,686.4484252929688,69273800
2026-01-07 00:00:00-05:00,686.8254142672773,688.5817158514149,683.9776620917838,684.2356567382812,75588300
2026-01-08 00:00:00-05:00,683.4815439165204,685.2675815209567,682.1618346683338,684.1661987304688,64019200
2026-01-09 00:00:00-05:00,685.2775150455628,689.9212370510019,683.8387406584166,688.6908569335938,80125500
2026-01-12 00:00:00-05:00,685.3271398200249,690.6952455853734,685.2775394384523,689.7723999023438,63976000
2026-01-13 00:00:00-05:00,690.0998903120652,690.6952766040527,685.9919610896558,688.3932495117188,78309700
2026-01-14 00:00:00-05:00,685.6445758579941,686.3589666067269,680.7229953056234,685.009521484375,94676700
2026-01-15 00:00:00-05:00,689.1870202593807,690.0602050162862,685.8927433241695,686.8750610351562,77862000
2026-01-16 00:00:00-05:00,688.2839991969948,688.869453251486,684.7515921796883,686.2994995117188,79289200
2026-01-20 00:00:00-05:00,676.2083446056304,679.4629532027941,671.3264922720098,672.3286743164062,111623300
2026-01-21 00:00:00-05:00,674.3826370735425,683.402154325963,672.8743979165272,680.0880737304688,127844500
2026-01-22 00:00:00-05:00,684.5035112839386,685.7736201181282,681.5962265907631,683.6402587890625,77112200
2026-01-23 00:00:00-05:00,682.8167804315336,685.6050001770944,681.8344021762991,683.8883666992188,63059600
2026-01-26 00:00:00-05:00,685.138576123168,688.7503800429489,684.5729864520383,687.3612060546875,60473800
2026-01-27 00:00:00-05:00,688.8000086063018,691.1318321418594,688.1947507195304,690.099853515625,55506100
2026-01-28 00:00:00-05:00,691.6477064811113,692.4316225777728,688.5618241580821,690.0303344726562,61172200
2026-01-29 00:00:00-05:00,690.9928952881424,691.657685737667,679.5224893166136,688.6610717773438,97486200
2026-01-30 00:00:00-05:00,686.4285189892349,688.8298072906449,681.7947290319643,686.6071166992188,101835100
2026-02-02 00:00:00-05:00,684.2356737126761,691.5286859406688,684.0768798206813,690.0204467773438,79286500
2026-02-03 00:00:00-05:00,690.8142565672537,691.5584439188771,678.7286612443456,684.18603515625,107904600
2026-02-04 00:00:00-05:00,684.9996810996682,686.0911923060062,676.4762885369656,680.8719482421875,105204600
2026-02-05 00:00:00-05:00,675.6625626456348,678.3912495205631,670.5524520913757,672.3682861328125,113610800
2026-02-06 00:00:00-05:00,676.1786564838608,686.944543957853,675.5733380016845,685.2676391601562,89127600
2026-02-09 00:00:00-05:00,684.0769172088077,690.4769412520913,683.0053309088385,688.5718383789062,73885200
2026-02-10 00:00:00-05:00,689.5640655604284,691.1417089533321,686.2995246985826,686.7559814453125,65185700
2026-02-11 00:00:00-05:00,690.9928885783248,691.7370759669038,683.8387453470867,686.5972290039062,76353900
2026-02-12 00:00:00-05:00,688.859502308346,689.9608850687785,675.0970022106213,675.9900512695312,118829000
2026-02-13 00:00:00-05:00,676.4068370573647,680.961290747747,672.2691719299015,676.4663696289062,96267500
2026-02-17 00:00:00-05:00,674.8688419019007,679.6316291710169,670.5426469985775,677.5578002929688,81354700
2026-02-18 00:00:00-05:00,678.7188252184603,683.8090722697287,677.5380453641048,680.97119140625,73570300
2026-02-19 00:00:00-05:00,678.5401770095443,680.8620077880265,676.2678860499572,679.1751708984375,58649400
2026-02-20 00:00:00-05:00,677.0319102464942,684.7119142291095,676.4464562003476,684.0867919921875,100034000
2026-02-23 00:00:00-05:00,682.4992209190492,684.6523861034582,675.0970153480879,677.1013793945312,90558100
2026-02-24 00:00:00-05:00,676.6151751251432,683.0151380016027,674.7298762460771,682.0228881835938,73798700
2026-02-25 00:00:00-05:00,684.8310015582731,688.3038760705598,684.7516046120257,687.7780151367188,56369500
2026-02-26 00:00:00-05:00,687.9070203801248,687.9268241953206,679.046175727848,683.9578247070312,71671000
2026-02-27 00:00:00-05:00,677.795973699009,681.5367144347911,676.35719931042,680.6734619140625,83308900
2026-03-02 00:00:00-05:00,673.4400139353526,683.2831159083878,672.765291276125,681.0604858398438,87477200
2026-03-03 00:00:00-05:00,669.8281362739899,677.3196100252792,664.4699632194659,675.0573120117188,105003100
2026-03-04 00:00:00-05:00,676.3472549970834,681.7649608594664,674.3528231531807,679.8201293945312,79182200
2026-03-05 00:00:00-05:00,676.7937758642711,680.2170498641997,670.3738880206191,676.0297241210938,106606500
2026-03-06 00:00:00-05:00,668.1909311447467,670.8700177972564,664.5692556037578,667.1689453125,100687000
2026-03-09 00:00:00-04:00,661.2253729422058,674.650481531912,657.2563736570586,673.0133056640625,102667700
2026-03-10 00:00:00-04:00,672.4674947413112,678.0637980596332,669.5304741395607,671.9317016601562,81505300
2026-03-11 00:00:00-04:00,672.3286912573745,674.8093159596237,668.1215614523004,671.08837890625,68441700
2026-03-12 00:00:00-04:00,665.9583993556241,666.4446526664856,660.7094193200438,660.89794921875,108882200
2026-03-13 00:00:00-04:00,664.0831110227487,667.1293254881115,656.2343803863124,657.1571655273438,97200200
2026-03-16 00:00:00-04:00,663.1999840519829,666.8613885560293,661.9497395049242,663.844970703125,82023100
2026-03-17 00:00:00-04:00,667.1788836379297,669.2129836950214,664.5097291491037,665.5912475585938,87128000
2026-03-18 00:00:00-04:00,663.1801174312507,664.5295627375546,656.0657027257738,656.3038330078125,82062600
2026-03-19 00:00:00-04:00,651.8783782687178,657.8418097710767,650.0923405870744,654.6864624023438,111272500
2026-03-20 00:00:00-04:00,653.2009461223761,653.3800315656541,641.4703334037762,645.3009643554688,163617500
2026-03-23 00:00:00-04:00,654.7531040433624,659.2801583045331,650.6439158314106,652.07666015625,134802700
2026-03-24 00:00:00-04:00,648.0371459178807,653.7183875512989,646.604401549905,649.8877563476562,96457500
2026-03-25 00:00:00-04:00,655.3501116680137,657.5589538580906,650.9424473291369,653.5094604492188,90653800
2026-03-26 00:00:00-04:00,648.7734634761676,651.5493793651953,641.5699644768796,641.838623046875,96494400
2026-03-27 00:00:00-04:00,639.2616275919053,639.420794428861,629.9189411370072,630.89404296875,103649400
2026-03-30 00:00:00-04:00,636.8836547011163,637.1423539459004,626.108284608157,628.78466796875,99275900
2026-03-31 00:00:00-04:00,635.7195686416,648.2560368761451,634.7643854444117,647.0621337890625,152534100
2026-04-01 00:00:00-04:00,650.6041659517412,655.2008748639518,649.7086779392242,651.9373779296875,97841500
2026-04-02 00:00:00-04:00,643.1618697673937,654.8825248659317,641.858474913505,652.5244750976562,68358700
2026-04-06 00:00:00-04:00,652.554231190157,656.3947609217337,652.2159789115307,655.6087646484375,39105800
2026-04-07 00:00:00-04:00,653.3402849463747,656.285326673986,647.7784337275787,655.8972778320312,69980400
2026-04-08 00:00:00-04:00,672.980811715349,673.6673363432215,668.0756676404139,672.6027221679688,93606100
2026-04-09 00:00:00-04:00,671.4386399182858,677.7267318686964,670.3740257373166,676.4830322265625,57134400
2026-04-10 00:00:00-04:00,677.885949822129,678.5923930707559,675.0304203424645,676.0353393554688,42253500
2026-04-13 00:00:00-04:00,673.9955829678383,682.840788741459,673.1698101905051,682.6417846679688,54185800
2026-04-14 00:00:00-04:00,684.2238203737314,691.0791070995066,684.193942434314,690.959716796875,63480500
2026-04-15 00:00:00-04:00,691.7557051691649,696.7504224001667,690.7010502942645,696.412109375,58240400
2026-04-16 00:00:00-04:00,697.5264615426626,699.2378238459212,695.0092450197437,698.1234130859375,49972400
2026-04-17 00:00:00-04:00,702.5808909886877,708.7993894133457,702.2028014262665,706.5607299804688,70661900
2026-04-20 00:00:00-04:00,705.20752199003,706.3317705126415,702.5808139687996,705.1477661132812,43546800
2026-04-21 00:00:00-04:00,706.7000123508461,707.6949720613851,699.098505587723,700.53125,58941400
2026-04-22 00:00:00-04:00,705.5756906371417,707.8640857857167,704.6503246823615,707.6253051757812,42518500
2026-04-23 00:00:00-04:00,705.9239069650033,708.7694771316526,698.7403270820959,704.8792114257812,56174000
2026-04-24 00:00:00-04:00,707.1675680011435,710.8687887329964,705.4363479344694,710.3414916992188,45182000
2026-04-27 00:00:00-04:00,709.5754490929214,712.0230720129201,708.7098389427747,711.5653686523438,33135900
2026-04-28 00:00:00-04:00,708.2322548988411,709.2869098023077,705.6752010599358,708.1029052734375,43117400
2026-04-29 00:00:00-04:00,707.4163145996059,708.6102783309316,704.7995658491443,707.993408203125,41859200
2026-04-30 00:00:00-04:00,711.0280636665188,716.1620290590424,706.8691393587039,715.0377197265625,67240900
2026-05-01 00:00:00-04:00,717.6146516977453,721.216400793299,716.8385540170647,717.0177001953125,43049800
2026-05-04 00:00:00-04:00,716.4406056700121,718.4802608161392,711.3861936216806,714.3909912109375,51950600
2026-05-05 00:00:00-04:00,718.1320898558575,721.3855668152729,717.8534719876392,720.1220092773438,36933200
2026-05-06 00:00:00-04:00,724.489821452625,730.8874657022126,724.1515691652952,730.1312866210938,53288900
2026-05-07 00:00:00-04:00,731.3451201928577,732.4196936796947,726.0718458933673,727.8926391601562,51724600
2026-05-08 00:00:00-04:00,731.2257166531052,734.359863963193,730.8675457398152,733.9021606445312,47227100
2026-05-11 00:00:00-04:00,732.7380586745534,737.0561496205491,732.7380586745534,735.5736694335938,44024000
2026-05-12 00:00:00-04:00,733.1758744234386,735.1160580011854,728.1413807257971,734.4593505859375,54185300
2026-05-13 00:00:00-04:00,734.7478704606156,740.1604537310201,731.7629913201908,738.5685424804688,44200200
2026-05-14 00:00:00-04:00,739.9018102364839,745.7521781705404,739.8122371427646,744.3989868164062,45307600
2026-05-15 00:00:00-04:00,738.0511867146383,739.712813256131,734.2405345152865,735.4443969726562,60410800
2026-05-18 00:00:00-04:00,736.1010471042457,737.682999009625,729.6935042484962,734.927001953125,47843900
2026-05-19 00:00:00-04:00,731.0764945153984,733.9320239063612,727.8428755921286,730.03173828125,54255900
2026-05-20 00:00:00-04:00,732.0018002736176,738.1307251173267,730.1909663879147,737.5138549804688,45768000
2026-05-21 00:00:00-04:00,734.9170485709385,741.1156280791548,733.3151780259534,738.9764404296875,43332200
2026-05-22 00:00:00-04:00,742.4787264390759,745.1651298094138,740.7275876279662,741.8817749023438,41762000
2026-05-26 00:00:00-04:00,746.2297301040182,748.3390397979183,744.5979816306177,746.8068237304688,41123600
2026-05-27 00:00:00-04:00,747.0952952420212,747.5927750592914,744.4486686067338,746.6774291992188,42106300
2026-05-28 00:00:00-04:00,746.4685193943138,751.3438462445121,745.4536410614309,750.7965698242188,41562600
2026-05-29 00:00:00-04:00,752.0900813404212,754.2590862562773,750.8861582097875,752.6671142578125,55075700
2026-06-01 00:00:00-04:00,751.5527103892452,756.4479556154175,750.886104424133,754.7166748046875,43634900
2026-06-02 00:00:00-04:00,753.2144012702464,756.5674107365072,752.9357833937803,755.7415771484375,31581900
2026-06-03 00:00:00-04:00,754.3287420712209,754.9754294579049,749.7718095132926,750.4384155273438,51402500
2026-06-04 00:00:00-04:00,748.3091480570178,754.4878695071194,747.6823186029123,753.2740478515625,49923000
2026-06-05 00:00:00-04:00,748.5181345185488,749.0255736853693,731.82274221843,733.83251953125,93989400
2026-06-08 00:00:00-04:00,739.6132273185567,741.5832888174093,734.4693026781229,735.4940795898438,49319100
2026-06-09 00:00:00-04:00,739.881935268434,743.1354731343894,718.9480036644643,733.3350830078125,87683500
2026-06-10 00:00:00-04:00,729.69352181897,734.6583610930755,721.6741489247238,721.7736206054688,60341300
2026-06-11 00:00:00-04:00,725.0868662900759,736.2702039965386,720.7587550057447,734.04150390625,86330500
2026-06-12 00:00:00-04:00,736.9766163198905,740.6877965432628,731.3252525489901,738.0113525390625,57079500
2026-06-15 00:00:00-04:00,748.0604304424444,752.8661028247,747.9709180763429,751.0254516601562,60176400
2026-06-16 00:00:00-04:00,750.7468576807364,751.6323864215939,746.100412710964,746.5481567382812,67093100
2026-06-17 00:00:00-04:00,747.5032315039188,748.3589429763433,735.4940609532621,737.225341796875,85945200
2026-06-18 00:00:00-04:00,745.907751654771,746.3765582049119,742.0173878962117,744.8902587890625,80875700
2026-06-22 00:00:00-04:00,745.8479411927095,748.321778689857,741.2892538871644,742.546142578125,46628100
2026-06-23 00:00:00-04:00,731.9922892059834,737.7978798883457,730.4860198600484,731.7628784179688,66846800
2026-06-24 00:00:00-04:00,733.3489180103626,738.1171068570358,729.0296875445486,731.4237060546875,57439500
2026-06-25 00:00:00-04:00,737.0796452204372,737.5385276888334,727.7927091295785,732.4810791015625,53934400
2026-06-26 00:00:00-04:00,727.144386135875,734.7056273477464,714.8050317832251,727.1842651367188,71034000
2026-06-29 00:00:00-04:00,734.7055914816465,739.7231001504891,730.27658724538,739.1644897460938,58035200
2026-06-30 00:00:00-04:00,739.4537599262709,746.1671307285668,739.0547872797607,744.9202270507812,55626000
2026-07-01 00:00:00-04:00,743.1545925484338,747.5835968507926,740.541087308444,743.9127197265625,47100900
2026-07-02 00:00:00-04:00,745.5486859530862,749.4489739445169,738.1969465958291,742.9351806640625,57447800
2026-07-06 00:00:00-04:00,746.885320136641,750.5462122974698,745.5585975722108,749.4190673828125,50673300
2026-07-07 00:00:00-04:00,748.3616416292718,749.0998597580657,743.364102770238,745.85791015625,43721500
2026-07-08 00:00:00-04:00,741.3191472958572,744.3017921335774,737.6782249675691,743.5536499023438,43767400
2026-07-09 00:00:00-04:00,745.4987759890873,750.1073272936331,743.7431866839036,749.8480224609375,41441700
2026-07-10 00:00:00-04:00,750.187115173852,753.5487626123848,746.2468873823584,753.0799560546875,42191300
2026-07-13 00:00:00-04:00,750.6060836597362,752.0425191788765,746.1471851864706,747.3142700195312,44013600
2026-07-14 00:00:00-04:00,749.0499474324819,751.4739818301254,746.8055207475287,749.9677124023438,35143100
2026-07-15 00:00:00-04:00,752.3717122204262,753.7084197839658,748.3417413555546,752.9403076171875,43844800
2026-07-16 00:00:00-04:00,750.8953984161742,752.7009125511715,746.0274814662645,748.8604125976562,46409800
2026-07-17 00:00:00-04:00,740.241827732839,745.438883195828,738.9649691671198,741.4487915039062,62651000
2026-07-20 00:00:00-04:00,745.2094908804986,746.8753371556621,739.6732506975046,740.2518310546875,50422300
2026-07-21 00:00:00-04:00,744.4413918284653,747.1845799829406,742.3366329839115,746.426513671875,34324300
2026-07-22 00:00:00-04:00,744.7705725456777,748.1621748950539,744.5211918106933,745.55859375,32836200
2026-07-23 00:00:00-04:00,737.5385562389782,740.7206569606348,733.3888874570794,736.3515014648438,55437300
2026-07-24 00:00:00-04:00,736.6806667930385,741.8777222786117,735.4636571620507,737.099609375,44782000
2026-07-27 00:00:00-04:00,743.0648074406847,743.6833276942111,734.0472217265344,737.25927734375,41461200
2026-07-28 00:00:00-04:00,737.3589950224286,740.9500533043114,734.156924420905,739.0248413085938,47322200
2026-07-29 00:00:00-04:00,738.1370526174048,740.8403618199718,727.2939826612791,727.6531372070312,70697200
2026-07-30 00:00:00-04:00,734.2267392747757,740.6109103701467,732.7703947650456,739.852783203125,66811300
2026-07-31 00:00:00-04:00,742.835410914187,747.0449895804718,735.8527500027326,745.1796264648438,62445900
2026-08-03 00:00:00-04:00,747.5836183167282,756.7009928898597,746.9451890027125,755.793212890625,59927500
2026-08-04 00:00:00-04:00,758.7458651152236,771.494176400126,758.6361522059436,769.4193725585938,69154800
2026-08-05 00:00:00-04:00,773.928165423025,774.9256883846499,767.6039039413469,767.8831787109375,44689100
2026-08-06 00:00:00-04:00,768.3021872511085,769.9081846177485,765.5589990885744,766.65625,38416900
2026-08-07 00:00:00-04:00,769.1101628301597,772.0029428489042,767.703621378493,771.3446044921875,43586300
2026-08-10 00:00:00-04:00,770.6861849056471,773.1301282404592,769.7086319253093,771.1151733398438,39249500
2026-08-11 00:00:00-04:00,772.6115040483734,772.6912620504304,767.2946895097219,768.6513061523438,36740600
2026-08-12 00:00:00-04:00,772.7910096110111,772.9805414027246,769.369513273419,770.5764770507812,33179100
2026-08-13 00:00:00-04:00,772.9506321027081,777.4394855444215,772.1925048911166,775.9531860351562,35634500
2026-08-14 00:00:00-04:00,776.6114939657781,776.8708596736758,773.509212209858,774.4169921875,31367900
2026-08-17 00:00:00-04:00,774.2573577843602,774.8559080861019,770.5964655970525,770.7560424804688,34356600
2026-08-18 00:00:00-04:00,766.7959149360092,767.5939211307613,765.0202948350139,765.5490112304688,43920900
2026-08-19 00:00:00-04:00,768.4517358705159,770.5564946026684,766.1973243479778,767.1549682617188,40306000
2026-08-20 00:00:00-04:00,764.0627220124634,766.2472997692572,760.1523881029335,760.7109985351562,45520300
2026-08-21 00:00:00-04:00,764.1524418077088,765.9479709365374,762.2770937955632,763.8232421875,39188700
2026-08-24 00:00:00-04:00,762.8856098637509,763.3244615010249,760.1922857963137,761.5787963867188,32430900
2026-08-25 00:00:00-04:00,764.262137078792,764.8806573052586,761.159855395616,764.0127563476562,27422300
2026-08-26 00:00:00-04:00,762.8356805789958,765.449185749943,762.0376744224566,764.182373046875,28751600
2026-08-27 00:00:00-04:00,766.5964060257239,770.4468300957561,765.2596984507333,769.18994140625,34557100
2026-08-28 00:00:00-04:00,769.8483393622295,773.3795487683207,766.4068729286823,767.4442749023438,36744300
2026-08-31 00:00:00-04:00,765.4292990280279,766.097622354185,762.8257178677422,765.1499633789062,38810800
2026-09-01 00:00:00-04:00,760.1224772031874,762.7758614763637,757.5987149009983,759.89306640625,41126300
2026-09-02 00:00:00-04:00,760.5614001563074,764.5315220914426,759.8431519587122,763.2646484375,29566200
2026-09-03 00:00:00-04:00,765.99791709853,772.112737807933,765.5490195828438,771.2548217773438,43531600
2026-09-04 00:00:00-04:00,770.0977256925568,770.9555808433835,767.0951717806925,768.2822265625,34054200
2026-09-08 00:00:00-04:00,767.1649647963771,767.7934091111229,763.2447069992287,764.0626831054688,44746100
2026-09-09 00:00:00-04:00,762.1873669257697,762.5763546117217,759.055130192088,760.5115356445312,32812400
2026-09-10 00:00:00-04:00,756.1523365872063,758.2271404471661,754.7657651010062,755.9528198242188,42740400
2026-09-11 00:00:00-04:00,762.8257171109622,764.4816392943262,761.7084962835214,762.3967895507812,45512700
2026-09-14 00:00:00-04:00,757.119891309806,761.6287143614769,756.0525344863368,758.9952392578125,43992400
2026-09-15 00:00:00-04:00,758.2371341657202,758.4665449596201,754.2769973083872,755.513916015625,46195000
2026-09-16 00:00:00-04:00,757.6187023523285,759.7833101686804,747.7432005092232,752.1821899414062,59217700
2026-09-17 00:00:00-04:00,761.2596848801362,761.6786274833105,758.0775841455181,760.7109985351562,49652800
2026-09-18 00:00:00-04:00,761.3099975585938,762.0,757.969970703125,761.6900024414062,65395100
2026-09-21 00:00:00-04:00,766.25,774.8900146484375,766.030029296875,773.5,50484700
2026-09-22 00:00:00-04:00,774.030029296875,775.1400146484375,772.5700073242188,773.3800048828125,34802300
2026-09-23 00:00:00-04:00,772.7899780273438,773.0499877929688,766.5,767.8099975585938,54931700
2026-09-24 00:00:00-04:00,764.0700073242188,768.9500122070312,763.25,767.1799926757812,43983700
2026-09-25 00:00:00-04:00,768.780029296875,772.280029296875,766.2899780273438,771.3499755859375,36666700
2026-09-28 00:00:00-04:00,768.3499755859375,769.5399780273438,763.719970703125,765.6099853515625,42296700
