Date,open,high,low,close,volume
2011-12-09 00:00:00-05:00,96.12438740822026,97.56034770202331,96.03946458191587,97.31330108642578,209111400
2011-12-12 00:00:00-05:00,96.46404764614957,96.47949136875003,95.08213486618104,95.89275360107422,215826100
2011-12-13 00:00:00-05:00,96.39458730400446,96.94272176179244,94.53401300259033,94.99723052978516,245159800
2011-12-14 00:00:00-05:00,94.61893526542723,94.98178624423147,93.77743481675824,93.98587799072266,238618800
2011-12-15 00:00:00-05:00,94.98179380739617,95.11303603441891,94.17889082846236,94.32557678222656,199109200
2011-12-16 00:00:00-05:00,94.96266405205317,95.52203988166359,94.2401302704675,94.4654312133789,220481400
2011-12-19 00:00:00-05:00,94.83056303042828,95.0325632717933,93.25342120638888,93.4554214477539,183903000
2011-12-20 00:00:00-05:00,94.92379564570676,96.44655347919462,93.51757664143408,96.28340148925781,225418100
2011-12-21 00:00:00-05:00,96.2834129285456,96.6174877840341,95.36664978516406,96.4698715209961,194230900
2011-12-22 00:00:00-05:00,96.82723611232996,97.42546596982949,96.51647382145363,97.324462890625,119465400
2011-12-23 00:00:00-05:00,97.63523658628155,98.2256956414109,97.43324227136215,98.19461822509766,92187200
2011-12-27 00:00:00-05:00,98.02370255775286,98.52870023675355,97.93824113850297,98.2723159790039,86075700
2011-12-28 00:00:00-05:00,98.28786517070763,98.30340091748171,96.90495253874703,96.9826431274414,119107100
2011-12-29 00:00:00-05:00,97.30117948212165,98.08586808648897,97.00595286452179,97.98487091064453,123507200
2011-12-30 00:00:00-05:00,97.90713012930092,98.14797855883306,97.50313568115234,97.50313568115234,95599000
2012-01-03 00:00:00-05:00,99.25903767759857,99.74072893428452,99.00265333481023,99.05703735351562,193697900
2012-01-04 00:00:00-05:00,98.8239130391823,99.29783323350243,98.44322508760752,99.21237182617188,127186500
2012-01-05 00:00:00-05:00,98.6763212363428,99.62415587532755,98.22570753634906,99.4765396118164,173895000
2012-01-06 00:00:00-05:00,99.60084946160438,99.61639113537505,98.8938574177459,99.22016143798828,148050000
2012-01-09 00:00:00-05:00,99.44543397856404,99.58527342978302,98.98705552647579,99.46097564697266,99530200
2012-01-10 00:00:00-05:00,100.5253967712843,100.72739113778346,100.18355103195867,100.32340240478516,115282000
2012-01-11 00:00:00-05:00,100.01260958299531,100.50983642378337,99.84946350896806,100.37776184082031,111540700
2012-01-12 00:00:00-05:00,100.66522395427658,100.76621518584538,99.86498788142897,100.61859893798828,118983700
2012-01-13 00:00:00-05:00,99.94270231173226,100.26124144530921,99.22793937980987,100.09808349609375,179836200
2012-01-17 00:00:00-05:00,101.06147283989573,101.24793738700058,100.14470363516183,100.4865493774414,132209200
2012-01-18 00:00:00-05:00,100.46323662970306,101.6519198893869,100.28454885895195,101.59754180908203,163395200
2012-01-19 00:00:00-05:00,101.94712621054822,102.21905210658258,101.62082224819989,102.13359069824219,126328900
2012-01-20 00:00:00-05:00,101.96268491844664,102.51428985595703,101.71406555997967,102.51428985595703,138230200
2012-01-23 00:00:00-05:00,102.17244081842001,102.74736417492339,101.76067539241865,102.25013732910156,129295800
2012-01-24 00:00:00-05:00,101.62082224819989,102.1646621854471,101.46544110253234,102.13359069824219,103083300
2012-01-25 00:00:00-05:00,101.9781944998662,103.2290322437211,101.58197081261571,102.98818969726562,198613200
2012-01-26 00:00:00-05:00,103.44657674796203,103.64080615368844,102.0558994190826,102.45989990234375,184880500
2012-01-27 00:00:00-05:00,101.96270105193189,102.59200260224301,101.89276943703314,102.41331481933594,135259100
2012-01-30 00:00:00-05:00,101.39552522747955,102.11806485632415,101.0459146318298,102.06367492675781,147311800
2012-01-31 00:00:00-05:00,102.56865833478761,102.69295613320173,101.52757980746959,102.02481842041016,157212000
2012-02-01 00:00:00-05:00,102.77845307141395,103.43883795957127,102.6541552300265,102.91830444335938,166234500
2012-02-02 00:00:00-05:00,103.12027678145337,103.34558953956359,102.71628813729467,103.08142852783203,113090400
2012-02-03 00:00:00-05:00,104.10696656641957,104.58865172266123,103.92827882375293,104.52649688720703,160598500
2012-02-06 00:00:00-05:00,104.09143645552963,104.5032019131796,103.97490353537363,104.45658874511719,107694500
2012-02-07 00:00:00-05:00,104.23907882978003,104.8994638222475,103.82731326900803,104.72076416015625,135528100
2012-02-08 00:00:00-05:00,104.77511751617982,105.05480835174833,104.34781042644694,105.03150177001953,139361400
2012-02-09 00:00:00-05:00,105.2024453690898,105.34228488706192,104.5420604769098,105.1635971069336,148602900
2012-02-10 00:00:00-05:00,104.23126893511075,104.47211149635866,103.98264961071168,104.38665008544922,167907500
2012-02-13 00:00:00-05:00,105.13252561010374,105.28790680390338,104.68191184970712,105.1635971069336,115841900
2012-02-14 00:00:00-05:00,104.8838855158552,105.0936566062373,104.30119726298933,105.03150177001953,165329500
2012-02-15 00:00:00-05:00,105.37335323671564,105.52873440839367,104.33227449134344,104.54204559326172,195195100
2012-02-16 00:00:00-05:00,104.54982631515084,105.79288759045396,104.3633617891846,105.69966125488281,186567800
2012-02-17 00:00:00-05:00,106.06480865094424,106.15027007288458,105.62973663191103,105.9793472290039,129869400
2012-02-21 00:00:00-05:00,106.22793423847013,106.47655354699901,105.69963599007792,106.02593994140625,134042300
2012-02-22 00:00:00-05:00,105.86280794068564,106.08812072602178,105.49765565120212,105.68412017822266,124455300
2012-02-23 00:00:00-05:00,105.62972752917683,106.22794557638383,105.2723401987272,106.15026092529297,137704300
2012-02-24 00:00:00-05:00,106.38336944580078,106.59314061213077,106.15030354413094,106.38336944580078,105539100
2012-02-27 00:00:00-05:00,105.67633377091275,106.84947506252016,105.50541095295384,106.56201934814453,145728900
2012-02-28 00:00:00-05:00,106.5931118729531,106.99711241830117,106.3833407631807,106.872802734375,129355900
2012-02-29 00:00:00-05:00,107.02818915828884,107.36226996836373,106.08034851783151,106.45327758789062,185934700
2012-03-01 00:00:00-05:00,106.67857116045792,107.20688137914232,106.38333863075712,107.00487518310547,145023500
2012-03-02 00:00:00-05:00,106.93495788668125,107.07480924521003,106.43773100435749,106.67857360839844,120638300
2012-03-05 00:00:00-05:00,106.51542570374538,106.59311036398154,105.87834747376047,106.24349975585938,140765000
2012-03-06 00:00:00-05:00,105.15579148622467,105.21793445582624,104.38663887067356,104.68963623046875,202129900
2012-03-07 00:00:00-05:00,104.93052088064462,105.59090578221347,104.82951776856753,105.41998291015625,143692200
2012-03-08 00:00:00-05:00,106.06479950973016,106.68633599256326,105.84726351896194,106.46878814697266,116968900
2012-03-09 00:00:00-05:00,106.67078313910119,107.16023313961396,106.53870857675194,106.88055419921875,122836800
2012-03-12 00:00:00-04:00,106.86504485501327,107.02819095292828,106.5076574539201,106.88835144042969,104003500
2012-03-13 00:00:00-04:00,107.46328735192309,108.86950682449378,107.28458770321687,108.81511688232422,184090500
2012-03-14 00:00:00-04:00,108.84616360826553,109.11807766313255,108.36446662123967,108.69854736328125,145163600
2012-03-15 00:00:00-04:00,108.86170261660097,109.37447113568582,108.58201177481132,109.3278579711914,165118500
2012-03-16 00:00:00-04:00,109.5260502260127,109.61968510186625,109.24513369167741,109.47923278808594,152893500
2012-03-19 00:00:00-04:00,109.40901847420638,110.24395732341958,109.33098146469818,109.9084243774414,125291100
2012-03-20 00:00:00-04:00,109.28415283329498,109.72113146554116,108.96421779655233,109.5884780883789,121729700
2012-03-21 00:00:00-04:00,109.65090223988057,109.75233605088697,109.18270405741852,109.40900421142578,122388400
2012-03-22 00:00:00-04:00,108.605285601016,108.89401303795363,108.26195368447941,108.62089538574219,135216700
2012-03-23 00:00:00-04:00,108.71449663984913,109.09684690462161,108.11364520078541,108.97199249267578,120521000
2012-03-26 00:00:00-04:00,109.75236519304485,110.50148010253906,109.71335858979438,110.50148010253906,120164000
2012-03-27 00:00:00-04:00,110.60293935568218,110.67316553824311,110.08792353667735,110.15814971923828,119868500
2012-03-28 00:00:00-04:00,110.10349197767613,110.27516385287785,108.9642160701351,109.61188507080078,148562100
2012-03-29 00:00:00-04:00,108.96424935613028,109.62752834082337,108.53506953702171,109.42463684082031,164963700
2012-03-30 00:00:00-04:00,109.96304084283386,110.06448657391697,109.28416410534156,109.87720489501953,135486800
2012-04-02 00:00:00-04:00,109.74455411747013,110.969666137559,109.52606477360831,110.68093872070312,151741100
2012-04-03 00:00:00-04:00,110.52488177687944,110.71216346900079,109.58068628425241,110.22835540771484,155806700
2012-04-04 00:00:00-04:00,109.41682662256893,109.5104615164397,108.73013898277812,109.13591003417969,146896000
2012-04-05 00:00:00-04:00,108.76136037432452,109.40121867112448,108.66771357210767,109.08128356933594,137439400
2012-04-09 00:00:00-04:00,107.7079151017086,109.12029693971058,107.55965191972578,107.8561782836914,127555900
2012-04-10 00:00:00-04:00,107.64549338166377,107.94981869986587,105.93658509222993,106.04582977294922,235360300
2012-04-11 00:00:00-04:00,107.1304630744169,107.32554368537436,106.70909419373004,106.9041748046875,154133000
2012-04-12 00:00:00-04:00,107.00563039903028,108.38679267908104,106.92759338474166,108.30095672607422,154321500
2012-04-13 00:00:00-04:00,108.05123498346917,108.32435256419582,106.91195913218883,107.0134048461914,169246700
2012-04-16 00:00:00-04:00,107.55961031621503,107.71567237649418,106.57640862036159,106.94316101074219,147825300
2012-04-17 00:00:00-04:00,107.55968584025979,108.74577976339789,107.45044113067998,108.52729034423828,147877600
2012-04-18 00:00:00-04:00,108.04347120558596,108.52726740191203,107.98104396948294,108.16051483154297,123884200
2012-04-19 00:00:00-04:00,108.17609966975348,108.58185875068041,106.95879861342256,107.46600341796875,198666700
2012-04-20 00:00:00-04:00,107.94198832892923,108.33214949028293,107.58303482150338,107.64546203613281,143199600
2012-04-23 00:00:00-04:00,106.54524527277655,106.83397273872333,106.07705884494476,106.74032592773438,171844900
2012-04-24 00:00:00-04:00,106.83396338858039,107.41920530223327,106.74812743164021,107.14608764648438,137484200
2012-04-25 00:00:00-04:00,108.1917476969576,108.65994612339722,108.09811277438192,108.61312866210938,150252200
2012-04-26 00:00:00-04:00,108.37899741345238,109.49486484035917,108.31657018126107,109.37001037597656,136291600
2012-04-27 00:00:00-04:00,109.69777800401276,109.86163912025874,109.08912718725193,109.54951477050781,130725000
2012-04-30 00:00:00-04:00,109.33097368202411,109.40901068597728,108.84717759648471,109.14369201660156,115092200
2012-05-01 00:00:00-04:00,109.08127020556887,110.54048128580398,108.95642766253634,109.82258605957031,138832200
2012-05-02 00:00:00-04:00,109.18275968546067,109.60414064572277,108.82381788189862,109.4948959350586,121081000
2012-05-03 00:00:00-04:00,109.51049925350958,109.59633523806231,108.45707061412348,108.65995025634766,143759700
2012-05-04 00:00:00-04:00,108.090268253206,108.69891880685122,106.84174758036804,106.9041748046875,193927300
2012-05-07 00:00:00-04:00,106.52182416938652,107.3411652063614,106.48281756834996,106.98222351074219,127765900
2012-05-08 00:00:00-04:00,106.34234152798163,106.7247038113056,105.28110252974471,106.55303192138672,213377700
2012-05-09 00:00:00-04:00,105.42158402146033,106.59986681629883,104.94558677725557,105.92098999023438,220752500
2012-05-10 00:00:00-04:00,106.65446911128008,106.78713440867888,105.89756727226154,106.13946533203125,150600000
2012-05-11 00:00:00-04:00,105.47619049796985,106.80273636160629,105.42937305323083,105.81953430175781,153032400
2012-05-14 00:00:00-04:00,104.805125247129,105.81954699634903,104.49300097357413,104.64906311035156,163910000
2012-05-15 00:00:00-04:00,104.57881268599925,105.19526215070545,103.88432621760997,104.04818725585938,207629300
2012-05-16 00:00:00-04:00,104.51638109316657,104.99237821946541,103.62681405954945,103.65022277832031,207265500
2012-05-17 00:00:00-04:00,103.67364390334888,103.79849835625083,102.05837067421675,102.11299896240234,247992900
2012-05-18 00:00:00-04:00,102.51094630168565,102.69042902030223,101.09076577475231,101.23902893066406,319615900
2012-05-21 00:00:00-04:00,101.56676721507455,103.0181673663982,101.40289427084566,102.9791488647461,177861100
2012-05-22 00:00:00-04:00,103.24448922813903,103.96238464644647,102.48757529548013,103.15865325927734,197531200
2012-05-23 00:00:00-04:00,102.41732457959309,103.36152001088925,101.43412255006835,103.2132568359375,204958400
2012-05-24 00:00:00-04:00,103.49418997660798,103.65805105438237,102.54999439410318,103.41615295410156,167357600
2012-05-25 00:00:00-04:00,103.37712665088061,103.66585408696942,102.83090325484059,103.08061218261719,135465600
2012-05-29 00:00:00-04:00,103.90776310358433,104.50860294906825,102.35491680085205,104.32913208007812,152883500
2012-05-30 00:00:00-04:00,103.43955276431264,104.32132103417058,102.6046138479892,102.81529235839844,162370400
2012-05-31 00:00:00-04:00,102.7762862112361,103.35371726616624,101.70723624284895,102.58900451660156,196186000
2012-06-01 00:00:00-04:00,100.98151404264158,102.61238482983998,100.00611114501953,100.00611114501953,253240900
2012-06-04 00:00:00-04:00,100.18560071462915,100.45871833984293,99.21019763425977,99.95931243896484,202545800
2012-06-05 00:00:00-04:00,99.76421681504726,100.86446829408496,99.70959448563953,100.71621704101562,164149400
2012-06-06 00:00:00-04:00,101.41850405286151,103.02596630401864,101.38728448882982,102.9791488647461,184202800
2012-06-07 00:00:00-04:00,104.14964434349909,104.19646178810737,102.83089742207623,103.04158782958984,184772700
2012-06-08 00:00:00-04:00,102.77628357808267,103.88434011936684,102.44853764417493,103.86093139648438,143915400
2012-06-11 00:00:00-04:00,104.69587653269338,104.75830376635811,102.44074480870543,102.54219055175781,169756100
2012-06-12 00:00:00-04:00,102.83869836718726,103.79069278205222,102.3471032824319,103.72046661376953,181931800
2012-06-13 00:00:00-04:00,103.4161469064674,104.06381605370652,102.70605052622939,103.05720520019531,172223900
2012-06-14 00:00:00-04:00,103.2678671620033,104.56320524883132,102.98695061192946,104.1496353149414,230615500
2012-06-15 00:00:00-04:00,104.61869961636216,105.30893328536008,104.39907818052593,105.21481323242188,169444500
2012-06-18 00:00:00-04:00,104.77560361913213,105.67761966203396,104.54029144362204,105.41877746582031,131360900
2012-06-19 00:00:00-04:00,105.95212784690968,106.86983434599446,105.39522289354798,106.43843078613281,137382600
2012-06-20 00:00:00-04:00,106.4462742392347,106.75217638299614,105.31678571812454,106.26586151123047,206451800
2012-06-21 00:00:00-04:00,106.39136123566513,106.50117195303378,103.79511272836535,103.88139343261719,205272200
2012-06-22 00:00:00-04:00,104.42260016658919,104.87753366826993,104.02256603541197,104.68144226074219,130029200
2012-06-25 00:00:00-04:00,103.57550573791607,103.61472642140386,102.63426917657026,103.00292205810547,146375700
2012-06-26 00:00:00-04:00,103.30097027610012,103.83434522723368,102.6970052775799,103.52059173583984,141634000
2012-06-27 00:00:00-04:00,103.86573555918,104.65794084398453,103.5127732825235,104.45401000976562,108088000
2012-06-28 00:00:00-04:00,103.76374666449001,104.3128123005834,102.97154151324192,104.15592956542969,169242100
2012-06-29 00:00:00-04:00,106.04624565971709,106.88552274642618,105.7717248317859,106.75218200683594,212250900
2012-07-02 00:00:00-04:00,107.05021571658143,107.18355643483109,106.29723142899876,107.07374572753906,129524500
2012-07-03 00:00:00-04:00,107.05020454635415,107.85810008751717,106.9403938505204,107.77967071533203,80450000
2012-07-05 00:00:00-04:00,107.37966144457177,108.08559776815811,106.90119788035815,107.29338073730469,126177500
2012-07-06 00:00:00-04:00,106.25799860835154,106.49331065949893,105.77169581285688,106.27368927001953,151192100
2012-07-09 00:00:00-04:00,106.18743325745127,106.33646465675609,105.6540583530167,106.14037322998047,103780500
2012-07-10 00:00:00-04:00,106.68157324357189,106.85413465293902,104.8539997487077,105.21481323242188,167884800
2012-07-11 00:00:00-04:00,105.26974284078129,105.57564503437764,104.61871776856903,105.23052215576172,141733400
2012-07-12 00:00:00-04:00,104.6187208149638,105.2854246058195,104.00691640995595,104.7206802368164,143583200
2012-07-13 00:00:00-04:00,104.9952177200578,106.58747950723759,104.97952705120383,106.47766876220703,129642600
2012-07-16 00:00:00-04:00,106.23450537051995,106.54040755235157,105.81094113815479,106.22665405273438,97525200
2012-07-17 00:00:00-04:00,106.65018312409794,107.17570659816809,105.53638549672215,106.95608520507812,138860300
2012-07-18 00:00:00-04:00,106.70511362735746,107.96010364136758,106.64237489828156,107.74832153320312,113349700
2012-07-19 00:00:00-04:00,107.96793473205673,108.38364759909999,107.62282387464921,108.03068542480469,129847300
2012-07-20 00:00:00-04:00,107.41890407262383,107.58362617232589,106.92476171046447,107.04241180419922,142904500
2012-07-23 00:00:00-04:00,105.47367321575832,106.9718148106824,104.97951891717216,105.95997619628906,145210900
2012-07-24 00:00:00-04:00,106.03843387121185,106.08549391289012,104.34420055994734,105.05012512207031,173301200
2012-07-25 00:00:00-04:00,105.26974563663784,105.54426650212045,104.51674915707041,105.07365417480469,129122300
2012-07-26 00:00:00-04:00,106.58747690397475,107.03457119184101,106.09332257916955,106.80709838867188,156526500
2012-07-27 00:00:00-04:00,107.37180115380214,109.0817243001828,106.78352698312199,108.77581024169922,236768900
2012-07-30 00:00:00-04:00,108.65032084799029,109.29349438433023,108.45422945776357,108.77581024169922,106782000
2012-07-31 00:00:00-04:00,108.62682665961158,108.92487753248328,108.01502227783203,108.01502227783203,120575900
2012-08-01 00:00:00-04:00,108.79147582357807,108.81500582750323,107.77179843577925,107.92082977294922,138293800
2012-08-02 00:00:00-04:00,107.10514542865003,107.90520184386934,106.34430969457834,107.17573547363281,199556600
2012-08-03 00:00:00-04:00,108.68172825973366,109.52884479835127,107.2071166589764,109.30138397216797,157825000
2012-08-06 00:00:00-04:00,109.59158681150222,109.94454901582037,109.46608541533118,109.51314544677734,86326200
2012-08-07 00:00:00-04:00,109.95241025132722,110.53284534780207,109.83476014929312,110.0622329711914,109545100
2012-08-08 00:00:00-04:00,109.6935705970375,110.32105371191011,109.66218926020994,110.19556427001953,89754700
2012-08-09 00:00:00-04:00,110.03860154870839,110.50922551129486,109.92879088656682,110.28960418701172,90291700
2012-08-10 00:00:00-04:00,109.84255213038868,110.50926767032587,109.66215139557605,110.47004699707031,99792700
2012-08-13 00:00:00-04:00,110.28182040221162,110.47006050730907,109.84256556388624,110.4151611328125,79426900
2012-08-14 00:00:00-04:00,110.8230683200592,110.89367035702179,110.10145302685952,110.4308853149414,102379400
2012-08-15 00:00:00-04:00,110.3132525273615,110.74465629444545,110.24266244778704,110.55640411376953,71085900
2012-08-16 00:00:00-04:00,110.71323206653436,111.50544921429501,110.43871120724341,111.37210845947266,112014200
2012-08-17 00:00:00-04:00,111.56030068542184,111.61521201478014,111.27008928300678,111.52108001708984,90813700
2012-08-20 00:00:00-04:00,111.36421626356778,111.55246830223143,111.05831418103205,111.52893829345703,78255700
2012-08-21 00:00:00-04:00,111.80345453095677,112.23485795515684,110.9484989974762,111.191650390625,105581100
2012-08-22 00:00:00-04:00,110.90931013153613,111.4191550403226,110.65047997126439,111.23875427246094,133243500
2012-08-23 00:00:00-04:00,110.96419925436412,110.97203860149371,110.15630366666744,110.32886505126953,111466400
2012-08-24 00:00:00-04:00,110.05433103299981,111.2465700486347,109.98374100424698,110.99556732177734,99481200
2012-08-27 00:00:00-04:00,111.29363675684803,111.44266813881818,110.86223327442644,111.01910400390625,68785900
2012-08-28 00:00:00-04:00,110.7367174991066,111.2544016106735,110.57200744354219,110.9092788696289,75689600
2012-08-29 00:00:00-04:00,111.00341863728461,111.29363006780326,110.68966522871293,110.99556732177734,65421300
2012-08-30 00:00:00-04:00,110.5171451774261,110.54852651425368,109.96025211770569,110.19556427001953,96589900
2012-08-31 00:00:00-04:00,110.82303637871263,111.238761255315,110.09358194430466,110.72107696533203,151970400
2012-09-04 00:00:00-04:00,110.62692656712856,110.95637067404166,109.91316291807037,110.61908721923828,120226200
2012-09-05 00:00:00-04:00,110.66611289034833,110.964175576235,110.30531150387469,110.52493286132812,100660300
2012-09-06 00:00:00-04:00,111.19166694209294,112.77608885933738,111.18382759447432,112.76824951171875,158272500
2012-09-07 00:00:00-04:00,112.95650150059014,113.25456430006899,112.85454209692966,113.20750427246094,107272100
2012-09-10 00:00:00-04:00,113.09770601947534,113.29379746843941,112.52512233967246,112.5643310546875,86458500
2012-09-11 00:00:00-04:00,112.63490034669935,113.23885321673242,112.60351902163838,112.8780517578125,88760000
2012-09-12 00:00:00-04:00,113.2545700073242,113.38007139958403,112.87022648170534,113.25457000732422,87640900
2012-09-13 00:00:00-04:00,113.23884824414677,115.3331027824248,112.94079747996815,114.98014068603516,225470200
2012-09-14 00:00:00-04:00,115.2076562056095,116.17242281918462,115.11352416804831,115.49002838134766,169777000
2012-09-17 00:00:00-04:00,115.2546719194772,115.45076330032062,114.80757782628956,115.0978012084961,119427800
2012-09-18 00:00:00-04:00,114.90174084933992,115.15273166097971,114.7134887642566,115.00370025634766,98326600
2012-09-19 00:00:00-04:00,115.13700390038142,115.43506661361597,114.8389531556143,115.06641387939453,128318300
2012-09-20 00:00:00-04:00,114.54091255989935,115.13702613300883,114.2271710937301,115.07428741455078,154009800
2012-09-21 00:00:00-04:00,115.63340373823623,115.6570593640718,114.97890334793824,115.02621459960938,108737500
2012-09-24 00:00:00-04:00,114.45840010871606,115.11290018218885,114.37165884518696,114.85267639160156,95682000
2012-09-25 00:00:00-04:00,115.09714041594441,115.31793417680113,113.59888328743669,113.63043212890625,133165200
2012-09-26 00:00:00-04:00,113.60681201360866,113.63834883257523,112.7236246618477,112.99172973632812,146502200
2012-09-27 00:00:00-04:00,113.46488259443598,114.3165212175661,113.16522862545601,114.0562973022461,111830300
2012-09-28 00:00:00-04:00,113.62254604963006,113.99316674988668,113.12576607263196,113.52792358398438,150696100
2012-10-01 00:00:00-04:00,113.96165110045385,114.88425640889365,113.55948148206382,113.82759857177734,135911200
2012-10-02 00:00:00-04:00,114.277044845264,114.45840857975398,113.41752537272654,113.94585418701172,113422200
2012-10-03 00:00:00-04:00,114.25340178862538,114.67921495822708,113.65410606005574,114.4111099243164,121283100
2012-10-04 00:00:00-04:00,114.84482125412053,115.39680576892559,114.68711311165623,115.23121643066406,124311600
2012-10-05 00:00:00-04:00,115.84630958629604,116.04344781156752,114.89215528174266,115.23912048339844,124842100
2012-10-08 00:00:00-04:00,114.81328892784693,115.2233277078149,114.58460188482589,114.8448257446289,78415400
2012-10-09 00:00:00-04:00,114.75805061804532,114.85267307284933,113.66984425837155,113.70927429199219,148872900
2012-10-10 00:00:00-04:00,113.6935336288417,113.80394256870382,112.83401398955337,112.98384094238281,124247500
2012-10-11 00:00:00-04:00,113.772395528358,113.93799690842356,113.02327278466102,113.04692840576172,123601500
2012-10-12 00:00:00-04:00,113.1258038636999,113.51218708240134,112.4318734641935,112.67632293701172,124181900
2012-10-15 00:00:00-04:00,112.94441797250707,113.73297079902085,112.58169041043303,113.61469268798828,107689100
2012-10-16 00:00:00-04:00,114.1509132831514,114.8448436843572,114.0720652126995,114.76598358154297,108815500
2012-10-17 00:00:00-04:00,114.84485026488846,115.3810725235533,114.67136765464657,115.28643798828125,128834100
2012-10-18 00:00:00-04:00,114.98672485351562,115.538709165976,114.60032981861558,114.98672485351562,148108500
2012-10-19 00:00:00-04:00,114.77386411878736,114.7817453152523,112.8024820900633,113.07058715820312,185645200
2012-10-22 00:00:00-04:00,112.88130284641328,113.29135357825989,112.19526591672148,113.08633422851562,125578600
2012-10-23 00:00:00-04:00,111.86412373696471,112.02183192298558,111.05191514821203,111.51715850830078,192056300
2012-10-24 00:00:00-04:00,111.91929510750064,112.0533596743488,111.02823860974974,111.20172119140625,120179400
2012-10-25 00:00:00-04:00,111.99027208149667,112.19529147795008,110.84687292739264,111.52501678466797,134457400
2012-10-26 00:00:00-04:00,111.42250690638427,111.8483201006805,110.70492101016121,111.4619369506836,146023500
2012-10-31 00:00:00-04:00,111.85621332895647,111.99814704960181,110.933596015321,111.4619369506836,103438500
2012-11-01 00:00:00-04:00,111.69853707426165,112.7709697261641,111.59603335760873,112.62903594970703,100995600
2012-11-02 00:00:00-04:00,113.29923007775115,113.33077891939404,111.50922436613943,111.62750244140625,137702200
2012-11-05 00:00:00-05:00,111.46193243895607,112.1085394163231,111.13072970613625,111.85620880126953,98378500
2012-11-06 00:00:00-05:00,112.19525384882357,113.17306332501904,112.07697578137753,112.73147583007812,107068100
2012-11-07 00:00:00-05:00,111.70636873830804,111.72213112765029,109.65612708213864,110.17657470703125,264304500
2012-11-08 00:00:00-05:00,110.16081469818482,110.72069243440102,108.76507298785533,108.85181427001953,181517300
2012-11-09 00:00:00-05:00,108.5206240627139,109.9557958228549,108.46543162782535,108.94644927978516,201055300
2012-11-12 00:00:00-05:00,109.28554142071157,109.45902401796296,108.78876128527543,109.03321075439453,97677500
2012-11-13 00:00:00-05:00,108.45753254128172,109.80596294602393,108.31559883149794,108.65467071533203,123018300
2012-11-14 00:00:00-05:00,108.98587666341406,109.15934719194449,106.94351597518306,107.1879653930664,191505000
2012-11-15 00:00:00-05:00,107.22740851086785,107.62957814758985,106.5965638518295,107.0066146850586,178128400
2012-11-16 00:00:00-05:00,107.16432944753043,107.74786289877416,106.21806841682421,107.53495025634766,239483900
2012-11-19 00:00:00-05:00,108.74141336603887,109.7271042487345,107.5664775345757,109.71134185791016,151495800
2012-11-20 00:00:00-05:00,109.5378503269556,109.9400078425025,108.88335019057725,109.7586441040039,119807400
2012-11-21 00:00:00-05:00,109.8532795510679,110.05831096280988,109.63248574793026,109.96367645263672,81710800
2012-11-23 00:00:00-05:00,110.49990162510899,111.50135496262274,110.42892273242614,111.4619369506836,65409200
2012-11-26 00:00:00-05:00,110.9099287667012,111.46980645938596,110.54720127484255,111.22535705566406,100124400
2012-11-27 00:00:00-05:00,111.1149547458685,111.49345664181342,110.58662592401501,110.6575927734375,128646200
2012-11-28 00:00:00-05:00,110.20811871981068,111.61174153392201,109.60882301197005,111.54866790771484,177086500
2012-11-29 00:00:00-05:00,111.96662625283625,112.37666508160567,111.47771529182364,112.06912994384766,151085900
2012-11-30 00:00:00-05:00,112.08487698359325,112.30567077047807,111.70637506784198,112.09275817871094,136568300
2012-12-03 00:00:00-05:00,112.60534549622552,112.69996798460083,111.45405308076083,111.5407943725586,124656300
2012-12-04 00:00:00-05:00,111.53291412097427,111.87198606209944,111.08343323266084,111.38308715820312,127512200
2012-12-05 00:00:00-05:00,111.4776997450252,112.10066316306735,110.68914698563226,111.58021545410156,147300500
2012-12-06 00:00:00-05:00,111.47772247178668,112.0060514844062,111.31213309667747,111.958740234375,103220600
2012-12-07 00:00:00-05:00,112.39243590646322,112.5186072492854,111.7142799792459,112.29781341552734,108726400
2012-12-10 00:00:00-05:00,112.14006580834283,112.61319012896406,112.09274254715915,112.34508514404297,98840700
2012-12-11 00:00:00-05:00,112.81033912641105,113.63832180762178,112.75514669825483,113.10999298095703,152570400
2012-12-12 00:00:00-05:00,113.55160210911752,113.9853085514231,113.00749875716694,113.16520690917969,145880100
2012-12-13 00:00:00-05:00,113.09426502593688,113.41757463001022,112.18743392729183,112.4713134765625,135715000
2012-12-14 00:00:00-05:00,112.22685020869604,112.43186962319965,111.87988502079615,112.0533676147461,137701700
2012-12-17 00:00:00-05:00,112.34512577326035,113.4333325592427,112.3135769210617,113.37024688720703,143238200
2012-12-18 00:00:00-05:00,113.55158367279076,114.73441266938232,113.38598231903008,114.63189697265625,177762800
2012-12-19 00:00:00-05:00,114.75806011518806,114.79749015207184,113.74083254479054,113.7802505493164,150895400
2012-12-20 00:00:00-05:00,113.85121699352176,114.45051257868185,113.53578876526123,114.43473815917969,168487000
2012-12-21 00:00:00-05:00,112.9036754889032,114.42843354614315,112.72102539872702,113.39604187011719,245883800
2012-12-24 00:00:00-05:00,113.1498386381196,113.21337172729727,112.91954179283606,113.0466079711914,53874600
2012-12-26 00:00:00-05:00,113.27689540287894,113.33249139542588,112.25245320455481,112.57010650634766,106947700
2012-12-27 00:00:00-05:00,112.60183945110145,112.83214833861823,111.11679184597907,112.419189453125,167920600
2012-12-28 00:00:00-05:00,111.68862235372106,112.30805487274355,111.07712692730703,111.20419311523438,148806700
2012-12-31 00:00:00-05:00,110.91033864445653,113.21335523254217,110.81503296572683,113.09423828125,243935200
2013-01-02 00:00:00-05:00,115.23844602558113,116.06435195671537,114.93666687877351,115.99288177490234,192059000
2013-01-03 00:00:00-05:00,115.93732057238319,116.23908766051886,115.42111866146915,115.7308349609375,144761800
2013-01-04 00:00:00-05:00,115.92141374078399,116.42966635036719,115.68316767929541,116.23906707763672,116817700
2013-01-07 00:00:00-05:00,115.82607791720181,116.0325512990778,115.49252628215763,115.92137145996094,110002500
2013-01-08 00:00:00-05:00,115.7149644627659,115.87379116437984,115.13522943120923,115.58789825439453,121265100
2013-01-09 00:00:00-05:00,115.84198128694993,116.19935639773905,115.65933124473766,115.8816909790039,90745600
2013-01-10 00:00:00-05:00,116.52496171817855,116.81085457281769,115.92141552180622,116.80291748046875,130735400
2013-01-11 00:00:00-05:00,116.77110163017309,116.8584580844525,116.42962502015874,116.79493713378906,113917300
2013-01-14 00:00:00-05:00,116.65199732027746,116.79494976896952,116.2866851671267,116.71553039550781,89567200
2013-01-15 00:00:00-05:00,116.17549274673001,116.90611697399069,116.10402258896336,116.79493713378906,93172600
2013-01-16 00:00:00-05:00,116.55671589496154,116.96172565929267,116.42964973127856,116.7790756225586,104849500
2013-01-17 00:00:00-05:00,117.2952470514763,117.86703258163668,116.85846475514622,117.53349304199219,133833500
2013-01-18 00:00:00-05:00,117.50966997827322,117.92262888845825,117.08082477062489,117.79556274414062,169906000
2013-01-22 00:00:00-05:00,117.79561980903571,118.43093872070312,117.51766399839985,118.43093872070312,111797300
2013-01-23 00:00:00-05:00,118.43096428142783,118.72479434293939,118.2165415274503,118.62155151367188,104596100
2013-01-24 00:00:00-05:00,118.44680419613974,119.2330126547421,118.335624303603,118.65328979492188,146426400
2013-01-25 00:00:00-05:00,119.0265131054474,119.32034301757812,118.62149120743283,119.32034301757812,147211600
2013-01-28 00:00:00-05:00,119.35211479179617,119.38388739582494,118.73268230791241,119.17741394042969,113357700
2013-01-29 00:00:00-05:00,118.93913863457841,119.79681696698822,118.85971926173318,119.64592742919922,105694400
2013-01-30 00:00:00-05:00,119.63007054740721,119.86831660683126,119.0662219440269,119.17741394042969,137447700
2013-01-31 00:00:00-05:00,119.03451085332667,119.42364664912182,118.8042139081927,118.88362121582031,108975800
2013-02-01 00:00:00-05:00,119.63805033587776,120.24954594583326,119.43157680679641,120.10660552978516,131173000
2013-02-04 00:00:00-05:00,119.3759448172532,120.13038053934119,118.66914376362323,118.75650024414062,159073600
2013-02-05 00:00:00-05:00,119.39978141770182,120.29715759751905,119.35212250857724,119.95568084716797,113912400
2013-02-06 00:00:00-05:00,119.53473919362992,120.12239888776422,119.44738273670534,120.0429916381836,138762800
2013-02-07 00:00:00-05:00,120.08275269402168,120.19393258515335,119.01065136563109,119.88421630859375,162490000
2013-02-08 00:00:00-05:00,120.09067136299304,120.62274734018595,120.09067136299304,120.55127716064453,103133700
2013-02-11 00:00:00-05:00,120.50368056418222,120.6307346748304,120.22572470437792,120.52750396728516,73775000
2013-02-12 00:00:00-05:00,120.53539864934528,120.94835768732487,120.40039537336504,120.72599792480469,65392700
2013-02-13 00:00:00-05:00,120.97216847453883,121.19452821388508,120.48773930288516,120.82921600341797,82322600
2013-02-14 00:00:00-05:00,120.46392679382609,121.08335928335214,120.32892351971893,120.9404067993164,80834300
2013-02-15 00:00:00-05:00,121.05159034652773,121.1786565322541,120.35275056042961,120.79747009277344,215226500
2013-02-19 00:00:00-05:00,121.00391468142583,121.7265898078835,120.83715095544053,121.70276641845703,95105400
2013-02-20 00:00:00-05:00,121.61546929020514,121.65517899785634,120.12247152997023,120.18600463867188,160574800
2013-02-21 00:00:00-05:00,119.88415981257094,120.24945980369725,119.07412834880061,119.45531463623047,183257000
2013-02-22 00:00:00-05:00,120.03509253029522,120.62276458740234,119.51096568768529,120.62276458740234,106356600
2013-02-25 00:00:00-05:00,121.21044242601442,121.39309251445874,118.32769012451173,118.32769012451172,245824800
2013-02-26 00:00:00-05:00,118.89945688507487,119.28064330536765,118.1132485328793,119.13770294189453,186596200
2013-02-27 00:00:00-05:00,119.03444152988621,120.97215804951419,118.93119876062369,120.63861846923828,150781900
2013-02-28 00:00:00-05:00,120.63065689482748,121.40097874567589,120.2415334832427,120.40036010742188,126866000
2013-03-01 00:00:00-05:00,119.98743830589095,120.98012016119357,119.44742519310157,120.79747009277344,170634800
2013-03-04 00:00:00-05:00,120.51956098365126,121.4407730102539,120.32897374897699,121.4407730102539,99010200
2013-03-05 00:00:00-05:00,122.02842875872884,122.85433493861856,122.0125424520863,122.52873229980469,121431900
2013-03-06 00:00:00-05:00,122.96550220211297,123.02903530444696,122.4254890088245,122.69549560546875,94469900
2013-03-07 00:00:00-05:00,122.85432883276549,123.07668864390382,122.71138843319122,122.91786193847656,86101400
2013-03-08 00:00:00-05:00,123.45781897528657,123.60869638546416,122.82250038736589,123.44193267822266,123477800
2013-03-11 00:00:00-04:00,123.34667834232292,123.91845192375098,123.19578876648437,123.91051483154297,83746800
2013-03-12 00:00:00-04:00,123.8231829282772,123.96613544028719,123.25934632712233,123.63258361816406,105755800
2013-03-13 00:00:00-04:00,123.69605587099257,123.98194863667113,123.27515987120113,123.80723571777344,92550900
2013-03-14 00:00:00-04:00,124.13282250126561,124.52195797473254,123.8151692984673,124.46636199951172,126329900
2013-03-15 00:00:00-04:00,124.31808861670189,124.46963717287554,123.8873357933957,124.30213165283203,138601100
2013-03-18 00:00:00-04:00,123.11350253375943,124.1504853820426,123.00182820681133,123.61604309082031,126704300
2013-03-19 00:00:00-04:00,123.87929488779535,124.04680031520266,122.51526126381233,123.32889556884766,167567300
2013-03-20 00:00:00-04:00,124.0548030905015,124.39779855898763,123.84739915923804,124.1904067993164,113759300
2013-03-21 00:00:00-04:00,123.44859042669857,124.15055066324418,122.92213242088454,123.12952423095703,128605000
2013-03-22 00:00:00-04:00,123.52036371101666,124.11862182617188,123.42463413590892,124.11862182617188,111163600
2013-03-25 00:00:00-04:00,124.44567207152627,124.65307602747568,123.12153656895701,123.60013580322266,151322300
2013-03-26 00:00:00-04:00,124.11067529676153,124.62118855795015,123.97507154302664,124.58928680419922,86856600
2013-03-27 00:00:00-04:00,123.84744018483042,124.62917312508506,123.64004835645875,124.58928680419922,99950600
2013-03-28 00:00:00-04:00,124.50948302211944,125.11572573612968,124.2382755824797,124.97213745117188,102932800
2013-04-01 00:00:00-04:00,124.90835598606266,125.1636187085,124.1744939164501,124.47761535644531,99194100
2013-04-02 00:00:00-04:00,124.92426399880195,125.40287533003468,124.7328170319905,125.09178161621094,101504300
2013-04-03 00:00:00-04:00,125.16352928513137,125.25924665186163,123.49638689944447,123.82342529296875,154167400
2013-04-04 00:00:00-04:00,123.9829659727373,124.57325150450066,123.71175863581438,124.32597351074219,131885000
2013-04-05 00:00:00-04:00,122.8024819154898,123.91923802058922,122.65890576900908,123.7676773071289,159666000
2013-04-08 00:00:00-04:00,123.85537537581195,124.61316648415726,123.44057971283469,124.60519409179688,86571200
2013-04-09 00:00:00-04:00,124.83653032950808,125.49063173014868,124.42173461621387,125.03594970703125,101922200
2013-04-10 00:00:00-04:00,125.37099602541561,126.7270456094602,125.33909427460301,126.56751251220703,135711100
2013-04-11 00:00:00-04:00,126.59142579080779,127.39708791274727,126.4637944605767,126.98229217529297,110142500
2013-04-12 00:00:00-04:00,126.5754587786252,126.86262316304094,125.96922826556649,126.67118835449219,116359900
2013-04-15 00:00:00-04:00,126.03311035354906,126.13681237723266,123.7198492726615,123.73579406738281,217259000
2013-04-16 00:00:00-04:00,124.66903931549618,125.6262622692624,124.36593007362598,125.56244659423828,147507800
2013-04-17 00:00:00-04:00,124.66904469364049,124.6929862229534,123.06571686862782,123.72779083251953,226834800
2013-04-18 00:00:00-04:00,123.93513455132951,123.9670484636287,122.48336800308928,122.95399475097656,167583200
2013-04-19 00:00:00-04:00,123.24122833059049,124.07879251084616,122.93810685143558,124.02294921875,149687600
2013-04-22 00:00:00-04:00,124.26220185043343,124.8684323778034,123.44059498676911,124.57329559326172,106553500
2013-04-23 00:00:00-04:00,125.19547021774976,125.97719069118881,124.57328279600965,125.8575439453125,166141300
2013-04-24 00:00:00-04:00,125.8974687234926,126.2723782039272,125.66613538198425,125.9373550415039,96781200
2013-04-25 00:00:00-04:00,126.304287657285,127.04613426842715,126.11285279370982,126.4478759765625,131060600
2013-04-26 00:00:00-04:00,126.29630589077972,126.51168226791721,125.81769442416201,126.22451782226562,95918800
2013-04-29 00:00:00-04:00,126.5675122821366,127.34923297737272,126.36809286803386,127.07005310058594,88572800
2013-04-30 00:00:00-04:00,127.04614555923078,127.40509813193107,126.51967529441852,127.37318420410156,116010700
2013-05-01 00:00:00-04:00,127.09400332002762,127.15781900360777,126.11286304962691,126.25643920898438,138874200
2013-05-02 00:00:00-04:00,126.57549510821585,127.54069050751825,126.45584831853195,127.42901611328125,96407600
2013-05-03 00:00:00-04:00,128.53778997006205,129.1280758768344,127.45294776158084,128.72125244140625,144202300
2013-05-06 00:00:00-04:00,128.8169728957373,129.23175652569444,128.76112961578417,129.0482940673828,66882100
2013-05-07 00:00:00-04:00,129.32745267427217,129.74223619694828,128.96051568095925,129.70236206054688,90359200
2013-05-08 00:00:00-04:00,129.55880160162923,130.33254989077582,129.48701353478344,130.29266357421875,97419200
2013-05-09 00:00:00-04:00,130.2368139652392,130.579809461391,129.59866950577353,129.92572021484375,106738600
2013-05-10 00:00:00-04:00,130.0135180211211,130.46021567264714,129.63062388701468,130.34854125976562,103203000
2013-05-13 00:00:00-04:00,130.1809867409348,130.66757058194628,129.87787751831408,130.4521942138672,81843200
2013-05-14 00:00:00-04:00,130.55587226556133,131.89597676708692,130.55587226556133,131.8002471923828,119000900
2013-05-15 00:00:00-04:00,131.58488099618236,132.77341263837482,131.54499468830647,132.5101776123047,120718500
2013-05-16 00:00:00-04:00,132.23898055053093,132.70163498062428,131.68858110487514,131.88800048828125,109913600
2013-05-17 00:00:00-04:00,132.3745407251856,133.24400602963755,132.19905075178931,133.16424560546875,129801000
2013-05-20 00:00:00-04:00,133.03669475834502,133.67483939548035,132.9010910008382,133.15634155273438,85071200
2013-05-21 00:00:00-04:00,133.27602075035938,133.85034979380615,132.81336612249402,133.34780883789062,95804200
2013-05-22 00:00:00-04:00,133.4833709514435,134.86336200732845,131.75241196442164,132.358642578125,244031800
2013-05-23 00:00:00-04:00,130.94675505674442,132.34269082817005,130.7712650146091,131.9757537841797,211064400
2013-05-24 00:00:00-04:00,131.19402848182347,131.919917978262,130.80316209798883,131.86407470703125,151573900
2013-05-28 00:00:00-04:00,133.24408232261743,133.83436822308104,132.2629421252759,132.65380859375,143679800
2013-05-29 00:00:00-04:00,131.95179989845894,132.25492121880924,131.0903068076674,131.79226684570312,160363400
2013-05-30 00:00:00-04:00,131.89600302742485,132.88511551408973,131.792301039012,132.2788848876953,107793800
2013-05-31 00:00:00-04:00,131.9119411465621,132.66176003988997,130.1251511079196,130.38040161132812,176850100
2013-06-03 00:00:00-04:00,130.68351663702776,131.18605739674368,129.75023534869374,131.0983123779297,168390700
2013-06-04 00:00:00-04:00,131.17011513640037,131.6965853082807,129.80608099500037,130.46815490722656,157631500
2013-06-05 00:00:00-04:00,130.0932156405519,130.35645066620137,128.5297746156907,128.64144897460938,211737800
2013-06-06 00:00:00-04:00,128.58563026159214,129.81406061584704,127.82783895483715,129.8060760498047,200225500
2013-06-07 00:00:00-04:00,130.69948407913998,131.57692216606145,130.13312760835328,131.457275390625,188337800
2013-06-10 00:00:00-04:00,131.86408659870358,131.93587466396545,131.1142676817161,131.457275390625,105667100
2013-06-11 00:00:00-04:00,130.2607598989164,131.2498723739831,129.81406237190632,130.10122680664062,159505400
2013-06-12 00:00:00-04:00,130.99463318361163,131.13023693234715,128.9047214994826,129.0243682861328,177361500
2013-06-13 00:00:00-04:00,128.95252310973612,131.21792385882225,128.6653587773456,130.98660278320312,163587800
2013-06-14 00:00:00-04:00,130.843085303049,131.3535985954763,129.94969008420043,130.16505432128906,141197500
2013-06-17 00:00:00-04:00,131.05047652862928,131.79232318990816,130.19696763711576,131.17013549804688,136295600
2013-06-18 00:00:00-04:00,131.24188186816346,132.40649640709088,131.233909474708,132.2070770263672,114695600
2013-06-19 00:00:00-04:00,132.0954157585682,132.32673690764452,130.32457050841768,130.38040161132812,206149500
2013-06-20 00:00:00-04:00,129.11218060988784,130.39644286617036,126.81486373613969,127.14988708496094,321255900
2013-06-21 00:00:00-04:00,128.01505912026812,128.11128301202228,126.27494107372283,127.5579833984375,271956800
2013-06-24 00:00:00-04:00,126.2267904621267,127.0447177634868,124.87959521024855,125.94612121582031,222329000
2013-06-25 00:00:00-04:00,127.0848785470908,128.3839625162118,126.23486804339484,127.15705871582031,162262200
2013-06-26 00:00:00-04:00,128.1994996202335,128.704699552689,127.70232650321323,128.416015625,134848000
2013-06-27 00:00:00-04:00,129.1858259385878,129.76319371543048,129.06553384741375,129.16978454589844,129483700
2013-06-28 00:00:00-04:00,128.80899860176817,129.4264518220292,128.1915331455034,128.64059448242188,160402900
2013-07-01 00:00:00-04:00,129.31410764860522,130.29242449444106,129.1697718365948,129.39430236816406,131954800
2013-07-02 00:00:00-04:00,129.20180669434257,130.14805273257795,128.70463383119773,129.27398681640625,154863700
2013-07-03 00:00:00-04:00,128.68866370998123,129.72311959383046,128.48017451165487,129.33018493652344,75216400
2013-07-05 00:00:00-04:00,130.28449339296353,130.77365212929598,129.3462733057693,130.7255401611328,122416900
2013-07-08 00:00:00-04:00,131.39903876410492,131.824043828711,130.7735591506848,131.47120666503906,108092500
2013-07-09 00:00:00-04:00,132.29717312789086,132.57784241672448,131.72783220848075,132.41746520996094,119298000
2013-07-10 00:00:00-04:00,132.28917281340395,132.91465255241786,132.01653030891026,132.46559143066406,121410100
2013-07-11 00:00:00-04:00,134.00520855173767,134.4061576513197,132.4575386646335,134.26983642578125,135592200
2013-07-12 00:00:00-04:00,134.22978013050357,134.6627999066781,134.02129093990092,134.3260040283203,104212700
2013-07-15 00:00:00-04:00,134.69486705089986,135.03166289013652,134.46230967685693,134.83920288085938,69450600
2013-07-16 00:00:00-04:00,134.92744249236935,135.00763723991193,133.97319351821577,134.33404541015625,88702100
2013-07-17 00:00:00-04:00,134.84726761035796,135.10386879221147,134.5024448596158,134.67886352539062,92873900
2013-07-18 00:00:00-04:00,134.96750384142982,135.73733160995891,134.8792945370775,135.41656494140625,103620100
2013-07-19 00:00:00-04:00,135.13595160554723,135.7052927429867,134.96754752055733,135.6571807861328,103831700
2013-07-22 00:00:00-04:00,135.8496155254378,136.11424347480545,135.52884881287142,135.92178344726562,79428600
2013-07-23 00:00:00-04:00,136.16231237202464,136.18636833836143,135.56088874161463,135.633056640625,80829700
2013-07-24 00:00:00-04:00,136.1543428511992,136.2104816202709,134.86328575855282,135.1359405517578,112914000
2013-07-25 00:00:00-04:00,134.89530456493452,135.58493744697924,134.67077406715197,135.4646453857422,111088600
2013-07-26 00:00:00-04:00,134.89536539649566,135.64915193725741,134.3340388989071,135.6090545654297,107814600
2013-07-29 00:00:00-04:00,135.2641997709258,135.56892504134643,134.80712410129192,135.19203186035156,79695000
2013-07-30 00:00:00-04:00,135.60100782559968,135.74534364674818,134.87127743380137,135.19203186035156,85209600
2013-07-31 00:00:00-04:00,135.4727022278883,136.20243262543573,135.11185043617712,135.28826904296875,142388700
2013-08-01 00:00:00-04:00,136.3146736667336,136.97222380024925,136.24249353242502,136.85194396972656,110438400
2013-08-02 00:00:00-04:00,136.5472480144819,137.10055982545634,136.36281482282297,137.0845184326172,91116700
2013-08-05 00:00:00-04:00,136.7798252421093,137.09256514988948,136.603406603259,136.88406372070312,54072700
2013-08-06 00:00:00-04:00,136.61941561758323,136.9161263224441,135.80148812460914,136.106201171875,87495000
2013-08-07 00:00:00-04:00,135.6731879475968,135.8656357264496,135.1599734773258,135.6651611328125,84854700
2013-08-08 00:00:00-04:00,136.3067199071867,136.46709717916897,135.4647239342779,136.16238403320312,102181300
2013-08-09 00:00:00-04:00,135.9859557289028,136.402946395315,135.29632249583676,135.76943969726562,91757700
2013-08-12 00:00:00-04:00,135.08782543966885,135.7694318167407,135.02367209194446,135.6090545654297,68593300
2013-08-13 00:00:00-04:00,135.84960202570028,136.2425243850498,135.04770367796957,136.00997924804688,80806000
2013-08-14 00:00:00-04:00,135.94587245745348,136.1623885115515,135.28029513263493,135.3123779296875,79829200
2013-08-15 00:00:00-04:00,134.2457845134722,134.26181366802288,133.1872729853264,133.41983032226562,152931800
2013-08-16 00:00:00-04:00,133.16326929727828,133.62035733733788,132.71420807364115,132.9788360595703,130868200
2013-08-19 00:00:00-04:00,132.82647779195196,133.28356584719572,132.12080313936553,132.1288299560547,96437600
2013-08-20 00:00:00-04:00,132.34533401086352,133.2755392845,132.20099814219634,132.7783660888672,89294400
2013-08-21 00:00:00-04:00,132.40947991531874,133.13921050630756,131.66372016382493,131.96041870117188,159530500
2013-08-22 00:00:00-04:00,132.23307895598182,133.35574437757415,132.2250643746569,133.1632843017578,101471400
2013-08-23 00:00:00-04:00,133.5561476586389,133.7806781757617,132.9306680415118,133.61227416992188,90888900
2013-08-26 00:00:00-04:00,133.74866787731895,134.15764401199476,133.02696400060015,133.11517333984375,89702100
2013-08-27 00:00:00-04:00,131.79998367702538,133.11509618605015,130.87780567615857,130.97402954101562,158619400
2013-08-28 00:00:00-04:00,130.91790673379876,131.90425041264112,130.7495149497989,131.43914794921875,108113000
2013-08-29 00:00:00-04:00,131.15048620760783,132.345306996581,131.03019410560475,131.6476593017578,119200500
2013-08-30 00:00:00-04:00,131.92034623857487,131.93638763810932,130.84580495381658,131.230712890625,134928900
2013-09-03 00:00:00-04:00,132.49764248684622,132.77831176464673,131.27073916113972,131.8240509033203,142375100
2013-09-04 00:00:00-04:00,131.85610043726086,133.13914230846845,131.61554079290428,132.91461181640625,97389400
2013-09-05 00:00:00-04:00,132.99489002825302,133.43592447715804,132.89865387409037,133.08309936523438,63090500
2013-09-06 00:00:00-04:00,133.52411005728314,133.90100331769125,131.89625713934998,133.147216796875,159756500
2013-09-09 00:00:00-04:00,133.47597952498268,134.50240844651975,133.47597952498268,134.42222595214844,87559300
2013-09-10 00:00:00-04:00,135.23213175448677,135.44062091204805,134.92740647836106,135.41656494140625,105847200
2013-09-11 00:00:00-04:00,135.23212968623076,135.84156799316406,134.99958456158427,135.84156799316406,94545900
2013-09-12 00:00:00-04:00,135.79348332056017,135.9699019619923,135.29631018706937,135.48074340820312,83209000
2013-09-13 00:00:00-04:00,135.6250841883918,135.8897121362839,135.31234429288278,135.78546142578125,72727800
2013-09-16 00:00:00-04:00,137.2529228046564,137.31707614017316,136.3547883434198,136.57130432128906,106299200
2013-09-17 00:00:00-04:00,136.69165795335107,137.21288721458856,136.69165795335107,137.18081665039062,82523300
2013-09-18 00:00:00-04:00,137.13264453929182,139.1454174065867,136.78783409161912,138.76852416992188,203460600
2013-09-19 00:00:00-04:00,139.14538493688804,139.2095382639032,138.3996132168335,138.5359344482422,146616900
2013-09-20 00:00:00-04:00,138.8647326760714,138.8647326760714,137.45457031547815,137.5673828125,132867100
2013-09-23 00:00:00-04:00,137.3820177910926,137.51093754570076,136.49562531520314,136.93075561523438,104616500
2013-09-24 00:00:00-04:00,136.90660412749807,137.4142664711598,136.3506076268674,136.60845947265625,106333100
2013-09-25 00:00:00-04:00,136.69711221190212,136.97108366745204,136.09275690343833,136.213623046875,117306500
2013-09-26 00:00:00-04:00,136.43926680066994,137.12419547197402,136.22169543654238,136.73741149902344,77146900
2013-09-27 00:00:00-04:00,136.05244381221604,136.2941883586983,135.75429917241632,136.10885620117188,99141800
2013-09-30 00:00:00-04:00,134.9566053586741,135.81075914327903,134.69068746986702,135.38368225097656,143937000
2013-10-01 00:00:00-04:00,135.4883868539939,136.5842848526014,135.3514011411228,136.45535278320312,127160000
2013-10-02 00:00:00-04:00,135.6576374247639,136.45537862702034,135.2386142676785,136.32644653320312,113350000
2013-10-03 00:00:00-04:00,136.01214381163192,136.1330222262991,134.4408227860605,135.06935119628906,176698000
2013-10-04 00:00:00-04:00,135.17418406044246,136.22978973021344,134.996905458351,136.09280395507812,96878000
2013-10-07 00:00:00-04:00,134.90823663783192,135.73821704981256,134.77125089267065,134.91629028320312,96295000
2013-10-08 00:00:00-04:00,134.8920881647861,135.06936669012342,133.24824727923166,133.34494018554688,178015000
2013-10-09 00:00:00-04:00,133.60279406185512,133.92511192189352,132.57941579799402,133.44163513183594,168973000
2013-10-10 00:00:00-04:00,134.80348365183602,136.39092484979776,134.75513718621562,136.3184051513672,195955000
2013-10-11 00:00:00-04:00,136.1088386567355,137.2450292718003,135.99602618900374,137.19667053222656,105040000
2013-10-14 00:00:00-04:00,136.3506015624096,137.85745664798645,136.24584272265898,137.74464416503906,112106000
2013-10-15 00:00:00-04:00,137.39815461906903,137.91387063530235,136.56012070355484,136.74545288085938,155485000
2013-10-16 00:00:00-04:00,137.56739834353596,138.72776261284324,137.5029322957254,138.65524291992188,161676000
2013-10-17 00:00:00-04:00,138.0911761973273,139.66251007688976,138.06700296493176,139.58192443847656,129389000
2013-10-18 00:00:00-04:00,140.09759676223763,140.62136636127076,139.81555941159624,140.52467346191406,138316000
2013-10-21 00:00:00-04:00,140.57305343633786,140.81479803802065,140.21849632662193,140.5327606201172,104104000
2013-10-22 00:00:00-04:00,140.943760770203,141.76567538069563,140.55696440517178,141.34666442871094,126663000
2013-10-23 00:00:00-04:00,140.8630940274956,140.92756005122203,140.17816557972137,140.66970825195312,105484000
2013-10-24 00:00:00-04:00,140.95179851807615,141.3144093107033,140.62141460441123,141.1371307373047,70350000
2013-10-25 00:00:00-04:00,141.42716601559144,141.82201582699386,141.15319461778776,141.78172302246094,93625000
2013-10-28 00:00:00-04:00,141.73342901352822,142.20079866862383,141.5803236770401,142.0074005126953,84979000
2013-10-29 00:00:00-04:00,142.3297163645197,142.82125920239216,142.12826458335297,142.7648468017578,87401000
2013-10-30 00:00:00-04:00,142.9340795149937,143.03882608588577,141.54809020121345,142.0557403564453,140002000
2013-10-31 00:00:00-04:00,141.94286193394126,142.53916338830447,141.44326565595117,141.65277099609375,133795000
2013-11-01 00:00:00-04:00,141.83813617440822,142.313559301808,141.19348818531077,141.99124145507812,142805000
2013-11-04 00:00:00-05:00,142.37809323199795,142.54730587875736,141.8059646412145,142.49090576171875,85677000
2013-11-05 00:00:00-05:00,141.93491395568563,142.42645695808815,141.47561013461987,142.0396728515625,85825000
2013-11-06 00:00:00-05:00,142.6520342961301,143.0307646283748,142.25718437861258,142.7648468017578,87348000
2013-11-07 00:00:00-05:00,143.0308310767456,143.14364363478307,140.82291410298728,140.95989990234375,157000000
2013-11-08 00:00:00-05:00,140.91145985316106,142.87763081252675,140.89535256674156,142.86151123046875,136713000
2013-11-11 00:00:00-05:00,142.72457090694638,143.05495481818193,142.55535827626446,142.8857421875,62614000
2013-11-12 00:00:00-05:00,142.5794767324856,142.91791415946966,142.12016089152587,142.59559631347656,83990000
2013-11-13 00:00:00-05:00,141.89451791127925,143.7801028915982,141.89451791127925,143.7398223876953,103844000
2013-11-14 00:00:00-05:00,143.86885924223841,144.57797374531185,143.63518048771436,144.4571075439453,103435000
2013-11-15 00:00:00-05:00,144.69073659960168,145.14198665723475,144.5054043892828,145.08558654785156,102818000
2013-11-18 00:00:00-05:00,145.32736440272816,145.44823059022394,144.25563912290178,144.5779571533203,104796000
2013-11-19 00:00:00-05:00,144.50541651062187,144.94054701822694,144.0138735932598,144.263671875,93891000
2013-11-20 00:00:00-05:00,144.55373424019442,144.9888646612921,143.41754328560532,143.81239318847656,124909000
2013-11-21 00:00:00-05:00,144.2153327535336,145.08560610871956,144.12669345914492,144.97279357910156,92841000
2013-11-22 00:00:00-05:00,145.02917659456168,145.71411763367496,144.85996396790966,145.697998046875,81296000
2013-11-25 00:00:00-05:00,145.95586687008463,145.98809374906185,145.3434455087354,145.55296325683594,79486000
2013-11-26 00:00:00-05:00,145.6254398486701,146.02834334265256,145.3756416497032,145.59320068359375,86994000
2013-11-27 00:00:00-05:00,145.74630216453062,146.0444591033095,145.56902364816648,145.94775390625,58800000
2013-11-29 00:00:00-05:00,146.10896894495255,146.45546014269414,145.68994575375896,145.85110473632812,55870900
2013-12-02 00:00:00-05:00,145.92363168366563,146.1976031972084,145.2467565458625,145.47238159179688,99726000
2013-12-03 00:00:00-05:00,144.99691633540252,145.35952703324722,144.37644149069266,144.84381103515625,116563000
2013-12-04 00:00:00-05:00,144.32010849430594,145.43211433167576,143.71575295169268,144.8277587890625,123033000
2013-12-05 00:00:00-05:00,144.5698619312295,144.83577976289334,144.05414585348058,144.19113159179688,106934000
2013-12-06 00:00:00-05:00,145.58510207750925,145.93965901001434,145.16607913040005,145.80267333984375,127728000
2013-12-09 00:00:00-05:00,146.22984380634244,146.39100279849802,145.98004552415486,146.17343139648438,70124000
2013-12-10 00:00:00-05:00,145.835005703207,146.14121642019498,145.56103416466198,145.64967346191406,80976000
2013-12-11 00:00:00-05:00,145.7060703535577,145.7302435869926,143.83659166364,144.0138702392578,130591000
2013-12-12 00:00:00-05:00,143.9494247299162,144.1267033308359,143.24031032623736,143.53846740722656,115565000
2013-12-13 00:00:00-05:00,143.83652676173648,143.96545881230773,143.24829118750608,143.5222625732422,107808000
2013-12-16 00:00:00-05:00,144.19917668920297,144.89217128031646,144.1588838754651,144.416748046875,96195000
2013-12-17 00:00:00-05:00,144.54573727638987,144.569910515061,143.63517096762675,143.95748901367188,89886000
2013-12-18 00:00:00-05:00,144.1750181715789,146.43933436439374,142.88573406989343,146.4151611328125,234906000
2013-12-19 00:00:00-05:00,145.99613062225475,146.4151537746742,145.61741258130075,146.24594116210938,136531200
2013-12-20 00:00:00-05:00,146.39179475125417,147.44503387548656,146.29457686244396,147.09664916992188,197087000
2013-12-23 00:00:00-05:00,147.8177065381563,147.9716430993791,147.5098457781072,147.8825225830078,85598000
2013-12-24 00:00:00-05:00,147.89058780407177,148.2713742583008,147.88249043612421,148.20655822753906,45368800
2013-12-26 00:00:00-05:00,148.53873920289558,149.04106036237977,148.522544466624,148.9600372314453,63365000
2013-12-27 00:00:00-05:00,149.15446499299165,149.21926865403114,148.79798304531232,148.95191955566406,61814000
2013-12-30 00:00:00-05:00,148.96817255323512,149.08970728060103,148.73322519349665,148.92767333984375,56857000
2013-12-31 00:00:00-05:00,149.13016805269376,149.63247680664062,149.016730734171,149.63247680664062,86119900
2014-01-02 00:00:00-05:00,149.05727724911557,149.13020302275123,147.84200427886944,148.198486328125,119636900
2014-01-03 00:00:00-05:00,148.4496226911046,148.74939839369858,147.9635209796238,148.17416381835938,81390600
2014-01-06 00:00:00-05:00,148.66029105731053,148.71699736559427,147.51793153621463,147.74478149414062,108028200
2014-01-07 00:00:00-05:00,148.3362206739194,148.90334560626084,148.2227956874511,148.65219116210938,86144200
2014-01-08 00:00:00-05:00,148.62786690440757,148.93573998200495,148.17416701893444,148.68458557128906,96582300
2014-01-09 00:00:00-05:00,149.16260108522135,149.17880818588506,148.10126469606624,148.7818145751953,90683400
2014-01-10 00:00:00-05:00,149.03295311453414,149.25170568178598,148.27138017568237,149.1868896484375,102026400
2014-01-13 00:00:00-05:00,148.80610675943316,149.21929507427785,146.91838146581892,147.2019500732422,149892000
2014-01-14 00:00:00-05:00,147.6880364567109,148.88711443441463,147.41257760874925,148.80609130859375,105016100
2014-01-15 00:00:00-05:00,149.15451537714114,149.8350653094763,148.8385448826715,149.60821533203125,98525800
2014-01-16 00:00:00-05:00,149.30034759019586,149.60822072599845,148.93576813918583,149.4137725830078,72290600
2014-01-17 00:00:00-05:00,149.1545037160873,149.4380599845266,148.5225627765538,148.7818145751953,107848700
2014-01-21 00:00:00-05:00,149.64058207221814,149.69730073447315,148.30378699281854,149.2192840576172,88621200
2014-01-22 00:00:00-05:00,149.4704190374655,149.53523505381034,149.0005121907585,149.3164825439453,61270900
2014-01-23 00:00:00-05:00,148.56303131271588,148.58733577749584,147.30725942444167,148.09312438964844,132496900
2014-01-24 00:00:00-05:00,147.12902408433578,147.1776330157601,144.884816971896,144.9334259033203,208677100
2014-01-27 00:00:00-05:00,145.0711677028252,145.44385681285388,143.49941285328634,144.22047424316406,180843100
2014-01-28 00:00:00-05:00,144.32582422141817,145.26563832946474,144.30961711958383,145.0792999267578,110463200
2014-01-29 00:00:00-05:00,143.87211414643215,144.65799163774983,143.3049892460987,143.68577575683594,216597300
2014-01-30 00:00:00-05:00,144.88484024457557,145.67881509762626,144.42303059707754,145.2089080810547,118938100
2014-01-31 00:00:00-05:00,143.4102584489454,145.25747173830356,143.33734506282664,144.35816955566406,194677900
2014-02-03 00:00:00-05:00,144.18803739912397,144.5121051325067,140.8338856728074,141.10934448242188,254837100
2014-02-04 00:00:00-05:00,141.7412963681093,142.4623576396503,141.06074665702639,142.0977783203125,165012400
2014-02-05 00:00:00-05:00,141.60358523152996,142.235526096595,140.7366970653076,141.9195556640625,164230500
2014-02-06 00:00:00-05:00,142.25175112791763,143.7910919189453,141.96008512555076,143.7910919189453,132877600
2014-02-07 00:00:00-05:00,144.46354101651005,145.72742287606482,143.99363400368154,145.573486328125,170787200
2014-02-10 00:00:00-05:00,145.58971163183492,145.88948739618692,145.19273034003433,145.8408660888672,92218800
2014-02-11 00:00:00-05:00,145.96236510941324,147.80957873900942,145.8651348809544,147.4368896484375,117814100
2014-02-12 00:00:00-05:00,147.65569929199623,148.12560643029536,147.2182063631791,147.50987243652344,94717700
2014-02-13 00:00:00-05:00,146.51325425723036,148.4252835454062,146.50515689076894,148.27134704589844,100542200
2014-02-14 00:00:00-05:00,148.13371548175533,149.36519592879972,147.99598598659375,149.08973693847656,96498400
2014-02-18 00:00:00-05:00,149.2193077750331,149.4704745675776,148.78991232431488,149.26792907714844,80460900
2014-02-19 00:00:00-05:00,148.87900661461964,149.84312495724913,148.15794529017805,148.27947998046875,126524300
2014-02-20 00:00:00-05:00,148.4820275774841,149.49475486588383,147.9392072343891,149.15447998046875,104998100
2014-02-21 00:00:00-05:00,149.43807496490038,149.79455704086408,148.91146158329747,148.984375,118116400
2014-02-24 00:00:00-05:00,149.3003114551527,150.81534757011426,149.2354954231765,149.81072998046875,114063900
2014-02-25 00:00:00-05:00,149.93225406093626,150.3616494606869,149.2598016290414,149.75401306152344,117085000
2014-02-26 00:00:00-05:00,149.97274302255957,150.36973652730612,149.34080225166824,149.76210021972656,98677200
2014-02-27 00:00:00-05:00,149.5434499450455,150.58857966928733,149.37330622312666,150.54808044433594,93880800
2014-02-28 00:00:00-05:00,150.523696263946,151.62554419003996,149.92416954397996,150.9287872314453,150842000
2014-03-03 00:00:00-05:00,149.60010061603631,150.2482486853138,148.87094176459675,149.86746215820312,167748500
2014-03-04 00:00:00-05:00,151.33391768725747,152.2980364194614,151.30151584085664,151.97396850585938,167545900
2014-03-05 00:00:00-05:00,152.1035817071545,152.3709432657178,151.8686219909639,152.11167907714844,88376900
2014-03-06 00:00:00-05:00,152.48433880273475,152.80840661345044,152.13595416194056,152.46002197265625,82516500
2014-03-07 00:00:00-05:00,153.09199384873963,153.09199384873963,151.852404034045,152.5248565673828,114513500
2014-03-10 00:00:00-04:00,152.28989585532068,152.50053870317868,151.56883444402814,152.44383239746094,74939200
2014-03-11 00:00:00-04:00,152.67064821538273,152.88940074543723,151.34195066366033,151.69032287597656,99009100
2014-03-12 00:00:00-04:00,150.95311295682245,151.78759941004608,150.612825645166,151.7308807373047,104824400
2014-03-13 00:00:00-04:00,152.18456682546682,152.30610152925843,149.60819428869675,150.02947998046875,155014300
2014-03-14 00:00:00-04:00,149.76215189438253,150.53182234374228,149.42997429798206,149.60821533203125,153919600
2014-03-17 00:00:00-04:00,150.36161224048564,151.31763303362973,150.29679622379865,150.96115112304688,98359500
2014-03-18 00:00:00-04:00,151.26905653240894,152.24127226630128,151.1070102747654,152.03872680664062,101804600
2014-03-19 00:00:00-04:00,152.05492272348843,152.26557791510368,150.26442776912222,151.22854614257812,176267300
2014-03-20 00:00:00-04:00,150.89640600862262,152.2251040690483,150.6290444500593,152.11167907714844,117241000
2014-03-21 00:00:00-04:00,152.7504340600702,153.8164544560838,151.38331492922305,151.5216522216797,163128000
2014-03-24 00:00:00-04:00,152.04248187469906,152.22965508121388,150.23593883265067,150.89508056640625,121411000
2014-03-25 00:00:00-04:00,151.66004479720488,152.12389272654238,150.76491862261412,151.61122131347656,103852000
2014-03-26 00:00:00-04:00,152.20527010299034,152.449399953095,150.4801073516481,150.5207977294922,119843000
2014-03-27 00:00:00-04:00,150.34172170607778,150.82183572631462,149.65002275580326,150.20338439941406,142383000
2014-03-28 00:00:00-04:00,150.63472249823263,151.70074334022652,150.54520863425822,150.94395446777344,101642000
2014-03-31 00:00:00-04:00,151.9040810998265,152.4167521972217,150.96826512602567,152.18075561523438,99745000
2014-04-01 00:00:00-04:00,152.6771786534889,153.2793636754734,152.17265297533822,153.18984985351562,89193000
2014-04-02 00:00:00-04:00,153.38513450506684,153.90593873660976,153.10031445254006,153.70249938964844,78774000
2014-04-03 00:00:00-04:00,153.93850806856966,153.9791984278284,153.02710362255414,153.49908447265625,77435000
2014-04-04 00:00:00-04:00,154.33724450198577,154.36978933727593,151.440269899971,151.68438720703125,169381000
2014-04-07 00:00:00-04:00,151.3182067303883,151.57046957215786,149.6988372298853,150.008056640625,140803000
2014-04-08 00:00:00-04:00,149.9429752967917,150.87065849127953,149.39775917886038,150.6265411376953,112660000
2014-04-09 00:00:00-04:00,151.03346514541337,152.2947799062254,150.59402894355145,152.24595642089844,100254000
2014-04-10 00:00:00-04:00,152.2378267610753,152.3110619907248,148.86072408492748,149.0478973388672,172959000
2014-04-11 00:00:00-04:00,148.2178410508257,149.25945001234336,147.5424206056769,147.70516967773438,167251000
2014-04-14 00:00:00-04:00,148.86068992537582,149.21874529966686,147.64819890065772,148.86883544921875,132382000
2014-04-15 00:00:00-04:00,149.1780515246067,149.99994224335333,147.70513981533435,149.89414978027344,157093000
2014-04-16 00:00:00-04:00,150.92762342355442,151.47283952681371,150.26033622983206,151.46470642089844,105197000
2014-04-17 00:00:00-04:00,151.26125765007822,152.09942693478808,151.00084927345333,151.67626953125,105255000
2014-04-21 00:00:00-04:00,151.7169683461561,152.25405134015608,151.52980757562477,152.20521545410156,68329000
2014-04-22 00:00:00-04:00,152.35985904715739,153.31195411831976,152.27849072287074,152.89694213867188,85790000
2014-04-23 00:00:00-04:00,152.84002405578735,152.92139240057176,152.41686644524137,152.53892517089844,73869000
2014-04-24 00:00:00-04:00,153.28753771894173,153.30381635008726,152.11572461561227,152.84811401367188,88170000
2014-04-25 00:00:00-04:00,152.35171075183123,152.44122459149332,151.253132939338,151.59490966796875,100380000
2014-04-28 00:00:00-04:00,152.21334949803114,152.73415382407077,150.51259922891234,152.07501220703125,135121000
2014-04-29 00:00:00-04:00,152.56330194674956,153.01900430736484,152.2378038082981,152.78302001953125,84098000
2014-04-30 00:00:00-04:00,152.53071290319298,153.3932938954147,152.31912799924498,153.23867797851562,101508000
2014-05-01 00:00:00-04:00,153.1655062798105,153.6700321824731,152.76676045602125,153.25502014160156,93019000
2014-05-02 00:00:00-04:00,153.23870247587024,153.91412282153638,152.80741191081154,153.03526306152344,98122000
2014-05-05 00:00:00-04:00,152.28662289815043,153.43402429110213,151.86346539679337,153.32823181152344,75883000
2014-05-06 00:00:00-04:00,152.98646838355685,153.09226087235527,151.96113801236797,151.99368286132812,85454000
2014-05-07 00:00:00-04:00,152.50632684972697,152.96202915503147,151.3670586695092,152.8887939453125,106500000
2014-05-08 00:00:00-04:00,152.75039155034975,153.84082337586685,152.2377204668367,152.72596740722656,93618000
2014-05-09 00:00:00-04:00,152.75044853415946,153.01897762222592,152.03433785409985,152.95388793945312,83679000
2014-05-12 00:00:00-04:00,153.63742691805237,154.51628655633604,152.98641839892133,154.4430389404297,86940000
2014-05-13 00:00:00-04:00,154.64654111909843,154.95577308506066,154.4268354330345,154.58145141601562,66454000
2014-05-14 00:00:00-04:00,154.44302323510604,154.51627084356383,153.62926577318197,153.84898376464844,72367000
2014-05-15 00:00:00-04:00,153.5397930407276,153.57235030141035,151.74952862883643,152.49818420410156,154956000
2014-05-16 00:00:00-04:00,152.58764839306005,153.09218643381024,151.9447854987682,153.02708435058594,97458000
2014-05-19 00:00:00-04:00,152.73420538036694,153.7107122691974,152.59586804267053,153.58865356445312,63839000
2014-05-20 00:00:00-04:00,153.51538050943756,153.5316591396947,152.2296543091269,152.62025451660156,111644000
2014-05-21 00:00:00-04:00,153.05966050365586,153.97921054405273,153.0352487695706,153.90597534179688,89093000
2014-05-22 00:00:00-04:00,153.94667557711986,154.59768421988227,153.68627957018913,154.2803192138672,61549000
2014-05-23 00:00:00-04:00,154.41866195586297,155.0045685132304,154.2803246321731,154.89878845214844,61092800
2014-05-27 00:00:00-04:00,155.47654185461843,155.8996993290503,155.38702801227626,155.8508758544922,72010000
2014-05-28 00:00:00-04:00,155.85089458745549,156.09502440654688,155.47656054258755,155.73696899414062,66723000
2014-05-29 00:00:00-04:00,156.0949543386778,156.5669227155835,155.6962087325854,156.54251098632812,64377000
2014-05-30 00:00:00-04:00,156.39606654941716,156.8924591548588,156.26586236049198,156.7947998046875,76316000
2014-06-02 00:00:00-04:00,157.0145673271129,157.04712459308675,156.21708814817703,156.973876953125,64656000
2014-06-03 00:00:00-04:00,156.59143346915485,156.97390069195498,156.44496300099854,156.8925323486328,65047000
2014-06-04 00:00:00-04:00,156.623932378961,157.29935270335977,156.4611833359994,157.2098388671875,55529000
2014-06-05 00:00:00-04:00,157.3888659864315,158.39791749942088,156.81109260644888,158.23516845703125,92103000
2014-06-06 00:00:00-04:00,158.57693430899923,159.03263656325814,158.50369910748373,158.99195861816406,78696000
2014-06-09 00:00:00-04:00,158.9675938183338,159.53722180433587,158.82111095509967,159.15475463867188,65119000
2014-06-10 00:00:00-04:00,158.95943554643665,159.20356535427766,158.6176587822424,159.1710205078125,57129000
2014-06-11 00:00:00-04:00,158.6013513761247,158.7803790415973,158.2595746739376,158.6176300048828,68772000
2014-06-12 00:00:00-04:00,158.43045752788692,158.5199713540095,157.1447191240147,157.49462890625,106350000
2014-06-13 00:00:00-04:00,157.8038826510117,158.12939316253255,157.2993568793498,157.9747772216797,82017000
2014-06-16 00:00:00-04:00,157.77948235059347,158.43862411088267,157.59232155350134,158.10498046875,87424000
2014-06-17 00:00:00-04:00,157.885261372053,158.65832864951395,157.71436680356177,158.54440307617188,84834000
2014-06-18 00:00:00-04:00,158.54443168589347,159.79761321879587,158.19450937944092,159.70809936523438,105267000
2014-06-19 00:00:00-04:00,159.84634883405323,159.98469850920165,159.33369015178317,159.8870391845703,85929000
2014-06-20 00:00:00-04:00,160.2853476318007,160.34258962725573,160.01551924563984,160.21176147460938,100587000
2014-06-23 00:00:00-04:00,160.25255565925482,160.3016130694721,159.86825597728316,160.16261291503906,70611000
2014-06-24 00:00:00-04:00,159.876441098932,160.66956923270078,159.01789892071852,159.19778442382812,96237000
2014-06-25 00:00:00-04:00,158.8625890342185,160.08090257839908,158.82988824056676,159.91737365722656,82782000
2014-06-26 00:00:00-04:00,159.9419177006102,159.95827433723215,158.73178859620498,159.80291748046875,84312000
2014-06-27 00:00:00-04:00,159.42679070074033,160.16268963586512,159.35320455016532,160.11363220214844,71445100
2014-06-30 00:00:00-04:00,160.0154426860365,160.39974240277934,159.8764425190268,160.03179931640625,70201200
2014-07-01 00:00:00-04:00,160.4242486871632,161.59350430433145,160.36701920354818,161.1029052734375,90470000
2014-07-02 00:00:00-04:00,161.119307227388,161.47089373315694,161.04572109498824,161.2664794921875,52475000
2014-07-03 00:00:00-04:00,161.72435849484407,162.13318695933793,161.60171494607775,162.05960083007812,52938800
2014-07-07 00:00:00-04:00,161.748906502179,161.8797221342282,161.25830733351543,161.49542236328125,61696000
2014-07-08 00:00:00-04:00,161.20105905799682,161.25830103190125,160.06451642224636,160.45700073242188,108143000
2014-07-09 00:00:00-04:00,160.8576736864346,161.32374421024554,160.5142592103693,161.1765594482422,72992000
2014-07-10 00:00:00-04:00,159.6229855626005,160.96394241773632,159.49215746052516,160.53875732421875,99040000
2014-07-11 00:00:00-04:00,160.4406967107315,160.87405402842197,160.08092554665816,160.75958251953125,64243000
2014-07-14 00:00:00-04:00,161.5772180998856,161.7816323724437,161.43821789172094,161.5690460205078,58658000
2014-07-15 00:00:00-04:00,161.66713589601142,161.9778495347506,160.55512192607958,161.2664794921875,111307000
2014-07-16 00:00:00-04:00,161.98601635275142,162.10865990276847,161.42183106976358,161.86337280273438,79986400
2014-07-17 00:00:00-04:00,161.36462344173327,161.97786622784102,159.7947109300158,160.02366638183594,145398000
2014-07-18 00:00:00-04:00,160.54695207906775,161.82249496421016,160.45700931273308,161.65896606445312,124330000
2014-07-21 00:00:00-04:00,161.15204628178157,161.4872887109238,160.6123895631318,161.35646057128906,67592000
2014-07-22 00:00:00-04:00,161.90424401733773,162.3539578235719,161.78977254633764,162.05960083007812,67678000
2014-07-23 00:00:00-04:00,162.3049468312164,162.59113182880685,161.9778889566486,162.41941833496094,65612000
2014-07-24 00:00:00-04:00,162.5747207385196,162.76277832958417,162.2640071282315,162.4275360107422,56888000
2014-07-25 00:00:00-04:00,161.9696738761758,162.1086740704948,161.34825904102212,161.66714477539062,76837000
2014-07-28 00:00:00-04:00,161.69984593685984,161.96967424755277,160.76771744376416,161.73255920410156,69259000
2014-07-29 00:00:00-04:00,162.03509446894986,162.26403744252693,161.01302316674642,161.0375518798828,80466000
2014-07-30 00:00:00-04:00,161.60990144804896,161.82250025349185,160.39160050005088,161.06207275390625,104222000
2014-07-31 00:00:00-04:00,159.94190810613654,160.08090831793973,157.7832938304763,157.88140869140625,183479000
2014-08-01 00:00:00-04:00,157.44807477172515,158.42926095591787,156.63860209608427,157.39901733398438,189261000
2014-08-04 00:00:00-04:00,157.70146325394504,158.87071896740875,157.0309911647208,158.5354766845703,91340000
2014-08-05 00:00:00-04:00,157.8895771762751,158.2984056904794,156.42596410860835,156.99832153320312,152690000
2014-08-06 00:00:00-04:00,156.26246791514572,157.71789673232198,156.23793919727436,157.04742431640625,94818000
2014-08-07 00:00:00-04:00,157.75874940644033,157.91410623841466,155.80454960327822,156.197021484375,135733000
2014-08-08 00:00:00-04:00,156.54861511346368,158.11033050538586,156.13160205745635,158.00404357910156,117014000
2014-08-11 00:00:00-04:00,158.60094478648642,159.16513016785112,158.3883584372367,158.46194458007812,74544000
2014-08-12 00:00:00-04:00,158.30659448627696,158.748123838602,157.75876571656772,158.24118041992188,73632000
2014-08-13 00:00:00-04:00,158.86255731738208,159.49215663847684,158.59274151336737,159.31227111816406,69047000
2014-08-14 00:00:00-04:00,159.5739883421397,160.0645751953125,159.4268035526664,160.0645751953125,57371000
2014-08-15 00:00:00-04:00,160.6450419525125,160.79221419648042,158.8789001661777,160.03179931640625,139951000
2014-08-18 00:00:00-04:00,160.91487111669977,161.44634308040656,160.824928363839,161.3727569580078,75424000
2014-08-19 00:00:00-04:00,161.76522155843435,162.33757883461035,161.43816382246317,162.21493530273438,59135000
2014-08-20 00:00:00-04:00,161.99420258616487,162.84457286210682,161.9615017954544,162.64833068847656,72763000
2014-08-21 00:00:00-04:00,162.78733148335488,163.3351601840809,162.65650336711872,163.12257385253906,67791000
2014-08-22 00:00:00-04:00,162.9917231340231,163.27790803904705,162.5011364808516,162.86907958984375,76107000
2014-08-25 00:00:00-04:00,163.6458888600855,164.01383205386983,162.8364038525944,163.6949462890625,63855000
2014-08-26 00:00:00-04:00,163.80120849609375,164.20186486916006,163.76032315574753,163.80120849609375,47298000
2014-08-27 00:00:00-04:00,163.88299686555166,163.99748083017533,163.48235289519477,163.73582458496094,47874000
2014-08-28 00:00:00-04:00,163.19616017115933,163.75217342755485,163.03263126390982,163.6458740234375,58330000
2014-08-29 00:00:00-04:00,163.8992939590768,164.1282368522414,163.3841786876825,164.1118927001953,65907000
2014-09-02 00:00:00-04:00,164.32453892287404,164.34906763634504,163.41693909507777,164.03018188476562,72426000
2014-09-03 00:00:00-04:00,164.65972751081733,164.68425621627424,163.7112426449756,163.940185546875,57462000
2014-09-04 00:00:00-04:00,164.21820984871746,164.82328045009893,163.25338068926362,163.70309448242188,85236000
2014-09-05 00:00:00-04:00,163.67042618063405,164.50443994646744,163.049011253489,164.43902587890625,102177000
2014-09-08 00:00:00-04:00,164.2836680701248,164.5207956232088,163.5314250122434,164.0138397216797,64146000
2014-09-09 00:00:00-04:00,163.86667667185276,163.98114817676054,162.64019091507288,162.97543334960938,88591000
2014-09-10 00:00:00-04:00,163.06529544006267,163.69489469188173,162.52565141495654,163.58860778808594,67251000
2014-09-11 00:00:00-04:00,162.9345171520805,163.801231593235,162.81186111374646,163.77670288085938,66774400
2014-09-12 00:00:00-04:00,163.61318144081503,163.62952559884081,162.35398259126396,162.82005310058594,117409300
2014-09-15 00:00:00-04:00,162.84457244427148,162.9754005596893,162.20680097717937,162.6973876953125,76401000
2014-09-16 00:00:00-04:00,162.39484416839213,164.21821563789007,162.30490140658972,163.92385864257812,116201000
2014-09-17 00:00:00-04:00,164.1609641738447,164.90502240215133,163.32695071931792,164.1446075439453,151266000
2014-09-18 00:00:00-04:00,164.64341878825334,165.0440752213831,164.43083245361942,165.01954650878906,94990000
2014-09-19 00:00:00-04:00,165.544468474774,165.85662200296588,164.53404017667552,164.870849609375,121649000
2014-09-22 00:00:00-04:00,164.58334968694203,164.60799305820626,163.25254496478962,163.59756469726562,125553000
2014-09-23 00:00:00-04:00,163.00613736799508,163.68796671578752,162.61183079949603,162.66111755371094,111393000
2014-09-24 00:00:00-04:00,162.68572017026568,164.04116824547012,162.2585600509073,163.9343719482422,107276000
2014-09-25 00:00:00-04:00,163.50717537324027,163.51539818553277,161.2316875581392,161.2891845703125,150300000
2014-09-26 00:00:00-04:00,161.58492164706885,162.9732232043375,161.3549085229412,162.57069396972656,103547000
2014-09-29 00:00:00-04:00,161.1742299440265,162.56253191310876,161.051013067685,162.27500915527344,95112000
2014-09-30 00:00:00-04:00,162.39818299639077,162.8992856800085,161.5109841859803,161.84779357910156,131302000
2014-10-01 00:00:00-04:00,161.584933044978,161.64244259745408,159.29301191976143,159.6544647216797,177798000
2014-10-02 00:00:00-04:00,159.51483230828418,160.2377380483554,158.01153633438454,159.67913818359375,157285000
2014-10-03 00:00:00-04:00,160.74699041125197,161.78206188147936,160.2541105759389,161.43704223632812,121569000
2014-10-06 00:00:00-04:00,162.11066336986852,162.32425593280718,160.6648648377657,161.24810791015625,104778000
2014-10-07 00:00:00-04:00,160.4184243574114,160.7798771370357,158.72617955714793,158.759033203125,147913000
2014-10-08 00:00:00-04:00,158.84937444075254,161.76562710804325,158.01968524568244,161.53561401367188,186461000
2014-10-09 00:00:00-04:00,161.280985481495,161.50278833760757,158.2004390040593,158.33187866210938,210705000
2014-10-10 00:00:00-04:00,158.29081533332499,159.07942827749446,156.48356375692845,156.52462768554688,221909000
2014-10-13 00:00:00-04:00,156.45888238181726,157.0256923137955,153.86300595701567,153.953369140625,230939000
2014-10-14 00:00:00-04:00,154.7831164444795,155.933194897987,153.64947108546195,154.191650390625,215847000
2014-10-15 00:00:00-04:00,152.1050310279456,154.183371572418,149.44343496874612,153.14830017089844,380715000
2014-10-16 00:00:00-04:00,150.37993846656482,154.09302692623075,150.2402885456298,153.0168914794922,270391000
2014-10-17 00:00:00-04:00,154.78305074586507,155.87561917229954,154.1258651277756,154.82412719726562,214625000
2014-10-20 00:00:00-04:00,154.54487588661502,156.450700988959,154.49558914337516,156.32748413085938,130011000
2014-10-21 00:00:00-04:00,157.46110666797045,159.53123749388763,157.29681335618127,159.42445373535156,154949000
2014-10-22 00:00:00-04:00,159.7037777772516,160.11451738624524,158.2251126779189,158.29083251953125,151822000
2014-10-23 00:00:00-04:00,159.87629435507725,161.17423312889727,159.580561311235,160.13095092773438,154944000
2014-10-24 00:00:00-04:00,160.39378937044268,161.41242793581398,159.76946978605272,161.36312866210938,117927000
2014-10-27 00:00:00-04:00,160.78808440907653,161.3795503038094,160.2130516044126,161.14132690429688,82954000
2014-10-28 00:00:00-04:00,161.68352105068703,162.9978800782127,161.6095784059101,162.9896697998047,106736000
2014-10-29 00:00:00-04:00,163.1046932001109,163.5729298132031,161.6671046394812,162.7432403564453,142557000
2014-10-30 00:00:00-04:00,162.3077737240852,164.25467435999357,162.15990103028008,163.78643798828125,113330000
2014-10-31 00:00:00-04:00,165.7580736159183,165.7909398037196,164.9283841282159,165.6595001220703,146903000
2014-11-03 00:00:00-05:00,165.8730031870522,166.30838596243183,165.37190060136237,165.74978637695312,93600000
2014-11-04 00:00:00-05:00,165.30623181391417,165.61018759726343,164.34510279416602,165.1748046875,93343000
2014-11-05 00:00:00-05:00,166.38235665297634,166.4234331112912,165.48694752167876,166.2180633544922,91709000
2014-11-06 00:00:00-05:00,166.25913384340643,166.97381656027878,165.64302459513033,166.88345336914062,107089000
2014-11-07 00:00:00-05:00,166.89994658187425,167.25318919621876,166.4399201830082,167.0395965576172,89540000
2014-11-10 00:00:00-05:00,167.0724276653789,167.61459435889068,166.86705788509786,167.5653076171875,66319000
2014-11-11 00:00:00-05:00,167.63102551675448,167.83639529466578,167.29421607263362,167.72959899902344,54499400
2014-11-12 00:00:00-05:00,167.0477863885977,167.7789023141723,167.0149202038658,167.54888916015625,90120300
2014-11-13 00:00:00-05:00,167.71318011551497,168.26356962163666,166.93277745861934,167.73782348632812,85357900
2014-11-14 00:00:00-05:00,167.66390881929192,167.98428520415314,167.35174271386592,167.77891540527344,80417500
2014-11-17 00:00:00-05:00,167.4585362615405,168.0582125546518,167.29423039732146,167.8856964111328,80441000
2014-11-18 00:00:00-05:00,167.9431687947785,169.15895420525305,167.9431687947785,168.85501098632812,76068100
2014-11-19 00:00:00-05:00,168.65785344235604,168.85501291716375,167.82816415524326,168.58392333984375,82373000
2014-11-20 00:00:00-05:00,167.79529563649885,168.98645021154314,167.72957581247903,168.87965393066406,72840300
2014-11-21 00:00:00-05:00,170.57190480079473,170.7361980993706,169.2082466065422,169.7832794189453,142327300
2014-11-24 00:00:00-05:00,170.18583550919146,170.3665619265749,169.97225544081888,170.259765625,65880800
2014-11-25 00:00:00-05:00,170.4897656382271,170.69513541170875,169.8818791309782,170.13653564453125,79108300
2014-11-26 00:00:00-05:00,170.28437674955342,170.67047288313998,170.07079672162726,170.5718994140625,62167800
2014-11-28 00:00:00-05:00,170.44873099275716,170.76088457842636,169.97227153225558,170.2104949951172,57890100
2014-12-01 00:00:00-05:00,169.55330356492345,169.66831015268465,168.7154037975682,169.02755737304688,103968400
2014-12-02 00:00:00-05:00,169.0686096951251,170.32547170143906,169.04396632517984,170.12010192871094,74507200
2014-12-03 00:00:00-05:00,170.2926130737235,170.99086275971644,170.1283197673002,170.77728271484375,68952000
2014-12-04 00:00:00-05:00,170.4897471256687,171.08943582415705,169.79970777004428,170.5883331298828,91316600
2014-12-05 00:00:00-05:00,170.7608947220097,171.25378730622916,170.49802786926404,170.86769104003906,91025500
2014-12-08 00:00:00-05:00,170.4733179076276,170.96619776455188,169.16715683005884,169.72576904296875,108588200
2014-12-09 00:00:00-05:00,167.88572822080994,169.7176361687718,167.5078547449758,169.61083984375,125180100
2014-12-10 00:00:00-05:00,169.1507760534663,169.20827307631345,166.70275914306686,166.89170837402344,159856400
2014-12-11 00:00:00-05:00,167.48316696474103,169.38078172601433,167.3435170185409,167.73782348632812,159012800
2014-12-12 00:00:00-05:00,166.46455093509903,167.43390294615187,164.99410862632274,165.02696228027344,202330200
2014-12-15 00:00:00-05:00,165.9223497243175,166.37416574884256,163.29361903813998,163.89329528808594,189965800
2014-12-16 00:00:00-05:00,163.12927728417048,166.26732008364115,162.5378114885515,162.57888793945312,259543800
2014-12-17 00:00:00-05:00,163.0143633584135,166.21812779257704,162.89113393569642,165.7663116455078,253910100
2014-12-18 00:00:00-05:00,168.18960592590847,174.9503742225222,167.5159871654493,169.86541748046875,257633900
2014-12-19 00:00:00-05:00,170.5138298050776,171.2572489465312,169.83650580930632,170.5881805419922,245084600
2014-12-22 00:00:00-05:00,170.77819441316655,171.3729248046875,170.5386561795622,171.3729248046875,148318900
2014-12-23 00:00:00-05:00,171.9510803521957,172.00063910278146,171.31504697711728,171.60415649414062,122167900
2014-12-24 00:00:00-05:00,171.82715440692593,172.0914718999857,171.57934809196487,171.6206512451172,42963400
2014-12-26 00:00:00-05:00,172.06677808755734,172.5128321970742,172.01721932071302,172.17416381835938,57326700
2014-12-29 00:00:00-05:00,171.99241954537655,172.61192926539766,171.9263369960994,172.40542602539062,79643900
2014-12-30 00:00:00-05:00,171.9841999360943,172.11635245834034,171.40598065993237,171.48033142089844,73540800
2014-12-31 00:00:00-05:00,171.80242821879258,171.9676282785882,169.65478962957997,169.7786865234375,130333800
2015-01-02 00:00:00-05:00,170.47263473238118,170.8856413965422,168.65539532690207,169.6879119873047,121465900
2015-01-05 00:00:00-05:00,168.6470505972124,168.81225065477216,166.31770079651972,166.62332153320312,169632600
2015-01-06 00:00:00-05:00,166.9289650053605,167.44935723130908,164.26094653071848,165.05392456054688,209151400
2015-01-07 00:00:00-05:00,166.3755210016873,167.44934031956146,165.9294795701786,167.1106719970703,125346700
2015-01-08 00:00:00-05:00,168.51490105817123,170.2908365016817,168.49838987366132,170.07606506347656,147217800
2015-01-09 00:00:00-05:00,170.4890266196025,170.50555040371563,168.10185027540396,168.71310424804688,158567300
2015-01-12 00:00:00-05:00,168.84533157044453,169.0022760675028,166.78855452639888,167.39154052734375,144396100
2015-01-13 00:00:00-05:00,168.60577637472915,169.72915460451395,165.62386881945937,166.92071533203125,214553300
2015-01-14 00:00:00-05:00,164.91351297227266,166.11124206931527,164.0214299016989,165.91299438476562,192991100
2015-01-15 00:00:00-05:00,166.54900663505038,166.86288300701946,164.27747086579527,164.3931121826172,176613900
2015-01-16 00:00:00-05:00,164.18658337639727,166.70592517642703,164.00485953482422,166.54898071289062,211879600
2015-01-20 00:00:00-05:00,167.18503146744484,167.44936168573867,165.3430259480595,166.90419006347656,130991100
2015-01-21 00:00:00-05:00,166.441602184859,168.2257931041972,165.9790369696136,167.7467041015625,122942700
2015-01-22 00:00:00-05:00,168.49835395998116,170.3733939227786,167.12716970045457,170.24124145507812,174356000
2015-01-23 00:00:00-05:00,169.98517001706017,170.241244574568,169.17568099525872,169.30784606933594,117516800
2015-01-26 00:00:00-05:00,169.09313463881273,169.79523815908667,168.3827629216211,169.70437622070312,92009700
2015-01-27 00:00:00-05:00,167.6558913620966,168.6058014503683,166.63989870883796,167.46591186523438,134044600
2015-01-28 00:00:00-05:00,168.64709973767964,168.74621728030513,165.1282883309134,165.31826782226562,168514300
2015-01-29 00:00:00-05:00,165.51649304484636,167.10243653138437,164.1122608271368,166.84637451171875,173585400
2015-01-30 00:00:00-05:00,165.67343415017112,166.99504739330268,164.48397340858196,164.748291015625,197729700
2015-02-02 00:00:00-05:00,165.24390342208943,166.87940563546837,163.4349329327051,166.78854370117188,163107000
2015-02-03 00:00:00-05:00,167.68066983135327,169.20879920391286,167.3089664338,169.20053100585938,124212900
2015-02-04 00:00:00-05:00,168.4405873095906,169.64657196321926,168.101918918727,168.5562286376953,134306700
2015-02-05 00:00:00-05:00,169.2169950571287,170.40645559253682,169.14265692465472,170.2577667236328,97953200
2015-02-06 00:00:00-05:00,170.62119462428095,171.18288985821638,169.26653419461314,169.78692626953125,125672000
2015-02-09 00:00:00-05:00,169.14274096310956,169.8613684753199,168.62234856932292,169.027099609375,87219000
2015-02-10 00:00:00-05:00,170.0596182642784,171.08386666581345,169.0683922442656,170.8278045654297,96164200
2015-02-11 00:00:00-05:00,170.6625470171787,171.3563949145991,170.01825788329432,170.92686462402344,91087800
2015-02-12 00:00:00-05:00,171.719840560346,172.62845989396322,170.9599101194834,172.5706329345703,97545900
2015-02-13 00:00:00-05:00,172.6945588956595,173.33057988581692,172.43848425618765,173.28102111816406,93670400
2015-02-17 00:00:00-05:00,172.9671293090362,173.72707241390395,172.71933547479566,173.55360412597656,76968200
2015-02-18 00:00:00-05:00,173.1819326949548,173.64449807608503,172.91760241775967,173.57015991210938,80652900
2015-02-19 00:00:00-05:00,172.97542232955007,173.8096911004554,172.8350016020092,173.4462432861328,91462500
2015-02-20 00:00:00-05:00,173.0331782281016,174.56130712996128,172.41366855501633,174.48696899414062,140896400
2015-02-23 00:00:00-05:00,174.2391921889939,174.46221923828125,173.85922064591023,174.46221923828125,74411100
2015-02-24 00:00:00-05:00,174.38781284109243,175.15601127508992,174.0904477382474,174.957763671875,72472300
2015-02-25 00:00:00-05:00,174.83392244920137,175.31301152317158,174.4704746962613,174.80914306640625,73061700
2015-02-26 00:00:00-05:00,174.71824139238635,174.87518585036773,173.99960164289035,174.60260009765625,72697900
2015-02-27 00:00:00-05:00,174.50350429733115,174.76783451094943,173.95834528867053,174.00790405273438,108076000
2015-03-02 00:00:00-05:00,174.10702503800874,175.16432070555928,174.05746627296082,175.10650634765625,87491400
2015-03-03 00:00:00-05:00,174.67695747104125,175.15604648882834,173.52879998833052,174.38784790039062,110325800
2015-03-04 00:00:00-05:00,173.7931306588669,173.86748140808916,172.68627626062957,173.6527099609375,114497200
2015-03-05 00:00:00-05:00,173.9748649116038,174.12355381496485,173.3388439366605,173.84271240234375,76873000
2015-03-06 00:00:00-05:00,172.98367939572782,173.4132097803056,171.06733536385,171.39773559570312,188128000
2015-03-09 00:00:00-04:00,171.5959387365701,172.46324227095045,171.43899425580943,172.10806274414062,89818900
2015-03-10 00:00:00-04:00,170.74518923817772,170.82778299344065,169.2748741885522,169.31617736816406,157121300
2015-03-11 00:00:00-04:00,169.57223785067123,169.7457061618348,168.8370866347127,168.91969299316406,110145700
2015-03-12 00:00:00-04:00,169.54741781479228,171.13336120593354,169.4978590531875,171.06729125976562,93993500
2015-03-13 00:00:00-04:00,170.79467305582406,171.75283834092306,168.9857029767861,170.01821899414062,162410900
2015-03-16 00:00:00-04:00,170.74513950639326,172.380641590183,170.0430234693745,172.28977966308594,136099200
2015-03-17 00:00:00-04:00,171.554591434814,172.1575772180245,170.9681168318883,171.77761840820312,94510400
2015-03-18 00:00:00-04:00,171.30684628378546,174.51178095757123,170.67081270488325,173.84271240234375,228808500
2015-03-19 00:00:00-04:00,173.42966934545456,173.850931375652,172.66147081514595,173.04969787597656,117917300
2015-03-20 00:00:00-04:00,173.9963762827,175.08328115532012,173.81384128696973,174.57716369628906,177715100
2015-03-23 00:00:00-04:00,174.5854872808226,175.15798235498923,174.2370147705078,174.2370147705078,71784500
2015-03-24 00:00:00-04:00,174.11257043384242,174.5688953590549,173.191602819688,173.2579803466797,77805300
2015-03-25 00:00:00-04:00,173.46546563855657,173.69778073363207,170.67767183742748,170.71914672851562,159521700
2015-03-26 00:00:00-04:00,170.0553560026632,171.22522364528578,169.358398223387,170.31256103515625,153067200
2015-03-27 00:00:00-04:00,170.19641226043072,170.87675986583287,170.00557209213895,170.70252990722656,118939000
2015-03-30 00:00:00-04:00,171.7313419103126,173.08375727229875,171.71475702185867,172.78506469726562,96180400
2015-03-31 00:00:00-04:00,171.96367717248643,172.66063503633413,171.2169519772045,171.2750244140625,126768700
2015-04-01 00:00:00-04:00,171.2417760098176,171.2666659960578,169.68193601760873,170.66928100585938,137303600
2015-04-02 00:00:00-04:00,170.60293450290862,171.73132717172223,170.42039946381973,171.28329467773438,86900900
2015-04-06 00:00:00-04:00,170.39551652393973,172.9509945167097,170.262774121107,172.43658447265625,114368200
2015-04-07 00:00:00-04:00,172.461467457011,173.20819250095542,171.94705743385904,171.98023986816406,81236300
2015-04-08 00:00:00-04:00,172.20428539278765,173.00079052443866,171.81432527158861,172.56105041503906,89351900
2015-04-09 00:00:00-04:00,172.3951263173616,173.5567016665092,171.9056061816652,173.3243865966797,85548900
2015-04-10 00:00:00-04:00,173.57328798988937,174.3117206984161,173.37416803447064,174.27023315429688,72722900
2015-04-13 00:00:00-04:00,174.12922097095367,174.7598013850081,173.43227566510527,173.4820556640625,74436600
2015-04-14 00:00:00-04:00,173.28289617370427,173.9964388699827,172.6606210081203,173.81390380859375,75099900
2015-04-15 00:00:00-04:00,174.2785640233061,175.0999592812793,174.19558892280122,174.59384155273438,99529300
2015-04-16 00:00:00-04:00,174.2619722880361,175.05018512825168,174.06283963631105,174.5440673828125,68934900
2015-04-17 00:00:00-04:00,173.35754046703426,173.5981479249098,171.7562126949012,172.5361328125,191113200
2015-04-20 00:00:00-04:00,173.45706354171097,174.44440847380847,173.37410114570088,174.11253356933594,92189500
2015-04-21 00:00:00-04:00,174.79292391814982,174.95056896762836,173.60645881560166,173.9051513671875,72559800
2015-04-22 00:00:00-04:00,174.24528201169025,174.94223959173425,173.3243145604123,174.75970458984375,78264600
2015-04-23 00:00:00-04:00,174.36147293633184,175.8466432219657,174.24531542741792,175.19947814941406,102585900
2015-04-24 00:00:00-04:00,175.6143231698028,175.87152817072322,175.1579855906446,175.60601806640625,61327400
2015-04-27 00:00:00-04:00,176.17024581984043,176.2946957863419,174.685075365081,174.87591552734375,79358100
2015-04-28 00:00:00-04:00,174.85102087644302,175.48158845695426,173.6811405816105,175.4318084716797,86863500
2015-04-29 00:00:00-04:00,174.54399554046685,175.30731806756097,173.9051356170558,174.70994567871094,125684900
2015-04-30 00:00:00-04:00,174.13746218128156,174.52742224365647,172.26233184044423,172.95928955078125,161304900
2015-05-01 00:00:00-04:00,173.73920137750798,174.87589915945125,173.63964141362536,174.83441162109375,103399700
2015-05-04 00:00:00-04:00,175.25757748874994,175.9130477655993,175.1497250669073,175.33226013183594,70927200
2015-05-05 00:00:00-04:00,175.09165227666028,175.4484299868982,173.1833390657276,173.3243865966797,113326200
2015-05-06 00:00:00-04:00,173.87200317837147,174.17898825634953,171.54883966822416,172.61085510253906,135060200
2015-05-07 00:00:00-04:00,172.5112715607244,173.72263947585762,172.1793965303919,173.2994842529297,88244900
2015-05-08 00:00:00-04:00,174.96719142130206,175.7802941151666,174.8842163328538,175.58116149902344,155877300
2015-05-11 00:00:00-04:00,175.5396205318406,175.8051179265287,174.66843307198297,174.74310302734375,75708100
2015-05-12 00:00:00-04:00,173.9134587041349,174.75975644947212,173.0920509518764,174.22044372558594,119727600
2015-05-13 00:00:00-04:00,174.62697884122056,175.2492539083147,174.02130132077684,174.2536163330078,94667900
2015-05-14 00:00:00-04:00,175.2659141000497,176.16199203617555,174.9921114534371,176.0707244873047,95934000
2015-05-15 00:00:00-04:00,176.2615203857422,176.40256790681514,175.7802927290234,176.2615203857422,76510100
2015-05-18 00:00:00-04:00,176.0955850883532,177.05802775369216,176.02920754932617,176.8091278076172,74549700
2015-05-19 00:00:00-04:00,176.92523439359275,177.19903691566,176.46889685681396,176.75099182128906,72114600
2015-05-20 00:00:00-04:00,176.85055102371675,177.3732660782015,176.31125108448646,176.6265411376953,76857500
2015-05-21 00:00:00-04:00,176.48553362894427,177.34841625919387,176.319583462163,177.1409912109375,64764600
2015-05-22 00:00:00-04:00,176.75929408842902,177.17414411579225,176.6514416902629,176.7178192138672,57433500
2015-05-26 00:00:00-04:00,176.22835923642697,176.6515145413864,174.40302089530246,174.81787109375,124308600
2015-05-27 00:00:00-04:00,175.27414079278412,176.7095183772556,174.8675831984737,176.47720336914062,93214000
2015-05-28 00:00:00-04:00,176.1701958658901,176.38591330006497,175.58940841986788,176.27806091308594,74974600
2015-05-29 00:00:00-04:00,176.21167855992059,176.25315342904204,174.9173486699629,175.18284606933594,124919600
2015-06-01 00:00:00-04:00,175.84664258087983,176.17851755936138,174.75143236349666,175.53965759277344,93338800
2015-06-02 00:00:00-04:00,175.0833224787473,176.0540700977669,174.46104739012816,175.36541748046875,91531000
2015-06-03 00:00:00-04:00,175.8964251361335,176.45232269634687,175.34052757592013,175.83004760742188,87820900
2015-06-04 00:00:00-04:00,175.12479923909686,175.78025672160754,174.02958907362384,174.34487915039062,151882800
2015-06-05 00:00:00-04:00,174.19554356303513,174.71825870761285,173.39073340655372,174.04620361328125,121704700
2015-06-08 00:00:00-04:00,173.93833102314068,174.08768362665737,172.90120588284333,172.9758758544922,89063300
2015-06-09 00:00:00-04:00,172.9510040283203,173.49031675404825,172.32043643447227,172.9510040283203,105034700
2015-06-10 00:00:00-04:00,173.71435575987715,175.4069515395513,173.65628331951808,175.02528381347656,134551300
2015-06-11 00:00:00-04:00,175.46496915471943,175.971086709297,175.2326541454266,175.5894317626953,73876400
2015-06-12 00:00:00-04:00,174.76801536778927,175.4649603607381,173.97149776140645,174.24530029296875,135382400
2015-06-15 00:00:00-04:00,173.1086208896227,173.78067591599498,172.40337077095992,173.4985809326172,124384200
2015-06-16 00:00:00-04:00,173.3492173976957,174.52740255550577,173.17498748493023,174.44442749023438,85308200
2015-06-17 00:00:00-04:00,174.7265625,175.33225276281615,173.70603479640596,174.7265625,126708600
2015-06-18 00:00:00-04:00,175.3239341446082,177.00822441202155,174.75974412764305,176.54359436035156,165867900
2015-06-19 00:00:00-04:00,176.30179312772805,176.37682630299184,175.38467857961558,175.75985717773438,130478700
2015-06-22 00:00:00-04:00,176.67697185866155,177.24390614570285,176.45185961090112,176.66029357910156,70696000
2015-06-23 00:00:00-04:00,176.86870276099515,177.1188260321435,176.39347999543156,176.7853240966797,68476800
2015-06-24 00:00:00-04:00,176.51856260613104,176.89374121005542,175.47639274978548,175.50140380859375,92307300
2015-06-25 00:00:00-04:00,176.0016256279538,176.12668090437373,174.8927555304371,174.96778869628906,97107400
2015-06-26 00:00:00-04:00,175.32636882131126,175.5681594282429,174.38425562567184,174.9345245361328,104174800
2015-06-29 00:00:00-04:00,173.45879751078752,174.94284674557986,171.19103430939182,171.2660675048828,202621300
2015-06-30 00:00:00-04:00,172.80014629128402,172.85018114556345,171.1493523105692,171.6245880126953,182925100
2015-07-01 00:00:00-04:00,173.1919998852783,173.44212326454112,172.2165301557765,173.000244140625,135979900
2015-07-02 00:00:00-04:00,173.47539839152594,173.64214299215135,172.4248832361705,172.8417510986328,104373700
2015-07-06 00:00:00-04:00,171.5578830488215,173.1252982860013,171.3577818024183,172.3499298095703,117975400
2015-07-07 00:00:00-04:00,172.55003385811443,173.55884744416352,170.17388081547682,173.4337921142578,173820200
2015-07-08 00:00:00-04:00,172.09980861176086,172.38327583973646,170.29060275537043,170.5240478515625,164020100
2015-07-09 00:00:00-04:00,172.6166988345158,172.87516768530955,170.72412724140756,170.83250427246094,144113100
2015-07-10 00:00:00-04:00,172.82512389656327,173.4004037522597,170.87418477691543,172.98353576660156,129456900
2015-07-13 00:00:00-04:00,174.24249393444856,175.0011840376992,174.20080458943872,174.89280700683594,106069400
2015-07-14 00:00:00-04:00,174.85107946681126,175.959949648478,174.79271185218707,175.65145874023438,81709600
2015-07-15 00:00:00-04:00,175.6931533625977,176.15171062773106,175.11787358650312,175.59310913085938,97914100
2015-07-16 00:00:00-04:00,176.6436384017293,177.0021514892578,176.401860564588,177.0021514892578,106683300
2015-07-17 00:00:00-04:00,176.99382504937782,177.21060456995625,176.58530251623148,177.15223693847656,89030000
2015-07-20 00:00:00-04:00,177.37731254025718,177.73581287041966,176.92710075231818,177.24391174316406,70446800
2015-07-21 00:00:00-04:00,177.11052872219872,177.36899756318357,176.24344889766735,176.54359436035156,77965000
2015-07-22 00:00:00-04:00,175.85996069770812,176.56030873500586,175.82661684917207,176.226806640625,88667900
2015-07-23 00:00:00-04:00,176.3601370692926,176.46018129676366,174.87608832674283,175.23458862304688,90509100
2015-07-24 00:00:00-04:00,175.3346790374915,175.39303394072115,173.08359443714681,173.41708374023438,117755000
2015-07-27 00:00:00-04:00,172.53331692506057,173.04189635575844,171.96636987227896,172.4082489013672,132361100
2015-07-28 00:00:00-04:00,173.24197951304296,174.66767351979433,172.41658910232414,174.52593994140625,123544800
2015-07-29 00:00:00-04:00,174.65099030361242,175.95161625375798,174.5092567292299,175.7265167236328,105791300
2015-07-30 00:00:00-04:00,175.21795021419427,175.9349636396938,174.6009810316665,175.76821899414062,91304400
2015-07-31 00:00:00-04:00,176.2684392962481,176.2934503550564,175.21793666089977,175.50140380859375,103266900
2015-08-03 00:00:00-04:00,175.46806861139632,175.52642351088926,173.9589958987843,174.90945434570312,113965700
2015-08-04 00:00:00-04:00,174.8344311081119,175.29298843792213,174.08407382064158,174.56764221191406,81820800
2015-08-05 00:00:00-04:00,175.45974010894733,176.1767535837583,174.85944916623106,175.14292907714844,85786800
2015-08-06 00:00:00-04:00,175.32632990270608,175.43471964877418,173.12526747125386,173.70889282226562,116030800
2015-08-07 00:00:00-04:00,173.5504868841622,173.70055325602934,172.47496033190805,173.37539672851562,117858000
2015-08-10 00:00:00-04:00,174.48424227765,175.64313463087947,174.48424227765,175.5597686767578,80270700
2015-08-11 00:00:00-04:00,174.22586194010012,174.64273005734745,173.2170354987672,173.97573852539062,126081400
2015-08-12 00:00:00-04:00,172.67505252000194,174.36753547494192,171.2160146125157,174.18411254882812,172123700
2015-08-13 00:00:00-04:00,174.02574688422862,174.70941664884634,173.4254558251804,173.96739196777344,89383300
2015-08-14 00:00:00-04:00,173.7755946750251,174.67603111429312,173.63386107650172,174.6009979248047,72786500
2015-08-17 00:00:00-04:00,174.00907700255445,175.5764923095703,173.55051957690992,175.5764923095703,79072600
2015-08-18 00:00:00-04:00,175.301331420975,175.65149902362893,174.83444128410312,175.06788635253906,71692700
2015-08-19 00:00:00-04:00,174.32577462932588,175.09280985945605,172.87508281829963,173.68380737304688,172946000
2015-08-20 00:00:00-04:00,172.17478180084714,173.6588305616013,169.99873077406508,170.05709838867188,194327900
2015-08-21 00:00:00-04:00,168.18952235257711,170.03208410082271,164.67950169657928,164.93795776367188,346588500
2015-08-24 00:00:00-04:00,156.31714588799085,164.64615924941685,152.07342055854252,157.99295043945312,507244300
2015-08-25 00:00:00-04:00,162.93697156316705,162.9536498402753,155.84188490846205,156.13369750976562,369833100
2015-08-26 00:00:00-04:00,160.1440002975013,162.4034175624489,157.0508343737949,162.1282958984375,339257000
2015-08-27 00:00:00-04:00,164.2626591901485,166.26362036631141,162.75359916753715,166.13856506347656,274143900
2015-08-28 00:00:00-04:00,165.49656815069264,166.61377114946035,165.01299982544998,166.14688110351562,160414400
2015-08-31 00:00:00-04:00,165.17142653523922,166.02184075075263,164.25431191833255,164.80458068847656,163298800
2015-09-01 00:00:00-04:00,161.0111258010714,162.38679812081975,159.01849685471262,159.88558959960938,256000400
2015-09-02 00:00:00-04:00,162.26167538279665,162.96202320130396,160.42745896303018,162.9203338623047,160269300
2015-09-03 00:00:00-04:00,163.62899367032688,165.12138796903685,162.54514724058606,163.03704833984375,152087800
2015-09-04 00:00:00-04:00,160.78599337005926,161.62806215377893,159.75215614582967,160.5692138671875,207081000
2015-09-08 00:00:00-04:00,163.36224883448918,164.75458655536866,162.72026849359887,164.60450744628906,116025700
2015-09-09 00:00:00-04:00,166.18026284486263,166.3053181540487,162.03659397647715,162.40342712402344,149347700
2015-09-10 00:00:00-04:00,162.21165920366735,164.42939981290357,161.9532031029294,163.2871856689453,158611100
2015-09-11 00:00:00-04:00,162.89532399093918,164.09590572079074,162.18664338818505,164.02920532226562,119691200
2015-09-14 00:00:00-04:00,164.20433782263007,164.25435995785483,162.9370552691167,163.42062377929688,79452000
2015-09-15 00:00:00-04:00,163.9207947539575,165.90509001207155,163.37887157728196,165.4632110595703,113806200
2015-09-16 00:00:00-04:00,165.7633483866192,167.08898517960765,165.4215136749285,166.897216796875,99581600
2015-09-17 00:00:00-04:00,166.76390058189295,169.1567191508858,166.14693127954274,166.52210998535156,276046600
2015-09-18 00:00:00-04:00,164.01884042822752,166.5078989170633,163.3902873338473,163.80093383789062,223657500
2015-09-21 00:00:00-04:00,164.6306196479839,165.6698191903658,163.59979620941505,164.6473846435547,105726200
2015-09-22 00:00:00-04:00,162.48508230140018,162.97116463521715,161.3788233096915,162.51022338867188,153890900
2015-09-23 00:00:00-04:00,162.67782322819664,163.14714054084763,161.67214144566768,162.2504119873047,92790600
2015-09-24 00:00:00-04:00,161.03523499204192,162.12472915587193,159.70270601966715,161.66378784179688,159378800
2015-09-25 00:00:00-04:00,163.12202764694086,163.42373351263564,160.7502868003842,161.62188720703125,155054800
2015-09-28 00:00:00-04:00,160.72512624676162,160.83407948138324,157.2555156054115,157.5655975341797,178515900
2015-09-29 00:00:00-04:00,157.78352463470284,159.0154891991918,156.66050053114188,157.65780639648438,159045600
2015-09-30 00:00:00-04:00,159.54349491300738,160.7670836071366,158.7640953986758,160.59947204589844,163452000
2015-10-01 00:00:00-04:00,160.9765723137938,161.32018426471683,159.08253771523917,161.0184783935547,131079000
2015-10-02 00:00:00-04:00,159.040661430058,163.4489081848222,158.495907866993,163.42376708984375,211003300
2015-10-05 00:00:00-04:00,164.64730088545105,166.5581001942391,164.53834765158405,166.33181762695312,126320800
2015-10-06 00:00:00-04:00,166.19776314261216,166.75926885770076,165.09989280505525,165.761962890625,110274500
2015-10-07 00:00:00-04:00,166.69218957934794,167.4716016642994,165.50213120205433,167.11961364746094,124307300
2015-10-08 00:00:00-04:00,166.73414136871068,168.91313001848616,166.4324354447101,168.62818908691406,153055200
2015-10-09 00:00:00-04:00,168.77058954139574,169.20637686021877,168.1001307897503,168.7286834716797,107069200
2015-10-12 00:00:00-04:00,168.8041883083423,169.0891292594255,168.37677688171752,168.88800048828125,56395600
2015-10-13 00:00:00-04:00,168.15887733263554,169.42437224752607,167.65604259588926,167.8236541748047,88038700
2015-10-14 00:00:00-04:00,167.76492510688843,168.34319572404036,166.72572600400844,167.01904296875,99106200
2015-10-15 00:00:00-04:00,167.68113366653773,169.59193322957273,167.3123806301731,169.58355712890625,134142200
2015-10-16 00:00:00-04:00,169.98586114814174,170.37136646247572,169.2232138338629,170.3546142578125,114580100
2015-10-19 00:00:00-04:00,169.7092526096829,170.43836975097656,169.3991706600181,170.43836975097656,76523900
2015-10-20 00:00:00-04:00,170.00253483172406,170.83221609491574,169.75111122944892,170.22042846679688,78448500
2015-10-21 00:00:00-04:00,170.63948882314182,170.79033533409486,168.99686546111812,169.16448974609375,102038000
2015-10-22 00:00:00-04:00,170.1114939640774,172.231810651103,169.16448328739693,172.0222930908203,174911700
2015-10-23 00:00:00-04:00,173.69006531550164,174.27671195318962,172.89390110807238,173.907958984375,144442300
2015-10-26 00:00:00-04:00,173.73202980492053,173.79068809444453,173.11185298629266,173.48060607910156,69033000
2015-10-27 00:00:00-04:00,172.81011938125604,173.48057828002285,172.46650743729634,173.14535522460938,77905800
2015-10-28 00:00:00-04:00,173.480587526555,175.13996347879436,172.81851748104603,175.1148223876953,135906700
2015-10-29 00:00:00-04:00,174.61198147797265,175.3830047490535,174.49465212776337,175.01425170898438,90525500
2015-10-30 00:00:00-04:00,175.2070182725639,175.52548915759263,174.10077185226265,174.25999450683594,131076900
2015-11-02 00:00:00-05:00,174.5868408471371,176.51439263594077,174.46112260790636,176.32164001464844,86270800
2015-11-03 00:00:00-05:00,175.9696589159223,177.38600006681244,175.7433763067183,176.83287048339844,95246100
2015-11-04 00:00:00-05:00,177.12615718602464,177.25186261170902,175.7600985498795,176.2964630126953,96224500
2015-11-05 00:00:00-05:00,176.35509624198778,176.81603738394554,175.23208530553484,176.1204376220703,78408700
2015-11-06 00:00:00-05:00,175.77690939553904,176.26299181489833,174.70418019003608,176.0283203125,110471500
2015-11-09 00:00:00-05:00,175.4165194582403,175.56737878519792,173.43867273416632,174.3856964111328,131008700
2015-11-10 00:00:00-05:00,173.9080329189441,174.82153963021315,173.63985696539157,174.7880096435547,75874600
2015-11-11 00:00:00-05:00,175.05613820965038,175.10642038441057,174.03369136306415,174.10073852539062,67846000
2015-11-12 00:00:00-05:00,173.0615183821333,173.53083570794695,171.6535664046923,171.67031860351562,121315200
2015-11-13 00:00:00-05:00,171.2596546572264,171.5278304780325,169.65893746712666,169.74273681640625,153577100
2015-11-16 00:00:00-05:00,169.55841348926387,172.38270671213425,169.44107135405784,172.32403564453125,117645200
2015-11-17 00:00:00-05:00,172.6341492455715,173.51411305218159,171.70389046640724,172.19834899902344,121123700
2015-11-18 00:00:00-05:00,172.67602370486216,175.07290561750696,172.63413041421526,174.93043518066406,121342500
2015-11-19 00:00:00-05:00,174.81310398174264,175.19862199754098,174.48625703293217,174.7795867919922,88220500
2015-11-20 00:00:00-05:00,175.5338332443972,176.09533884752574,175.03937480420112,175.41650390625,94011500
2015-11-23 00:00:00-05:00,175.4751928567913,175.97802744813458,174.75445176671988,175.21539306640625,64931200
2015-11-24 00:00:00-05:00,174.2096893297508,175.85231293454058,173.82418410838238,175.45004272460938,98874400
2015-11-25 00:00:00-05:00,175.57574276884174,175.77688426159057,175.16508368329,175.42489624023438,51980100
2015-11-27 00:00:00-05:00,175.51708434940895,175.82717910489592,175.03939085313215,175.62603759765625,37317800
2015-11-30 00:00:00-05:00,175.78529486042987,175.90262422390845,174.78798887689123,174.89694213867188,112822700
2015-12-01 00:00:00-05:00,175.52546763035855,176.6820088811428,175.2489028622171,176.56466674804688,97858400
2015-12-02 00:00:00-05:00,176.5143660168775,176.83283682937392,174.51137847141774,174.76280212402344,108441300
2015-12-03 00:00:00-05:00,175.0142928223939,175.2824687767535,171.5949630856936,172.31570434570312,166224200
2015-12-04 00:00:00-05:00,172.3156725330037,175.96966035065273,172.3156725330037,175.67633056640625,192913900
2015-12-07 00:00:00-05:00,175.34947755684817,175.76851278396063,173.6481955578069,174.6119842529297,102027100
2015-12-08 00:00:00-05:00,173.05316968576795,174.56168624677528,172.45813404692703,173.4386749267578,103372400
2015-12-09 00:00:00-05:00,172.80172035190606,174.88850725265175,171.11719083392987,172.08935546875,162401500
2015-12-10 00:00:00-05:00,172.15647062028702,173.84098801561115,171.92181186236954,172.53359985351562,116128900
2015-12-11 00:00:00-05:00,170.42161596421371,171.08368593413098,168.8795567545404,169.1896514892578,211173300
2015-12-14 00:00:00-05:00,169.34889219017325,170.17019760312135,167.5721742429756,170.0444793701172,182385200
2015-12-15 00:00:00-05:00,171.5530859871483,172.7347688552199,170.01941492627896,171.82965087890625,154069600
2015-12-16 00:00:00-05:00,172.95258061456695,174.64548636656923,171.63681676475792,174.34378051757812,197017000
2015-12-17 00:00:00-05:00,174.65386687143496,174.72091403822824,171.6703382828012,171.68710327148438,173092500
2015-12-18 00:00:00-05:00,170.94691963686665,171.08179917599455,168.46832640071943,168.62850952148438,251393500
2015-12-21 00:00:00-05:00,169.80037124585664,170.19660966654243,168.6875281416203,170.01956176757812,99094300
2015-12-22 00:00:00-05:00,170.9047326303982,171.85739236404658,169.9183562341986,171.56231689453125,111026200
2015-12-23 00:00:00-05:00,172.5655446669815,173.72896882744485,172.47280777210335,173.6868133544922,110987200
2015-12-24 00:00:00-05:00,173.43395231376144,173.94821838482557,173.18103225414737,173.4002227783203,48539600
2015-12-28 00:00:00-05:00,172.70887655655358,173.0460946385875,171.9332646766393,173.0039520263672,65899900
2015-12-29 00:00:00-05:00,174.09995941293676,175.17907297379065,174.06624274218123,174.85028076171875,92640700
2015-12-30 00:00:00-05:00,174.60579258526704,174.6901035548786,173.46765881575018,173.61097717285156,63317700
2015-12-31 00:00:00-05:00,172.93652912124026,173.577248708989,171.874267578125,171.874267578125,114877900
2016-01-04 00:00:00-05:00,169.02472259585497,169.47996830831684,167.42290449220576,169.47154235839844,222353500
2016-01-05 00:00:00-05:00,169.79194116005368,170.21347032168643,168.65382014207472,169.7582244873047,110845800
2016-01-06 00:00:00-05:00,167.2122202398324,168.66228189274798,166.5883651811944,167.6168975830078,152112600
2016-01-07 00:00:00-05:00,164.67454181615454,166.45339493899422,163.20761607684997,163.59542846679688,213436100
2016-01-08 00:00:00-05:00,164.5565478315544,165.1129693840645,161.513106924341,161.79974365234375,209817200
2016-01-11 00:00:00-05:00,162.71864708325168,163.0558780579135,160.02930242058451,161.95989990234375,187941300
2016-01-12 00:00:00-05:00,163.40157027544498,164.01699924906333,161.14216728137274,163.2666778564453,172330500
2016-01-13 00:00:00-05:00,163.93267001905855,164.27832698024162,158.81531325949402,159.19468688964844,221168900
2016-01-14 00:00:00-05:00,159.8016965822818,162.92943553919108,158.208316977203,161.80816650390625,240795600
2016-01-15 00:00:00-05:00,157.4579876827775,159.13566531111854,156.40416490555924,158.3347625732422,324846400
2016-01-19 00:00:00-05:00,160.14728896606061,160.27374250909304,156.97738293758923,158.54547119140625,195244400
2016-01-20 00:00:00-05:00,155.9910714143323,158.07342638030607,152.61041236653622,156.51376342773438,286547800
2016-01-21 00:00:00-05:00,156.98586912340346,159.22839410217688,155.66226160803873,157.39053344726562,195772900
2016-01-22 00:00:00-05:00,159.99559332480396,160.82178680616093,159.2368460469932,160.6194610595703,168319600
2016-01-25 00:00:00-05:00,160.11356206096383,160.30746178479558,157.9974912673792,158.19139099121094,130371700
2016-01-26 00:00:00-05:00,158.8490429279834,160.6278964509055,158.5118247544825,160.3496856689453,141036800
2016-01-27 00:00:00-05:00,159.82700049285475,161.49625239213077,157.7024898893812,158.6045684814453,185681700
2016-01-28 00:00:00-05:00,160.14732966105083,160.3496553813156,157.78676430027338,159.43072509765625,143798800
2016-01-29 00:00:00-05:00,160.1978876241089,163.4520920768119,160.0798600165619,163.31719970703125,210529300
2016-02-01 00:00:00-05:00,162.31400336657373,164.0422753468065,161.73229111753486,163.2582244873047,136061600
2016-02-02 00:00:00-05:00,161.83347120425384,161.84189715589827,159.7932588700517,160.3159637451172,182564900
2016-02-03 00:00:00-05:00,161.3697602245639,161.68168761708515,157.7361817318406,161.2770233154297,205054900
2016-02-04 00:00:00-05:00,160.77963173464707,162.49946476772794,160.14733809741855,161.5299530029297,139531800
2016-02-05 00:00:00-05:00,161.0156624789085,161.58893578129417,157.8204652481133,158.4527587890625,180788300
2016-02-08 00:00:00-05:00,156.6149455486678,156.91000823816955,154.1110613436716,156.3198699951172,191526700
2016-02-09 00:00:00-05:00,154.58310851845235,157.60125756788545,154.448216157082,156.32823181152344,184513100
2016-02-10 00:00:00-05:00,157.1544756864922,158.7815717708362,156.06692344935064,156.19338989257812,148214100
2016-02-11 00:00:00-05:00,153.72318158695094,155.20697179332245,152.66935916267266,154.1615753173828,219058900
2016-02-12 00:00:00-05:00,155.93206008196765,157.35681772325216,155.0890018292547,157.3399658203125,127632400
2016-02-16 00:00:00-05:00,159.14409084927416,160.02086566659136,158.18300507119434,159.99557495117188,120250700
2016-02-17 00:00:00-05:00,161.15899356755773,162.98000219707777,161.0325271309253,162.6090545654297,136009500
2016-02-18 00:00:00-05:00,162.87888005390369,162.93790031655604,161.63115722577803,161.94308471679688,102343000
2016-02-19 00:00:00-05:00,161.16740201520466,162.0188859942573,160.56039920461745,161.8671417236328,114793000
2016-02-22 00:00:00-05:00,163.4436752219077,164.35417954418443,163.37622902795616,164.2108612060547,103640300
2016-02-23 00:00:00-05:00,163.55326373997096,163.8230484940775,162.01889189509143,162.13693237304688,111455300
2016-02-24 00:00:00-05:00,160.71222239458268,163.15708654029385,159.60781797985007,162.87887573242188,150812200
2016-02-25 00:00:00-05:00,163.3256446324791,164.86001657290862,162.5668974763839,164.85157775878906,110728300
2016-02-26 00:00:00-05:00,165.71991833795718,165.81264236909203,164.31200014822562,164.47218322753906,129833700
2016-02-29 00:00:00-05:00,164.48910068824537,165.43332184054452,162.9884579866063,163.18235778808594,125918100
2016-03-01 00:00:00-05:00,164.40471905823955,167.10251467230725,163.93260868499056,167.01820373535156,141799700
2016-03-02 00:00:00-05:00,166.70632132039938,167.81915137646766,166.29321820053025,167.76856994628906,102415000
2016-03-03 00:00:00-05:00,167.5915456709263,168.44304274563157,167.0182722294656,168.42617797851562,95172200
2016-03-04 00:00:00-05:00,168.62003825160113,169.7497458306991,167.79384495325377,168.97412109375,129293600
2016-03-07 00:00:00-05:00,168.05523173245695,169.51373179540596,167.9793595758545,169.1090545654297,100219000
2016-03-08 00:00:00-05:00,168.03835062068885,168.54417777416353,167.10255559310772,167.26272583007812,123974900
2016-03-09 00:00:00-05:00,168.07204820145247,168.4345569770791,167.28799754972553,168.0889129638672,94801200
2016-03-10 00:00:00-05:00,168.57791165780847,169.5137067095646,166.40282010875242,168.22381591796875,156838700
2016-03-11 00:00:00-05:00,169.67384382062787,170.98058625779174,168.20693117363018,170.9384307861328,137964500
2016-03-14 00:00:00-04:00,170.43264735941028,171.17452982159008,170.10385517875008,170.7192840576172,73612000
2016-03-15 00:00:00-04:00,169.75816509438127,170.74454144381465,169.49681916385336,170.4410400390625,93169100
2016-03-16 00:00:00-04:00,169.96054660976955,171.83213693477836,169.9183911248905,171.42745971679688,129303200
2016-03-17 00:00:00-04:00,171.34314903469127,173.02082657892635,170.94691066119776,172.51499938964844,134278500
2016-03-18 00:00:00-04:00,173.0149863304641,173.5319048209772,172.7014500581585,173.1929473876953,138372400
2016-03-21 00:00:00-04:00,172.9302388198123,173.66747828660118,172.70143545996896,173.4386749267578,72926700
2016-03-22 00:00:00-04:00,172.66753124752051,173.91321974650177,172.5065348857441,173.345458984375,97471900
2016-03-23 00:00:00-04:00,172.96410706036843,173.15053748796785,172.0319549223713,172.20144653320312,81052500
2016-03-24 00:00:00-04:00,171.17609207919185,172.15908660234746,170.955771071062,172.12518310546875,84360900
2016-03-28 00:00:00-04:00,172.54038859451902,172.75224015887895,171.7777281349806,172.2268524169922,62408200
2016-03-29 00:00:00-04:00,171.82012757996412,173.93017430072314,171.51506073997965,173.82000732421875,92922900
2016-03-30 00:00:00-04:00,174.8199295998602,175.3029444872904,174.21826541228114,174.58265686035156,86365300
2016-03-31 00:00:00-04:00,174.48943875381522,174.91314191454202,173.99794153572478,174.15895080566406,94584100
2016-04-01 00:00:00-04:00,173.16749404386812,175.5317520880499,172.85394489943778,175.34532165527344,114423500
2016-04-04 00:00:00-04:00,175.26902399778817,175.47240613852486,174.47246010955988,174.77752685546875,63497000
2016-04-05 00:00:00-04:00,173.43862696951703,174.78599973639749,172.77765116197594,173.03187561035156,99662200
2016-04-06 00:00:00-04:00,173.03191817198646,174.98095551509184,172.8539571352317,174.921630859375,91839800
2016-04-07 00:00:00-04:00,173.83698339286025,174.19289260089965,172.09979733687882,172.8285675048828,113859000
2016-04-08 00:00:00-04:00,174.00641968290486,174.4386052040037,172.7607312933758,173.2946014404297,95040600
2016-04-11 00:00:00-04:00,173.93015409491906,174.62503351153455,172.79463268426892,172.88784790039062,83757500
2016-04-12 00:00:00-04:00,173.05736677253682,174.77760103557026,172.6167117457782,174.49795532226562,115350600
2016-04-13 00:00:00-04:00,175.41312217712402,176.34527437534416,175.2775340518565,176.26052856445312,96336400
2016-04-14 00:00:00-04:00,176.3198524369293,176.76897678579215,175.92157040221767,176.2689971923828,65212900
2016-04-15 00:00:00-04:00,176.26898125098356,176.40456936338802,175.75206288653632,176.07408142089844,75761600
2016-04-18 00:00:00-04:00,176.0740908506917,177.34520037917224,175.4131149303134,177.31130981445312,82531000
2016-04-19 00:00:00-04:00,177.73501501914237,178.12481470463754,177.0570873434698,177.87059020996094,88316100
2016-04-20 00:00:00-04:00,177.91296612418077,178.73495134365143,177.4384206222998,178.0400848388672,81100300
2016-04-21 00:00:00-04:00,178.057001050569,178.16716800323152,176.8113128010852,177.08248901367188,85695000
2016-04-22 00:00:00-04:00,176.72657993244698,177.35365229586503,176.18424043766717,177.08248901367188,99251700
2016-04-25 00:00:00-04:00,176.48080744822406,176.81977768048833,175.87067396054059,176.77740478515625,66166500
2016-04-26 00:00:00-04:00,177.14179997053336,177.54856428767246,176.56556991684315,177.0401153564453,75864200
2016-04-27 00:00:00-04:00,176.65877363671703,177.79429485484587,176.30286458015692,177.4044952392578,77329400
2016-04-28 00:00:00-04:00,176.65035289468423,177.75197092687552,175.37924322948243,175.79446411132812,97216200
2016-04-29 00:00:00-04:00,175.1758707044217,175.5233104687304,173.74375166699065,174.8453826904297,142424100
2016-05-02 00:00:00-04:00,175.34532812902663,176.4130555222075,174.91315552639526,176.235107421875,62188000
2016-05-03 00:00:00-04:00,175.00640660086017,175.24367940351192,173.95561781026115,174.7013397216797,106422100
2016-05-04 00:00:00-04:00,173.70983730544705,174.43860730448847,173.22680946555437,173.72677612304688,92243800
2016-05-05 00:00:00-04:00,174.19280710418795,174.54871613754133,173.26913749879046,173.69284057617188,67619200
2016-05-06 00:00:00-04:00,172.92176284461493,174.3708336030968,172.7692358860361,174.32846069335938,89315000
2016-05-09 00:00:00-04:00,174.20135557223787,174.90469156894966,174.02339452280697,174.47251892089844,74374900
2016-05-10 00:00:00-04:00,175.1758515148401,176.65881271037375,175.1080574513968,176.64186096191406,77472200
2016-05-11 00:00:00-04:00,176.18425645121343,176.71811365637674,174.98941040039062,174.98941040039062,81727000
2016-05-12 00:00:00-04:00,175.65888632277918,175.82837796577218,174.03186740714267,175.040283203125,89586300
2016-05-13 00:00:00-04:00,174.74364193878978,175.29445080844502,173.19288700788638,173.514892578125,96474600
2016-05-16 00:00:00-04:00,173.68439660777403,175.70121475883096,173.62507196166376,175.22666931152344,77486800
2016-05-17 00:00:00-04:00,174.95551118991153,175.2436262299386,173.06578582235952,173.5911865234375,114924900
2016-05-18 00:00:00-04:00,173.24379248276094,174.81996914050632,172.55739526461974,173.64207458496094,120062100
2016-05-19 00:00:00-04:00,172.9217383836145,173.32848981268344,171.83705928583413,173.04037475585938,115430500
2016-05-20 00:00:00-04:00,173.65053228615866,174.650478644596,173.59968996682053,174.13356018066406,104990400
2016-05-23 00:00:00-04:00,174.1504823243016,174.4301279842803,173.70984031196735,173.89627075195312,58682600
2016-05-24 00:00:00-04:00,174.70975671321835,176.4638939748023,174.68433555844706,176.1503448486328,93537800
2016-05-25 00:00:00-04:00,176.82831162377144,177.76046393971208,176.15038384221432,177.34523010253906,76621400
2016-05-26 00:00:00-04:00,177.4808487414288,177.70965215472893,177.08256658621715,177.39610290527344,55280700
2016-05-27 00:00:00-04:00,177.55704249760646,178.16717607316846,177.50620018804196,178.15870666503906,64211200
2016-05-31 00:00:00-04:00,178.4298509176758,178.54001786357134,177.26042620091602,177.81971740722656,109879400
2016-06-01 00:00:00-04:00,177.209602796253,178.3620758910807,177.01470296613778,178.1841278076172,69936200
2016-06-02 00:00:00-04:00,177.7858797671181,178.7434402843368,177.31133421338203,178.72650146484375,63044700
2016-06-03 00:00:00-04:00,178.16722105071435,178.54008198883983,176.98932650367107,178.19264221191406,101757100
2016-06-06 00:00:00-04:00,178.5484519913925,179.4551826706798,178.38744277317213,179.09927368164062,64887000
2016-06-07 00:00:00-04:00,179.25186150671053,179.93825857110662,179.22644035102138,179.37896728515625,60974800
2016-06-08 00:00:00-04:00,179.51462062962904,180.0908638722168,179.387514804999,179.9637451171875,66170900
2016-06-09 00:00:00-04:00,179.23489823755855,179.83656238777846,178.96373495084086,179.71792602539062,73786900
2016-06-10 00:00:00-04:00,178.3451363787507,178.6840937280972,177.47229598991518,178.0146484375,113829200
2016-06-13 00:00:00-04:00,177.41300388688646,178.26887969336636,176.55712808040656,176.64186096191406,117751200
2016-06-14 00:00:00-04:00,176.26052776899468,176.8876131477305,175.34532732316208,176.29441833496094,125059300
2016-06-15 00:00:00-04:00,176.29440241797562,177.41298494979887,175.86222985634978,176.0486602783203,109124500
2016-06-16 00:00:00-04:00,176.0487087623838,176.74358833208012,174.2183075318838,176.5740966796875,149533100
2016-06-17 00:00:00-04:00,176.4702080210614,176.49576138723262,175.260634364267,175.91653442382812,117055700
2016-06-20 00:00:00-04:00,177.87563727878802,178.5485639825912,176.96419092301392,177.04937744140625,82789600
2016-06-21 00:00:00-04:00,177.4327180900244,177.96083819196116,176.98977152195235,177.55197143554688,72461700
2016-06-22 00:00:00-04:00,177.73086185282682,178.4549084465351,177.1175551610752,177.2623748779297,95560500
2016-06-23 00:00:00-04:00,178.71892654071584,179.62184645879435,178.2589531287725,179.57073974609375,102731400
2016-06-24 00:00:00-04:00,173.45471943275535,179.60481154104718,172.67956633100692,173.1225128173828,333444400
2016-06-27 00:00:00-04:00,171.71702689879322,171.7255533496306,169.21269390864185,170.0219268798828,230775800
2016-06-28 00:00:00-04:00,171.62333532467787,173.11400855868138,171.31668202520586,173.0884552001953,159382400
2016-06-29 00:00:00-04:00,174.48539942212344,176.26568575451566,174.3831860051859,176.03570556640625,137328600
2016-06-30 00:00:00-04:00,176.5041987902838,178.48891188233904,175.950512474756,178.43780517578125,165021900
2016-07-01 00:00:00-04:00,178.43783741644256,179.29817712440217,178.27599081800903,178.81263732910156,106055300
2016-07-05 00:00:00-04:00,177.9863252335844,178.09706508375035,176.9300854232694,177.52635192871094,109803700
2016-07-06 00:00:00-04:00,177.0323211874561,178.71039406322262,176.37642144980018,178.5911407470703,96021500
2016-07-07 00:00:00-04:00,178.77006691614102,179.43448030163498,177.71382666106882,178.48045349121094,85593800
2016-07-08 00:00:00-04:00,179.77522885512255,181.3851557345207,179.5452355873109,181.13812255859375,133971000
2016-07-11 00:00:00-04:00,181.5980735130661,182.34767335157056,181.39363364866333,181.77694702148438,73633900
2016-07-12 00:00:00-04:00,182.7394995083198,183.39539936460767,181.8024997136228,183.09725952148438,101275600
2016-07-13 00:00:00-04:00,183.51458639369696,183.52309984415845,182.58611338565825,183.07164001464844,87324100
2016-07-14 00:00:00-04:00,184.33242457182143,184.56241784165158,183.702090940079,184.0939178466797,91230900
2016-07-15 00:00:00-04:00,184.65603683603393,184.8519502033913,183.40387057951722,183.84681701660156,107155400
2016-07-18 00:00:00-04:00,183.96611194887564,184.50275846526557,183.71056536975473,184.34091186523438,58725900
2016-07-19 00:00:00-04:00,183.9235254473303,184.18758548966142,183.6765053102707,184.1535186767578,54345700
2016-07-20 00:00:00-04:00,184.1534935758465,185.1586268899919,184.1534935758465,184.9201202392578,58159500
2016-07-21 00:00:00-04:00,184.8094176802233,185.03088445714766,183.77871787722287,184.22166442871094,67777300
2016-07-22 00:00:00-04:00,184.3409060500352,185.09901931234043,184.07684602574125,185.04791259765625,62787500
2016-07-25 00:00:00-04:00,184.84347369635424,184.89458041130248,183.96610709603976,184.5453338623047,55873100
2016-07-26 00:00:00-04:00,184.44306275185366,184.98822253687905,183.7871631206461,184.63046264648438,70080500
2016-07-27 00:00:00-04:00,185.00537534806,185.0735219874837,183.66802191994972,184.43466186523438,84083900
2016-07-28 00:00:00-04:00,184.23867279264252,184.93716586113342,183.77869937989922,184.64755249023438,65035700
2016-07-29 00:00:00-04:00,184.3835222992612,185.30346927354668,184.10242233581388,184.94570922851562,79519400
2016-08-01 00:00:00-04:00,185.00528114651027,185.39710787663188,184.3408679974903,184.79232788085938,73311400
2016-08-02 00:00:00-04:00,184.54538546805765,184.69871865341864,182.77362486542154,183.6083984375,92295500
2016-08-03 00:00:00-04:00,183.54872231596235,184.20462218226243,183.25059546592718,184.14498901367188,53993600
2016-08-04 00:00:00-04:00,184.25572533964777,184.65607861415472,182.5009920927308,184.34091186523438,46585500
2016-08-05 00:00:00-04:00,184.3408719822423,185.8911650309218,184.3408719822423,185.84857177734375,71892200
2016-08-08 00:00:00-04:00,186.0360266481112,186.1382530864224,185.47383972677943,185.73789978027344,39906500
2016-08-09 00:00:00-04:00,185.8059915214018,186.34262492404972,185.52489164495,185.84857177734375,51251700
2016-08-10 00:00:00-04:00,185.95935469412962,186.0360147697383,185.0393947939079,185.38864135742188,57941100
2016-08-11 00:00:00-04:00,185.91680144859453,186.496041361253,185.65274135512274,186.24900817871094,72504300
2016-08-12 00:00:00-04:00,185.9423384894421,186.30011154982938,185.68680487150948,186.087158203125,61313500
2016-08-15 00:00:00-04:00,186.4534039855917,186.9730105941644,186.4448905321406,186.62376403808594,49813500
2016-08-16 00:00:00-04:00,186.20643024396827,186.27456388382728,185.66127014160156,185.66127014160156,53213600
2016-08-17 00:00:00-04:00,185.69528553228906,186.14674550776292,184.86051219996892,186.0104522705078,75134300
2016-08-18 00:00:00-04:00,185.98486422928966,186.4618774730868,185.87413736760277,186.4278106689453,52989300
2016-08-19 00:00:00-04:00,185.95934477450407,186.33414467656135,185.47381799057598,186.15525817871094,75443000
2016-08-22 00:00:00-04:00,185.91676580332864,186.37675226307763,185.5504923239354,186.14675903320312,61368800
2016-08-23 00:00:00-04:00,186.76003679823123,187.05817660563002,186.46189699083246,186.5215301513672,53399200
2016-08-24 00:00:00-04:00,186.37670947206888,186.47040943327224,185.15009652454734,185.56748962402344,71728900
2016-08-25 00:00:00-04:00,185.1842117036874,185.85715150928922,185.03089154401502,185.43975830078125,69224800
2016-08-26 00:00:00-04:00,185.627131094704,186.64930433578445,184.20460460957435,185.09048461914062,122506300
2016-08-29 00:00:00-04:00,185.21824086345805,186.26596732761564,185.1841610610908,186.0019073486328,70502200
2016-08-30 00:00:00-04:00,185.9167640174861,186.19786396293492,185.14162380170342,185.69529724121094,58114500
2016-08-31 00:00:00-04:00,185.3631039833095,185.48235733264187,184.39203728227727,185.1671905517578,85269500
2016-09-01 00:00:00-04:00,185.1586345348241,185.46528781237726,184.01720794523555,185.17567443847656,97844200
2016-09-02 00:00:00-04:00,186.02749217457432,186.43635888870114,185.43973896184536,186.0104522705078,79293900
2016-09-06 00:00:00-04:00,186.29153193878327,186.64929189944218,185.57601201746544,186.5726318359375,56702100
2016-09-07 00:00:00-04:00,186.41078109706655,186.73447424370875,185.9508077286711,186.5555877685547,76554900
2016-09-08 00:00:00-04:00,186.22344547938243,186.49603201229638,185.82309213269093,186.12974548339844,74102900
2016-09-09 00:00:00-04:00,184.81795240213467,184.8690591259492,181.64920554922554,181.6747589111328,221589100
2016-09-12 00:00:00-04:00,180.91660570571437,184.68161850409962,180.8484590897426,184.28126525878906,168110900
2016-09-13 00:00:00-04:00,183.00359175487807,183.2676518350536,181.01035147454522,181.63217163085938,182828800
2016-09-14 00:00:00-04:00,181.68324870057552,182.88430854433517,181.01032192860217,181.56399536132812,134185500
2016-09-15 00:00:00-04:00,181.40217203040726,183.76168559041375,181.22328551258488,183.3783721923828,134427900
2016-09-16 00:00:00-04:00,182.76362212584925,182.94341221609312,181.98456657023831,182.66944885253906,155236400
2016-09-19 00:00:00-04:00,183.32017059335925,183.9622577591456,182.37843752488723,182.70376586914062,80250500
2016-09-20 00:00:00-04:00,183.55983983997842,183.7139344539165,182.67804138032696,182.7122802734375,69665300
2016-09-21 00:00:00-04:00,183.4143331732737,184.94677537147538,182.72943762383147,184.76699829101562,110284400
2016-09-22 00:00:00-04:00,185.77716455183224,186.23090496857742,185.52889666963492,185.93125915527344,76678700
2016-09-23 00:00:00-04:00,185.5374671479672,185.67444884801776,184.81833281764258,184.91250610351562,73630900
2016-09-26 00:00:00-04:00,184.08209142666828,184.2618684960777,183.21740578661957,183.41432189941406,89827300
2016-09-27 00:00:00-04:00,183.2516630614715,184.6471234918225,182.8835263269881,184.55296325683594,78494800
2016-09-28 00:00:00-04:00,184.7755725829116,185.62313237676642,183.81672655913044,185.46902465820312,87411000
2016-09-29 00:00:00-04:00,185.26347497848633,185.66585049534166,183.24304093802039,183.79095458984375,128070600
2016-09-30 00:00:00-04:00,184.62141895723138,185.87991058216204,184.37315105327025,185.1779022216797,117202900
2016-10-03 00:00:00-04:00,184.76696374787355,184.95529725204656,184.09918124112315,184.7327117919922,83512100
2016-10-04 00:00:00-04:00,184.84398654925255,185.0665719797992,183.2002455937824,183.79095458984375,119948100
2016-10-05 00:00:00-04:00,184.4159472616854,185.0323518152725,184.34745641536537,184.6042938232422,72816000
2016-10-06 00:00:00-04:00,184.3817010923231,184.95529725204656,183.84235688848102,184.7327117919922,62927400
2016-10-07 00:00:00-04:00,185.00666074402258,185.17788132018285,183.3714761556129,184.0991668701172,89788300
2016-10-10 00:00:00-04:00,185.05807495117188,185.52037193639262,184.9125367694673,185.05807495117188,51855000
2016-10-11 00:00:00-04:00,184.63003488674283,184.69852575481207,181.99319525091576,182.72088623046875,130367400
2016-10-12 00:00:00-04:00,182.85782847749783,183.48280261492656,182.3612795887013,182.9605712890625,73866100
2016-10-13 00:00:00-04:00,181.63359151521533,182.85783124494432,180.82028384808063,182.3612823486328,101357000
2016-10-14 00:00:00-04:00,183.337212137685,183.79952203251673,182.37836652365132,182.45541381835938,93346200
2016-10-17 00:00:00-04:00,182.42978031832754,182.686617766202,181.642155057929,181.8219451904297,58275700
2016-10-18 00:00:00-04:00,183.4143117616483,183.47423309370768,182.58387812767933,182.9605712890625,76869700
2016-10-19 00:00:00-04:00,183.2259466513188,183.75673438142863,182.86637950544184,183.4485321044922,66519200
2016-10-20 00:00:00-04:00,183.09755535598893,183.66259514566121,182.44691178997869,183.1061248779297,73639800
2016-10-21 00:00:00-04:00,183.106107657494,183.27732825736294,182.14724878429806,183.19171142578125,89089100
2016-10-24 00:00:00-04:00,184.0649985077786,184.3389619852428,183.6198143885481,183.9708251953125,60146600
2016-10-25 00:00:00-04:00,183.79099988849228,184.04783733368188,183.19172122524665,183.35438537597656,66542300
2016-10-26 00:00:00-04:00,182.53252658412072,183.56841979028252,182.29280204849215,182.98626708984375,75705500
2016-10-27 00:00:00-04:00,183.70538728812593,183.73962618296824,182.42121318718085,182.49826049804688,77220200
2016-10-28 00:00:00-04:00,182.4725523568128,183.14887820685595,181.24831282341424,181.95887756347656,140623200
2016-10-31 00:00:00-04:00,182.29279876235523,182.51539731357715,181.8048193679365,181.9674835205078,61272500
2016-11-01 00:00:00-04:00,182.2927891440418,182.34416708158656,179.44193411679908,180.6490478515625,122781800
2016-11-02 00:00:00-04:00,180.34082317980477,180.72608581549633,179.12514007455266,179.561767578125,103330800
2016-11-03 00:00:00-04:00,179.77582014393815,179.98984916370236,178.4659635880447,178.7399139404297,88939300
2016-11-04 00:00:00-04:00,178.85120155849046,179.690191603582,178.3974611112159,178.54299926757812,109122100
2016-11-07 00:00:00-05:00,178.54299901440498,182.51537683425684,178.54299901440498,182.4811248779297,109794900
2016-11-08 00:00:00-05:00,182.08732580286676,183.86804876461554,181.8219319159806,183.30300903320312,106772100
2016-11-09 00:00:00-05:00,181.81332020546031,185.8627576109567,181.78763777483698,185.24635314941406,258429000
2016-11-10 00:00:00-05:00,186.03403802709047,186.8987106173026,184.2533149055971,185.70870971679688,172113300
2016-11-11 00:00:00-05:00,184.98956331771262,185.52035110471618,184.33891980256973,185.2806396484375,100552700
2016-11-14 00:00:00-05:00,185.80291701187704,186.00838962386422,184.68140676428828,185.4262237548828,94580000
2016-11-15 00:00:00-05:00,185.81141254639604,186.8730010986328,185.6059530650747,186.8730010986328,91652600
2016-11-16 00:00:00-05:00,186.25660928341745,186.7531581694383,186.1367535566741,186.52200317382812,65617700
2016-11-17 00:00:00-05:00,186.676099078109,187.54077154766955,186.5647998162659,187.48085021972656,69797200
2016-11-18 00:00:00-05:00,187.54937860341124,187.72059922746448,186.88159596199995,187.06138610839844,86265800
2016-11-21 00:00:00-05:00,187.63496313098892,188.49963568487826,187.4894249623122,188.4739532470703,72402600
2016-11-22 00:00:00-05:00,188.78215239591617,189.02186385363086,188.11438289752599,188.8420867919922,67429000
2016-11-23 00:00:00-05:00,188.3283891520488,188.9961585697166,188.13148613486294,188.94479370117188,56620200
2016-11-25 00:00:00-05:00,189.28728337550007,189.6810894836144,189.2102229949598,189.6468505859375,37872300
2016-11-28 00:00:00-05:00,189.33862014822847,189.61257047886514,188.6537247266964,188.75645446777344,76572500
2016-11-29 00:00:00-05:00,188.79064236902852,189.57826726440499,188.49099664149554,189.12452697753906,69886700
2016-11-30 00:00:00-05:00,189.74101303143192,189.90367717850862,188.61093352329578,188.67086791992188,113291800
2016-12-01 00:00:00-05:00,188.97051707232507,188.97051707232507,187.61785196668092,187.97743225097656,79040500
2016-12-02 00:00:00-05:00,188.06303777935497,188.55958672629782,187.7120270139356,188.07159423828125,74840300
2016-12-05 00:00:00-05:00,188.90202952729857,189.54411666106003,188.70512646400132,189.20167541503906,67837800
2016-12-06 00:00:00-05:00,189.38997132242855,189.83515527372356,188.91054848101518,189.8009033203125,59877400
2016-12-07 00:00:00-05:00,189.6468220127813,192.34358221640227,189.5269662940269,192.28366088867188,110738100
2016-12-08 00:00:00-05:00,192.2579503668923,193.22535243290795,191.9925434696505,192.75448608398438,99714400
2016-12-09 00:00:00-05:00,192.9771338845785,193.93597973954576,192.94288192501824,193.91885375976562,88005800
2016-12-12 00:00:00-05:00,193.82464019077423,194.3040760819301,193.276726521317,193.69622802734375,102016100
2016-12-13 00:00:00-05:00,194.35545044058355,195.48551672384679,194.33832446352554,194.9889678955078,110477500
2016-12-14 00:00:00-05:00,194.68937324201593,195.3913816792487,192.94288901254768,193.3795166015625,142501800
2016-12-15 00:00:00-05:00,193.6192042449696,195.0317904674374,193.3880492594279,194.17567443847656,124972600
2016-12-16 00:00:00-05:00,194.63124198664173,194.691529641135,193.4772879233699,193.79591369628906,156420200
2016-12-19 00:00:00-05:00,193.97680164061245,194.63990026889914,193.8304056313038,194.21792602539062,90341100
2016-12-20 00:00:00-05:00,194.75179627515462,195.11349590689724,194.51929197797907,194.9670867919922,89838800
2016-12-21 00:00:00-05:00,194.8379452358374,195.0101750455565,194.42459106445312,194.42459106445312,67909000
2016-12-22 00:00:00-05:00,194.27818658290144,194.39874875846775,193.69258948708537,194.08872985839844,56219100
2016-12-23 00:00:00-05:00,194.13177206117248,194.38151643666708,193.94232848222345,194.37290954589844,36697800
2016-12-27 00:00:00-05:00,194.63982731069177,195.25124493566398,194.62260039243822,194.85511779785156,42672500
2016-12-28 00:00:00-05:00,195.1134687068661,195.13068248480434,193.13279360002076,193.24473571777344,64095000
2016-12-29 00:00:00-05:00,193.31370913120364,193.66678882733805,192.76256578565219,193.20176696777344,48696100
2016-12-30 00:00:00-05:00,193.52895156569957,193.61507303026372,191.80662739674145,192.4955596923828,108998300
2017-01-03 00:00:00-05:00,193.79591197608372,194.476237389342,192.79697393302524,193.96815490722656,91366500
2017-01-04 00:00:00-05:00,194.29536427788966,195.26848153297962,194.2867573884805,195.12208557128906,78744400
2017-01-05 00:00:00-05:00,194.85514465863406,195.12210279706622,194.17481926686474,194.9670867919922,78379000
2017-01-06 00:00:00-05:00,195.07904528556946,196.12966407630134,194.5365089692909,195.66464233398438,71559900
2017-01-09 00:00:00-05:00,195.4062733251903,195.54406239938967,194.98429921306328,195.0187530517578,46939700
2017-01-10 00:00:00-05:00,195.0359668308157,195.87129502525147,194.63121963803593,195.0187530517578,63771900
2017-01-11 00:00:00-05:00,194.93268151291917,195.5699462890625,194.26958292128418,195.5699462890625,74650000
2017-01-12 00:00:00-05:00,195.05322197351856,195.26851250549817,193.72703807825238,195.0790557861328,72113200
2017-01-13 00:00:00-05:00,195.2512620548958,195.82823903423753,195.2168213556575,195.52684020996094,62717900
2017-01-17 00:00:00-05:00,194.88955823940466,195.29430540595925,194.4503703766765,194.837890625,61240800
2017-01-18 00:00:00-05:00,195.08765908587074,195.31156964479436,194.53651585975967,195.2685089111328,54793300
2017-01-19 00:00:00-05:00,195.34599463170878,195.483783712224,194.11453921786523,194.5451202392578,66608800
2017-01-20 00:00:00-05:00,195.22549487918107,195.75080441881764,194.59685006626987,195.25994873046875,129168600
2017-01-23 00:00:00-05:00,195.25988085598757,195.32015536434764,193.9939716372401,194.7517852783203,75061600
2017-01-24 00:00:00-05:00,194.96711366334637,196.41387296884554,194.85517151455983,196.00051879882812,95555300
2017-01-25 00:00:00-05:00,196.9477557982735,197.6969757080078,196.7841329083282,197.6969757080078,84437700
2017-01-26 00:00:00-05:00,197.55055465753608,197.81752591147847,197.2147020080547,197.4902801513672,59970700
2017-01-27 00:00:00-05:00,197.56781818965763,197.71421417781394,196.99944801896262,197.1802978515625,59711100
2017-01-30 00:00:00-05:00,196.49135954736528,196.51719335976878,194.97571894509807,195.9574432373047,79737300
2017-01-31 00:00:00-05:00,195.46654382670206,196.00047319321024,194.8981869027836,195.940185546875,75880800
2017-02-01 00:00:00-05:00,195.94022927055596,196.85305907660958,195.43214673930603,196.01773071289062,79117700
2017-02-02 00:00:00-05:00,196.01771416236227,196.43108143382898,195.32879499049955,196.1468963623047,69657600
2017-02-03 00:00:00-05:00,197.05109133806323,197.67973590662965,196.74107249844477,197.49888610839844,80563200
2017-02-06 00:00:00-05:00,197.094191134407,197.49033153341225,196.81000602778656,197.14585876464844,57790100
2017-02-07 00:00:00-05:00,197.53339345823807,197.77451782767443,196.9650232415841,197.15447998046875,57931200
2017-02-08 00:00:00-05:00,197.15442953477168,197.54194980504766,196.61189327221177,197.41278076171875,51566200
2017-02-09 00:00:00-05:00,197.4128034001183,198.8853832240936,197.4128034001183,198.583984375,65955200
2017-02-10 00:00:00-05:00,198.92841162072386,199.5915100054071,198.60116587290565,199.3675994873047,66015900
2017-02-13 00:00:00-05:00,199.85852425311793,200.71107955863835,199.83269043843177,200.45272827148438,55182100
2017-02-14 00:00:00-05:00,200.2718463350098,201.26219058701622,199.92738676753206,201.25357055664062,71109000
2017-02-15 00:00:00-05:00,201.03828987887738,202.49365593222012,200.98662225525658,202.30419921875,86785800
2017-02-16 00:00:00-05:00,202.33003687434092,202.51088670074023,201.38276642928537,202.13197326660156,84722400
2017-02-17 00:00:00-05:00,201.46889815625454,202.45062255859375,201.4516712326226,202.45062255859375,77204100
2017-02-21 00:00:00-05:00,202.82089123635168,203.8284492656725,202.81227120600053,203.65621948242188,88946100
2017-02-22 00:00:00-05:00,203.25147490734517,203.69926972156108,203.08785201202807,203.47537231445312,62115200
2017-02-23 00:00:00-05:00,203.99207258780973,204.00928636796786,202.85533236344304,203.6131591796875,74615900
2017-02-24 00:00:00-05:00,202.76921937918132,203.91455332700036,202.72615864919575,203.8715057373047,82381600
2017-02-27 00:00:00-05:00,203.78542300183085,204.36240010046646,203.53569174492293,204.19017028808594,56515400
2017-02-28 00:00:00-05:00,203.81122209260744,204.05234641691743,203.25147201266427,203.6389923095703,96961900
2017-03-01 00:00:00-05:00,205.2923958208318,206.95444520988164,205.27516890262774,206.48941040039062,149158200
2017-03-02 00:00:00-05:00,206.29998018539592,206.308600215748,205.13741929311072,205.1890869140625,70246000
2017-03-03 00:00:00-05:00,205.1029620528857,205.48187545397204,204.72404865179934,205.31825256347656,81974300
2017-03-06 00:00:00-05:00,204.52599832218158,205.0599146181717,204.10402416355956,204.70684814453125,55391500
2017-03-07 00:00:00-05:00,204.40544736476315,204.7585269980592,203.88874482138883,204.09542846679688,65103700
2017-03-08 00:00:00-05:00,204.38812049902873,204.646471644385,203.57862637571205,203.71641540527344,78168800
2017-03-09 00:00:00-05:00,203.8370796757985,204.30211459855315,203.01037136468838,203.97486877441406,90683900
2017-03-10 00:00:00-05:00,204.93073003089174,204.9737907605969,203.74232222053638,204.68960571289062,81991700
2017-03-13 00:00:00-04:00,204.62933059248675,204.83601422355267,204.30209793532902,204.79295349121094,57256800
2017-03-14 00:00:00-04:00,204.25040165819996,204.3020824172589,203.39785966792678,204.00927734375,59880800
2017-03-15 00:00:00-04:00,204.57768905340063,206.1966781857777,204.34517158134187,205.7747039794922,96081800
2017-03-16 00:00:00-04:00,205.9125163076263,205.9900177602892,205.0427471226127,205.36997985839844,78344000
2017-03-17 00:00:00-04:00,205.63199726496683,205.82227819204954,205.00926208496094,205.00926208496094,89002100
2017-03-20 00:00:00-04:00,205.0092494983875,205.2946708714881,204.3951718875136,204.7843780517578,52537000
2017-03-21 00:00:00-04:00,205.38982235241298,205.51090901439778,202.02532881856098,202.15505981445312,131809300
2017-03-22 00:00:00-04:00,202.1896540008086,202.9161739384226,201.56691885500925,202.63075256347656,97569200
2017-03-23 00:00:00-04:00,202.63077792289533,203.54757889187846,202.04264643239952,202.41455078125,100410300
2017-03-24 00:00:00-04:00,202.71725794521547,203.28808752371825,201.4890894619878,202.2675018310547,112504900
2017-03-27 00:00:00-04:00,200.59822377562864,202.31939645634566,200.321459915953,202.05992126464844,87454500
2017-03-28 00:00:00-04:00,201.75719325688067,203.95405486324012,201.64475093774175,203.53025817871094,93483900
2017-03-29 00:00:00-04:00,203.24483095448198,203.95404898429783,203.01994632268642,203.72052001953125,61950400
2017-03-30 00:00:00-04:00,203.66001404084622,204.56817064319617,203.48703497312647,204.36923217773438,56737900
2017-03-31 00:00:00-04:00,204.03191476196116,204.55950948750663,203.84163383160336,203.89353942871094,73733100
2017-04-03 00:00:00-04:00,203.94544852350572,204.14437380427063,202.31077181340237,203.5389404296875,85546500
2017-04-04 00:00:00-04:00,203.25350299956253,203.75515152683073,202.8729411376724,203.6686553955078,56466200
2017-04-05 00:00:00-04:00,204.34332411644053,205.32067516778423,202.85568010097163,203.06326293945312,108800600
2017-04-06 00:00:00-04:00,203.2015942350403,204.1529856156892,202.76048247725743,203.63404846191406,69135800
2017-04-07 00:00:00-04:00,203.38325034394884,204.11842792690598,202.94215171264923,203.42649841308594,74412300
2017-04-10 00:00:00-04:00,203.56487877074764,204.343291194087,203.01998215593574,203.54757690429688,67615300
2017-04-11 00:00:00-04:00,203.16704662245124,203.40922000059405,201.81779117352434,203.30543518066406,88045300
2017-04-12 00:00:00-04:00,203.02864167040403,203.21892261084852,202.18967930502347,202.41455078125,81864400
2017-04-13 00:00:00-04:00,202.0771889279115,202.81236631371326,201.09983825683594,201.09983825683594,92880400
2017-04-17 00:00:00-04:00,201.6188044247861,202.88157653808594,201.41987918139105,202.88157653808594,68405400
2017-04-18 00:00:00-04:00,202.14639206600955,202.8123752285135,201.59285121855888,202.276123046875,83225800
2017-04-19 00:00:00-04:00,202.83830791464553,203.21021216665906,201.67932070713752,201.90420532226562,68699900
2017-04-20 00:00:00-04:00,202.51833360852208,203.9886887153188,202.19832166519814,203.54757690429688,92572200
2017-04-21 00:00:00-04:00,203.46973807880664,203.52163048064483,202.5010447179408,202.89889526367188,110389800
2017-04-24 00:00:00-04:00,205.13898490980165,205.3379233603899,202.87292893794245,205.13034057617188,119209900
2017-04-25 00:00:00-04:00,205.77038791146632,206.669886959925,205.68389178100873,206.3239288330078,76698300
2017-04-26 00:00:00-04:00,206.28930854770627,207.17151885724383,206.15093322651757,206.1941680908203,84702500
2017-04-27 00:00:00-04:00,206.51420510170553,206.66988229606818,205.83091999989713,206.36717224121094,57410300
2017-04-28 00:00:00-04:00,206.6266222370468,206.65256843460105,205.7876599895779,205.9174041748047,63532800
2017-05-01 00:00:00-04:00,206.4363555908203,206.8601655092565,206.02120320380425,206.4363555908203,66882500
2017-05-02 00:00:00-04:00,206.57475792811164,206.69584459897976,206.10771311117955,206.51422119140625,57375700
2017-05-03 00:00:00-04:00,206.51421282157696,206.60935328750722,205.588754362305,206.2633819580078,73137700
2017-05-04 00:00:00-04:00,206.56607360408137,206.64391219225826,205.6579171496534,206.50552368164062,61462700
2017-05-05 00:00:00-04:00,206.87747439671105,207.33587486401794,206.43636259791836,207.31857299804688,62001300
2017-05-08 00:00:00-04:00,207.36183518801747,207.50886806514407,206.8601866203432,207.28399658203125,48385700
2017-05-09 00:00:00-04:00,207.54341448674987,207.7423397129345,206.74768718710308,207.09365844726562,51363200
2017-05-10 00:00:00-04:00,207.0504238301856,207.465576171875,206.84284106061338,207.465576171875,54293800
2017-05-11 00:00:00-04:00,207.01583236805536,207.20611327327558,205.96064305636312,207.04177856445312,62358300
2017-05-12 00:00:00-04:00,206.79094123086725,207.08500691242796,206.42768129527087,206.69580078125,53912700
2017-05-15 00:00:00-04:00,207.11963353742098,207.95859581385963,207.10233167263556,207.83750915527344,61918900
2017-05-16 00:00:00-04:00,208.1315939933016,208.15754019413583,207.25804110448254,207.64724731445312,51241800
2017-05-17 00:00:00-04:00,207.64721259393744,207.64721259393744,203.9021575960711,203.96270751953125,172174100
2017-05-18 00:00:00-04:00,203.8848658703277,205.63198464016048,203.625390695013,204.7843780517578,107047700
2017-05-19 00:00:00-04:00,205.26874160827177,206.78233152544618,205.21684920841886,206.11634826660156,115011400
2017-05-22 00:00:00-04:00,206.6266353290807,207.32722229980186,206.55745426285634,207.1628875732422,61010600
2017-05-23 00:00:00-04:00,207.53479598358814,207.78562684405628,207.15423412457204,207.6212921142578,48341700
2017-05-24 00:00:00-04:00,207.85480369589155,208.2094061280343,207.51747673301352,208.10562133789062,46927700
2017-05-25 00:00:00-04:00,208.61594932157783,209.37707310415792,208.40837970629798,209.1002960205078,64071700
2017-05-26 00:00:00-04:00,208.90997604809624,209.22134361030675,208.83213745690742,209.05702209472656,46629900
2017-05-30 00:00:00-04:00,208.7369929564361,209.12619910229242,208.5813157770756,208.87538146972656,35201900
2017-05-31 00:00:00-04:00,209.16945969341108,209.20406342253426,208.13157217646426,208.82350158691406,91796000
2017-06-01 00:00:00-04:00,209.28190858500193,210.5014327244796,208.9964871993291,210.484130859375,68962000
2017-06-02 00:00:00-04:00,210.5360110522851,211.34038276481593,210.2419453498353,211.1846923828125,88666100
2017-06-05 00:00:00-04:00,211.0116898370438,211.29711117438754,210.83005327784178,211.02899169921875,44698800
2017-06-06 00:00:00-04:00,210.4668297647165,211.0203706729839,210.27654884023806,210.35440063476562,50375400
2017-06-07 00:00:00-04:00,210.69174467946053,210.96850857461544,210.02576134813626,210.74363708496094,54144300
2017-06-08 00:00:00-04:00,210.83872200018845,211.32306858716709,210.31977168702295,210.8473663330078,65950700
2017-06-09 00:00:00-04:00,211.11552099498175,211.91123526293748,209.2646172592581,210.5273895263672,132256400
2017-06-12 00:00:00-04:00,210.28520560176892,210.53602325723256,209.63652423363692,210.484130859375,86108100
2017-06-13 00:00:00-04:00,211.0204082115211,211.56530488286464,210.6744500313574,211.51341247558594,60067000
2017-06-14 00:00:00-04:00,211.7815241526878,211.79016848775927,210.42361129135838,211.2452850341797,78602300
2017-06-15 00:00:00-04:00,209.89596964776152,210.95981650965615,209.6192058152247,210.83872985839844,66464900
2017-06-16 00:00:00-04:00,210.99781733459514,211.04996279608503,210.00701378083883,210.88482666015625,84553100
2017-06-19 00:00:00-04:00,211.71050078004595,212.70130436516789,211.61489634368257,212.64047241210938,65123800
2017-06-20 00:00:00-04:00,212.28412717005747,212.29281365996601,211.18903265983135,211.20640563964844,56906400
2017-06-21 00:00:00-04:00,211.5974375853239,211.71041495572365,210.6848525648616,211.1541748046875,55977600
2017-06-22 00:00:00-04:00,211.16294370634014,211.65833882940308,210.8848169088331,211.0586395263672,44148100
2017-06-23 00:00:00-04:00,211.11941437483898,211.64088205364703,210.73699678662635,211.3106231689453,66986800
2017-06-26 00:00:00-04:00,211.97987454289122,212.3970646667427,211.2411252311376,211.44970703125,56700500
2017-06-27 00:00:00-04:00,211.2324448471982,211.52795786080534,209.7288600990162,209.74624633789062,82247700
2017-06-28 00:00:00-04:00,210.76312587024884,211.82346100773714,210.52845805803364,211.62356567382812,70042600
2017-06-29 00:00:00-04:00,211.77135183215356,211.8234972967315,208.55558665228156,209.763671875,106949700
2017-06-30 00:00:00-04:00,210.57194686354703,210.94567811831612,209.96356102512635,210.15476989746094,86820700
2017-07-03 00:00:00-04:00,211.09339088533196,211.5279540165934,210.51107788085938,210.51107788085938,39153800
2017-07-05 00:00:00-04:00,210.8761255787128,211.20638456590143,210.06783119610182,210.997802734375,54427600
2017-07-06 00:00:00-04:00,210.2329855748634,210.3546627410907,208.88583699475083,209.068359375,65400800
2017-07-07 00:00:00-04:00,209.64194027036658,210.57189842478374,209.0770002732185,210.4241485595703,57972300
2017-07-10 00:00:00-04:00,210.42419365296854,211.02389299205186,210.11999410763698,210.65016174316406,36663300
2017-07-11 00:00:00-04:00,210.6501802969023,210.80662995913784,209.32911759842563,210.49374389648438,50354600
2017-07-12 00:00:00-04:00,211.45842825120994,212.24063660467954,211.45842825120994,212.07550048828125,59610400
2017-07-13 00:00:00-04:00,212.0841937898011,212.54482964689768,211.85821247452137,212.4318389892578,39471600
2017-07-14 00:00:00-04:00,212.43186492959558,213.77901345016744,212.33626049879845,213.42266845703125,60262700
2017-07-17 00:00:00-04:00,213.34446098258874,213.72687872498506,213.2227838156278,213.3966064453125,33531900
2017-07-18 00:00:00-04:00,212.98808618280643,213.56171271617282,212.64912746069257,213.5095672607422,42742500
2017-07-19 00:00:00-04:00,213.82247370216416,214.6742138332142,213.81377395088398,214.66552734375,51034300
2017-07-20 00:00:00-04:00,214.9175294927569,215.03920663244577,214.21353938014167,214.76109313964844,47135200
2017-07-21 00:00:00-04:00,214.18752852191926,214.5960190221116,213.9615471530706,214.5699462890625,82340800
2017-07-24 00:00:00-04:00,214.4916752404168,214.65681136046095,214.04842559857326,214.51776123046875,46622300
2017-07-25 00:00:00-04:00,215.26524423783036,215.36954843542247,214.81330800826342,215.03927612304688,54915600
2017-07-26 00:00:00-04:00,215.3260546559813,215.36081387501542,214.78720055915,215.0479278564453,47575400
2017-07-27 00:00:00-04:00,215.50858225374023,215.54334147361757,213.52696191351524,214.84803771972656,70766600
2017-07-28 00:00:00-04:00,214.36998121506053,214.72632615533806,213.91804511998137,214.59596252441406,50088400
2017-07-31 00:00:00-04:00,214.9957873263703,215.09139175817583,214.26572435357318,214.4743194580078,65838700
2017-08-01 00:00:00-04:00,215.07397816454593,215.10873737781307,214.4308199936887,214.95230102539062,55050400
2017-08-02 00:00:00-04:00,215.08268283502977,215.19567349587365,214.12663861669216,215.05661010742188,47211200
2017-08-03 00:00:00-04:00,214.9436210594324,214.9696937872359,214.36130803546263,214.63943481445312,40856000
2017-08-04 00:00:00-04:00,215.1261677878745,215.36082236469053,214.64814562096288,215.0305633544922,60191800
2017-08-07 00:00:00-04:00,215.100038927544,215.4302978515625,214.99573476991617,215.4302978515625,31995000
2017-08-08 00:00:00-04:00,215.11745858993362,216.33424343971365,214.52645903629823,214.90017700195312,61719400
2017-08-09 00:00:00-04:00,214.2135620334,214.94362494873806,213.85721706455107,214.8914794921875,62632600
2017-08-10 00:00:00-04:00,214.05713457402004,214.18751149071593,211.80610038765755,211.85824584960938,120479500
2017-08-11 00:00:00-04:00,212.08419213347946,212.7621095503957,211.84952433168104,212.1710968017578,74869900
2017-08-14 00:00:00-04:00,213.44871624550768,214.49166511117897,213.41395703010485,214.27438354492188,73291900
2017-08-15 00:00:00-04:00,214.65678138337805,214.6741676203797,213.9441048080686,214.248291015625,55242700
2017-08-16 00:00:00-04:00,214.76980493632897,215.16960887774223,214.19617838370715,214.62205505371094,56715500
2017-08-17 00:00:00-04:00,214.01364977380297,214.32653575018128,211.27589416503906,211.27589416503906,128490400
2017-08-18 00:00:00-04:00,211.11081686113576,212.23199744787698,210.50243097699823,210.94569396972656,136748000
2017-08-21 00:00:00-04:00,210.88482598104898,211.37153463580879,210.18083572957025,211.1107940673828,65469700
2017-08-22 00:00:00-04:00,211.6930974516388,213.47479574199497,211.6757112124789,213.318359375,63140100
2017-08-23 00:00:00-04:00,212.35364773887312,212.97941978670568,212.205897847276,212.5535430908203,50203800
2017-08-24 00:00:00-04:00,212.93588750910013,213.0923238362945,211.849479919768,212.05807495117188,50741700
2017-08-25 00:00:00-04:00,212.8490428740146,213.46612843239413,212.40579319922318,212.5535430908203,64445900
2017-08-28 00:00:00-04:00,213.08366257173552,213.1097352960207,212.14500471202982,212.56219482421875,40565600
2017-08-29 00:00:00-04:00,211.24985935435748,213.0663303362766,211.1368686792757,212.80560302734375,51135700
2017-08-30 00:00:00-04:00,212.78818857668327,214.08319150724105,212.60566622281107,213.81375122070312,62030800
2017-08-31 00:00:00-04:00,214.4308209805419,215.34340615931342,213.84850800748916,215.1000518798828,103803900
2017-09-01 00:00:00-04:00,215.4738133189262,215.8301583221608,215.25653172112212,215.40428161621094,62007000
2017-09-05 00:00:00-04:00,214.90012645902428,215.12610774493686,212.8924471801666,213.857177734375,91398800
2017-09-06 00:00:00-04:00,214.53513481681557,214.91755251446293,214.00496723813447,214.5872802734375,57916900
2017-09-07 00:00:00-04:00,214.89152108379372,214.90890732661396,214.15275827483524,214.56124877929688,58034700
2017-09-08 00:00:00-04:00,214.274416360231,214.769824772838,214.06583451224182,214.30918884277344,63832800
2017-09-11 00:00:00-04:00,215.5780660762442,216.67317362286178,215.56069310000328,216.59495544433594,71364800
2017-09-12 00:00:00-04:00,216.96002648847752,217.35981720404104,216.7775041101089,217.32505798339844,56896000
2017-09-13 00:00:00-04:00,217.03821711288396,217.4640937671046,216.92522645196908,217.4293212890625,59228000
2017-09-14 00:00:00-04:00,217.10774620268882,217.55969557911206,216.93392360000743,217.3597869873047,95446300
2017-09-15 00:00:00-04:00,217.21570023594433,217.739756008967,217.11089174686597,217.6524200439453,95432400
2017-09-18 00:00:00-04:00,218.01924704393736,218.46469641738005,217.7310103925462,218.11532592773438,46235200
2017-09-19 00:00:00-04:00,218.35992710062743,218.4210742774791,218.01055654831933,218.33372497558594,47108100
2017-09-20 00:00:00-04:00,218.42105066508134,218.525859153917,217.41658711242658,218.4123077392578,59574100
2017-09-21 00:00:00-04:00,218.25512344327234,218.3424594194711,217.65244789868083,217.82713317871094,48211400
2017-09-22 00:00:00-04:00,217.53017811345995,218.03677478107468,217.50397598648274,217.87081909179688,51214000
2017-09-25 00:00:00-04:00,217.61749654587692,217.9668804234547,216.6829229945747,217.4253387451172,57064400
2017-09-26 00:00:00-04:00,217.85324059377243,218.09780254501902,217.32044205835084,217.5562744140625,54082000
2017-09-27 00:00:00-04:00,218.25509657578533,218.78789527725007,217.37291402963743,218.40357971191406,81001400
2017-09-28 00:00:00-04:00,218.1240924786589,218.7442405296163,218.03675650526645,218.66563415527344,44778800
2017-09-29 00:00:00-04:00,218.65684347170293,219.51282378636614,218.47342863829596,219.4342041015625,85578000
2017-10-02 00:00:00-04:00,219.66136543656245,220.38632202148438,219.4866668261174,220.38632202148438,59023000
2017-10-03 00:00:00-04:00,220.38628914782512,220.8841427959599,220.30766945379898,220.85794067382812,66810200
2017-10-04 00:00:00-04:00,220.70946216621985,221.3645418885094,220.5959107495144,221.11997985839844,55953600
2017-10-05 00:00:00-04:00,221.45186859770155,222.447589200853,221.15490233464226,222.4301300048828,63522800
2017-10-06 00:00:00-04:00,221.9846305851287,222.4650249475023,221.72260941258702,222.17678833007812,80646000
2017-10-09 00:00:00-04:00,222.40394345392528,222.46507729936198,221.54796299676016,221.80999755859375,35803100
2017-10-10 00:00:00-04:00,222.37771292417833,222.77075805290576,221.83617134486326,222.39517211914062,43057400
2017-10-11 00:00:00-04:00,222.29916606380831,222.74462890625,222.13322369152368,222.74462890625,47674300
2017-10-12 00:00:00-04:00,222.43013121510202,222.77950172323375,222.1768262682205,222.41265869140625,47065100
2017-10-13 00:00:00-04:00,222.84936629148,222.96291769784074,222.41264651640637,222.68341064453125,54800400
2017-10-16 00:00:00-04:00,222.91054426948924,223.17256550864792,222.56990333095123,222.98040771484375,38221700
2017-10-17 00:00:00-04:00,222.9279734690156,223.18127840295898,222.70961358067885,223.13760375976562,31561000
2017-10-18 00:00:00-04:00,223.51318501846194,223.55685966334508,223.1638145146575,223.35597229003906,40888300
2017-10-19 00:00:00-04:00,222.5786196871285,223.45205930604234,222.15937240178653,223.4171142578125,61903800
2017-10-20 00:00:00-04:00,224.21198153918792,224.5962971394155,223.39967568822829,224.570068359375,89176400
2017-10-23 00:00:00-04:00,224.89324417338113,224.9194462959128,223.61800312947534,223.6966094970703,63915300
2017-10-24 00:00:00-04:00,224.1246362141857,224.32551028927895,223.73157768030504,224.08969116210938,66935900
2017-10-25 00:00:00-04:00,223.75776848882185,223.8713199108784,221.85367640356625,222.98040771484375,103715300
2017-10-26 00:00:00-04:00,223.59179742215292,223.86254822529017,223.1463347175475,223.26861572265625,69798000
2017-10-27 00:00:00-04:00,224.01107480102058,225.25137086942868,223.27738867171036,225.09413146972656,85562500
2017-10-30 00:00:00-04:00,224.01100748839235,224.99799829067257,223.958603255993,224.2555694580078,54285700
2017-10-31 00:00:00-04:00,224.6311978502524,224.85830068394264,224.3080294517007,224.60499572753906,60304800
2017-11-01 00:00:00-04:00,225.38237007095873,225.7229976666513,224.5351325618353,224.90196228027344,54202700
2017-11-02 00:00:00-04:00,224.8321061061006,225.12907239190451,223.76650865456273,224.98931884765625,56449500
2017-11-03 00:00:00-04:00,225.14648888383707,225.7841093106653,224.7359712552437,225.74044799804688,59589700
2017-11-06 00:00:00-05:00,225.60940552844747,226.22082382250312,225.53954209882326,226.08981323242188,49652600
2017-11-07 00:00:00-05:00,226.19465366347248,226.5265649754122,225.42602255271962,225.93263244628906,57502200
2017-11-08 00:00:00-05:00,225.7579527790393,226.41303253214264,225.47844568711866,226.3169403076172,50469600
2017-11-09 00:00:00-05:00,225.11159509256848,225.68806842051265,223.91496046403017,225.49591064453125,95085500
2017-11-10 00:00:00-05:00,225.1116151635526,225.60073924506818,224.79716302242787,225.42604064941406,59984700
2017-11-13 00:00:00-05:00,224.74475179722094,225.86275347101255,224.7098067481224,225.63565063476562,50228600
2017-11-14 00:00:00-05:00,224.83206522794742,225.21638074093954,224.05469127726758,225.111572265625,61315200
2017-11-15 00:00:00-05:00,224.14207601909382,224.66614513383567,223.27737930569037,223.98486328125,80811500
2017-11-16 00:00:00-05:00,224.9281576360003,226.2558028958665,224.8844963178253,225.88894653320312,67777000
2017-11-17 00:00:00-05:00,225.53961085872515,225.86277929786854,225.1465523133929,225.22515869140625,75756800
2017-11-20 00:00:00-05:00,225.4696939076753,225.80157853989257,225.22510524931647,225.6094207763672,48075500
2017-11-21 00:00:00-05:00,226.37808728873543,227.26901281156458,225.57453771922826,227.0855712890625,69176800
2017-11-22 00:00:00-05:00,227.09427576911906,227.22528636639564,226.71870317183996,226.88465881347656,45033400
2017-11-24 00:00:00-05:00,227.3738035315452,227.5135570664607,227.23404999662972,227.40872192382812,27856500
2017-11-27 00:00:00-05:00,227.4523939944793,227.749360239689,227.09428058415776,227.29518127441406,52274900
2017-11-28 00:00:00-05:00,227.75815964295506,229.62730686283643,227.66206740891386,229.60110473632812,98971700
2017-11-29 00:00:00-05:00,229.73202201688628,230.26483391306797,229.0158219649324,229.4612579345703,77512100
2017-11-30 00:00:00-05:00,230.37841544790612,232.37857274930585,230.2998090900364,231.47021484375,127894400
2017-12-01 00:00:00-05:00,231.2519160814761,231.7322972805025,227.75815709142037,230.9898681640625,164390900
2017-12-04 00:00:00-05:00,232.6056605919785,233.03363739793878,230.65788099918234,230.71031188964844,94040600
2017-12-05 00:00:00-05:00,229.8805389404297,231.5924728582551,229.74952834944312,229.8805389404297,77994500
2017-12-06 00:00:00-05:00,229.97662909551735,230.3522283702102,229.46130294566018,229.92422485351562,75898600
2017-12-07 00:00:00-05:00,230.649169921875,230.9635953402073,229.6621790444583,230.649169921875,77218600
2017-12-08 00:00:00-05:00,231.60119700357745,231.91562239645032,230.6142062060786,231.9069061279297,76563900
2017-12-11 00:00:00-05:00,232.60572814941406,232.6668753266698,231.88078491496563,232.60572814941406,83077500
2017-12-12 00:00:00-05:00,233.3917468808904,233.48783908067503,232.64060175192208,233.01617431640625,85195800
2017-12-13 00:00:00-05:00,233.2608154572358,233.69753532840642,232.90270196424402,232.99005126953125,102905400
2017-12-14 00:00:00-05:00,233.28702210203215,233.40057353557847,231.98560539042037,232.0380096435547,100666700
2017-12-15 00:00:00-05:00,233.0396994948025,234.43556407095812,232.98702738185418,233.97027587890625,144610300
2017-12-18 00:00:00-05:00,235.36610742514497,235.80505949912268,235.26076321403167,235.4539031982422,83653600
2017-12-19 00:00:00-05:00,235.6996736694623,235.74355815250783,234.479374259354,234.54962158203125,82382900
2017-12-20 00:00:00-05:00,235.51535044887996,235.56802255763964,234.12827359902516,234.4267578125,76751500
2017-12-21 00:00:00-05:00,235.05007482828026,235.6207340227915,234.66379481577025,234.90960693359375,67032300
2017-12-22 00:00:00-05:00,234.92716795261202,234.96229162203662,234.31262429947589,234.84815979003906,78720900
2017-12-26 00:00:00-05:00,234.44426502174645,234.78666045998,234.30382395075893,234.5671844482422,45244400
2017-12-27 00:00:00-05:00,234.73403807744953,235.04130991726413,234.40921779792106,234.68136596679688,57751000
2017-12-28 00:00:00-05:00,235.18180557997988,235.20814163841598,234.795525528574,235.1642303466797,45116100
2017-12-29 00:00:00-05:00,235.74360810502137,235.76115654365725,234.08438313836797,234.27749633789062,96007400
2018-01-02 00:00:00-05:00,235.13790107652088,235.98946937922523,234.75162101396333,235.954345703125,86655700
2018-01-03 00:00:00-05:00,236.12113327606403,237.59603286317358,236.12113327606403,237.44677734375,90070400
2018-01-04 00:00:00-05:00,238.08760791196542,238.93038836501717,237.50818797814625,238.44752502441406,80636400
2018-01-05 00:00:00-05:00,239.23767928983673,240.15946797234622,238.7460550869637,240.0365753173828,83524000
2018-01-08 00:00:00-05:00,239.93997419586478,240.63352595605033,239.65027762295614,240.4755096435547,57319200
2018-01-09 00:00:00-05:00,240.89687121980845,241.64309503689753,240.6159354877151,241.01979064941406,57254000
2018-01-10 00:00:00-05:00,240.26476683908032,240.91443403501134,239.59757799911702,240.6510467529297,69574300
2018-01-11 00:00:00-05:00,241.20412091479793,242.40684509277344,241.03731701361116,242.40684509277344,62361500
2018-01-12 00:00:00-05:00,242.67031094880144,244.15394452208946,242.37179991942867,243.98716735839844,90816100
2018-01-16 00:00:00-05:00,245.2425535744117,245.89219413547542,242.45958535928062,243.15313720703125,106555100
2018-01-17 00:00:00-05:00,244.08370257733014,245.85705940856167,243.15312627275705,245.4707794189453,113258800
2018-01-18 00:00:00-05:00,245.35665068678648,245.7780275136728,244.56651555336,245.05816650390625,100728000
2018-01-19 00:00:00-05:00,245.6376059390425,246.1731414794922,245.05821269286884,246.1731414794922,140920100
2018-01-22 00:00:00-05:00,245.9624044391286,248.17471313476562,245.90970554473782,248.17471313476562,91322400
2018-01-23 00:00:00-05:00,248.21865937524475,248.99121946507964,247.89383906281728,248.70152282714844,97084700
2018-01-24 00:00:00-05:00,249.3423710936975,249.93936638272544,247.42854613851088,248.6049346923828,134816100
2018-01-25 00:00:00-05:00,249.46524709816148,249.56180369497707,247.92012721704376,248.71023559570312,84587300
2018-01-26 00:00:00-05:00,249.54424737555524,251.63366347839286,249.28964767784194,251.58975219726562,107743100
2018-01-29 00:00:00-05:00,251.01907184010386,251.45802381833292,249.7636756123294,249.92169189453125,90118300
2018-01-30 00:00:00-05:00,248.09578914317598,249.97449063019914,246.8842767828493,247.3583526611328,131796400
2018-01-31 00:00:00-05:00,248.20989200178946,248.71027709046913,246.41017211465257,247.48121643066406,108364800
2018-02-01 00:00:00-05:00,246.75258911100426,248.49961024396785,246.41019354482717,247.20030212402344,90102500
2018-02-02 00:00:00-05:00,245.88338406187754,246.01509111839752,241.78358665930918,241.81871032714844,173174800
2018-02-05 00:00:00-05:00,240.0629426086258,242.16990757960036,231.16098010750332,231.7052764892578,294681800
2018-02-06 00:00:00-05:00,228.20234001337388,236.77069057946676,227.11374775969838,236.27027893066406,355026800
2018-02-07 00:00:00-05:00,235.7172349914964,239.1059317295895,234.90955148557242,234.98858642578125,167376100
2018-02-08 00:00:00-05:00,235.28710323131492,235.42757111233564,226.13933006721916,226.17445373535156,246449500
2018-02-09 00:00:00-05:00,228.95734067037915,231.4242486397791,222.03946661641714,229.57188415527344,283565300
2018-02-12 00:00:00-05:00,231.61744087262778,234.4091964404118,229.71240386406902,232.94308471679688,143736000
2018-02-13 00:00:00-05:00,231.7403017701914,234.0667418293669,231.16088196067,233.52244567871094,81223600
2018-02-14 00:00:00-05:00,232.03884618797034,237.0341229974219,232.03005857309503,236.67417907714844,120735700
2018-02-15 00:00:00-05:00,238.41240518393013,239.70292518687265,235.9542578113466,239.6941375732422,111200300
2018-02-16 00:00:00-05:00,239.07084883629025,241.70456111309323,239.02693755677285,239.76437377929688,160420100
2018-02-20 00:00:00-05:00,238.81622161839584,240.25599702366807,237.4730295837229,238.2631378173828,86369700
2018-02-21 00:00:00-05:00,238.70211558804763,241.17781154014494,236.98143108137657,237.07798767089844,98883700
2018-02-22 00:00:00-05:00,237.99981276687265,239.711709729396,236.7180802507282,237.38526916503906,110511300
2018-02-23 00:00:00-05:00,238.60555670362223,241.1690216064453,238.13148100019365,241.1690216064453,92766400
2018-02-26 00:00:00-05:00,242.24014706555099,244.06620316353616,241.65196613924496,243.96961975097656,86491400
2018-02-27 00:00:00-05:00,244.15394484904607,244.86507195937202,240.86180382064492,240.9232635498047,99099200
2018-02-28 00:00:00-05:00,242.0205413765881,242.4682809400793,238.16655717674539,238.4825897216797,121907800
2018-03-01 00:00:00-05:00,238.2719550648111,239.81707485453967,233.52249066745827,235.0149383544922,176855100
2018-03-02 00:00:00-05:00,233.3469007734564,236.7882966589394,232.48657189571603,236.22642517089844,139083200
2018-03-05 00:00:00-05:00,235.04126616716488,239.571254380669,234.93589517396205,238.9567108154297,97307400
2018-03-06 00:00:00-05:00,239.93115891026687,240.01019384890736,238.07000666705412,239.5624542236328,79213200
2018-03-07 00:00:00-05:00,237.40285992477092,239.82585724110842,237.2097199336888,239.47470092773438,87063500
2018-03-08 00:00:00-05:00,240.150574943101,240.75633071137128,239.15856614912738,240.63343811035156,66901200
2018-03-09 00:00:00-05:00,242.0381348622031,244.82107543945312,241.72207550192218,244.82107543945312,113625300
2018-03-12 00:00:00-04:00,245.11089605402182,245.7342006175469,244.12762071398598,244.51390075683594,71924800
2018-03-13 00:00:00-04:00,245.67271164185843,246.17312347300873,242.32789873513437,242.93365478515625,91968900
2018-03-14 00:00:00-04:00,243.89063678870738,244.0749892243622,241.1340307057308,241.6870880126953,105895100
2018-03-15 00:00:00-04:00,242.19617435500027,242.8370271669328,240.9232027619332,241.42361450195312,83433000
2018-03-16 00:00:00-04:00,241.9499317528152,242.73440892384784,241.6326332783432,241.68551635742188,100343700
2018-03-19 00:00:00-04:00,240.9362971294684,241.86177788754537,236.7671685142086,238.41542053222656,109208400
2018-03-20 00:00:00-04:00,238.8119932303427,239.45543966554663,238.1421052648597,238.82081604003906,59757300
2018-03-21 00:00:00-04:00,238.77672584368344,240.86568740550535,238.15092503585717,238.36245727539062,78709600
2018-03-22 00:00:00-04:00,236.14132741776228,236.98748341572107,232.1308487161802,232.40411376953125,148785900
2018-03-23 00:00:00-04:00,232.84481538646813,233.17093659771976,227.25658694391362,227.45050048828125,183534800
2018-03-26 00:00:00-04:00,231.0466640245638,233.95533970718193,228.6492001841799,233.67327880859375,141956100
2018-03-27 00:00:00-04:00,234.60762172890932,235.13645231917573,228.1467967301256,229.69810485839844,129941400
2018-03-28 00:00:00-04:00,229.8303276361625,231.49622480159888,227.91763387941825,229.0194091796875,146452300
2018-03-29 00:00:00-04:00,230.15648794780927,233.80558127407573,229.02827092448925,231.94577026367188,111601600
2018-04-02 00:00:00-04:00,231.41682631878385,231.9280650176336,224.47124538181424,226.93922424316406,186286300
2018-04-03 00:00:00-04:00,228.17329853456886,230.32396649914327,226.38401616801403,229.84799194335938,119956900
2018-04-04 00:00:00-04:00,226.30467376261734,233.01226968208627,226.17246609052276,232.30714416503906,123715300
2018-04-05 00:00:00-04:00,234.0611056703616,235.02187728674107,232.97697612149102,234.1404571533203,82652600
2018-04-06 00:00:00-04:00,232.18375127749687,233.67332686335382,227.4064413333874,228.9224853515625,179521200
2018-04-09 00:00:00-04:00,230.37679561184027,233.43532481155327,229.11637116929023,230.05067443847656,105442900
2018-04-10 00:00:00-04:00,232.93291826893037,234.49304931652253,231.79590552096968,233.7085723876953,103529000
2018-04-11 00:00:00-04:00,232.22780953419007,234.1405034372823,232.15730774505533,232.48342895507812,91140200
2018-04-12 00:00:00-04:00,233.80553590428718,235.33919847775888,233.62924110095946,234.3960723876953,68890500
2018-04-13 00:00:00-04:00,235.70059074735886,235.81517968292337,232.70376729661248,233.7085723876953,85079200
2018-04-16 00:00:00-04:00,235.33922430803474,236.3969394464726,234.51950987009275,235.6300811767578,63405300
2018-04-17 00:00:00-04:00,237.39293495805802,238.75032985118625,236.88172298207755,238.15097045898438,64682000
2018-04-18 00:00:00-04:00,238.5916400362949,239.12929345575915,237.86886900462565,238.3272247314453,57303900
2018-04-19 00:00:00-04:00,237.67491160741451,237.87764790291487,235.97377736301559,237.0050506591797,77655900
2018-04-20 00:00:00-04:00,236.93458829716045,237.15494337179408,234.11403258232485,234.99545288085938,99953100
2018-04-23 00:00:00-04:00,235.56832601606533,236.12362493922348,233.8848105295463,234.96014404296875,65558000
2018-04-24 00:00:00-04:00,235.98262893542974,236.20298397525707,230.2974581483618,231.79588317871094,112885500
2018-04-25 00:00:00-04:00,231.73424219844446,232.80957616985228,229.91851831376155,232.36886596679688,103840900
2018-04-26 00:00:00-04:00,233.3912234923212,235.5595092922136,232.9505134655818,234.73097229003906,67731900
2018-04-27 00:00:00-04:00,235.33909029773187,235.63876980658483,234.0169605769581,234.95126342773438,57053600
2018-04-30 00:00:00-04:00,235.56836039425437,236.1236593984513,233.07392627997427,233.1444549560547,82182300
2018-05-01 00:00:00-04:00,232.58037107286572,233.66452772924058,231.02906273180506,233.5587615966797,74203400
2018-05-02 00:00:00-04:00,233.36482048739748,234.17571200711808,231.60198008945386,231.98980712890625,86368900
2018-05-03 00:00:00-04:00,231.16126305069108,232.13080372140743,228.3318849297842,231.4785614013672,136311500
2018-05-04 00:00:00-04:00,230.50899674677927,235.15409832989712,230.18287558263515,234.4753875732422,91222100
2018-05-07 00:00:00-04:00,235.24225048650933,236.23823271919028,234.55471690649136,235.26869201660156,55304900
2018-05-08 00:00:00-04:00,234.89848369650036,235.63005062825889,233.70856104472983,235.26869201660156,67499200
2018-05-09 00:00:00-04:00,235.93853351993553,237.86884575308144,235.41849887202426,237.542724609375,59666100
2018-05-10 00:00:00-04:00,238.28313651745867,240.09006408856357,238.1773703959911,239.763916015625,72063900
2018-05-11 00:00:00-04:00,239.88734702869564,240.75994449971634,239.37610820211677,240.4955291748047,59871500
2018-05-14 00:00:00-04:00,240.9273599609338,241.57960220851348,240.06355860426416,240.6100616455078,54790600
2018-05-15 00:00:00-04:00,239.38493604542785,239.40255476785495,238.0099225293542,238.9530487060547,87036100
2018-05-16 00:00:00-04:00,238.98828401389073,240.41618042257653,238.96181558524657,239.95782470703125,53942600
2018-05-17 00:00:00-04:00,239.69332955173155,240.8303687534177,238.9793815852497,239.75503540039062,56536400
2018-05-18 00:00:00-04:00,239.41133531592274,239.7727208029804,238.80315326438767,239.1557159423828,64368000
2018-05-21 00:00:00-04:00,240.63651331670496,241.49149190105553,240.24868631563004,240.9538116455078,58025900
2018-05-22 00:00:00-04:00,241.4738581359053,241.72947751252565,239.95781439332927,240.283935546875,52966400
2018-05-23 00:00:00-04:00,239.0147067417322,240.97146049199173,238.8560306763974,240.9449920654297,64694200
2018-05-24 00:00:00-04:00,240.5484320183078,240.82167017612028,238.67100236063115,240.4514617919922,76043800
2018-05-25 00:00:00-04:00,239.8784942626953,240.50429505271225,239.37607830929167,239.8784942626953,56374800
2018-05-29 00:00:00-04:00,238.2566683826817,239.01470366657188,236.0090578560398,237.11962890625,115908600
2018-05-30 00:00:00-04:00,238.424151931224,240.72464562438188,238.35365015429863,240.283935546875,69678400
2018-05-31 00:00:00-04:00,239.87852272098635,240.1782023869531,238.21265238681653,238.81201171875,93519900
2018-06-01 00:00:00-04:00,240.10773902159661,241.45631118364705,240.03721032489977,241.15663146972656,71258400
2018-06-04 00:00:00-04:00,241.9762622852021,242.55800278701213,241.7382885385191,242.30238342285156,45385200
2018-06-05 00:00:00-04:00,242.43458106982055,242.8576723897408,241.66774990774505,242.47866821289062,51135000
2018-06-06 00:00:00-04:00,243.08687735879116,244.6117170448222,242.4698724773669,244.50595092773438,62732200
2018-06-07 00:00:00-04:00,244.99076149724047,245.2816183350628,243.57166095224892,244.47952270507812,72969400
2018-06-08 00:00:00-04:00,244.02121630582116,245.2551993504634,243.85374429631833,245.2023162841797,72139700
2018-06-11 00:00:00-04:00,245.42259998705822,246.2423141748829,245.30801107716346,245.5283660888672,58892500
2018-06-12 00:00:00-04:00,245.9427074826128,246.20712281550618,245.20231765169822,245.84576416015625,72329000
2018-06-13 00:00:00-04:00,246.08365343695638,246.339272770164,244.8584667181369,245.0612030029297,79070600
2018-06-14 00:00:00-04:00,245.9250802932143,246.2071143389862,245.08772026985903,245.67828369140625,77097600
2018-06-15 00:00:00-04:00,244.8955883333687,245.7012856482646,243.78886570624715,245.36483764648438,120041600
2018-06-18 00:00:00-04:00,243.91276179336904,244.9840885625564,243.43467715644596,244.86012268066406,52917600
2018-06-19 00:00:00-04:00,242.59356390369783,244.14297535198787,242.177435176802,243.921630859375,97531500
2018-06-20 00:00:00-04:00,244.60335587235951,245.00178675664176,244.001305352654,244.33775329589844,53785500
2018-06-21 00:00:00-04:00,244.32895813740058,244.34668299377168,242.31029694175825,242.8061065673828,71061400
2018-06-22 00:00:00-04:00,244.06333906679495,244.17844254707023,243.0274347639137,243.248779296875,54898500
2018-06-25 00:00:00-04:00,242.09773266274908,242.2570941984186,238.2551958583797,239.93740844726562,137854200
2018-06-26 00:00:00-04:00,240.50411165309322,241.31864434566987,239.7515348904601,240.46868896484375,68547400
2018-06-27 00:00:00-04:00,241.0530002208794,242.4784456972088,238.32602110676876,238.47654724121094,105110700
2018-06-28 00:00:00-04:00,238.42343201237466,240.6014541700107,237.7151134516379,239.8400421142578,76650500
2018-06-29 00:00:00-04:00,240.92906280620025,242.2925525243365,240.07024504485113,240.1853485107422,97592500
2018-07-02 00:00:00-04:00,238.61825096063558,240.85825638445402,238.379181590529,240.69886779785156,63554800
2018-07-03 00:00:00-04:00,241.59314941291314,241.6905550668388,239.42398899604595,239.8489532470703,42187100
2018-07-05 00:00:00-04:00,240.97335725440993,241.86757071714234,239.9020303531457,241.8055877685547,56925900
2018-07-06 00:00:00-04:00,241.83226003568575,244.22276541387367,241.4515268031284,243.85092163085938,66493700
2018-07-09 00:00:00-04:00,244.8513950872667,246.0997819214187,244.8071369734139,246.04666137695312,50550400
2018-07-10 00:00:00-04:00,246.4981801075327,247.029412500854,246.20599013238512,246.9320068359375,51966800
2018-07-11 00:00:00-04:00,245.38259124794206,246.17059090694184,244.8247985939717,245.12582397460938,77054700
2018-07-12 00:00:00-04:00,246.3830397774005,247.40121928431503,245.7809890974369,247.3480987548828,60124700
2018-07-13 00:00:00-04:00,247.17106397174726,247.84393308483635,246.71951240695805,247.54290771484375,48216000
2018-07-16 00:00:00-04:00,247.58719341456032,247.7288301610967,246.87887458387516,247.32156372070312,48201000
2018-07-17 00:00:00-04:00,246.55131055820746,248.71163589686807,246.49819001869966,248.3220672607422,52315500
2018-07-18 00:00:00-04:00,248.4017017760098,248.95063192835636,247.95901268287895,248.84439086914062,44593500
2018-07-19 00:00:00-04:00,248.18034885597547,248.56105497851968,247.42777201912497,247.9058837890625,61412100
2018-07-20 00:00:00-04:00,247.70220885881517,248.33084673232435,247.46316651088532,247.62252807617188,82337700
2018-07-23 00:00:00-04:00,247.41894365871448,248.28659698414955,247.07363319847968,248.08297729492188,47047600
2018-07-24 00:00:00-04:00,249.49074848563848,250.17248002160983,248.46370645742684,249.33135986328125,68026900
2018-07-25 00:00:00-04:00,249.08352491599385,251.77508315821973,249.0392667982328,251.45635986328125,78882900
2018-07-26 00:00:00-04:00,250.7391439746236,251.54481444589769,250.6417383119721,250.8630828857422,57919500
2018-07-27 00:00:00-04:00,251.19059746428582,251.28800309937907,248.24230046443236,249.16310119628906,76768700
2018-07-30 00:00:00-04:00,249.24279041796194,249.40215198668153,247.33920594196468,247.86160278320312,63742500
2018-07-31 00:00:00-04:00,248.62304812545446,249.69434817311216,248.2423419873048,249.08343505859375,68570500
2018-08-01 00:00:00-04:00,249.28701169662585,249.79168360929737,248.0209277216841,248.667236328125,53853300
2018-08-02 00:00:00-04:00,247.36579266220008,250.19012385564247,247.16214597845703,250.0219268798828,63426400
2018-08-03 00:00:00-04:00,250.14580935728253,251.14629067682418,249.96872297486175,251.09317016601562,53935400
2018-08-06 00:00:00-04:00,251.12862956597405,252.32386825352035,250.73906108335714,252.01400756835938,39400900
2018-08-07 00:00:00-04:00,252.67810121530914,253.22703138431552,252.54527286766023,252.84629821777344,43196600
2018-08-08 00:00:00-04:00,252.6780800759013,253.13846698115805,252.27964910548545,252.7400360107422,42114600
2018-08-09 00:00:00-04:00,252.80198067225936,253.19154915600424,252.26191305864492,252.39471435546875,35717000
2018-08-10 00:00:00-04:00,250.9604568137881,251.5005245360856,249.99537081693893,250.7036895751953,77076000
2018-08-13 00:00:00-04:00,250.9781155764383,251.58902858924932,249.47296209162405,249.76515197753906,65732900
2018-08-14 00:00:00-04:00,250.49118768395763,251.59791032549649,250.1016191525683,251.3588409423828,43842000
2018-08-15 00:00:00-04:00,250.01305901813416,250.15472274901578,248.0475186589918,249.48182678222656,102925400
2018-08-16 00:00:00-04:00,250.91615074561037,252.36818381411726,250.88072805575527,251.50050354003906,69967900
2018-08-17 00:00:00-04:00,251.29683953147494,252.8285532819116,250.88957319479002,252.3858642578125,65618500
2018-08-20 00:00:00-04:00,252.8374974120631,253.19164334186442,252.38594581529497,252.92604064941406,39807500
2018-08-21 00:00:00-04:00,253.43946899743776,254.37796757696117,252.96135728082962,253.51914978027344,67272000
2018-08-22 00:00:00-04:00,253.11193086980177,253.89106802965605,252.8463011909792,253.3686981201172,44993300
2018-08-23 00:00:00-04:00,253.1915423380301,254.05036006048783,252.7134306627465,253.0321807861328,49204900
2018-08-24 00:00:00-04:00,253.60775351363543,254.69677851147446,253.55463297906772,254.55511474609375,57487400
2018-08-27 00:00:00-04:00,255.75032058083627,256.6711214264323,255.5909589978284,256.56488037109375,57072400
2018-08-28 00:00:00-04:00,257.0252637708789,257.1315318443619,256.2284288471343,256.6888427734375,46943500
2018-08-29 00:00:00-04:00,256.90130179728936,258.3001872470909,256.66225944752415,258.07000732421875,61485500
2018-08-30 00:00:00-04:00,257.59201530000144,257.9638591279759,256.4321716610223,257.0253601074219,61229500
2018-08-31 00:00:00-04:00,256.6180203252793,257.4768382804098,256.1310731115822,257.0341491699219,66140800
2018-09-04 00:00:00-04:00,256.61802144760213,256.94560706766003,255.59097946442648,256.5914611816406,57594400
2018-09-05 00:00:00-04:00,256.23723529705296,256.4408819522442,254.89147054249426,255.90078735351562,72452400
2018-09-06 00:00:00-04:00,256.0070239302775,256.3080491851552,254.10346677819166,255.13050842285156,65909900
2018-09-07 00:00:00-04:00,254.08580503411685,255.6086563759925,253.84673566570757,254.63473510742188,73524800
2018-09-10 00:00:00-04:00,255.64414275692633,255.90977248057104,254.8827303256062,255.0775146484375,50210900
2018-09-11 00:00:00-04:00,254.4311349169495,256.36125295304953,254.08585146112563,255.91856384277344,50530500
2018-09-12 00:00:00-04:00,255.92742451264513,256.58259574508,255.1925724832599,255.9805450439453,59810800
2018-09-13 00:00:00-04:00,257.0430128319784,257.6804862349242,256.75968531520266,257.4945373535156,51034200
2018-09-14 00:00:00-04:00,257.698179952664,257.88410181150124,256.75968121049704,257.538818359375,55079900
2018-09-17 00:00:00-04:00,257.48566226721647,257.52105793665976,255.90082792279205,256.17529296875,68244000
2018-09-18 00:00:00-04:00,256.3878005462383,258.1585568998184,256.3612402817185,257.56536865234375,61930400
2018-09-19 00:00:00-04:00,257.6184077230567,258.2558808895619,257.4944418480969,257.8397521972656,49080600
2018-09-20 00:00:00-04:00,259.09715147491795,260.2481326027552,257.85760008234877,259.92938232421875,100360600
2018-09-21 00:00:00-04:00,260.6701942475922,260.78581879458903,259.5317810140974,259.6918640136719,105479700
2018-09-24 00:00:00-04:00,259.1136810427981,259.25598604173615,258.25097564679436,258.8290710449219,53409600
2018-09-25 00:00:00-04:00,259.2826786788656,259.38940064759277,258.3488343105982,258.5889587402344,44370000
2018-09-26 00:00:00-04:00,258.73122129979305,259.9140924483366,257.39714262575586,257.8151550292969,79739700
2018-09-27 00:00:00-04:00,258.2865870236804,259.6206660004718,258.0108795398294,258.5356140136719,59249500
2018-09-28 00:00:00-04:00,257.913024857578,259.0603403412746,257.87746896148747,258.5622863769531,70091400
2018-10-01 00:00:00-04:00,259.79851514867977,260.5278181370274,258.79353183087005,259.4605712890625,62078900
2018-10-02 00:00:00-04:00,259.3094177246094,260.0209157713873,258.9358907497197,259.3094177246094,47258200
2018-10-03 00:00:00-04:00,260.3588240182784,260.7768364839188,259.0959112187038,259.45166015625,64694600
2018-10-04 00:00:00-04:00,258.97141213367536,259.02477312297555,255.840783146468,257.42388916015625,111545900
2018-10-05 00:00:00-04:00,257.6462715083235,258.1621035239601,254.5601005355288,255.98312377929688,105951700
2018-10-08 00:00:00-04:00,255.29827908481946,256.3388728047612,253.91974143292867,255.98312377929688,87742200
2018-10-09 00:00:00-04:00,255.60068270102317,256.90805420357475,255.049240523284,255.60955810546875,74339000
2018-10-10 00:00:00-04:00,255.10260623888726,255.17377232722666,247.1426168317317,247.51614379882812,214731000
2018-10-11 00:00:00-04:00,246.43111713164694,248.0498065348169,240.45444076309948,242.0642547607422,274840500
2018-10-12 00:00:00-04:00,246.15528582363575,246.4398957795036,242.24199392710045,245.42601013183594,183186500
2018-10-15 00:00:00-04:00,245.0703043529026,246.39550796513305,243.95857183970327,244.04751586914062,102263700
2018-10-16 00:00:00-04:00,246.0041788161168,249.75738891009476,245.53280531070305,249.3838348388672,118255800
2018-10-17 00:00:00-04:00,249.41944218007552,250.05089871671996,246.85800584754992,249.4283447265625,110626000
2018-10-18 00:00:00-04:00,248.49443661830605,249.09033716550948,244.55446325309785,245.82627868652344,134557500
2018-10-19 00:00:00-04:00,246.47556569491306,248.40551826556748,244.99918156304307,245.69290161132812,139901600
2018-10-22 00:00:00-04:00,246.35983464735392,246.6800004657164,244.0563289811446,244.5899658203125,82415800
2018-10-23 00:00:00-04:00,240.97918171628453,244.46556013102136,238.89799429639206,243.3449249267578,146352700
2018-10-24 00:00:00-04:00,243.09590366941856,243.47836034056346,235.42052401836114,235.97193908691406,177806700
2018-10-25 00:00:00-04:00,237.8040118236247,241.7439849383375,236.7812234431827,240.20533752441406,138061500
2018-10-26 00:00:00-04:00,236.5055661327389,241.0236356256426,233.2770902132027,235.98080444335938,201574600
2018-10-29 00:00:00-04:00,239.06697033859635,240.35659102695715,231.10698111147096,234.67340087890625,160749100
2018-10-30 00:00:00-04:00,234.50438797777792,238.4621388764539,234.0152094564338,238.15084838867188,157116000
2018-10-31 00:00:00-04:00,240.71231225043348,243.00694329919477,240.2409387624176,240.6945343017578,128296300
2018-11-01 00:00:00-04:00,241.55722056865167,243.4516169152178,240.47216866386236,243.25595092773438,99495000
2018-11-02 00:00:00-04:00,244.3588011959873,244.7857162430484,239.7695662222295,241.81517028808594,122634100
2018-11-05 00:00:00-05:00,242.30427306035915,243.70061530079823,241.33484578123614,243.14920043945312,65622500
2018-11-06 00:00:00-05:00,243.0869974643845,244.8479644418792,243.02473392791143,244.68788146972656,60085900
2018-11-07 00:00:00-05:00,246.85804397609732,250.0064788829452,246.4311288074337,249.9264373779297,102752100
2018-11-08 00:00:00-05:00,249.1259199823726,250.1131526376013,248.33438049086973,249.47279357910156,65584900
2018-11-09 00:00:00-05:00,248.16533791916257,248.3521013519031,245.6305827643591,247.03582763671875,98812600
2018-11-12 00:00:00-05:00,246.52889591785222,246.7690203554735,241.90407807858057,242.41993713378906,99673600
2018-11-13 00:00:00-05:00,242.88246681934416,244.87468316220532,241.24599951743505,241.96640014648438,98176600
2018-11-14 00:00:00-05:00,243.8340951264555,244.23430258416514,238.75570812240255,240.3121337890625,125335900
2018-11-15 00:00:00-05:00,239.04920193961252,243.28268858618313,237.47499826716003,242.8201904296875,135101400
2018-11-16 00:00:00-05:00,241.72632475209122,244.3589007601801,241.21046546730017,243.4517364501953,126668000
2018-11-19 00:00:00-05:00,242.8468290600021,243.14034163054626,238.41770428548043,239.33377075195312,103061700
2018-11-20 00:00:00-05:00,236.00743189304094,237.46603781258796,234.04189663297697,234.90460205078125,136021300
2018-11-21 00:00:00-05:00,236.45211321876684,237.59942858521316,235.6961569464699,235.7050323486328,75563700
2018-11-23 00:00:00-05:00,234.06862635176773,235.52723257807557,233.97080690927402,234.13088989257812,42807900
2018-11-26 00:00:00-05:00,236.3810366819656,238.13312838545468,235.98970462643132,237.91078186035156,79981400
2018-11-27 00:00:00-05:00,236.87912447802594,238.7112579345703,236.2743483576336,238.7112579345703,75502400
2018-11-28 00:00:00-05:00,239.77844095396424,244.2075653076172,238.64890350481713,244.2075653076172,127629600
2018-11-29 00:00:00-05:00,243.43387485858386,245.07034211312993,242.2954616753383,243.6740264892578,82346400
2018-11-30 00:00:00-05:00,243.52278892831978,245.71957352817088,243.20262298270973,245.1592559814453,98204200
2018-12-03 00:00:00-05:00,249.2770797576099,249.3838017232441,246.813490577875,248.4054718017578,103176300
2018-12-04 00:00:00-05:00,247.57837738663264,248.00529243928708,240.04527685328782,240.3565673828125,177986000
2018-12-06 00:00:00-05:00,236.50558006374058,240.1075831618919,233.41050644990975,239.99195861816406,204185400
2018-12-07 00:00:00-05:00,239.65398235031736,241.21931064647666,233.57948693968595,234.41551208496094,161018900
2018-12-10 00:00:00-05:00,234.2375721794817,235.82958062203974,230.0129889373494,234.8601531982422,151445900
2018-12-11 00:00:00-05:00,238.05307539835013,238.2398388706836,233.44606213473483,234.91354370117188,121504400
2018-12-12 00:00:00-05:00,237.88412573606539,239.24488552344042,236.01640930545526,236.09645080566406,97976700
2018-12-13 00:00:00-05:00,237.03914588891996,237.90185139073836,234.90462492684645,236.016357421875,96662700
2018-12-14 00:00:00-05:00,233.87294881626218,234.82459840670106,231.1069712205048,231.65838623046875,116961100
2018-12-17 00:00:00-05:00,230.70673052985472,231.81846306627645,225.4860388815235,227.11361694335938,165492300
2018-12-18 00:00:00-05:00,228.75007037429378,229.41710981689934,225.26366561183747,226.86456298828125,134515100
2018-12-19 00:00:00-05:00,226.9446042655469,230.70670291867975,221.76838525235763,223.46710205078125,214992800
2018-12-20 00:00:00-05:00,222.22201009148066,223.78732473209402,217.58830256839778,219.82955932617188,252053400
2018-12-21 00:00:00-05:00,220.72860171340417,223.3855045339363,214.6812341608542,215.32533264160156,255345600
2018-12-24 00:00:00-05:00,213.84030950978314,215.45055557955146,209.57317448764945,209.6357879638672,147311600
2018-12-26 00:00:00-05:00,211.093979247737,220.22763061523438,209.1169520452067,220.22763061523438,218485400
2018-12-27 00:00:00-05:00,216.998192653221,222.115175702482,213.7687595647507,221.9183807373047,186267300
2018-12-28 00:00:00-05:00,223.26922375327266,224.89735185930846,220.46918466599615,221.63214111328125,153100200
2018-12-31 00:00:00-05:00,223.25131500932955,223.81490460672552,221.38164665156634,223.5733642578125,144299400
2019-01-02 00:00:00-05:00,220.0487217817502,224.72738367473102,220.02188548142522,223.8059539794922,126925200
2019-01-03 00:00:00-05:00,222.06151737501295,222.36568485027112,217.9822360854176,218.46531677246094,144140700
2019-01-04 00:00:00-05:00,221.48903377701097,226.42711863841959,221.1133118576938,225.78302001953125,142628800
2019-01-07 00:00:00-05:00,226.05137509532184,228.96770037116784,225.15679528246304,227.56321716308594,103139100
2019-01-08 00:00:00-05:00,229.74599353972656,230.18432891084558,227.2232719214142,229.7012481689453,102512600
2019-01-09 00:00:00-05:00,230.40792306192012,231.61561100018852,229.18235335952744,230.7747039794922,95006600
2019-01-10 00:00:00-05:00,229.2450116148356,231.83928738611394,228.56512228014213,231.58880615234375,96823900
2019-01-11 00:00:00-05:00,230.51532876711232,231.70513525362898,229.93385732577602,231.6782989501953,73858100
2019-01-14 00:00:00-05:00,229.78173558745547,231.0699325784489,229.37919109052422,230.2648162841797,70908200
2019-01-15 00:00:00-05:00,230.64052325623595,233.21691691957597,230.63156872394273,232.90380859375,85208300
2019-01-16 00:00:00-05:00,233.33322893857783,234.3530629785704,233.1274930641431,233.46743774414062,77636700
2019-01-17 00:00:00-05:00,232.59971433247924,236.09752480395065,232.5549689599642,235.23870849609375,96118400
2019-01-18 00:00:00-05:00,237.04572950918973,238.83488883956215,235.27445194397527,238.36968994140625,127900300
2019-01-22 00:00:00-05:00,236.9025962600359,237.11728664606434,233.53896794342953,235.14920043945312,115531200
2019-01-23 00:00:00-05:00,236.17798861637877,236.87575967051836,233.181141246526,235.6412353515625,86030300
2019-01-24 00:00:00-05:00,235.46234089582398,236.34799345977734,234.451461356412,235.76649475097656,59204100
2019-01-25 00:00:00-05:00,237.60927725188202,238.58439305172763,235.8648633915669,237.76136779785156,96883400
2019-01-28 00:00:00-05:00,235.62338606355894,236.01697605824288,234.19205292689497,235.95437622070312,85613700
2019-01-29 00:00:00-05:00,236.0974797217171,236.6610419843488,234.8092828063201,235.6412353515625,66136300
2019-01-30 00:00:00-05:00,237.15311782437777,240.21256554741154,236.39271951061926,239.3716583251953,92473700
2019-01-31 00:00:00-05:00,239.3090095010756,241.95695760539888,239.09429182206264,241.473876953125,104012100
2019-02-01 00:00:00-05:00,241.67073412788216,242.6100593238502,240.80299060610332,241.59022521972656,85782500
2019-02-04 00:00:00-05:00,241.6348479570002,243.35245255455757,240.9639133533354,243.28982543945312,60744800
2019-02-05 00:00:00-05:00,243.7193579066822,244.61393783518994,243.2183953307509,244.30978393554688,79552800
2019-02-06 00:00:00-05:00,244.0324162659288,244.52442420548215,243.25413625589732,243.9876708984375,58347800
2019-02-07 00:00:00-05:00,242.37744182669658,242.92312237490376,240.0068109279789,241.6617889404297,95482000
2019-02-08 00:00:00-05:00,240.4183223771915,242.0553914066869,239.59529694515285,241.95700073242188,75788900
2019-02-11 00:00:00-05:00,242.6100733987666,242.8694819066253,241.56340293120226,242.09120178222656,68021400
2019-02-12 00:00:00-05:00,243.70138226031133,245.5799775461956,243.6298006053734,245.2042694091797,72270200
2019-02-13 00:00:00-05:00,246.03624859502852,246.8413648479182,245.61579505290536,246.00045776367188,65277200
2019-02-14 00:00:00-05:00,244.9180044645009,246.58193673483984,244.10393374358281,245.4547576904297,83234400
2019-02-15 00:00:00-05:00,247.22604336493276,248.16536847036366,247.0203074973905,248.12957763671875,97088700
2019-02-19 00:00:00-05:00,247.33334466401604,249.21193973325734,247.32439013308087,248.5589141845703,59120800
2019-02-20 00:00:00-05:00,248.52322892328903,249.51622676490462,248.02226638531727,249.0599822998047,76610800
2019-02-21 00:00:00-05:00,248.42484345686026,248.78266994857734,247.21715515945522,248.1743621826172,64214700
2019-02-22 00:00:00-05:00,248.7915845167354,249.90980930917786,248.15644047874292,249.71302795410156,78114600
2019-02-25 00:00:00-05:00,251.13539394000878,251.6542382053372,249.97242383431418,250.0529327392578,69030700
2019-02-26 00:00:00-05:00,249.7040206033896,250.75066349950507,249.49825745695466,249.87399291992188,56844100
2019-02-27 00:00:00-05:00,249.15829721146872,250.1155039234547,248.2279540955296,249.76663208007812,56921600
2019-02-28 00:00:00-05:00,249.5519033008003,249.99026584400565,248.9793865857502,249.30142211914062,69268300
2019-03-01 00:00:00-05:00,250.875944510797,251.26956178049417,249.42672969982436,250.85806274414062,78880500
2019-03-04 00:00:00-05:00,251.913673610794,252.155200325263,247.65546508632025,249.94558715820312,106494600
2019-03-05 00:00:00-05:00,250.07085083470344,250.26765948736204,249.0599712687937,249.60565185546875,59114600
2019-03-06 00:00:00-05:00,249.72198358778937,249.73093812327843,247.77180588008423,248.09384155273438,75039800
2019-03-07 00:00:00-05:00,247.6463783663507,247.7895143319929,245.1773580351061,246.0182647705078,94885100
2019-03-08 00:00:00-05:00,244.16664605202442,245.6963700742614,243.7014743208143,245.52639770507812,85795800
2019-03-11 00:00:00-04:00,246.24203489111082,249.24780979781647,246.21519859017263,249.0867919921875,65098900
2019-03-12 00:00:00-04:00,249.6414754841614,250.54500995828857,249.45362134116922,250.02613830566406,79667500
2019-03-13 00:00:00-04:00,250.91172010661697,252.6114160495917,250.75067501486143,251.68104553222656,80639200
2019-03-14 00:00:00-04:00,251.70787361502687,252.1283271456543,251.0816842356358,251.52001953125,67518400
2019-03-15 00:00:00-04:00,252.0708142505132,253.57132732931038,251.88210530332043,252.76266479492188,81309000
2019-03-18 00:00:00-04:00,252.97829368415324,253.97566513758062,252.75366368534984,253.67913818359375,62199800
2019-03-19 00:00:00-04:00,254.73949825355814,255.50321856970672,252.852600145159,253.74212646484375,90268100
2019-03-20 00:00:00-04:00,253.52647464319236,254.73048847637557,251.87320068923955,252.97836303710938,84609200
2019-03-21 00:00:00-04:00,252.1607336052429,256.2399957566535,252.1157911407943,255.83567810058594,79550400
2019-03-22 00:00:00-04:00,254.47883818093473,254.99996772134344,250.8488096648639,250.91171264648438,122659300
2019-03-25 00:00:00-04:00,250.57023150053118,251.75628430866098,249.46506961079,250.72299194335938,85575200
2019-03-26 00:00:00-04:00,252.47522898068627,253.5444704103579,251.1903514376911,252.592041015625,68125900
2019-03-27 00:00:00-04:00,252.58304174647847,253.1671019089378,249.72575362213158,251.27120971679688,72224700
2019-03-28 00:00:00-04:00,251.90007198279523,252.67278597333015,250.7499675503961,252.22352600097656,56238500
2019-03-29 00:00:00-04:00,253.73308607221736,254.1374036359353,252.60993602746407,253.81394958496094,82186800
2019-04-01 00:00:00-04:00,255.80866998313059,257.12050158234626,255.53909751491526,256.823974609375,77617900
2019-04-02 00:00:00-04:00,257.0126405229433,257.1833614980266,256.15903564752676,256.9497375488281,40070400
2019-04-03 00:00:00-04:00,258.162910995056,258.55826220006344,256.7522272599463,257.354248046875,68243200
2019-04-04 00:00:00-04:00,257.6775238104194,258.28851073297454,256.9856733911128,258.03692626953125,48997500
2019-04-05 00:00:00-04:00,258.70191713096256,259.3398587189356,258.41438412036786,259.28594970703125,58621700
2019-04-08 00:00:00-04:00,258.86360058977857,259.59139954862746,258.20767116115127,259.48358154296875,53566300
2019-04-09 00:00:00-04:00,258.522174565323,258.8456286022435,257.6056940400608,258.1537780761719,66142300
2019-04-10 00:00:00-04:00,258.56711479989013,259.1242202855344,258.1538032388763,259.03436279296875,52601500
2019-04-11 00:00:00-04:00,259.5195720218468,259.52856599827516,258.39642179469354,258.9624938964844,55093100
2019-04-12 00:00:00-04:00,260.57089410213314,260.99319975147006,259.0074775121329,260.71466064453125,69727800
2019-04-15 00:00:00-04:00,260.7864137500308,260.8852652003275,259.7441273485804,260.5438232421875,49596700
2019-04-16 00:00:00-04:00,261.4244993786644,261.47840840448066,260.12163393988806,260.71466064453125,52153200
2019-04-17 00:00:00-04:00,261.82872721774316,261.855681721401,259.6632906883781,260.0766296386719,58268300
2019-04-18 00:00:00-04:00,260.66070312049783,260.858378651933,259.36683190031505,260.58880615234375,68708500
2019-04-22 00:00:00-04:00,259.8250349672025,260.96614547162113,259.73517748497306,260.8133850097656,40160100
2019-04-23 00:00:00-04:00,261.18175358556095,263.3921322454848,260.9481570615082,263.15850830078125,52246600
2019-04-24 00:00:00-04:00,263.07775411194496,263.41020222021825,262.4308184291265,262.5745849609375,50392900
2019-04-25 00:00:00-04:00,262.47568374884355,263.06871029746924,261.22675508512435,262.41278076171875,57770900
2019-04-26 00:00:00-04:00,262.45770657786915,263.7066351624023,261.6849650923547,263.634765625,50916400
2019-04-29 00:00:00-04:00,263.7245806707295,264.56919155772204,263.6347231979461,264.04803466796875,57197700
2019-04-30 00:00:00-04:00,263.7066163248907,264.47036378092696,262.29596081647924,264.1828308105469,81111700
2019-05-01 00:00:00-04:00,264.8118094680611,265.0184789347916,262.18811906270474,262.1971130371094,71671900
2019-05-02 00:00:00-04:00,262.08039418261956,262.9969024366537,260.13958704666095,261.6311340332031,65030200
2019-05-03 00:00:00-04:00,263.10466237001356,264.4704030511326,261.7388942682371,264.1918640136719,56543700
2019-05-06 00:00:00-04:00,259.89701208717844,263.5450025264516,259.5825244795173,263.104736328125,107198100
2019-05-07 00:00:00-04:00,260.70559211160116,261.29861864665406,256.80601830897126,258.71087646484375,144729900
2019-05-08 00:00:00-04:00,258.3514709472656,260.0586535717971,257.7584444190409,258.3514709472656,91568300
2019-05-09 00:00:00-04:00,256.28494681196247,258.17181744485043,254.55078184893665,257.56982421875,103471100
2019-05-10 00:00:00-04:00,256.63536824121263,259.6184622709735,253.6522742114518,258.86370849609375,112429300
2019-05-13 00:00:00-04:00,253.76002327203466,254.7214188050858,251.52268988940895,252.35830688476562,127290500
2019-05-14 00:00:00-04:00,253.37369301577155,256.1681049927601,253.24791445118507,254.64060974121094,77003200
2019-05-15 00:00:00-04:00,253.01427522562122,256.77008271546595,252.80760572827901,256.13214111328125,73956400
2019-05-16 00:00:00-04:00,256.8330106305001,259.86101931664007,256.7611410796038,258.5042724609375,76749600
2019-05-17 00:00:00-04:00,256.2040905747572,259.3129631236966,256.18610261959776,256.8330383300781,100353000
2019-05-20 00:00:00-04:00,255.23365072213795,256.94083365080587,254.38903952425764,255.13482666015625,62877600
2019-05-21 00:00:00-04:00,256.82398306292055,257.8123606375981,256.57239853669876,257.43499755859375,46847100
2019-05-22 00:00:00-04:00,256.4825295824555,257.59668554101046,256.16804211719005,256.6442565917969,49482500
2019-05-23 00:00:00-04:00,254.42497986634092,254.46989490750192,252.09781586860328,253.5084991455078,98733800
2019-05-24 00:00:00-04:00,254.94605234472476,255.35939128162846,253.46349985025927,254.08348083496094,55268100
2019-05-28 00:00:00-04:00,254.36206462869922,255.31449378901283,251.70245267653993,251.7204132080078,70029400
2019-05-29 00:00:00-04:00,250.6062703090443,251.01058794348035,248.6295149162675,250.0312042236328,104972900
2019-05-30 00:00:00-04:00,250.785904569244,251.62154901071113,249.6178395350318,250.7140350341797,62523800
2019-05-31 00:00:00-04:00,248.17132283615277,248.9979461732618,247.30872358786854,247.33567810058594,86862800
2019-06-03 00:00:00-04:00,247.37160702364017,248.4857633553792,245.3768909783469,246.7067108154297,96428000
2019-06-04 00:00:00-04:00,248.99790209790564,252.19663167059005,248.5486420183639,252.06185913085938,77231900
2019-06-05 00:00:00-04:00,253.67912153430805,254.2721479827065,251.87311510850387,254.2451934814453,71169700
2019-06-06 00:00:00-04:00,254.54166084227597,256.5722967768847,253.89472554276583,255.89840698242188,69430400
2019-06-07 00:00:00-04:00,256.91392495739035,259.537616524781,256.7432038920122,258.4593811035156,74272200
2019-06-10 00:00:00-04:00,260.0047577816279,261.3076228990596,259.5554977301904,259.6453552246094,60799100
2019-06-11 00:00:00-04:00,261.46036226590786,261.8287588074491,258.93552290959707,259.58245849609375,58641300
2019-06-12 00:00:00-04:00,259.3488365521413,259.9059145875843,258.6120435410981,259.12420654296875,47096300
2019-06-13 00:00:00-04:00,260.03178488018204,260.55294204090757,259.33094010111313,260.1935119628906,48945200
2019-06-14 00:00:00-04:00,259.9059753417969,260.5079685515309,259.1422276479497,259.9059753417969,52324700
2019-06-17 00:00:00-04:00,260.13956380841864,260.76853892968074,259.8340702245848,260.0047912597656,39205700
2019-06-18 00:00:00-04:00,261.81977777473696,263.7785449569694,261.4603478082686,262.7272644042969,85434800
2019-06-19 00:00:00-04:00,262.8621193786363,263.85049725511794,261.89172945851396,263.32037353515625,78674400
2019-06-20 00:00:00-04:00,265.9979055853094,266.240496147716,263.3832087300726,265.8361511230469,116570000
2019-06-21 00:00:00-04:00,265.5670871606895,266.8220901549572,265.2330222101439,265.44970703125,83309500
2019-06-24 00:00:00-04:00,265.6574273212025,265.97341688825486,264.9712218644644,265.1247253417969,47582700
2019-06-25 00:00:00-04:00,265.1788831412484,265.2059687471691,262.41604112123906,262.5243835449219,82028700
2019-06-26 00:00:00-04:00,263.4181492334464,263.9237654132579,262.15410878391754,262.262451171875,51584900
2019-06-27 00:00:00-04:00,263.02092303525444,263.6980906365372,262.64172460878746,263.1924743652344,40355200
2019-06-28 00:00:00-04:00,264.167557504222,265.04336195090093,263.65293111911507,264.5467834472656,59350900
2019-07-01 00:00:00-04:00,267.8694855427903,268.0861979498704,265.7476878432094,266.94854736328125,78705600
2019-07-02 00:00:00-04:00,266.9034220756254,267.6979700486466,266.06374060351243,267.643798828125,61504500
2019-07-03 00:00:00-04:00,268.3208916824014,269.80164477374774,268.1764259500246,269.7835693359375,40898900
2019-07-05 00:00:00-04:00,268.5557157881623,269.63919526156394,267.26458916274504,269.4766540527344,51677300
2019-07-08 00:00:00-04:00,268.16743147205943,269.2960442403786,267.4541404873554,267.9958801269531,45841800
2019-07-09 00:00:00-04:00,266.8401623023329,268.6278671624564,266.7859910977244,268.3299255371094,41101300
2019-07-10 00:00:00-04:00,269.3954061841779,270.5601425237143,268.8627041508156,269.6120910644531,58448500
2019-07-11 00:00:00-04:00,270.25305627246956,270.48778894864506,269.2418238255109,270.2440185546875,50826100
2019-07-12 00:00:00-04:00,270.73164779402924,271.5261956250817,270.42466841458145,271.4539489746094,40326000
2019-07-15 00:00:00-04:00,271.8872920895059,271.8872920895059,271.0385732165695,271.544189453125,33900000
2019-07-16 00:00:00-04:00,271.45387537678204,271.66154999805445,270.3613861822975,270.6683654785156,36650100
2019-07-17 00:00:00-04:00,270.64132560824015,270.8038392241641,268.8265075683594,268.8265075683594,36036300
2019-07-18 00:00:00-04:00,268.33000403131257,270.18995607768375,267.8875965462523,269.81072998046875,51392600
2019-07-19 00:00:00-04:00,270.90314927048956,270.93023487092404,268.14030781010166,268.3118591308594,58678600
2019-07-22 00:00:00-04:00,268.7091014293009,269.51268682028854,268.194475028688,268.970947265625,43638100
2019-07-23 00:00:00-04:00,270.0906678856096,270.89422607421875,269.2599965310851,270.89422607421875,44564500
2019-07-24 00:00:00-04:00,270.1357029970052,272.1672058105469,270.04540847226593,272.1672058105469,47213200
2019-07-25 00:00:00-04:00,271.7158762786227,271.77004750569665,270.063571190772,270.8671569824219,55394100
2019-07-26 00:00:00-04:00,271.55330237938404,272.8805522564363,271.42688450822385,272.6819152832031,45084100
2019-07-29 00:00:00-04:00,272.56449822490094,272.68187835964795,271.6345224202421,272.1852722167969,38126500
2019-07-30 00:00:00-04:00,270.7858119974368,271.9234625037329,270.4065859773304,271.51715087890625,45849000
2019-07-31 00:00:00-04:00,271.7609178303265,271.9505446149553,266.5332033083149,268.546630859375,104245200
2019-08-01 00:00:00-04:00,268.700115526861,271.65255641303344,265.4135821381002,266.2081298828125,142646600
2019-08-02 00:00:00-04:00,265.31430025667504,265.55807069993347,262.6507630499362,264.2037353515625,116749700
2019-08-05 00:00:00-04:00,260.1136629564653,260.2220053837113,254.36225615994783,256.2583312988281,178745400
2019-08-06 00:00:00-04:00,258.1454190061771,260.0685801265157,256.6737031233253,259.85186767578125,120711700
2019-08-07 00:00:00-04:00,256.7819852077057,260.7727722927134,254.6511774136103,260.00531005859375,140572300
2019-08-08 00:00:00-04:00,261.495037348534,265.1065979003906,260.94428759030563,265.1065979003906,87713900
2019-08-09 00:00:00-04:00,264.1676091836573,264.76352003700896,261.5221474446139,263.30084228515625,93730000
2019-08-12 00:00:00-04:00,261.8019984508938,263.29176156394834,259.14749942587946,260.0955505371094,65527600
2019-08-13 00:00:00-04:00,259.79760350315723,265.58513268360247,259.4545008367751,264.1405029296875,94299800
2019-08-14 00:00:00-04:00,260.0955384148288,260.7004593066789,256.2040845769867,256.3304748535156,135622100
2019-08-15 00:00:00-04:00,257.21539563778583,257.9016010899172,254.9672075856533,257.0077209472656,99556600
2019-08-16 00:00:00-04:00,258.660050411632,261.23326599547846,257.0619167770849,260.7998962402344,83018300
2019-08-19 00:00:00-04:00,263.8154737214388,264.6190316225491,263.13830611256157,263.9418640136719,53571800
2019-08-20 00:00:00-04:00,263.43631331987183,263.96901533165703,261.79307378762985,261.9194641113281,51596400
2019-08-21 00:00:00-04:00,264.07731753557846,264.42039264271136,263.3911122132719,264.05023193359375,49524700
2019-08-22 00:00:00-04:00,264.75453184479977,265.3865385206094,262.1993368727227,263.968994140625,51666400
2019-08-23 00:00:00-04:00,262.6688438924776,264.33015864750445,255.94230050225514,257.18829345703125,149161500
2019-08-26 00:00:00-04:00,259.37325938101276,260.0323791503906,257.8473727295932,260.0323791503906,72423800
2019-08-27 00:00:00-04:00,261.42284451272855,261.7930328129497,258.253690992949,259.0121154785156,66668900
2019-08-28 00:00:00-04:00,258.3531106020303,260.9985732534505,257.54952480090526,260.8360595703125,59696700
2019-08-29 00:00:00-04:00,263.3911606210267,264.6913248632864,262.3889380553566,264.1676330566406,57899400
2019-08-30 00:00:00-04:00,265.6483375587326,265.6663854420489,263.1202561934248,264.05023193359375,62901200
2019-09-03 00:00:00-04:00,262.35281071811187,263.26471107882736,261.1790369315544,262.50628662109375,69101400
2019-09-04 00:00:00-04:00,264.6732746057014,265.5039182477998,263.9238602297381,265.4858703613281,46887300
2019-09-05 00:00:00-04:00,267.96879736456265,269.8106735830968,265.44972592383255,268.8987731933594,83258100
2019-09-06 00:00:00-04:00,269.2148152948554,269.74751727016104,268.5376475637681,269.1064453125,49584300
2019-09-09 00:00:00-04:00,270.0906319733859,270.1808989649801,268.3028991645869,269.2419128417969,51260300
2019-09-10 00:00:00-04:00,268.48343727792104,269.24188935174453,267.2284341315708,269.1786804199219,57947100
2019-09-11 00:00:00-04:00,269.4856603743414,271.1740607730114,268.83557827685104,271.0928039550781,68821100
2019-09-12 00:00:00-04:00,271.9956759928493,273.08816543274827,271.23725152228974,272.03179931640625,72908700
2019-09-13 00:00:00-04:00,272.4743456443853,272.8264862320803,271.4811603952879,271.8513488769531,62104800
2019-09-16 00:00:00-04:00,270.72260415700487,271.89637799232213,270.3704912942259,271.01153564453125,58191200
2019-09-17 00:00:00-04:00,270.8128506801717,271.7879598351725,270.6412993619928,271.69769287109375,41475500
2019-09-18 00:00:00-04:00,271.3095435402211,271.9686634906912,269.2780400199562,271.8603210449219,73375800
2019-09-19 00:00:00-04:00,272.2486275042277,273.2418127698424,271.50825052858437,271.8423156738281,76560500
2019-09-20 00:00:00-04:00,272.44441106611964,272.7256250118713,269.7686018264229,270.5577392578125,89565000
2019-09-23 00:00:00-04:00,269.89556952748023,271.2108170035137,269.64159394991134,270.4942321777344,43476800
2019-09-24 00:00:00-04:00,271.582733535712,271.9727625422939,267.4102536031992,268.3717346191406,94869400
2019-09-25 00:00:00-04:00,268.45341435241266,270.40358741300247,266.97490242905855,269.9591369628906,71854000
2019-09-26 00:00:00-04:00,269.9681805505696,270.17678656371356,267.9907970655747,269.396728515625,56179700
2019-09-27 00:00:00-04:00,270.1496138053091,270.2584842358922,266.394400547626,267.9454650878906,84746600
2019-09-30 00:00:00-04:00,268.4624127579998,269.8955546492936,268.41707085357206,269.18804931640625,51662400
2019-10-01 00:00:00-04:00,270.06800612770223,270.72109036382295,265.76855105398255,265.9862365722656,88242400
2019-10-02 00:00:00-04:00,264.4078541500029,264.4169336033458,259.99955810195115,261.2875671386719,122539500
2019-10-03 00:00:00-04:00,261.06090402575535,263.45555541593865,258.34880381994094,263.4283447265625,85278800
2019-10-04 00:00:00-04:00,264.08129740155465,267.2469259742035,264.026848368655,266.9929504394531,65091200
2019-10-07 00:00:00-04:00,266.19480049123445,267.818445039267,265.5598476544299,265.8410339355469,59610500
2019-10-08 00:00:00-04:00,263.9906876592985,264.7254038708757,261.67766859806807,261.7139587402344,95708100
2019-10-09 00:00:00-04:00,263.72767961308983,265.1336114585525,263.10180603510383,264.1993408203125,62359400
2019-10-10 00:00:00-04:00,264.1176953902786,266.8660857836884,263.9544312515663,265.9862365722656,55296300
2019-10-11 00:00:00-04:00,268.7345728885581,270.9750115009524,268.61667837739276,268.74365234375,98720400
2019-10-14 00:00:00-04:00,268.4262685735817,269.09751182039724,268.09974024913794,268.4444274902344,40394800
2019-10-15 00:00:00-04:00,269.48742469346604,271.84578529470946,269.3695025112143,271.10198974609375,46754500
2019-10-16 00:00:00-04:00,270.6394458056109,271.35603084525394,270.2312854776649,270.6666564941406,48928200
2019-10-17 00:00:00-04:00,271.82760100086114,272.33555213753766,270.7754085945281,271.46478271484375,45736600
2019-10-18 00:00:00-04:00,270.92966490395844,271.57366954233504,269.42394247522446,270.2765808105469,64304000
2019-10-21 00:00:00-04:00,271.5918227015919,272.3083799212792,271.1564240881151,272.10882568359375,39048600
2019-10-22 00:00:00-04:00,272.64394157592534,272.93420726927076,271.12916766106264,271.2198791503906,48594700
2019-10-23 00:00:00-04:00,270.965950615548,272.0634850874928,270.75731692201106,272.0090637207031,34352200
2019-10-24 00:00:00-04:00,272.94331115214135,273.0884440118041,271.62806364231596,272.4534912109375,35453100
2019-10-25 00:00:00-04:00,271.8820987429654,274.1134858073228,271.82767736883653,273.5692443847656,45205400
2019-10-28 00:00:00-04:00,274.78461687497287,275.6100443709534,274.75740619625964,275.11114501953125,42147000
2019-10-29 00:00:00-04:00,274.8390967416614,275.9547901689378,274.7120950931229,275.0295715332031,44284900
2019-10-30 00:00:00-04:00,275.2290756919439,276.24497797030693,273.9229077108311,275.87310791015625,49643900
2019-10-31 00:00:00-04:00,275.86406156075225,275.86406156075225,273.6871238914147,275.1383972167969,69053800
2019-11-01 00:00:00-04:00,276.5807635577077,277.7327198598299,276.41747171038776,277.6873779296875,71141500
2019-11-04 00:00:00-05:00,279.2382855082534,279.3743389032854,278.4309892289629,278.8028869628906,60606900
2019-11-05 00:00:00-05:00,279.00258028848964,279.30192558808307,278.2043630646061,278.49462890625,42933200
2019-11-06 00:00:00-05:00,278.494543609944,278.83015127599856,277.61469457781413,278.55804443359375,46487100
2019-11-07 00:00:00-05:00,279.8915780512553,280.87119090671985,279.0661499313,279.5378112792969,54272300
2019-11-08 00:00:00-05:00,279.1930501544801,280.2815332005841,278.49462393668216,280.22711181640625,49032100
2019-11-11 00:00:00-05:00,278.8483051362286,279.8642075711623,278.71222403622494,279.6918640136719,35797300
2019-11-12 00:00:00-05:00,280.05475967061557,281.17950515104246,279.5105181641509,280.2815246582031,46484600
2019-11-13 00:00:00-05:00,279.2928497962224,280.7713620351493,279.0660847947005,280.37225341796875,53917700
2019-11-14 00:00:00-05:00,280.09095744342886,280.8619636831978,279.4560046150865,280.7803039550781,51219900
2019-11-15 00:00:00-05:00,282.1137105902836,282.8575062211695,281.4243640106054,282.8121643066406,62023600
2019-11-18 00:00:00-05:00,282.57633203669667,283.2566268714091,282.1228021468884,283.0207824707031,49228000
2019-11-19 00:00:00-05:00,283.61947336896316,283.6285528256652,282.2951737101685,282.9391784667969,67804700
2019-11-20 00:00:00-05:00,282.34951110935566,282.8665417247279,280.33583769061437,281.88690185546875,79406200
2019-11-21 00:00:00-05:00,281.99581092576324,282.1046536636578,280.635221339549,281.43341064453125,54664700
2019-11-22 00:00:00-05:00,282.1772483826184,282.31330182529547,281.052503014795,282.059326171875,44850200
2019-11-25 00:00:00-05:00,282.98456243967775,284.245361328125,282.98456243967775,284.245361328125,48647200
2019-11-26 00:00:00-05:00,284.28162866852205,285.0707663027961,283.96415218727157,284.88934326171875,37569000
2019-11-27 00:00:00-05:00,285.37013629728915,286.1593017578125,285.1524507530205,286.1593017578125,44444600
2019-11-29 00:00:00-05:00,285.59686381058185,285.8417876970087,284.87122697075444,285.0979919433594,36592700
2019-12-02 00:00:00-05:00,285.351926627072,285.4154274537873,282.2497977488334,282.6761169433594,75767800
2019-12-03 00:00:00-05:00,279.9639558052549,280.8619636831978,278.5852351006926,280.7803039550781,73941700
2019-12-04 00:00:00-05:00,281.8235316935288,283.1115412943075,281.4788444906727,282.51287841796875,49080000
2019-12-05 00:00:00-05:00,283.2112849549353,283.2294161852713,281.71461417355385,283.0207824707031,40709000
2019-12-06 00:00:00-05:00,284.92566208065074,286.00506561677,284.91658262330225,285.60595703125,48927000
2019-12-09 00:00:00-05:00,285.2158063567555,285.8870215639641,284.63527495929674,284.7078552246094,34838500
2019-12-10 00:00:00-05:00,284.6535275182076,285.31566348978197,283.73738821573176,284.3904724121094,52649800
2019-12-11 00:00:00-05:00,284.8440177776958,285.4517600872291,284.3088557612892,285.1977844238281,53429100
2019-12-12 00:00:00-05:00,285.20675069859516,288.4358807429049,284.97093401980595,287.65582275390625,96389600
2019-12-13 00:00:00-05:00,287.42005905278955,289.0527834416107,286.6490526203965,287.8282470703125,81503900
2019-12-16 00:00:00-05:00,289.55159690245364,290.3951557751756,287.76468819631657,289.8055725097656,82749700
2019-12-17 00:00:00-05:00,290.18661712815833,290.4859347171941,289.787508555263,289.869140625,61097700
2019-12-18 00:00:00-05:00,290.25913538779594,290.4859003373177,289.8328161754444,289.8872375488281,48133000
2019-12-19 00:00:00-05:00,290.07772911648044,291.14808077783215,289.823753465592,291.07550048828125,85310500
2019-12-20 00:00:00-05:00,292.10552598899403,293.4819293110863,291.1302212825293,292.3516540527344,147142100
2019-12-23 00:00:00-05:00,293.13553655427705,293.1902254958816,292.6524323585263,292.79827880859375,52990000
2019-12-24 00:00:00-05:00,293.0260982506087,293.07166308676193,292.5065255951328,292.8073425292969,20270000
2019-12-26 00:00:00-05:00,293.19025140163853,294.37524348162793,293.18115512214473,294.3661193847656,30911200
2019-12-27 00:00:00-05:00,295.0952016079266,295.1498905317027,293.7643914337797,294.2930603027344,42528800
2019-12-30 00:00:00-05:00,294.3752190438764,294.5119413986182,292.1875500985432,292.670654296875,49729100
2019-12-31 00:00:00-05:00,292.1693441370268,293.62778090007464,291.82296227634913,293.38165283203125,57077300
2020-01-02 00:00:00-05:00,294.91296621198353,296.1435228475682,293.9923228046252,296.1252746582031,59151200
2020-01-03 00:00:00-05:00,292.74353546966336,295.00411329960116,292.68884653822107,293.8829345703125,77709700
2020-01-06 00:00:00-05:00,292.1328118215423,295.08615327203825,292.0143098616565,295.0041198730469,55653900
2020-01-07 00:00:00-05:00,294.4389421396399,294.9129499592201,293.72795822762987,294.17462158203125,40496400
2020-01-08 00:00:00-05:00,294.3660894233574,296.95480128822834,294.1199891894408,295.74249267578125,68296000
2020-01-09 00:00:00-05:00,297.3011671355,297.8207398631898,296.7177813744384,297.747802734375,48473300
2020-01-10 00:00:00-05:00,298.33117684890317,298.4861195611985,296.42610473911026,296.8909606933594,53029300
2020-01-13 00:00:00-05:00,297.510801872737,298.94186605271307,297.082386683004,298.9327697753906,47086800
2020-01-14 00:00:00-05:00,298.49524063629786,299.54348231822837,297.9209789989077,298.4770202636719,62832800
2020-01-15 00:00:00-05:00,298.38587734482564,299.90809914567166,298.30384393795646,299.15155029296875,72056600
2020-01-16 00:00:00-05:00,300.5279902633712,301.6400451660156,300.3001103883815,301.6400451660156,54050300
2020-01-17 00:00:00-05:00,302.3509470912397,302.7884585291991,301.5761501633732,302.5788269042969,95846000
2020-01-21 00:00:00-05:00,301.6217259743135,302.78846954692693,301.5488166711206,301.986328125,77742400
2020-01-22 00:00:00-05:00,302.84318902456715,303.49038781097767,301.8678844320141,302.0228271484375,48914900
2020-01-23 00:00:00-05:00,301.37567931823935,302.77942705597485,300.2636244798141,302.3692321777344,51963000
2020-01-24 00:00:00-05:00,303.0255562651374,303.10758968515563,298.39502145229517,299.6802673339844,87578400
2020-01-27 00:00:00-05:00,294.44801922852156,296.3530908448181,294.11076160603517,294.8764343261719,84062500
2020-01-28 00:00:00-05:00,296.298487210109,298.84163406721996,294.9676767051918,297.9665832519531,63834000
2020-01-29 00:00:00-05:00,299.32471133178075,299.55259115613137,297.5198931086739,297.7204284667969,53888900
2020-01-30 00:00:00-05:00,295.66042488337473,298.89633550564963,294.9130001022843,298.6866760253906,75491800
2020-01-31 00:00:00-05:00,298.0668193889295,298.22178991387807,292.3516032332454,293.26312255859375,113845600
2020-02-03 00:00:00-05:00,294.7398209430448,297.3011883827756,294.62131896327486,295.4416809082031,69083000
2020-02-04 00:00:00-05:00,299.04215432222543,300.81050405404096,298.7231169921296,299.9445495605469,62573200
2020-02-05 00:00:00-05:00,302.87050163975044,303.61795412672234,301.4120930432873,303.4082946777344,65951100
2020-02-06 00:00:00-05:00,304.3654167083422,304.6206410029242,303.35361580732535,304.4292297363281,50359700
2020-02-07 00:00:00-05:00,303.37183913632214,304.4383010658972,302.2597845544811,302.80670166015625,64139400
2020-02-10 00:00:00-05:00,301.92256617332515,305.1311042908256,301.886097610239,305.0672912597656,42070000
2020-02-11 00:00:00-05:00,306.4164008111858,307.2002942348692,305.0673419265735,305.5960388183594,54864500
2020-02-12 00:00:00-05:00,307.02705945948134,307.77451202465284,306.66245727222037,307.56488037109375,43992700
2020-02-13 00:00:00-05:00,306.1429208622096,308.202963799749,305.86947614367216,307.23675537109375,54501900
2020-02-14 00:00:00-05:00,307.64693997585454,307.84747536853007,306.4528517159032,307.7289733886719,64582200
2020-02-18 00:00:00-05:00,306.7353777212436,307.79274347896046,305.550385905375,306.9359130859375,57226200
2020-02-19 00:00:00-05:00,307.90211788539574,309.07795777585227,307.61954912250815,308.4034423828125,48814700
2020-02-20 00:00:00-05:00,307.85655491074664,308.67694462905206,304.1557883522253,307.136474609375,74163400
2020-02-21 00:00:00-05:00,305.7873641141862,306.0972773213097,303.153060127596,303.97344970703125,113788200
2020-02-24 00:00:00-05:00,294.5484154937722,304.04643281297626,292.81650624331786,293.8921203613281,161088400
2020-02-25 00:00:00-05:00,295.2775405729495,295.88824287722144,284.11143004396996,284.9864807128906,218913200
2020-02-26 00:00:00-05:00,286.3811587759355,289.9634233462724,283.2090890630601,283.93829345703125,194773800
2020-02-27 00:00:00-05:00,278.43272007694435,283.99299421889395,271.1861572265625,271.1861572265625,284353500
2020-02-28 00:00:00-05:00,263.15569806188904,271.5325647241753,260.2752930240666,270.0467834472656,384975800
2020-03-02 00:00:00-05:00,271.82421045255126,281.80535966924487,268.40601247661044,281.7415466308594,238703600
2020-03-03 00:00:00-05:00,282.11520716459734,286.07119736155244,271.24078921564694,273.6745300292969,300139100
2020-03-04 00:00:00-05:00,279.0343161033958,285.3967315712866,276.49116917188974,285.1779479980469,176613400
2020-03-05 00:00:00-05:00,277.9951665598652,281.1763600202487,273.4649145191371,275.6981201171875,186366800
2020-03-06 00:00:00-05:00,267.2119174164198,272.3437762979566,264.55029623787203,271.14056396484375,228667200
2020-03-09 00:00:00-04:00,250.94132346367905,259.04474569545937,249.25503453343848,249.9660186767578,309417300
2020-03-10 00:00:00-04:00,259.4549092564181,262.9915813511426,249.30056924454237,262.90045166015625,276444100
2020-03-11 00:00:00-04:00,255.86349945004477,256.9937745724308,246.91237251975267,250.08444213867188,255316300
2020-03-12 00:00:00-04:00,233.3489613279396,243.06576125881952,225.76511340861424,226.15707397460938,392220700
2020-03-13 00:00:00-04:00,239.8115818422406,247.45924124597292,226.53075439431242,245.4903564453125,329566100
2020-03-16 00:00:00-04:00,219.84023822786799,234.16932404862888,216.35824141554718,218.6279296875,297240000
2020-03-17 00:00:00-04:00,223.35868442017195,233.50391264622428,216.0938883539165,230.4320831298828,262070500
2020-03-18 00:00:00-04:00,215.34645080566406,226.39406110097966,207.8446502974257,218.7646484375,327597100
2020-03-19 00:00:00-04:00,218.0809829271714,225.49163896080339,211.67300364288351,219.2294921875,289322000
2020-03-20 00:00:00-04:00,222.37074721498362,224.14949538908877,209.50693107809147,209.78199768066406,347158800
2020-03-23 00:00:00-04:00,209.22269612416616,210.58883736917826,200.11807712080454,204.41824340820312,326025200
2020-03-24 00:00:00-04:00,214.9348561536564,223.81025556170377,214.3663954320049,222.939208984375,235494500
2020-03-25 00:00:00-04:00,224.516204945191,235.04198822111258,219.82178792403363,226.276611328125,299430300
2020-03-26 00:00:00-04:00,228.77974835482536,240.9558914934752,228.34881392408727,239.48890686035156,257632800
2020-03-27 00:00:00-04:00,232.21807974740867,239.1313451664376,230.18260609552686,232.35560607910156,224341200
2020-03-30 00:00:00-04:00,234.44608945305336,240.61668467866326,232.45646258210547,239.90151977539062,171369500
2020-03-31 00:00:00-04:00,238.90211266816877,241.44185872909284,234.922859122693,236.32568359375,194881100
2020-04-01 00:00:00-04:00,227.36772539626958,236.24312431481496,223.62685616519354,225.68983459472656,189554600
2020-04-02 00:00:00-04:00,224.80964222485147,231.67705936295383,224.25950903784965,230.89772033691406,177660400
2020-04-03 00:00:00-04:00,229.91666012342145,232.26388300481995,224.83715469449982,227.56028747558594,135561200
2020-04-06 00:00:00-04:00,236.40821189273478,244.80683164702756,227.54198862018026,242.84469604492188,188061200
2020-04-07 00:00:00-04:00,251.41747622455648,252.16932399949252,242.87218203318542,243.09222412109375,201427200
2020-04-08 00:00:00-04:00,245.6870219261838,253.05874090906812,243.20228632655915,251.2524871826172,153774500
2020-04-09 00:00:00-04:00,254.50739317768844,257.8265203918572,252.5727909100661,255.0758819580078,189999200
2020-04-13 00:00:00-04:00,254.1039089820408,254.44314980116567,248.85018121565156,252.74691772460938,114839100
2020-04-14 00:00:00-04:00,257.6247434043118,261.2188944182337,252.60941275513804,260.201171875,134143400
2020-04-15 00:00:00-04:00,254.49818449986756,260.338700945521,252.56355469912342,254.67239379882812,121775000
2020-04-16 00:00:00-04:00,255.9468642691427,256.7537225719264,252.83865783107498,255.90103149414062,131798300
2020-04-17 00:00:00-04:00,261.65902364519036,263.4194162623719,258.9267132107058,262.8143005371094,146684800
2020-04-20 00:00:00-04:00,259.1191664884821,262.9517420587275,257.9639179499687,258.1839599609375,100109300
2020-04-21 00:00:00-04:00,253.72799788074695,254.9291074264228,249.40947658688037,250.34471130371094,126385700
2020-04-22 00:00:00-04:00,255.21337198348687,257.6430966582761,253.89306348455668,255.90103149414062,92951600
2020-04-23 00:00:00-04:00,257.1754170609283,260.3386612375464,255.58005633581496,255.8826141357422,104709700
2020-04-24 00:00:00-04:00,257.39554010912246,260.1186727932332,255.35088916404356,259.4493408203125,85063200
2020-04-27 00:00:00-04:00,261.4205546310472,264.3087180906632,260.96211509838025,263.19012451171875,77896600
2020-04-28 00:00:00-04:00,266.8302837908438,267.1787025062263,261.677425057309,261.9800109863281,105270000
2020-04-29 00:00:00-04:00,267.2978148114988,270.36936598916276,266.27091449702925,268.8381652832031,118745600
2020-04-30 00:00:00-04:00,267.4629491155694,268.9391398704189,264.6022891460337,266.335205078125,122901700
2020-05-01 00:00:00-04:00,261.594889070107,266.50020001311435,258.11990791498647,259.28436279296875,125180000
2020-05-04 00:00:00-04:00,257.40472721224256,260.3020696248995,255.92856473218876,259.99951171875,80873200
2020-05-05 00:00:00-04:00,262.81434034545913,265.20738229155137,260.1278622774751,262.4017333984375,79569900
2020-05-06 00:00:00-04:00,264.0978740455981,264.4829476132183,260.19195997415204,260.6228942871094,73632600
2020-05-07 00:00:00-04:00,263.8319800050877,265.6932435927499,263.26351939914133,263.7677917480469,75250400
2020-05-08 00:00:00-04:00,266.8944094168429,268.5998195757135,265.7666377314456,268.1322021484375,76452400
2020-05-11 00:00:00-04:00,266.20676247386785,269.56254444611375,265.7850057832069,268.1872253417969,79514200
2020-05-12 00:00:00-04:00,269.37000418111256,269.7825831185984,262.7042730991444,262.8418273925781,95870800
2020-05-13 00:00:00-04:00,262.28244947607476,263.31852740068314,255.77260186362162,258.19317626953125,144721100
2020-05-14 00:00:00-04:00,255.76353778728304,261.4114906647709,250.29891603317049,261.28314208984375,121977900
2020-05-15 00:00:00-04:00,258.89919065123917,262.53002466488874,257.95480613821377,262.48419189453125,111146300
2020-05-18 00:00:00-04:00,268.6914747602291,272.08393945209053,268.3705893815132,270.4794006347656,119703800
2020-05-19 00:00:00-04:00,269.8834715117107,271.58885385664627,267.68296642946405,267.7012939453125,95189300
2020-05-20 00:00:00-04:00,271.2313614295317,273.1109536350428,271.0021415029597,272.24908447265625,85861700
2020-05-21 00:00:00-04:00,272.1205969507901,272.9274551573874,269.2782657160711,270.3693542480469,78293900
2020-05-22 00:00:00-04:00,270.0851928712047,271.05708287336876,268.84739998740986,270.88287353515625,63958200
2020-05-26 00:00:00-04:00,276.8333877387792,277.07178533427884,270.9011769612808,274.22027587890625,88951400
2020-05-27 00:00:00-04:00,277.0075509205538,278.3370370080894,272.1939349208289,278.30035400390625,104817400
2020-05-28 00:00:00-04:00,279.3273381718324,281.3353065447308,277.11765518674065,277.7869873046875,90405200
2020-05-29 00:00:00-04:00,277.3193394971249,279.61153803025144,274.577879005406,279.0247497558594,119090800
2020-06-01 00:00:00-04:00,278.38292576798335,280.7576401144218,277.8694755298853,280.1524963378906,55758300
2020-06-02 00:00:00-04:00,281.06940446353366,282.5180897682759,279.7399459537755,282.47222900390625,74267200
2020-06-03 00:00:00-04:00,284.4526664557033,287.1849772402928,284.17761381806736,286.2314147949219,92567600
2020-06-04 00:00:00-04:00,285.2503028822557,286.98321817364206,283.3890390401753,285.4795227050781,75794400
2020-06-05 00:00:00-04:00,290.86163222663976,294.56580447547407,290.79744395981476,292.7962341308594,150524700
2020-06-08 00:00:00-04:00,293.60304767799335,296.5278944562294,293.06209232772414,296.3353576660156,73641200
2020-06-09 00:00:00-04:00,293.6764120455833,296.408722278723,292.8145433136846,294.1257019042969,77479200
2020-06-10 00:00:00-04:00,294.70338803982554,295.5927621739855,291.7693627776029,292.4845275878906,95000800
2020-06-11 00:00:00-04:00,285.57125517345406,286.2039042091924,275.07300264511355,275.62310791015625,209243600
2020-06-12 00:00:00-04:00,282.6188503742168,283.3890255846192,273.78014897594073,278.923828125,194678900
2020-06-15 00:00:00-04:00,273.24841147874247,282.65560386034076,272.07480686820895,281.52783203125,135782700
2020-06-16 00:00:00-04:00,289.25711767246935,289.4038217313861,282.0962919334156,286.9465637207031,137627500
2020-06-17 00:00:00-04:00,287.96425988813667,288.2576679504427,285.0210574809537,285.75457763671875,83398900
2020-06-18 00:00:00-04:00,284.2417274083413,286.34136061280276,283.78328781211144,285.8645935058594,80828700
2020-06-19 00:00:00-04:00,289.323611161699,289.5169952642536,282.2878135586834,284.23095703125,135549600
2020-06-22 00:00:00-04:00,283.6323430698322,286.4503381503588,282.49041850503755,286.0543518066406,74649400
2020-06-23 00:00:00-04:00,288.6973956071107,289.627527981212,286.9660723422408,287.37127685546875,68471200
2020-06-24 00:00:00-04:00,285.3360587710118,285.9530836646762,278.2081916960514,280.0408020019531,132813500
2020-06-25 00:00:00-04:00,279.46981736237365,283.3100417218154,277.45301313177083,283.04296875,89468000
2020-06-26 00:00:00-04:00,281.94708210428337,282.1589024781775,275.7401296700566,276.3202819824219,127961000
2020-06-29 00:00:00-04:00,277.572693256611,280.51960120631884,275.2888164097337,280.3814697265625,79773300
2020-06-30 00:00:00-04:00,279.9486930198918,285.6675903215087,279.792153347328,283.97308349609375,113394800
2020-07-01 00:00:00-04:00,285.08742860608777,287.22395639224413,284.62697148514405,285.9622802734375,72396500
2020-07-02 00:00:00-04:00,289.38803604130976,290.7325908541107,286.8739585501112,287.5370178222656,69344200
2020-07-06 00:00:00-04:00,291.3495847273951,292.5559799310515,290.6036465664798,291.9757995605469,61713800
2020-07-07 00:00:00-04:00,290.4379766600847,292.40871878523126,288.58692979485284,288.9645080566406,82910000
2020-07-08 00:00:00-04:00,289.72865819522565,291.28500466384816,287.96973768373715,291.17449951171875,54638600
2020-07-09 00:00:00-04:00,291.7825622823344,292.0220090583393,286.10972528898327,289.5171203613281,83354200
2020-07-10 00:00:00-04:00,289.45251680342045,292.74018697945144,288.02511114921197,292.4731140136719,57550400
2020-07-13 00:00:00-04:00,294.8122255722936,297.18817150586733,289.28674115516975,289.9405822753906,102997500
2020-07-14 00:00:00-04:00,288.522406144319,294.4715320808562,287.32522893206374,293.6979675292969,93657000
2020-07-15 00:00:00-04:00,296.9119193662305,297.4920997478603,294.02023559241456,296.3962097167969,87196500
2020-07-16 00:00:00-04:00,294.49922110661043,295.87137455654613,293.85456979097415,295.4201354980469,54622500
2020-07-17 00:00:00-04:00,296.42396101925385,297.0593942667122,294.45319051749493,296.276611328125,62774900
2020-07-20 00:00:00-04:00,296.0094126786261,299.4168060932532,295.2634745052949,298.6708679199219,56308800
2020-07-21 00:00:00-04:00,300.6324848085871,301.0745056864678,298.320980919731,299.3063659667969,57292200
2020-07-22 00:00:00-04:00,298.9471708971752,301.32314533336705,298.83666568694713,301.010009765625,57792900
2020-07-23 00:00:00-04:00,300.6508750281461,301.35077884843804,296.0555219337203,297.41845703125,75738000
2020-07-24 00:00:00-04:00,295.56743094562876,296.5251615020732,294.0018655257891,295.5029602050781,73766600
2020-07-27 00:00:00-04:00,296.193647698937,297.8328739008944,295.40164684860423,297.65789794921875,48293000
2020-07-28 00:00:00-04:00,296.9303522871835,298.04467867981947,295.47532024869815,295.77001953125,57495000
2020-07-29 00:00:00-04:00,296.64488066256155,299.9693955729184,296.60803622504216,299.4076232910156,48454200
2020-07-30 00:00:00-04:00,296.44227447076116,298.7537780991364,294.36102749576685,298.33935546875,61861700
2020-07-31 00:00:00-04:00,300.12590663768805,300.7981840639859,295.9173223565921,300.6968688964844,84986800
2020-08-03 00:00:00-04:00,302.35443134444904,303.55160806572525,301.8110955645431,302.7872619628906,53077900
2020-08-04 00:00:00-04:00,301.93091720834786,303.9569396972656,301.93091720834786,303.9569396972656,41917900
2020-08-05 00:00:00-04:00,305.2554476092795,306.10270108517585,304.98837460760626,305.8448181152344,42697700
2020-08-06 00:00:00-04:00,305.264638297825,308.00894452980793,304.942312718452,307.88922119140625,43679400
2020-08-07 00:00:00-04:00,306.92221206378724,308.3956800618827,306.0197062402385,308.1101989746094,57308300
2020-08-10 00:00:00-04:00,308.5615137232704,309.21535494485994,306.6275882566364,309.03118896484375,44282100
2020-08-11 00:00:00-04:00,310.2099438612299,310.84537688701096,305.7527226498275,306.480224609375,69601100
2020-08-12 00:00:00-04:00,308.91137645275995,311.5267686882517,308.8837501585283,310.7532043457031,53774400
2020-08-13 00:00:00-04:00,309.98892606516085,311.49923889521347,309.2706140885454,310.1915283203125,41816100
2020-08-14 00:00:00-04:00,309.80475825655594,310.73489061846544,309.07722814860483,310.20074462890625,47260400
2020-08-17 00:00:00-04:00,311.2137530113555,311.58211307766084,310.2099598864431,311.1861267089844,35481000
2020-08-18 00:00:00-04:00,311.58210731482745,312.2820111007127,309.98891563003593,311.8583984375,38733900
2020-08-19 00:00:00-04:00,312.23591780968894,312.7516274630557,309.9981032669653,310.55987548828125,68054200
2020-08-20 00:00:00-04:00,308.83774337602864,312.0056901723592,308.70883001435334,311.5268249511719,42207800
2020-08-21 00:00:00-04:00,311.1953645031958,312.8529989583211,310.85460261366353,312.6319885253906,55106600
2020-08-24 00:00:00-04:00,315.0631480494956,315.87355700727335,312.604322979584,315.7998962402344,48588700
2020-08-25 00:00:00-04:00,316.3616018282348,316.9878166359839,315.20124113429597,316.9049377441406,38463400
2020-08-26 00:00:00-04:00,317.4943564112972,320.34916765874164,316.9510204608459,320.0821228027344,50790200
2020-08-27 00:00:00-04:00,320.94779884525434,322.2278548973866,319.1243787139967,320.7820129394531,58034100
2020-08-28 00:00:00-04:00,321.8041766053933,322.98294535067055,320.6161897272106,322.85400390625,48588900
2020-08-31 00:00:00-04:00,322.64226783208227,323.51711938437126,321.4542807471516,321.68450927734375,66099200
2020-09-01 00:00:00-04:00,322.51332671022755,324.8156120146118,321.6200388879637,324.7143249511719,54908700
2020-09-02 00:00:00-04:00,326.6206419236981,330.37795938167653,325.4786892390397,329.4110107421875,69540000
2020-09-03 00:00:00-04:00,327.72577971733415,328.19545502122673,315.4960384795062,318.0746154785156,148011100
2020-09-04 00:00:00-04:00,318.7560217314167,320.32155893623025,308.3865193279406,315.4775695800781,139156300
2020-09-08 00:00:00-04:00,310.0809566891278,315.5419982728342,306.5538683027617,306.8577575683594,114465300
2020-09-09 00:00:00-04:00,310.8545526760322,315.37624441716423,309.98889114735533,312.91741943359375,91462300
2020-09-10 00:00:00-04:00,314.78688177765224,315.4407229555937,306.5262807206502,307.4840393066406,90569500
2020-09-11 00:00:00-04:00,309.26138178450964,310.32042738546795,304.8225690491499,307.64056396484375,84680200
2020-09-14 00:00:00-04:00,310.79930858274395,313.46076397555305,307.78792941912315,311.6925964355469,65605700
2020-09-15 00:00:00-04:00,314.1422160421619,314.97103311859536,311.70179927663685,313.2673645019531,52920900
2020-09-16 00:00:00-04:00,314.5014007189514,315.92880641145365,311.74784829653964,312.0241394042969,82096000
2020-09-17 00:00:00-04:00,307.1801324619214,310.9927306673699,306.65520463292705,309.2798156738281,91523300
2020-09-18 00:00:00-04:00,310.0832931282361,310.19424068358853,303.2412544546544,305.71917724609375,105877900
2020-09-21 00:00:00-04:00,301.14238742219266,302.4645593357365,297.4717223903731,302.3166198730469,99450800
2020-09-22 00:00:00-04:00,303.7959671425477,305.9502737084909,301.29027968535905,305.3955078125,63612100
2020-09-23 00:00:00-04:00,305.95029107636867,306.2276881483939,297.8138181951708,298.3131103515625,93112200
2020-09-24 00:00:00-04:00,297.0002185553226,302.1594777085532,295.68727323191223,299.1083068847656,76681300
2020-09-25 00:00:00-04:00,298.25759348900306,304.72979648153216,297.38849504638966,303.94390869140625,71069400
2020-09-28 00:00:00-04:00,308.0954153354496,309.70421136202526,307.106085914168,308.9922790527344,64584600
2020-09-29 00:00:00-04:00,308.78878394674337,309.5284529495285,306.61596745328694,307.3094177246094,51304000
2020-09-30 00:00:00-04:00,307.97519790754353,312.78313211808506,307.781039690102,309.6394958496094,104081100
2020-10-01 00:00:00-04:00,312.22833451482296,313.1991537202758,309.75041203082435,311.6273498535156,88698700
2020-10-02 00:00:00-04:00,306.6900399805022,311.5996670640401,306.2184846303253,308.6686706542969,89431100
2020-10-05 00:00:00-04:00,310.72123983393703,314.32717611812427,310.67502109585257,314.14227294921875,45713100
2020-10-06 00:00:00-04:00,314.28097349200937,316.37057974539914,309.16793362544905,309.67645263671875,90128900
2020-10-07 00:00:00-04:00,312.62593551915137,315.87129250041943,312.5981986311307,315.06689453125,56999600
2020-10-08 00:00:00-04:00,316.99932011187576,317.9239207082548,316.08394633419226,317.85919189453125,45242500
2020-10-09 00:00:00-04:00,319.50501111946494,321.16005424971684,318.8855444605007,320.69775390625,59528600
2020-10-12 00:00:00-04:00,323.2311624863126,327.3271369060572,322.74112523312164,325.8570251464844,80388500
2020-10-13 00:00:00-04:00,325.7182319216309,325.89390825718806,322.7687543508322,323.7303466796875,73255500
2020-10-14 00:00:00-04:00,324.30366960004284,325.39469156684834,320.96587488382295,321.6962890625,57727900
2020-10-15 00:00:00-04:00,317.79443172197927,321.7794576418191,317.2581758442864,321.2986755371094,60357700
2020-10-16 00:00:00-04:00,322.6485591089017,324.30360178414776,320.9288158479538,321.1044921875,89501900
2020-10-19 00:00:00-04:00,322.3620517041388,322.99077345358967,315.32585341268987,316.22271728515625,68425600
2020-10-20 00:00:00-04:00,317.5633355204922,320.72548220032826,316.8051844221268,317.4893798828125,60051900
2020-10-21 00:00:00-04:00,317.4430433315355,319.6066331009399,316.5831717303874,316.8883056640625,63575000
2020-10-22 00:00:00-04:00,317.1010319977672,319.2091203575822,314.9652067470299,318.6266174316406,55399300
2020-10-23 00:00:00-04:00,319.84711952294293,319.9025933086826,317.25824879984316,319.70843505859375,49143900
2020-10-26 00:00:00-04:00,316.33359795190205,317.1195140807674,310.31443920384794,313.8002014160156,91473000
2020-10-27 00:00:00-04:00,314.1422764667609,314.4751191044585,312.5057155150436,312.7183837890625,65994100
2020-10-28 00:00:00-04:00,307.0597966652632,312.74608344828266,301.5399311812828,302.02996826171875,127094300
2020-10-29 00:00:00-04:00,302.2612006889962,308.26184985459844,300.5784207406355,305.0997314453125,90597700
2020-10-30 00:00:00-04:00,303.52789396877716,304.8315842442729,298.27616915749184,301.9190979003906,120287300
2020-11-02 00:00:00-05:00,305.30316162109375,307.3002742972392,302.56632324038145,305.30316162109375,86068300
2020-11-03 00:00:00-05:00,308.5299804346644,312.7461569674992,305.3863439975958,310.69354248046875,93294200
2020-11-04 00:00:00-05:00,315.15934752702685,321.70553558783416,313.9851149209246,317.6372985839844,126959700
2020-11-05 00:00:00-05:00,322.9074612913422,325.63504398286517,322.55610859572175,323.8320617675781,82039700
2020-11-06 00:00:00-05:00,323.5454189031764,325.00630337123437,321.43733106964845,323.7580871582031,74973000
2020-11-09 00:00:00-05:00,336.52688050400957,336.90597013486416,327.3640851994297,327.8263854980469,172304200
2020-11-10 00:00:00-05:00,326.83703383089585,328.39961099114294,324.0817422973662,327.3455810546875,85552000
2020-11-11 00:00:00-05:00,329.52768350264563,330.6002236995473,328.28872195189047,329.77734375,58649000
2020-11-12 00:00:00-05:00,328.76945432758134,329.8235125087104,324.7752013576145,326.5781555175781,67546200
2020-11-13 00:00:00-05:00,328.48282147525566,331.8391259274995,327.96504743366876,331.0994567871094,62892200
2020-11-16 00:00:00-05:00,333.7622800304141,335.42654955095253,332.47707186315154,335.2323913574219,74541100
2020-11-17 00:00:00-05:00,332.8284586496354,334.63144099542336,331.3213552496351,333.429443359375,66111000
2020-11-18 00:00:00-05:00,333.69759212727365,334.2431030727179,329.3796950886092,329.41668701171875,70591300
2020-11-19 00:00:00-05:00,328.7879360767462,331.1733928980095,327.44725409515723,330.8035583496094,59940900
2020-11-20 00:00:00-05:00,330.54463375254744,330.7480469635193,328.46428291074824,328.5382385253906,70417300
2020-11-23 00:00:00-05:00,330.3412386076394,331.7651311623136,328.112948198128,330.5076599121094,63230600
2020-11-24 00:00:00-05:00,333.0503176608031,336.37888489880055,332.1997010545498,335.8333740234375,62415900
2020-11-25 00:00:00-05:00,335.750145589235,335.7778824723925,334.2245605824417,335.3155822753906,45330900
2020-11-27 00:00:00-05:00,336.4066780190502,336.7210388362217,335.24167223686067,336.24951171875,28514100
2020-11-30 00:00:00-05:00,335.4727659225405,335.7409079513326,332.0887531357319,334.7608337402344,83872700
2020-12-01 00:00:00-05:00,338.00624890506265,339.95714263167446,337.41449097572354,338.42230224609375,74231400
2020-12-02 00:00:00-05:00,337.31281295054083,339.2914436515928,336.7395650672134,339.13427734375,45927000
2020-12-03 00:00:00-05:00,339.03249301288866,340.4286487496057,337.94147123204993,339.041748046875,62882000
2020-12-04 00:00:00-05:00,339.62432345507125,341.96356201171875,339.53185774514355,341.96356201171875,50749900
2020-12-07 00:00:00-05:00,341.19601339057107,341.7507792477723,339.99404421377153,341.2607421875,48944300
2020-12-08 00:00:00-05:00,339.99405613944555,342.82333107219165,339.9478374066258,342.25933837890625,42458900
2020-12-09 00:00:00-05:00,342.91589783781166,343.0730641489794,338.3576233487797,339.18975830078125,74098300
2020-12-10 00:00:00-05:00,337.82132486772645,340.12357138803657,336.95219802540623,339.07879638671875,57735400
2020-12-11 00:00:00-05:00,337.38671728522763,339.0879788216525,335.8703871356922,338.68115234375,57698600
2020-12-14 00:00:00-05:00,340.8447147774003,341.91722644158915,336.98911858351033,337.164794921875,69216200
2020-12-15 00:00:00-05:00,339.69826688785116,341.72314453125,338.3298760097503,341.72314453125,63865300
2020-12-16 00:00:00-05:00,341.93572259947405,343.1746837346286,341.05734094338163,342.25933837890625,58420500
2020-12-17 00:00:00-05:00,343.8959709330282,344.37675311713696,343.07306280359876,344.17333984375,64119500
2020-12-18 00:00:00-05:00,344.461170106029,344.62830083764095,340.79341847573585,342.799072265625,136542300
2020-12-21 00:00:00-05:00,338.88995381488303,351.4159755487242,336.1600382375715,341.57342529296875,96386700
2020-12-22 00:00:00-05:00,341.8983367429737,342.0097572148125,339.87412260631737,340.9976501464844,47949000
2020-12-23 00:00:00-05:00,341.9633643931626,343.20760697353194,340.979112376798,341.3041076660156,46201400
2020-12-24 00:00:00-05:00,341.7776565578183,342.659782611028,341.19269902115246,342.6319274902344,26457900
2020-12-28 00:00:00-05:00,345.17611443159626,345.96538061700096,344.5540073036612,345.5754089355469,39000400
2020-12-29 00:00:00-05:00,347.09821664709926,347.27464186044676,344.3311518128284,344.9161376953125,53680500
2020-12-30 00:00:00-05:00,345.7332289197448,346.4389297116673,345.0182619794542,345.4082336425781,49455300
2020-12-31 00:00:00-05:00,345.2132038945642,347.88740830602285,344.702517336016,347.16314697265625,78520700
2021-01-04 00:00:00-05:00,348.4910332362678,348.6210426946345,338.7506384714175,342.43695068359375,110210800
2021-01-05 00:00:00-05:00,341.7962383123607,345.88181651795514,341.74979422078724,344.79541015625,66426200
2021-01-06 00:00:00-05:00,343.29109325235345,350.0416085495632,342.743257130716,346.856689453125,107997700
2021-01-07 00:00:00-05:00,349.22456754371,352.7530149569909,349.04814233936133,352.01019287109375,68766800
2021-01-08 00:00:00-05:00,353.3937031789076,354.2293850911422,350.1531015213458,354.0158386230469,71677200
2021-01-11 00:00:00-05:00,350.84954484541544,353.3844459686813,350.72882987062206,351.6295166015625,51034700
2021-01-12 00:00:00-05:00,351.8152452148604,352.7159036317569,349.4660070637659,351.70379638671875,52547700
2021-01-13 00:00:00-05:00,351.62953817301246,353.6444582491231,350.8495663690164,352.65093994140625,45303600
2021-01-14 00:00:00-05:00,353.39372265354797,353.89514316325904,351.0816626236897,351.4159240722656,49989100
2021-01-15 00:00:00-05:00,349.80025180486865,350.5987841141442,346.99606590019863,348.8531494140625,107160000
2021-01-19 00:00:00-05:00,351.304439515749,352.13085517430096,349.828061713451,351.59228515625,51233300
2021-01-20 00:00:00-05:00,353.87654291716206,357.29359819142803,353.48657123958117,356.4579162597656,61836100
2021-01-21 00:00:00-05:00,357.0150334029827,357.44218304043847,355.86365062010475,356.78289794921875,47840100
2021-01-22 00:00:00-05:00,354.93503377752586,356.6806965547213,354.5543283134063,355.52001953125,52860500
2021-01-25 00:00:00-05:00,356.25368989697324,357.2750633365752,351.4159661050598,356.9222412109375,70402000
2021-01-26 00:00:00-05:00,357.86925374578055,358.2778143535909,356.1328853310083,356.3650207519531,42665300
2021-01-27 00:00:00-05:00,353.05015999751345,353.14301984374345,345.4268398473695,347.65533447265625,123351100
2021-01-28 00:00:00-05:00,349.465966970764,354.6379514307327,349.0295795422171,350.6452331542969,94198100
2021-01-29 00:00:00-05:00,348.7881786860428,349.75387014169314,341.95409595375736,343.62548828125,126765100
2021-02-01 00:00:00-05:00,347.01462699809997,350.375943628793,343.9133009262217,349.34527587890625,75817600
2021-02-02 00:00:00-05:00,352.52090191367535,355.83580306474755,349.42887007201125,354.2851257324219,64450700
2021-02-03 00:00:00-05:00,355.1114347501333,356.2814061778446,353.2915012356798,354.5635986328125,52427100
2021-02-04 00:00:00-05:00,355.59433635934124,358.63995212915546,354.67508910571235,358.5935363769531,47142600
2021-02-05 00:00:00-05:00,360.45994861198795,360.7106447040377,358.54715471512554,360.00494384765625,48669800
2021-02-08 00:00:00-05:00,361.453356063901,362.65118258809457,360.5991137133926,362.6047668457031,38365200
2021-02-09 00:00:00-05:00,361.76912302259905,362.95768361802595,361.3605907389764,362.3634033203125,35551100
2021-02-10 00:00:00-05:00,364.09979957873327,364.24836966450124,359.8099410732521,362.20556640625,59154400
2021-02-11 00:00:00-05:00,363.2826838806573,363.7005390243798,360.3670773709089,362.7905578613281,42913300
2021-02-12 00:00:00-05:00,361.9920628197405,364.8241042599518,361.9177635996305,364.58270263671875,50593300
2021-02-16 00:00:00-05:00,365.8083200461877,366.0033342269587,363.55197027023985,364.2669372558594,50972400
2021-02-17 00:00:00-05:00,362.52129645099154,364.6012209832248,361.5091609681263,364.35052490234375,52290600
2021-02-18 00:00:00-05:00,361.7505784893111,363.54265727343494,360.0327705772848,362.7998352050781,59712800
2021-02-19 00:00:00-05:00,364.05338233465426,364.34122801938736,361.71343891444184,362.1591491699219,83241000
2021-02-22 00:00:00-05:00,359.4013902770424,361.7784550408201,359.1042500973584,359.37353515625,67414200
2021-02-23 00:00:00-05:00,357.17282070447845,361.15627216355455,353.03153303962563,359.80987548828125,107284100
2021-02-24 00:00:00-05:00,358.7235712258007,364.2019909749651,357.7393191021612,363.77484130859375,72433900
2021-02-25 00:00:00-05:00,362.5120335653563,363.8769912428288,353.57017085547034,355.0093994140625,146670500
2021-02-26 00:00:00-05:00,356.88507715052293,358.0271655270358,351.2024053803291,353.18017578125,152701600
2021-03-01 00:00:00-05:00,358.03642977075657,362.9855734404292,353.37516012939244,361.7413024902344,105348800
2021-03-02 00:00:00-05:00,361.9642260505401,362.1963615356677,358.41718903694675,358.9186096191406,79595300
2021-03-03 00:00:00-05:00,358.22215187611573,359.18781495345684,354.06227437694446,354.1644287109375,119940200
2021-03-04 00:00:00-05:00,353.97867561907805,356.5600204671109,345.30609935501286,349.78167724609375,183433000
2021-03-05 00:00:00-05:00,353.2729412236846,357.2656872416636,346.01176720058334,356.2164306640625,152039600
2021-03-08 00:00:00-05:00,357.1728161894063,359.97700162746855,354.16435046533684,354.4429016113281,123149200
2021-03-09 00:00:00-05:00,358.277918893154,362.0477969623382,357.7764983032908,359.50360107421875,113633600
2021-03-10 00:00:00-05:00,361.84345682354007,363.431255369481,360.4320834867978,361.7413024902344,109899400
2021-03-11 00:00:00-05:00,364.2019341812967,367.3775310399198,363.7469294630154,365.4090270996094,86245000
2021-03-12 00:00:00-05:00,364.0533645809201,366.04042915723414,363.2455378059453,365.9011535644531,64653600
2021-03-15 00:00:00-04:00,366.151838816547,368.3432119800072,364.0162042253978,368.0832214355469,73427200
2021-03-16 00:00:00-04:00,368.6961305342788,369.40180309295295,366.8483129268186,367.6190185546875,73722500
2021-03-17 00:00:00-04:00,366.3376593522936,369.67112159743425,365.1955425370876,368.8725891113281,97959300
2021-03-18 00:00:00-04:00,366.2911796002453,368.37110416522074,362.8277084837041,363.50555419921875,115349100
2021-03-19 00:00:00-04:00,363.20560482975657,364.7799824618673,360.6623728633488,362.8329772949219,113624500
2021-03-22 00:00:00-04:00,363.3453133880508,367.10891663764517,363.28942068287944,365.73016357421875,73778600
2021-03-23 00:00:00-04:00,365.09665013615654,366.5405922291803,362.0690057743006,362.8515319824219,90686600
2021-03-24 00:00:00-04:00,364.24899956726335,365.8792700256846,360.96051229403434,361.007080078125,97588600
2021-03-25 00:00:00-04:00,359.5724129695901,363.82972563036685,357.63470442840975,363.03790283203125,116128600
2021-03-26 00:00:00-04:00,364.18373344592686,369.28881849367565,363.5875351124933,368.88824462890625,114409100
2021-03-29 00:00:00-04:00,367.4163456691813,369.60557150137186,365.9351320456119,368.7019348144531,108107600
2021-03-30 00:00:00-04:00,367.4349664373488,368.39449575639236,366.1307275395253,367.7237548828125,76262200
2021-03-31 00:00:00-04:00,368.2920058783888,370.77001997622074,368.26405952663214,369.2142639160156,112734200
2021-04-01 00:00:00-04:00,371.1425953951237,373.257306623369,370.9376460344491,373.2013854980469,99682900
2021-04-05 00:00:00-04:00,375.8564897892532,379.09840904135075,375.7819756542243,378.5580749511719,91684800
2021-04-06 00:00:00-04:00,377.99905545096397,379.37777983436615,377.66367085118264,378.33441162109375,62021000
2021-04-07 00:00:00-04:00,378.16672418026496,379.1169284017763,377.71025770566405,378.7722473144531,55836300
2021-04-08 00:00:00-04:00,380.02068189018087,380.6262052108521,379.089098803099,380.5703125,57863100
2021-04-09 00:00:00-04:00,380.44912161611995,383.50471212941807,380.3280113007407,383.3370056152344,61104600
2021-04-12 00:00:00-04:00,382.74084817389485,383.7469452179368,382.13532496213276,383.476806640625,56704900
2021-04-13 00:00:00-04:00,383.374318989603,385.2374848347506,382.99236657978923,384.6133117675781,56551000
2021-04-14 00:00:00-04:00,384.58536523914717,385.6380584899132,382.7594706720506,383.2998046875,61659900
2021-04-15 00:00:00-04:00,385.4331734470441,387.68761700399335,385.3866056650256,387.4174499511719,60229800
2021-04-16 00:00:00-04:00,388.70298586402646,389.31783402254797,387.28699001478793,388.7123107910156,82037300
2021-04-19 00:00:00-04:00,387.7807610260529,388.2279026853113,385.4797498055928,386.8025817871094,78498500
2021-04-20 00:00:00-04:00,385.5914957452918,386.6907567846418,382.4986335803177,383.9705505371094,81851800
2021-04-21 00:00:00-04:00,383.35574340510965,387.808709170284,383.2159832062883,387.603759765625,66793000
2021-04-22 00:00:00-04:00,387.43607511013636,388.2651692129653,383.00173084573123,384.063720703125,97582800
2021-04-23 00:00:00-04:00,384.62268347334305,389.6346047551007,384.54816933952253,388.2279052734375,73209200
2021-04-26 00:00:00-04:00,388.87988538665775,389.60651875701205,388.2929837356701,389.0382385253906,52182400
2021-04-27 00:00:00-04:00,389.336389612309,389.53204246806536,387.8179051119229,388.9544372558594,51303100
2021-04-28 00:00:00-04:00,389.22460372314373,390.34251444446187,388.37685997158,388.8426513671875,51238900
2021-04-29 00:00:00-04:00,391.56302148849824,391.9356490483459,387.94847445568877,391.32080078125,78544300
2021-04-30 00:00:00-04:00,389.05707214653626,389.90481621732505,387.8553219330377,388.7496337890625,85527000
2021-05-03 00:00:00-04:00,390.7338415630485,391.1157939955126,389.0942748542552,389.5880126953125,68128300
2021-05-04 00:00:00-04:00,387.6037024349062,388.0974402326931,383.5047433776642,387.1844787597656,101591200
2021-05-05 00:00:00-04:00,388.8240877515174,389.0569834839452,386.7466475835862,387.30560302734375,60162200
2021-05-06 00:00:00-04:00,387.3801805344539,390.5289359008101,385.3772825937991,390.3985290527344,74321400
2021-05-07 00:00:00-04:00,391.1624256128691,393.89195716185367,390.48235974282153,393.2398376464844,67733800
2021-05-10 00:00:00-04:00,393.59371825953565,393.8172890256744,389.2245928167915,389.345703125,81852400
2021-05-11 00:00:00-04:00,384.8369586713548,386.8584779431412,382.0049382756216,385.8710021972656,116888000
2021-05-12 00:00:00-04:00,383.0949159919616,384.3618553205323,376.3595601632733,377.673095703125,134811000
2021-05-13 00:00:00-04:00,379.21952621514686,384.13828367571983,379.17293000396353,382.20989990234375,106394000
2021-05-14 00:00:00-04:00,384.93945733886034,388.9266319996469,384.9115109821357,388.0788879394531,82201600
2021-05-17 00:00:00-04:00,386.97025720812496,387.9018401628468,385.07911651757036,387.0913391113281,65129200
2021-05-18 00:00:00-04:00,387.3521523950896,387.5943730427938,383.5978745039429,383.7562561035156,59810200
2021-05-19 00:00:00-04:00,379.07974196431326,382.92715562063444,377.5985000735296,382.7501525878906,106467100
2021-05-20 00:00:00-04:00,383.62587868681237,388.1254406224363,383.5047967743601,386.8677978515625,78022200
2021-05-21 00:00:00-04:00,388.3490042918943,389.5880256140857,386.0945893314259,386.5510559082031,76578700
2021-05-24 00:00:00-04:00,388.78688623089147,391.563014094204,388.54466552821737,390.49169921875,51376700
2021-05-25 00:00:00-04:00,391.572218425638,391.9262244678643,389.0476367876896,389.6252136230469,57451400
2021-05-26 00:00:00-04:00,390.2122010644439,390.9015634477315,389.17815748951244,390.3985290527344,43088600
2021-05-27 00:00:00-04:00,391.4231910374945,391.93555024942225,390.3239016330106,390.6033935546875,56707700
2021-05-28 00:00:00-04:00,392.1684893742527,392.42933147222897,391.0692282777566,391.3021240234375,58520200
2021-06-01 00:00:00-04:00,393.65904356804924,393.7987753351119,390.5196133395258,390.95745849609375,54216600
2021-06-02 00:00:00-04:00,391.609475863933,392.4106518937659,390.60337890073964,391.57220458984375,49097100
2021-06-03 00:00:00-04:00,389.26197808041053,391.2555509981351,387.7993858877597,390.1190185546875,58138800
2021-06-04 00:00:00-04:00,391.963516582505,393.98506404338684,390.18418978016194,393.68695068359375,55938800
2021-06-07 00:00:00-04:00,393.6776201553933,393.85462318339853,392.37340976192394,393.30499267578125,51555000
2021-06-08 00:00:00-04:00,394.1619951805077,394.2551591488768,391.5628995698148,393.3887939453125,47134300
2021-06-09 00:00:00-04:00,394.2272004221833,394.3017429663985,392.57830910946825,392.8018798828125,48436300
2021-06-10 00:00:00-04:00,394.0223758472598,395.5781321168516,392.70884027859677,394.6278991699219,51020100
2021-06-11 00:00:00-04:00,395.17747727144723,395.39172314331665,393.89188832161483,395.2799377441406,45570800
2021-06-14 00:00:00-04:00,395.39171779317087,396.2674079810726,394.1527250628629,396.1649475097656,42358500
2021-06-15 00:00:00-04:00,396.3140447697688,396.3512876197017,394.56266421460623,395.4383544921875,51508500
2021-06-16 00:00:00-04:00,395.5781373986484,395.8017082457771,391.19038894578637,393.23052978515625,80386100
2021-06-17 00:00:00-04:00,392.82063411530976,394.07824847919915,390.63140827908353,393.10009765625,90949700
2021-06-18 00:00:00-04:00,389.8251604695109,390.5167781405025,387.5914076691271,387.7970275878906,118676300
2021-06-21 00:00:00-04:00,389.5541254102761,393.53566194360144,388.74100113745214,393.3487243652344,72822000
2021-06-22 00:00:00-04:00,393.33944410563305,396.28352591675355,392.61976001396204,395.4516906738281,57700300
2021-06-23 00:00:00-04:00,395.52640432656335,396.33017311106846,394.8908622379778,394.9749755859375,49445400
2021-06-24 00:00:00-04:00,397.115319978314,397.7321512462469,396.86295139148933,397.31158447265625,45110300
2021-06-25 00:00:00-04:00,398.05925946140326,399.17147241602134,397.73213297075046,398.72283935546875,58129500
2021-06-28 00:00:00-04:00,399.2462335097463,399.69483801915226,398.04990728021846,399.526611328125,53159600
2021-06-29 00:00:00-04:00,399.9098343658785,400.5453764693619,399.2088612604478,399.7416076660156,35970500
2021-06-30 00:00:00-04:00,399.2835611544407,400.75093815402226,399.25552337520446,400.0780029296875,64827900
2021-07-01 00:00:00-04:00,400.83500837637206,402.4519295321796,400.7695773909706,402.29302978515625,53441000
2021-07-02 00:00:00-04:00,403.45209077508554,405.72323677808726,402.37724253484845,405.3680725097656,57697700
2021-07-06 00:00:00-04:00,405.4241415803903,405.6391169295271,401.9005937821132,404.62969970703125,68710400
2021-07-07 00:00:00-04:00,405.3120600691236,406.34015981579034,403.3026092367635,406.05975341796875,63549500
2021-07-08 00:00:00-04:00,400.75088402251015,403.5080555398632,399.57324040832856,402.7510070800781,97595200
2021-07-09 00:00:00-04:00,404.2558779418757,407.3495037546776,402.55484295981864,407.0504150390625,76238600
2021-07-12 00:00:00-04:00,406.9662573135737,408.76076088893643,406.5363351584208,408.5083923339844,52889600
2021-07-13 00:00:00-04:00,407.72331850573784,409.2187334442086,406.854118733952,407.1158142089844,52911300
2021-07-14 00:00:00-04:00,408.8074109821417,409.29343713942774,406.48018995953106,407.7232360839844,64130400
2021-07-15 00:00:00-04:00,406.3867335138074,407.059668694347,404.4333589603699,406.3306579589844,55126400
2021-07-16 00:00:00-04:00,407.5083537824567,407.555073909898,402.75108678868395,403.14361572265625,75874700
2021-07-19 00:00:00-04:00,398.3302836206056,403.20905730096297,394.38614069493224,397.1900329589844,147987000
2021-07-20 00:00:00-04:00,397.85360950811923,404.1530401378472,397.0591676686946,402.8819274902344,99608200
2021-07-21 00:00:00-04:00,404.0783031286955,406.2840467930264,402.8352566332123,406.1438293457031,64724400
2021-07-22 00:00:00-04:00,406.3213274734552,407.23727579624176,405.33997668113454,406.9942626953125,47878500
2021-07-23 00:00:00-04:00,408.91963853760046,411.5179109011736,408.2373763394922,411.18145751953125,63766600
2021-07-26 00:00:00-04:00,410.5926766830411,412.200242886932,410.54595654958047,412.1908874511719,43719200
2021-07-27 00:00:00-04:00,411.15344841239045,411.18148619614936,407.4896830394306,410.3122863769531,67397100
2021-07-28 00:00:00-04:00,410.9384237416545,411.51789021824817,408.72335352250394,410.14398193359375,52472400
2021-07-29 00:00:00-04:00,411.0692398503543,412.919790195163,411.0598844170451,411.844970703125,47435300
2021-07-30 00:00:00-04:00,409.28415602981516,411.29360644207577,409.1532940336554,409.8449401855469,68951200
2021-08-02 00:00:00-04:00,411.55528082300833,412.1067095157106,408.62988215553224,408.98504638671875,58783300
2021-08-03 00:00:00-04:00,409.7795060797524,412.43385397257424,407.5924735593852,412.3123474121094,58053900
2021-08-04 00:00:00-04:00,411.03187281061224,412.28427447929056,410.0505220211944,410.2841796875,46732200
2021-08-05 00:00:00-04:00,411.4431983310459,412.9666511964766,411.12542726136564,412.8825378417969,38969700
2021-08-06 00:00:00-04:00,413.20029762470335,413.9853841029397,412.91989126076,413.5647888183594,46930000
2021-08-09 00:00:00-04:00,413.5366870620658,413.85445807390835,412.46186747322616,413.228271484375,41222600
2021-08-10 00:00:00-04:00,413.6769396016709,414.4526991663154,412.9946773475972,413.74237060546875,43339300
2021-08-11 00:00:00-04:00,414.80780947459465,414.8638850355054,413.6862412110491,414.7704162597656,44034300
2021-08-12 00:00:00-04:00,414.620958878903,416.15376725903695,413.7237211934941,416.0135498046875,38909400
2021-08-13 00:00:00-04:00,416.4621552133837,416.7892817139917,415.9761574416634,416.7705993652344,39470300
2021-08-16 00:00:00-04:00,415.47142121296486,417.8827560853764,413.91993068902,417.7519226074219,73740000
2021-08-17 00:00:00-04:00,415.2003672937734,415.87330259419554,412.03198379117543,415.0134582519531,92673900
2021-08-18 00:00:00-04:00,414.0039719428465,415.5648176300806,410.22808476985836,410.4710693359375,89351900
2021-08-19 00:00:00-04:00,407.7513380397817,412.3030136509168,407.61114913490746,411.1066589355469,92812200
2021-08-20 00:00:00-04:00,411.45252871527185,414.7050256555393,410.96650244315384,414.3778991699219,72008700
2021-08-23 00:00:00-04:00,416.06015823361497,418.9294809997778,414.4525924726287,418.02288818359375,54973000
2021-08-24 00:00:00-04:00,418.68658447265625,419.2193309044513,418.1725489124351,418.68658447265625,38744700
2021-08-25 00:00:00-04:00,418.87344589815075,420.07909894332823,418.4995708066867,419.5650634765625,40529700
2021-08-26 00:00:00-04:00,419.2847079423929,419.5183656415265,416.99487960448477,417.0883483886719,57829600
2021-08-27 00:00:00-04:00,417.89207569885787,421.1913209422029,417.8360001384459,420.8174743652344,77235100
2021-08-30 00:00:00-04:00,421.4904469021432,423.4531772582027,421.24743377041483,422.6680908203125,48357400
2021-08-31 00:00:00-04:00,422.57464706002395,422.91110047218524,421.4437517278113,422.0419006347656,59300200
2021-09-01 00:00:00-04:00,422.9765334042328,423.4905689604895,422.03254712247315,422.2662048339844,48721400
2021-09-02 00:00:00-04:00,423.6867836507604,424.3690457877398,422.3689509787344,423.5652770996094,42501000
2021-09-03 00:00:00-04:00,422.4344228744772,423.9765579301553,422.0325099688313,423.4624938964844,47170500
2021-09-07 00:00:00-04:00,423.1166832249812,423.2101520054819,421.27545948751975,421.9483947753906,51671500
2021-09-08 00:00:00-04:00,421.4156133100836,422.14462405168274,419.51828577257527,421.4342956542969,56181900
2021-09-09 00:00:00-04:00,421.23815097875956,422.98590616883826,419.38757155961514,419.6305847167969,57970400
2021-09-10 00:00:00-04:00,421.5559297187358,421.9764965107279,416.2004843859975,416.3219909667969,89948200
2021-09-13 00:00:00-04:00,419.3126637583626,419.5743591715282,415.0787599839421,417.3872985839844,83738600
2021-09-14 00:00:00-04:00,418.82672304337876,419.03234294728094,414.2470381175579,415.13494873046875,78197100
2021-09-15 00:00:00-04:00,415.55557226819735,419.09783124683656,414.45271468859767,418.60247802734375,78792200
2021-09-16 00:00:00-04:00,418.07903168064803,419.0510271190857,414.99473310868217,417.9388427734375,77786700
2021-09-17 00:00:00-04:00,417.16810338516024,417.5900174422534,413.5113432060983,413.8676452636719,118425000
2021-09-20 00:00:00-04:00,407.7543985068498,409.3296017705494,402.10987722418974,406.966796875,166445500
2021-09-21 00:00:00-04:00,409.3013817803459,410.59530867420943,406.0572077545702,406.582275390625,92526100
2021-09-22 00:00:00-04:00,408.8513325900805,412.58309005146594,406.69480673198865,410.5484313964844,102350100
2021-09-23 00:00:00-04:00,412.41443344556274,417.14007227646357,412.18002715493935,415.5367126464844,76396000
2021-09-24 00:00:00-04:00,413.90516505538227,416.9337039803391,413.6895010133059,416.2210998535156,62094800
2021-09-27 00:00:00-04:00,415.18971469523467,416.3523605127942,414.33647253059087,415.03033447265625,61371100
2021-09-28 00:00:00-04:00,412.2643708805607,412.5925453791143,405.93540163406385,406.666748046875,130436300
2021-09-29 00:00:00-04:00,408.04506020824715,409.77967232630994,406.78864603672207,407.3512268066406,82329200
2021-09-30 00:00:00-04:00,408.8232729732289,409.5264917761639,402.0348766187246,402.3724365234375,140506000
2021-10-01 00:00:00-04:00,404.0976586371233,408.8326537442385,400.58156466232106,407.154296875,129240100
2021-10-04 00:00:00-04:00,405.9915954205408,406.8917073430287,399.7657521393978,401.903564453125,128570000
2021-10-05 00:00:00-04:00,403.4037355215152,408.3262663404989,402.6067772325321,406.0853576660156,90682500
2021-10-06 00:00:00-04:00,402.4942986652522,407.9794109817039,400.8722256266175,407.77313232421875,113032200
2021-10-07 00:00:00-04:00,411.0454050378357,414.1301704422201,410.86725401277494,411.2985534667969,72437500
2021-10-08 00:00:00-04:00,412.0674077940218,412.4518374427157,409.9202387275282,410.5484313964844,74557400
2021-10-11 00:00:00-04:00,409.8921065328173,412.79874945849707,407.5105312643394,407.576171875,65233300
2021-10-12 00:00:00-04:00,408.4950547167105,408.89822655825884,405.78530500807835,406.5729064941406,71181200
2021-10-13 00:00:00-04:00,407.59495963247764,408.8513737107969,404.62270437794365,408.03564453125,72974000
2021-10-14 00:00:00-04:00,411.69235787459854,415.0490712799511,411.2235453911505,414.8990478515625,70236800
2021-10-15 00:00:00-04:00,417.00870250976914,418.42452536112467,416.3898666001841,418.058837890625,66260200
2021-10-18 00:00:00-04:00,416.2773855665458,419.6340705825797,415.6210366001597,419.2965393066406,62213200
2021-10-19 00:00:00-04:00,420.91859501540216,422.59692303340495,420.30911592133424,422.53131103515625,46996800
2021-10-20 00:00:00-04:00,422.99069828398655,424.4909037495053,422.8781878815295,424.19085693359375,49571600
2021-10-21 00:00:00-04:00,423.5908483463569,425.5223536137635,423.1595488456662,425.2973327636719,41305400
2021-10-22 00:00:00-04:00,424.86601382430814,426.30996431243693,422.91573783259383,424.85662841796875,58845100
2021-10-25 00:00:00-04:00,425.94420601670936,427.4631536608838,424.1721099698522,427.1349792480469,45214500
2021-10-26 00:00:00-04:00,428.68220582792407,429.8917216010357,427.1444869339798,427.51953125,56075100
2021-10-27 00:00:00-04:00,427.9789361517596,428.6446418796485,425.55046225853243,425.62548828125,72438000
2021-10-28 00:00:00-04:00,427.05070773419686,429.80732773792477,427.0413509410185,429.7323303222656,51437900
2021-10-29 00:00:00-04:00,427.435131798945,430.89497056169455,427.14447031928165,430.60430908203125,70162400
2021-11-01 00:00:00-04:00,431.5887031868409,431.96377601475064,429.6197139105118,431.3449401855469,48433600
2021-11-02 00:00:00-04:00,431.5137556913935,433.3983909976397,431.3824744636354,433.0889587402344,48908400
2021-11-03 00:00:00-04:00,432.5263425699782,436.1362040546767,432.085657735004,435.7330322265625,52509800
2021-11-04 00:00:00-04:00,436.33310224976924,437.87082079414984,435.98618562096254,437.78643798828125,52847100
2021-11-05 00:00:00-04:00,440.00869977242445,441.2932415636286,437.7959183013962,439.30548095703125,66390600
2021-11-08 00:00:00-05:00,440.4024399467041,440.8993800137787,438.99600255528054,439.6804504394531,50405200
2021-11-09 00:00:00-05:00,440.0461369788913,440.28054321030675,436.8207049454919,438.2271423339844,51149100
2021-11-10 00:00:00-05:00,436.53945827784827,438.2272005366199,433.2202862022842,434.70172119140625,69429700
2021-11-11 00:00:00-05:00,436.1924366753276,436.26746268516337,434.82351244323235,434.8422546386719,34848500
2021-11-12 00:00:00-05:00,436.1081050332003,438.67718819768925,435.161094692695,438.1239929199219,53466700
2021-11-15 00:00:00-05:00,439.40862530276064,439.56800554034606,437.14894545673525,438.2740783691406,46980500
2021-11-16 00:00:00-05:00,438.01152112700873,441.1431852512349,437.9365237158013,440.0086669921875,48857500
2021-11-17 00:00:00-05:00,439.74610202390977,439.9242530537252,438.32092239942926,438.93975830078125,47858300
2021-11-18 00:00:00-05:00,439.97117780399594,440.6931674194312,437.2520708292828,440.4306335449219,50625600
2021-11-19 00:00:00-05:00,440.31806790988196,441.5651251990252,439.27731788187225,439.64300537109375,57315600
2021-11-22 00:00:00-05:00,441.51828711942284,444.0029878555942,438.1990863283232,438.4053649902344,72762000
2021-11-23 00:00:00-05:00,438.0771663973215,439.8399060268832,435.4799553727706,438.9866638183594,73206500
2021-11-24 00:00:00-05:00,436.9894839645097,440.28055671099236,436.17375483241744,440.1586608886719,61858800
2021-11-26 00:00:00-05:00,433.50155816840993,434.96425094373944,429.21660486222436,430.3417663574219,112669600
2021-11-29 00:00:00-05:00,435.1236348523177,437.4583119148909,432.92959581507233,435.6205749511719,86268800
2021-11-30 00:00:00-05:00,433.18271599479897,435.0860934508205,426.9006175423312,427.1444091796875,148559600
2021-12-01 00:00:00-05:00,432.8452422514508,435.68624501124225,422.2031922004538,422.40008544921875,131939200
2021-12-02 00:00:00-05:00,422.61574691393747,430.43553635703284,422.22193180478286,428.86968994140625,127637800
2021-12-03 00:00:00-05:00,430.5292831950463,431.5887754076615,420.91862695944747,425.137939453125,137331600
2021-12-06 00:00:00-05:00,427.6789180869,432.0482542479885,425.2692148441158,430.1730041503906,98977500
2021-12-07 00:00:00-05:00,435.4424103932935,439.633595102183,430.0416814760553,439.0710144042969,95484700
2021-12-08 00:00:00-05:00,439.46484235390875,440.68374339000826,437.7114595944113,440.2336730957031,72238800
2021-12-09 00:00:00-05:00,438.9491883572712,440.3368838174408,437.0645813487315,437.261474609375,61272600
2021-12-10 00:00:00-05:00,439.9617692478392,441.52758690349503,437.41142821807136,441.3775634765625,77159800
2021-12-13 00:00:00-05:00,440.8618181330682,441.2087347395819,437.1863162340835,437.4676208496094,87724700
2021-12-14 00:00:00-05:00,434.20476780499797,436.6894683893485,431.5419161774256,434.4579162597656,97264100
2021-12-15 00:00:00-05:00,434.51416709666717,441.49007040259744,432.00131048296834,441.2463073730469,116899300
2021-12-16 00:00:00-05:00,443.0934545318682,443.3747305871484,435.80808994562267,437.3551940917969,116568600
2021-12-17 00:00:00-05:00,434.28117656754216,437.2827106378424,430.99737826772844,432.700439453125,135511600
2021-12-20 00:00:00-05:00,427.62887521925904,428.4945046145701,424.4862092214544,428.0993347167969,107134800
2021-12-21 00:00:00-05:00,431.51492459595994,435.84315849906136,429.35082200169626,435.7020263671875,69806300
2021-12-22 00:00:00-05:00,435.44794347232624,440.17134685592566,435.25032979357655,440.0584411621094,58890200
2021-12-23 00:00:00-05:00,441.0558636062711,444.29262786782226,440.95237627994055,442.79656982421875,56439700
2021-12-27 00:00:00-05:00,444.17025861450196,449.11008378457836,444.12322414632985,449.06304931640625,56808600
2021-12-28 00:00:00-05:00,449.4959235413833,450.5215220285828,447.9339942160981,448.6961364746094,47274600
2021-12-29 00:00:00-05:00,448.7996209971791,450.28626060152465,447.8022490075834,449.27008056640625,54503000
2021-12-30 00:00:00-05:00,449.69343150623797,450.7002217741406,447.56697399413,448.02801513671875,55329000
2021-12-31 00:00:00-05:00,447.53874202831184,448.68663568101795,446.6260494189647,446.8988952636719,65237400
2022-01-03 00:00:00-05:00,448.15972040589463,449.6181621243115,445.8544860219246,449.4864196777344,72668200
2022-01-04 00:00:00-05:00,450.9071932731494,451.6223008842784,447.48223441413006,449.3358459472656,71178700
2022-01-05 00:00:00-05:00,448.96894028365364,449.74050080120287,440.61357447061033,440.7076721191406,104538900
2022-01-06 00:00:00-05:00,440.2466667010779,443.0035528678846,437.9319849605687,440.293701171875,86858900
2022-01-07 00:00:00-05:00,440.3030723284207,441.479221117935,437.1980222953608,438.5529479980469,85111600
2022-01-10 00:00:00-05:00,435.36328278709937,438.2236562011222,429.62367048499374,438.00726318359375,119362000
2022-01-11 00:00:00-05:00,437.7438209696161,442.0908627934465,434.751676287286,441.99676513671875,74303100
2022-01-12 00:00:00-05:00,443.7280116585806,445.2429062617321,441.2345819172256,443.1916809082031,67605400
2022-01-13 00:00:00-05:00,444.29258772329274,444.9418241930247,436.05954567988096,437.08514404296875,91173100
2022-01-14 00:00:00-05:00,433.942351668666,437.61192931340014,432.7285583542127,437.2637939453125,95890900
2022-01-18 00:00:00-05:00,432.5781593461344,432.7851627070061,428.4098944174529,429.5201721191406,109709100
2022-01-19 00:00:00-05:00,431.0632797435182,432.45582165960354,424.7873365975809,425.0602111816406,109357600
2022-01-20 00:00:00-05:00,426.9420552480534,431.6372325182061,418.2385532953383,420.3556213378906,122379700
2022-01-21 00:00:00-05:00,419.23594498974285,421.58824292541317,412.07556385655806,412.1037902832031,202271200
2022-01-24 00:00:00-05:00,406.5052754832323,414.36195566976323,395.90112761933347,413.8538513183594,251783900
2022-01-25 00:00:00-05:00,407.47441758472695,413.7409421509055,401.9135823339121,408.8011169433594,167997300
2022-01-26 00:00:00-05:00,414.6818552495206,417.80571346524874,403.5225401054795,407.7755126953125,186391100
2022-01-27 00:00:00-05:00,412.3672026513168,415.50045053402,404.0777079047049,405.7619323730469,149878300
2022-01-28 00:00:00-05:00,407.1168346707988,415.88620682845203,402.54398201671927,415.83917236328125,164457400
2022-01-31 00:00:00-05:00,415.17113717300543,423.677053931945,413.82562974282484,423.32891845703125,152251400
2022-02-01 00:00:00-05:00,424.0533351601826,426.8290574808643,420.5343075616041,426.1892395019531,123155400
2022-02-02 00:00:00-05:00,428.5886396673794,431.05384305532795,426.2833764423959,430.329345703125,117361000
2022-02-03 00:00:00-05:00,424.3074813838875,426.20812763649417,419.37704575360794,420.2144775390625,118024400
2022-02-04 00:00:00-05:00,419.97923360740066,426.0293363499769,417.6080991681987,422.1903991699219,118454400
2022-02-07 00:00:00-05:00,422.95251700944823,424.3450587788941,419.5087499574974,420.83544921875,84472900
2022-02-08 00:00:00-05:00,420.33680377789557,425.2201762493433,418.91600673505786,424.2980651855469,81012000
2022-02-09 00:00:00-05:00,428.32517855026134,430.82802671260504,428.1275935863995,430.50811767578125,92589900
2022-02-10 00:00:00-05:00,424.6744807309833,430.66813161634667,420.77909006037453,422.7738342285156,140103700
2022-02-11 00:00:00-05:00,422.85849404433793,424.92849902096657,413.0070690365457,414.437255859375,153214600
2022-02-14 00:00:00-05:00,413.9291560964369,415.50989334254666,409.61973040303707,413.0823059082031,123006300
2022-02-15 00:00:00-05:00,417.5140448697904,419.9133771021189,416.99652213320917,419.7440185546875,88482700
2022-02-16 00:00:00-05:00,417.70221089727113,421.588211390658,415.82979106919817,420.2144775390625,84863600
2022-02-17 00:00:00-05:00,417.0341013310905,420.1861855804149,410.6358639083822,411.238037109375,102259100
2022-02-18 00:00:00-05:00,411.49214366579196,412.74358216810356,406.3076988713617,408.5753173828125,132642900
2022-02-22 00:00:00-05:00,406.37355193227506,409.7702560003978,400.6997823601273,404.19061279296875,124391800
2022-02-23 00:00:00-05:00,407.09801689358864,407.66257403498787,396.4562253293039,397.0207824707031,132578000
2022-02-24 00:00:00-05:00,386.73658449661104,403.42850999389174,386.3790593344902,402.99566650390625,213942900
2022-02-25 00:00:00-05:00,404.2282938735101,411.97206942109483,402.5816852321868,411.88739013671875,121804500
2022-02-28 00:00:00-05:00,406.50532304240727,412.3108071724536,405.2539131340016,410.83355712890625,145615000
2022-03-01 00:00:00-05:00,409.3374953713261,411.3416578546236,401.8759843184385,404.5764465332031,137785900
2022-03-02 00:00:00-05:00,406.82521187285215,413.7409734291532,406.07248803205465,412.01910400390625,117726500
2022-03-03 00:00:00-05:00,414.446680076633,415.04885343146157,408.17073639481583,409.9678955078125,105501700
2022-03-04 00:00:00-05:00,406.24188624147126,407.76617083234146,402.60053333781974,406.6370849609375,113978200
2022-03-07 00:00:00-05:00,406.05352934783355,406.75921850465255,394.58372595517,394.64959716796875,137896600
2022-03-08 00:00:00-05:00,394.82851645161617,401.97008984857894,390.5943799836052,391.6576232910156,164772700
2022-03-09 00:00:00-05:00,400.02238799071915,404.13420015154503,397.8394486342406,402.15826416015625,116990800
2022-03-10 00:00:00-05:00,397.55711352812676,401.2361105228519,395.6000145047704,400.3422546386719,93972700
2022-03-11 00:00:00-05:00,402.82627933719436,403.4378710075181,394.7437877372273,395.25189208984375,95636300
2022-03-14 00:00:00-04:00,396.0234704863825,399.46720926881693,391.22477713105775,392.36328125,95729200
2022-03-15 00:00:00-04:00,394.969610741959,401.62191584683524,393.6993928949382,400.99151611328125,106219100
2022-03-16 00:00:00-04:00,404.49176069614015,409.9396620822366,399.7024567937387,409.8832092285156,144954800
2022-03-17 00:00:00-04:00,407.9731446506093,415.01123046875,407.5967827207491,415.01123046875,102676900
2022-03-18 00:00:00-04:00,413.4028311487186,419.8775739934096,412.66663547827596,419.5566711425781,106345500
2022-03-21 00:00:00-04:00,419.3868421211315,421.3877829881189,415.9323761926658,419.4340515136719,88349800
2022-03-22 00:00:00-04:00,420.8214687288552,425.27640505720075,420.8214687288552,424.3420104980469,74650400
2022-03-23 00:00:00-04:00,421.8125003060186,423.303758234989,418.79219389310117,418.87713623046875,79426100
2022-03-24 00:00:00-04:00,420.897057176737,425.2009759609627,419.7833301237537,425.1915283203125,64736900
2022-03-25 00:00:00-04:00,425.8238364518409,427.5416361124458,423.2471369609336,427.2679138183594,77101300
2022-03-28 00:00:00-04:00,426.67326991890525,430.30706787109375,424.7855856636152,430.30706787109375,68529800
2022-03-29 00:00:00-04:00,434.18623279666707,436.12112638537604,431.50572468711965,435.63031005859375,86581500
2022-03-30 00:00:00-04:00,434.4882852945164,435.30000450918726,430.83562083793777,432.9403991699219,79666900
2022-03-31 00:00:00-04:00,432.17589947274035,432.9970375414447,425.823831381212,426.2768859863281,121699900
2022-04-01 00:00:00-04:00,427.8530993439852,427.99466991123313,423.91729355560483,427.4850158691406,89048800
2022-04-04 00:00:00-04:00,427.683210068739,431.2509323439472,426.86207198374484,431.1470947265625,59601000
2022-04-05 00:00:00-04:00,429.65584243367965,432.11925672118474,424.5591003737765,425.7011413574219,74214500
2022-04-06 00:00:00-04:00,421.7935511434467,423.7189680205385,418.5655989374051,421.4443054199219,106898000
2022-04-07 00:00:00-04:00,420.56664291276263,425.38024389891154,418.6223302828864,423.56805419921875,78097200
2022-04-08 00:00:00-04:00,422.8129864370016,425.32361011547357,420.89698794603316,422.4354553222656,79272700
2022-04-11 00:00:00-04:00,419.1697603481383,420.00979376147524,414.7148526591951,415.215087890625,89770500
2022-04-12 00:00:00-04:00,418.197650318671,420.71772203401963,412.1287510001065,413.6766662597656,84363600
2022-04-13 00:00:00-04:00,413.4312476212873,419.16979621635505,413.25191527733693,418.41473388671875,74070400
2022-04-14 00:00:00-04:00,418.64110007980645,419.75485551072364,413.10075224764853,413.20458984375,97869500
2022-04-18 00:00:00-04:00,412.27968190004844,415.0545800894282,411.14705981320014,413.3745422363281,66002500
2022-04-19 00:00:00-04:00,413.2707073837323,420.76481631207815,413.10082271070314,420.0475158691406,77821000
2022-04-20 00:00:00-04:00,421.8219041129893,422.43539568830266,418.5750851378038,419.7359924316406,65224400
2022-04-21 00:00:00-04:00,423.3509483444846,424.7383973991878,412.55339229515056,413.45947265625,85417300
2022-04-22 00:00:00-04:00,412.37412370691203,413.4784030168014,401.54825187367607,402.11456298828125,132471800
2022-04-25 00:00:00-04:00,399.87763849644267,404.61571598232445,395.31886452951045,404.4458312988281,119647700
2022-04-26 00:00:00-04:00,401.9163240296101,402.11455163658286,392.70444345361744,392.7327575683594,103996300
2022-04-27 00:00:00-04:00,393.80869150273776,399.169736833569,391.70394193167726,393.8370056152344,122030000
2022-04-28 00:00:00-04:00,398.5751272035263,405.51237307337215,394.1485050200903,403.7851257324219,105449100
2022-04-29 00:00:00-04:00,399.8021034252902,401.9540624319965,388.11733269096055,388.86297607421875,145491100
2022-05-02 00:00:00-04:00,388.929072135393,392.56287045835074,382.2749671742883,391.2037353515625,158312500
2022-05-03 00:00:00-04:00,391.7039196895496,395.40376459664327,390.1465571793375,392.9969787597656,100028200
2022-05-04 00:00:00-04:00,393.65772495141096,405.5312769483244,390.4769810805958,404.9649658203125,144247900
2022-05-05 00:00:00-04:00,400.7081751004019,401.1329155913623,386.4467339742489,390.5713195800781,172929100
2022-05-06 00:00:00-04:00,388.01353835630266,391.50573725161655,382.9451102963641,388.24005126953125,151770800
2022-05-09 00:00:00-04:00,382.3504814055953,383.5869123846669,374.23343271582064,375.8096618652344,155586100
2022-05-10 00:00:00-04:00,381.7747206128694,383.2754262479383,372.6477827083813,376.677978515625,132497200
2022-05-11 00:00:00-04:00,375.71521640762944,381.34995466803645,369.9483264327751,370.6939697265625,142361000
2022-05-12 00:00:00-04:00,367.5038249274551,373.5727232304534,363.5208097766853,370.3070373535156,125090800
2022-05-13 00:00:00-04:00,374.43161982347493,380.53827982576547,373.3933876739787,379.1602783203125,104174400
2022-05-16 00:00:00-04:00,377.51804786382434,381.2839693671578,375.27169861489534,377.6218566894531,78622400
2022-05-17 00:00:00-04:00,383.70013247510735,385.62557844782094,379.9719446127917,385.3896179199219,83029700
2022-05-18 00:00:00-04:00,380.8402470610884,381.12338813962504,368.61748163761905,369.8539123535156,117674500
2022-05-19 00:00:00-04:00,366.79595164216687,372.005979027499,365.3707407010665,367.5887756347656,98510700
2022-05-20 00:00:00-04:00,371.1658795771667,374.7336013107162,359.1696553995638,367.7491760253906,131432200
2022-05-23 00:00:00-04:00,370.7695426186861,375.39439273940906,368.45714636210454,374.6298828125,76414900
2022-05-24 00:00:00-04:00,370.5146324408455,372.9591798912348,365.2291112058376,371.76995849609375,91448800
2022-05-25 00:00:00-04:00,370.2787563943249,377.0178039870792,369.8823587734453,375.0545959472656,91472900
2022-05-26 00:00:00-04:00,376.2816083941698,384.1815635422074,376.07396194375553,382.5487060546875,82168300
2022-05-27 00:00:00-04:00,385.0026651402334,392.0531673410909,384.80446634850006,391.9399108886719,84768700
2022-05-31 00:00:00-04:00,390.3259307298854,393.0725149914447,387.00361655148845,389.7407531738281,95937000
2022-06-01 00:00:00-04:00,391.8549734040455,392.8648626531449,384.07769419751776,386.58831787109375,86585800
2022-06-02 00:00:00-04:00,386.4278638148007,393.9974674509903,384.1815149003103,393.9502868652344,79609600
2022-06-03 00:00:00-04:00,389.2405180200075,390.78843305581245,386.5128290364629,387.4849853515625,71874300
2022-06-06 00:00:00-04:00,391.48681245747764,393.21403077110097,387.49435013390536,388.66473388671875,57508900
2022-06-07 00:00:00-04:00,385.18194504153405,392.84593785258215,384.7194428520581,392.39288330078125,59272400
2022-06-08 00:00:00-04:00,390.6846048993001,392.4684805286195,387.33397652533813,388.1268005371094,64350000
2022-06-09 00:00:00-04:00,386.3522499850994,388.61746484353665,378.8959045410156,378.8959045410156,86289800
2022-06-10 00:00:00-04:00,372.70440234363315,373.55385453962793,367.86248738155257,367.90966796875,132893900
2022-06-13 00:00:00-04:00,358.5184668650851,360.3683895194282,352.3362831480851,353.9408264160156,170004900
2022-06-14 00:00:00-04:00,355.6869276147928,356.7157121238985,349.7784664118968,352.874267578125,104011800
2022-06-15 00:00:00-04:00,356.1682125540914,362.3409474596305,351.2224895627162,357.9049072265625,125666800
2022-06-16 00:00:00-04:00,349.702968623294,350.10881384000515,343.63404163139757,346.0597229003906,134473300
2022-06-17 00:00:00-04:00,346.47397650063243,350.142419392661,343.30792965713135,346.80572509765625,111113900
2022-06-21 00:00:00-04:00,352.521756092844,356.9200870230244,352.4459063417937,355.5361328125,76811900
2022-06-22 00:00:00-04:00,351.3178358414842,358.99598772773135,350.90074904768903,354.8915100097656,90059400
2022-06-23 00:00:00-04:00,357.02430174493765,359.1002181811548,353.4696047412398,358.3703308105469,79292100
2022-06-24 00:00:00-04:00,361.53644062032527,369.7738622299875,361.5080041964566,369.7643737792969,98050300
2022-06-27 00:00:00-04:00,370.68380190795756,370.9776545538821,367.2618273862305,368.3519287109375,66009600
2022-06-28 00:00:00-04:00,369.90658420443964,372.68398100101825,360.71175479299797,360.82550048828125,86548900
2022-06-29 00:00:00-04:00,361.3753088463661,362.3611241546952,358.71165775298255,360.5316467285156,65676000
2022-06-30 00:00:00-04:00,356.64516179349505,360.834977987892,353.156825579061,357.6025695800781,112508300
2022-07-01 00:00:00-04:00,356.9484497006856,361.8207682477801,354.33218346585994,361.38470458984375,74839700
2022-07-05 00:00:00-04:00,356.30389388763615,362.0862071237408,353.4790840960441,362.0672302246094,81438000
2022-07-06 00:00:00-04:00,362.2093668453206,365.7735520504945,359.83010948727616,363.2900085449219,70426200
2022-07-07 00:00:00-04:00,365.06263643850446,369.5273277554807,363.30898013880693,368.7310791015625,64525900
2022-07-08 00:00:00-04:00,367.10068528955685,370.29519752923926,365.5745491503481,368.42779541015625,72397800
2022-07-11 00:00:00-04:00,365.7546492181339,366.7215164411496,363.5270331899998,364.2190246582031,58366900
2022-07-12 00:00:00-04:00,363.66926385832295,366.0485507559225,359.25195608212715,360.9961242675781,62219200
2022-07-13 00:00:00-04:00,355.56452982281553,362.02934629353234,355.14744302288534,359.1002502441406,84224600
2022-07-14 00:00:00-04:00,354.1521398256336,359.30882348190096,351.71600904471353,358.22821044921875,89704800
2022-07-15 00:00:00-04:00,362.62649570213034,365.1858892356065,360.7211976903377,365.0721435546875,79060400
2022-07-18 00:00:00-04:00,368.1528836213448,368.825898190188,360.8349458407432,362.0577697753906,63203600
2022-07-19 00:00:00-04:00,365.97270864034476,372.40908945598443,365.3186708693351,371.84033203125,78506000
2022-07-20 00:00:00-04:00,372.02988023942527,375.62250240338216,370.6648741646818,374.2100830078125,71843800
2022-07-21 00:00:00-04:00,373.63182056702766,378.0680753048155,371.2335862430008,378.02069091796875,64903900
2022-07-22 00:00:00-04:00,378.143943990978,379.3383025244326,372.29526973672574,374.5133972167969,72197300
2022-07-25 00:00:00-04:00,375.1390938870878,375.8215969964553,372.73137056679104,374.9684753417969,53631500
2022-07-26 00:00:00-04:00,373.3284484320284,373.53699178755846,369.641058239304,370.5321044921875,52946400
2022-07-27 00:00:00-04:00,373.8214115297532,381.8977018374365,373.52755888438156,380.1535339355469,82342100
2022-07-28 00:00:00-04:00,380.95930457713075,385.61356292258694,377.4140666940386,384.9216003417969,73966600
2022-07-29 00:00:00-04:00,386.352936564959,391.51910833460266,385.585124244229,390.53326416015625,87003700
2022-08-01 00:00:00-04:00,387.8412366937113,391.8793828026547,387.1302971071062,389.3768615722656,69997500
2022-08-02 00:00:00-04:00,387.81277563609865,391.4907074923848,385.632572613597,386.8079833984375,63435400
2022-08-03 00:00:00-04:00,388.9313152353376,394.0311261963377,388.64695098882254,392.8652038574219,67820600
2022-08-04 00:00:00-04:00,392.78929793981433,393.4718009620609,390.9598207163616,392.5997314453125,45656600
2022-08-05 00:00:00-04:00,388.3246175842232,392.5807659148732,388.26774474140564,391.9361877441406,56814900
2022-08-08 00:00:00-04:00,393.62347746477167,395.87004150956847,390.3815808280443,391.4811706542969,53886100
2022-08-09 00:00:00-04:00,390.75132095945645,391.2537170647009,388.8554822335221,389.9266357421875,44931800
2022-08-10 00:00:00-04:00,396.96966387104465,398.2588492285253,395.01695232609546,398.11663818359375,68665700
2022-08-11 00:00:00-04:00,400.9603962309802,402.81833898357877,397.37726224840134,398.11663818359375,59489700
2022-08-12 00:00:00-04:00,400.0503656332881,404.9605804756404,399.10244636975136,404.8563232421875,61694500
2022-08-15 00:00:00-04:00,402.64764150057266,407.04600061972724,402.5907686609456,406.5246276855469,54048300
2022-08-16 00:00:00-04:00,405.4535207281274,409.2451978170758,404.64778356108576,407.3209228515625,59289000
2022-08-17 00:00:00-04:00,403.72820614229545,407.13123206113215,402.4295616720317,404.4296569824219,63563400
2022-08-18 00:00:00-04:00,404.6288399076743,406.2876987703884,403.3396834770453,405.605224609375,49023200
2022-08-19 00:00:00-04:00,402.84681184473675,403.11222812937183,399.28262551260394,400.15472412109375,68016900
2022-08-22 00:00:00-04:00,395.3297327861423,395.5003802457015,390.9219138235221,391.82244873046875,77695600
2022-08-23 00:00:00-04:00,391.3958862975145,393.7846615275958,390.32473282411485,390.8745422363281,49105200
2022-08-24 00:00:00-04:00,390.6470127203874,393.49077064865355,389.96453858867704,392.12579345703125,49177800
2022-08-25 00:00:00-04:00,393.61404772211625,397.70906652826534,392.5239461830148,397.66168212890625,50942300
2022-08-26 00:00:00-04:00,397.5479234905298,398.0882155528186,384.1443295439162,384.2012023925781,103087000
2022-08-29 00:00:00-04:00,381.25313774516417,384.70354880710715,380.3052184856568,381.6607360839844,65370800
2022-08-30 00:00:00-04:00,382.81725710753153,383.05423695854176,375.3760840001701,377.4709777832031,85652400
2022-08-31 00:00:00-04:00,379.10137171228644,380.3431437236325,374.4660612189248,374.5987548828125,76029700
2022-09-01 00:00:00-04:00,372.4280160542996,376.1154069737023,369.7264403478649,375.774169921875,78740100
2022-09-02 00:00:00-04:00,379.4331695900639,380.6465052435593,370.00136015495065,371.8118896484375,99632100
2022-09-06 00:00:00-04:00,372.6555916498426,373.59402268267246,368.19089897678896,370.4090270996094,76637400
2022-09-07 00:00:00-04:00,370.0961115930664,377.8311362647998,369.8781086762223,377.0633239746094,70964200
2022-09-08 00:00:00-04:00,374.79781566335777,379.98290632149366,373.59393967123003,379.5279235839844,80821700
2022-09-09 00:00:00-04:00,381.7650577461701,386.2866518911624,381.4996414658426,385.4240417480469,76706900
2022-09-12 00:00:00-04:00,387.49043025851944,390.2868036201907,387.1870891554379,389.5663757324219,69256300
2022-09-13 00:00:00-04:00,380.90248559141384,382.10636188827596,371.50862866426974,372.6271667480469,122947100
2022-09-14 00:00:00-04:00,373.9257465690702,375.5656574561683,370.75021096587693,374.0489807128906,85023700
2022-09-15 00:00:00-04:00,372.4943947202488,375.3381528851013,368.53209861998994,369.80230712890625,87633800
2022-09-16 00:00:00-04:00,365.6295510878898,367.6378630769438,363.69734233012485,366.9811096191406,103084800
2022-09-19 00:00:00-04:00,363.84011191988435,369.8269958496094,363.7639505998914,369.8269958496094,73278500
2022-09-20 00:00:00-04:00,366.505230286068,367.51415006942193,362.8312448574466,365.58197021484375,77274900
2022-09-21 00:00:00-04:00,367.5044931555799,370.5503062887624,359.19518448928153,359.2047119140625,106746600
2022-09-22 00:00:00-04:00,358.4337342668979,360.07085382306934,355.4450564887527,356.1874694824219,89472600
2022-09-23 00:00:00-04:00,352.7229097506912,352.7609904104437,345.78421269474035,350.21966552734375,122346900
2022-09-26 00:00:00-04:00,348.7538180681722,352.37069598680137,345.53668535839785,346.7550048828125,92581200
2022-09-27 00:00:00-04:00,350.28630194167937,352.5516221250691,343.48084301099055,345.8699035644531,108294100
2022-09-28 00:00:00-04:00,346.821678453464,354.3600222961964,345.1274522170946,352.6753234863281,110802200
2022-09-29 00:00:00-04:00,349.1346285560483,349.42016092257757,342.36725004597866,345.308349609375,112952300
2022-09-30 00:00:00-04:00,344.3660311283521,348.27799879138144,339.83541969328155,339.9686584472656,153711200
2022-10-03 00:00:00-04:00,343.6806581182504,350.79070306991537,341.9007722856018,348.9441833496094,89756500
2022-10-04 00:00:00-04:00,354.45522944852485,359.78538917158465,348.9061712798272,359.7568359375,103602800
2022-10-05 00:00:00-04:00,355.39758915348943,361.17507392455065,353.07516233117366,358.9192810058594,88065700
2022-10-06 00:00:00-04:00,357.52010776378955,360.4707348086878,354.7217743328191,355.21673583984375,82333500
2022-10-07 00:00:00-04:00,351.19054873616767,355.3023890964065,343.5474892236813,345.308349609375,107789500
2022-10-10 00:00:00-04:00,346.42192984075376,346.65988314467035,340.43504562807703,342.6717834472656,76042800
2022-10-11 00:00:00-04:00,340.9775239932869,345.5367169870272,338.5694379532379,340.5016174316406,92482800
2022-10-12 00:00:00-04:00,340.9109745209168,342.4814606200205,339.1310592917608,339.3785400390625,76991800
2022-10-13 00:00:00-04:00,332.38265512986965,349.8008528442018,331.3356548770357,348.3350524902344,147254500
2022-10-14 00:00:00-04:00,350.7907569397952,352.41837848921915,339.7592450066515,340.39697265625,123737000
2022-10-17 00:00:00-04:00,346.46954168027236,350.24824134925336,340.06382821256403,349.1441345214844,93168200
2022-10-18 00:00:00-04:00,357.05371300233446,357.3583002169347,349.8103989866183,353.2464599609375,97162900
2022-10-19 00:00:00-04:00,351.2095432352664,353.93174409065676,347.93530350478727,350.7431640625,79746900
2022-10-20 00:00:00-04:00,350.2958089110657,354.7122360773966,347.0405950042413,347.80206298828125,88283100
2022-10-21 00:00:00-04:00,347.5260408349085,356.7395859020458,346.02218871676973,356.2541809082031,131038400
2022-10-24 00:00:00-04:00,357.77704931693273,361.7460937798273,355.1309809456278,360.6134338378906,85436900
2022-10-25 00:00:00-04:00,360.53729867069814,366.68600327248134,360.4230857441992,366.3719177246094,78846300
2022-10-26 00:00:00-04:00,363.23094435236135,368.9037428227225,362.97396524839513,363.6116638183594,104087300
2022-10-27 00:00:00-04:00,364.6110821532887,366.44807462100994,361.05128110498777,361.66998291015625,81971800
2022-10-28 00:00:00-04:00,361.5652086354592,370.7501985039981,361.3843618372089,370.2742919921875,100302000
2022-10-31 00:00:00-04:00,367.81871998807645,369.68426585196175,366.6955873080766,367.59979248046875,96631300
2022-11-01 00:00:00-04:00,371.34039469961164,371.5783479860967,364.8204688405162,365.9911804199219,85407600
2022-11-02 00:00:00-04:00,365.4011480085662,369.9032357188449,356.70158888563316,356.8062744140625,126990400
2022-11-03 00:00:00-04:00,353.56999750398336,356.1684576069525,351.0191454820897,353.1321716308594,87100100
2022-11-04 00:00:00-04:00,358.8335469874606,360.61343287804317,352.170855133582,358.2148742675781,103505200
2022-11-07 00:00:00-05:00,359.50936758378657,362.23156853069116,357.43442171013305,361.6414489746094,68286900
2022-11-08 00:00:00-05:00,362.74546276276726,366.56224244323937,359.5188315812918,363.59259033203125,84641100
2022-11-09 00:00:00-05:00,361.6223724698831,362.77408732506177,355.6069062348671,356.10186767578125,78495500
2022-11-10 00:00:00-05:00,369.3510591794325,376.00425245255667,367.0572151863192,375.6711120605469,141455800
2022-11-11 00:00:00-05:00,376.5277303971915,380.1065568499029,374.6431300540452,379.3070373535156,93839900
2022-11-14 00:00:00-05:00,377.5462448649226,380.89661702699635,375.80441036199727,376.0804443359375,71903500
2022-11-15 00:00:00-05:00,381.8198514474499,382.9239582221826,375.4807721813481,379.28802490234375,93194500
2022-11-16 00:00:00-05:00,377.66046061084984,378.6122738619531,375.76636153620575,376.3945617675781,68508500
2022-11-17 00:00:00-05:00,371.64500584373235,375.9186672305997,371.3404476693323,375.24285888671875,74496300
2022-11-18 00:00:00-05:00,378.57415608736795,378.64078997970154,374.10065167393867,376.9465637207031,92922500
2022-11-21 00:00:00-05:00,375.6235663390515,376.7466989172969,373.73896579052973,375.5759582519531,51243200
2022-11-22 00:00:00-05:00,377.5176776993283,380.7919174617573,376.1089836932025,380.6300964355469,60429000
2022-11-23 00:00:00-05:00,380.29695819857307,383.51409151080327,380.06853232216565,383.0286865234375,68261600
2022-11-25 00:00:00-05:00,382.4671170422372,383.4950916496888,382.19111210524926,382.9430236816406,30545400
2022-11-28 00:00:00-05:00,379.8590336555232,381.4961531212525,376.0708075885261,376.832275390625,67881600
2022-11-29 00:00:00-05:00,376.9655537509073,378.1553200852392,374.34806781537714,376.1850891113281,52310000
2022-11-30 00:00:00-05:00,376.43249306855193,388.03509521484375,374.51936879729044,388.03509521484375,144566700
2022-12-01 00:00:00-05:00,389.07260830077985,390.24334880412266,385.2463303133382,387.7496032714844,76398200
2022-12-02 00:00:00-05:00,382.86688436312187,388.2065428165103,382.76219884695456,387.3023376464844,85342700
2022-12-05 00:00:00-05:00,384.48497335823737,385.4177317516839,378.9834939436765,380.3350524902344,77289800
2022-12-06 00:00:00-05:00,380.17323078475664,380.7157422182558,372.7681254520418,374.8525695800781,77972200
2022-12-07 00:00:00-05:00,374.0054742055746,376.5753814167961,373.0822142567911,374.2148742675781,65927900
2022-12-08 00:00:00-05:00,376.0995130057314,378.21251059995166,374.3195977744953,377.146484375,60737900
2022-12-09 00:00:00-05:00,375.909145637889,378.45999830118234,374.2053917040091,374.3291320800781,81447700
2022-12-12 00:00:00-05:00,375.11908962319546,379.72589111328125,374.45283780553007,379.72589111328125,75405800
2022-12-13 00:00:00-05:00,390.45280046353844,390.70977956297014,379.8400894083029,382.600341796875,123782500
2022-12-14 00:00:00-05:00,382.2577044665144,385.9602719426471,377.2131058725146,380.1542053222656,108111300
2022-12-15 00:00:00-05:00,375.2999627142446,376.20419694431035,369.19886518287717,370.8550109863281,117705900
2022-12-16 00:00:00-05:00,368.302907769073,369.6415593936089,364.34432159505855,366.4765930175781,119858000
2022-12-19 00:00:00-05:00,366.6678340994925,367.00250429400353,361.70523742151596,363.3689880371094,79878100
2022-12-20 00:00:00-05:00,362.61364283927566,365.482194633709,361.2941043449694,363.8662414550781,74427200
2022-12-21 00:00:00-05:00,366.4575070608886,370.4352358837999,365.92204637130624,369.30694580078125,78167400
2022-12-22 00:00:00-05:00,366.2662563964438,369.28780122976565,358.3490543275083,364.0383605957031,100120900
2022-12-23 00:00:00-05:00,363.0152466207401,366.2758375341586,361.46623322301946,366.1324157714844,59857300
2022-12-27 00:00:00-05:00,366.0176778685383,366.36189009849295,363.01524613197586,364.6885681152344,51638200
2022-12-28 00:00:00-05:00,364.6215509122238,366.59131636080116,359.9267141935356,360.15618896484375,70911500
2022-12-29 00:00:00-05:00,362.9961320141737,367.5093216045126,362.4702133125497,366.6391906738281,66970900
2022-12-30 00:00:00-05:00,363.961883087202,365.8168531569802,361.84869548769285,365.6734313964844,84022200
2023-01-03 00:00:00-05:00,367.52841345608357,369.49815002254616,361.274962367188,364.13397216796875,74850700
2023-01-04 00:00:00-05:00,366.3904654688542,368.9721731472684,363.34980828701407,366.945068359375,85934100
2023-01-05 00:00:00-05:00,364.9945163658359,365.1092537639918,362.16422021646383,362.7570495605469,76970500
2023-01-06 00:00:00-05:00,365.84547897836046,372.19455357778276,362.785708249104,371.0758056640625,104189600
2023-01-09 00:00:00-05:00,373.2655401902277,376.44964922378716,370.6838609207569,370.8655090332031,73978100
2023-01-10 00:00:00-05:00,370.28216841393834,373.5331874264222,369.3450978055792,373.46624755859375,65358100
2023-01-11 00:00:00-05:00,375.0440257972263,378.26636090740493,374.2312636370513,378.1898498535156,68881100
2023-01-12 00:00:00-05:00,379.2894696301709,381.0297021014003,375.2256881711222,379.5667419433594,90157700
2023-01-13 00:00:00-05:00,376.37315440820146,381.6130534140989,376.10542404617286,381.0393371582031,63903900
2023-01-17 00:00:00-05:00,381.0202202604648,382.6935423019026,379.6624261074559,380.34130859375,62677300
2023-01-18 00:00:00-05:00,381.52697849057256,382.58832869980466,374.1356658339176,374.3364562988281,99632300
2023-01-19 00:00:00-05:00,372.2997830998825,373.94442072442195,370.2918200719056,371.6113586425781,86958900
2023-01-20 00:00:00-05:00,373.00734634342695,378.68708106087394,371.36270886328373,378.5340881347656,91806400
2023-01-23 00:00:00-05:00,379.3373361629709,385.00750055643533,378.38115211629884,383.0760192871094,84178800
2023-01-24 00:00:00-05:00,381.4026252152029,383.57315208650715,380.21696655885887,382.664794921875,59524900
2023-01-25 00:00:00-05:00,378.6010846087599,383.14295882633485,376.31579073268307,382.80828857421875,84800300
2023-01-26 00:00:00-05:00,385.4663982164665,387.1779754700334,382.5022224600164,387.0154113769531,72287400
2023-01-27 00:00:00-05:00,385.97318218490153,390.2760095744735,385.762820567528,387.9046630859375,68346200
2023-01-30 00:00:00-05:00,385.1508473703547,387.37877210654403,382.7412745466371,383.0376892089844,74202000
2023-01-31 00:00:00-05:00,383.5540875652921,388.717475261581,383.2098461559824,388.669677734375,86811800
2023-02-01 00:00:00-05:00,387.4552591361378,395.5445957142965,384.7205872650518,392.8003234863281,101459200
2023-02-02 00:00:00-05:00,396.6825158155469,399.98136258361916,394.78929000119456,398.5184020996094,101654500
2023-02-03 00:00:00-05:00,393.55573107794413,398.7000051703591,393.0776391240828,394.2824401855469,94736800
2023-02-06 00:00:00-05:00,391.8346069060138,393.26888274999055,390.21865378736663,391.8728332519531,60295300
2023-02-07 00:00:00-05:00,390.9548967397829,398.241013206568,389.7118693730586,396.99798583984375,90990700
2023-02-08 00:00:00-05:00,395.02826801613645,396.3669196696717,391.9684677962696,392.65692138671875,76227500
2023-02-09 00:00:00-05:00,396.25214123369045,396.4051341468822,388.02895452722424,389.25286865234375,78694900
2023-02-10 00:00:00-05:00,388.0768126828916,390.5437836705012,387.2640796514173,390.16131591796875,70769700
2023-02-13 00:00:00-05:00,390.81146193268944,394.8752432701656,390.3524831825662,394.7413635253906,64913500
2023-02-14 00:00:00-05:00,393.2211029770664,396.8641617211256,390.6107393049538,394.5597839355469,88389300
2023-02-15 00:00:00-05:00,392.3700513500147,395.9174852871057,391.52860488743005,395.84100341796875,61555700
2023-02-16 00:00:00-05:00,390.87841017898984,394.8178830322616,390.25689650308516,390.3907470703125,76431500
2023-02-17 00:00:00-05:00,388.26800352329917,389.65448174842203,386.34606468801917,389.4154357910156,89257800
2023-02-21 00:00:00-05:00,385.39953691428894,386.4513451946088,381.34532592151567,381.6034851074219,82655900
2023-02-22 00:00:00-05:00,382.01458672604707,383.55405800104023,379.624126941612,381.0775451660156,83742300
2023-02-23 00:00:00-05:00,383.96517386295295,384.57714551664407,378.8878400941684,383.1046142578125,96242400
2023-02-24 00:00:00-05:00,378.0942785897589,379.84408241701556,376.39227228887677,379.01220703125,108194400
2023-02-27 00:00:00-05:00,382.3492886397092,383.7070827492521,379.36599925020045,380.3030700683594,80444700
2023-02-28 00:00:00-05:00,379.82499112745273,381.785156708453,378.79229603840645,378.8974914550781,96438600
2023-03-01 00:00:00-05:00,378.0846868266854,379.30860107550785,376.1436346387775,377.44403076171875,99706800
2023-03-02 00:00:00-05:00,375.4742885040699,381.2209631061389,375.13961830151106,380.3795166015625,85127800
2023-03-03 00:00:00-05:00,382.1962660076362,386.7285976253681,381.54606794616154,386.47998046875,90120000
2023-03-06 00:00:00-05:00,387.3023155770407,389.5971805098177,386.30790523195174,386.74774169921875,72795900
2023-03-07 00:00:00-05:00,386.69989002886615,386.9389359941927,380.2073934400801,380.8193359375,108310600
2023-03-08 00:00:00-05:00,380.93414163742426,382.1962822868647,379.21299300204765,381.44091796875,74746600
2023-03-09 00:00:00-05:00,382.2249589763906,383.88873887527785,373.41851305631604,374.40338134765625,111945300
2023-03-10 00:00:00-05:00,373.85828575920306,375.9332173953836,367.4805563054659,369.0008850097656,189253000
2023-03-13 00:00:00-04:00,365.08059523708437,373.28466995051247,363.97141834242984,368.47503662109375,157790000
2023-03-14 00:00:00-04:00,373.3898317252391,376.21058604424246,370.0909854321958,374.5659484863281,149752400
2023-03-15 00:00:00-04:00,368.9818486133687,372.42408758364206,366.8973453679593,372.2232971191406,172996900
2023-03-16 00:00:00-04:00,369.87107021323396,379.0982391870772,369.36429390384325,378.7539978027344,143254200
2023-03-17 00:00:00-04:00,377.425558203759,378.55815418806935,372.9431249111748,374.3252868652344,140553400
2023-03-20 00:00:00-04:00,375.1028011958168,378.33746367070916,374.40214170963634,377.9247131347656,93055800
2023-03-21 00:00:00-04:00,381.28415054635593,383.3670015855469,379.69082383763816,382.8870849609375,91524200
2023-03-22 00:00:00-04:00,382.71431965042825,386.3232727268631,376.3218267349629,376.3601989746094,111746600
2023-03-23 00:00:00-04:00,379.22048781510506,383.25179889041164,374.6708879123496,377.37762451171875,119351300
2023-03-24 00:00:00-04:00,376.1010222149094,379.9403548581303,373.75902695920195,379.8539733886719,107682400
2023-03-27 00:00:00-04:00,382.12883352250185,382.8967177472465,379.671662586895,380.5643005371094,74010400
2023-03-28 00:00:00-04:00,379.8731772141997,380.5642582938647,377.8767370350477,379.71002197265625,62871700
2023-03-29 00:00:00-04:00,383.8660584843338,385.46899270747423,382.6662670661032,385.2290344238281,77497900
2023-03-30 00:00:00-04:00,387.8590304445402,388.10859647318574,385.62263176835995,387.4847106933594,69840000
2023-03-31 00:00:00-04:00,388.40614495841936,393.2437129705157,388.3005480641613,392.9461669921875,112062600
2023-04-03 00:00:00-04:00,392.42779542260035,394.84656445369103,392.03426030988214,394.4434509277344,67391100
2023-04-04 00:00:00-04:00,395.0865256835199,395.3744932102715,390.8824517022873,392.2550354003906,66601500
2023-04-05 00:00:00-04:00,391.52560384016596,392.28388034677903,389.5771434182015,391.2280578613281,65200200
2023-04-06 00:00:00-04:00,390.43131081559227,393.03247968178334,389.3850962213968,392.7541198730469,63743300
2023-04-10 00:00:00-04:00,390.27775752337686,393.23406013832266,389.66347951634174,393.1572570800781,63681000
2023-04-11 00:00:00-04:00,393.7812271299072,394.6642573806665,392.4950539964702,393.2629089355469,59297900
2023-04-12 00:00:00-04:00,395.32654344418415,395.6145110142537,391.0744888814298,391.65997314453125,86420400
2023-04-13 00:00:00-04:00,392.7445509263928,397.21737725795947,391.60234704835096,396.86224365234375,85814800
2023-04-14 00:00:00-04:00,396.22873922494233,398.4171577397506,393.58919793642514,395.8927917480469,78161500
2023-04-17 00:00:00-04:00,395.80643975007484,397.3325711300684,394.5778543396015,397.3133850097656,66436400
2023-04-18 00:00:00-04:00,398.8875072085601,399.0218979297028,396.1999857035815,397.5725402832031,63560000
2023-04-19 00:00:00-04:00,395.66238716810176,398.40749567354555,395.6047995275526,397.5052795410156,55227300
2023-04-20 00:00:00-04:00,394.6929585087422,397.0829628319808,393.79071305675006,395.3360595703125,75840400
2023-04-21 00:00:00-04:00,395.6336418065236,396.10395069254025,393.6947893230702,395.64324951171875,73457400
2023-04-24 00:00:00-04:00,395.4416314735753,396.4782676301581,394.10747868962846,396.0559387207031,64332100
2023-04-25 00:00:00-04:00,394.0883231137075,394.6450428024144,389.7114858346393,389.7690734863281,97766700
2023-04-26 00:00:00-04:00,390.3833857943013,391.4583943618871,387.56147365849546,388.1181640625,80447000
2023-04-27 00:00:00-04:00,390.652086810784,396.11353970438057,390.40252082176045,395.84478759765625,92968400
2023-04-28 00:00:00-04:00,394.9618177860324,399.2330879315298,394.9042301280886,399.2234802246094,89433100
2023-05-01 00:00:00-04:00,398.7819109693187,400.8455465437123,398.58993260769745,398.8203125,62122300
2023-05-02 00:00:00-04:00,398.11002828382885,398.1580375216088,391.4392047424731,394.337890625,103998500
2023-05-03 00:00:00-04:00,394.83697342513307,397.24616414474065,391.39117573178515,391.6311340332031,91531800
2023-05-04 00:00:00-04:00,390.58495750937874,390.91129731617235,387.5230869408355,388.8572692871094,94901900
2023-05-05 00:00:00-04:00,392.4853583991723,397.10215328992234,392.2262140059175,396.0559387207031,87891800
2023-05-08 00:00:00-04:00,396.3823017131118,396.64144612156804,394.76018132750204,396.1615295410156,50046800
2023-05-09 00:00:00-04:00,394.616172665633,395.53760420625383,394.19384377372745,394.4241943359375,49220100
2023-05-10 00:00:00-04:00,397.2557473304781,397.8892407221348,392.44697389350114,396.2671203613281,96142900
2023-05-11 00:00:00-04:00,395.40334787228096,395.86404911911495,393.5028673537258,395.57611083984375,70157100
2023-05-12 00:00:00-04:00,396.8142503993596,397.0254148728848,392.63897016343816,395.0577392578125,70481500
2023-05-15 00:00:00-04:00,395.66240845072787,396.8237983199805,393.75234992228525,396.4206848144531,54289400
2023-05-16 00:00:00-04:00,395.31692397910456,396.2383850257728,393.7619987390595,393.7716064453125,57705500
2023-05-17 00:00:00-04:00,395.7872502342352,399.1562450551422,394.14594356293253,398.55157470703125,87287000
2023-05-18 00:00:00-04:00,398.23480532655367,402.8132286270494,398.0140624281471,402.3908996582031,97177200
2023-05-19 00:00:00-04:00,403.29311788250186,403.82101441184767,400.58638129995114,401.80535888671875,103793300
2023-05-22 00:00:00-04:00,401.8246282749285,403.5043365562108,400.5864351115969,401.9685974121094,60745400
2023-05-23 00:00:00-04:00,400.32716691785123,401.9013072243869,397.06374031399105,397.457275390625,86383500
2023-05-24 00:00:00-04:00,395.85444497777297,396.238372422446,393.4164603018304,394.5778503417969,89213700
2023-05-25 00:00:00-04:00,398.08116295648546,399.44413882097075,395.8447647643643,397.9947814941406,90961600
2023-05-26 00:00:00-04:00,398.64748907245814,403.8689837488059,398.57071530888675,403.14910888671875,93830000
2023-05-30 00:00:00-04:00,405.0783704702366,405.60626696953454,401.9205113036728,403.30267333984375,72216000
2023-05-31 00:00:00-04:00,401.47906649861943,402.3813121326053,399.5018122688516,401.06634521484375,110811800
2023-06-01 00:00:00-04:00,401.2965823232157,405.93259219595745,400.04881111857145,404.87677001953125,88865000
2023-06-02 00:00:00-04:00,407.44922983268606,411.51891359121186,406.92133324219725,410.73187255859375,91426200
2023-06-05 00:00:00-04:00,411.0773593229492,412.36353228842165,409.2440744066445,409.94476318359375,65460200
2023-06-06 00:00:00-04:00,409.53201283462573,411.36526832885664,408.87930404707026,410.8373718261719,64022200
2023-06-07 00:00:00-04:00,411.2308771014304,412.36347307815913,408.9944496762186,409.4167785644531,85373300
2023-06-08 00:00:00-04:00,409.48405866767195,412.34437231335727,408.71620378018724,411.89324951171875,61952800
2023-06-09 00:00:00-04:00,412.6898813507892,414.63834160760314,411.64366666036057,412.6322937011719,85742800
2023-06-12 00:00:00-04:00,413.61140641897026,416.4525049768777,412.89153139542077,416.3757019042969,76104300
2023-06-13 00:00:00-04:00,417.8346155400201,419.76386044542505,417.1723282571571,419.12078857421875,95899700
2023-06-14 00:00:00-04:00,419.45671780561304,421.4243641568749,416.1740753599218,419.619873046875,100612100
2023-06-15 00:00:00-04:00,418.8040313332803,426.06997610483035,418.7080714411939,424.82220458984375,110303100
2023-06-16 00:00:00-04:00,426.80488011436864,427.3732818174655,422.90312715218045,423.37518310546875,114165800
2023-06-20 00:00:00-04:00,421.4387253030806,422.32503554227975,419.1072877770987,421.1785888671875,76160400
2023-06-21 00:00:00-04:00,420.19591625792975,420.9955241203809,418.43288044222425,419.02056884765625,76982300
2023-06-22 00:00:00-04:00,418.06681362984074,420.6390713007603,417.72961825633774,420.5331115722656,70637200
2023-06-23 00:00:00-04:00,417.0841314152319,419.13617505158805,416.6409763099136,417.3538818359375,92074500
2023-06-26 00:00:00-04:00,416.7854848977608,418.70263864501453,415.4078319979814,415.648681640625,72823600
2023-06-27 00:00:00-04:00,416.5253768197751,420.82212620155866,416.0725783167209,420.20556640625,72813700
2023-06-28 00:00:00-04:00,419.1265310456325,421.4290677123489,418.509971256602,420.4175109863281,75636000
2023-06-29 00:00:00-04:00,420.0032229268465,422.2383146152685,419.59861200085055,422.07452392578125,67882300
2023-06-30 00:00:00-04:00,425.28267848094407,428.0379843526411,424.96474047999936,427.0553283691406,104964000
2023-07-03 00:00:00-04:00,426.70850932168867,427.82602579498047,426.4291155030701,427.5466613769531,32793400
2023-07-05 00:00:00-04:00,425.7355105986345,427.6430505530816,425.725867203726,426.9108581542969,58418400
2023-07-06 00:00:00-04:00,423.3366038147622,423.9917077726785,421.06296794825374,423.56781005859375,80658300
2023-07-07 00:00:00-04:00,422.5755319557256,426.438769743823,422.2575939538954,422.4984436035156,86134200
2023-07-10 00:00:00-04:00,422.1419696202549,423.7412147414674,421.5735680037754,423.56781005859375,62443500
2023-07-11 00:00:00-04:00,424.32890870557475,426.7566624993896,423.3558667490492,426.26531982421875,64463800
2023-07-12 00:00:00-04:00,430.0515505672172,431.10165159958825,428.6257099376319,429.695068359375,91924500
2023-07-13 00:00:00-04:00,431.506253963796,433.89549322497544,431.0727422071223,433.1054992675781,72425200
2023-07-14 00:00:00-04:00,433.9917527644729,434.8395187204355,432.07456981935877,432.8356628417969,69815800
2023-07-17 00:00:00-04:00,432.6912196663996,435.3887239970372,432.6430320958501,434.338623046875,52680200
2023-07-18 00:00:00-04:00,434.01109662916457,438.2115006773749,433.5775554716282,437.5660400390625,80668200
2023-07-19 00:00:00-04:00,438.3559839057652,439.7239933832524,437.48890168977437,438.5390319824219,65891700
2023-07-20 00:00:00-04:00,437.5467915202886,438.442745236727,434.91670253914305,435.6296081542969,70591600
2023-07-21 00:00:00-04:00,437.34445662901965,437.5467915202886,435.6199941598992,435.6296081542969,71275600
2023-07-24 00:00:00-04:00,436.7760157789645,438.38490436691495,435.74517222742827,437.5756530761719,54023400
2023-07-25 00:00:00-04:00,437.30587795856155,440.02263949533193,437.2576903912355,438.7702331542969,55191200
2023-07-26 00:00:00-04:00,437.83576473919794,440.263518637083,436.7856637889011,438.83770751953125,71052900
2023-07-27 00:00:00-04:00,442.2192143317386,442.6238546795818,435.02262562113657,435.92822265625,92194400
2023-07-28 00:00:00-04:00,439.1941631701477,441.0246146496096,435.92822776892785,440.19610595703125,80011800
2023-07-31 00:00:00-04:00,440.6681750532694,441.39072403261815,439.35793761574195,441.0342712402344,62040400
2023-08-01 00:00:00-04:00,439.5698819163366,440.51402315707037,438.81843216166044,439.772216796875,55291500
2023-08-02 00:00:00-04:00,436.660370149276,436.92047716007846,432.90312187918494,433.6545715332031,93933400
2023-08-03 00:00:00-04:00,431.64115804128886,434.29050444334024,430.9956679816183,432.411865234375,64276100
2023-08-04 00:00:00-04:00,434.2230384704291,436.3232404604835,429.9359027397443,430.4561462402344,100128900
2023-08-07 00:00:00-04:00,432.28658168791264,434.36752621178806,431.59293351328745,434.21337890625,58357500
2023-08-08 00:00:00-04:00,431.67967473239247,434.20380401220746,428.9725267488997,432.3251647949219,71361300
2023-08-09 00:00:00-04:00,432.59488283321724,432.7586735355105,428.6738433785323,429.4349365234375,78789600
2023-08-10 00:00:00-04:00,431.7855671339231,435.1671052071516,428.42331584667255,429.5890197753906,93005500
2023-08-11 00:00:00-04:00,427.7200594884635,430.3501481391964,427.1227570858758,429.33856201171875,68690900
2023-08-14 00:00:00-04:00,428.4233935882657,431.70855712890625,428.11509896255956,431.70855712890625,47867400
2023-08-15 00:00:00-04:00,429.9358583347008,430.29234049304716,426.1111649328765,426.6795959472656,75707500
2023-08-16 00:00:00-04:00,426.26534575201464,427.9223925566891,423.44259484772283,423.548583984375,80107200
2023-08-17 00:00:00-04:00,425.01294414487614,425.27305119137833,419.8009540161682,420.3211975097656,95711300
2023-08-18 00:00:00-04:00,417.5080561439708,421.5543421169173,417.1612467523088,420.52349853515625,98852000
2023-08-21 00:00:00-04:00,421.5350602162778,424.00135836533855,419.3867000805202,423.2595520019531,68719000
2023-08-22 00:00:00-04:00,425.03210259205986,425.03210259205986,421.5542484514059,422.1130065917969,64994200
2023-08-23 00:00:00-04:00,423.17286834168584,427.4311034249485,423.0283644204359,426.81451416015625,68441000
2023-08-24 00:00:00-04:00,428.4137593836846,428.9243595057039,420.87033128977225,420.8992614746094,88517300
2023-08-25 00:00:00-04:00,422.62372359066535,425.14782341445994,419.07842352366526,423.86651611328125,102325100
2023-08-28 00:00:00-04:00,426.05339622552776,427.1709421526019,423.8664919427265,426.55438232421875,61595400
2023-08-29 00:00:00-04:00,426.44841900560834,432.9995476574254,426.2653709047112,432.72015380859375,83081900
2023-08-30 00:00:00-04:00,433.057282576268,435.13822692888783,432.35399106524045,434.50238037109375,69053900
2023-08-31 00:00:00-04:00,435.11898360214246,436.2557869248091,433.6835290574293,433.8665771484375,66084600
2023-09-01 00:00:00-04:00,436.5833515582069,437.06505085275637,433.2210704898494,434.6758117675781,58944100
2023-09-05 00:00:00-04:00,434.23263347174435,434.5505420529184,432.72973410501413,432.7971496582031,55166200
2023-09-06 00:00:00-04:00,431.987958395261,432.0939475374288,427.5659620214055,429.88775634765625,70758500
2023-09-07 00:00:00-04:00,426.8915071469469,429.24220190465525,426.5446977895423,428.5678405761719,70355400
2023-09-08 00:00:00-04:00,428.61604594030854,430.74514868706615,428.25959315019446,429.2133483886719,61659700
2023-09-11 00:00:00-04:00,431.83376742594476,432.34436749416994,430.12856253408137,432.0361022949219,60180100
2023-09-12 00:00:00-04:00,430.59105211482444,432.11320909412444,429.08815252492514,429.6661682128906,67565400
2023-09-13 00:00:00-04:00,429.8877204342684,431.3231749266096,428.78943192828973,430.1671142578125,60199300
2023-09-14 00:00:00-04:00,432.633457559199,434.569868937207,431.3328634452209,433.876220703125,83430800
2023-09-15 00:00:00-04:00,432.2935859212208,432.62229333118586,428.21370176743056,428.64874267578125,111848900
2023-09-18 00:00:00-04:00,428.3393267614431,430.1955896700722,427.86560575276553,428.90008544921875,55752200
2023-09-19 00:00:00-04:00,427.9815563611836,428.57131769081076,425.3325428427861,428.01055908203125,66514600
2023-09-20 00:00:00-04:00,429.2674693964477,429.68318495179983,423.8727265693422,424.0757751464844,82562600
2023-09-21 00:00:00-04:00,421.2333589486901,421.4943834516094,416.91177626347593,417.06646728515625,104095800
2023-09-22 00:00:00-04:00,418.0913502784636,419.68655933537104,415.7130085528767,416.1287536621094,100829700
2023-09-25 00:00:00-04:00,414.920205158679,417.9172517040119,414.485134786977,417.87860107421875,70874500
2023-09-26 00:00:00-04:00,414.84288124552415,415.54865360911657,410.90801075336816,411.7394714355469,96168400
2023-09-27 00:00:00-04:00,412.9092856337623,413.4700443597365,408.26867230252077,411.90380859375,104705800
2023-09-28 00:00:00-04:00,411.3527373620953,415.964347748709,410.76297593705533,414.2917785644531,92258300
2023-09-29 00:00:00-04:00,417.3371661441051,417.5111824781116,411.7684074215334,413.2862854003906,115111300
2023-10-02 00:00:00-04:00,412.4548865420046,414.36915501527096,410.3666017087048,413.1219787597656,83798600
2023-10-03 00:00:00-04:00,410.94664397430034,413.1799422139496,406.22867088652805,407.59185791015625,103760600
2023-10-04 00:00:00-04:00,408.0559666596498,411.3043900178651,406.59609392791054,410.5599670410156,87453000
2023-10-05 00:00:00-04:00,410.2699077129364,411.24638199806213,407.18585282564163,410.4052734375,70142700
2023-10-06 00:00:00-04:00,407.9592644123595,416.81512702154566,406.6347574601129,415.2779235839844,113273300
2023-10-09 00:00:00-04:00,413.3830108074734,418.5070521455923,412.8319589906931,417.9366455078125,80374400
2023-10-10 00:00:00-04:00,418.5649663005958,422.7028550027733,418.1685761124723,420.1118469238281,78607300
2023-10-11 00:00:00-04:00,421.17534896503963,422.0841107631383,418.79700772466646,421.832763671875,62451700
2023-10-12 00:00:00-04:00,422.44187816631086,422.8189135801861,416.91179922986146,419.2611083984375,81154200
2023-10-13 00:00:00-04:00,420.7596289275812,421.9584770278049,415.60661494268294,417.1728210449219,95143100
2023-10-16 00:00:00-04:00,419.4157827397426,422.6255551040407,419.1740835467255,421.56207275390625,75433200
2023-10-17 00:00:00-04:00,418.43931518310666,423.59235858221746,418.09128250171426,421.542724609375,75324700
2023-10-18 00:00:00-04:00,419.77355201420596,420.73067151213604,414.84288188055683,415.9256896972656,93559800
2023-10-19 00:00:00-04:00,416.64108906158174,418.44899434083845,411.5944086302288,412.2711486816406,121323000
2023-10-20 00:00:00-04:00,411.8360731446502,412.37747694190307,407.0987456622459,407.2051086425781,123919900
2023-10-23 00:00:00-04:00,405.67757598059893,410.3568982821464,403.9276761980999,406.4993591308594,92035100
2023-10-24 00:00:00-04:00,408.61664598235126,410.71460793995783,406.77006062450005,409.5641174316406,78564200
2023-10-25 00:00:00-04:00,407.8818671758645,407.91086989621283,403.17354254116606,403.6859436035156,94223200
2023-10-26 00:00:00-04:00,402.6226131148312,403.4733696714875,397.9336418727087,398.8520812988281,115156800
2023-10-27 00:00:00-04:00,400.43756406837696,400.83395429205797,395.6229054415524,397.0440979003906,107367700
2023-10-30 00:00:00-04:00,399.8284803456642,402.8448816266276,398.5329761803426,401.79107666015625,86562700
2023-10-31 00:00:00-04:00,402.36153498192397,404.63351364420447,400.4569438698378,404.3144836425781,79665200
2023-11-01 00:00:00-04:00,405.28123407598383,409.43844855236455,404.74947812853236,408.6263427734375,98068100
2023-11-02 00:00:00-04:00,412.41616442869764,416.612088488878,412.3968391143164,416.4573974609375,94938900
2023-11-03 00:00:00-04:00,418.75840416588386,421.80380835994043,418.63271585397734,420.2569274902344,100167800
2023-11-06 00:00:00-05:00,421.01096687249964,421.6683815579989,419.2803924905788,421.2236633300781,67831700
2023-11-07 00:00:00-05:00,421.22369728667144,423.0606052933152,420.0828841514639,422.4225158691406,64256100
2023-11-08 00:00:00-05:00,423.02196085453033,423.5440394282341,420.43095231056213,422.73193359375,61746000
2023-11-09 00:00:00-05:00,423.8727133946502,423.9113935278032,419.0097266771128,419.43511962890625,83174400
2023-11-10 00:00:00-05:00,421.5040718428815,426.2896982135309,419.4254351571336,425.9803161621094,89462200
2023-11-13 00:00:00-05:00,424.64619358239656,426.6764433760795,423.86309048956497,425.5743103027344,52236100
2023-11-14 00:00:00-05:00,431.50076562505876,435.1165763059157,431.2783917339626,433.83074951171875,97176900
2023-11-15 00:00:00-05:00,435.16492211328534,436.3927730128096,433.8984205823122,434.74920654296875,77327600
2023-11-16 00:00:00-05:00,434.30447059030485,435.59997479434537,433.24098818272,435.28094482421875,66665800
2023-11-17 00:00:00-05:00,435.29057073108856,436.43141334936854,434.3721314970017,435.82232666015625,83133200
2023-11-20 00:00:00-05:00,435.57099160312566,440.0182630951851,435.5613141930735,439.1771545410156,69936200
2023-11-21 00:00:00-05:00,438.13302355551457,439.0514924363308,436.9535301263982,438.22003173828125,49244600
2023-11-22 00:00:00-05:00,439.8732451207241,441.22675482120695,438.8194400859089,439.9118957519531,59394900
2023-11-24 00:00:00-05:00,439.96027278304024,440.3759883694041,439.63156537724313,440.1826171875,29737400
2023-11-27 00:00:00-05:00,439.55417048077294,440.36627627306393,439.00308920962266,439.38983154296875,50506000
2023-11-28 00:00:00-05:00,439.00310690168646,441.1203943936042,438.4423777026132,439.82489013671875,62115000
2023-11-29 00:00:00-05:00,441.97117519611106,443.10234049536746,439.1191421839662,439.5155029296875,63146000
2023-11-30 00:00:00-05:00,440.35665713551293,441.59415597189025,438.2876976332808,441.24609375,79752700
2023-12-01 00:00:00-05:00,440.63705583158986,444.3882328932358,440.047323826649,443.85650634765625,89183400
2023-12-04 00:00:00-05:00,440.47265370720123,443.8757680204174,439.25448022667734,441.5264587402344,72430900
2023-12-05 00:00:00-05:00,440.14397929835064,442.3966031608258,439.76691433401015,441.4394836425781,69793500
2023-12-06 00:00:00-05:00,443.57606849081975,443.60507121667763,439.225482586349,439.6605529785156,69124700
2023-12-07 00:00:00-05:00,441.73917136361564,443.6630877368815,441.13976201140014,443.0153503417969,66995400
2023-12-08 00:00:00-05:00,442.2708481089666,445.4516177863762,442.02914891320626,444.9198913574219,83194400
2023-12-11 00:00:00-05:00,444.4268307846884,446.8244975103325,444.2141343049595,446.65045166015625,65002200
2023-12-12 00:00:00-05:00,446.3024402574832,448.7871152745883,445.30664066950123,448.6904296875,68327600
2023-12-13 00:00:00-05:00,449.06747102737427,455.12930631637573,448.70976090431213,454.8779296875,93278000
2023-12-14 00:00:00-05:00,456.8114895469167,458.0006602364905,453.6693999362765,456.3377685546875,119026000
2023-12-15 00:00:00-05:00,455.7417745258769,456.91636306344805,453.74210049149804,455.5864562988281,141553700
2023-12-18 00:00:00-05:00,457.1881393985243,459.12957270241793,456.13006180277284,458.1491394042969,70375300
2023-12-19 00:00:00-05:00,458.6927663957653,461.01279355520546,458.6151220933891,460.93511962890625,55761800
2023-12-20 00:00:00-05:00,460.0808267995912,461.96401935450547,454.12064234016117,454.5477600097656,102921000
2023-12-21 00:00:00-05:00,457.5278204873464,459.1295265010188,455.1107457468796,458.85772705078125,86667500
2023-12-22 00:00:00-05:00,459.98371888478914,461.4592269639175,457.88699725724837,459.7798767089844,67160400
2023-12-26 00:00:00-05:00,460.1876248035588,462.62410332069675,460.1099508863103,461.7213439941406,55387000
2023-12-27 00:00:00-05:00,461.5175394244562,462.70181495571654,460.9836571015111,462.55621337890625,68000300
2023-12-28 00:00:00-05:00,462.9153345190397,463.5656980482324,462.31349497002446,462.73089599609375,77158100
2023-12-29 00:00:00-05:00,462.5367654374911,463.06096072132885,459.4401769650659,461.3913269042969,122283100
2024-01-02 00:00:00-05:00,458.3335624378489,459.7993540123723,456.7124526493962,458.8092041015625,123623700
2024-01-03 00:00:00-05:00,456.6542157231931,457.3919698393569,454.4604162904711,455.062255859375,103585900
2024-01-04 00:00:00-05:00,454.5865863632777,457.16869615612853,453.37319057475315,453.5964660644531,84232200
2024-01-05 00:00:00-05:00,453.80028176128866,456.6639075045455,452.77132456262234,454.21771240234375,86118900
2024-01-08 00:00:00-05:00,454.71278328613425,460.84771948944723,454.5865853845721,460.7021179199219,74879100
2024-01-09 00:00:00-05:00,458.05205442710235,461.02244496424106,457.54729244084217,460.0032043457031,65931400
2024-01-10 00:00:00-05:00,460.27499186871785,463.4686578138975,459.9934757568045,462.6047058105469,67310600
2024-01-11 00:00:00-05:00,463.60455806414546,464.119036700077,458.4306513904914,462.40087890625,77940700
2024-01-12 00:00:00-05:00,463.8472262405501,464.58498035155515,461.3136700813151,462.72119140625,58026400
2024-01-16 00:00:00-05:00,461.3427529504032,462.65319658217305,459.207164709733,461.02239990234375,85014900
2024-01-17 00:00:00-05:00,458.00353981867966,458.94513616011074,456.110630489601,458.45977783203125,68843900
2024-01-18 00:00:00-05:00,460.1294153145847,463.0900892897804,458.58597937392244,462.5367736816406,91856200
2024-01-19 00:00:00-05:00,463.6628015298727,468.58434205067863,462.5853202688259,468.3028259277344,110834500
2024-01-22 00:00:00-05:00,469.83659824827777,471.01115715758357,468.64260604571103,469.2929992675781,75844900
2024-01-23 00:00:00-05:00,469.836566173897,470.9043307691421,468.7493682867175,470.6616516113281,49945300
2024-01-24 00:00:00-05:00,473.5252343876121,474.45711397403113,470.68104202686277,471.1761169433594,81765000
2024-01-25 00:00:00-05:00,473.3020267275593,474.01066056996024,471.17618444820096,473.7388610839844,72525000
2024-01-26 00:00:00-05:00,473.3117152908374,474.79691054106985,472.29247468488353,473.1369934082031,76641600
2024-01-29 00:00:00-05:00,473.4476261562877,477.0295728420406,472.9040272208165,476.8839416503906,61322800
2024-01-30 00:00:00-05:00,476.19475312019154,477.2237103899132,475.7579187820987,476.5151062011719,58618400
2024-01-31 00:00:00-05:00,474.31152767890586,474.7580490082776,468.7201907326481,468.7396240234375,126011100
2024-02-01 00:00:00-05:00,470.43842101293257,474.90372358641025,469.6327095934461,474.8746032714844,91891600
2024-02-02 00:00:00-05:00,475.311338761735,481.5239185736894,474.97158205447363,479.87371826171875,99228200
2024-02-05 00:00:00-05:00,479.2428126687566,479.90289286822576,475.87442477356564,478.12646484375,75757100
2024-02-06 00:00:00-05:00,479.06809742412736,479.8446885622171,477.64114268330553,479.5146484375,55918600
2024-02-07 00:00:00-05:00,481.75695184930976,483.93134756331705,480.8541628931194,483.5139465332031,70556500
2024-02-08 00:00:00-05:00,483.51391920150996,484.1060420771884,482.6985208548494,483.72747802734375,52343600
2024-02-09 00:00:00-05:00,484.232225929518,486.95993698445255,483.89246922228017,486.52313232421875,63979400
2024-02-12 00:00:00-05:00,486.49406987855394,488.75582660767503,485.59128089218916,486.30963134765625,56502300
2024-02-13 00:00:00-05:00,480.04846760997253,482.5334996770295,476.35003982173856,479.61163330078125,113099200
2024-02-14 00:00:00-05:00,482.2423403647749,484.4555731763151,479.92231331563113,483.97021484375,68387800
2024-02-15 00:00:00-05:00,484.6690979139186,487.4938867654942,484.19342663721847,487.3094482421875,61683000
2024-02-16 00:00:00-05:00,487.00856229426716,488.1442842020213,484.144936285217,484.8826904296875,75532900
2024-02-20 00:00:00-05:00,483.14510603430045,483.8149029118612,479.97087316267243,482.2132263183594,71736700
2024-02-21 00:00:00-05:00,480.9124629140013,482.8053426352379,479.1069145137689,482.6500244140625,59293400
2024-02-22 00:00:00-05:00,489.25091074641995,493.59970240133447,488.2898811137423,492.6387023925781,76402500
2024-02-23 00:00:00-05:00,494.35685563775104,495.1916873577398,492.25041710535265,492.97845458984375,61321800
2024-02-26 00:00:00-05:00,493.41526570907337,493.8521000550051,491.0467146922128,491.17291259765625,50386700
2024-02-27 00:00:00-05:00,491.86211180789684,492.30863314805396,489.9692025931845,492.0853576660156,48854500
2024-02-28 00:00:00-05:00,490.5322390639573,492.01743437576624,490.17307863790023,491.4350280761719,56506600
2024-02-29 00:00:00-05:00,493.19203416880555,494.8131144463538,490.5516835957709,493.20172119140625,83924800
2024-03-01 00:00:00-05:00,494.07533144522296,498.2590878764062,493.6676174504883,497.83197021484375,76844800
2024-03-04 00:00:00-05:00,497.03604251314806,499.1424809176813,497.00689257657365,497.298095703125,49799300
2024-03-05 00:00:00-05:00,495.2985159505162,495.74506699457805,490.1246085935748,492.328125,72855600
2024-03-06 00:00:00-05:00,495.5993458504527,497.0748540345267,493.53174438668293,494.8227844238281,68382400
2024-03-07 00:00:00-05:00,498.1135389799133,500.7830096761973,494.8810360564722,499.734619140625,58652100
2024-03-08 00:00:00-05:00,500.3655769656846,503.04470489035225,496.16235769149256,496.7350769042969,86532500
2024-03-11 00:00:00-04:00,495.5314219659159,496.89041928478855,493.6093924281333,496.3079833984375,62557200
2024-03-12 00:00:00-04:00,498.41443934118087,502.2293483869414,495.9002573325016,501.6469421386719,73114400
2024-03-13 00:00:00-04:00,501.9672573875113,502.14197926945354,499.4239845817287,500.8606262207031,55104100
2024-03-14 00:00:00-04:00,501.831351753217,501.9866995940405,496.8321966177629,499.87054443359375,110171800
2024-03-15 00:00:00-04:00,496.80816405826874,498.2590460217431,494.77306623402836,496.4381408691406,107646300
2024-03-18 00:00:00-04:00,500.498619372016,501.93972478311895,498.9795987021718,499.3885498046875,88893300
2024-03-19 00:00:00-04:00,498.6971800566581,502.44602683293346,497.69420694088996,502.1636657714844,60755300
2024-03-20 00:00:00-04:00,502.22213711517423,506.94471696954355,501.5502591703246,506.8083801269531,69594600
2024-03-21 00:00:00-04:00,509.64192900671355,510.34298796408666,508.2007643189091,508.4831848144531,60256100
2024-03-22 00:00:00-04:00,508.39551924735605,508.8823855528386,507.2854498071945,507.5191955566406,79070800
2024-03-25 00:00:00-04:00,506.1462159868013,507.2660322991133,505.96120440733904,506.1170349121094,48512100
2024-03-26 00:00:00-04:00,507.53866742888704,507.87950952715136,504.78304672651166,505.1822509765625,65463700
2024-03-27 00:00:00-04:00,508.00612262936903,509.46672172053235,505.8444050698442,509.427734375,82999800
2024-03-28 00:00:00-04:00,509.46678119735884,510.82997151576376,509.04808320751,509.3304443359375,96294900
2024-04-01 00:00:00-04:00,510.07026772131775,510.60580866332316,507.28534784545116,508.444091796875,62477500
2024-04-02 00:00:00-04:00,504.62724203503336,505.3477947483364,502.9134629158643,505.2115173339844,74230300
2024-04-03 00:00:00-04:00,504.12083842082313,507.2660352902269,504.0721636747669,505.7664489746094,59155800
2024-04-04 00:00:00-04:00,509.76853565111946,510.1093183056524,499.2911628340767,499.593017578125,96858100
2024-04-05 00:00:00-04:00,500.9465048519071,506.7694068986325,500.5083132867227,504.81219482421875,74546500
2024-04-08 00:00:00-04:00,505.51336185898396,506.5162756490336,504.2864491311744,505.0946044921875,48401800
2024-04-09 00:00:00-04:00,506.8278915451877,507.0713247303679,500.83941141698267,505.67889404296875,68049200
2024-04-10 00:00:00-04:00,499.99218385090813,502.601780021425,498.6387407392185,500.6153869628906,82652800
2024-04-11 00:00:00-04:00,502.1344572387197,505.8346295064768,498.6290433917763,504.3935241699219,70099000
2024-04-12 00:00:00-04:00,500.85889444352966,502.27081877394835,495.70784003413945,497.4313659667969,92561100
2024-04-15 00:00:00-04:00,501.5989207934361,501.7644387082916,490.3522904966187,491.199462890625,92101400
2024-04-16 00:00:00-04:00,491.6765248352094,493.19554526269036,489.01822422913784,490.3035583496094,73484000
2024-04-17 00:00:00-04:00,492.7574157801548,492.9229634124424,486.00945537176443,487.4018859863281,75910300
2024-04-18 00:00:00-04:00,488.794360179131,490.8878795783521,485.46418121059236,486.3989562988281,74548100
2024-04-19 00:00:00-04:00,486.3210783246666,487.31427501412566,480.8876330360681,482.15350341796875,102212600
2024-04-22 00:00:00-04:00,484.7533503648902,489.18385210193054,482.41639776348796,486.5937194824219,67961000
2024-04-23 00:00:00-04:00,488.59963980175917,492.79642576333276,486.40874101697625,492.36798095703125,64633600
2024-04-24 00:00:00-04:00,493.2540334865075,494.0427545951939,489.914137461728,492.1342468261719,55928100
2024-04-25 00:00:00-04:00,486.0678630419317,491.02415872515365,484.42225246602163,490.2646484375,69122400
2024-04-26 00:00:00-04:00,493.04956028124485,496.48683553540934,492.41663996726425,494.9093933105469,64306100
2024-04-29 00:00:00-04:00,496.69128964862307,497.33395677101214,493.9258924563797,496.6620788574219,46415400
2024-04-30 00:00:00-04:00,495.2015209263445,496.1752536684076,488.79437255859375,488.79437255859375,77483600
2024-05-01 00:00:00-04:00,488.2100662136069,494.84118298455326,486.73972044696376,487.2071228027344,80242800
2024-05-02 00:00:00-04:00,490.9073316662554,492.6016467604268,486.4281553313073,491.76422119140625,62550200
2024-05-03 00:00:00-04:00,497.73318173027803,499.08665465274976,495.20147091341136,497.8597717285156,72756700
2024-05-06 00:00:00-04:00,500.2551653379584,503.0400265445959,499.8169737447077,503.0010986328125,47264700
2024-05-07 00:00:00-04:00,503.9651034446084,504.9485829994704,502.8842743906612,503.55615234375,52561300
2024-05-08 00:00:00-04:00,501.7254700555243,504.14030789046143,501.60862689782874,503.6047668457031,42047200
2024-05-09 00:00:00-04:00,503.78980752288453,506.54548758690595,503.13742328274043,506.5065002441406,43643700
2024-05-10 00:00:00-04:00,508.1034582569593,508.9116730396104,505.94180018838176,507.1589660644531,52233200
2024-05-13 00:00:00-04:00,508.83376404779614,508.9408603825465,506.0878306657376,507.2270812988281,36716400
2024-05-14 00:00:00-04:00,507.4218746415022,510.07045870728615,506.8863334989738,509.5543518066406,57535900
2024-05-15 00:00:00-04:00,512.0179402902028,516.1563047340521,511.38499019072265,515.8641967773438,59504900
2024-05-16 00:00:00-04:00,515.9614786446474,517.558414507879,514.6566506998298,514.802734375,50244800
2024-05-17 00:00:00-04:00,514.9195824580145,515.6109540647997,513.4687302561026,515.5427856445312,59187600
2024-05-20 00:00:00-04:00,515.6595992673854,517.5973177042522,515.2700824401487,516.13671875,37764200
2024-05-21 00:00:00-04:00,515.3773274826686,517.5584794564415,515.1728221981522,517.4026489257812,33437000
2024-05-22 00:00:00-04:00,516.7111875279095,517.4219932520712,513.7412557847823,515.9127197265625,48390000
2024-05-23 00:00:00-04:00,518.9605990872589,519.0676954201629,510.93699174891134,512.1444702148438,57211200
2024-05-24 00:00:00-04:00,513.9847589456947,516.3412347653415,513.0402667962413,515.5330200195312,41291100
2024-05-28 00:00:00-04:00,516.3411878885217,516.5748741957514,513.2641596915468,515.8932495117188,36269600
2024-05-29 00:00:00-04:00,511.871810616093,513.4589997088932,511.56995584928654,512.28076171875,45190300
2024-05-30 00:00:00-04:00,510.7423703380884,511.40450154015656,507.63616018854225,508.88250732421875,46377600
2024-05-31 00:00:00-04:00,509.8367164200918,513.6439850215788,504.7440541264526,513.5173950195312,90785800
2024-06-03 00:00:00-04:00,515.1240809646227,515.4064420460951,508.87267437322015,513.9360961914062,46835700
2024-06-04 00:00:00-04:00,512.631323194632,515.2506664560023,511.17072418863216,514.5106201171875,34632700
2024-06-05 00:00:00-04:00,516.8280887412405,520.645104022442,514.8416361330836,520.6256103515625,47610400
2024-06-06 00:00:00-04:00,520.9275073614583,521.3559521321091,518.6879340097541,520.6159057617188,30808500
2024-06-07 00:00:00-04:00,519.6421291117942,522.787325920015,518.5515533208824,519.9829711914062,43224500
2024-06-10 00:00:00-04:00,519.1748224338155,521.9110090941606,518.5808597177815,521.5896606445312,35686100
2024-06-11 00:00:00-04:00,520.0414093421914,522.9041857425336,518.0744503489441,522.8457641601562,36383400
2024-06-12 00:00:00-04:00,527.4028194115604,529.8274041983666,526.1077383475028,527.139892578125,63251300
2024-06-13 00:00:00-04:00,528.8829186945259,529.0581834417079,525.4164327979901,528.2012939453125,44760900
2024-06-14 00:00:00-04:00,526.6724673865745,528.5517640797698,525.6694943308721,528.5225830078125,40089900
2024-06-17 00:00:00-04:00,527.8410283318889,534.1216160104203,527.3833430672393,532.7291259765625,55839500
2024-06-18 00:00:00-04:00,532.7875604635906,534.2092316077063,532.3688625324717,534.0826416015625,41376400
2024-06-20 00:00:00-04:00,535.0076850141029,535.669816103357,530.8595742964317,532.6317749023438,70328200
2024-06-21 00:00:00-04:00,531.8103437911085,533.031436553649,530.4622526113701,531.9177856445312,64338600
2024-06-24 00:00:00-04:00,531.7419157804823,534.3013212499749,530.0714395414016,530.1886596679688,45528700
2024-06-25 00:00:00-04:00,531.4096242974609,532.5916631831469,529.8954816744096,532.230224609375,37936200
2024-06-26 00:00:00-04:00,531.1167351250136,533.6077524053179,530.4720243887124,532.8946533203125,38550600
2024-06-27 00:00:00-04:00,532.7578061070262,534.3110621107577,532.0153722749866,533.7346801757812,35041500
2024-06-28 00:00:00-04:00,534.5063503169283,537.5542520433446,530.3937489459842,531.6343383789062,76144500
2024-07-01 00:00:00-04:00,533.0117265646933,533.2559450469041,529.9736629556671,532.7284545898438,40297800
2024-07-02 00:00:00-04:00,531.1264605772033,536.3136596679688,531.0776287968915,536.3136596679688,40434800
2024-07-03 00:00:00-04:00,536.0010708200014,539.068469909586,535.9620173191718,538.70703125,32789900
2024-07-05 00:00:00-04:00,539.009731167597,542.2138465569928,538.3747392828008,541.8133544921875,41488400
2024-07-08 00:00:00-04:00,542.5949332840256,543.3861988920726,541.3738407022457,542.4386596679688,36110500
2024-07-09 00:00:00-04:00,543.396013525926,544.2947210316149,542.6731362089374,542.9661865234375,27289700
2024-07-10 00:00:00-04:00,544.1872136667199,548.6808102777995,543.894163387503,548.3389282226562,38701200
2024-07-11 00:00:00-04:00,548.4562180647349,549.3256503566656,542.9759684638211,543.6109008789062,53054200
2024-07-12 00:00:00-04:00,544.7343252522627,550.6346235261244,544.2654447499774,547.0397338867188,53084400
2024-07-15 00:00:00-04:00,549.0325654558818,551.7775792240066,546.6880438244344,548.5441284179688,40584300
2024-07-16 00:00:00-04:00,549.8530882979716,552.090108393895,549.1008762046278,551.7970581054688,36475300
2024-07-17 00:00:00-04:00,545.8772131422685,547.5476892504238,543.7378565645935,544.0602416992188,57119000
2024-07-18 00:00:00-04:00,545.5939606590898,546.5806130354061,537.7008012722223,539.8792114257812,56270400
2024-07-19 00:00:00-04:00,539.6447995873152,541.2664440605769,535.2390876445896,536.2941284179688,65509100
2024-07-22 00:00:00-04:00,540.211436930268,542.4289604616175,538.277245078338,541.8233032226562,43346700
2024-07-23 00:00:00-04:00,541.7157018138391,543.8648365993427,540.484890622907,540.9733276367188,34439600
2024-07-24 00:00:00-04:00,536.1670544374522,536.4698829953903,527.7952370228695,528.7135009765625,74515300
2024-07-25 00:00:00-04:00,528.8307523766035,534.7994982405838,525.0209792890996,525.958740234375,61158300
2024-07-26 00:00:00-04:00,529.7392825093052,534.5357078065754,528.9675138593225,531.8493041992188,53763800
2024-07-29 00:00:00-04:00,533.3929194863724,534.3990690018575,530.169186626921,532.1620483398438,39515800
2024-07-30 00:00:00-04:00,533.6271909452782,534.6822315404584,526.0661958644091,529.4656982421875,46853600
2024-07-31 00:00:00-04:00,536.2842643515584,540.6997538692295,534.9166765387299,538.0719604492188,65663400
2024-08-01 00:00:00-04:00,539.7914304212384,542.038229350355,526.9552880160745,530.4525146484375,76428700
2024-08-02 00:00:00-04:00,523.3603002519518,524.5716145988897,516.3756265717791,520.5762329101562,82789100
2024-08-05 00:00:00-04:00,499.80782241877216,511.4717002411795,498.4694800108966,505.4150695800781,146267400
2024-08-06 00:00:00-04:00,507.21256590008903,517.4990792856169,505.89380965132887,510.0748596191406,84826300
2024-08-07 00:00:00-04:00,516.2485361223863,519.2964376315753,506.0695264870208,506.6654052734375,70698300
2024-08-08 00:00:00-04:00,511.79405372836936,519.0033889369354,509.77197692780607,518.3782348632812,63276600
2024-08-09 00:00:00-04:00,517.5576710131196,522.1489912653111,516.3365783728381,520.6641235351562,45619600
2024-08-12 00:00:00-04:00,521.8559471668351,523.3407552909962,518.6713279832952,520.9376831054688,42542100
2024-08-13 00:00:00-04:00,524.1222955084382,529.7393216479126,523.878076980635,529.5048217773438,52333100
2024-08-14 00:00:00-04:00,530.2960214933445,532.3572709257232,527.6291745808618,531.1752319335938,42446900
2024-08-15 00:00:00-04:00,536.7922766972661,540.5629961238054,536.1866195717042,540.2797241210938,60846800
2024-08-16 00:00:00-04:00,538.6678476452682,542.1846298407453,538.5115740387317,541.4910278320312,44430700
2024-08-19 00:00:00-04:00,541.901367537868,546.6685180664062,541.0514918139045,546.6685180664062,39121800
2024-08-20 00:00:00-04:00,546.2192073450451,547.8701270511177,544.4412892289927,545.7796020507812,33732300
2024-08-21 00:00:00-04:00,546.8247712917706,549.1106230342316,541.9012882335657,547.6550903320312,41514600
2024-08-22 00:00:00-04:00,549.5502804647684,550.1559376249218,542.1455582382872,543.3568725585938,56121500
2024-08-23 00:00:00-04:00,546.5904001832064,550.0680696349215,544.4021520897437,549.1302490234375,50639400
2024-08-26 00:00:00-04:00,550.1559102385648,550.8690092024209,546.1214157161334,547.8211669921875,35788600
2024-08-27 00:00:00-04:00,546.5512887213379,549.0618623501647,545.4083627021253,548.5734252929688,32693900
2024-08-28 00:00:00-04:00,548.2315309438809,548.661357929549,542.204174863817,545.3887939453125,41066000
2024-08-29 00:00:00-04:00,547.3522554939839,550.6443160255352,544.294635177053,545.4375610351562,38715200
2024-08-30 00:00:00-04:00,547.8017316610252,551.1524028130747,544.2556737558524,550.6444091796875,62700100
2024-09-03 00:00:00-04:00,547.5086116923438,547.8407751289367,536.8021094517958,539.3126831054688,60600100
2024-09-04 00:00:00-04:00,537.4760847370844,541.608242662233,536.7532075195429,538.208740234375,47224900
2024-09-05 00:00:00-04:00,538.1501466111926,540.9928237930679,534.4477558926965,536.8997192382812,44264300
2024-09-06 00:00:00-04:00,537.2221796738046,538.8437645502386,526.9650009606123,527.8637084960938,68493800
2024-09-09 00:00:00-04:00,532.0544335310877,535.043665505135,530.1299607989381,533.773681640625,40445800
2024-09-10 00:00:00-04:00,535.6786451567546,536.4504138231891,530.8138314182086,536.0986938476562,36394600
2024-09-11 00:00:00-04:00,536.0108196239122,542.5167747623394,527.4729497044474,541.5985107421875,75248600
2024-09-12 00:00:00-04:00,542.1747991721596,546.4632899534062,539.957276313442,546.1604614257812,51819600
2024-09-13 00:00:00-04:00,546.7662020730168,550.0094311099382,546.5122052774053,549.0130004882812,39310500
2024-09-16 00:00:00-04:00,548.7491943236346,550.0875069413107,546.9517795427174,549.8237915039062,36656100
2024-09-17 00:00:00-04:00,552.0314851715059,553.477299266029,547.8211605278194,550.0484619140625,49321000
2024-09-18 00:00:00-04:00,550.7030274298603,555.5385664291312,547.8603498689396,548.4171752929688,59044900
2024-09-19 00:00:00-04:00,557.8049085738365,559.6316584337985,554.9426745171918,557.7755737304688,75315500
2024-09-20 00:00:00-04:00,556.4096197933483,557.8500005367814,553.7933228326182,556.8113403320312,77503100
2024-09-23 00:00:00-04:00,557.8793836152081,558.8494456443765,556.6642942041962,558.2026977539062,44116900
2024-09-24 00:00:00-04:00,558.9963649353333,559.8586555458002,556.174333811357,559.7998657226562,46805700
2024-09-25 00:00:00-04:00,559.6431398003925,560.3780425284191,557.4579883539482,558.5652465820312,38428600
2024-09-26 00:00:00-04:00,562.817932214862,563.1413061737785,558.4281322177342,560.77978515625,48336000
2024-09-27 00:00:00-04:00,561.8478858705382,562.6611352170194,558.9376397719122,559.9664916992188,42100900
2024-09-30 00:00:00-04:00,558.9376557740085,562.8179640810873,556.6447925339722,562.21044921875,63557400
2024-10-01 00:00:00-04:00,561.8576367225866,562.5043247858904,554.6065728022052,557.173828125,72668800
2024-10-02 00:00:00-04:00,556.282242548741,558.4281611024765,553.8913563966638,557.4090576171875,38097800
2024-10-03 00:00:00-04:00,555.9392527365582,558.3301388916863,554.106899883147,556.3900146484375,40846500
2024-10-04 00:00:00-04:00,560.8287218708198,561.818400406846,556.6642732473864,561.446044921875,42939100
2024-10-07 00:00:00-04:00,559.7999074826037,560.446655391967,555.2239297880301,556.370361328125,49964700
2024-10-08 00:00:00-04:00,558.9376197622599,562.230029540932,558.0655806170524,561.6322631835938,37398700
2024-10-09 00:00:00-04:00,561.6224751598685,566.0809331902332,561.0247685875196,565.5223999023438,37912200
2024-10-10 00:00:00-04:00,564.1800368650188,565.953600014702,562.9257739624676,564.5327758789062,44138100
2024-10-11 00:00:00-04:00,564.4543586951436,568.6482329129351,564.3171624790748,567.913330078125,42268000
2024-10-14 00:00:00-04:00,569.520288010914,573.4888112745962,569.0401610478535,572.5579223632812,36217200
2024-10-15 00:00:00-04:00,572.8225499433973,573.1263074210011,566.8942852830332,568.109375,54203600
2024-10-16 00:00:00-04:00,568.1092586044506,571.0978512020905,567.305757742965,570.5784912109375,30725400
2024-10-17 00:00:00-04:00,574.1158386665669,574.3216329805343,570.4413246734956,570.6275024414062,34393700
2024-10-18 00:00:00-04:00,572.3128969974695,573.6063330690159,570.8528997080355,572.8224487304688,37416800
2024-10-21 00:00:00-04:00,572.0973176864316,573.0771881011084,568.912738838732,571.8817749023438,36439000
2024-10-22 00:00:00-04:00,569.3537388044809,572.7343039714391,568.6972423190728,571.5780639648438,34183800
2024-10-23 00:00:00-04:00,569.5594196255329,570.0003732214365,562.8570804647936,566.355224609375,49314600
2024-10-24 00:00:00-04:00,568.3052337104026,568.3836400907534,564.9639018539431,567.5801391601562,34979900
2024-10-25 00:00:00-04:00,569.8044050522926,572.6950344865168,566.443456997856,567.3840942382812,47268200
2024-10-28 00:00:00-04:00,570.8528957024953,570.9802836348513,568.8343651367928,569.1381225585938,30174700
2024-10-29 00:00:00-04:00,568.1778099310847,571.1762108700161,566.7864107519835,570.0592041015625,42899700
2024-10-30 00:00:00-04:00,569.5888588084969,571.5780244818477,567.6291179550885,568.3346557617188,41435800
2024-10-31 00:00:00-04:00,563.9741056373006,564.0427037299961,556.9974344033881,557.1934204101562,60182500
2024-11-01 00:00:00-04:00,559.8195584319851,563.9643910438907,559.1336371976272,559.545166015625,45667500
2024-11-04 00:00:00-05:00,559.6823835212687,560.9758196621659,556.4586313456186,558.3399658203125,38217000
2024-11-05 00:00:00-05:00,559.2512590975022,565.1304818819561,559.0357163025479,565.09130859375,39478300
2024-11-06 00:00:00-05:00,577.3395892403747,580.0146160051545,573.6062858121453,579.1425170898438,68182000
2024-11-07 00:00:00-05:00,581.1415036340469,584.6396478381987,581.0630972629532,583.6205444335938,47233200
2024-11-08 00:00:00-05:00,584.1693851078007,587.5695668763649,584.1693851078007,586.1487426757812,46444900
2024-11-11 00:00:00-05:00,587.7360051791314,588.0887441353201,584.9825720146739,586.7071533203125,37586800
2024-11-12 00:00:00-05:00,586.6287817012992,587.2264882691159,582.4055428293386,584.8846435546875,43006100
2024-11-13 00:00:00-05:00,585.3451316888757,587.1676761411395,582.9836705187753,585.1687622070312,47388600
2024-11-14 00:00:00-05:00,585.2962448517161,585.7763718199695,580.7202664359244,581.4061279296875,38904100
2024-11-15 00:00:00-05:00,577.8491019104924,578.3194803370213,572.1070761341368,573.9590454101562,75988800
2024-11-18 00:00:00-05:00,574.4195885423085,577.6237838402152,573.5573576252949,576.310791015625,37001700
2024-11-19 00:00:00-05:00,572.9400989259979,579.1426361014928,572.2737941658764,578.4175415039062,49412000
2024-11-20 00:00:00-05:00,578.495884693383,578.8976052377521,572.8616299600318,578.6134643554688,50032600
2024-11-21 00:00:00-05:00,581.4550801704302,583.1404284379229,575.6248397212988,581.7196044921875,46750300
2024-11-22 00:00:00-05:00,581.7097870344509,584.1497143652956,581.2101034094488,583.5225830078125,38226400
2024-11-25 00:00:00-05:00,587.451946771504,588.7649396726674,583.2188992835091,585.5020141601562,42441400
2024-11-26 00:00:00-05:00,586.746407902425,589.2255088244219,586.0311216188419,588.5592041015625,45621300
2024-11-27 00:00:00-05:00,588.3729502321648,588.7550542016285,585.256969810655,586.7757568359375,34000200
2024-11-29 00:00:00-05:00,587.5891193661275,591.204843913549,587.3147867247623,590.4209594726562,30177400
2024-12-02 00:00:00-05:00,590.8324390421951,592.1552999944694,590.3425038316959,591.4791870117188,31746000
2024-12-03 00:00:00-05:00,591.2440480710218,591.9985076527607,590.2151960547985,591.7535400390625,26906600
2024-12-04 00:00:00-05:00,593.438872844782,595.6729460981672,592.7725681970518,595.427978515625,42787600
2024-12-05 00:00:00-05:00,595.4279904670244,596.2314913306755,594.0953811448159,594.4481201171875,28762200
2024-12-06 00:00:00-05:00,595.212464951605,596.8096584526629,594.800936138575,595.5750122070312,31241500
2024-12-09 00:00:00-05:00,595.457476264727,595.6240374954255,591.9201582931329,592.508056640625,34742700
2024-12-10 00:00:00-05:00,593.184106485161,593.6054435570935,590.0093361336401,590.6658325195312,37234500
2024-12-11 00:00:00-05:00,593.5858806768452,596.1825011825678,593.3114882757061,595.2320556640625,28677700
2024-12-12 00:00:00-05:00,594.369747252086,594.9380289691392,592.1650390625,592.1650390625,31543800
2024-12-13 00:00:00-05:00,594.1934038090473,594.9086900260288,590.6756429397628,592.0474853515625,35904700
2024-12-16 00:00:00-05:00,593.8014244521054,595.54562235978,593.0273484159295,594.5755004882812,43695200
2024-12-17 00:00:00-05:00,592.0278913761272,592.9881452170704,590.7540718346318,592.1258544921875,55773500
2024-12-18 00:00:00-05:00,591.822113059209,594.2031909866316,574.0962907751041,574.4784545898438,108248700
2024-12-19 00:00:00-05:00,579.456129686489,581.0631314525076,574.057034359764,574.302001953125,85919500
2024-12-20 00:00:00-05:00,571.9778879961826,585.722562754752,571.1323175828937,581.2000122070312,125716700
2024-12-23 00:00:00-05:00,580.9443313472664,585.2800771480029,577.7686569320756,584.6803588867188,57635800
2024-12-24 00:00:00-05:00,586.0272849416975,591.2184422848073,585.4471892507113,591.1790771484375,33160100
2024-12-26 00:00:00-05:00,589.4094496188982,592.3392722176656,588.0133673077331,591.218505859375,41219100
2024-12-27 00:00:00-05:00,587.482441071987,587.7184519013749,580.8165903318666,584.9950561523438,64969300
2024-12-30 00:00:00-05:00,577.9948725430215,581.7800467977985,574.5734057798932,578.3192749023438,56578800
2024-12-31 00:00:00-05:00,579.9807622286955,580.6985158642835,574.583178079053,576.2152709960938,57052700
2025-01-02 00:00:00-05:00,579.4695486945864,581.180251846637,570.7291685588775,574.7994995117188,50204000
2025-01-03 00:00:00-05:00,577.64092396713,582.6255346471705,576.5594027877501,581.9865112304688,37888500
2025-01-06 00:00:00-05:00,586.2337670283534,589.6060270134918,583.608664526265,585.3390502929688,47679400
2025-01-07 00:00:00-05:00,587.3643786767495,587.6888410122485,576.903513754268,578.7223510742188,60393100
2025-01-08 00:00:00-05:00,578.7911287868388,580.6394897953063,575.3500401020275,579.5678100585938,47304700
2025-01-10 00:00:00-05:00,576.0185903209236,576.0874192959229,568.8119506064235,570.7192993164062,73105000
2025-01-13 00:00:00-05:00,566.0789072948215,571.9582353156698,565.6659333477378,571.6043090820312,47910100
2025-01-14 00:00:00-05:00,574.5241441869972,575.1533862250869,568.6152938144415,572.3906860351562,48420600
2025-01-15 00:00:00-05:00,580.3937768602567,583.9430001285099,579.2827918470954,582.8025512695312,56900200
2025-01-16 00:00:00-05:00,584.1690862304802,584.34604932179,580.9836305712422,581.6817016601562,43319700
2025-01-17 00:00:00-05:00,586.9121689712896,589.2717368825727,585.5848557638515,587.521728515625,58070600
2025-01-21 00:00:00-05:00,590.5596519481012,592.9094384516549,588.5933154613438,592.8995971679688,42532900
2025-01-22 00:00:00-05:00,595.7213382459036,597.5893820777127,595.1707663809229,596.2326049804688,48196000
2025-01-23 00:00:00-05:00,595.6033506126263,599.4868774414062,595.3280946897063,599.4868774414062,41152100
2025-01-24 00:00:00-05:00,599.54587252364,600.4995770008244,596.5865262707722,597.73681640625,34604700
2025-01-27 00:00:00-05:00,584.798310310645,589.5961762199101,584.6311885086425,589.2815551757812,70361100
2025-01-28 00:00:00-05:00,590.5106506437504,595.1807009473713,587.1973776500193,594.3450317382812,44433300
2025-01-29 00:00:00-05:00,593.5583059073574,593.9614384934404,589.1340487911447,591.6804809570312,37177400
2025-01-30 00:00:00-05:00,593.7944224804594,596.389941511758,590.6089063826978,594.856201171875,39281300
2025-01-31 00:00:00-05:00,597.2748191495543,599.693435081772,590.9333707965222,591.6904296875,66566900
2025-02-03 00:00:00-05:00,582.6943625959686,590.1861005375324,580.5510628181718,587.7085571289062,65857200
2025-02-04 00:00:00-05:00,587.7675957701897,592.1623298220667,587.2268651385132,591.651123046875,33457800
2025-02-05 00:00:00-05:00,590.5301667443101,594.1973649569587,588.5048426365228,594.0498657226562,30653100
2025-02-06 00:00:00-05:00,595.7901616750784,596.242440705887,592.4867305159943,596.1146240234375,35771500
2025-02-07 00:00:00-05:00,596.6750666805723,597.8941858585465,589.9501686239648,590.6580810546875,50788500
2025-02-10 00:00:00-05:00,593.8632882437039,595.30851711154,592.5949624942194,594.66943359375,26048700
2025-02-11 00:00:00-05:00,592.408088766588,595.6623736678141,592.2901133629294,595.1216430664062,30056700
2025-02-12 00:00:00-05:00,589.1144530437037,594.3743794070193,588.4360645213627,593.2044067382812,45076100
2025-02-13 00:00:00-05:00,594.3055297285264,599.6736500230521,593.0471055616473,599.4671630859375,40921300
2025-02-14 00:00:00-05:00,599.6737559982794,600.7060708506282,598.8184042628043,599.4378051757812,26910400
2025-02-18 00:00:00-05:00,600.5979135172886,601.1976318359375,598.1399925315113,601.1976318359375,26749000
2025-02-19 00:00:00-05:00,599.8113366176324,602.908280775238,599.3000698962699,602.6133422851562,31011100
2025-02-20 00:00:00-05:00,601.2467110134413,601.3843689751305,596.8028311734677,600.1062622070312,36554000
2025-02-21 00:00:00-05:00,599.8899309928074,600.0275889538111,589.3798596850504,589.8419799804688,76519800
2025-02-24 00:00:00-05:00,591.8870576091449,592.8800672914438,586.4501075695626,587.1580200195312,50737200
2025-02-25 00:00:00-05:00,587.0990297013516,587.8265647106925,579.6367551973434,584.2379760742188,58266500
2025-02-26 00:00:00-05:00,585.899394022331,589.4879818072211,581.8978924126887,584.5327758789062,43321600
2025-02-27 00:00:00-05:00,586.8039490929929,587.9542991571739,574.809344386224,575.2025756835938,74196700
2025-02-28 00:00:00-05:00,575.7040488167072,584.7098443771037,572.6365684069419,584.178955078125,88744100
2025-03-03 00:00:00-05:00,586.1452445030724,587.2857532860544,570.1392964764723,573.9441528320312,74249200
2025-03-04 00:00:00-05:00,569.9525173224438,575.5369060706639,562.6180601948478,567.1504516601562,109648200
2025-03-05 00:00:00-05:00,566.9833769883293,575.0355284425119,563.4341535288585,573.2461547851562,71230500
2025-03-06 00:00:00-05:00,565.7936477589768,570.4047092717689,560.5238803180225,563.0703125,80094900
2025-03-07 00:00:00-05:00,561.2908538818324,567.6716070865215,556.1095373006934,566.226318359375,81158800
2025-03-10 00:00:00-04:00,558.0365509948175,559.9536812738498,546.2385307775894,551.14453125,99326600
2025-03-11 00:00:00-04:00,549.9843938775969,554.5266268117218,542.728606721458,546.5629272460938,88102100
2025-03-12 00:00:00-04:00,552.7076387923001,553.6318192815521,544.3703918307585,549.4631958007812,69588200
2025-03-13 00:00:00-04:00,549.0896792735167,549.6992388466521,540.4279685563406,542.138671875,74079400
2025-03-14 00:00:00-04:00,546.7497351697265,554.3398260143258,542.2075022062043,553.3369750976562,62660300
2025-03-17 00:00:00-04:00,553.3172227764923,560.1207900872192,552.8846263579363,557.6038818359375,49008700
2025-03-18 00:00:00-04:00,555.2934322950165,555.5097605205915,549.6500559715837,551.5770874023438,66041400
2025-03-19 00:00:00-04:00,553.3566169353411,561.3399385264869,552.1768030039566,557.584228515625,66556000
2025-03-20 00:00:00-04:00,553.8481847501696,560.9663132490421,553.1304311253591,555.9718017578125,62958200
2025-03-21 00:00:00-04:00,551.5205297947124,557.0526817242638,550.2878724028328,556.1552734375,83763000
2025-03-24 00:00:00-04:00,562.880651498493,567.1703352751009,562.2890000340255,566.1151733398438,58766800
2025-03-25 00:00:00-04:00,567.3181993393742,568.4127846067184,565.73055113845,567.4760131835938,38355700
2025-03-26 00:00:00-04:00,567.2097618801449,568.3339598573967,559.3207546377017,560.7013549804688,51848300
2025-03-27 00:00:00-04:00,559.3108687859911,562.9792883535321,557.101956447335,559.2122802734375,42164200
2025-03-28 00:00:00-04:00,557.6838635858104,558.413587192946,547.3689639965595,547.9507446289062,71662700
2025-03-31 00:00:00-04:00,542.201606334121,552.93066066187,539.2826520783074,551.6289672851562,95328200
2025-04-01 00:00:00-04:00,549.715889513425,555.1297110203275,545.9981756472096,553.18701171875,54609600
2025-04-02 00:00:00-04:00,547.3491017135567,559.547472787333,547.1124411566806,556.687744140625,76014500
2025-04-03 00:00:00-04:00,537.5471385326381,540.3674444952709,529.2538452148438,529.2538452148438,125986000
2025-04-04 00:00:00-04:00,516.4045547647906,518.574043873056,498.0527654446422,498.26971435546875,217965100
2025-04-07 00:00:00-04:00,482.40291724281104,515.9114550791749,475.115432610906,497.3821716308594,256611400
2025-04-08 00:00:00-04:00,514.6196468974629,517.6963548854247,482.3733480760591,489.591796875,165816600
2025-04-09 00:00:00-04:00,486.5940541464612,541.0084838867188,486.20945053098467,541.0084838867188,241867300
2025-04-10 00:00:00-04:00,524.7866027854379,526.0981670837639,502.25365007002944,517.3019409179688,162331200
2025-04-11 00:00:00-04:00,515.7536950429114,528.9874872153164,512.8544826104954,526.5320434570312,97866300
2025-04-14 00:00:00-04:00,536.5017296923237,536.7285795544979,526.4531053782949,531.64013671875,68034000
2025-04-15 00:00:00-04:00,532.1824786951643,535.6930840370895,529.3621734315309,530.1510620117188,56892900
2025-04-16 00:00:00-04:00,524.3035026067561,530.4273671801482,513.0715122042892,518.3670043945312,83484800
2025-04-17 00:00:00-04:00,520.3194821276195,523.800475242003,516.6411916080497,519.1065063476562,79868100
2025-04-21 00:00:00-04:00,513.9293312369678,514.4618777265953,501.4055507612705,506.7503662109375,69368100
2025-04-22 00:00:00-04:00,512.9235950678715,521.956482797522,511.9867633247528,519.9349365234375,75948100
2025-04-23 00:00:00-04:00,532.9319549297188,537.8625838932508,526.4728430251603,527.991455078125,90590700
2025-04-24 00:00:00-04:00,529.2734571828396,539.8348871004667,528.0211182344198,539.1051635742188,64150400
2025-04-25 00:00:00-04:00,539.0656730072541,543.4045902561826,536.1467190777879,543.0003051757812,61119600
2025-04-28 00:00:00-04:00,543.7399439376,545.8699492792146,537.4583271221219,543.2073974609375,47613800
2025-04-29 00:00:00-04:00,541.294298062473,547.7435994540236,540.9393072120234,546.6292724609375,47775100
2025-04-30 00:00:00-04:00,539.9729835885655,548.7988227140515,534.0069337400583,546.8462524414062,93101500
2025-05-01 00:00:00-04:00,552.595342895286,556.2440206119321,550.1201573586014,550.7216796875,63186100
2025-05-02 00:00:00-04:00,556.894803218062,560.4941864598073,554.5774316657111,558.8966674804688,60717300
2025-05-05 00:00:00-04:00,554.7648727126054,558.788283367358,553.9069479669498,555.6918334960938,38659200
2025-05-06 00:00:00-04:00,550.1891335164119,555.5339182387945,549.232620427504,551.0470581054688,48264700
2025-05-07 00:00:00-04:00,552.3784371058738,555.9975022415719,548.3254139860352,553.3645629882812,55588000
2025-05-08 00:00:00-04:00,557.3977713110521,562.3974366423718,553.9069074354913,557.2202758789062,65130800
2025-05-09 00:00:00-04:00,558.6205786168767,559.6264462916283,554.9522191721212,556.5103149414062,37603400
2025-05-12 00:00:00-04:00,573.4026196086874,574.9114211824733,569.0340889310521,574.9015502929688,78993600
2025-05-13 00:00:00-04:00,575.3156554869938,580.9070323903663,574.7536167184122,578.6981201171875,67947200
2025-05-14 00:00:00-04:00,579.6546018902411,580.8083522191259,577.4160770724685,579.4376831054688,66283500
2025-05-15 00:00:00-04:00,577.4358426248243,582.770756919371,576.9822030720642,582.2678833007812,71268100
2025-05-16 00:00:00-04:00,583.0469710816421,586.2518804364249,581.104331840075,585.9560546875,76052100
2025-05-19 00:00:00-04:00,579.9405744991373,587.2773530559552,579.9405744991373,586.596923828125,68168500
2025-05-20 00:00:00-04:00,584.8614155899625,585.8080578995526,581.419785763877,584.6246948242188,60614500
2025-05-21 00:00:00-04:00,580.2759146876367,584.3584902721909,573.7477661832594,574.7733154296875,95197700
2025-05-22 00:00:00-04:00,574.5760959985981,578.4811762683786,573.3434386116112,575.0001831054688,70860400
2025-05-23 00:00:00-04:00,567.988738706783,573.7378691727489,567.6140060747297,571.0753173828125,76029000
2025-05-27 00:00:00-04:00,577.938827709351,583.1061179228353,570.4048112020747,582.9483642578125,72588500
2025-05-28 00:00:00-04:00,583.3525621719901,584.5457960298348,578.8459601489828,579.57568359375,68445500
2025-05-29 00:00:00-04:00,584.8318350718904,584.9699071457442,577.9388245287198,581.8635864257812,69973300
2025-05-30 00:00:00-04:00,580.7591289651484,582.9286180198035,575.1480700909575,581.2127685546875,90601200
2025-06-02 00:00:00-04:00,579.6053591727813,584.5655410710423,576.9428072484826,584.4866943359375,61630500
2025-06-03 00:00:00-04:00,584.121791379625,588.7960181097066,583.6385391723649,587.8197631835938,63606200
2025-06-04 00:00:00-04:00,588.6777258495218,589.6539808386906,587.2280895107962,587.6619873046875,57314200
2025-06-05 00:00:00-04:00,589.3384339818148,590.6894216670538,582.8497086239531,584.8219604492188,92278700
2025-06-06 00:00:00-04:00,590.3540722792903,592.4940086999786,588.5790577947733,590.8274536132812,66588700
2025-06-09 00:00:00-04:00,591.3994087206146,592.9082102708385,590.1864930975049,591.3599853515625,53016400
2025-06-10 00:00:00-04:00,591.8924637491524,595.0973729509094,590.7781968461302,594.7128295898438,66247000
2025-06-11 00:00:00-04:00,595.807477097167,596.6654019118176,590.9557539749433,593.0167236328125,73658200
2025-06-12 00:00:00-04:00,591.6853731206485,595.3734741210938,591.2021810906274,595.3734741210938,64129000
2025-06-13 00:00:00-04:00,590.1963519379123,593.499849631983,587.218232455665,588.7171630859375,89506000
2025-06-16 00:00:00-04:00,592.0700235861916,596.0638215052488,591.8924679557008,594.318359375,79984100
2025-06-17 00:00:00-04:00,591.8826171802143,593.4012293190596,588.4804709653109,589.2398071289062,82209400
2025-06-18 00:00:00-04:00,590.1371267775953,592.8785252065284,588.1944276516227,589.1510009765625,76605000
2025-06-20 00:00:00-04:00,591.8224395288368,592.8906208578056,586.3629131433069,587.7673950195312,94051400
2025-06-23 00:00:00-04:00,588.5190130228361,593.9587392448562,585.4035696790836,593.5730590820312,87426000
2025-06-24 00:00:00-04:00,597.7072083922786,601.1885919192599,596.7972471416377,600.13037109375,67735300
2025-06-25 00:00:00-04:00,601.247995602986,601.940336500435,598.903972841808,600.4666748046875,62114800
2025-06-26 00:00:00-04:00,602.3161684365299,605.5997923429508,601.7029677445283,605.1646118164062,78548400
2025-06-27 00:00:00-04:00,606.1635425121184,609.6350865938839,604.1360202356653,608.1712646484375,86258400
2025-06-30 00:00:00-04:00,610.6142201701539,612.4340220516922,608.2998373553096,611.0790405273438,92502500
2025-07-01 00:00:00-04:00,609.6053849111585,612.0483479268365,608.7746241554748,610.8812866210938,70030100
2025-07-02 00:00:00-04:00,610.4757300098587,613.6901136433279,609.8526292762224,613.6505737304688,66510400
2025-07-03 00:00:00-04:00,615.628656191773,619.4167005776212,615.6088560521965,618.4869995117188,51065800
2025-07-07 00:00:00-04:00,616.5286747873084,617.1913758193931,611.0988485499288,613.8780517578125,74814500
2025-07-08 00:00:00-04:00,614.5406899285775,615.2923708557059,612.7307881009865,613.5418090820312,59024600
2025-07-09 00:00:00-04:00,615.945166968477,617.8737488887257,614.1055045789822,617.2210083007812,66113300
2025-07-10 00:00:00-04:00,617.3594891460615,620.0002120765442,616.1825277796053,618.9617309570312,57529000
2025-07-11 00:00:00-04:00,615.9154666088177,618.0122289852302,614.7187654701638,616.7858276367188,63670200
2025-07-14 00:00:00-04:00,616.3308265898004,618.3089087938923,614.9857451789246,617.9627685546875,51898500
2025-07-15 00:00:00-04:00,620.6430672331502,620.9793073894895,615.2428812967698,615.322021484375,74317300
2025-07-16 00:00:00-04:00,616.9044910111767,617.8836320494379,611.276844692317,617.3792114257812,88987500
2025-07-17 00:00:00-04:00,617.557284919235,621.5134493059918,617.3396644874989,621.1573486328125,68885700
2025-07-18 00:00:00-04:00,622.4036365954075,622.5717567026577,619.5947932954602,620.7025146484375,65621600
2025-07-21 00:00:00-04:00,621.8794555664062,624.6190586454088,621.4541750937276,621.8794555664062,63375000
2025-07-22 00:00:00-04:00,622.2057439990875,622.8288447335428,619.3276609031153,621.9683837890625,60046300
2025-07-23 00:00:00-04:00,624.6288825447934,627.259765625,622.8288205336723,627.259765625,70511000
2025-07-24 00:00:00-04:00,627.6454273719465,629.1784892953694,627.0421268182102,627.4674072265625,71307100
2025-07-25 00:00:00-04:00,628.1301809903662,630.5928838363332,627.8829206987424,630.1181030273438,56865400
2025-07-28 00:00:00-04:00,630.4939604147171,631.0478210681617,628.5752180855901,629.9598999023438,54917100
2025-07-29 00:00:00-04:00,631.3543820995848,631.6708825055948,627.3883778702398,628.2982788085938,60556300
2025-07-30 00:00:00-04:00,628.9509803708415,630.6917023127537,624.6189756546709,627.5070190429688,80418900
2025-07-31 00:00:00-04:00,632.4523273568442,632.8380075585872,623.857556644127,625.1531982421875,103385200
2025-08-01 00:00:00-04:00,619.4364414435403,619.476041722763,612.5032535330552,614.9066162109375,140103600
2025-08-04 00:00:00-04:00,618.813325728958,624.3024917393647,618.7243458354196,624.2530517578125,73218000
2025-08-05 00:00:00-04:00,624.8662177521945,625.6772386500149,620.168272806011,621.0880737304688,68051400
2025-08-06 00:00:00-04:00,622.1562946160922,626.4981995520814,621.2463937026511,625.845458984375,64357500
2025-08-07 00:00:00-04:00,629.2674923107387,629.9993730574174,622.2156245224251,625.3212280273438,74205800
2025-08-08 00:00:00-04:00,627.1114619051468,630.6621463802445,626.794961476664,630.197265625,64051600
2025-08-11 00:00:00-04:00,630.474150672182,631.9478122276477,627.7047873460086,628.9509887695312,58742300
2025-08-12 00:00:00-04:00,631.2950454377703,635.8050706066525,629.8114837326607,635.6468505859375,64730800
2025-08-13 00:00:00-04:00,637.8425547169825,639.1085564704525,635.6370120856271,637.8228149414062,60092800
2025-08-14 00:00:00-04:00,635.7457174616427,638.5447207235369,635.300697252298,637.882080078125,59327500
2025-08-15 00:00:00-04:00,638.9107148606824,639.0096552004113,635.4787708739423,636.388671875,68592500
2025-08-18 00:00:00-04:00,635.8150025688236,636.9425240091701,635.1424618060598,636.2501831054688,43804900
2025-08-19 00:00:00-04:00,636.0721245937336,637.0512656505922,631.4829592777961,632.7984008789062,69750700
2025-08-20 00:00:00-04:00,632.3929060531275,632.6500060324975,626.013578858981,631.1170043945312,88890300
2025-08-21 00:00:00-04:00,629.3071240874224,630.9785456585483,626.864161086776,628.5850830078125,54805800
2025-08-22 00:00:00-04:00,630.7709103705197,639.4151205943501,630.2664897119097,638.2381591796875,84083200
2025-08-25 00:00:00-04:00,636.9820009718095,638.2183023325629,635.3105191174199,635.42919921875,51274300
2025-08-26 00:00:00-04:00,635.1622594491828,638.4359833484747,634.5391586749303,638.0897827148438,51581600
2025-08-27 00:00:00-04:00,637.5062787617181,640.2755819843173,637.3578984386413,639.543701171875,48341100
2025-08-28 00:00:00-04:00,640.146950913372,642.3623933153343,638.267809046051,641.8085327148438,61519500
2025-08-29 00:00:00-04:00,640.374480883152,640.7404816664739,636.0919759234915,637.9810180664062,74522200
2025-09-02 00:00:00-04:00,630.5136938017484,633.4709169972102,627.9619508913343,633.2533569335938,81983500
2025-09-03 00:00:00-04:00,635.6270824559713,637.1502445176759,633.4413400681225,636.6853637695312,70820900
2025-09-04 00:00:00-04:00,637.3578424589464,642.0360478647699,636.4578416280056,642.00634765625,65219200
2025-09-05 00:00:00-04:00,644.3404973975818,645.0625384730564,636.2798483910566,640.14697265625,85178900
2025-09-08 00:00:00-04:00,641.5117620821245,642.7184234803435,640.1369806181674,641.719482421875,63133100
2025-09-09 00:00:00-04:00,641.8579222981767,643.7272243154101,640.1271005117621,643.2030639648438,66133900
2025-09-10 00:00:00-04:00,646.4570213518696,647.3768223058731,643.4997982019892,645.0625,78034500
2025-09-11 00:00:00-04:00,647.0109525903231,651.1154976382888,646.4274520986086,650.4231567382812,69934400
2025-09-12 00:00:00-04:00,650.3934866540098,651.8869485652141,649.701206088218,650.20556640625,72780100
2025-09-15 00:00:00-04:00,652.4110731340584,653.7956944276398,652.114372883025,653.6671142578125,63772400
2025-09-16 00:00:00-04:00,654.2209512044083,654.5276118800496,651.9857691498868,652.76708984375,61169000
2025-09-17 00:00:00-04:00,652.7770978636573,654.4683196962441,647.1296508296768,651.9561767578125,101952200
2025-09-18 00:00:00-04:00,654.6365009878455,657.6036246179045,653.0342590569163,655.00244140625,90459200
2025-09-19 00:00:00-04:00,656.8877828567474,659.0895125014193,654.9438659954435,658.2465209960938,97945600
2025-09-22 00:00:00-04:00,656.7588293222589,661.8069717744121,656.7290467709187,661.3607177734375,69452200
2025-09-23 00:00:00-04:00,661.2416672722171,661.856628548307,656.5406245808955,657.7605590820312,81708900
2025-09-24 00:00:00-04:00,659.0497999269948,659.1489540239103,654.2495430702726,655.6677856445312,68082200
2025-09-25 00:00:00-04:00,652.5338627083877,653.9917550046746,649.0328388399253,652.6429443359375,89622100
2025-09-26 00:00:00-04:00,654.0909412604747,656.9274266555326,652.4743298182361,656.3819580078125,69179200
2025-09-29 00:00:00-04:00,658.9010899003678,659.8135740530697,656.4216318338509,658.2266845703125,73499000
2025-09-30 00:00:00-04:00,657.4828203674869,661.1722852976668,656.173659297658,660.7061157226562,86288000
2025-10-01 00:00:00-04:00,657.7208144097488,663.8698820443607,657.6117327913598,662.9574584960938,72545400
2025-10-02 00:00:00-04:00,664.9410037342527,665.0600128657511,661.3011766397112,663.7210693359375,56896000
2025-10-03 00:00:00-04:00,664.4848020775174,667.1527012490268,662.6698219114437,663.7112426757812,70494400
2025-10-06 00:00:00-04:00,666.1014192164715,666.9841207809839,663.9591941673339,666.0914916992188,54623300
2025-10-07 00:00:00-04:00,667.0138297258598,667.4601442579947,662.1838505424819,663.6219482421875,72020100
2025-10-08 00:00:00-04:00,664.7426772273783,667.6783772359653,663.919480237528,667.5791625976562,60702200
2025-10-09 00:00:00-04:00,667.9957845708525,668.4023890582872,663.7112737749407,665.6452026367188,66501900
2025-10-10 00:00:00-04:00,666.6071968358344,668.4122493878771,647.4757221413303,647.6542358398438,159422600
2025-10-13 00:00:00-04:00,655.2216030747315,659.664772492732,654.3488290056752,657.5919189453125,79560500
2025-10-14 00:00:00-04:00,651.7701536094826,660.3590300864076,647.8030207789583,656.78857421875,88779600
2025-10-15 00:00:00-04:00,661.3408732132422,664.7228272522149,653.5156893256119,659.7044067382812,81702600
2025-10-16 00:00:00-04:00,661.3409444600238,663.2154294168515,651.710706867285,655.2117309570312,110563300
2025-10-17 00:00:00-04:00,654.0810128478913,660.2895852935891,652.7322022395391,658.9308471679688,96500900
2025-10-20 00:00:00-04:00,661.8367798071084,666.6866142382812,661.7872027532737,665.7840576171875,60493400
2025-10-21 00:00:00-04:00,665.9229005771253,667.4601523988813,664.4748753427003,665.7741088867188,56249000
2025-10-22 00:00:00-04:00,666.4783066993808,666.4783066993808,657.8497808005621,662.3128051757812,80564000
2025-10-23 00:00:00-04:00,662.6301900162397,667.1825015615415,662.3128121266341,666.2402954101562,65604500
2025-10-24 00:00:00-04:00,670.9016937183009,672.8951271271609,670.0983517375236,671.6851806640625,74356500
2025-10-27 00:00:00-04:00,677.1201116013259,679.9070199177999,676.5151383891614,679.6094970703125,63339800
2025-10-28 00:00:00-04:00,681.4045622297778,683.2492642554724,679.2028328185232,681.4144897460938,61738100
2025-10-29 00:00:00-04:00,683.0609104229828,684.0328991417463,677.2590027977353,681.7418823242188,85657100
2025-10-30 00:00:00-04:00,678.2805836148408,680.3037996369978,674.2440185546875,674.2440185546875,76335800
2025-10-31 00:00:00-04:00,679.4111219213156,679.4508319897004,673.6587916341136,676.4556274414062,87164100
2025-11-03 00:00:00-05:00,680.0359699637585,680.1649066224819,674.3530715971103,677.7251586914062,57315000
2025-11-04 00:00:00-05:00,670.5545580097922,674.3729598389511,669.0371611161902,669.6917114257812,78427000
2025-11-05 00:00:00-05:00,669.4337786331213,675.2654684624238,668.6304366940664,672.012451171875,74402400
2025-11-06 00:00:00-05:00,670.9115428502156,671.8140994484131,663.2252231578799,664.8021850585938,85035300
2025-11-07 00:00:00-05:00,662.4218719882706,665.5658682287408,655.7769731606511,665.4567260742188,100592400
2025-11-10 00:00:00-05:00,671.6752576501947,676.57466917413,669.4834554774103,675.8407592773438,75842900
2025-11-11 00:00:00-05:00,674.3629519753922,677.9532020666294,673.1529450781785,677.3878784179688,58953400
2025-11-12 00:00:00-05:00,679.1631581075335,679.3318048264125,675.3547447293747,677.7647705078125,62312500
2025-11-13 00:00:00-05:00,674.9085136071693,675.265541055433,665.0105359672095,666.5180053710938,103457800
2025-11-14 00:00:00-05:00,659.9127066954921,670.1082064558575,657.8200586834998,666.4088745117188,96846700
2025-11-17 00:00:00-05:00,664.1971714004484,668.1742314199619,656.7290154076413,660.2002563476562,90456100
2025-11-18 00:00:00-05:00,656.6595496130724,659.6547538697382,650.4708329116884,654.6561889648438,114467500
2025-11-19 00:00:00-05:00,655.3505280387882,661.856623370592,653.3371790986623,657.185302734375,94703000
2025-11-20 00:00:00-05:00,667.3808213360044,670.0090710879778,646.5335791707308,647.1683349609375,165293500
2025-11-21 00:00:00-05:00,649.6675301260088,659.0894699034471,645.5020288545189,653.6148681640625,123956200
2025-11-24 00:00:00-05:00,657.2448196444445,664.5542570793402,656.1538823239337,663.2351684570312,80437900
2025-11-25 00:00:00-05:00,663.135941149376,670.6536740212097,659.020017057554,669.4734497070312,81077100
2025-11-26 00:00:00-05:00,672.0620713400136,676.0986363282427,671.1595147067713,674.09521484375,71879600
2025-11-28 00:00:00-05:00,675.2654787466182,678.0523870500939,674.9084513312986,677.7747192382812,49212000
2025-12-01 00:00:00-05:00,673.232272756968,677.3779187836101,673.1628406770591,674.6802978515625,61201200
2025-12-02 00:00:00-05:00,676.316803165018,678.2012155152329,673.7481184984898,675.9300537109375,62953800
2025-12-03 00:00:00-05:00,674.9779023816353,679.2822075879724,674.105128319461,678.2706298828125,57238500
2025-12-04 00:00:00-05:00,679.6690366334618,679.7384687237238,675.7416137771377,678.7665405273438,61970300
2025-12-05 00:00:00-05:00,679.8375623637357,682.7336127271673,678.9549213715281,680.0557861328125,79241000
2025-12-08 00:00:00-05:00,680.9484564225444,680.9980334759979,675.9696853695019,678.0127563476562,55231500
2025-12-09 00:00:00-05:00,677.5367544682442,679.7583392727543,676.9813582671167,677.4276123046875,58310100
2025-12-10 00:00:00-05:00,676.9515664343469,683.3088703732143,675.711837383319,681.92041015625,85671300
2025-12-11 00:00:00-05:00,679.5104080599091,683.5866227950731,676.5647802535024,683.5072631835938,86173700
2025-12-12 00:00:00-05:00,682.5154459360199,683.2196338188487,673.5893968987631,676.1581420898438,113160300
2025-12-15 00:00:00-05:00,680.1053789946951,680.1252340287925,673.6687159286942,675.1365356445312,90811000
2025-12-16 00:00:00-05:00,673.6488975485244,675.4837328267965,669.4338188610296,673.2918701171875,122030600
2025-12-17 00:00:00-05:00,674.3034691132465,674.8489377460819,665.6848710067972,665.8832397460938,110625200
2025-12-18 00:00:00-05:00,672.0322187932205,675.1464323222394,669.3544527925658,670.9114990234375,108650100
2025-12-19 00:00:00-05:00,673.0134542661981,677.4896664833268,672.8940327515619,676.9923095703125,103599500
2025-12-22 00:00:00-05:00,680.3245290528953,681.7370055876305,676.9922622536055,681.2098388671875,69556700
2025-12-23 00:00:00-05:00,680.3046207584179,684.562024812114,680.2548972126992,684.3233032226562,64840000
2025-12-24 00:00:00-05:00,684.313382495532,687.1781631452748,684.164151137988,686.7305297851562,39445600
2025-12-26 00:00:00-05:00,686.989161229118,688.0037280321676,685.6264081645946,686.660888671875,41613300
2025-12-29 00:00:00-05:00,683.9055083361335,685.5567672531378,682.4433081832867,684.2138671875,62559500
2025-12-30 00:00:00-05:00,683.8159723723246,684.9200900521846,682.9505762759469,683.3782958984375,47160700
2025-12-31 00:00:00-05:00,683.5076844111845,683.726492314561,678.1063955310838,678.3152465820312,74144800
2026-01-02 00:00:00-05:00,682.0852055985325,683.2390468658663,676.2263268834449,679.55859375,89377200
2026-01-05 00:00:00-05:00,682.910839643419,685.7855773037328,682.7517121374489,684.0845947265625,71927200
2026-01-06 00:00:00-05:00,684.2934596862484,688.6602678554459,684.1442890432024,688.1529541015625,69273800
2026-01-07 00:00:00-05:00,688.5309418430683,690.2916046822218,685.6761181181482,685.9347534179688,75588300
2026-01-08 00:00:00-05:00,685.1787573638412,686.9692300361542,683.8557710289468,685.8651123046875,64019200
2026-01-09 00:00:00-05:00,686.9791831428475,691.6344363504869,685.5368360184962,690.4010009765625,80125500
2026-01-12 00:00:00-05:00,687.0289310253164,692.410366767912,686.979207477028,691.4852294921875,63976000
2026-01-13 00:00:00-05:00,691.813478661017,692.4103433578374,687.6953490317495,690.1026000976562,78309700
2026-01-14 00:00:00-05:00,687.347202661372,688.0633674208381,682.4134005947378,686.7105712890625,94676700
2026-01-15 00:00:00-05:00,690.8983886882239,691.7737417111902,687.5959315038539,688.5806884765625,77862000
2026-01-16 00:00:00-05:00,689.9931507530615,690.5800586110835,686.4519720383781,688.0037231445312,79289200
2026-01-20 00:00:00-05:00,677.8874730475171,681.1501633341576,672.9934983300664,673.9981689453125,111623300
2026-01-21 00:00:00-05:00,676.0572511802958,685.0991655259935,674.5452667925615,681.77685546875,127844500
2026-01-22 00:00:00-05:00,686.2033478813381,687.476610793547,683.2888434897402,685.3379516601562,77112200
2026-01-23 00:00:00-05:00,684.5123006998919,687.3074439470811,683.5274830754288,685.5865478515625,63059600
2026-01-26 00:00:00-05:00,686.8399658941375,690.4607389282814,686.2729717064406,689.068115234375,60473800
2026-01-27 00:00:00-05:00,690.5104039402848,692.8480177488461,689.9036431059924,691.8134765625,55506100
2026-01-28 00:00:00-05:00,693.3652237572153,694.1510864943795,690.271678492269,691.7438354492188,61172200
2026-01-29 00:00:00-05:00,692.7087686795362,693.375209936545,681.2098793986574,690.3711547851562,97486200
2026-01-30 00:00:00-05:00,688.1330925763239,690.540343876794,683.4877957603626,688.3121337890625,101835100
2026-02-02 00:00:00-05:00,685.9347490634862,693.2458711004026,685.7755608588325,691.73388671875,79286500
2026-02-03 00:00:00-05:00,692.529690413304,693.2757257351432,680.4140840721383,685.885009765625,107904600
2026-02-04 00:00:00-05:00,686.7006659106327,687.7948875474046,678.1561081391175,682.5626831054688,105204600
2026-02-05 00:00:00-05:00,677.3404209861714,680.0758839506523,672.2176206040476,674.0379638671875,113610800
2026-02-06 00:00:00-05:00,677.8576866055596,688.6503070282812,677.2508650473027,686.96923828125,89127600
2026-02-09 00:00:00-05:00,685.7755337993461,692.1914496038428,684.7012866666231,690.2816162109375,73885200
2026-02-10 00:00:00-05:00,691.276360737094,692.8579216647231,688.0037135108784,688.4613037109375,65185700
2026-02-11 00:00:00-05:00,692.7087599208829,693.4547952732178,685.5368515439336,688.3021850585938,76353900
2026-02-12 00:00:00-05:00,690.5701102294341,691.6742279947084,676.7734344520502,677.668701171875,118829000
2026-02-13 00:00:00-05:00,678.0864377658819,682.6522007204912,673.9384983110481,678.1461181640625,96267500
2026-02-17 00:00:00-05:00,676.5446598627462,681.31927396984,672.2077222570326,679.2402954101562,81354700
2026-02-18 00:00:00-05:00,680.4041503420104,685.507036973797,679.2204384959671,682.662109375,73570300
2026-02-19 00:00:00-05:00,680.2251236342836,682.5527199680946,677.9471901363287,680.8616943359375,58649400
2026-02-20 00:00:00-05:00,678.7131823752115,686.4122580979458,678.126274472082,685.7855834960938,100034000
2026-02-23 00:00:00-05:00,684.1940214696967,686.3525334522094,676.7734345413753,678.7827758789062,90558100
2026-02-24 00:00:00-05:00,678.295350173768,684.7112054782021,676.4053697086953,683.7164916992188,73798700
2026-02-25 00:00:00-05:00,686.53156929616,690.0130676270821,686.4519751919497,689.4859008789062,56369500
2026-02-26 00:00:00-05:00,689.615191050754,689.6350440416309,680.7323436648176,685.6561889648438,71671000
2026-02-27 00:00:00-05:00,679.4790749097389,683.2291046432514,678.0367277603054,682.3637084960938,83308900
2026-03-02 00:00:00-05:00,675.1122534180175,684.9797970984218,674.4358553343317,682.7516479492188,87477200
2026-03-03 00:00:00-05:00,671.4915420947397,679.0016196644848,666.1200629162043,676.7337036132812,105003100
2026-03-04 00:00:00-05:00,678.026802327329,683.4579617719511,676.027417786932,681.50830078125,79182200
2026-03-05 00:00:00-05:00,678.4743840881955,681.9061587313661,672.0385544367263,677.7084350585938,106606500
2026-03-06 00:00:00-05:00,669.8501461298736,672.5358853430707,666.2194774432897,668.8256225585938,100687000
2026-03-09 00:00:00-04:00,662.8673051642795,676.3257505242918,658.888450195908,674.6845092773438,102667700
2026-03-10 00:00:00-04:00,674.1374043547928,679.7476047325034,671.1930903760745,673.6002807617188,81505300
2026-03-11 00:00:00-04:00,673.9982140650914,676.4849986405864,669.7806371390539,672.7548217773438,68441700
2026-03-12 00:00:00-04:00,667.6120785283837,668.0995392824933,662.3500644519811,662.5390625,108882200
2026-03-13 00:00:00-04:00,665.7321452917186,668.7859240392634,657.863924887251,658.7890014648438,97200200
2026-03-16 00:00:00-04:00,664.8468199428278,668.5173163233716,663.5934708305671,665.493408203125,82023100
2026-03-17 00:00:00-04:00,668.8355969918504,670.8747480492216,666.1598145596139,667.2440185546875,87128000
2026-03-18 00:00:00-04:00,664.8268919718373,666.1796881508768,657.6948111200146,657.9335327148438,82062600
2026-03-19 00:00:00-04:00,653.497076818377,659.4753162945015,651.7066041735543,656.3121337890625,111272500
2026-03-20 00:00:00-04:00,654.8230422006715,655.0025723674255,643.063298812559,646.9034423828125,163617500
2026-03-23 00:00:00-04:00,656.3790129905765,660.9173090129275,652.2596206790361,653.6959228515625,134802700
2026-03-24 00:00:00-04:00,649.6463809650626,655.3417305137531,648.2100787416998,651.5015869140625,96457500
2026-03-25 00:00:00-04:00,656.9774239230809,659.1917509309695,652.5588148295345,655.1322021484375,90653800
2026-03-26 00:00:00-04:00,650.3844333840033,653.1672421520028,643.1630473705688,643.432373046875,96494400
2026-03-27 00:00:00-04:00,640.8489947137006,641.0085567819559,631.4831091918358,632.4606323242188,103649400
2026-03-30 00:00:00-04:00,638.4651675144013,638.7245091624994,627.6630399662237,630.3460693359375,99275900
2026-03-31 00:00:00-04:00,637.2981538716512,649.865752001465,636.3405988140365,648.6688842773438,152534100
2026-04-01 00:00:00-04:00,652.219751792706,656.8278752918841,651.3220400966815,653.5562744140625,97841500
2026-04-02 00:00:00-04:00,644.7589215344626,656.5086804928782,643.4522901873171,654.144775390625,68358700
2026-04-06 00:00:00-04:00,654.1746977251443,658.0247645183308,653.8356054757206,657.23681640625,39105800
2026-04-07 00:00:00-04:00,654.9626585699763,657.9150134208243,649.386996170508,657.5260009765625,69980400
2026-04-08 00:00:00-04:00,674.6519776493207,675.3402070755335,669.734652974974,674.27294921875,93606100
2026-04-09 00:00:00-04:00,673.1059235004034,679.4096297331154,672.0386657215836,678.162841796875,57134400
2026-04-10 00:00:00-04:00,679.5692561407437,680.2774536083281,676.7066358948267,677.7140502929688,42253500
2026-04-13 00:00:00-04:00,675.669302461078,684.536473353906,674.8414790590384,684.3369750976562,54185800
2026-04-14 00:00:00-04:00,685.9229138241225,692.7952238870419,685.8929616905456,692.675537109375,63480500
2026-04-15 00:00:00-04:00,693.4734516118131,698.480571570673,692.4161778504387,698.1414184570312,58240400
2026-04-16 00:00:00-04:00,699.2585607342904,700.9741726960574,696.7350934539525,699.8569946289062,49972400
2026-04-17 00:00:00-04:00,704.3255249385737,710.5594650064761,703.9464965121796,708.3152465820312,70661900
2026-04-20 00:00:00-04:00,706.9587079747221,708.0857482546458,704.3254772575062,706.8988037109375,43546800
2026-04-21 00:00:00-04:00,708.4548936431559,709.4523240430285,700.8345107773317,702.2708129882812,58941400
2026-04-22 00:00:00-04:00,707.3278031045794,709.6218808832724,706.4001392457644,709.3825073242188,42518500
2026-04-23 00:00:00-04:00,707.6768673789517,710.5295037064266,700.4754491270062,706.6295776367188,56174000
2026-04-24 00:00:00-04:00,708.9236633096505,712.6340752101273,707.1881441382454,712.10546875,45182000
2026-04-27 00:00:00-04:00,711.3374146094498,713.7911152864904,710.4696550399041,713.332275390625,33135900
2026-04-28 00:00:00-04:00,709.9908768700561,711.0481506026886,707.4274735730012,709.8612060546875,43117400
2026-04-29 00:00:00-04:00,709.1729992133655,710.3699278433978,706.5497524472755,709.7515258789062,41859200
2026-04-30 00:00:00-04:00,712.7936806635566,717.9403946619685,708.6244289610544,716.8132934570312,67240900
2026-05-01 00:00:00-04:00,719.3966516418469,723.0073446973263,718.6186267345964,718.7982177734375,43049800
2026-05-04 00:00:00-04:00,718.2196821209096,720.2644021704073,713.152718877996,716.1649780273438,51950600
2026-05-05 00:00:00-04:00,719.9153564929043,723.1769124909786,719.6360467603954,721.9102172851562,36933200
2026-05-06 00:00:00-04:00,726.288861980811,732.7023927493656,725.9497697512824,731.9443359375,53288900
2026-05-07 00:00:00-04:00,733.161188473549,734.238430329629,727.8748196364371,729.7001342773438,51724600
2026-05-08 00:00:00-04:00,733.0415191543954,736.1834492768152,732.6824588199246,735.724609375,47227100
2026-05-11 00:00:00-04:00,734.5576163199453,738.8864300819614,734.5576163199453,737.4002685546875,44024000
2026-05-12 00:00:00-04:00,734.9964788307154,736.9414802248905,729.9494836014034,736.2831420898438,54185300
2026-05-13 00:00:00-04:00,736.5723674930287,741.9983910774667,733.5800764180441,740.4025268554688,44200200
2026-05-14 00:00:00-04:00,741.7391534739264,747.6040491923611,741.649357949993,746.2474975585938,45307600
2026-05-15 00:00:00-04:00,739.8838927249178,741.5496453663399,736.0637780312098,737.2706298828125,60410800
2026-05-18 00:00:00-04:00,737.9289136337939,739.5147938000424,731.5054597381557,736.751953125,47843900
2026-05-19 00:00:00-04:00,732.8919551385734,735.7545755811656,729.650306265128,731.8446044921875,54255900
2026-05-20 00:00:00-04:00,733.8195334397973,739.9636778498481,732.0042028263388,739.3452758789062,45768000
2026-05-21 00:00:00-04:00,736.7419902854853,742.9559620700644,735.1361419849363,740.8114624023438,43332200
2026-05-22 00:00:00-04:00,744.3224328967863,747.015507083493,742.566945697205,743.7239990234375,41762000
2026-05-26 00:00:00-04:00,748.0827892360243,750.1973368284331,746.4469887578754,748.6613159179688,41123600
2026-05-27 00:00:00-04:00,748.9505199197505,749.4492351039673,746.2973210478585,748.5316162109375,42106300
2026-05-28 00:00:00-04:00,748.3221518516883,753.2095851254732,747.3047533704411,752.6609497070312,41562600
2026-05-29 00:00:00-04:00,753.9576670103595,756.1320579864754,752.7507543048832,754.5361328125,55075700
2026-06-01 00:00:00-04:00,753.4189990020213,758.3264003155792,752.7507376917755,756.5908203125,43634900
2026-06-02 00:00:00-04:00,755.0847737682097,758.4461093852723,754.805464031348,757.6182250976562,31581900
2026-06-03 00:00:00-04:00,756.2018667594974,756.8501599793441,751.6336185743088,752.3018798828125,51402500
2026-06-04 00:00:00-04:00,750.1673635570705,756.3614281257201,749.5389775481502,755.1445922851562,49923000
2026-06-05 00:00:00-04:00,750.3768677170906,750.8855669656407,733.6400171295905,735.65478515625,93989400
2026-06-08 00:00:00-04:00,741.4498108327123,743.4247643242134,736.2931129658897,737.3204345703125,49319100
2026-06-09 00:00:00-04:00,741.7191759970133,744.9807928982774,720.7332622187009,735.1560668945312,87683500
2026-06-10 00:00:00-04:00,731.5054857614351,736.4826536495077,723.4661992814284,723.56591796875,60341300
2026-06-11 00:00:00-04:00,726.8873842592473,738.0984921563339,722.5485255148498,735.8642578125,86330500
2026-06-12 00:00:00-04:00,738.8066884479139,742.5270843334097,733.1412911200548,739.843994140625,57079500
2026-06-15 00:00:00-04:00,749.9179969688896,754.7356026867302,749.8282623277308,752.890380859375,60176400
2026-06-16 00:00:00-04:00,752.6111046530555,753.4988323298886,747.9531216783239,748.4019775390625,67093100
2026-06-17 00:00:00-04:00,749.3594421826946,750.217278570044,737.3204502885575,739.0560302734375,85945200
2026-06-18 00:00:00-04:00,747.760009765625,748.22998046875,743.8599853515625,746.739990234375,80875700
2026-06-22 00:00:00-04:00,747.7000122070312,750.1799926757812,743.1300048828125,744.3900146484375,45157614
