Date,open,high,low,close,volume
2012-01-17 00:00:00-05:00,101.06144982075975,101.2479143253929,100.14468082484169,100.48652648925781,132209200
2012-01-18 00:00:00-05:00,100.46322154127367,101.65190462243088,100.28453379735942,101.59752655029297,163395200
2012-01-19 00:00:00-05:00,101.94716428787625,102.21909028547513,101.62086020365315,102.13362884521484,126328900
2012-01-20 00:00:00-05:00,101.96266974176149,102.51427459716797,101.71405042030038,102.51427459716797,138230200
2012-01-23 00:00:00-05:00,102.17245606561443,102.74737950791362,101.7606905781653,102.25015258789062,129295800
2012-01-24 00:00:00-05:00,101.62086020365315,102.16470034402498,101.46547899995062,102.13362884521484,103083300
2012-01-25 00:00:00-05:00,101.9782247181614,103.22906283266595,101.58200091350145,102.98822021484375,198613200
2012-01-26 00:00:00-05:00,103.44658445082673,103.64081387101591,102.05590701839434,102.45990753173828,184880500
2012-01-27 00:00:00-05:00,101.96267826445523,102.59197967412479,101.89274666518538,102.41329193115234,135259100
2012-01-30 00:00:00-05:00,101.39551006858065,102.11804958940365,101.0458995251986,102.06365966796875,147311800
2012-01-31 00:00:00-05:00,102.56868901503867,102.69298685063265,101.52761017631413,102.02484893798828,157212000
2012-02-01 00:00:00-05:00,102.77843783335942,103.43882262360731,102.65414001040051,102.91828918457031,166234500
2012-02-02 00:00:00-05:00,103.12026151691373,103.34557424167168,102.71627293255608,103.08141326904297,113090400
2012-02-03 00:00:00-05:00,104.10698176396555,104.58866699052366,103.92829399521406,104.5265121459961,160598500
2012-02-06 00:00:00-05:00,104.09145926370226,104.50322481157691,103.97492631801194,104.45661163330078,107694500
2012-02-07 00:00:00-05:00,104.239063641177,104.89944853742023,103.82729814040306,104.72074890136719,135528100
2012-02-08 00:00:00-05:00,104.77512512695083,105.05481598283585,104.34781800617876,105.03150939941406,139361400
2012-02-09 00:00:00-05:00,105.20246063351559,105.34230017177784,104.54207564551656,105.16361236572266,148602900
2012-02-10 00:00:00-05:00,104.23128417118686,104.4721267676401,103.9826648104457,104.38666534423828,167907500
2012-02-13 00:00:00-05:00,105.13254086438447,105.28792208072926,104.68192703860572,105.16361236572266,115841900
2012-02-14 00:00:00-05:00,104.88389313452701,105.09366424014671,104.3012048393352,105.03150939941406,165329500
2012-02-15 00:00:00-05:00,105.37333785659025,105.5287190055891,104.33225926317223,104.54203033447266,195195100
2012-02-16 00:00:00-05:00,104.5498489543494,105.79291049882477,104.36338438800617,105.6996841430664,186567800
2012-02-17 00:00:00-05:00,106.06478574430368,106.15024714778706,105.62971381923225,105.97932434082031,129869400
2012-02-21 00:00:00-05:00,106.22794952632933,106.47656887063842,105.69965120190676,106.02595520019531,134042300
2012-02-22 00:00:00-05:00,105.86278501380336,106.08809775034314,105.49763280340147,105.68409729003906,124455300
2012-02-23 00:00:00-05:00,105.62973512115879,106.22795321136184,105.27234776502247,106.1502685546875,137704300
2012-02-24 00:00:00-05:00,106.38333129882812,106.59310238993832,106.15026548073111,106.38333129882812,105539100
2012-02-27 00:00:00-05:00,105.67637916681166,106.84952096237109,105.5054562754286,106.56206512451172,145728900
2012-02-28 00:00:00-05:00,106.59310426352503,106.99710478003246,106.38333316872769,106.87279510498047,129355900
2012-02-29 00:00:00-05:00,107.02818915828884,107.36226996836373,106.08034851783151,106.45327758789062,185934700
2012-03-01 00:00:00-05:00,106.67855594819949,107.20686609154737,106.38332346059855,107.0048599243164,145023500
2012-03-02 00:00:00-05:00,106.93491964802865,107.07477095654829,106.43769294350726,106.67853546142578,120638300
2012-03-05 00:00:00-05:00,106.51543335266703,106.59311801848176,105.87835507693323,106.2435073852539,140765000
2012-03-06 00:00:00-05:00,105.15582980305572,105.21797279530104,104.38667690723959,104.6896743774414,202129900
2012-03-07 00:00:00-05:00,104.93051328667315,105.59089814044901,104.8295101819058,105.41997528076172,143692200
2012-03-08 00:00:00-05:00,106.06480711017548,106.68634363754695,105.84727110381895,106.46879577636719,116968900
2012-03-09 00:00:00-05:00,106.67081359678345,107.16026373704877,106.53873899672298,106.88058471679688,122836800
2012-03-12 00:00:00-04:00,106.86504485501327,107.02819095292828,106.5076574539201,106.88835144042969,104003500
2012-03-13 00:00:00-04:00,107.46327228269666,108.86949155807781,107.28457265904893,108.81510162353516,184090500
2012-03-14 00:00:00-04:00,108.84620180704303,109.11811595733634,108.3645046509691,108.6985855102539,145163600
2012-03-15 00:00:00-04:00,108.86172540719325,109.37449403362805,108.58203450684931,109.327880859375,165118500
2012-03-16 00:00:00-04:00,109.52608075664129,109.61971565859578,109.24516414399989,109.47926330566406,152893500
2012-03-19 00:00:00-04:00,109.4090260689342,110.24396497610545,109.330989054009,109.90843200683594,125291100
2012-03-20 00:00:00-04:00,109.28414522508713,109.7211238269115,108.96421021061792,109.58847045898438,121729700
2012-03-21 00:00:00-04:00,109.65089459361779,109.75232839755094,109.18269644380453,109.40899658203125,122388400
2012-03-22 00:00:00-04:00,108.605285601016,108.89401303795363,108.26195368447941,108.62089538574219,135216700
2012-03-23 00:00:00-04:00,108.71451947394898,109.09686981902928,108.11366790868405,108.97201538085938,120521000
2012-03-26 00:00:00-04:00,109.75235003769862,110.50146484374999,109.71334343983445,110.50146484375,120164000
2012-03-27 00:00:00-04:00,110.60293169548217,110.67315787317933,110.08791591214658,110.15814208984375,119868500
2012-03-28 00:00:00-04:00,110.10350730490053,110.27517920400025,108.96423123876382,109.61190032958984,148562100
2012-03-29 00:00:00-04:00,108.96423416154025,109.62751305374196,108.53505440227893,109.42462158203125,164963700
2012-03-30 00:00:00-04:00,109.96305611354308,110.06450185871408,109.28417928177427,109.8772201538086,135486800
2012-04-02 00:00:00-04:00,109.74451629322908,110.96962789107438,109.52602702467117,110.68090057373047,151741100
2012-04-03 00:00:00-04:00,110.52487412696101,110.71215580611975,109.58067869968595,110.22834777832031,155806700
2012-04-04 00:00:00-04:00,109.41682662256893,109.5104615164397,108.73013898277812,109.13591003417969,146896000
2012-04-05 00:00:00-04:00,108.76133755326941,109.4011957158099,108.66769077070218,109.08126068115234,137439400
2012-04-09 00:00:00-04:00,107.7078846260811,109.12026606445393,107.5596214860489,107.85614776611328,127555900
2012-04-10 00:00:00-04:00,107.64549338166377,107.94981869986587,105.93658509222993,106.04582977294922,235360300
2012-04-11 00:00:00-04:00,107.13047071996087,107.32555134484058,106.70910180920231,106.90418243408203,154133000
2012-04-12 00:00:00-04:00,107.00566055160496,108.38682322084645,106.92762351532669,108.30098724365234,154321500
2012-04-13 00:00:00-04:00,108.05124268685456,108.32436028705281,106.9119667543509,107.01341247558594,169246700
2012-04-16 00:00:00-04:00,107.559664029822,107.71572616803613,106.57646184297283,106.9432144165039,147825300
2012-04-17 00:00:00-04:00,107.55964803339681,108.74574153962695,107.45040336221615,108.52725219726562,147877600
2012-04-18 00:00:00-04:00,108.04344072103179,108.52723678085437,107.98101350254267,108.16048431396484,123884200
2012-04-19 00:00:00-04:00,108.17612270917387,108.58188187651965,106.95882139358132,107.46602630615234,198666700
2012-04-20 00:00:00-04:00,107.94204953221637,108.3322109147921,107.58309582126329,107.64552307128906,143199600
2012-04-23 00:00:00-04:00,106.54522242642385,106.83394983045918,106.07703609898464,106.74030303955078,171844900
2012-04-24 00:00:00-04:00,106.83393295990217,107.41917470686519,106.74809702740998,107.14605712890625,137484200
2012-04-25 00:00:00-04:00,108.19172489757214,108.65992322534771,108.09808999472827,108.61310577392578,150252200
2012-04-26 00:00:00-04:00,108.37898985318859,109.49485720225509,108.31656262535206,109.37000274658203,136291600
2012-04-27 00:00:00-04:00,109.69775508485252,109.861616166863,109.08910439525712,109.54949188232422,130725000
2012-04-30 00:00:00-04:00,109.33098132451006,109.40901833391821,108.84718520515221,109.1436996459961,115092200
2012-05-01 00:00:00-04:00,109.08125504977849,110.5404659272703,108.95641252409163,109.82257080078125,138832200
2012-05-02 00:00:00-04:00,109.1826836090059,109.60406427565782,108.82374205554763,109.49481964111328,121081000
2012-05-03 00:00:00-04:00,109.51043005147865,109.59626598178978,108.45700207777669,108.65988159179688,143759700
2012-05-04 00:00:00-04:00,108.09027596724808,108.69892656433066,106.84175520530735,106.90418243408203,193927300
2012-05-07 00:00:00-04:00,106.5218393625092,107.34118051634603,106.48283275590914,106.98223876953125,127765900
2012-05-08 00:00:00-04:00,106.34234914229035,106.72471145299215,105.28111006806674,106.55303955078125,213377700
2012-05-09 00:00:00-04:00,105.42156124119204,106.59984378141856,104.94556409984426,105.92096710205078,220752500
2012-05-10 00:00:00-04:00,106.65448444410696,106.78714976057795,105.89758249627494,106.13948059082031,150600000
2012-05-11 00:00:00-04:00,105.47617528868972,106.80272096104311,105.42935785070159,105.81951904296875,153032400
2012-05-14 00:00:00-04:00,104.80514816944552,105.81957014053349,104.4930238276248,104.64908599853516,163910000
2012-05-15 00:00:00-04:00,104.57881268599925,105.19526215070545,103.88432621760997,104.04818725585938,207629300
2012-05-16 00:00:00-04:00,104.51641186576637,104.99240913221232,103.62684457023536,103.65025329589844,207265500
2012-05-17 00:00:00-04:00,103.67366714134423,103.79852162223176,102.05839355015566,102.11302185058594,247992900
2012-05-18 00:00:00-04:00,102.51093857643914,102.69042128152988,101.09075815653092,101.23902130126953,319615900
2012-05-21 00:00:00-04:00,101.56679731409739,103.01819789553936,101.40292432130522,102.97917938232422,177861100
2012-05-22 00:00:00-04:00,103.24449686388182,103.96239233528327,102.48758287524316,103.15866088867188,197531200
2012-05-23 00:00:00-04:00,102.41733972071351,103.36153529159718,101.43413754583467,103.21327209472656,204958400
2012-05-24 00:00:00-04:00,103.49416707115314,103.6580281126616,102.5499716976188,103.41613006591797,167357600
2012-05-25 00:00:00-04:00,103.37711134819918,103.66583874154833,102.83088803301538,103.08059692382812,135465600
2012-05-29 00:00:00-04:00,103.9077479064231,104.50858766403043,102.35490183080432,104.32911682128906,152883500
2012-05-30 00:00:00-04:00,103.43955276431264,104.32132103417058,102.6046138479892,102.81529235839844,162370400
2012-05-31 00:00:00-04:00,102.7762862112361,103.35371726616624,101.70723624284895,102.58900451660156,196186000
2012-06-01 00:00:00-04:00,100.98155256167819,102.6124239709664,100.00614929199219,100.00614929199219,253240900
2012-06-04 00:00:00-04:00,100.18559306796317,100.45871067233125,99.21019006204143,99.95930480957031,202545800
2012-06-05 00:00:00-04:00,99.7642017004889,100.86445301283543,99.70957937935661,100.71620178222656,164149400
2012-06-06 00:00:00-04:00,101.41853410794698,103.02599683547098,101.38731453466347,102.97917938232422,184202800
2012-06-07 00:00:00-04:00,104.14963663206194,104.19645407320377,102.83088980828161,103.04158020019531,184772700
2012-06-08 00:00:00-04:00,102.77629112780137,103.88434775048091,102.44854516981815,103.8609390258789,143915400
2012-06-11 00:00:00-04:00,104.6958609534251,104.75828817780035,102.440729565012,102.54217529296875,169756100
2012-06-12 00:00:00-04:00,102.83868323811912,103.79067751293185,102.34708822568456,103.72045135498047,181931800
2012-06-13 00:00:00-04:00,103.41615456243463,104.06382375762114,102.7060581296277,103.05721282958984,172223900
2012-06-14 00:00:00-04:00,103.2678671620033,104.56320524883132,102.98695061192946,104.1496353149414,230615500
2012-06-15 00:00:00-04:00,104.61872996103742,105.30896383023776,104.39910846149994,105.21484375,169444500
2012-06-18 00:00:00-04:00,104.77559603628553,105.67761201390644,104.54028387780552,105.41876983642578,131360900
2012-06-19 00:00:00-04:00,105.95215822505706,106.86986498726279,105.39525311202193,106.43846130371094,137382600
2012-06-20 00:00:00-04:00,106.44628188158201,106.7521840473058,105.31679327937982,106.265869140625,206451800
2012-06-21 00:00:00-04:00,106.39134560819534,106.50115630943425,103.79509748224979,103.88137817382812,205272200
2012-06-22 00:00:00-04:00,104.42260777711878,104.87754131195601,104.02257361678626,104.68144989013672,130029200
2012-06-25 00:00:00-04:00,103.57546737888794,103.61468804785041,102.63423116612763,103.00288391113281,146375700
2012-06-26 00:00:00-04:00,103.30096266289152,103.83433757471573,102.6969977088831,103.52058410644531,141634000
2012-06-27 00:00:00-04:00,103.86571279990035,104.65791791111519,103.51275060058569,104.45398712158203,108088000
2012-06-28 00:00:00-04:00,103.76375426515726,104.31281994146957,102.97154905588035,104.15593719482422,169242100
2012-06-29 00:00:00-04:00,106.04626081760205,106.88553802427451,105.7717399504318,106.752197265625,212250900
2012-07-02 00:00:00-04:00,107.05020046114558,107.1835411603932,106.29721628086864,107.07373046875,129524500
2012-07-03 00:00:00-04:00,107.05020454635415,107.85810008751717,106.9403938505204,107.77967071533203,80450000
2012-07-05 00:00:00-04:00,107.37966144457177,108.08559776815811,106.90119788035815,107.29338073730469,126177500
2012-07-06 00:00:00-04:00,106.25802149315585,106.49333359498243,105.77171859292605,106.27371215820312,151192100
2012-07-09 00:00:00-04:00,106.18744852300571,106.33647994373536,105.65407354189291,106.14038848876953,103780500
2012-07-10 00:00:00-04:00,106.68160418658405,106.85416564600266,104.8540301616318,105.21484375,167884800
2012-07-11 00:00:00-04:00,105.2697123118289,105.57561441671149,104.6186874284184,105.2304916381836,141733400
2012-07-12 00:00:00-04:00,104.61869032709856,105.28539392366423,104.00688610038205,104.72064971923828,143583200
2012-07-13 00:00:00-04:00,104.99519515053831,106.58745659544934,104.97950448505718,106.47764587402344,129642600
2012-07-16 00:00:00-04:00,106.23445959076939,106.54036164077824,105.81089554093123,106.22660827636719,97525200
2012-07-17 00:00:00-04:00,106.65022876954143,107.17575246853151,105.53643066546898,106.95613098144531,138860300
2012-07-18 00:00:00-04:00,106.70506829419226,107.96005777502577,106.6423295917706,107.74827575683594,113349700
2012-07-19 00:00:00-04:00,107.96793473205673,108.38364759909999,107.62282387464921,108.03068542480469,129847300
2012-07-20 00:00:00-04:00,107.41887344770852,107.58359550044864,106.92473122642815,107.0423812866211,142904500
2012-07-23 00:00:00-04:00,105.47368081013776,106.97182251293194,104.9795264759712,105.9599838256836,145210900
2012-07-24 00:00:00-04:00,106.03837996301016,106.08543998076388,104.3441475130661,105.0500717163086,173301200
2012-07-25 00:00:00-04:00,105.26972270573967,105.54424351142342,104.51672639019738,105.0736312866211,129122300
2012-07-26 00:00:00-04:00,106.58743122173496,107.03452531798145,106.09327710871896,106.80705261230469,156526500
2012-07-27 00:00:00-04:00,107.37183880839788,109.08176255443753,106.7835644314138,108.77584838867188,236768900
2012-07-30 00:00:00-04:00,108.65035895095463,109.29353271285136,108.45426749195992,108.77584838867188,106782000
2012-07-31 00:00:00-04:00,108.62680364178776,108.92485445150304,108.01499938964844,108.01499938964844,120575900
2012-08-01 00:00:00-04:00,108.79153735113246,108.81506736836513,107.77185938665008,107.92089080810547,138293800
2012-08-02 00:00:00-04:00,107.1051683017586,107.90522488783596,106.34433240520472,107.1757583618164,199556600
2012-08-03 00:00:00-04:00,108.68169032902532,109.52880657199314,107.20707924291816,109.30134582519531,157825000
2012-08-06 00:00:00-04:00,109.59156390692442,109.94452603747368,109.4660625369831,109.51312255859375,86326200
2012-08-07 00:00:00-04:00,109.95234165529156,110.53277638965024,109.83469162665585,110.06216430664062,109545100
2012-08-08 00:00:00-04:00,109.69350983992568,110.32099260724772,109.66212852047961,110.19550323486328,89754700
2012-08-09 00:00:00-04:00,110.03865483292658,110.50927902340426,109.92884411761116,110.28965759277344,90291700
2012-08-10 00:00:00-04:00,109.84258247462006,110.50929819873878,109.66218168997133,110.47007751464844,99792700
2012-08-13 00:00:00-04:00,110.28181278203057,110.47005287412114,109.84255797405653,110.41515350341797,79426900
2012-08-14 00:00:00-04:00,110.82301472463287,110.89361672745143,110.10139978041539,110.43083190917969,102379400
2012-08-15 00:00:00-04:00,110.31321446428717,110.74461808251726,110.24262440906949,110.55636596679688,71085900
2012-08-16 00:00:00-04:00,110.71320931375706,111.50542629870844,110.43868851088315,111.37208557128906,112014200
2012-08-17 00:00:00-04:00,111.56033884581034,111.61525019395164,111.27012734412538,111.5211181640625,90813700
2012-08-20 00:00:00-04:00,111.3642391179468,111.5524911952439,111.05833697263326,111.52896118164062,78255700
2012-08-21 00:00:00-04:00,111.80351590194364,112.23491956294905,110.94855989916213,111.19171142578125,105581100
2012-08-22 00:00:00-04:00,110.90928731113806,111.41913211502022,110.6504572041225,111.23873138427734,133243500
2012-08-23 00:00:00-04:00,110.96418390770657,110.97202325375196,110.1562884317441,110.32884979248047,111466400
2012-08-24 00:00:00-04:00,110.05434616239519,111.24658534192962,109.98375612393819,110.9955825805664,99481200
2012-08-27 00:00:00-04:00,111.29364440510886,111.44267579732065,110.86224089304059,111.01911163330078,68785900
2012-08-28 00:00:00-04:00,110.73673273415484,111.25441691694421,110.57202265592977,110.90929412841797,75689600
2012-08-29 00:00:00-04:00,111.00343389715302,111.29364536756762,110.689680445449,110.9955825805664,65421300
2012-08-30 00:00:00-04:00,110.5170839641525,110.54846528359857,109.96019121288421,110.19550323486328,96589900
2012-08-31 00:00:00-04:00,110.82302874229245,111.23875359024869,110.09357435814859,110.7210693359375,151970400
2012-09-04 00:00:00-04:00,110.62692656712856,110.95637067404166,109.91316291807037,110.61908721923828,120226200
2012-09-05 00:00:00-04:00,110.66615108604837,110.96421387480947,110.30534957504645,110.52497100830078,100660300
2012-09-06 00:00:00-04:00,111.19168951028298,112.77611174911209,111.18385016107325,112.76827239990234,158272500
2012-09-07 00:00:00-04:00,112.95649388811144,113.25455666750294,112.85453449132231,113.2074966430664,107272100
2012-09-10 00:00:00-04:00,113.09769835392967,113.29378978960304,112.52511471293542,112.56432342529297,86458500
2012-09-11 00:00:00-04:00,112.63490034669935,113.23885321673242,112.60351902163838,112.8780517578125,88760000
2012-09-12 00:00:00-04:00,113.25460815429688,113.3801095888287,112.8702644992215,113.25460815429688,87640900
2012-09-13 00:00:00-04:00,113.2388707857051,115.33312574086976,112.94081996219589,114.98016357421875,225470200
2012-09-14 00:00:00-04:00,115.20761054116514,116.17237677233919,115.11347854091476,115.48998260498047,169777000
2012-09-17 00:00:00-04:00,115.25470247864878,115.4507939114848,114.80760826691647,115.09783172607422,119427800
2012-09-18 00:00:00-04:00,114.90171798144841,115.15270874313569,114.71346593383126,115.00367736816406,98326600
2012-09-19 00:00:00-04:00,115.13703443668122,115.4350972289671,114.83898361286596,115.06644439697266,128318300
2012-09-20 00:00:00-04:00,114.5408897778036,115.13700323234656,114.22714837403727,115.07426452636719,154009800
2012-09-21 00:00:00-04:00,115.6334420865754,115.65709772025605,114.97894147922072,115.02625274658203,108737500
2012-09-24 00:00:00-04:00,114.45843812473447,115.1129384155918,114.37169683239527,114.85271453857422,95682000
2012-09-25 00:00:00-04:00,115.09715587168945,115.3179496621953,113.59889854198924,113.63044738769531,133165200
2012-09-26 00:00:00-04:00,113.6068196845346,113.6383565056306,112.72363227313932,112.99173736572266,146502200
2012-09-27 00:00:00-04:00,113.46485982493421,114.31649827716224,113.16520591608713,114.0562744140625,111830300
2012-09-28 00:00:00-04:00,113.62254604963006,113.99316674988668,113.12576607263196,113.52792358398438,150696100
2012-10-01 00:00:00-04:00,113.96162054693576,114.88422560802185,113.55945103636881,113.82756805419922,135911200
2012-10-02 00:00:00-04:00,114.27706014840368,114.45842390718055,113.41754056076572,113.94586944580078,113422200
2012-10-03 00:00:00-04:00,114.25345512077081,114.67926848913709,113.65415911245697,114.41116333007812,121283100
2012-10-04 00:00:00-04:00,114.84482125412053,115.39680576892559,114.68711311165623,115.23121643066406,124311600
2012-10-05 00:00:00-04:00,115.84630958629604,116.04344781156752,114.89215528174266,115.23912048339844,124842100
2012-10-08 00:00:00-04:00,114.81328892784693,115.2233277078149,114.58460188482589,114.8448257446289,78415400
2012-10-09 00:00:00-04:00,114.75811221614798,114.852734721742,113.66990527236314,113.70933532714844,148872900
2012-10-10 00:00:00-04:00,113.6935720154294,113.80398099256911,112.83405208593963,112.98387908935547,124247500
2012-10-11 00:00:00-04:00,113.77241856342418,113.93801997701841,113.02329566805516,113.04695129394531,123601500
2012-10-12 00:00:00-04:00,113.12583450301673,113.5122178263673,112.43190391556423,112.67635345458984,124181900
2012-10-15 00:00:00-04:00,112.94441797250707,113.73297079902085,112.58169041043303,113.61469268798828,107689100
2012-10-16 00:00:00-04:00,114.1509056946454,114.84483604972023,114.07205762943516,114.76597595214844,108815500
2012-10-17 00:00:00-04:00,114.84480466386091,115.38102670960993,114.67132212250313,115.28639221191406,128834100
2012-10-18 00:00:00-04:00,114.98677825927734,115.53876282810768,114.60038304491552,114.98677825927734,148108500
2012-10-19 00:00:00-04:00,114.7739183290448,114.7817995292322,112.80253536919301,113.07064056396484,185645200
2012-10-22 00:00:00-04:00,112.88133330866144,113.2913841511647,112.1952961938351,113.08636474609375,125578600
2012-10-23 00:00:00-04:00,111.86412373696471,112.02183192298558,111.05191514821203,111.51715850830078,192056300
2012-10-24 00:00:00-04:00,111.91930278612692,112.05336736217306,111.02824622724188,111.20172882080078,120179400
2012-10-25 00:00:00-04:00,111.99024143660662,112.19526077695876,110.84684259538102,111.52498626708984,134457400
2012-10-26 00:00:00-04:00,111.42250690638427,111.8483201006805,110.70492101016121,111.4619369506836,146023500
2012-10-31 00:00:00-04:00,111.85621332895647,111.99814704960181,110.933596015321,111.4619369506836,103438500
2012-11-01 00:00:00-04:00,111.69851437517164,112.77094680913709,111.59601067934928,112.62901306152344,100995600
2012-11-02 00:00:00-04:00,113.2992223340992,113.33077117358582,111.50921674482883,111.62749481201172,137702200
2012-11-05 00:00:00-05:00,111.46192483645402,112.1085317697178,111.13072212622458,111.856201171875,98378500
2012-11-06 00:00:00-05:00,112.19534496607541,113.17315523638035,112.07706680257209,112.7315673828125,107068100
2012-11-07 00:00:00-05:00,111.7063610029799,111.72212339123065,109.65611948878353,110.17656707763672,264304500
2012-11-08 00:00:00-05:00,110.16081469818482,110.72069243440102,108.76507298785533,108.85181427001953,181517300
2012-11-09 00:00:00-05:00,108.52066206058632,109.95583432324445,108.46546960637245,108.94648742675781,201055300
2012-11-12 00:00:00-05:00,109.28552612660977,109.45900869958292,108.78874606069614,109.03319549560547,97677500
2012-11-13 00:00:00-05:00,108.45753254128172,109.80596294602393,108.31559883149794,108.65467071533203,123018300
2012-11-14 00:00:00-05:00,108.98586114868257,109.15933165251852,106.9435007511927,107.18795013427734,191505000
2012-11-15 00:00:00-05:00,107.22743144627815,107.62960116902224,106.59658665230526,107.00663757324219,178128400
2012-11-16 00:00:00-05:00,107.16432184443072,107.74785525427387,106.21806088085987,107.53494262695312,239483900
2012-11-19 00:00:00-05:00,108.74141336603887,109.7271042487345,107.5664775345757,109.71134185791016,151495800
2012-11-20 00:00:00-05:00,109.53787316909663,109.94003076850622,108.88337289623409,109.7586669921875,119807400
2012-11-21 00:00:00-05:00,109.85330241627314,110.058333870691,109.63250856717879,109.96369934082031,81710800
2012-11-23 00:00:00-05:00,110.49990162510899,111.50135496262274,110.42892273242614,111.4619369506836,65409200
2012-11-26 00:00:00-05:00,110.90997441324943,111.46985233635976,110.54724677210515,111.22540283203125,100124400
2012-11-27 00:00:00-05:00,111.11493942401292,111.49344126776548,110.58661067501171,110.65757751464844,128646200
2012-11-28 00:00:00-05:00,110.20813379522548,111.61175680133894,109.60883800540691,111.5486831665039,177086500
2012-11-29 00:00:00-05:00,111.96663387525258,112.37667273193644,111.47772288095611,112.06913757324219,151085900
2012-11-30 00:00:00-05:00,112.08492275674192,112.30571663379436,111.70642068641828,112.09280395507812,136568300
2012-12-03 00:00:00-05:00,112.60536860285514,112.69999111064698,111.4540759511451,111.54081726074219,124656300
2012-12-04 00:00:00-05:00,111.53289120200263,111.8719630734517,111.08341040605333,111.38306427001953,127512200
2012-12-05 00:00:00-05:00,111.47768450025535,112.10064783310617,110.68913184869838,111.5802001953125,147300500
2012-12-06 00:00:00-05:00,111.47770727855523,112.0060362191691,111.3121179260141,111.95872497558594,103220600
2012-12-07 00:00:00-05:00,112.3924435422863,112.51861489368044,111.71428756899579,112.29782104492188,108726400
2012-12-10 00:00:00-05:00,112.14009627022921,112.61322071937062,112.09277299619058,112.3451156616211,98840700
2012-12-11 00:00:00-05:00,112.81036956314124,113.63835246774538,112.75517712009386,113.11002349853516,152570400
2012-12-12 00:00:00-05:00,113.55162507545131,113.98533160547602,113.00752161345333,113.16522979736328,145880100
2012-12-13 00:00:00-05:00,113.09427269758879,113.41758232359358,112.18744153742965,112.47132110595703,135715000
2012-12-14 00:00:00-05:00,112.22684256748957,112.431861968034,111.87987740321357,112.05335998535156,137701700
2012-12-17 00:00:00-05:00,112.34511821285264,113.43332492560273,112.3135693627771,113.3702392578125,143238200
2012-12-18 00:00:00-05:00,113.55157611529712,114.7344050331648,113.38597477255814,114.63188934326172,177762800
2012-12-19 00:00:00-05:00,114.75809089502944,114.79752094248896,113.74086305179615,113.78028106689453,150895400
2012-12-20 00:00:00-05:00,113.8512321745038,114.45052783957429,113.53580390418391,114.43475341796875,168487000
2012-12-21 00:00:00-05:00,112.90368308517085,114.42844124499801,112.72103298270581,113.39604949951172,245883800
2012-12-24 00:00:00-05:00,113.14984627448108,113.21337936794653,112.91954941365503,113.04661560058594,53874600
2012-12-26 00:00:00-05:00,113.27688772558207,113.33248371436102,112.25244559668911,112.57009887695312,106947700
2012-12-27 00:00:00-05:00,112.60188530184254,112.83219428313961,111.11683709201837,112.41923522949219,167920600
2012-12-28 00:00:00-05:00,111.68865300424028,112.3080856932526,111.07715741001459,111.2042236328125,148806700
2012-12-31 00:00:00-05:00,110.91037605479431,113.21339341969328,110.81507034391777,113.09427642822266,243935200
2013-01-02 00:00:00-05:00,115.23843844580935,116.06434432261989,114.93665931885116,115.99287414550781,192059000
2013-01-03 00:00:00-05:00,115.93729764336277,116.23906467181772,115.42109583453842,115.7308120727539,144761800
2013-01-04 00:00:00-05:00,115.92142134932922,116.42967399227177,115.68317527220329,116.23907470703125,116817700
2013-01-07 00:00:00-05:00,115.82616177155221,116.03263530290826,115.49260989502739,115.92145538330078,110002500
2013-01-08 00:00:00-05:00,115.71495682498436,115.8737835161149,115.13522183169317,115.587890625,121265100
2013-01-09 00:00:00-05:00,115.84198891373005,116.19936404804795,115.65933885949251,115.88169860839844,90745600
2013-01-10 00:00:00-05:00,116.5249997743729,116.81089272238255,115.92145338088683,116.8029556274414,130735400
2013-01-11 00:00:00-05:00,116.77111688584814,116.85847335154031,116.42964023122124,116.79495239257812,113917300
2013-01-14 00:00:00-05:00,116.65203544648516,116.79498794189938,116.28672317393682,116.71556854248047,89567200
2013-01-15 00:00:00-05:00,116.17550792459116,116.90613224730495,116.1040377574872,116.79495239257812,93172600
2013-01-16 00:00:00-05:00,116.55679204363511,116.96180207256666,116.42972579693745,116.7791519165039,104849500
2013-01-17 00:00:00-05:00,117.29526989326445,117.86705553477293,116.85848751187646,117.53351593017578,133833500
2013-01-18 00:00:00-05:00,117.50973086529564,117.92268998945316,117.08088543544339,117.79562377929688,169906000
2013-01-22 00:00:00-05:00,117.79563498596949,118.43095397949219,117.51767913952146,118.43095397949219,111797300
2013-01-23 00:00:00-05:00,118.43090334433572,118.72473325466089,118.2164807006866,118.62149047851562,104596100
2013-01-24 00:00:00-05:00,118.44678134778715,119.23298965473013,118.33560147669697,118.65326690673828,146426400
2013-01-25 00:00:00-05:00,119.02653593726816,119.32036590576173,118.62151396156176,119.32036590576172,147211600
2013-01-28 00:00:00-05:00,119.35212243237456,119.38389503843733,118.73268990883652,119.17742156982422,113357700
2013-01-29 00:00:00-05:00,118.93914621890355,119.79682460600444,118.859726840994,119.64593505859375,105694400
2013-01-30 00:00:00-05:00,119.63007820577953,119.8683242804554,119.06622956630325,119.17742156982422,137447700
2013-01-31 00:00:00-05:00,119.03448793609289,119.42362365696931,118.80419103529707,118.88359832763672,108975800
2013-02-01 00:00:00-05:00,119.63798193919844,120.24947719956391,119.43150852815734,120.10653686523438,131173000
2013-02-04 00:00:00-05:00,119.37593714806306,120.13037282168305,118.66913613984083,118.7564926147461,159073600
2013-02-05 00:00:00-05:00,119.39979660577849,120.29717289974516,119.35213769059153,119.95569610595703,113912400
2013-02-06 00:00:00-05:00,119.53477717909134,120.12243705997072,119.44742069440683,120.04302978515625,138762800
2013-02-07 00:00:00-05:00,120.08277562010966,120.1939555324677,119.01067408703447,119.88423919677734,162490000
2013-02-08 00:00:00-05:00,120.09070176396871,120.62277787585676,120.09070176396871,120.55130767822266,103133700
2013-02-11 00:00:00-05:00,120.50362716897665,120.63068122332713,120.22567143233465,120.52745056152344,73775000
2013-02-12 00:00:00-05:00,120.535375797297,120.94833475698456,120.40037254691174,120.7259750366211,65392700
2013-02-13 00:00:00-05:00,120.97221430506382,121.19457412865145,120.48778494988328,120.82926177978516,82322600
2013-02-14 00:00:00-05:00,120.46391919448979,121.08335164493961,120.32891592889916,120.94039916992188,80834300
2013-02-15 00:00:00-05:00,121.05159034652773,121.1786565322541,120.35275056042961,120.79747009277344,215226500
2013-02-19 00:00:00-05:00,121.00392226701022,121.72659743877149,120.83715853057072,121.70277404785156,95105400
2013-02-20 00:00:00-05:00,121.61543840965797,121.65514810722611,120.12244102852442,120.18597412109375,160574800
2013-02-21 00:00:00-05:00,119.88422106684371,120.2495212446184,119.07418918919144,119.45537567138672,183257000
2013-02-22 00:00:00-05:00,120.03504697694972,120.62271881103516,119.51092033324603,120.62271881103516,106356600
2013-02-25 00:00:00-05:00,121.21042679548388,121.3930768603748,118.32767486572266,118.32767486572266,245824800
2013-02-26 00:00:00-05:00,118.89946449921248,119.28065094391586,118.11325609666935,119.13771057128906,186596200
2013-02-27 00:00:00-05:00,119.03447916960427,120.97219630195495,118.93123636769549,120.63865661621094,150781900
2013-02-28 00:00:00-05:00,120.63071804672923,121.40104028808075,120.24159443788417,120.40042114257812,126866000
2013-03-01 00:00:00-05:00,119.98743830589095,120.98012016119357,119.44742519310157,120.79747009277344,170634800
2013-03-04 00:00:00-05:00,120.51950798300906,121.44071960449217,120.32892083214897,121.44071960449219,99010200
2013-03-05 00:00:00-05:00,122.02845155345648,122.85435788762425,122.0125652438464,122.52875518798828,121431900
2013-03-06 00:00:00-05:00,122.9654639711932,123.02899705377425,122.42545094579897,122.6954574584961,94469900
2013-03-07 00:00:00-05:00,122.85435170911876,123.07671156166207,122.71141128292797,122.91788482666016,86101400
2013-03-08 00:00:00-05:00,123.45782660566296,123.6087040251656,122.82250797847608,123.44194030761719,123477800
2013-03-11 00:00:00-04:00,123.34670112635722,123.91847481340068,123.19581152264703,123.91053771972656,83746800
2013-03-12 00:00:00-04:00,123.8231829282772,123.96613544028719,123.25934632712233,123.63258361816406,105755800
2013-03-13 00:00:00-04:00,123.69608636116567,123.98197919731473,123.27519025762645,123.80726623535156,92550900
2013-03-14 00:00:00-04:00,124.13291380866097,124.5220495683612,123.81526037220901,124.4664535522461,126329900
2013-03-15 00:00:00-04:00,124.31805809520615,124.46960661417292,123.88730537765467,124.3021011352539,138601100
2013-03-18 00:00:00-04:00,123.11357091916585,124.15055434345808,123.00189653018641,123.6161117553711,126704300
2013-03-19 00:00:00-04:00,123.87929488779535,124.04680031520266,122.51526126381233,123.32889556884766,167567300
2013-03-20 00:00:00-04:00,124.05477260624556,124.3977679904467,123.84736872594794,124.19037628173828,113759300
2013-03-21 00:00:00-04:00,123.44865162001557,124.150612204522,122.92219335323693,123.12958526611328,128605000
2013-03-22 00:00:00-04:00,123.52041685935987,124.1186752319336,123.4246872430616,124.1186752319336,111163600
2013-03-25 00:00:00-04:00,124.44561830042103,124.65302216675431,123.12148336999083,123.60008239746094,151322300
2013-03-26 00:00:00-04:00,124.11060689598659,124.62111987581744,123.97500321698662,124.58921813964844,86856600
2013-03-27 00:00:00-04:00,123.84737192913153,124.62910443855185,123.63998021505914,124.58921813964844,99950600
2013-03-28 00:00:00-04:00,124.50951342671966,125.11575628877137,124.2383059208524,124.97216796875,102932800
2013-04-01 00:00:00-04:00,124.90829473970119,125.16355733697546,124.1744330299235,124.47755432128906,99194100
2013-04-02 00:00:00-04:00,124.92434019057765,125.40295181371721,124.73289310700198,125.09185791015625,101504300
2013-04-03 00:00:00-04:00,125.16359098085292,125.25930839476426,123.49644777339665,123.823486328125,154167400
2013-04-04 00:00:00-04:00,123.98304966453793,124.57333559475973,123.71184214454284,124.32605743408203,131885000
2013-04-05 00:00:00-04:00,122.80247434559269,123.91923038185206,122.65889820796241,123.76766967773438,159666000
2013-04-08 00:00:00-04:00,123.85539054278038,124.61318174392261,123.44059482900848,124.60520935058594,86571200
2013-04-09 00:00:00-04:00,124.83649224337587,125.49059344445796,124.42169665663089,125.0359115600586,101922200
2013-04-10 00:00:00-04:00,125.37101113995443,126.72706088748234,125.33910938529581,126.5675277709961,135711100
2013-04-11 00:00:00-04:00,126.59137254943526,127.39703433253223,126.4637412728829,126.98223876953125,110142500
2013-04-12 00:00:00-04:00,126.57548927314019,126.86265372673947,125.96925861402863,126.67121887207031,116359900
2013-04-15 00:00:00-04:00,126.03302487206304,126.13672682541112,123.71976536013615,123.73571014404297,217259000
2013-04-16 00:00:00-04:00,124.66900143994849,125.62622410290197,124.36589229016553,125.56240844726562,147507800
2013-04-17 00:00:00-04:00,124.66902163133602,124.69296315622002,123.0656941029201,123.72776794433594,226834800
2013-04-18 00:00:00-04:00,123.93512686105446,123.96704077137336,122.48336040289752,122.95398712158203,167583200
2013-04-19 00:00:00-04:00,123.24119042405951,124.07875434669722,122.93806903813868,124.02291107177734,149687600
2013-04-22 00:00:00-04:00,124.26223229180076,124.86846296768321,123.44062522686175,124.57332611083984,106553500
2013-04-23 00:00:00-04:00,125.19553093183052,125.97725178436828,124.57334320835795,125.85760498046875,166141300
2013-04-24 00:00:00-04:00,125.89744584255806,126.27235525485564,125.66611254309282,125.93733215332031,96781200
2013-04-25 00:00:00-04:00,126.30428003655406,127.04612660293596,126.11284518452935,126.44786834716797,131060600
2013-04-26 00:00:00-04:00,126.29626772211162,126.51164403415909,125.8176564001376,126.22447967529297,95918800
2013-04-29 00:00:00-04:00,126.5674970836935,127.34921768505926,126.36807769353737,127.07003784179688,88572800
2013-04-30 00:00:00-04:00,127.04612272981403,127.40507523801274,126.51965255960526,127.37316131591797,116010700
2013-05-01 00:00:00-04:00,127.09394955998101,127.15776521656748,126.1128097045971,126.25638580322266,138874200
2013-05-02 00:00:00-04:00,126.57547237333755,127.54066759927623,126.45582560514404,127.42899322509766,96407600
2013-05-03 00:00:00-04:00,128.53774425893852,129.12802995579105,127.45290243625325,128.72120666503906,144202300
2013-05-06 00:00:00-04:00,128.81695766429988,129.23174124521262,128.7611143909497,129.04827880859375,66882100
2013-05-07 00:00:00-04:00,129.32751353300407,129.74229725086843,128.96057636701846,129.70242309570312,90359200
2013-05-08 00:00:00-04:00,129.5588774658556,130.3326262080769,129.4870893569737,130.29273986816406,97419200
2013-05-09 00:00:00-04:00,130.23684455588852,130.57984013260474,129.59869994653243,129.92575073242188,106738600
2013-05-10 00:00:00-04:00,130.01342670369655,130.46012404147615,129.63053283852298,130.34844970703125,103203000
2013-05-13 00:00:00-04:00,130.18101719506748,130.66760114990888,129.87790790153835,130.4522247314453,81843200
2013-05-14 00:00:00-04:00,130.55588738028652,131.8959920369588,130.55588738028652,131.80026245117188,119000900
2013-05-15 00:00:00-04:00,131.5848658439429,132.77339734927378,131.54497954066002,132.51016235351562,120718500
2013-05-16 00:00:00-04:00,132.23899584992665,132.70165033354684,131.68859634059237,131.8880157470703,109913600
2013-05-17 00:00:00-04:00,132.37458623008484,133.24405183342307,132.19909619636238,133.16429138183594,129801000
2013-05-20 00:00:00-04:00,133.03664902310987,133.67479344086442,132.9010453122208,133.1562957763672,85071200
2013-05-21 00:00:00-04:00,133.27599024921045,133.850319161218,132.81333572722684,133.3477783203125,95804200
2013-05-22 00:00:00-04:00,133.48340172834725,134.86339310241303,131.75244234222276,132.35867309570312,244031800
2013-05-23 00:00:00-04:00,130.94678533638074,132.34272143059735,130.77129525366578,131.9757843017578,211064400
2013-05-24 00:00:00-04:00,131.19407402558537,131.9199637740151,130.8032075060622,131.86412048339844,151573900
2013-05-28 00:00:00-04:00,133.244097649304,133.8343836176665,132.2629573391047,132.65382385253906,143679800
2013-05-29 00:00:00-04:00,131.95181517571862,132.25493653116402,131.09032198518418,131.7922821044922,160363400
2013-05-30 00:00:00-04:00,131.89600302742485,132.88511551408973,131.792301039012,132.2788848876953,107793800
2013-05-31 00:00:00-04:00,131.9119102705031,132.6617289883241,130.12512065008684,130.38037109375,176850100
2013-06-03 00:00:00-04:00,130.6835622685583,131.1861032037493,129.75028065434492,131.09835815429688,168390700
2013-06-04 00:00:00-04:00,131.17013047728656,131.69660071073977,129.80609617635716,130.46817016601562,157631500
2013-06-05 00:00:00-04:00,130.09318477857153,130.3564197417738,128.52974412460506,128.64141845703125,211737800
2013-06-06 00:00:00-04:00,128.58567560756674,129.81410639503002,127.82788403357515,129.80612182617188,200225500
2013-06-07 00:00:00-04:00,130.69946890831088,131.5769068933845,130.1331125032635,131.45726013183594,188337800
2013-06-10 00:00:00-04:00,131.86407129269423,131.93585934962337,131.11425246274135,131.45726013183594,105667100
2013-06-11 00:00:00-04:00,130.26074462141668,131.24985698047632,129.81404714679704,130.10121154785156,159505400
2013-06-12 00:00:00-04:00,130.99458670821704,131.13019040884188,128.90467576556472,129.02432250976562,177361500
2013-06-13 00:00:00-04:00,128.9525831970827,131.21798500176598,128.6654187308837,130.98666381835938,163587800
2013-06-14 00:00:00-04:00,130.8430392882323,131.3535524011226,129.9496443835724,130.16500854492188,141197500
2013-06-17 00:00:00-04:00,131.05047652862928,131.79232318990816,130.19696763711576,131.17013549804688,136295600
2013-06-18 00:00:00-04:00,131.241912162944,132.40652697070135,131.23393976764828,132.2071075439453,114695600
2013-06-19 00:00:00-04:00,132.0953848395641,132.32670593449606,130.32454000390769,130.38037109375,206149500
2013-06-20 00:00:00-04:00,129.11209539136615,130.396356799991,126.8147800339269,127.1498031616211,321255900
2013-06-21 00:00:00-04:00,128.01502849333704,128.1112523620701,126.27491086310584,127.55795288085938,271956800
2013-06-24 00:00:00-04:00,126.22686692609206,127.04479472292513,124.8796708581281,125.94619750976562,222329000
2013-06-25 00:00:00-04:00,127.08487092202705,128.3839548132033,126.23486046933154,127.15705108642578,162262200
2013-06-26 00:00:00-04:00,128.19951485329543,128.70471484578036,127.70234167719953,128.41603088378906,134848000
2013-06-27 00:00:00-04:00,129.18591750269198,129.76328568876033,129.06562532625748,129.1698760986328,129483700
2013-06-28 00:00:00-04:00,128.80895276547488,129.42640576601704,128.19148752893335,128.6405487060547,160402900
2013-07-01 00:00:00-04:00,129.31410764860522,130.29242449444106,129.1697718365948,129.39430236816406,131954800
2013-07-02 00:00:00-04:00,129.20188294568916,130.1481295423729,128.7047097891266,129.27406311035156,154863700
2013-07-03 00:00:00-04:00,128.68866370998123,129.72311959383046,128.48017451165487,129.33018493652344,75216400
2013-07-05 00:00:00-04:00,130.28443256373,130.7735910716765,129.34621291458643,130.72547912597656,122416900
2013-07-08 00:00:00-04:00,131.39905401451804,131.824059128451,130.7735743285036,131.47122192382812,108092500
2013-07-09 00:00:00-04:00,132.29715788296335,132.57782713945477,131.72781702915978,132.41744995117188,119298000
2013-07-10 00:00:00-04:00,132.28918805187124,132.91466786293452,132.0165455159717,132.46560668945312,121410100
2013-07-11 00:00:00-04:00,134.0051780943056,134.40612710275772,132.45750855896424,134.26980590820312,135592200
2013-07-12 00:00:00-04:00,134.22979537836207,134.66281520372556,134.02130616407607,134.32601928710938,104212700
2013-07-15 00:00:00-04:00,134.69480608107742,135.03160176786298,134.4622488123019,134.83914184570312,69450600
2013-07-16 00:00:00-04:00,134.92744249236935,135.00763723991193,133.97319351821577,134.33404541015625,88702100
2013-07-17 00:00:00-04:00,134.84723705462028,135.10383817832923,134.50241438201328,134.6788330078125,92873900
2013-07-18 00:00:00-04:00,134.96757988237326,135.73740808462475,134.87937052832365,135.41664123535156,103620100
2013-07-19 00:00:00-04:00,135.13592120522534,135.70526221458528,134.96751715811982,135.6571502685547,103831700
2013-07-22 00:00:00-04:00,135.84958502406303,136.1142129140156,135.52881838351618,135.9217529296875,79428600
2013-07-23 00:00:00-04:00,136.16232769035523,136.18638365939833,135.56090399228475,135.63307189941406,80829700
2013-07-24 00:00:00-04:00,136.1543274774179,136.2104662401507,134.86327053055038,135.13592529296875,112914000
2013-07-25 00:00:00-04:00,134.895380538226,135.58501380867327,134.67084991398747,135.4647216796875,111088600
2013-07-26 00:00:00-04:00,134.8953502180112,135.6491366739566,134.33402378358335,135.60903930664062,107814600
2013-07-29 00:00:00-04:00,135.2641997709258,135.56892504134643,134.80712410129192,135.19203186035156,79695000
2013-07-30 00:00:00-04:00,135.60100782559968,135.74534364674818,134.87127743380137,135.19203186035156,85209600
2013-07-31 00:00:00-04:00,135.47273278706984,136.2024633492258,135.1118809139597,135.28829956054688,142388700
2013-08-01 00:00:00-04:00,136.31470406450202,136.97225434464943,136.2425239140975,136.8519744873047,110438400
2013-08-02 00:00:00-04:00,136.54726321346777,137.10057508603097,136.36283000127966,137.08453369140625,91116700
2013-08-05 00:00:00-04:00,136.7797642534319,137.09250402176465,136.6033456932448,136.88400268554688,54072700
2013-08-06 00:00:00-04:00,136.61938498493274,136.91609562326545,135.80145767535345,136.10617065429688,87495000
2013-08-07 00:00:00-04:00,135.67315742821305,135.86560516377514,135.1599430733885,135.66513061523438,84854700
2013-08-08 00:00:00-04:00,136.3066282574039,136.46700542155185,135.46463285063555,136.16229248046875,102181300
2013-08-09 00:00:00-04:00,135.98597101202557,136.4029617253023,135.29633770145335,135.7694549560547,91757700
2013-08-12 00:00:00-04:00,135.08781023952872,135.76941653990593,135.02365689902288,135.60903930664062,68593300
2013-08-13 00:00:00-04:00,135.8496172664968,136.2425396699278,135.04771882880212,136.00999450683594,80806000
2013-08-14 00:00:00-04:00,135.94581113654777,136.16232709298225,135.28023411195022,135.31231689453125,79829200
2013-08-15 00:00:00-04:00,134.24583057322442,134.26185973327472,133.1873186819031,133.4198760986328,152931800
2013-08-16 00:00:00-04:00,133.16320817747012,133.62029600773366,132.71414715994493,132.97877502441406,130868200
2013-08-19 00:00:00-04:00,132.82644711323925,133.28353506291015,132.12077262364136,132.12879943847656,96437600
2013-08-20 00:00:00-04:00,132.34527317476213,133.27547802080468,132.20093737244284,132.77830505371094,89294400
2013-08-21 00:00:00-04:00,132.40940336174518,133.13913353083456,131.6636440414182,131.96034240722656,159530500
2013-08-22 00:00:00-04:00,132.23303349938314,133.35569853504668,132.2250189208133,133.16323852539062,101471400
2013-08-23 00:00:00-04:00,133.55617816339753,133.78070873180397,132.93069840340837,133.6123046875,90888900
2013-08-26 00:00:00-04:00,133.74862188310223,134.1575978771371,133.02691825456688,133.11512756347656,89702100
2013-08-27 00:00:00-04:00,131.79999903204006,133.11511169427862,130.87782092373732,130.9740447998047,158619400
2013-08-28 00:00:00-04:00,130.91790673379876,131.90425041264112,130.7495149497989,131.43914794921875,108113000
2013-08-29 00:00:00-04:00,131.15045580528064,132.3452763172794,131.0301637311628,131.6476287841797,119200500
2013-08-30 00:00:00-04:00,131.92031556062318,131.93635695642723,130.84577452574845,131.23068237304688,134928900
2013-09-03 00:00:00-04:00,132.49770383387855,132.77837324163025,131.27079994011004,131.82411193847656,142375100
2013-09-04 00:00:00-04:00,131.8560852999904,133.13912702390297,131.61552568325044,132.9145965576172,97389400
2013-09-05 00:00:00-04:00,132.99489002825302,133.43592447715804,132.89865387409037,133.08309936523438,63090500
2013-09-06 00:00:00-04:00,133.52414066124587,133.90103400803858,131.89628737020593,133.14724731445312,159756500
2013-09-09 00:00:00-04:00,133.47597952498268,134.50240844651975,133.47597952498268,134.42222595214844,87559300
2013-09-10 00:00:00-04:00,135.2322079445221,135.44069721954654,134.9274824967136,135.41664123535156,105847200
2013-09-11 00:00:00-04:00,135.23214487656293,135.84158325195312,134.99959972579515,135.84158325195312,94545900
2013-09-12 00:00:00-04:00,135.79348332056017,135.9699019619923,135.29631018706937,135.48074340820312,83209000
2013-09-13 00:00:00-04:00,135.62511466992538,135.8897426772922,135.31237470412853,135.78549194335938,72727800
2013-09-16 00:00:00-04:00,137.25290746971172,137.31706079806074,136.35477310882155,136.5712890625,106299200
2013-09-17 00:00:00-04:00,136.69159713583366,137.2128261651633,136.69159713583366,137.18075561523438,82523300
2013-09-18 00:00:00-04:00,137.1326596182019,139.1454327068184,136.78784913261433,138.76853942871094,203460600
2013-09-19 00:00:00-04:00,139.1454462405516,139.20959959583092,138.39967419193033,138.53599548339844,146616900
2013-09-20 00:00:00-04:00,138.86476348145015,138.86476348145015,137.45460080803025,137.56741333007812,132867100
2013-09-23 00:00:00-04:00,137.38209433646844,137.511014162907,136.49570136670613,136.9308319091797,104616500
2013-09-24 00:00:00-04:00,136.90666529586207,137.41432786634175,136.35066854681827,136.6085205078125,106333100
2013-09-25 00:00:00-04:00,136.6970815860021,136.9710529801709,136.0927264129393,136.21359252929688,117306500
2013-09-26 00:00:00-04:00,136.43926680066994,137.12419547197402,136.22169543654238,136.73741149902344,77146900
2013-09-27 00:00:00-04:00,136.05245906468087,136.29420363826446,135.75431439145697,136.10887145996094,99141800
2013-09-30 00:00:00-04:00,134.95655972671153,135.81071322250722,134.69064192781744,135.38363647460938,143937000
2013-10-01 00:00:00-04:00,135.48843230597524,136.58433067222114,135.35144654714986,136.4553985595703,127160000
2013-10-02 00:00:00-04:00,135.65760705690312,136.4553480805799,135.23858399361887,136.326416015625,113350000
2013-10-03 00:00:00-04:00,136.01218990752105,136.13306836315513,134.44086834941305,135.06939697265625,176698000
2013-10-04 00:00:00-04:00,135.1741234372706,136.22972863362156,134.99684491468537,136.09274291992188,96878000
2013-10-07 00:00:00-04:00,134.9082213799537,135.73820169806507,134.77123565028526,134.91627502441406,96295000
2013-10-08 00:00:00-04:00,134.8921653439395,135.0694439707076,133.24832351785366,133.3450164794922,178015000
2013-10-09 00:00:00-04:00,133.60277878463788,133.92509660781985,132.57940063779805,133.44161987304688,168973000
2013-10-10 00:00:00-04:00,134.80349874105246,136.39094011670431,134.75515227002043,136.31842041015625,195955000
2013-10-11 00:00:00-04:00,136.10886893233985,137.24505980013518,135.99605643951446,137.1967010498047,105040000
2013-10-14 00:00:00-04:00,136.35064687549774,137.85750246184435,136.24588800093287,137.74468994140625,112106000
2013-10-15 00:00:00-04:00,137.3981852823111,137.91390141363706,136.56015117977225,136.7454833984375,155485000
2013-10-16 00:00:00-04:00,137.56736806538896,138.72773207930376,137.50290203176718,138.65521240234375,161676000
2013-10-17 00:00:00-04:00,138.09122148479852,139.66255587968527,138.06704824447527,139.58197021484375,129389000
2013-10-18 00:00:00-04:00,140.097627187068,140.62139689984755,139.8155897751769,140.5247039794922,138316000
2013-10-21 00:00:00-04:00,140.57306869950185,140.8148133274328,140.21851155128874,140.53277587890625,104104000
2013-10-22 00:00:00-04:00,140.9437151243197,141.76562946862802,140.55691888455593,141.34661865234375,126663000
2013-10-23 00:00:00-04:00,140.8631398667939,140.92760591149866,140.178211196132,140.6697540283203,105484000
2013-10-24 00:00:00-04:00,140.95176804057175,141.31437875479287,140.62138419834457,141.13710021972656,70350000
2013-10-25 00:00:00-04:00,141.42716601559144,141.82201582699386,141.15319461778776,141.78172302246094,93625000
2013-10-28 00:00:00-04:00,141.73342901352822,142.20079866862383,141.5803236770401,142.0074005126953,84979000
2013-10-29 00:00:00-04:00,142.32974678908383,142.82128973202904,142.12829496485455,142.76487731933594,87401000
2013-10-30 00:00:00-04:00,142.9341255743989,143.03887217904474,141.5481358139943,142.0557861328125,140002000
2013-10-31 00:00:00-04:00,141.94298425424176,142.5392862224721,141.4433875457209,141.65289306640625,133795000
2013-11-01 00:00:00-04:00,141.8382123860879,142.31363576893935,141.19356405061174,141.99131774902344,142805000
2013-11-04 00:00:00-05:00,142.37807798528954,142.54729061392862,141.8059494557731,142.4908905029297,85677000
2013-11-05 00:00:00-05:00,141.93485296554482,142.42639575672885,141.4755493418442,142.03961181640625,85825000
2013-11-06 00:00:00-05:00,142.65206478959328,143.03079520279582,142.25721478767218,142.76487731933594,87348000
2013-11-07 00:00:00-05:00,143.03078462784882,143.14359714925072,140.8228683711059,140.95985412597656,157000000
2013-11-08 00:00:00-05:00,140.91150500468348,142.87767659405904,140.8953977131028,142.86155700683594,136713000
2013-11-11 00:00:00-05:00,142.7245251822137,143.05490898760402,142.5553126057425,142.8856964111328,62614000
2013-11-12 00:00:00-05:00,142.5794767324856,142.91791415946966,142.12016089152587,142.59559631347656,83990000
2013-11-13 00:00:00-05:00,141.89456309997814,143.78014868079342,141.89456309997814,143.7398681640625,103844000
2013-11-14 00:00:00-05:00,143.86881365227862,144.57792793064394,143.63513497180398,144.45706176757812,103435000
2013-11-15 00:00:00-05:00,144.69076703412634,145.14201718667618,144.5054347848243,145.0856170654297,102818000
2013-11-18 00:00:00-05:00,145.32733372696484,145.44819988894812,144.2556086733587,144.5779266357422,104796000
2013-11-19 00:00:00-05:00,144.50540122626344,144.9405316878447,144.01385836089193,144.26365661621094,93891000
2013-11-20 00:00:00-05:00,144.553780252535,144.98891081213736,143.41758893628938,143.81243896484375,124909000
2013-11-21 00:00:00-05:00,144.21530239540516,145.08557556739376,144.12666311967556,144.97276306152344,92841000
2013-11-22 00:00:00-05:00,145.02916140581752,145.71410237319768,144.85994879688698,145.69798278808594,81296000
2013-11-25 00:00:00-05:00,145.95589747213816,145.98812435787227,145.3434759823847,145.55299377441406,79486000
2013-11-26 00:00:00-05:00,145.6254398486701,146.02834334265256,145.3756416497032,145.59320068359375,86994000
2013-11-27 00:00:00-05:00,145.74630216453062,146.0444591033095,145.56902364816648,145.94775390625,58800000
2013-11-29 00:00:00-05:00,146.1089842307191,146.45547546471022,145.68996099568776,145.8511199951172,55870900
2013-12-02 00:00:00-05:00,145.9236010714231,146.1975725274914,145.24672607561658,145.47235107421875,99726000
2013-12-03 00:00:00-05:00,144.99691633540252,145.35952703324722,144.37644149069266,144.84381103515625,116563000
2013-12-04 00:00:00-05:00,144.32004767309013,145.4320530418243,143.71569238517208,144.82769775390625,123033000
2013-12-05 00:00:00-05:00,144.5698772300971,144.83579508990124,144.05416109777335,144.19114685058594,106934000
2013-12-06 00:00:00-05:00,145.58520872964522,145.9397659218902,145.1661854755699,145.8027801513672,127728000
2013-12-09 00:00:00-05:00,146.22976748295318,146.39092639099323,145.9799693311456,146.17335510253906,70124000
2013-12-10 00:00:00-05:00,145.83499042500188,146.1412011099101,145.56101891515908,145.649658203125,80976000
2013-12-11 00:00:00-05:00,145.70602403930639,145.7301972650576,143.83654594362275,144.01382446289062,130591000
2013-12-12 00:00:00-05:00,143.94937882248914,144.1266573668723,143.24026464495654,143.53842163085938,115565000
2013-12-13 00:00:00-05:00,143.83655734613754,143.96548942412403,143.2483216468288,143.5222930908203,107808000
2013-12-16 00:00:00-05:00,144.19917668920297,144.89217128031646,144.1588838754651,144.416748046875,96195000
2013-12-17 00:00:00-05:00,144.5456913129684,144.56986454395278,143.63512529375197,143.9574432373047,89886000
2013-12-18 00:00:00-05:00,144.17498812091782,146.43930384177713,142.88570428796018,146.41513061523438,234906000
2013-12-19 00:00:00-05:00,145.99611538953005,146.41513849823008,145.61739738809015,146.2459259033203,136531200
2013-12-20 00:00:00-05:00,146.39179475125417,147.44503387548656,146.29457686244396,147.09664916992188,197087000
2013-12-23 00:00:00-05:00,147.81769128605507,147.97162783139441,147.5098305577716,147.88250732421875,85598000
2013-12-24 00:00:00-05:00,147.89058780407177,148.2713742583008,147.88249043612421,148.20655822753906,45368800
2013-12-26 00:00:00-05:00,148.538769634162,149.04109089655717,148.52257489457256,148.96006774902344,63365000
2013-12-27 00:00:00-05:00,149.15452611114378,149.21932979873748,148.7980440173909,148.9519805908203,61814000
2013-12-30 00:00:00-05:00,148.96812676441957,149.08966145442898,148.7331794768976,148.92762756347656,56857000
2013-12-31 00:00:00-05:00,149.13016805269376,149.63247680664062,149.016730734171,149.63247680664062,86119900
2014-01-02 00:00:00-05:00,149.05729259632733,149.13021837747158,147.84201950095448,148.19850158691406,119636900
2014-01-03 00:00:00-05:00,148.4496226911046,148.74939839369858,147.9635209796238,148.17416381835938,81390600
2014-01-06 00:00:00-05:00,148.6603217639927,148.71702808398945,147.51796200693553,147.74481201171875,108028200
2014-01-07 00:00:00-05:00,148.3362206739194,148.90334560626084,148.2227956874511,148.65219116210938,86144200
2014-01-08 00:00:00-05:00,148.62788215737586,148.93575526656878,148.17418222534167,148.68460083007812,96582300
2014-01-09 00:00:00-05:00,149.16260108522135,149.17880818588506,148.10126469606624,148.7818145751953,90683400
2014-01-10 00:00:00-05:00,149.03292262844516,149.25167515094913,148.2713498453803,149.18685913085938,102026400
2014-01-13 00:00:00-05:00,148.80616845972978,149.219356945897,146.91844238339758,147.20201110839844,149892000
2014-01-14 00:00:00-05:00,147.68809703327938,148.88717550280379,147.41263807233395,148.80615234375,105016100
2014-01-15 00:00:00-05:00,149.1545001646257,149.83505002755044,148.8385297023824,149.6082000732422,98525800
2014-01-16 00:00:00-05:00,149.30031709578466,149.60819016870454,148.9357377192395,149.4137420654297,72290600
2014-01-17 00:00:00-05:00,149.1545037160873,149.4380599845266,148.5225627765538,148.7818145751953,107848700
2014-01-21 00:00:00-05:00,149.64062797782793,149.69734665748268,148.30383248833644,149.21932983398438,88621200
2014-01-22 00:00:00-05:00,149.4704648610254,149.53528089724108,149.0005578702578,149.3165283203125,61270900
2014-01-23 00:00:00-05:00,148.56298539109798,148.5872898483653,147.3072138909895,148.09307861328125,132496900
2014-01-24 00:00:00-05:00,147.12903957428043,147.17764851082234,144.88483222556744,144.93344116210938,208677100
2014-01-27 00:00:00-05:00,145.0711830516192,145.44387220107907,143.4994280357858,144.22048950195312,180843100
2014-01-28 00:00:00-05:00,144.32577868279253,145.26559249430284,144.309571586072,145.07925415039062,110463200
2014-01-29 00:00:00-05:00,143.87211414643215,144.65799163774983,143.3049892460987,143.68577575683594,216597300
2014-01-30 00:00:00-05:00,144.88484024457557,145.67881509762626,144.42303059707754,145.2089080810547,118938100
2014-01-31 00:00:00-05:00,143.4103342419154,145.25754850753415,143.3374208172616,144.35824584960938,194677900
2014-02-03 00:00:00-05:00,144.18811535763393,144.51218326623115,140.8339618178197,141.1094207763672,254837100
2014-02-04 00:00:00-05:00,141.7412963681093,142.4623576396503,141.06074665702639,142.0977783203125,165012400
2014-02-05 00:00:00-05:00,141.60363090598042,142.23557197487895,140.73674246014195,141.9196014404297,164230500
2014-02-06 00:00:00-05:00,142.25175112791763,143.7910919189453,141.96008512555076,143.7910919189453,132877600
2014-02-07 00:00:00-05:00,144.46357130140265,145.72745342591375,143.99366419006427,145.57351684570312,170787200
2014-02-10 00:00:00-05:00,145.5896659342998,145.88944160455856,145.1926847671033,145.8408203125,92218800
2014-02-11 00:00:00-05:00,145.9623802155983,147.80959403636945,145.86514997707675,147.43690490722656,117814100
2014-02-12 00:00:00-05:00,147.65565347037497,148.12556046284902,147.2181606773239,147.50982666015625,94717700
2014-02-13 00:00:00-05:00,146.51328441295342,148.4253140946679,146.5051870448254,148.27137756347656,100542200
2014-02-14 00:00:00-05:00,148.1336548379803,149.3651347808746,147.99592539920312,149.0896759033203,96498400
2014-02-18 00:00:00-05:00,149.21932302885187,149.47048984707172,148.7899275342391,149.2679443359375,80460900
2014-02-19 00:00:00-05:00,148.87903725558706,149.84315579664292,148.157975782743,148.27951049804688,126524300
2014-02-20 00:00:00-05:00,148.4819820074964,149.49470898508432,147.93916183099608,149.15443420410156,104998100
2014-02-21 00:00:00-05:00,149.43804435438753,149.79452635733034,148.91143108065475,148.98434448242188,118116400
2014-02-24 00:00:00-05:00,149.3003266619537,150.8153629312274,149.23551062337577,149.8107452392578,114063900
2014-02-25 00:00:00-05:00,149.9322693378867,150.36166478138946,149.2598168374741,149.7540283203125,117085000
2014-02-26 00:00:00-05:00,149.97277358306116,150.36976716870453,149.3408326833969,149.7621307373047,98677200
2014-02-27 00:00:00-05:00,149.54332868932698,150.58845756613647,149.37318510536738,150.54795837402344,93880800
2014-02-28 00:00:00-05:00,150.52366582827665,151.6255135315786,149.924139229534,150.9287567138672,150842000
2014-03-03 00:00:00-05:00,149.60002445819836,150.24817219751915,148.87086597795619,149.8673858642578,167748500
2014-03-04 00:00:00-05:00,151.3338721036812,152.2979905454811,151.3014702670402,151.9739227294922,167545900
2014-03-05 00:00:00-05:00,152.10355119120092,152.37091269612452,151.8685915221494,152.1116485595703,88376900
2014-03-06 00:00:00-05:00,152.48432354151197,152.80839131979369,152.13593893558544,152.4600067138672,82516500
2014-03-07 00:00:00-05:00,153.0919172711085,153.0919172711085,151.85232807646494,152.5247802734375,114513500
2014-03-10 00:00:00-04:00,152.2898501251781,152.50049290978353,151.5687889304084,152.44378662109375,74939200
2014-03-11 00:00:00-04:00,152.67066357278438,152.88941612484356,151.34196588740602,151.69033813476562,99009100
2014-03-12 00:00:00-04:00,150.95309777624945,151.78758414555313,150.61281049881393,151.73086547851562,104824400
2014-03-13 00:00:00-04:00,152.18461325938506,152.30614800025884,149.608239936523,150.02952575683594,155014300
2014-03-14 00:00:00-04:00,149.76213661989323,150.531806990753,149.4299590573721,149.6082000732422,153919600
2014-03-17 00:00:00-04:00,150.36170342962035,151.31772480255808,150.29688737362468,150.96124267578125,98359500
2014-03-18 00:00:00-04:00,151.26907171395297,152.24128754541803,151.10702544004627,152.0387420654297,101804600
2014-03-19 00:00:00-04:00,152.05492272348843,152.26557791510368,150.26442776912222,151.22854614257812,176267300
2014-03-20 00:00:00-04:00,150.89637573486004,152.22507352871418,150.62901422993644,152.1116485595703,117241000
2014-03-21 00:00:00-04:00,152.750480207666,153.8165009257361,151.383360663797,151.52169799804688,163128000
2014-03-24 00:00:00-04:00,152.0424664998827,152.22963968747018,150.23592364051524,150.8950653076172,121411000
2014-03-25 00:00:00-04:00,151.65999900609629,152.123846795383,150.76487310177328,151.61117553710938,103852000
2014-03-26 00:00:00-04:00,152.20520838479206,152.44933813590373,150.48004633299152,150.52073669433594,119843000
2014-03-27 00:00:00-04:00,150.34172170607778,150.82183572631462,149.65002275580326,150.20338439941406,142383000
2014-03-28 00:00:00-04:00,150.6346920431745,151.70071266964217,150.54517819729782,150.9439239501953,101642000
2014-03-31 00:00:00-04:00,151.90414202401686,152.41681332702916,150.9683256748882,152.18081665039062,99745000
2014-04-01 00:00:00-04:00,152.6772546921059,153.27944001399976,152.17272876268365,153.18992614746094,89193000
2014-04-02 00:00:00-04:00,153.38522586876317,153.9060304105226,153.10040564658362,153.7025909423828,78774000
2014-04-03 00:00:00-04:00,153.93855397598136,153.9792443473748,153.02714925816758,153.49913024902344,77435000
2014-04-04 00:00:00-04:00,154.33729107895064,154.36983592406241,151.4403156026668,151.68443298339844,169381000
2014-04-07 00:00:00-04:00,151.31823751450284,151.57050040759265,149.69886768455598,150.00808715820312,140803000
2014-04-08 00:00:00-04:00,149.94299048633408,150.8706737747982,149.39777431317123,150.62655639648438,112660000
2014-04-09 00:00:00-04:00,151.03335918454007,152.29467306044876,150.59392329097435,152.245849609375,100254000
2014-04-10 00:00:00-04:00,152.23778000500036,152.31101521215746,148.8606783660459,149.0478515625,172959000
2014-04-11 00:00:00-04:00,148.21782573907478,149.25943459298824,147.54240536370077,147.7051544189453,167251000
2014-04-14 00:00:00-04:00,148.86072044128414,149.21877588897524,147.64822916800972,148.86886596679688,132382000
2014-04-15 00:00:00-04:00,149.17803633871435,149.9999269737949,147.70512477938016,149.89413452148438,157093000
2014-04-16 00:00:00-04:00,150.92765383291942,151.47287004603055,150.26036650474998,151.46473693847656,105197000
2014-04-17 00:00:00-04:00,151.2612880841551,152.09945753750634,151.0008796551355,151.67630004882812,105255000
2014-04-21 00:00:00-04:00,151.71699876583926,152.25408186752594,151.5298379577817,152.2052459716797,68329000
2014-04-22 00:00:00-04:00,152.35982863677876,153.311923517907,152.27846032873288,152.89691162109375,85790000
2014-04-23 00:00:00-04:00,152.839917033427,152.9212853212353,152.41675971918647,152.538818359375,73869000
2014-04-24 00:00:00-04:00,153.2875071136285,153.30378574152382,152.11569424426264,152.84808349609375,88170000
2014-04-25 00:00:00-04:00,152.35169541686636,152.44120924751843,151.2531177149505,151.5948944091797,100380000
2014-04-28 00:00:00-04:00,152.21333422536168,152.73413849914525,150.51258412689148,152.0749969482422,135121000
2014-04-29 00:00:00-04:00,152.56327147305893,153.01897374265013,152.23777339962396,152.78298950195312,84098000
2014-04-30 00:00:00-04:00,152.53077365636585,153.39335499215466,152.31918866814334,153.23873901367188,101508000
2014-05-01 00:00:00-04:00,153.16543003042727,153.66995568192505,152.76668440514305,153.25494384765625,93019000
2014-05-02 00:00:00-04:00,153.2386413595761,153.91406143586389,152.8073509665293,153.0352020263672,98122000
2014-05-05 00:00:00-04:00,152.28660774301932,153.4340090217849,151.8634502837737,153.32821655273438,75883000
2014-05-06 00:00:00-04:00,152.98648374201258,153.09227624143162,151.9611532678898,151.9936981201172,85454000
2014-05-07 00:00:00-04:00,152.50631162910932,152.96201388893328,151.36704356259412,152.88877868652344,106500000
2014-05-08 00:00:00-04:00,152.7504678564961,153.84090022673618,152.23779651687926,152.72604370117188,93618000
2014-05-09 00:00:00-04:00,152.75044853415946,153.01897762222592,152.03433785409985,152.95388793945312,83679000
2014-05-12 00:00:00-04:00,153.63742691805237,154.51628655633604,152.98641839892133,154.4430389404297,86940000
2014-05-13 00:00:00-04:00,154.64648005824205,154.9557119021067,154.42677445892704,154.58139038085938,66454000
2014-05-14 00:00:00-04:00,154.44306918822426,154.5163168184762,153.62931148417408,153.84902954101562,72367000
2014-05-15 00:00:00-04:00,153.53976231470514,153.57231956887262,151.7494982610775,152.49815368652344,154956000
2014-05-16 00:00:00-04:00,152.58767882300322,153.09221696437143,151.9448158005078,153.02711486816406,97458000
2014-05-19 00:00:00-04:00,152.73422055426795,153.7107275401128,152.59588320282793,153.5886688232422,63839000
2014-05-20 00:00:00-04:00,153.51534981287222,153.53162843987434,152.22962386965224,152.62022399902344,111644000
2014-05-21 00:00:00-04:00,153.0596301538911,153.97918001195302,153.03521842464636,153.90594482421875,89093000
2014-05-22 00:00:00-04:00,153.94664512553845,154.59765363952744,153.68624917011562,154.28028869628906,61549000
2014-05-23 00:00:00-04:00,154.41866195586297,155.0045685132304,154.2803246321731,154.89878845214844,61092800
2014-05-27 00:00:00-04:00,155.47652663247905,155.89968406548113,155.38701279890086,155.85086059570312,72010000
2014-05-28 00:00:00-04:00,155.850925127358,156.0950549942881,155.4765910091371,155.73699951171875,66723000
2014-05-29 00:00:00-04:00,156.09503041449796,156.5669990214263,155.69628461406936,156.54258728027344,64377000
2014-05-30 00:00:00-04:00,156.3960513294316,156.89244388656584,156.2658471531775,156.79478454589844,76316000
2014-06-02 00:00:00-04:00,157.01449101339085,157.04704826354092,156.21701222205346,156.9738006591797,64656000
2014-06-03 00:00:00-04:00,156.59140301014426,156.9738701585497,156.44493257047833,156.8925018310547,65047000
2014-06-04 00:00:00-04:00,156.62391717704,157.2993374358825,156.46116814987485,157.20982360839844,55529000
2014-06-05 00:00:00-04:00,157.38880527771474,158.39785640148838,156.81103212059338,158.235107421875,92103000
2014-06-06 00:00:00-04:00,158.57696474691588,159.03266708864416,158.5037295313433,158.9919891357422,78696000
2014-06-09 00:00:00-04:00,158.96756333664337,159.5371912134205,158.821080501497,159.15472412109375,65119000
2014-06-10 00:00:00-04:00,158.959420307931,159.2035500923687,158.61764357650085,159.17100524902344,57129000
2014-06-11 00:00:00-04:00,158.6013513761247,158.7803790415973,158.2595746739376,158.6176300048828,68772000
2014-06-12 00:00:00-04:00,158.43047287734328,158.51998671213835,157.14473434890292,157.49464416503906,106350000
2014-06-13 00:00:00-04:00,157.80386740872933,158.12937788880913,157.29934168579962,157.97476196289062,82017000
2014-06-16 00:00:00-04:00,157.7795280327187,158.4386699838502,157.59236718143762,158.1050262451172,87424000
2014-06-17 00:00:00-04:00,157.885261372053,158.65832864951395,157.71436680356177,158.54440307617188,84834000
2014-06-18 00:00:00-04:00,158.54437109545253,159.7975521494304,158.19444892272875,159.70803833007812,105267000
2014-06-19 00:00:00-04:00,159.846364088959,159.98471377731082,159.33370535776345,159.88705444335938,85929000
2014-06-20 00:00:00-04:00,160.28531710020567,160.3425590847571,160.01548876544248,160.21173095703125,100587000
2014-06-23 00:00:00-04:00,160.25257092661278,160.3016283415038,159.8682712080287,160.16262817382812,70611000
2014-06-24 00:00:00-04:00,159.87645642276894,160.66958463255747,159.01791416226592,159.1977996826172,96237000
2014-06-25 00:00:00-04:00,158.8625890342185,160.08090257839908,158.82988824056676,159.91737365722656,82782000
2014-06-26 00:00:00-04:00,159.94188715648718,159.95824378998552,158.73175828318043,159.80288696289062,84312000
2014-06-27 00:00:00-04:00,159.42674512074063,160.16264384547245,159.35315899120386,160.11358642578125,71445100
2014-06-30 00:00:00-04:00,160.01547320049545,160.39977299052308,159.87647300697884,160.03182983398438,70201200
2014-07-01 00:00:00-04:00,160.42427907618404,161.59353491484333,160.36704958172808,161.10293579101562,90470000
2014-07-02 00:00:00-04:00,161.11929198252415,161.4708784550265,161.045705857087,161.26646423339844,52475000
2014-07-03 00:00:00-04:00,161.72437372206824,162.13320222505553,161.60173016175438,162.0596160888672,52938800
2014-07-07 00:00:00-04:00,161.74887593670033,161.87969154402944,161.25827686074462,161.49539184570312,61696000
2014-07-08 00:00:00-04:00,161.20104372845094,161.25828569691188,160.0645012007809,160.4569854736328,108143000
2014-07-09 00:00:00-04:00,160.85765845783487,161.3237289375223,160.51424401428102,161.17654418945312,72992000
2014-07-10 00:00:00-04:00,159.6230159060952,160.9639730161399,159.49218777915013,160.53878784179688,99040000
2014-07-11 00:00:00-04:00,160.44065102516717,160.87400821945897,160.08087996353885,160.75953674316406,64243000
2014-07-14 00:00:00-04:00,161.5771570616422,161.78157125697973,161.43815690598697,161.56898498535156,58658000
2014-07-15 00:00:00-04:00,161.66712059931285,161.97783420865275,160.55510673459807,161.26646423339844,111307000
2014-07-16 00:00:00-04:00,161.9860010824008,162.10864462085627,161.42181585259846,161.8633575439453,79986400
2014-07-17 00:00:00-04:00,161.36462344173327,161.97786622784102,159.7947109300158,160.02366638183594,145398000
2014-07-18 00:00:00-04:00,160.54698238672265,161.8225255126589,160.4570396034088,161.65899658203125,124330000
2014-07-21 00:00:00-04:00,161.15197008448916,161.48721235511923,160.61231362100455,161.35638427734375,67592000
2014-07-22 00:00:00-04:00,161.9042592614991,162.35397311007625,161.78978777972088,162.0596160888672,67678000
2014-07-23 00:00:00-04:00,162.30493158318157,162.59111655388585,161.97787373933983,162.41940307617188,65612000
2014-07-24 00:00:00-04:00,162.5747054659037,162.76276303930175,162.26399188480468,162.42752075195312,56888000
2014-07-25 00:00:00-04:00,161.9697044508617,162.1087046714195,161.34828949840482,161.66717529296875,76837000
2014-07-28 00:00:00-04:00,161.69984593685984,161.96967424755277,160.76771744376416,161.73255920410156,69259000
2014-07-29 00:00:00-04:00,162.03506376233148,162.26400669252246,161.01299265381664,161.0375213623047,80466000
2014-07-30 00:00:00-04:00,161.60993206942808,161.82253091515358,160.39163089058985,161.06210327148438,104222000
2014-07-31 00:00:00-04:00,159.94189264820605,160.0808928465753,157.78327858116978,157.8813934326172,183479000
2014-08-01 00:00:00-04:00,157.4480442446354,158.42923023858918,156.63857172594055,157.39898681640625,189261000
2014-08-04 00:00:00-04:00,157.70155432504458,158.87081071374237,157.03108184862907,158.5355682373047,91340000
2014-08-05 00:00:00-04:00,157.8895771762751,158.2984056904794,156.42596410860835,156.99832153320312,152690000
2014-08-06 00:00:00-04:00,156.26246791514572,157.71789673232198,156.23793919727436,157.04742431640625,94818000
2014-08-07 00:00:00-04:00,157.75874940644033,157.91410623841466,155.80454960327822,156.197021484375,135733000
2014-08-08 00:00:00-04:00,156.54859999522847,158.11031523633244,156.13158697949297,158.0040283203125,117014000
2014-08-11 00:00:00-04:00,158.600898969965,159.16508418834823,158.38831268212704,158.46189880371094,74544000
2014-08-12 00:00:00-04:00,158.30653342588988,158.74806260791277,157.7587048674835,158.24111938476562,73632000
2014-08-13 00:00:00-04:00,158.86258774881384,159.49218719051353,158.59277189311365,159.3123016357422,69047000
2014-08-14 00:00:00-04:00,159.57394270607392,160.0645294189453,159.42675795869354,160.0645294189453,57371000
2014-08-15 00:00:00-04:00,160.64507258703415,160.79224485906732,158.8789304639014,160.03182983398438,139951000
2014-08-18 00:00:00-04:00,160.91494719416542,161.44641940914198,160.82500439878146,161.37283325195312,75424000
2014-08-19 00:00:00-04:00,161.7652519914076,162.33760937526148,161.4381941939069,162.2149658203125,59135000
2014-08-20 00:00:00-04:00,161.9941873887426,162.84455758490736,161.96148660109995,162.6483154296875,72763000
2014-08-21 00:00:00-04:00,162.78734671078473,163.3351754627557,162.65651858231067,163.12258911132812,67791000
2014-08-22 00:00:00-04:00,162.9917384043023,163.2779233361382,162.501151705169,162.8690948486328,76107000
2014-08-25 00:00:00-04:00,163.64587360586935,164.01381676535593,162.8363886738342,163.69493103027344,63855000
2014-08-26 00:00:00-04:00,163.80120849609375,164.20186486916006,163.76032315574753,163.80120849609375,47298000
2014-08-27 00:00:00-04:00,163.88295104803888,163.99743498065573,163.48230718969182,163.73577880859375,47874000
2014-08-28 00:00:00-04:00,163.19611452058982,163.7521276214527,163.0325856590839,163.6458282470703,58330000
2014-08-29 00:00:00-04:00,163.8992939590768,164.1282368522414,163.3841786876825,164.1118927001953,65907000
2014-09-02 00:00:00-04:00,164.32453892287404,164.34906763634504,163.41693909507777,164.03018188476562,72426000
2014-09-03 00:00:00-04:00,164.65977348809938,164.6843022004053,163.71128835741598,163.9402313232422,57462000
2014-09-04 00:00:00-04:00,164.21825576912659,164.8233265397042,163.25342633987717,163.70314025878906,85236000
2014-09-05 00:00:00-04:00,163.67039580569727,164.5044094167494,163.04898099387813,164.43899536132812,102177000
2014-09-08 00:00:00-04:00,164.2836375023405,164.52076501130287,163.53139458442675,164.01380920410156,64146000
2014-09-09 00:00:00-04:00,163.86664598738696,163.98111747085966,162.64016046026978,162.97540283203125,88591000
2014-09-10 00:00:00-04:00,163.06532586001646,163.69492522928775,162.52568173423936,163.58863830566406,67251000
2014-09-11 00:00:00-04:00,162.9345171520805,163.801231593235,162.81186111374646,163.77670288085938,66774400
2014-09-12 00:00:00-04:00,163.61319677393263,163.62954093349015,162.3539978063749,162.820068359375,117409300
2014-09-15 00:00:00-04:00,162.8445571716785,162.97538527482644,162.20678576440062,162.69737243652344,76401000
2014-09-16 00:00:00-04:00,162.39485928485348,164.21823092407925,162.30491651467878,163.9238739013672,116201000
2014-09-17 00:00:00-04:00,164.1609641738447,164.90502240215133,163.32695071931792,164.1446075439453,151266000
2014-09-18 00:00:00-04:00,164.64338834023368,165.04404469926882,164.43080204491403,165.01951599121094,94990000
2014-09-19 00:00:00-04:00,165.544468474774,165.85662200296588,164.53404017667552,164.870849609375,121649000
2014-09-22 00:00:00-04:00,164.583380388409,164.60802376427023,163.25257541800755,163.59759521484375,125553000
2014-09-23 00:00:00-04:00,163.0060456210686,163.68787458509792,162.61173927450238,162.66102600097656,111393000
2014-09-24 00:00:00-04:00,162.68567474256693,164.04112243928157,162.25851474248702,163.934326171875,107276000
2014-09-25 00:00:00-04:00,163.50720631048515,163.51542912433348,161.23171806483828,161.28921508789062,150300000
2014-09-26 00:00:00-04:00,161.58492164706885,162.9732232043375,161.3549085229412,162.57069396972656,103547000
2014-09-29 00:00:00-04:00,161.17418447817954,162.5624860556339,161.05096763659645,162.27496337890625,95112000
2014-09-30 00:00:00-04:00,162.39822892842787,162.8993317537754,161.5110298670857,161.84783935546875,131302000
2014-10-01 00:00:00-04:00,161.5849484882693,161.6424580462418,159.29302714400507,159.65447998046875,177798000
2014-10-02 00:00:00-04:00,159.51483230828418,160.2377380483554,158.01153633438454,159.67913818359375,157285000
2014-10-03 00:00:00-04:00,160.74700560481836,161.78207717287916,160.25412572291904,161.4370574951172,121569000
2014-10-06 00:00:00-04:00,162.11070939110465,162.32430201467963,160.6649104485573,161.24815368652344,104778000
2014-10-07 00:00:00-04:00,160.4184243574114,160.7798771370357,158.72617955714793,158.759033203125,147913000
2014-10-08 00:00:00-04:00,158.84934443066328,161.76559654701066,158.01965539233947,161.53558349609375,186461000
2014-10-09 00:00:00-04:00,161.28100102449594,161.50280390198415,158.20045425018122,158.33189392089844,210705000
2014-10-10 00:00:00-04:00,158.29079990235928,159.0794127696509,156.4835485021425,156.5246124267578,221909000
2014-10-13 00:00:00-04:00,156.4589444102898,157.0257545669811,153.8630669563472,153.95343017578125,230939000
2014-10-14 00:00:00-04:00,154.78310112715903,155.93317946685488,153.6494558803269,154.19163513183594,215847000
2014-10-15 00:00:00-04:00,152.10507649247734,154.18341765817033,149.44347963772088,153.14834594726562,380715000
2014-10-16 00:00:00-04:00,150.37996845823096,154.09305765843254,150.24031850944425,153.0169219970703,270391000
2014-10-17 00:00:00-04:00,154.78308125534656,155.87564989713857,154.1258955077184,154.82415771484375,214625000
2014-10-20 00:00:00-04:00,154.5448909714075,156.450716259775,154.4956042233569,156.32749938964844,130011000
2014-10-21 00:00:00-04:00,157.46116695146537,159.5312985699257,157.296873576777,159.4245147705078,154949000
2014-10-22 00:00:00-04:00,159.70374698726562,160.11448651707096,158.22508217301117,158.29080200195312,151822000
2014-10-23 00:00:00-04:00,159.8762486515083,161.17418705428872,159.58051569220675,160.1309051513672,154944000
2014-10-24 00:00:00-04:00,160.39380453756925,161.41244319926489,159.76948489414252,161.36314392089844,117927000
2014-10-27 00:00:00-04:00,160.78809963441634,161.3795655851563,160.21306677530146,161.14134216308594,82954000
2014-10-28 00:00:00-04:00,161.6835361871969,162.9978953377704,161.6095935354976,162.98968505859375,106736000
2014-10-29 00:00:00-04:00,163.1046626147532,163.57289914004178,161.66707432369984,162.7432098388672,142557000
2014-10-30 00:00:00-04:00,162.30784932924865,164.25475087204973,162.15997656656242,163.78651428222656,113330000
2014-10-31 00:00:00-04:00,165.7580278123125,165.79089399103194,164.92833855387656,165.65945434570312,146903000
2014-11-03 00:00:00-05:00,165.87303372731682,166.3084165828584,165.37193104936478,165.74981689453125,93600000
2014-11-04 00:00:00-05:00,165.30624708484441,165.61020289627302,164.34511797630753,165.17481994628906,93343000
2014-11-05 00:00:00-05:00,166.38234137910518,166.4234178336492,165.486932330006,166.21804809570312,91709000
2014-11-06 00:00:00-05:00,166.25914904511157,166.9738318273301,165.64303974050227,166.8834686279297,107089000
2014-11-07 00:00:00-05:00,166.89983985964835,167.253082248116,166.43981375494084,167.03948974609375,89540000
2014-11-10 00:00:00-05:00,167.0723363819396,167.6145027792275,166.86696671386653,167.56521606445312,66319000
2014-11-11 00:00:00-05:00,167.63102551675448,167.83639529466578,167.29421607263362,167.72959899902344,54499400
2014-11-12 00:00:00-05:00,167.0477559622911,167.77887175469928,167.0148897835455,167.54885864257812,90120300
2014-11-13 00:00:00-05:00,167.71316485896764,168.26355431502145,166.93276227306376,167.73780822753906,85357900
2014-11-14 00:00:00-05:00,167.66387832263254,167.98425464921996,167.35171227398692,167.7788848876953,80417500
2014-11-17 00:00:00-05:00,167.45849060164446,168.05816673124568,167.2941847822257,167.88565063476562,80441000
2014-11-18 00:00:00-05:00,167.9431687947785,169.15895420525305,167.9431687947785,168.85501098632812,76068100
2014-11-19 00:00:00-05:00,168.65786870783663,168.85502820048956,167.8281793456274,168.5839385986328,82373000
2014-11-20 00:00:00-05:00,167.79526531487085,168.98641967466628,167.72954550272698,168.87962341308594,72840300
2014-11-21 00:00:00-05:00,170.57188947113022,170.7361827549407,169.20823139943258,169.78326416015625,142327300
2014-11-24 00:00:00-05:00,170.18583550919146,170.3665619265749,169.97225544081888,170.259765625,65880800
2014-11-25 00:00:00-05:00,170.4897962191645,170.69516602948354,169.8819096028783,170.13656616210938,79108300
2014-11-26 00:00:00-05:00,170.28445291489467,170.67054922117555,170.07087279143775,170.5719757080078,62167800
2014-11-28 00:00:00-05:00,170.44873099275716,170.76088457842636,169.97227153225558,170.2104949951172,57890100
2014-12-01 00:00:00-05:00,169.5532882586732,169.6682948360523,168.71538856695847,169.0275421142578,103968400
2014-12-02 00:00:00-05:00,169.0686096951251,170.32547170143906,169.04396632517984,170.12010192871094,74507200
2014-12-03 00:00:00-05:00,170.29258264275492,170.990832203972,170.12828936569053,170.77725219726562,68952000
2014-12-04 00:00:00-05:00,170.4897471256687,171.08943582415705,169.79970777004428,170.5883331298828,91316600
2014-12-05 00:00:00-05:00,170.7608947220097,171.25378730622916,170.49802786926404,170.86769104003906,91025500
2014-12-08 00:00:00-05:00,170.47339453760586,170.96627461608608,169.16723287290068,169.72584533691406,108588200
2014-12-09 00:00:00-05:00,167.88566780644217,169.71757509518446,167.50779446658734,169.61077880859375,125180100
2014-12-10 00:00:00-05:00,169.1507605881323,169.20825760572254,166.70274390155328,166.89169311523438,159856400
2014-12-11 00:00:00-05:00,167.48315172911757,169.3807663177685,167.3435017956211,167.73780822753906,159012800
2014-12-12 00:00:00-05:00,166.4644893682512,167.43384102078957,164.9940476033174,165.0269012451172,202330200
2014-12-15 00:00:00-05:00,165.92231882892145,166.37413476931656,163.29358863222393,163.8932647705078,189965800
2014-12-16 00:00:00-05:00,163.12929259461615,166.2673356886068,162.53782674348534,162.5789031982422,259543800
2014-12-17 00:00:00-05:00,163.01430333652465,166.21806659106207,162.8910739591806,165.76625061035156,253910100
2014-12-18 00:00:00-05:00,168.1895908176554,174.9503585069581,167.51597211770653,169.8654022216797,257633900
2014-12-19 00:00:00-05:00,170.5138450572161,171.25726426516715,169.8365210008595,170.58819580078125,245084600
2014-12-22 00:00:00-05:00,170.77819441316655,171.3729248046875,170.5386561795622,171.3729248046875,148318900
2014-12-23 00:00:00-05:00,171.95112622110676,172.0006849849126,171.3150926763629,171.6042022705078,122167900
2014-12-24 00:00:00-05:00,171.82724606982146,172.091563703884,171.5794396226657,171.62074279785156,42963400
2014-12-26 00:00:00-05:00,172.06680858610153,172.51286277468074,172.01724981047303,172.1741943359375,57326700
2014-12-29 00:00:00-05:00,171.99244998984818,172.61195981952903,171.9263674288737,172.40545654296875,79643900
2014-12-30 00:00:00-05:00,171.98410811434636,172.1162605660366,171.4058891468936,171.48023986816406,73540800
2014-12-31 00:00:00-05:00,171.80244365946461,171.9676437341075,169.65480487723386,169.77870178222656,130333800
2015-01-02 00:00:00-05:00,170.47255808561408,170.88556456408185,168.65531949719002,169.68783569335938,121465900
2015-01-05 00:00:00-05:00,168.6470505972124,168.81225065477216,166.31770079651972,166.62332153320312,169632600
2015-01-06 00:00:00-05:00,166.92890327683457,167.44929531034774,164.26088578879694,165.05386352539062,209151400
2015-01-07 00:00:00-05:00,166.3755210016873,167.44934031956146,165.9294795701786,167.1106719970703,125346700
2015-01-08 00:00:00-05:00,168.51496153307292,170.2908976139129,168.49845034263765,170.0761260986328,147217800
2015-01-09 00:00:00-05:00,170.48908829723226,170.5056120873232,168.10191108942752,168.71316528320312,158567300
2015-01-12 00:00:00-05:00,168.845362353067,169.00230687873824,166.78858493404508,167.39157104492188,144396100
2015-01-13 00:00:00-05:00,168.60574554907672,169.72912357347792,165.62383853897953,166.92068481445312,214553300
2015-01-14 00:00:00-05:00,164.91346747166824,166.1111962382504,164.02138464722543,165.91294860839844,192991100
2015-01-15 00:00:00-05:00,166.54902209394717,166.86289849504993,164.2774861138506,164.39312744140625,176613900
2015-01-16 00:00:00-05:00,164.18659841874955,166.70594044959492,164.00487456052744,166.5489959716797,211879600
2015-01-20 00:00:00-05:00,167.1850008985163,167.4493310684787,165.34299571593226,166.90415954589844,130991100
2015-01-21 00:00:00-05:00,166.4416627451499,168.22585431367148,165.9790973615987,167.74676513671875,122942700
2015-01-22 00:00:00-05:00,168.49838416512793,170.3734244640465,167.12719965980176,170.24127197265625,174356000
2015-01-23 00:00:00-05:00,169.9852312963904,170.24130594621263,169.1757419827697,169.3079071044922,117516800
2015-01-26 00:00:00-05:00,169.0931194349828,169.79522289212784,168.3827477816635,169.70436096191406,92009700
2015-01-27 00:00:00-05:00,167.655845533799,168.60575536241527,166.63985315825929,167.4658660888672,134044600
2015-01-28 00:00:00-05:00,168.64705303956416,168.74617055474414,165.12824260715124,165.31822204589844,168514300
2015-01-29 00:00:00-05:00,165.51646277051452,167.1024059669704,164.11223080965064,166.84634399414062,173585400
2015-01-30 00:00:00-05:00,165.67340346122168,166.99501645954078,164.4839429399654,164.74826049804688,197729700
2015-02-02 00:00:00-05:00,165.243842952184,166.87934456706182,163.43487312478038,166.78848266601562,163107000
2015-02-03 00:00:00-05:00,167.68065470962785,169.20878394437813,167.3089513455954,169.2005157470703,124212900
2015-02-04 00:00:00-05:00,168.44055681294967,169.64654124823144,168.10188848340294,168.5561981201172,134306700
2015-02-05 00:00:00-05:00,169.21704055366874,170.40650140888124,169.1427024012078,170.2578125,97953200
2015-02-06 00:00:00-05:00,170.62122529181084,171.18292062670562,169.26656461865574,169.78695678710938,125672000
2015-02-09 00:00:00-05:00,169.1426646169671,169.86129180480972,168.6222724580705,169.0270233154297,87219000
2015-02-10 00:00:00-05:00,170.0595726937605,171.08382082082983,169.06834693936443,170.8277587890625,96164200
2015-02-11 00:00:00-05:00,170.66250131159907,171.35634902319828,170.01821235026344,170.92681884765625,91087800
2015-02-12 00:00:00-05:00,171.71982537678446,172.62844463006107,170.95989500311532,172.57061767578125,97545900
2015-02-13 00:00:00-05:00,172.69452848136683,173.3305493595107,172.43845388699384,173.28099060058594,93670400
2015-02-17 00:00:00-05:00,172.9671141018099,173.72705713986363,172.7193202893553,173.5535888671875,76968200
2015-02-18 00:00:00-05:00,173.18191747029533,173.6444828107608,172.9175872163378,173.5701446533203,80652900
2015-02-19 00:00:00-05:00,172.97534624270514,173.80961464663997,172.83492557693128,173.4461669921875,91462500
2015-02-20 00:00:00-05:00,173.03320849141335,174.56133766054108,172.4136987099765,174.48699951171875,140896400
2015-02-23 00:00:00-05:00,174.2391617104285,174.46218872070312,173.85919023381086,174.46218872070312,74411100
2015-02-24 00:00:00-05:00,174.38787367741764,175.15607237940614,174.09050847083483,174.95782470703125,72472300
2015-02-25 00:00:00-05:00,174.83390718824936,175.3129962204007,174.47045946703403,174.8091278076172,73061700
2015-02-26 00:00:00-05:00,174.7182566612815,174.87520113297848,173.99961684898244,174.6026153564453,72697900
2015-02-27 00:00:00-05:00,174.5035195995795,174.7678498363769,173.95836054311377,174.00791931152344,108076000
2015-03-02 00:00:00-05:00,174.1069946946203,175.16429017790526,174.0574359382095,175.10647583007812,87491400
2015-03-03 00:00:00-05:00,174.67697275512717,175.15606181483415,173.52881517195365,174.3878631591797,110325800
2015-03-04 00:00:00-05:00,173.79314592999464,173.86749668575007,172.6862914344985,173.65272521972656,114497200
2015-03-05 00:00:00-05:00,173.97488018199235,174.12356909840437,173.33885915122326,173.8427276611328,76873000
2015-03-06 00:00:00-05:00,172.98367939572782,173.4132097803056,171.06733536385,171.39773559570312,188128000
2015-03-09 00:00:00-04:00,171.5959387365701,172.46324227095045,171.43899425580943,172.10806274414062,89818900
2015-03-10 00:00:00-04:00,170.74514307546252,170.82773680839537,169.27482842335175,169.31613159179688,157121300
2015-03-11 00:00:00-04:00,169.57223785067123,169.7457061618348,168.8370866347127,168.91969299316406,110145700
2015-03-12 00:00:00-04:00,169.54738756835224,171.13333067656885,169.49782881558852,171.0672607421875,93993500
2015-03-13 00:00:00-04:00,170.79467305582406,171.75283834092306,168.9857029767861,170.01821899414062,162410900
2015-03-16 00:00:00-04:00,170.74515462838175,172.3806568570192,170.0430385291803,172.289794921875,136099200
2015-03-17 00:00:00-04:00,171.55460667379185,172.15759251056483,170.96813201877035,171.7776336669922,94510400
2015-03-18 00:00:00-04:00,171.30686131999258,174.51179627508682,170.67082768526348,173.8427276611328,228808500
2015-03-19 00:00:00-04:00,173.4297305146279,173.85099269340574,172.6615317133733,173.0497589111328,117917300
2015-03-20 00:00:00-04:00,173.99640669875154,175.0833117613719,173.81387167111257,174.5771942138672,177715100
2015-03-23 00:00:00-04:00,174.5855025701291,175.1579976944319,174.23703002929688,174.23703002929688,71784500
2015-03-24 00:00:00-04:00,174.112585767895,174.56891073329592,173.1916180726312,173.25799560546875,77805300
2015-03-25 00:00:00-04:00,173.46543463004932,173.6977496835964,170.6776413272634,170.7191162109375,159521700
2015-03-26 00:00:00-04:00,170.0552950596819,171.22516228305733,169.35833753017545,170.3125,153067200
2015-03-27 00:00:00-04:00,170.19638183333447,170.87672931710654,170.0055416991604,170.70249938964844,118939000
2015-03-30 00:00:00-04:00,171.73131157884472,173.08372670196508,171.71472669332005,172.7850341796875,96180400
2015-03-31 00:00:00-04:00,171.9636618523457,172.66061965410185,171.21693672358907,171.27500915527344,126768700
2015-04-01 00:00:00-04:00,171.24185255968422,171.26674255705095,169.6820118701832,170.6693572998047,137303600
2015-04-02 00:00:00-04:00,170.6029193047295,171.73131187302016,170.4203842819018,171.2832794189453,86900900
2015-04-06 00:00:00-04:00,170.39553160211617,172.95100982101852,170.26278918753715,172.4365997314453,114368200
2015-04-07 00:00:00-04:00,172.46145215552548,173.20817713321736,171.94704217801407,171.980224609375,81236300
2015-04-08 00:00:00-04:00,172.2042701655457,173.0007752267654,171.81431007882907,172.56103515625,89351900
2015-04-09 00:00:00-04:00,172.39502007849677,173.55659471182113,171.90550024446821,173.32427978515625,85548900
2015-04-10 00:00:00-04:00,173.5732120010604,174.3116443863079,173.37409213281458,174.27015686035156,72722900
2015-04-13 00:00:00-04:00,174.12917502382024,174.75975527148466,173.43222990187343,173.4820098876953,74436600
2015-04-14 00:00:00-04:00,173.28288096153133,173.99642359516923,172.6606058505757,173.8138885498047,75099900
2015-04-15 00:00:00-04:00,174.27848786713062,175.09988276617088,174.19551280288417,174.59376525878906,99529300
2015-04-16 00:00:00-04:00,174.26191135152382,175.05012391611444,174.06277876943213,174.54400634765625,68934900
2015-04-17 00:00:00-04:00,173.35757112990004,173.5981786303334,171.75624307452983,172.53616333007812,191113200
2015-04-20 00:00:00-04:00,173.45709394440155,174.44443904955597,173.37413153385023,174.11256408691406,92189500
2015-04-21 00:00:00-04:00,174.79293925483387,174.95058431814448,173.60647404818283,173.90516662597656,72559800
2015-04-22 00:00:00-04:00,174.24534286718344,174.94230069064122,173.32437509425588,174.759765625,78264600
2015-04-23 00:00:00-04:00,174.36153367954782,175.84670448257822,174.24537613016753,175.1995391845703,102585900
2015-04-24 00:00:00-04:00,175.6143536888242,175.87155873444283,175.1580160303617,175.60604858398438,61327400
2015-04-27 00:00:00-04:00,176.17024581984043,176.2946957863419,174.685075365081,174.87591552734375,79358100
2015-04-28 00:00:00-04:00,174.8509904598969,175.48155793071655,173.68111036857317,175.43177795410156,86863500
2015-04-29 00:00:00-04:00,174.5439650518762,175.30728744563643,173.90510524005842,174.7099151611328,125684900
2015-04-30 00:00:00-04:00,174.1374775440112,174.52743764078912,172.2623470377464,172.9593048095703,161304900
2015-05-01 00:00:00-04:00,173.73920137750798,174.87589915945125,173.63964141362536,174.83441162109375,103399700
2015-05-04 00:00:00-04:00,175.25757748874994,175.9130477655993,175.1497250669073,175.33226013183594,70927200
2015-05-05 00:00:00-04:00,175.0915443760556,175.4483218664285,173.183232341125,173.32427978515625,113326200
2015-05-06 00:00:00-04:00,173.8719263269991,174.17891126928984,171.54876384368936,172.61077880859375,135060200
2015-05-07 00:00:00-04:00,172.51122599256044,173.7225935877157,172.1793510498914,173.2994384765625,88244900
2015-05-08 00:00:00-04:00,174.96716101043745,175.78026356297747,174.884185936411,175.5811309814453,155877300
2015-05-11 00:00:00-04:00,175.53966651686653,175.80516398110535,174.66847882878935,174.74314880371094,75708100
2015-05-12 00:00:00-04:00,173.91342824033026,174.75972583742453,173.09202063195485,174.2204132080078,119727600
2015-05-13 00:00:00-04:00,174.62704000715308,175.24931529220916,174.02136227456097,174.25367736816406,94667900
2015-05-14 00:00:00-04:00,175.26585334388207,176.1619309693813,174.99205079218353,176.07066345214844,95934000
2015-05-15 00:00:00-04:00,176.26153564453125,176.40258317781456,175.78030794615304,176.26153564453125,76510100
2015-05-18 00:00:00-04:00,176.0955850883532,177.05802775369216,176.02920754932617,176.8091278076172,74549700
2015-05-19 00:00:00-04:00,176.92528021508664,177.19908280806544,176.46894256012197,176.75103759765625,72114600
2015-05-20 00:00:00-04:00,176.85059685814068,177.37331204809766,176.31129677913978,176.6265869140625,76857500
2015-05-21 00:00:00-04:00,176.48548802195896,177.3483704292244,176.31953789806212,177.1409454345703,64764600
2015-05-22 00:00:00-04:00,176.75930935079924,177.17415941398292,176.65145694332057,176.71783447265625,57433500
2015-05-26 00:00:00-04:00,176.22831309072097,176.65146828487644,174.40297522756453,174.8178253173828,124308600
2015-05-27 00:00:00-04:00,175.27414079278412,176.7095183772556,174.8675831984737,176.47720336914062,93214000
2015-05-28 00:00:00-04:00,176.1702721131509,176.38598964068927,175.58948441576126,176.27813720703125,74974600
2015-05-29 00:00:00-04:00,176.2117246051281,176.2531994850872,174.91739437695398,175.18289184570312,124919600
2015-06-01 00:00:00-04:00,175.84664258087983,176.17851755936138,174.75143236349666,175.53965759277344,93338800
2015-06-02 00:00:00-04:00,175.08336818147808,176.05411605389597,174.46109293042386,175.36546325683594,91531000
2015-06-03 00:00:00-04:00,175.89644040068288,176.45233800913786,175.34054279222792,175.83006286621094,87820900
2015-06-04 00:00:00-04:00,175.124875874338,175.78033364367923,174.0296652295971,174.34495544433594,151882800
2015-06-05 00:00:00-04:00,174.19554356303513,174.71825870761285,173.39073340655372,174.04620361328125,121704700
2015-06-08 00:00:00-04:00,173.93833102314068,174.08768362665737,172.90120588284333,172.9758758544922,89063300
2015-06-09 00:00:00-04:00,172.9510040283203,173.49031675404825,172.32043643447227,172.9510040283203,105034700
2015-06-10 00:00:00-04:00,173.71428003736858,175.4068750792361,173.65620762232342,175.02520751953125,134551300
2015-06-11 00:00:00-04:00,175.46496915471943,175.971086709297,175.2326541454266,175.5894317626953,73876400
2015-06-12 00:00:00-04:00,174.7680459769165,175.46499109192928,173.97152823103042,174.24533081054688,135382400
2015-06-15 00:00:00-04:00,173.1086513386087,173.7807064831923,172.40340109589576,173.4986114501953,124384200
2015-06-16 00:00:00-04:00,173.3492325606859,174.52741782155275,173.17500263268036,174.44444274902344,85308200
2015-06-17 00:00:00-04:00,174.72657775878906,175.33226807449984,173.70604996607278,174.72657775878906,126708600
2015-06-18 00:00:00-04:00,175.32394929798113,177.00823971096892,174.75975923225266,176.54360961914062,165867900
2015-06-19 00:00:00-04:00,176.30183904524156,176.37687224004762,175.3847242582681,175.75990295410156,130478700
2015-06-22 00:00:00-04:00,176.67697185866155,177.24390614570285,176.45185961090112,176.66029357910156,70696000
2015-06-23 00:00:00-04:00,176.8687485589522,177.11887189486686,176.39352567033555,176.78536987304688,68476800
2015-06-24 00:00:00-04:00,176.5185779533559,176.89375658989982,175.47640800639996,175.5014190673828,92307300
2015-06-25 00:00:00-04:00,176.00170237269924,176.12675770364896,174.89283179166455,174.96786499023438,97107400
2015-06-26 00:00:00-04:00,175.3263229424074,175.56811348606794,174.38420999329747,174.93447875976562,104174800
2015-06-29 00:00:00-04:00,173.45879751078752,174.94284674557986,171.19103430939182,171.2660675048828,202621300
2015-06-30 00:00:00-04:00,172.80011556467298,172.8501504100554,171.14932187749557,171.6245574951172,182925100
2015-07-01 00:00:00-04:00,173.19195405817197,173.44207737125143,172.21648458678231,173.0001983642578,135979900
2015-07-02 00:00:00-04:00,173.47547496516904,173.64221963939704,172.4249593461065,172.84182739257812,104373700
2015-07-06 00:00:00-04:00,171.5578222941568,173.12523697625988,171.35772111861647,172.34986877441406,117975400
2015-07-07 00:00:00-04:00,172.55001867707884,173.55883217437201,170.17386584349634,173.43377685546875,173820200
2015-07-08 00:00:00-04:00,172.09973161280647,172.38319871395632,170.2905265658705,170.5239715576172,164020100
2015-07-09 00:00:00-04:00,172.61674508897667,172.87521400902986,170.72417298873395,170.83255004882812,144113100
2015-07-10 00:00:00-04:00,172.82510865174763,173.40038845669895,170.87416970419113,172.9835205078125,129456900
2015-07-13 00:00:00-04:00,174.24249393444856,175.0011840376992,174.20080458943872,174.89280700683594,106069400
2015-07-14 00:00:00-04:00,174.85115541311302,175.96002607641583,174.79278777313695,175.6515350341797,81709600
2015-07-15 00:00:00-04:00,175.69316863008046,176.1517259350618,175.11788880399487,175.59312438964844,97914100
2015-07-16 00:00:00-04:00,176.6436079459637,177.0021209716797,176.40183015050818,177.0021209716797,106683300
2015-07-17 00:00:00-04:00,176.99380980423336,177.21058930613975,176.5852873062746,177.1522216796875,89030000
2015-07-20 00:00:00-04:00,177.3773278105306,177.7358281715561,176.92711598383323,177.24392700195312,70446800
2015-07-21 00:00:00-04:00,177.11054402998832,177.36901289331283,176.2434641305146,176.54360961914062,77965000
2015-07-22 00:00:00-04:00,175.85994547068282,176.56029344734014,175.8266016250339,176.22679138183594,88667900
2015-07-23 00:00:00-04:00,176.36018313968574,176.4602273932913,174.87613400945932,175.23463439941406,90509100
2015-07-24 00:00:00-04:00,175.33469446500777,175.39304937337204,173.08360966659248,173.41709899902344,117755000
2015-07-27 00:00:00-04:00,172.53325584562833,173.04183509628132,171.96630899355463,172.40818786621094,132361100
2015-07-28 00:00:00-04:00,173.2420249526405,174.66771933333678,172.41663432543018,174.52598571777344,123544800
2015-07-29 00:00:00-04:00,174.65103579980737,175.9516620887631,174.50930218850357,175.7265625,105791300
2015-07-30 00:00:00-04:00,175.21796542521344,175.9349789129583,174.6009961891253,175.7682342529297,91304400
2015-07-31 00:00:00-04:00,176.26845462172625,176.2934656827091,175.21795189504306,175.5014190673828,103266900
2015-08-03 00:00:00-04:00,175.46805330387474,175.5264081982769,173.95898072291158,174.90943908691406,113965700
2015-08-04 00:00:00-04:00,174.83449223654716,175.29304972668564,174.0841346867248,174.5677032470703,81820800
2015-08-05 00:00:00-04:00,175.45970953616686,176.17672288604265,174.8594186980476,175.1428985595703,85786800
2015-08-06 00:00:00-04:00,175.32632990270608,175.43471964877418,173.12526747125386,173.70889282226562,116030800
2015-08-07 00:00:00-04:00,173.55047160996344,173.7005379686232,172.4749451523665,173.37538146972656,117858000
2015-08-10 00:00:00-04:00,174.48422711234036,175.64311936484467,174.48422711234036,175.55975341796875,80270700
2015-08-11 00:00:00-04:00,174.22577025574114,174.64263815361645,173.21694434529155,173.97564697265625,126081400
2015-08-12 00:00:00-04:00,172.67505252000194,174.36753547494192,171.2160146125157,174.18411254882812,172123700
2015-08-13 00:00:00-04:00,174.0257316203212,174.70940132497384,173.42544061392488,173.96737670898438,89383300
2015-08-14 00:00:00-04:00,173.7755946750251,174.67603111429312,173.63386107650172,174.6009979248047,72786500
2015-08-17 00:00:00-04:00,174.00906187998444,175.57647705078125,173.55050449419164,175.57647705078125,79072600
2015-08-18 00:00:00-04:00,175.30131614183904,175.6514837139726,174.83442604566096,175.06787109375,71692700
2015-08-19 00:00:00-04:00,174.32583589007928,175.09287138975742,172.87514356925766,173.68386840820312,172946000
2015-08-20 00:00:00-04:00,172.1748126984539,173.65886172552786,169.99876128116887,170.05712890625,194327900
2015-08-21 00:00:00-04:00,168.18952235257711,170.03208410082271,164.67950169657928,164.93795776367188,346588500
2015-08-24 00:00:00-04:00,156.31717608187415,164.64619105211446,152.07344993271698,157.99298095703125,507244300
2015-08-25 00:00:00-04:00,162.93700341049941,162.95368169086757,155.84191536900306,156.13372802734375,369833100
2015-08-26 00:00:00-04:00,160.1440002975013,162.4034175624489,157.0508343737949,162.1282958984375,339257000
2015-08-27 00:00:00-04:00,164.26268936314614,166.26365090686062,162.75362906333933,166.1385955810547,274143900
2015-08-28 00:00:00-04:00,165.49655295162776,166.6137558477925,165.0129846707956,166.14686584472656,160414400
2015-08-31 00:00:00-04:00,165.1713806569764,166.02179463627746,164.25426629480884,164.80453491210938,163298800
2015-09-01 00:00:00-04:00,161.01104897004456,162.3867206333518,159.01842097452524,159.88551330566406,256000400
2015-09-02 00:00:00-04:00,162.26167538279665,162.96202320130396,160.42745896303018,162.9203338623047,160269300
2015-09-03 00:00:00-04:00,163.62897835613708,165.12137251517248,162.54513202783446,163.0370330810547,152087800
2015-09-04 00:00:00-04:00,160.78599337005926,161.62806215377893,159.75215614582967,160.5692138671875,207081000
2015-09-08 00:00:00-04:00,163.36224883448918,164.75458655536866,162.72026849359887,164.60450744628906,116025700
2015-09-09 00:00:00-04:00,166.1802472312169,166.30530252865324,162.03657875215427,162.40341186523438,149347700
2015-09-10 00:00:00-04:00,162.21165920366735,164.42939981290357,161.9532031029294,163.2871856689453,158611100
2015-09-11 00:00:00-04:00,162.8953391442491,164.0959209857846,162.1866584755701,164.0292205810547,119691200
2015-09-14 00:00:00-04:00,164.20427649476838,164.25429861131062,162.93699441456607,163.42056274414062,79452000
2015-09-15 00:00:00-04:00,163.92084010360617,165.90513591068714,163.3789167770044,165.4632568359375,113806200
2015-09-16 00:00:00-04:00,165.76343931736147,167.08907683753802,165.42160441815471,166.89730834960938,99581600
2015-09-17 00:00:00-04:00,166.7638853009481,169.1567036506817,166.14691605513212,166.5220947265625,276046600
2015-09-18 00:00:00-04:00,164.01876403278732,166.5078213622885,163.3902112311698,163.8008575439453,223657500
2015-09-21 00:00:00-04:00,164.6305891335132,165.66978848327827,163.5997658860086,164.64735412597656,105726200
2015-09-22 00:00:00-04:00,162.48509755782862,162.971179937286,161.3788384622485,162.51023864746094,153890900
2015-09-23 00:00:00-04:00,162.67782322819664,163.14714054084763,161.67214144566768,162.2504119873047,92790600
2015-09-24 00:00:00-04:00,161.03523499204192,162.12472915587193,159.70270601966715,161.66378784179688,159378800
2015-09-25 00:00:00-04:00,163.12198144568706,163.42368722592929,160.75024127088147,161.62184143066406,155054800
2015-09-28 00:00:00-04:00,160.7251729410433,160.8341262073183,157.25556129169289,157.56564331054688,178515900
2015-09-29 00:00:00-04:00,157.78350936374622,159.01547380900044,156.6604853688763,157.6577911376953,159045600
2015-09-30 00:00:00-04:00,159.54347975454826,160.76706833242253,158.76408031426854,160.59945678710938,163452000
2015-10-01 00:00:00-04:00,160.9766180782474,161.32023012685679,159.0825829412327,161.01852416992188,131079000
2015-10-02 00:00:00-04:00,159.04067627959884,163.44892344595866,158.49592266567052,163.4237823486328,211003300
2015-10-05 00:00:00-04:00,164.64734619822048,166.55814603288178,164.53839293436835,166.3318634033203,126320800
2015-10-06 00:00:00-04:00,166.19774784370665,166.7592535071073,165.09987760721134,165.76194763183594,110274500
2015-10-07 00:00:00-04:00,166.6922352386378,167.47164753708097,165.50217653537078,167.11965942382812,124307300
2015-10-08 00:00:00-04:00,166.7341111939089,168.9130994493407,166.43240532450972,168.62815856933594,153055200
2015-10-09 00:00:00-04:00,168.7706200665533,169.20640746419622,168.10016119364352,168.7287139892578,107069200
2015-10-12 00:00:00-04:00,168.80412730347533,169.0890681515825,168.37671603131454,168.887939453125,56395600
2015-10-13 00:00:00-04:00,168.1588314648313,169.4243260345395,167.6559968652406,167.8236083984375,88038700
2015-10-14 00:00:00-04:00,167.7649557607535,168.34322648356653,166.72575646799194,167.01907348632812,99106200
2015-10-15 00:00:00-04:00,167.68114875415054,169.59194848911545,167.31239568460623,169.5835723876953,134142200
2015-10-16 00:00:00-04:00,169.98584592238217,170.37135120218616,169.22319867641423,170.35459899902344,114580100
2015-10-19 00:00:00-04:00,169.7092829967101,170.4384002685547,169.39920099152405,170.4384002685547,76523900
2015-10-20 00:00:00-04:00,170.00256531023766,170.83224672217682,169.7511416628866,170.220458984375,78448500
2015-10-21 00:00:00-04:00,170.6395042149771,170.79035073953665,168.99688070478732,169.1645050048828,102038000
2015-10-22 00:00:00-04:00,170.1115392319672,172.2318564832243,169.16452830328043,172.0223388671875,174911700
2015-10-23 00:00:00-04:00,173.69008055517259,174.2767272443333,172.8939162778874,173.90797424316406,144442300
2015-10-26 00:00:00-04:00,173.73202980492053,173.79068809444453,173.11185298629266,173.48060607910156,69033000
2015-10-27 00:00:00-04:00,172.81013461050176,173.48059356835412,172.46652263626052,173.14537048339844,77905800
2015-10-28 00:00:00-04:00,173.48060264294352,175.1399787397741,172.8185325397445,175.11483764648438,135906700
2015-10-29 00:00:00-04:00,174.61198147797265,175.3830047490535,174.49465212776337,175.01425170898438,90525500
2015-10-30 00:00:00-04:00,175.20698758913662,175.52545841839262,174.10074136256867,174.2599639892578,131076900
2015-11-02 00:00:00-05:00,174.58687106445788,176.51442318688035,174.46115280346794,176.32167053222656,86270800
2015-11-03 00:00:00-05:00,175.9696437316192,177.3859847602942,175.74336114194094,176.83285522460938,95246100
2015-11-04 00:00:00-05:00,177.1262031778266,177.2519086361511,175.76014418697665,176.2965087890625,96224500
2015-11-05 00:00:00-05:00,176.3551573584658,176.8160986601643,175.23214603282946,176.12049865722656,78408700
2015-11-06 00:00:00-05:00,175.77690939553904,176.26299181489833,174.70418019003608,176.0283203125,110471500
2015-11-09 00:00:00-05:00,175.4165348072266,175.56739414738445,173.43868791009058,174.38571166992188,131008700
2015-11-10 00:00:00-05:00,173.90795700910348,174.8214633216322,173.6397811726082,174.78793334960938,75874600
2015-11-11 00:00:00-05:00,175.05613820965038,175.10642038441057,174.03369136306415,174.10073852539062,67846000
2015-11-12 00:00:00-05:00,173.06156452946777,173.53088198042622,171.65361217659247,171.6703643798828,121315200
2015-11-13 00:00:00-05:00,171.259685447527,171.5278613165477,169.65896796963872,169.74276733398438,153577100
2015-11-16 00:00:00-05:00,169.55838346146123,172.38267618416583,169.44104134703582,172.32400512695312,117645200
2015-11-17 00:00:00-05:00,172.6341033533533,173.5140669260381,171.7038448214845,172.19830322265625,121123700
2015-11-18 00:00:00-05:00,172.67602370486216,175.07290561750696,172.63413041421526,174.93043518066406,121342500
2015-11-19 00:00:00-05:00,174.81310398174264,175.19862199754098,174.48625703293217,174.7795867919922,88220500
2015-11-20 00:00:00-05:00,175.53387905138243,176.09538480104044,175.0394204821534,175.4165496826172,94011500
2015-11-23 00:00:00-05:00,175.47523870103316,175.97807342374583,174.75449742266258,175.21543884277344,64931200
2015-11-24 00:00:00-05:00,174.20970448066703,175.85232822831483,173.82419922577145,175.45005798339844,98874400
2015-11-25 00:00:00-05:00,175.57581912839163,175.77696070861882,175.16515986424037,175.4249725341797,51980100
2015-11-27 00:00:00-05:00,175.51708434940895,175.82717910489592,175.03939085313215,175.62603759765625,37317800
2015-11-30 00:00:00-05:00,175.78527952413694,175.90260887737918,174.78797362760773,174.8969268798828,112822700
2015-12-01 00:00:00-05:00,175.52546763035855,176.6820088811428,175.2489028622171,176.56466674804688,97858400
2015-12-02 00:00:00-05:00,176.5143197817157,176.8327905107937,174.51133276090704,174.76275634765625,108441300
2015-12-03 00:00:00-05:00,175.01424632913574,175.28242221225327,171.59491750079425,172.31565856933594,166224200
2015-12-04 00:00:00-05:00,172.31565756611263,175.9696450663858,172.31565756611263,175.6763153076172,192913900
2015-12-07 00:00:00-05:00,175.34949288008445,175.76852814381505,173.6482107323735,174.61199951171875,102027100
2015-12-08 00:00:00-05:00,173.05318491064102,174.56170160436466,172.45814921945004,173.43869018554688,103372400
2015-12-09 00:00:00-05:00,172.8017509958119,174.88853826661926,171.11722117910855,172.08938598632812,162401500
2015-12-10 00:00:00-05:00,172.15642494397923,173.8409418923696,171.92176624832106,172.53355407714844,116128900
2015-12-11 00:00:00-05:00,170.42160059431686,171.08367050452372,168.87954152371802,169.18963623046875,211173300
2015-12-14 00:00:00-05:00,169.34895297565794,170.17025868340247,167.5722343907315,170.04454040527344,182385200
2015-12-15 00:00:00-05:00,171.55297934754117,172.73466148106345,170.0193092400215,171.8295440673828,154069600
2015-12-16 00:00:00-05:00,172.952550340508,174.64545579617976,171.6367867210136,174.34375,197017000
2015-12-17 00:00:00-05:00,174.65386687143496,174.72091403822824,171.6703382828012,171.68710327148438,173092500
2015-12-18 00:00:00-05:00,170.9468886997138,171.08176821443183,168.4682959121305,168.62847900390625,251393500
2015-12-21 00:00:00-05:00,169.80035600673932,170.1965943918638,168.6875130023776,170.01954650878906,99094300
2015-12-22 00:00:00-05:00,170.9047326303982,171.85739236404658,169.9183562341986,171.56231689453125,111026200
2015-12-23 00:00:00-05:00,172.56560530811353,173.72902987741492,172.4728683806468,173.68687438964844,110987200
2015-12-24 00:00:00-05:00,173.4339217902471,173.94818777080295,173.1810017751457,173.4001922607422,48539600
2015-12-28 00:00:00-05:00,172.70887655655358,173.0460946385875,171.9332646766393,173.0039520263672,65899900
2015-12-29 00:00:00-05:00,174.09991383300613,175.17902711134462,174.06619717107773,174.85023498535156,92640700
2015-12-30 00:00:00-05:00,174.60576189281886,174.69007284761014,173.46762832336478,173.61094665527344,63317700
2015-12-31 00:00:00-05:00,172.93652912124026,173.577248708989,171.874267578125,171.874267578125,114877900
2016-01-04 00:00:00-05:00,169.02479868864768,169.4800446060554,167.42297986388022,169.47161865234375,222353500
2016-01-05 00:00:00-05:00,169.7918953745946,170.21342442255937,168.65377466351708,169.7581787109375,110845800
2016-01-06 00:00:00-05:00,167.2121593520333,168.66222047693086,166.58830452056264,167.61683654785156,152112600
2016-01-07 00:00:00-05:00,164.6745110972754,166.45336388828252,163.20758563161553,163.59539794921875,213436100
2016-01-08 00:00:00-05:00,164.55651679400643,165.11293824156806,161.51307646082637,161.79971313476562,209817200
2016-01-11 00:00:00-05:00,162.7186624135249,163.05589341995838,160.02931749748547,161.9599151611328,187941300
2016-01-12 00:00:00-05:00,163.4014939184649,164.01692260449545,161.14209198020376,163.2666015625,172330500
2016-01-13 00:00:00-05:00,163.93263859321036,164.27829548813105,158.8152828146417,159.1946563720703,221168900
2016-01-14 00:00:00-05:00,159.80165137355536,162.9293894456111,158.20827221925188,161.80812072753906,240795600
2016-01-15 00:00:00-05:00,157.4579876827775,159.13566531111854,156.40416490555924,158.3347625732422,324846400
2016-01-19 00:00:00-05:00,160.14731979196418,160.27377335933696,156.97741315333434,158.54550170898438,195244400
2016-01-20 00:00:00-05:00,155.99105620650136,158.07341096946286,152.61039748829143,156.5137481689453,286547800
2016-01-21 00:00:00-05:00,156.98585390384602,159.22837866520982,155.66224651680315,157.39051818847656,195772900
2016-01-22 00:00:00-05:00,159.99559332480396,160.82178680616093,159.2368460469932,160.6194610595703,168319600
2016-01-25 00:00:00-05:00,160.11360839355606,160.3075081734972,157.997536987637,158.19143676757812,130371700
2016-01-26 00:00:00-05:00,158.84902781199466,160.62788116564204,158.51180967058326,160.34967041015625,141036800
2016-01-27 00:00:00-05:00,159.82700049285475,161.49625239213077,157.7024898893812,158.6045684814453,185681700
2016-01-28 00:00:00-05:00,160.14732966105083,160.3496553813156,157.78676430027338,159.43072509765625,143798800
2016-01-29 00:00:00-05:00,160.1979025914594,163.452107348204,160.07987497288508,163.3172149658203,210529300
2016-02-01 00:00:00-05:00,162.31398819603547,164.04226001473677,161.73227600136582,163.25820922851562,136061600
2016-02-02 00:00:00-05:00,161.83342499457996,161.84185094381846,159.79321324293684,160.31591796875,182564900
2016-02-03 00:00:00-05:00,161.36980602725322,161.68173350831097,157.73622650318634,161.27706909179688,205054900
2016-02-04 00:00:00-05:00,160.77964692255767,162.4994801181011,160.14735322560009,161.52996826171875,139531800
2016-02-05 00:00:00-05:00,161.0157089956883,161.58898246369031,157.8205108418134,158.4528045654297,180788300
2016-02-08 00:00:00-05:00,156.61491497348354,156.90997760538158,154.11103125730858,156.31983947753906,191526700
2016-02-09 00:00:00-05:00,154.5831537838088,157.60130371702277,154.44826138293897,156.32827758789062,184513100
2016-02-10 00:00:00-05:00,157.15444498113396,158.7815407475706,156.06689295648195,156.193359375,148214100
2016-02-11 00:00:00-05:00,153.72321201774534,155.20700251784558,152.66938938485407,154.16160583496094,219058900
2016-02-12 00:00:00-05:00,155.93198447071399,157.35674142113538,155.0889266267989,157.3398895263672,127632400
2016-02-16 00:00:00-05:00,159.14410602685712,160.02088092779238,158.18302015711848,159.99559020996094,120250700
2016-02-17 00:00:00-05:00,161.15899356755773,162.98000219707777,161.0325271309253,162.6090545654297,136009500
2016-02-18 00:00:00-05:00,162.87881866605304,162.9378389064611,161.63109630818496,161.94302368164062,102343000
2016-02-19 00:00:00-05:00,161.16738682237823,162.0188707211637,160.5603840690116,161.86712646484375,114793000
2016-02-22 00:00:00-05:00,163.4437207844097,164.35422536050385,163.37627457165644,164.21090698242188,103640300
2016-02-23 00:00:00-05:00,163.55326373997096,163.8230484940775,162.01889189509143,162.13693237304688,111455300
2016-02-24 00:00:00-05:00,160.7121922829566,163.1570559705891,159.60778807514922,162.87884521484375,150812200
2016-02-25 00:00:00-05:00,163.3256295149316,164.86000131333842,162.5668824290666,164.8515625,110728300
2016-02-26 00:00:00-05:00,165.71994908705076,165.81267313539044,164.312030636082,164.4722137451172,129833700
2016-02-29 00:00:00-05:00,164.48905454530703,165.43327543273068,162.98841226463242,163.18231201171875,125918100
2016-03-01 00:00:00-05:00,164.40476411830258,167.1025604717824,163.93265361565753,167.01824951171875,141799700
2016-03-02 00:00:00-05:00,166.7063516447515,167.81918190324672,166.29324844973772,167.7686004638672,102415000
2016-03-03 00:00:00-05:00,167.59151530457737,168.44301222499766,167.0182419669896,168.4261474609375,95172200
2016-03-04 00:00:00-05:00,168.62003825160113,169.7497458306991,167.79384495325377,168.97412109375,129293600
2016-03-07 00:00:00-05:00,168.05523173245695,169.51373179540596,167.9793595758545,169.1090545654297,100219000
2016-03-08 00:00:00-05:00,168.038381279782,168.54420852554634,167.1025860814623,167.26275634765625,123974900
2016-03-09 00:00:00-05:00,168.0720787159687,168.43458755741102,167.2880279218925,168.0889434814453,94801200
2016-03-10 00:00:00-05:00,168.57791165780847,169.5137067095646,166.40282010875242,168.22381591796875,156838700
2016-03-11 00:00:00-05:00,169.6739195501575,170.98066257055206,168.20700624844133,170.93850708007812,137964500
2016-03-14 00:00:00-04:00,170.43258642673172,171.17446862367547,170.10379436362052,170.71922302246094,73612000
2016-03-15 00:00:00-04:00,169.75816509438127,170.74454144381465,169.49681916385336,170.4410400390625,93169100
2016-03-16 00:00:00-04:00,169.96050122511295,171.83209105035002,169.9183457514907,171.4274139404297,129303200
2016-03-17 00:00:00-04:00,171.34316418983127,173.02084188245536,170.94692578129084,172.5150146484375,134278500
2016-03-18 00:00:00-04:00,173.01495584424373,173.53187424367286,172.701419627185,173.1929168701172,138372400
2016-03-21 00:00:00-04:00,172.9302388198123,173.66747828660118,172.70143545996896,173.4386749267578,72926700
2016-03-22 00:00:00-04:00,172.66751604840624,173.91320443773537,172.5065197008016,173.34544372558594,97471900
2016-03-23 00:00:00-04:00,172.96409173399994,173.15052214507975,172.0319396786009,172.20143127441406,81052500
2016-03-24 00:00:00-04:00,171.17609207919185,172.15908660234746,170.955771071062,172.12518310546875,84360900
2016-03-28 00:00:00-04:00,172.54046502735622,172.75231668556324,171.7778042299705,172.2269287109375,62408200
2016-03-29 00:00:00-04:00,171.82012757996412,173.93017430072314,171.51506073997965,173.82000732421875,92922900
2016-03-30 00:00:00-04:00,174.8199143203331,175.30292916554708,174.21825018534045,174.5826416015625,86365300
2016-03-31 00:00:00-04:00,174.48943875381522,174.91314191454202,173.99794153572478,174.15895080566406,94584100
2016-04-01 00:00:00-04:00,173.16749404386812,175.5317520880499,172.85394489943778,175.34532165527344,114423500
2016-04-04 00:00:00-04:00,175.26903929948693,175.4724214579797,174.47247534171535,174.7775421142578,63497000
2016-04-05 00:00:00-04:00,173.43868814815048,174.78606139030236,172.7777121074572,173.0319366455078,99662200
2016-04-06 00:00:00-04:00,173.03190307804113,174.98094025112778,172.85394205681024,174.92161560058594,91839800
2016-04-07 00:00:00-04:00,173.83693734939823,174.1928464631695,172.09975175353787,172.82852172851562,113859000
2016-04-08 00:00:00-04:00,174.00638903997393,174.43857448496388,172.76070086981346,173.29457092285156,95040600
2016-04-11 00:00:00-04:00,173.93012339335658,174.6250026873143,172.79460218314483,172.8878173828125,83757500
2016-04-12 00:00:00-04:00,173.05729110844524,174.77752461935836,172.61663627434967,174.4978790283203,115350600
2016-04-13 00:00:00-04:00,175.41313736255353,176.3452896414696,175.27754922554817,176.2605438232422,96336400
2016-04-14 00:00:00-04:00,176.3198524369293,176.76897678579215,175.92157040221767,176.2689971923828,65212900
2016-04-15 00:00:00-04:00,176.2690270780215,176.40461522567665,175.752108579184,176.07412719726562,75761600
2016-04-18 00:00:00-04:00,176.0740908506917,177.34520037917224,175.4131149303134,177.31130981445312,82531000
2016-04-19 00:00:00-04:00,177.73501501914237,178.12481470463754,177.0570873434698,177.87059020996094,88316100
2016-04-20 00:00:00-04:00,177.9129203804974,178.73490538862524,177.4383750006281,178.0400390625,81100300
2016-04-21 00:00:00-04:00,178.05703173609004,178.16719870773824,176.8113432719301,177.08251953125,85695000
2016-04-22 00:00:00-04:00,176.7266103886894,177.3536828601742,176.1842708004453,177.08251953125,99251700
2016-04-25 00:00:00-04:00,176.48086838097544,176.81983873027448,175.87073468263387,176.7774658203125,66166500
2016-04-26 00:00:00-04:00,177.14183050563952,177.5485948928953,176.56560035262072,177.04014587402344,75864200
2016-04-27 00:00:00-04:00,176.65878883136563,177.7943101471621,176.30287974419332,177.40451049804688,77329400
2016-04-28 00:00:00-04:00,176.65033756160483,177.75195549817673,175.37922800673414,175.79444885253906,97216200
2016-04-29 00:00:00-04:00,175.1758554167909,175.52329515077844,173.74373650434114,174.84536743164062,142424100
2016-05-02 00:00:00-04:00,175.34534331077683,176.41307079640367,174.91317067072708,176.23512268066406,62188000
2016-05-03 00:00:00-04:00,175.00631488825465,175.2435875665629,173.95552664832445,174.7012481689453,106422100
2016-05-04 00:00:00-04:00,173.70980679084445,174.43857666186707,173.22677903580248,173.72674560546875,92243800
2016-05-05 00:00:00-04:00,174.1928224068987,174.54873147151844,173.2691527203575,173.69285583496094,67619200
2016-05-06 00:00:00-04:00,172.9217325732904,174.37080307810095,172.76920564141264,174.32843017578125,89315000
2016-05-09 00:00:00-04:00,174.20132510208984,174.90466097577874,174.0233640837867,174.4724884033203,74374900
2016-05-10 00:00:00-04:00,175.1758212505375,176.65878218986694,175.10802719880667,176.64183044433594,77472200
2016-05-11 00:00:00-04:00,176.18430254014646,176.7181598849642,174.9894561767578,174.9894561767578,81727000
2016-05-12 00:00:00-04:00,175.6588403846355,175.8283319833032,174.03182189449538,175.0402374267578,89586300
2016-05-13 00:00:00-04:00,174.74367267247877,175.29448163900955,173.1929174688306,173.51492309570312,96474600
2016-05-16 00:00:00-04:00,173.68439660777403,175.70121475883096,173.62507196166376,175.22666931152344,77486800
2016-05-17 00:00:00-04:00,174.9555419473399,175.24365703801797,173.06581624757146,173.59121704101562,114924900
2016-05-18 00:00:00-04:00,173.2437772589709,174.81995377820982,172.55738010114683,173.64205932617188,120062100
2016-05-19 00:00:00-04:00,172.9217383836145,173.32848981268344,171.83705928583413,173.04037475585938,115430500
2016-05-20 00:00:00-04:00,173.65048663677024,174.6504327323409,173.5996443307976,174.13351440429688,104990400
2016-05-23 00:00:00-04:00,174.15049760539685,174.43014328991345,173.7098555543978,173.8962860107422,58682600
2016-05-24 00:00:00-04:00,174.70975671321835,176.4638939748023,174.68433555844706,176.1503448486328,93537800
2016-05-25 00:00:00-04:00,176.8282507665179,177.7604027616489,176.15032321827653,177.3451690673828,76621400
2016-05-26 00:00:00-04:00,177.48080294319328,177.7096062974516,177.08252089075677,177.39605712890625,55280700
2016-05-27 00:00:00-04:00,177.55702729034823,178.167160813654,177.50618498513825,178.15869140625,64211200
2016-05-31 00:00:00-04:00,178.42989685111044,178.54006382536642,177.2604718333041,177.81976318359375,109879400
2016-06-01 00:00:00-04:00,177.20957244558164,178.36204534302541,177.01467264884693,178.18409729003906,69936200
2016-06-02 00:00:00-04:00,177.7858494101513,178.74340976386634,177.3113039374439,178.72647094726562,63044700
2016-06-03 00:00:00-04:00,178.1671905374899,178.54005141175855,176.98929619217486,178.19261169433594,101757100
2016-06-06 00:00:00-04:00,178.54851283883448,179.45524382712608,178.38750356574386,179.09933471679688,64887000
2016-06-07 00:00:00-04:00,179.2518157627799,179.93821265201186,179.22639461357807,179.37892150878906,60974800
2016-06-08 00:00:00-04:00,179.51455974679448,180.0908027939479,179.38745396527267,179.96368408203125,66170900
2016-06-09 00:00:00-04:00,179.2349286731146,179.836592925502,178.96376534035116,179.71795654296875,73786900
2016-06-10 00:00:00-04:00,178.34516695298538,178.6841243604403,177.47232641451623,178.01467895507812,113829200
2016-06-13 00:00:00-04:00,177.41297323608163,178.26884889469594,176.55709757746735,176.64183044433594,117751200
2016-06-14 00:00:00-04:00,176.26055828070614,176.88764376799406,175.34535767644707,176.29444885253906,125059300
2016-06-15 00:00:00-04:00,176.29441769806408,177.413000326839,175.86224509898022,176.04867553710938,109124500
2016-06-16 00:00:00-04:00,176.04869354899654,176.7435730586443,174.2182924766721,176.57408142089844,149533100
2016-06-17 00:00:00-04:00,176.4701621006193,176.49571546014107,175.26058875857578,175.91648864746094,117055700
2016-06-20 00:00:00-04:00,177.87562194878873,178.54854859459653,176.96417567156655,177.0493621826172,82789600
2016-06-21 00:00:00-04:00,177.43267234440304,177.96079231018012,176.98972589053128,177.5519256591797,72461700
2016-06-22 00:00:00-04:00,177.73080065636066,178.45484700076446,177.11749417578338,177.26231384277344,95560500
2016-06-23 00:00:00-04:00,178.71889616790116,179.62181593253078,178.2589228341291,179.57070922851562,102731400
2016-06-24 00:00:00-04:00,173.45478058503264,179.60487486156836,172.67962721000032,173.12257385253906,333444400
2016-06-27 00:00:00-04:00,171.71702689879322,171.7255533496306,169.21269390864185,170.0219268798828,230775800
2016-06-28 00:00:00-04:00,171.62336558393773,173.11403908076488,171.31671223039905,173.08848571777344,159382400
2016-06-29 00:00:00-04:00,174.48539942212344,176.26568575451566,174.3831860051859,176.03570556640625,137328600
2016-06-30 00:00:00-04:00,176.5042289771642,178.48894240865778,175.9505425669414,178.43783569335938,165021900
2016-07-01 00:00:00-04:00,178.43783741644256,179.29817712440217,178.27599081800903,178.81263732910156,106055300
2016-07-05 00:00:00-04:00,177.9863405319092,178.0970803915935,176.930100630808,177.5263671875,109803700
2016-07-06 00:00:00-04:00,177.03236656426765,178.71043987015673,176.37646665849195,178.5911865234375,96021500
2016-07-07 00:00:00-04:00,178.77006691614102,179.43448030163498,177.71382666106882,178.48045349121094,85593800
2016-07-08 00:00:00-04:00,179.77519856716046,181.38512517532322,179.54520533809736,181.13809204101562,133971000
2016-07-11 00:00:00-04:00,181.59805826929212,182.34765804487338,181.3936184220505,181.7769317626953,73633900
2016-07-12 00:00:00-04:00,182.7394995083198,183.39539936460767,181.8024997136228,183.09725952148438,101275600
2016-07-13 00:00:00-04:00,183.5146322808212,183.52314573341144,182.58615904062134,183.07168579101562,87324100
2016-07-14 00:00:00-04:00,184.33237873614772,184.56237194878827,183.70204526114256,184.0938720703125,91230900
2016-07-15 00:00:00-04:00,184.65605216198605,184.85196554560372,183.4038858015429,183.84683227539062,107155400
2016-07-18 00:00:00-04:00,183.96609672111055,184.50274319307965,183.7105501631425,184.3408966064453,58725900
2016-07-19 00:00:00-04:00,183.92351020759827,184.18757022804962,183.6764900910065,184.15350341796875,54345700
2016-07-20 00:00:00-04:00,184.15347838031607,185.1586116115223,184.15347838031607,184.92010498046875,58159500
2016-07-21 00:00:00-04:00,184.80938706527985,185.03085380551673,183.7786874330219,184.2216339111328,67777300
2016-07-22 00:00:00-04:00,184.34084524807398,185.09895826032744,184.0767853108761,185.0478515625,62787500
2016-07-25 00:00:00-04:00,184.84345841291403,184.89456512363662,183.966091885143,184.54531860351562,55873100
2016-07-26 00:00:00-04:00,184.44310848175783,184.98826840194747,183.78720868792976,184.63050842285156,70080500
2016-07-27 00:00:00-04:00,185.00536004205424,185.07350667583995,183.66800672458692,184.4346466064453,84083900
2016-07-28 00:00:00-04:00,184.23867279264252,184.93716586113342,183.77869937989922,184.64755249023438,65035700
2016-07-29 00:00:00-04:00,184.38347666204226,185.3034234086294,184.1023767681707,184.94566345214844,79519400
2016-08-01 00:00:00-04:00,185.0053269756298,185.3971538028139,184.34091366202279,184.79237365722656,73311400
2016-08-02 00:00:00-04:00,184.54530878477047,184.69864190641763,182.77354891834582,183.6083221435547,92295500
2016-08-03 00:00:00-04:00,183.548691897201,184.20459165480156,183.25056509657313,184.14495849609375,53993600
2016-08-04 00:00:00-04:00,184.25571008791,184.65606332927777,182.50097698624077,184.3408966064453,46585500
2016-08-05 00:00:00-04:00,184.34085684724045,185.8911497686357,184.34085684724045,185.8485565185547,71892200
2016-08-08 00:00:00-04:00,186.03596551498777,186.13819191970643,185.4737787783957,185.7378387451172,39906500
2016-08-09 00:00:00-04:00,185.80597626610873,186.34260962469725,185.52487641273615,185.8485565185547,51251700
2016-08-10 00:00:00-04:00,185.9593393883668,186.03599945766584,185.03937956386426,185.3886260986328,57941100
2016-08-11 00:00:00-04:00,185.9167862170221,186.49602608222528,185.65272614518395,186.24899291992188,72504300
2016-08-12 00:00:00-04:00,185.94229274869974,186.3000657210769,185.6867591936269,186.0871124267578,61313500
2016-08-15 00:00:00-04:00,186.45334300615156,186.97294944478733,186.44482955548477,186.6237030029297,49813500
2016-08-16 00:00:00-04:00,186.2063996367809,186.27453326544062,185.66123962402344,185.66123962402344,53213600
2016-08-17 00:00:00-04:00,185.69527029935375,186.14673023779346,184.86049703551163,186.01043701171875,75134300
2016-08-18 00:00:00-04:00,185.98486422928966,186.4618774730868,185.87413736760277,186.4278106689453,52989300
2016-08-19 00:00:00-04:00,185.95936001723447,186.3341599500134,185.47383319350868,186.1552734375,75443000
2016-08-22 00:00:00-04:00,185.91672008352035,186.37670643015156,185.5504466941994,186.14671325683594,61368800
2016-08-23 00:00:00-04:00,186.76002151993063,187.05816130293945,186.4618817369218,186.52151489257812,53399200
2016-08-24 00:00:00-04:00,186.37675544805694,186.47045543237448,185.15014219795066,185.56753540039062,71728900
2016-08-25 00:00:00-04:00,185.18415075264107,185.85709033675323,185.03083064343207,185.439697265625,69224800
2016-08-26 00:00:00-04:00,185.62714639773398,186.64931972308202,184.2046197953318,185.0904998779297,122506300
2016-08-29 00:00:00-04:00,185.21824086345805,186.26596732761564,185.1841610610908,186.0019073486328,70502200
2016-08-30 00:00:00-04:00,185.9167334635116,186.19783336276384,185.14159337511722,185.6952667236328,58114500
2016-08-31 00:00:00-04:00,185.3630428835759,185.48229619359975,184.39197650262852,185.16712951660156,85269500
2016-09-01 00:00:00-04:00,185.1586345348241,185.46528781237726,184.01720794523555,185.17567443847656,97844200
2016-09-02 00:00:00-04:00,186.02747691438745,186.43634359497415,185.43972374987302,186.01043701171875,79293900
2016-09-06 00:00:00-04:00,186.29156241038206,186.64932242955953,185.57604237202705,186.57266235351562,56702100
2016-09-07 00:00:00-04:00,186.41081159095657,186.7345047905499,185.95083814731663,186.5556182861328,76554900
2016-09-08 00:00:00-04:00,186.22339967997087,186.49598614584542,185.8230464317414,186.12969970703125,74102900
2016-09-09 00:00:00-04:00,184.81793687935007,184.86904359887217,181.64919029258272,181.67474365234375,221589100
2016-09-12 00:00:00-04:00,180.91659072552463,184.68160321216067,180.84844411519546,184.28125,168110900
2016-09-13 00:00:00-04:00,183.00351488487263,183.2675748541307,181.01027544179323,181.63209533691406,182828800
2016-09-14 00:00:00-04:00,181.68327923819794,182.88433928383373,181.01035235311795,181.56402587890625,134185500
2016-09-15 00:00:00-04:00,181.40212674735488,183.76163971836084,181.22324027418756,183.37832641601562,134427900
2016-09-16 00:00:00-04:00,182.76362212584925,182.94341221609312,181.98456657023831,182.66944885253906,155236400
2016-09-19 00:00:00-04:00,183.32010935228303,183.96219630356973,182.3783765984122,182.70370483398438,80250500
2016-09-20 00:00:00-04:00,183.55985516954945,183.71394979635636,182.67805663625666,182.71229553222656,69665300
2016-09-21 00:00:00-04:00,183.4143028791124,184.94674482420382,182.72940744279296,184.7669677734375,110284400
2016-09-22 00:00:00-04:00,185.77714930568925,186.23088968519738,185.52888144386645,185.93124389648438,76678700
2016-09-23 00:00:00-04:00,185.5374671479672,185.67444884801776,184.81833281764258,184.91250610351562,73630900
2016-09-26 00:00:00-04:00,184.08206079798262,184.26183783747967,183.2173753018055,183.41429138183594,89827300
2016-09-27 00:00:00-04:00,183.2516479102736,184.6471082252483,182.8835112062276,184.55294799804688,78494800
2016-09-28 00:00:00-04:00,184.7755573811738,185.62311710529872,183.8167114362782,185.46900939941406,87411000
2016-09-29 00:00:00-04:00,185.26349035952774,185.66586590978932,183.24305615132027,183.7909698486328,128070600
2016-09-30 00:00:00-04:00,184.62140374429694,185.879895265527,184.37313586079327,185.17788696289062,117202900
2016-10-03 00:00:00-04:00,184.7670095327283,184.95534308356997,184.09922686050285,184.73275756835938,83512100
2016-10-04 00:00:00-04:00,184.844001895467,185.06658734449323,183.20026080352932,183.7909698486328,119948100
2016-10-05 00:00:00-04:00,184.41593201846445,185.03233652110154,184.34744117780565,184.60427856445312,72816000
2016-10-06 00:00:00-04:00,184.3817467817106,184.95534308356997,183.8424024442202,184.73275756835938,62927400
2016-10-07 00:00:00-04:00,185.00666074402258,185.17788132018285,183.3714761556129,184.0991668701172,89788300
2016-10-10 00:00:00-04:00,185.05801391601562,185.5203107487633,184.91247578231187,185.05801391601562,51855000
2016-10-11 00:00:00-04:00,184.62995779564466,184.69844863511594,181.99311926081322,182.72080993652344,130367400
2016-10-12 00:00:00-04:00,182.85781322727746,183.48278731258375,182.36126437989276,182.96055603027344,73866100
2016-10-13 00:00:00-04:00,181.63359151521533,182.85783124494432,180.82028384808063,182.3612823486328,101357000
2016-10-14 00:00:00-04:00,183.33725813528716,183.79956814610816,182.37841228068805,182.45545959472656,93346200
2016-10-17 00:00:00-04:00,182.42973438892884,182.6865717721407,181.6421093268266,181.8218994140625,58275700
2016-10-18 00:00:00-04:00,183.41429646501757,183.47421779207957,182.5838629003062,182.96055603027344,76869700
2016-10-19 00:00:00-04:00,183.22597713186872,183.75676495027773,182.86640992617598,183.4485626220703,66519200
2016-10-20 00:00:00-04:00,183.09757061406387,183.66261045082263,182.44692699383353,183.10614013671875,73639800
2016-10-21 00:00:00-04:00,183.106107657494,183.27732825736294,182.14724878429806,183.19171142578125,89089100
2016-10-24 00:00:00-04:00,184.0649374413789,184.3389008279515,183.61975346984508,183.97076416015625,60146600
2016-10-25 00:00:00-04:00,183.79098459336805,184.0478220171836,183.1917059799945,183.3543701171875,66542300
2016-10-26 00:00:00-04:00,182.53248092126256,183.56837386828238,182.29275644560417,182.98622131347656,75705500
2016-10-27 00:00:00-04:00,183.70540264784358,183.73964154554864,182.42122843952794,182.49827575683594,77220200
2016-10-28 00:00:00-04:00,182.4725523568128,183.14887820685595,181.24831282341424,181.95887756347656,140623200
2016-10-31 00:00:00-04:00,182.2928140484234,182.51541261831122,181.8048346130854,181.96749877929688,61272500
2016-11-01 00:00:00-04:00,182.29277374641168,182.34415167961674,179.44191895997065,180.64903259277344,122781800
2016-11-02 00:00:00-04:00,180.34085382978796,180.7261165309572,179.12517051792338,179.56179809570312,103330800
2016-11-03 00:00:00-04:00,179.77580479671514,179.989833798208,178.4659483526424,178.73989868164062,88939300
2016-11-04 00:00:00-04:00,178.85120155849046,179.690191603582,178.3974611112159,178.54299926757812,109122100
2016-11-07 00:00:00-05:00,178.54305873236126,182.51543788086946,178.54305873236126,182.48118591308594,109794900
2016-11-08 00:00:00-05:00,182.08729548768414,183.8680181529656,181.82190164498263,183.302978515625,106772100
2016-11-09 00:00:00-05:00,181.8134250375252,185.86286477789386,181.7877425920936,185.2464599609375,258429000
2016-11-10 00:00:00-05:00,186.03400745605103,186.89867990417122,184.2532846271845,185.70867919921875,172113300
2016-11-11 00:00:00-05:00,184.9895328480777,185.52032054765516,184.3388894401023,185.28060913085938,100552700
2016-11-14 00:00:00-05:00,185.80284056294064,186.00831309038577,184.68133077679926,185.4261474609375,94580000
2016-11-15 00:00:00-05:00,185.81142771850293,186.87301635742188,185.60596822040515,186.87301635742188,91652600
2016-11-16 00:00:00-05:00,186.25656357218344,186.7531123363409,186.13670787485518,186.52195739746094,65617700
2016-11-17 00:00:00-05:00,186.67612946469208,187.5408020750015,186.56483018473205,187.4808807373047,69797200
2016-11-18 00:00:00-05:00,187.54936330481615,187.72058391490273,186.88158071787657,187.06137084960938,86265800
2016-11-21 00:00:00-05:00,187.63499351271832,188.49966620661488,187.48945532047617,188.47398376464844,72402600
2016-11-22 00:00:00-05:00,188.7821676498624,189.02187912694623,188.11439809751522,188.84210205078125,67429000
2016-11-23 00:00:00-05:00,188.32843477907736,188.99620435852816,188.13153171418705,188.94483947753906,56620200
2016-11-25 00:00:00-05:00,189.2872681456414,189.6810742220705,189.21020777130136,189.64683532714844,37872300
2016-11-28 00:00:00-05:00,189.33863545407894,189.61258580686132,188.65373997718095,188.7564697265625,76572500
2016-11-29 00:00:00-05:00,188.7907185282828,189.5783437413918,188.49107267987097,189.12460327148438,69886700
2016-11-30 00:00:00-05:00,189.740951650083,189.90361574453775,188.61087250752837,188.67080688476562,113291800
2016-12-01 00:00:00-05:00,188.97047105412133,188.97047105412133,187.6178062778789,187.97738647460938,79040500
2016-12-02 00:00:00-05:00,188.06303777935497,188.55958672629782,187.7120270139356,188.07159423828125,74840300
2016-12-05 00:00:00-05:00,188.9019990580523,189.5440860882473,188.70509602651484,189.20164489746094,67837800
2016-12-06 00:00:00-05:00,189.38997132242855,189.83515527372356,188.91054848101518,189.8009033203125,59877400
2016-12-07 00:00:00-05:00,189.6468370623224,192.34359747994642,189.52698133405676,192.28367614746094,110738100
2016-12-08 00:00:00-05:00,192.25801124482192,193.22541361716267,191.9926042635398,192.75454711914062,99714400
2016-12-09 00:00:00-05:00,192.9771035152016,193.93594921927246,192.94285156103166,193.9188232421875,88005800
2016-12-12 00:00:00-05:00,193.82467072858418,194.304106695277,193.27675697280102,193.69625854492188,102016100
2016-12-13 00:00:00-05:00,194.35545044058355,195.48551672384679,194.33832446352554,194.9889678955078,110477500
2016-12-14 00:00:00-05:00,194.68932715558245,195.3913354266373,192.942843339538,193.3794708251953,142501800
2016-12-15 00:00:00-05:00,193.61921946002988,195.0318057935021,193.38806445632346,194.17568969726562,124972600
2016-12-16 00:00:00-05:00,194.6312573112015,194.6915449704416,193.47730315707153,193.79592895507812,156420200
2016-12-19 00:00:00-05:00,193.97672544138717,194.63982380919117,193.83032948958675,194.2178497314453,90341100
2016-12-20 00:00:00-05:00,194.7517810332149,195.11348063664968,194.51927675423596,194.96707153320312,89838800
2016-12-21 00:00:00-05:00,194.83792994460757,195.01015974080977,194.42457580566406,194.42457580566406,67909000
2016-12-22 00:00:00-05:00,194.27811021448295,194.3986723426577,193.69251334885806,194.08865356445312,56219100
2016-12-23 00:00:00-05:00,194.13175682131336,194.38150117720235,193.94231325723612,194.37289428710938,36697800
2016-12-27 00:00:00-05:00,194.63984255262181,195.25126022547312,194.62261563301922,194.85513305664062,42672500
2016-12-28 00:00:00-05:00,195.1135149259041,195.13072870792,193.13283934987078,193.24478149414062,64095000
2016-12-29 00:00:00-05:00,193.31366332831337,193.66674294079067,192.7625201133474,193.20172119140625,48696100
2016-12-30 00:00:00-05:00,193.52892088429107,193.61504233520182,191.80659698838423,192.4955291748047,108998300
2017-01-03 00:00:00-05:00,193.79592722132304,194.47625268810015,192.79698909968164,193.96817016601562,91366500
2017-01-04 00:00:00-05:00,194.29540986030497,195.26852734369186,194.2868029688766,195.12213134765625,78744400
2017-01-05 00:00:00-05:00,194.855129408606,195.12208752614507,194.17480407008122,194.96707153320312,78379000
2017-01-06 00:00:00-05:00,195.07912135117763,196.12974055156886,194.5365848233522,195.6647186279297,71559900
2017-01-09 00:00:00-05:00,195.4063191925194,195.5441082990617,194.98434498134318,195.018798828125,46939700
2017-01-10 00:00:00-05:00,195.03601261122344,195.87134100173415,194.63126532343816,195.018798828125,63771900
2017-01-11 00:00:00-05:00,194.93269672198744,195.56996154785156,194.2695980786161,195.56996154785156,74650000
2017-01-12 00:00:00-05:00,195.0531914599818,195.268481958282,193.7270077721798,195.0790252685547,72113200
2017-01-13 00:00:00-05:00,195.25127729217894,195.82825431654757,195.21683659025288,195.52685546875,62717900
2017-01-17 00:00:00-05:00,194.88960402791093,195.29435128955922,194.45041606199737,194.8379364013672,61240800
2017-01-18 00:00:00-05:00,195.08767433052773,195.3115849069483,194.5365310613489,195.26852416992188,54793300
2017-01-19 00:00:00-05:00,195.34602527491714,195.48381437704683,194.1145696678997,194.54515075683594,66608800
2017-01-20 00:00:00-05:00,195.22541859869793,195.7507279330802,194.59677403141717,195.25987243652344,129168600
2017-01-23 00:00:00-05:00,195.2599114531842,195.32018597098931,193.99400203606893,194.75181579589844,75061600
2017-01-24 00:00:00-05:00,194.96711366334637,196.41387296884554,194.85517151455983,196.00051879882812,95555300
2017-01-25 00:00:00-05:00,196.9477557982735,197.6969757080078,196.7841329083282,197.6969757080078,84437700
2017-01-26 00:00:00-05:00,197.55056992098218,197.8175411955517,197.21471724555164,197.49029541015625,59970700
2017-01-27 00:00:00-05:00,197.56783347843495,197.7142294779201,196.9994632637566,197.18031311035156,59711100
2017-01-30 00:00:00-05:00,196.4913442470013,196.5171780573932,194.97570376275382,195.95742797851562,79737300
2017-01-31 00:00:00-05:00,195.46654382670206,196.00047319321024,194.8981869027836,195.940185546875,75880800
2017-02-01 00:00:00-05:00,195.94019876504385,196.853028428981,195.4321163128962,196.0177001953125,79117700
2017-02-02 00:00:00-05:00,196.0176989136226,196.43106615293237,195.32877979535274,196.14688110351562,69657600
2017-02-03 00:00:00-05:00,197.05109133806323,197.67973590662965,196.74107249844477,197.49888610839844,80563200
2017-02-06 00:00:00-05:00,197.0941453700368,197.49028567706006,196.80996032940286,197.14581298828125,57790100
2017-02-07 00:00:00-05:00,197.53337817012294,197.77450252089744,196.96500799745806,197.1544647216797,57931200
2017-02-08 00:00:00-05:00,197.1544447735918,197.54196507382068,196.61190846909716,197.4127960205078,51566200
2017-02-09 00:00:00-05:00,197.41275789372457,198.88533737824977,197.41275789372457,198.5839385986328,65955200
2017-02-10 00:00:00-05:00,198.92842684589928,199.59152528133336,198.60118107303498,199.36761474609375,66015900
2017-02-13 00:00:00-05:00,199.85849382600338,200.71104900172796,199.83266001525024,200.45269775390625,55182100
2017-02-14 00:00:00-05:00,200.27183115065384,201.2621753275736,199.92737160929255,201.25355529785156,71109000
2017-02-15 00:00:00-05:00,201.03830504218527,202.49367120529897,200.98663741466746,202.30421447753906,86785800
2017-02-16 00:00:00-05:00,202.33009796930384,202.51094785031202,201.3828272382134,202.1320343017578,84722400
2017-02-17 00:00:00-05:00,201.4688374170702,202.4505615234375,201.45161049863185,202.4505615234375,77204100
2017-02-21 00:00:00-05:00,202.82087604014896,203.82843399397925,202.81225601044366,203.6562042236328,88946100
2017-02-22 00:00:00-05:00,203.251490149344,203.6992849971404,203.08786724175664,203.4753875732422,62115200
2017-02-23 00:00:00-05:00,203.99207258780973,204.00928636796786,202.85533236344304,203.6131591796875,74615900
2017-02-24 00:00:00-05:00,202.76923455546964,203.91456858901134,202.72617382226116,203.87152099609375,82381600
2017-02-27 00:00:00-05:00,203.78537731620193,204.36235428548795,203.53564611528,204.19012451171875,56515400
2017-02-28 00:00:00-05:00,203.8112526359961,204.05237699644127,203.25150247216814,203.63902282714844,96961900
2017-03-01 00:00:00-05:00,205.29242616150023,206.95447579618843,205.27519924075014,206.48944091796875,149158200
2017-03-02 00:00:00-05:00,206.2999188197955,206.30853884758346,205.13735827332346,205.18902587890625,70246000
2017-03-03 00:00:00-05:00,205.102992538464,205.4819059958703,204.72407908105768,205.3182830810547,81974300
2017-03-06 00:00:00-05:00,204.52601356749014,205.05992990327823,204.1040393774143,204.7068634033203,55391500
2017-03-07 00:00:00-05:00,204.40540151886213,204.7584810729663,203.88869909137853,204.0953826904297,65103700
2017-03-08 00:00:00-05:00,204.38824297183825,204.64659427200291,203.57874836345906,203.71653747558594,78168800
2017-03-09 00:00:00-05:00,203.8370796757985,204.30211459855315,203.01037136468838,203.97486877441406,90683900
2017-03-10 00:00:00-05:00,204.93074530765566,204.97380604057082,203.74233740870923,204.6896209716797,81991700
2017-03-13 00:00:00-04:00,204.62936108568235,204.83604474754756,204.30212837976146,204.79298400878906,57256800
2017-03-14 00:00:00-04:00,204.25040165819996,204.3020824172589,203.39785966792678,204.00927734375,59880800
2017-03-15 00:00:00-04:00,204.57767388337365,206.196662895698,204.34515642855678,205.77468872070312,96081800
2017-03-16 00:00:00-04:00,205.91247041032932,205.98997184571738,205.0427014191847,205.36993408203125,78344000
2017-03-17 00:00:00-04:00,205.63195134954955,205.82223223414456,205.00921630859375,205.00921630859375,89002100
2017-03-20 00:00:00-04:00,205.0092494983875,205.2946708714881,204.3951718875136,204.7843780517578,52537000
2017-03-21 00:00:00-04:00,205.38982235241298,205.51090901439778,202.02532881856098,202.15505981445312,131809300
2017-03-22 00:00:00-04:00,202.18963877523575,202.91615865814032,201.5669036763305,202.6307373046875,97569200
2017-03-23 00:00:00-04:00,202.63073209762806,203.54753285927518,202.04260074013908,202.4145050048828,100410300
2017-03-24 00:00:00-04:00,202.71725794521547,203.28808752371825,201.4890894619878,202.2675018310547,112504900
2017-03-27 00:00:00-04:00,200.59820862722134,202.31938117796201,200.32144478844586,202.05990600585938,87454500
2017-03-28 00:00:00-04:00,201.7571327534355,203.9539937009947,201.64469046801608,203.5301971435547,93483900
2017-03-29 00:00:00-04:00,203.24483095448198,203.95404898429783,203.01994632268642,203.72052001953125,61950400
2017-03-30 00:00:00-04:00,203.66001404084622,204.56817064319617,203.48703497312647,204.36923217773438,56737900
2017-03-31 00:00:00-04:00,204.0318994928165,204.55949417887837,203.84161857669875,203.89352416992188,73733100
2017-04-03 00:00:00-04:00,203.94541794497783,204.14434319591695,202.3107414799695,203.53890991210938,85546500
2017-04-04 00:00:00-04:00,203.2534725441906,203.7551209962921,202.8729107393236,203.6686248779297,56466200
2017-04-05 00:00:00-04:00,204.34324734155686,205.32059802569498,202.85560388501835,203.0631866455078,108800600
2017-04-06 00:00:00-04:00,203.20157900865607,204.15297031801492,202.76046728392677,203.634033203125,69135800
2017-04-07 00:00:00-04:00,203.38323508840378,204.11841261621606,202.94213649019045,203.42648315429688,74412300
2017-04-10 00:00:00-04:00,203.56484825057547,204.34326055720862,203.0199517174591,203.54754638671875,67615300
2017-04-11 00:00:00-04:00,203.1670161256462,203.40918946743707,201.81776087925203,203.30540466308594,88045300
2017-04-12 00:00:00-04:00,203.02859575515922,203.2188766525714,202.18963357951134,202.4145050048828,81864400
2017-04-13 00:00:00-04:00,202.0771889279115,202.81236631371326,201.09983825683594,201.09983825683594,92880400
2017-04-17 00:00:00-04:00,201.61878926097052,202.88156127929688,201.4198640325367,202.88156127929688,68405400
2017-04-18 00:00:00-04:00,202.14639206600955,202.8123752285135,201.59285121855888,202.276123046875,83225800
2017-04-19 00:00:00-04:00,202.83830791464553,203.21021216665906,201.67932070713752,201.90420532226562,68699900
2017-04-20 00:00:00-04:00,202.51830324525685,203.98865813160546,202.1982913499118,203.54754638671875,92572200
2017-04-21 00:00:00-04:00,203.46970747536926,203.52159986940245,202.5010142602025,202.89886474609375,110389800
2017-04-24 00:00:00-04:00,205.13904594752995,205.33798445731102,202.872989301421,205.13040161132812,119209900
2017-04-25 00:00:00-04:00,205.7703726936147,206.66987167555047,205.68387656955395,206.32391357421875,76698300
2017-04-26 00:00:00-04:00,206.28932381353593,207.17153418835883,206.15094848210717,206.19418334960938,84702500
2017-04-27 00:00:00-04:00,206.5141745623842,206.6698517337253,205.83088956162,206.3671417236328,57410300
2017-04-28 00:00:00-04:00,206.62666817107635,206.65261437439855,205.78770573710236,205.91744995117188,63532800
2017-05-01 00:00:00-04:00,206.43634033203125,206.86015021914145,206.02118797570128,206.43634033203125,66882500
2017-05-02 00:00:00-04:00,206.57472740158775,206.6958140545623,206.10768265367307,206.51419067382812,57375700
2017-05-03 00:00:00-04:00,206.51424337626662,206.6093838562733,205.58878478006898,206.26341247558594,73137700
2017-05-04 00:00:00-04:00,206.5660888673445,206.6439274612729,205.65793234581244,206.5055389404297,61462700
2017-05-05 00:00:00-04:00,206.87747439671105,207.33587486401794,206.43636259791836,207.31857299804688,62001300
2017-05-08 00:00:00-04:00,207.36183518801747,207.50886806514407,206.8601866203432,207.28399658203125,48385700
2017-05-09 00:00:00-04:00,207.54347565445931,207.74240093927168,206.7477481202938,207.09371948242188,51363200
2017-05-10 00:00:00-04:00,207.05045428669604,207.46560668945312,206.842871486589,207.46560668945312,54293800
2017-05-11 00:00:00-04:00,207.01586288180906,207.20614381507636,205.96067341458388,207.04180908203125,62358300
2017-05-12 00:00:00-04:00,206.79100229411748,207.0850680625128,206.42774225125416,206.69586181640625,53912700
2017-05-15 00:00:00-04:00,207.11961833133617,207.95858054618077,207.10231646782097,207.83749389648438,61918900
2017-05-16 00:00:00-04:00,208.13157869892072,208.1575248978483,207.258025874294,207.64723205566406,51241800
2017-05-17 00:00:00-04:00,207.64721259393744,207.64721259393744,203.9021575960711,203.96270751953125,172174100
2017-05-18 00:00:00-04:00,203.8848658703277,205.63198464016048,203.625390695013,204.7843780517578,107047700
2017-05-19 00:00:00-04:00,205.26875680431252,206.78234683353799,205.21686440061802,206.11636352539062,115011400
2017-05-22 00:00:00-04:00,206.6266809869533,207.32726811248173,206.55749990544214,207.16293334960938,61010600
2017-05-23 00:00:00-04:00,207.53482648845247,207.78565738578942,207.15426457349884,207.62132263183594,48341700
2017-05-24 00:00:00-04:00,207.85481893629006,208.2094213944331,207.51749194867847,208.1056365966797,46927700
2017-05-25 00:00:00-04:00,208.61593409813327,209.37705782517145,208.4083644980005,209.10028076171875,64071700
2017-05-26 00:00:00-04:00,208.90996080003987,209.22132833952406,208.8321222145324,209.0570068359375,46629900
2017-05-30 00:00:00-04:00,208.7370082051156,209.12621437940422,208.58133101438253,208.87539672851562,35201900
2017-05-31 00:00:00-04:00,209.1695208296843,209.20412456892151,208.13163300938263,208.8235626220703,91796000
2017-06-01 00:00:00-04:00,209.28192375663733,210.5014479845229,208.99650235027323,210.48414611816406,68962000
2017-06-02 00:00:00-04:00,210.5360110522851,211.34038276481593,210.2419453498353,211.1846923828125,88666100
2017-06-05 00:00:00-04:00,211.01179663980994,211.2972181216186,210.83015998867327,211.0290985107422,44698800
2017-06-06 00:00:00-04:00,210.46687556555,211.02041659427644,210.2765945996635,210.3544464111328,50375400
2017-06-07 00:00:00-04:00,210.69172942442873,210.96849329954466,210.02574614132465,210.74362182617188,54144300
2017-06-08 00:00:00-04:00,210.83881354916934,211.3231603464577,210.3198630106687,210.8474578857422,65950700
2017-06-09 00:00:00-04:00,211.11550569356558,211.91121990384883,209.26460209199337,210.52737426757812,132256400
2017-06-12 00:00:00-04:00,210.28522084613712,210.5360385197835,209.63653943097975,210.48414611816406,86108100
2017-06-13 00:00:00-04:00,211.02039298829786,211.565289620332,210.6744348330919,211.51339721679688,60067000
2017-06-14 00:00:00-04:00,211.7815547477338,211.79019908405402,210.4236416902333,211.2453155517578,78602300
2017-06-15 00:00:00-04:00,209.89600002888105,210.9598470447608,209.61923615628442,210.83876037597656,66464900
2017-06-16 00:00:00-04:00,210.99781733459514,211.04996279608503,210.00701378083883,210.88482666015625,84553100
2017-06-19 00:00:00-04:00,211.71048558799038,212.7012891020136,211.61488115848746,212.6404571533203,65123800
2017-06-20 00:00:00-04:00,212.2840964967575,212.29278298541092,211.18900214476346,211.2063751220703,56906400
2017-06-21 00:00:00-04:00,211.59748345778655,211.7104608526788,210.68489823948386,211.1542205810547,55977600
2017-06-22 00:00:00-04:00,211.16300477165967,211.65840003798385,210.88487789372232,211.05870056152344,44148100
2017-06-23 00:00:00-04:00,211.11949059974816,211.64095846683273,210.7370728734632,211.31069946289062,66986800
2017-06-26 00:00:00-04:00,211.9798898399386,212.39707999389566,211.2411404748748,211.44972229003906,56700500
2017-06-27 00:00:00-04:00,211.2324448471982,211.52795786080534,209.7288600990162,209.74624633789062,82247700
2017-06-28 00:00:00-04:00,210.76312587024884,211.82346100773714,210.52845805803364,211.62356567382812,70042600
2017-06-29 00:00:00-04:00,211.77133642732028,211.82348188810502,208.55557148137194,209.76365661621094,106949700
2017-06-30 00:00:00-04:00,210.57193157446784,210.94566280210128,209.96354578022047,210.15475463867188,86820700
2017-07-03 00:00:00-04:00,211.09337558433424,211.52793868409657,210.5110626220703,210.5110626220703,39153800
2017-07-05 00:00:00-04:00,210.8761560786922,211.2064151136477,210.0678615791739,210.99783325195312,54427600
2017-07-06 00:00:00-04:00,210.23303160623024,210.35470879909923,208.885882731154,209.0684051513672,65400800
2017-07-07 00:00:00-04:00,209.64195547243426,210.5719136942868,209.07701543431983,210.42416381835938,57972300
2017-07-10 00:00:00-04:00,210.42416316812717,211.0238624203301,210.119963666866,210.65013122558594,36663300
2017-07-11 00:00:00-04:00,210.6501955670315,210.80664524060813,209.32913277279036,210.49375915527344,50354600
2017-07-12 00:00:00-04:00,211.45842825120994,212.24063660467954,211.45842825120994,212.07550048828125,59610400
2017-07-13 00:00:00-04:00,212.0842851927092,212.54492124832814,211.85830378003726,212.4319305419922,39471600
2017-07-14 00:00:00-04:00,212.43189530549742,213.77904401869978,212.3362908610297,213.42269897460938,60262700
2017-07-17 00:00:00-04:00,213.3444457275283,213.72686344258008,213.2227685692678,213.39659118652344,33531900
2017-07-18 00:00:00-04:00,212.98808618280643,213.56171271617282,212.64912746069257,213.5095672607422,42742500
2017-07-19 00:00:00-04:00,213.822428105574,214.67416805499465,213.81372835614903,214.6654815673828,51034300
2017-07-20 00:00:00-04:00,214.91751422285301,215.03919135389674,214.21352416025633,214.76107788085938,47135200
2017-07-21 00:00:00-04:00,214.18751329032523,214.5960037614684,213.96153193754682,214.56993103027344,82340800
2017-07-24 00:00:00-04:00,214.49162946961616,214.65676555442158,214.04837992235852,214.51771545410156,46622300
2017-07-25 00:00:00-04:00,215.26519841336034,215.36950258874876,214.81326227999904,215.0392303466797,54915600
2017-07-26 00:00:00-04:00,215.3260546559813,215.36081387501542,214.78720055915,215.0479278564453,47575400
2017-07-27 00:00:00-04:00,215.50858225374023,215.54334147361757,213.52696191351524,214.84803771972656,70766600
2017-07-28 00:00:00-04:00,214.37005742866415,214.72640249563074,213.91812117291101,214.59603881835938,50088400
2017-07-31 00:00:00-04:00,214.9957873263703,215.09139175817583,214.26572435357318,214.4743194580078,65838700
2017-08-01 00:00:00-04:00,215.07397816454593,215.10873737781307,214.4308199936887,214.95230102539062,55050400
2017-08-02 00:00:00-04:00,215.0827286169467,215.19571930184148,214.12668419510814,215.05665588378906,47211200
2017-08-03 00:00:00-04:00,214.94363633984614,214.96970906950318,214.36132327447956,214.6394500732422,40856000
2017-08-04 00:00:00-04:00,215.12618305344776,215.36083764691514,214.6481608526152,215.03057861328125,60191800
2017-08-07 00:00:00-04:00,215.10006939833806,215.43032836914062,214.99576522593466,215.43032836914062,31995000
2017-08-08 00:00:00-04:00,215.11744331571666,216.3342280791,214.52644380404467,214.90016174316406,61719400
2017-08-09 00:00:00-04:00,214.21359245470444,214.94365547372158,213.85724743524958,214.89151000976562,62632600
2017-08-10 00:00:00-04:00,214.05705748821558,214.1874343579604,211.80602411249077,211.85816955566406,120479500
2017-08-11 00:00:00-04:00,212.0842378910968,212.76215545427516,211.84957003866828,212.171142578125,74869900
2017-08-14 00:00:00-04:00,213.44871624550768,214.49166511117897,213.41395703010485,214.27438354492188,73291900
2017-08-15 00:00:00-04:00,214.65679667125985,214.67418290949976,213.9441200451935,214.24830627441406,55242700
2017-08-16 00:00:00-04:00,214.76983547491596,215.16963947317822,214.19620884072893,214.62208557128906,56715500
2017-08-17 00:00:00-04:00,214.01363431728745,214.3265202710685,211.27587890625,211.27587890625,128490400
2017-08-18 00:00:00-04:00,211.11075577820276,212.2319360405409,210.50237007009596,210.9456329345703,136748000
2017-08-21 00:00:00-04:00,210.88476501122332,211.3714735252687,210.18077496327828,211.11073303222656,65469700
2017-08-22 00:00:00-04:00,211.6930974516388,213.47479574199497,211.6757112124789,213.318359375,63140100
2017-08-23 00:00:00-04:00,212.35364773887312,212.97941978670568,212.205897847276,212.5535430908203,50203800
2017-08-24 00:00:00-04:00,212.9359334749582,213.09236983592203,211.84952565110638,212.05812072753906,50741700
2017-08-25 00:00:00-04:00,212.8490428740146,213.46612843239413,212.40579319922318,212.5535430908203,64445900
2017-08-28 00:00:00-04:00,213.08366257173552,213.1097352960207,212.14500471202982,212.56219482421875,40565600
2017-08-29 00:00:00-04:00,211.24979876540687,213.06626922634067,211.13680812273213,212.8055419921875,51135700
2017-08-30 00:00:00-04:00,212.78823413348303,214.08323734129397,212.6057117405338,213.8137969970703,62030800
2017-08-31 00:00:00-04:00,214.43080576922682,215.34339088326126,213.84849283748224,215.10003662109375,103803900
2017-09-01 00:00:00-04:00,215.47373700035348,215.8300818773744,215.25645547950828,215.40420532226562,62007000
2017-09-05 00:00:00-04:00,214.90020312504348,215.1261844915753,212.8925231299425,213.8572540283203,91398800
2017-09-06 00:00:00-04:00,214.53516532697782,214.9175830790108,214.0049976728988,214.58731079101562,57916900
2017-09-07 00:00:00-04:00,214.89145995468658,214.90884619256107,214.15269735588026,214.56118774414062,58034700
2017-09-08 00:00:00-04:00,214.27443161654426,214.7698400644243,214.06584975370407,214.3092041015625,63832800
2017-09-11 00:00:00-04:00,215.57808126339495,216.67318888716122,215.56070828593013,216.594970703125,71364800
2017-09-12 00:00:00-04:00,216.95999602215846,217.3597866815819,216.7774736694203,217.3250274658203,56896000
2017-09-13 00:00:00-04:00,217.03821711288396,217.4640937671046,216.92522645196908,217.4293212890625,59228000
2017-09-14 00:00:00-04:00,217.10776144378448,217.55971085193482,216.93393882890064,217.35980224609375,95446300
2017-09-15 00:00:00-04:00,217.21568500777204,217.73974074405513,217.1108765260414,217.65240478515625,95432400
2017-09-18 00:00:00-04:00,218.01932330427547,218.46477283353067,217.73108655206286,218.1154022216797,46235200
2017-09-19 00:00:00-04:00,218.35989657938688,218.42104374769173,218.01052607591205,218.3336944580078,47108100
2017-09-20 00:00:00-04:00,218.42108118388109,218.52588968736106,217.41661749087802,218.41233825683594,59574100
2017-09-21 00:00:00-04:00,218.25512344327234,218.3424594194711,217.65244789868083,217.82713317871094,48211400
2017-09-22 00:00:00-04:00,217.53014764359605,218.03674424025084,217.50394552028905,217.87078857421875,51214000
2017-09-25 00:00:00-04:00,217.61746600132773,217.9668498298664,216.68289258120123,217.42530822753906,57064400
2017-09-26 00:00:00-04:00,217.85331699185963,218.0978790288707,217.32051826959304,217.5563507080078,54082000
2017-09-27 00:00:00-04:00,218.25506607895477,218.78786470597146,217.37288365607444,218.40354919433594,81001400
2017-09-28 00:00:00-04:00,218.1240620366598,218.74421000106764,218.03672607545622,218.6656036376953,44778800
2017-09-29 00:00:00-04:00,218.65684347170293,219.51282378636614,218.47342863829596,219.4342041015625,85578000
2017-10-02 00:00:00-04:00,219.6613502279669,220.3863067626953,219.4866516296174,220.3863067626953,59023000
2017-10-03 00:00:00-04:00,220.3863043740284,220.88415805655924,220.30768467457054,220.8579559326172,66810200
2017-10-04 00:00:00-04:00,220.70944693575927,221.36452661284386,220.59589552688965,221.11996459960938,55953600
2017-10-05 00:00:00-04:00,221.4518837893815,222.44760446083976,221.15491750595024,222.43014526367188,63522800
2017-10-06 00:00:00-04:00,221.98460009394483,222.46499439033278,221.72257895739364,222.1767578125,80646000
2017-10-09 00:00:00-04:00,222.4039128546295,222.46504669165515,221.5479325152339,221.80996704101562,35803100
2017-10-10 00:00:00-04:00,222.3777281817695,222.7707733374642,221.83618656529862,222.3951873779297,43057400
2017-10-11 00:00:00-04:00,222.29910515071512,222.74456787109375,222.13316282390105,222.74456787109375,47674300
2017-10-12 00:00:00-04:00,222.43013121510202,222.77950172323375,222.1768262682205,222.41265869140625,47065100
2017-10-13 00:00:00-04:00,222.84938156164074,222.96293297578225,222.41266175664202,222.6834259033203,54800400
2017-10-16 00:00:00-04:00,222.91049850746452,223.17251969283203,222.5698576388578,222.98036193847656,38221700
2017-10-17 00:00:00-04:00,222.92800395792347,223.18130892651027,222.70964403972255,223.13763427734375,31561000
2017-10-18 00:00:00-04:00,223.51320028799114,223.55687493585796,223.1638297603191,223.35598754882812,40888300
2017-10-19 00:00:00-04:00,222.57865009017277,223.45208982839378,222.15940274756386,223.41714477539062,61903800
2017-10-20 00:00:00-04:00,224.2119206013549,224.59623609713063,223.3996149711692,224.57000732421875,89176400
2017-10-23 00:00:00-04:00,224.89324417338113,224.9194462959128,223.61800312947534,223.6966094970703,63915300
2017-10-24 00:00:00-04:00,224.1246056918486,224.32547973958586,223.73154721149646,224.08966064453125,66935900
2017-10-25 00:00:00-04:00,223.75772255286773,223.87127395161298,221.85363085850938,222.98036193847656,103715300
2017-10-26 00:00:00-04:00,223.59179742215292,223.86254822529017,223.1463347175475,223.26861572265625,69798000
2017-10-27 00:00:00-04:00,224.01101405953938,225.25130979163634,223.27732812917105,225.0940704345703,85562500
2017-10-30 00:00:00-04:00,224.0109770040952,224.99796767206183,223.95857277882723,224.2555389404297,54285700
2017-10-31 00:00:00-04:00,224.63116732911413,224.85827013194742,224.307998974472,224.60496520996094,60304800
2017-11-01 00:00:00-04:00,225.38240065372474,225.72302829563802,224.53516302963726,224.90199279785156,54202700
2017-11-02 00:00:00-04:00,224.8321061061006,225.12907239190451,223.76650865456273,224.98931884765625,56449500
2017-11-03 00:00:00-04:00,225.14650410247782,225.7841245724056,224.73598644613577,225.74046325683594,59589700
2017-11-06 00:00:00-05:00,225.60946643391293,226.22088489302695,225.53960298542842,226.08987426757812,49652600
2017-11-07 00:00:00-05:00,226.1946689399576,226.52658027431363,225.4260377772938,225.93264770507812,57502200
2017-11-08 00:00:00-05:00,225.75790711573666,226.4129867363392,225.47840008035098,226.31689453125,50469600
2017-11-09 00:00:00-05:00,225.11159509256848,225.68806842051265,223.91496046403017,225.49591064453125,95085500
2017-11-10 00:00:00-05:00,225.11155421352854,225.60067816261147,224.79710215754318,225.4259796142578,59984700
2017-11-13 00:00:00-05:00,224.74475179722094,225.86275347101255,224.7098067481224,225.63565063476562,50228600
2017-11-14 00:00:00-05:00,224.83206522794742,225.21638074093954,224.05469127726758,225.111572265625,61315200
2017-11-15 00:00:00-05:00,224.14206074959475,224.6661298286348,223.27736409509808,223.98484802246094,80811500
2017-11-16 00:00:00-05:00,224.9281424421125,226.25578761229633,224.8844811268868,225.88893127441406,67777000
2017-11-17 00:00:00-05:00,225.53961085872515,225.86277929786854,225.1465523133929,225.22515869140625,75756800
2017-11-20 00:00:00-05:00,225.4697091570141,225.80159381167795,225.22512048211286,225.60943603515625,48075500
2017-11-21 00:00:00-05:00,226.37808728873543,227.26901281156458,225.57453771922826,227.0855712890625,69176800
2017-11-22 00:00:00-05:00,227.0942910420056,227.22530164809308,226.7187184194679,226.88467407226562,45033400
2017-11-24 00:00:00-05:00,227.37378827509912,227.51354180063734,227.2340347495609,227.40870666503906,27856500
2017-11-27 00:00:00-05:00,227.4523787251362,227.74934495040995,227.09426533885556,227.295166015625,52274900
2017-11-28 00:00:00-05:00,227.75811423402223,229.62726108124528,227.66202201913927,229.60105895996094,98971700
2017-11-29 00:00:00-05:00,229.7320525704751,230.264864537519,229.01585242326902,229.46128845214844,77512100
2017-11-30 00:00:00-05:00,230.3784306347225,232.37858806797493,230.29982427167096,231.47023010253906,127894400
2017-12-01 00:00:00-05:00,231.25183970097865,231.7322207413393,227.75808186488112,230.9897918701172,164390900
2017-12-04 00:00:00-05:00,232.60570674441112,233.03368363528838,230.65792676514644,230.71035766601562,94040600
2017-12-05 00:00:00-05:00,229.88050842285156,231.59244211341078,229.74949784925718,229.88050842285156,77994500
2017-12-06 00:00:00-05:00,229.97659857098364,230.35219779582366,229.46127248952516,229.9241943359375,75898600
2017-12-07 00:00:00-05:00,230.64918518066406,230.9636106197974,229.66219423795215,230.64918518066406,77218600
2017-12-08 00:00:00-05:00,231.60122748092607,231.91565291517546,230.61423655354508,231.9069366455078,76563900
2017-12-11 00:00:00-05:00,232.60568237304688,232.66682953826898,231.8807392812659,232.60568237304688,83077500
2017-12-12 00:00:00-05:00,233.39182329780536,233.4879155290524,232.64067792289777,233.01625061035156,85195800
2017-12-13 00:00:00-05:00,233.26072379810546,233.69744349766833,232.9026104458333,232.98995971679688,102905400
2017-12-14 00:00:00-05:00,233.28697607926028,233.40052749040524,231.9855596243915,232.0379638671875,100666700
2017-12-15 00:00:00-05:00,233.03963870240307,234.43550291442347,232.98696660319516,233.97021484375,144610300
2017-12-18 00:00:00-05:00,235.36609217204557,235.80504421757664,235.26074796775922,235.45388793945312,83653600
2017-12-19 00:00:00-05:00,235.69970433667532,235.74358882543072,234.47940476779215,234.54965209960938,82382900
2017-12-20 00:00:00-05:00,235.51535044887996,235.56802255763964,234.12827359902516,234.4267578125,76751500
2017-12-21 00:00:00-05:00,235.05005956036698,235.6207187178105,234.66377957294816,234.9095916748047,67032300
2017-12-22 00:00:00-05:00,234.92715268868957,234.96227635583207,234.31260907548216,234.84814453125,78720900
2017-12-26 00:00:00-05:00,234.44432602491867,234.78672155224467,234.3038849173879,234.56724548339844,45244400
2017-12-27 00:00:00-05:00,234.73400755302202,235.04127935287949,234.40918731573265,234.68133544921875,57751000
2017-12-28 00:00:00-05:00,235.18174454026212,235.20808059186288,234.79546458911238,235.16416931152344,45116100
2017-12-29 00:00:00-05:00,235.74362345930018,235.761171899079,234.08439838457934,234.2775115966797,96007400
2018-01-02 00:00:00-05:00,235.13787066453907,235.98943885710432,234.75159065194177,235.95431518554688,86655700
2018-01-03 00:00:00-05:00,236.12110292886277,237.59600232641256,236.12110292886277,237.44674682617188,90070400
2018-01-04 00:00:00-05:00,238.08757744045107,238.93035778564,237.50815758078866,238.44749450683594,80636400
2018-01-05 00:00:00-05:00,239.23764887382802,240.15943743914386,238.7460247334587,240.0365447998047,83524000
2018-01-08 00:00:00-05:00,239.93991329663294,240.63346488078793,239.65021679725226,240.47544860839844,57319200
2018-01-09 00:00:00-05:00,240.89687121980845,241.64309503689753,240.6159354877151,241.01979064941406,57254000
2018-01-10 00:00:00-05:00,240.26481254196977,240.91447986147978,239.5976235750946,240.65109252929688,69574300
2018-01-11 00:00:00-05:00,241.20416646404138,242.40689086914062,241.0373625313552,242.40689086914062,62361500
2018-01-12 00:00:00-05:00,242.67029577236767,244.15392925287028,242.37178476166358,243.98715209960938,90816100
2018-01-16 00:00:00-05:00,245.24250740468787,245.89214784344935,242.4595397134825,243.15309143066406,106555100
2018-01-17 00:00:00-05:00,244.08370257733014,245.85705940856167,243.15312627275705,245.4707794189453,113258800
2018-01-18 00:00:00-05:00,245.35669651890993,245.7780734245086,244.56656123788784,245.05821228027344,100728000
2018-01-19 00:00:00-05:00,245.63756026225914,246.173095703125,245.05816712382477,246.173095703125,140920100
2018-01-22 00:00:00-05:00,245.96235907082655,248.17466735839844,245.9096601861562,248.17466735839844,91322400
2018-01-23 00:00:00-05:00,248.21856800026347,248.9911278057013,247.89374780740982,248.70143127441406,97084700
2018-01-24 00:00:00-05:00,249.34235578964626,249.93935104203206,247.42853095192575,248.60491943359375,134816100
2018-01-25 00:00:00-05:00,249.46524709816148,249.56180369497707,247.92012721704376,248.71023559570312,84587300
2018-01-26 00:00:00-05:00,249.54427764501574,251.63369400129739,249.28967791641975,251.58978271484375,107743100
2018-01-29 00:00:00-05:00,251.01907184010386,251.45802381833292,249.7636756123294,249.92169189453125,90118300
2018-01-30 00:00:00-05:00,248.09575853461737,249.97445978985772,246.88424632375978,247.3583221435547,131796400
2018-01-31 00:00:00-05:00,248.2098613943564,248.71024642133222,246.41014172914782,247.48118591308594,108364800
2018-02-01 00:00:00-05:00,246.7524977240842,248.49951821002367,246.41010228471623,247.20021057128906,90102500
2018-02-02 00:00:00-05:00,245.88336854660707,246.01507559481632,241.78357140273644,241.81869506835938,173174800
2018-02-05 00:00:00-05:00,240.06291099027115,242.1698756837403,231.1609496616137,231.7052459716797,294681800
2018-02-06 00:00:00-05:00,228.20236948886597,236.77072116167997,227.11377709458372,236.2703094482422,355026800
2018-02-07 00:00:00-05:00,235.71726560370294,239.10596278188044,234.90958199288642,234.98861694335938,167376100
2018-02-08 00:00:00-05:00,235.2870873577438,235.4275552292879,226.1393148107997,226.1744384765625,246449500
2018-02-09 00:00:00-05:00,228.95741676009237,231.4243255493233,222.0395404071036,229.57196044921875,283565300
2018-02-12 00:00:00-05:00,231.61741052872057,234.4091657307602,229.7123737697383,232.94305419921875,143736000
2018-02-13 00:00:00-05:00,231.74039262423426,234.0668335954932,231.1609725875507,233.5225372314453,81223600
2018-02-14 00:00:00-05:00,232.03884618797034,237.0341229974219,232.03005857309503,236.67417907714844,120735700
2018-02-15 00:00:00-05:00,238.41245071551432,239.70297096491808,235.95430287347807,239.69418334960938,111200300
2018-02-16 00:00:00-05:00,239.07089448024806,241.70460725988548,239.02698319234702,239.76441955566406,160420100
2018-02-20 00:00:00-05:00,238.81622161839584,240.25599702366807,237.4730295837229,238.2631378173828,86369700
2018-02-21 00:00:00-05:00,238.7021616780107,241.17785810812944,236.98147683910005,237.07803344726562,98883700
2018-02-22 00:00:00-05:00,237.99979746858162,239.71169432106666,236.71806503482514,237.38525390625,110511300
2018-02-23 00:00:00-05:00,238.60561709001573,241.16908264160156,238.13154126660785,241.16908264160156,92766400
2018-02-26 00:00:00-05:00,242.2400107099597,244.06606578006836,241.65183011473735,243.969482421875,86491400
2018-02-27 00:00:00-05:00,244.15394484904607,244.86507195937202,240.86180382064492,240.9232635498047,99099200
2018-02-28 00:00:00-05:00,242.02061880237406,242.46835850910344,238.1666333695874,238.482666015625,121907800
2018-03-01 00:00:00-05:00,238.2719550648111,239.81707485453967,233.52249066745827,235.0149383544922,176855100
2018-03-02 00:00:00-05:00,233.34685555508847,236.78825077369177,232.4865268440641,236.22637939453125,139083200
2018-03-05 00:00:00-05:00,235.0412811759298,239.57126967870028,234.93591017599843,238.95672607421875,97307400
2018-03-06 00:00:00-05:00,239.93117419254034,240.0102091362149,238.0700218307826,239.56246948242188,79213200
2018-03-07 00:00:00-05:00,237.40279941766687,239.8257961164526,237.20965947581053,239.47463989257812,87063500
2018-03-08 00:00:00-05:00,240.1506510839523,240.75640704428025,239.15864197545773,240.63351440429688,66901200
2018-03-09 00:00:00-05:00,242.0381499475418,244.8210906982422,241.72209056756208,244.8210906982422,113625300
2018-03-12 00:00:00-04:00,245.11081957380026,245.73412394284,244.1275445405689,244.51382446289062,71924800
2018-03-13 00:00:00-04:00,245.67271164185843,246.17312347300873,242.32789873513437,242.93365478515625,91968900
2018-03-14 00:00:00-04:00,243.89057519707148,244.07492758617036,241.1339698102425,241.68702697753906,105895100
2018-03-15 00:00:00-04:00,242.1961896626177,242.83704251505435,240.92321798909455,241.4236297607422,83433000
2018-03-16 00:00:00-04:00,241.9498859263665,242.73436294881552,241.63258751199234,241.6854705810547,100343700
2018-03-19 00:00:00-04:00,240.93623544895917,241.86171597010994,236.76710790101043,238.4153594970703,109208400
2018-03-20 00:00:00-04:00,238.81197797211732,239.45542436621005,238.14209004943496,238.82080078125,59757300
2018-03-21 00:00:00-04:00,238.77672584368344,240.86568740550535,238.15092503585717,238.36245727539062,78709600
2018-03-22 00:00:00-04:00,236.14129640944108,236.98745229628895,232.13081823448522,232.40408325195312,148785900
2018-03-23 00:00:00-04:00,232.84481538646813,233.17093659771976,227.25658694391362,227.45050048828125,183534800
2018-03-26 00:00:00-04:00,231.04664893729182,233.95532442997438,228.64918525346152,233.6732635498047,141956100
2018-03-27 00:00:00-04:00,234.6076373138364,235.13646793923286,228.14681188586164,229.6981201171875,129941400
2018-03-28 00:00:00-04:00,229.8303123233447,231.496209377788,227.91761869403678,229.01939392089844,146452300
2018-03-29 00:00:00-04:00,230.15648794780927,233.80558127407573,229.02827092448925,231.94577026367188,111601600
2018-04-02 00:00:00-04:00,231.41681075893274,231.9280494234082,224.4712302889655,226.939208984375,186286300
2018-04-03 00:00:00-04:00,228.17319250128392,230.32385946643203,226.38391096621766,229.84788513183594,119956900
2018-04-04 00:00:00-04:00,226.30465889809264,233.01225437698196,226.17245123468194,232.30712890625,123715300
2018-04-05 00:00:00-04:00,234.0611666848327,235.02193855166377,232.97703685335392,234.14051818847656,82652600
2018-04-06 00:00:00-04:00,232.18376675366508,233.6733424388094,227.4064564911248,228.92250061035156,179521200
2018-04-09 00:00:00-04:00,230.37679561184027,233.43532481155327,229.11637116929023,230.05067443847656,105442900
2018-04-10 00:00:00-04:00,232.93288785263687,234.49301869650768,231.79587525314687,233.7085418701172,103529000
2018-04-11 00:00:00-04:00,232.22779429217832,234.140488069733,232.1572925076709,232.48341369628906,91140200
2018-04-12 00:00:00-04:00,233.80556634497947,235.33922911812886,233.62927151869874,234.39610290527344,68890500
2018-04-13 00:00:00-04:00,235.70055996966371,235.81514889026525,232.70373691024142,233.7085418701172,85079200
2018-04-16 00:00:00-04:00,235.33917858817293,236.39689352112617,234.51946430947865,235.63003540039062,63405300
2018-04-17 00:00:00-04:00,237.39285890695663,238.7502533652304,236.88164709474782,238.15089416503906,64682000
2018-04-18 00:00:00-04:00,238.59170113916744,239.12935469632373,237.86892992239788,238.32728576660156,57303900
2018-04-19 00:00:00-04:00,237.67495751316204,237.87769384781993,235.97382294019738,237.00509643554688,77655900
2018-04-20 00:00:00-04:00,236.93457291245892,237.15492797278438,234.1140173807684,234.9954376220703,99953100
2018-04-23 00:00:00-04:00,235.56834131435096,236.12364027357134,233.884825718501,234.9601593017578,65558000
2018-04-24 00:00:00-04:00,235.98266000422277,236.20301507306138,230.29748846866164,231.79591369628906,112885500
2018-04-25 00:00:00-04:00,231.73418132998165,232.8095150189369,229.91845792222574,232.36880493164062,103840900
2018-04-26 00:00:00-04:00,233.39128417911363,235.55957054280748,232.95057403778003,234.7310333251953,67731900
2018-04-27 00:00:00-04:00,235.3391972855658,235.6388769306565,234.0170669637368,234.9513702392578,57053600
2018-04-30 00:00:00-04:00,235.56834497682607,236.1236439446799,233.07391102580115,233.14443969726562,82182300
2018-05-01 00:00:00-04:00,232.58032548825824,233.66448193214373,231.02901745124638,233.5587158203125,74203400
2018-05-02 00:00:00-04:00,233.36485118585458,234.17574281224557,231.60201055601448,231.98983764648438,86368900
2018-05-03 00:00:00-04:00,231.1612782885642,232.1308190231915,228.3318999811481,231.47857666015625,136311500
2018-05-04 00:00:00-04:00,230.50904174879244,235.15414423876828,230.18292052098005,234.47543334960938,91222100
2018-05-07 00:00:00-04:00,235.24225048650933,236.23823271919028,234.55471690649136,235.26869201660156,55304900
2018-05-08 00:00:00-04:00,234.89848369650036,235.63005062825889,233.70856104472983,235.26869201660156,67499200
2018-05-09 00:00:00-04:00,235.93860929864692,237.8689221517703,235.41857448371096,237.5428009033203,59666100
2018-05-10 00:00:00-04:00,238.28316684656053,240.09009464765438,238.17740071163087,239.76394653320312,72063900
2018-05-11 00:00:00-04:00,239.88730136809096,240.75989867301982,239.37606263882225,240.4954833984375,59871500
2018-05-14 00:00:00-04:00,240.92740579766743,241.579648169337,240.06360427665848,240.610107421875,54790600
2018-05-15 00:00:00-04:00,239.38492075905984,239.40253948036187,238.00990733079024,238.95303344726562,87036100
2018-05-16 00:00:00-04:00,238.98828401389073,240.41618042257653,238.96181558524657,239.95782470703125,53942600
2018-05-17 00:00:00-04:00,239.69339057117915,240.83043006232478,238.97944242294543,239.75509643554688,56536400
2018-05-18 00:00:00-04:00,239.4113658661193,239.7727513992917,238.80318373697688,239.15574645996094,64368000
2018-05-21 00:00:00-04:00,240.63655903279187,241.4915377795711,240.2487319580376,240.953857421875,58025900
2018-05-22 00:00:00-04:00,241.47388880461108,241.72950821369673,239.95784486948793,240.28396606445312,52966400
2018-05-23 00:00:00-04:00,239.01469160518607,240.97144523152645,238.85601554990004,240.94497680664062,64694200
2018-05-24 00:00:00-04:00,240.54838622347975,240.82162432927402,238.67095692322204,240.451416015625,76043800
2018-05-25 00:00:00-04:00,239.87857055664062,240.50437154569502,239.37615444344232,239.87857055664062,56374800
2018-05-29 00:00:00-04:00,238.25671437855638,239.01474980878663,236.00910341800926,237.1196746826172,115908600
2018-05-30 00:00:00-04:00,238.42418221259786,240.72467619793298,238.3536804267183,240.28396606445312,69678400
2018-05-31 00:00:00-04:00,239.87844608631977,240.178125656547,238.2125762843502,238.8119354248047,93519900
2018-06-01 00:00:00-04:00,240.10772382917452,241.45629590589624,240.03719513694026,241.1566162109375,71258400
2018-06-04 00:00:00-04:00,241.97627752345397,242.55801806189862,241.73830376178478,242.30239868164062,45385200
2018-06-05 00:00:00-04:00,242.43461158185002,242.85770295501914,241.6677803232636,242.47869873046875,51135000
2018-06-06 00:00:00-04:00,243.08689252902062,244.61173231021175,242.46988760909116,244.50596618652344,62732200
2018-06-07 00:00:00-04:00,244.9907462065433,245.28160302621228,243.57164575012257,244.47950744628906,72969400
2018-06-08 00:00:00-04:00,244.02120112053123,245.2551840883835,243.85372912145007,245.20230102539062,72139700
2018-06-11 00:00:00-04:00,245.42259998705822,246.2423141748829,245.30801107716346,245.5283660888672,58892500
2018-06-12 00:00:00-04:00,245.9426158937768,246.20703112820215,245.2022263385827,245.84567260742188,72329000
2018-06-13 00:00:00-04:00,246.08373004921717,246.33934946200577,244.85854294896512,245.061279296875,79070600
2018-06-14 00:00:00-04:00,245.92504974497967,246.20708375571797,245.0876898256393,245.67825317382812,77097600
2018-06-15 00:00:00-04:00,244.89555787415404,245.7012550888403,243.78883538468264,245.36480712890625,120041600
2018-06-18 00:00:00-04:00,243.91276179336904,244.9840885625564,243.43467715644596,244.86012268066406,52917600
2018-06-19 00:00:00-04:00,242.59360943082888,244.1430211698944,242.17748062583885,243.9216766357422,97531500
2018-06-20 00:00:00-04:00,244.60346279999033,245.00189385844547,244.0014120171002,244.33786010742188,53785500
2018-06-21 00:00:00-04:00,244.32889671943892,244.34662157135446,242.31023603123566,242.80604553222656,71061400
2018-06-22 00:00:00-04:00,244.06330844702353,244.17841191285814,243.0274042741051,243.24874877929688,54898500
2018-06-25 00:00:00-04:00,242.09779424744752,242.25715582365535,238.2552564656156,239.93746948242188,137854200
2018-06-26 00:00:00-04:00,240.50408113101963,241.318613720225,239.7515044638951,240.46865844726562,68547400
2018-06-27 00:00:00-04:00,241.0530619154473,242.47850775660206,238.3260821033997,238.4766082763672,105110700
2018-06-28 00:00:00-04:00,238.42347751836468,240.60150009170255,237.7151588224368,239.840087890625,76650500
2018-06-29 00:00:00-04:00,240.92909341827357,242.29258330965268,240.07027554780439,240.1853790283203,97592500
2018-07-02 00:00:00-04:00,238.61823583374448,240.85824111556073,238.3791664787934,240.6988525390625,63554800
2018-07-03 00:00:00-04:00,241.59311867340935,241.69052431494146,239.42395853253888,239.8489227294922,42187100
2018-07-05 00:00:00-04:00,240.97340287322703,241.86761650524355,239.90207576914923,241.80563354492188,56925900
2018-07-06 00:00:00-04:00,241.8322297707401,244.22273484975983,241.45149658583094,243.85089111328125,66493700
2018-07-09 00:00:00-04:00,244.85130397928495,246.09969034891844,244.8070458819004,246.04656982421875,50550400
2018-07-10 00:00:00-04:00,246.4981344115885,247.0293667064297,246.20594449060724,246.9319610595703,51966800
2018-07-11 00:00:00-04:00,245.38260652271458,246.1706062307664,244.8248138340223,245.12583923339844,77054700
2018-07-12 00:00:00-04:00,246.38305497665553,247.40123454638106,245.78100425955168,247.34811401367188,60124700
2018-07-13 00:00:00-04:00,247.170987792406,247.84385669811354,246.71943636678722,247.54283142089844,48216000
2018-07-16 00:00:00-04:00,247.5871628642055,247.72879959326502,246.87884412092146,247.321533203125,48201000
2018-07-17 00:00:00-04:00,246.55123480830568,248.71155948323252,246.4981142851185,248.32199096679688,52315500
2018-07-18 00:00:00-04:00,248.40173223929776,248.9506624589636,247.95904309187677,248.84442138671875,44593500
2018-07-19 00:00:00-04:00,248.180440510071,248.56114677321168,247.4278633952906,247.90597534179688,61412100
2018-07-20 00:00:00-04:00,247.70219359511609,248.3308314298879,247.4631512619163,247.6225128173828,82337700
2018-07-23 00:00:00-04:00,247.41897409460745,248.28662752677565,247.07366359189476,248.0830078125,47047600
2018-07-24 00:00:00-04:00,249.49065687437772,250.17238816002202,248.46361522328874,249.33126831054688,68026900
2018-07-25 00:00:00-04:00,249.08344934198635,251.77500676757114,249.03919123765357,251.45628356933594,78882900
2018-07-26 00:00:00-04:00,250.73905246712084,251.54472264436467,250.64164684001761,250.8629913330078,57919500
2018-07-27 00:00:00-04:00,251.19073591086521,251.28814159964472,248.24243728602406,249.16323852539062,76768700
2018-07-30 00:00:00-04:00,249.24283644941406,249.40219804756535,247.33925162185292,247.8616485595703,63742500
2018-07-31 00:00:00-04:00,248.6229719725251,249.69427169204494,248.24226595098523,249.08335876464844,68570500
2018-08-01 00:00:00-04:00,249.28705758708554,249.79172959266052,248.0209733790744,248.6672821044922,53853300
2018-08-02 00:00:00-04:00,247.36573227545722,250.19006277942609,247.16208564142823,250.02186584472656,63426400
2018-08-03 00:00:00-04:00,250.14587016215646,251.14635172489284,249.96878373668994,251.09323120117188,53935400
2018-08-06 00:00:00-04:00,251.12862956597405,252.32386825352035,250.73906108335714,252.01400756835938,39400900
2018-08-07 00:00:00-04:00,252.67802497211565,253.22695497548762,252.5451966645464,252.84622192382812,43196600
2018-08-08 00:00:00-04:00,252.67812584104703,253.1385128296892,252.2796947984672,252.74008178710938,42114600
2018-08-09 00:00:00-04:00,252.80193482202702,253.19150323511658,252.26186730636365,252.39466857910156,35717000
2018-08-10 00:00:00-04:00,250.96050263703881,251.50057045794807,249.99541646397313,250.7037353515625,77076000
2018-08-13 00:00:00-04:00,250.9781002435462,251.589013219035,249.47294685068562,249.76513671875,65732900
2018-08-14 00:00:00-04:00,250.49123330231163,251.59795614540195,250.1016646999758,251.35888671875,43842000
2018-08-15 00:00:00-04:00,250.0131660570959,250.1548298486285,248.0476248564399,249.48193359375,102925400
2018-08-16 00:00:00-04:00,250.91615074561037,252.36818381411726,250.88072805575527,251.50050354003906,69967900
2018-08-17 00:00:00-04:00,251.29685472442358,252.82856856746483,250.88958836311608,252.38587951660156,65618500
2018-08-20 00:00:00-04:00,252.8374516517211,253.19159751742657,252.38590013667803,252.92599487304688,39807500
2018-08-21 00:00:00-04:00,253.4395147594175,254.37801350839973,252.9614029564797,253.51919555664062,67272000
2018-08-22 00:00:00-04:00,253.11188513982498,253.8910221589118,252.84625550899398,253.36865234375,44993300
2018-08-23 00:00:00-04:00,253.19160341162674,254.0504213412442,252.71349162101544,253.03224182128906,49204900
2018-08-24 00:00:00-04:00,253.60770790763118,254.69673270963204,253.5545873826161,254.55506896972656,57487400
2018-08-27 00:00:00-04:00,255.75025973945864,256.671060366002,255.5908981943619,256.5648193359375,57072400
2018-08-28 00:00:00-04:00,257.0252943284539,257.1315624145711,256.2284593099741,256.6888732910156,46943500
2018-08-29 00:00:00-04:00,256.9013321766645,258.3002177918885,256.6622897986318,258.0700378417969,61485500
2018-08-30 00:00:00-04:00,257.5919235454238,257.96376724094705,256.4320803195823,257.0252685546875,61229500
2018-08-31 00:00:00-04:00,256.61808126162185,257.47689942068666,256.13113393229463,257.0342102050781,66140800
2018-09-04 00:00:00-04:00,256.61805196833916,256.9456376273583,255.59100986301283,256.59149169921875,57594400
2018-09-05 00:00:00-04:00,256.23728113360505,256.4409278252253,254.89151613831157,255.9008331298828,72452400
2018-09-06 00:00:00-04:00,256.0070239302775,256.3080491851552,254.10346677819166,255.13050842285156,65909900
2018-09-07 00:00:00-04:00,254.08575935643225,255.60861042454084,253.84669003100112,254.6346893310547,73524800
2018-09-10 00:00:00-04:00,255.6440968788717,255.90972655484634,254.8826845841951,255.0774688720703,50210900
2018-09-11 00:00:00-04:00,254.43111974684635,256.36123766786574,254.0858363116095,255.91854858398438,50530500
2018-09-12 00:00:00-04:00,255.9274092570225,256.5825804504032,255.19255727144122,255.98052978515625,59810800
2018-09-13 00:00:00-04:00,257.0430128319784,257.6804862349242,256.75968531520266,257.4945373535156,51034200
2018-09-14 00:00:00-04:00,257.69814941620206,257.8840712530081,256.75965078524433,257.5387878417969,55079900
2018-09-17 00:00:00-04:00,257.48563159353705,257.52102725876375,255.9007974379103,256.1752624511719,68244000
2018-09-18 00:00:00-04:00,256.38773979012984,258.15849572409456,256.36117953190404,257.5653076171875,61930400
2018-09-19 00:00:00-04:00,257.61852968857704,258.2560031568843,257.4945637549275,257.8398742675781,49080600
2018-09-20 00:00:00-04:00,259.0969993755768,260.24797982774675,257.8574487106688,259.9292297363281,100360600
2018-09-21 00:00:00-04:00,260.6700717174075,260.785696210054,259.53165901903327,259.6917419433594,105479700
2018-09-24 00:00:00-04:00,259.11374214506895,259.25604717756437,258.25103654562844,258.8291320800781,53409600
2018-09-25 00:00:00-04:00,259.28270927831363,259.38943125963567,258.3488647998379,258.5889892578125,44370000
2018-09-26 00:00:00-04:00,258.7313131778317,259.9141847464246,257.3972340300499,257.81524658203125,79739700
2018-09-27 00:00:00-04:00,258.2865565354975,259.62063535481394,258.01084908419097,258.53558349609375,59249500
2018-09-28 00:00:00-04:00,257.913024857578,259.0603403412746,257.87746896148747,258.5622863769531,70091400
2018-10-01 00:00:00-04:00,259.7984845913529,260.5277874939204,258.7935013917487,259.4605407714844,62078900
2018-10-02 00:00:00-04:00,259.3093566894531,260.02085456876165,258.93582980248266,259.3093566894531,47258200
2018-10-03 00:00:00-04:00,260.3589158911238,260.7769285042683,259.096002645905,259.4517517089844,64694600
2018-10-04 00:00:00-04:00,258.97141213367536,259.02477312297555,255.840783146468,257.42388916015625,111545900
2018-10-05 00:00:00-04:00,257.64625615039654,258.16208813528516,254.5600853615641,255.9831085205078,105951700
2018-10-08 00:00:00-04:00,255.298263866853,256.3388575247664,253.91972629713487,255.9831085205078,87742200
2018-10-09 00:00:00-04:00,255.6006521845047,256.9080235309674,255.04921007260296,255.60952758789062,74339000
2018-10-10 00:00:00-04:00,255.10262196536394,255.17378805809057,247.1426320674937,247.5161590576172,214731000
2018-10-11 00:00:00-04:00,246.43110159758785,248.04979089872194,240.45442560578684,242.06423950195312,274840500
2018-10-12 00:00:00-04:00,246.1553164318959,246.43992642315365,242.24202404876104,245.42604064941406,183186500
2018-10-15 00:00:00-04:00,245.0703043529026,246.39550796513305,243.95857183970327,244.04751586914062,102263700
2018-10-16 00:00:00-04:00,246.00416376411522,249.75737362844944,245.53279028754295,249.38381958007812,118255800
2018-10-17 00:00:00-04:00,249.4194726965644,250.0509293104676,246.85803605064686,249.42837524414062,110626000
2018-10-18 00:00:00-04:00,248.49451374033328,249.0904144724787,244.55453915232613,245.82635498046875,134557500
2018-10-19 00:00:00-04:00,246.475504465327,248.4054565565416,244.9991207002211,245.69284057617188,139901600
2018-10-22 00:00:00-04:00,246.35988075496186,246.68004663324515,244.05637465763868,244.5900115966797,82415800
2018-10-23 00:00:00-04:00,240.97916660583792,244.4655448019636,238.89797931644497,243.34490966796875,146352700
2018-10-24 00:00:00-04:00,243.09585651106832,243.47831310802016,235.42047834896334,235.97189331054688,177806700
2018-10-25 00:00:00-04:00,237.8040420361195,241.74401565139752,236.78125352573443,240.2053680419922,138061500
2018-10-26 00:00:00-04:00,236.50559671818039,241.02366679537118,233.27712038113032,235.9808349609375,201574600
2018-10-29 00:00:00-04:00,239.06703251645644,240.35665354022893,231.107041219053,234.6734619140625,160749100
2018-10-30 00:00:00-04:00,234.50443305323765,238.46218471265607,234.01525443786565,238.15089416503906,157116000
2018-10-31 00:00:00-04:00,240.7122969905174,243.0069278938109,240.24092353238416,240.69451904296875,128296300
2018-11-01 00:00:00-04:00,241.55725087311626,243.45164745734314,240.4721988322022,243.2559814453125,99495000
2018-11-02 00:00:00-04:00,244.35883203457692,244.78574713551563,239.76959648164814,241.81520080566406,122634100
2018-11-05 00:00:00-05:00,242.3043186776565,243.70066118097728,241.33489121602472,243.1492462158203,65622500
2018-11-06 00:00:00-05:00,243.08702778229969,244.84799497942296,243.0247642380611,244.6879119873047,60085900
2018-11-07 00:00:00-05:00,246.85787819010258,250.0063109825109,246.43096330814853,249.92626953125,102752100
2018-11-08 00:00:00-05:00,249.12595045751826,250.11318323351344,248.33441086918774,249.4728240966797,65584900
2018-11-09 00:00:00-05:00,248.16533791916257,248.3521013519031,245.6305827643591,247.03582763671875,98812600
2018-11-12 00:00:00-05:00,246.5289890223831,246.76911355069015,241.9041694364947,242.42002868652344,99673600
2018-11-13 00:00:00-05:00,242.88245150278644,244.87466772001525,241.2459843040756,241.9663848876953,98176600
2018-11-14 00:00:00-05:00,243.83406416161853,244.23427156850525,238.75567780247712,240.31210327148438,125335900
2018-11-15 00:00:00-05:00,239.04921696143316,243.28270387403552,237.47501319005792,242.82020568847656,135101400
2018-11-16 00:00:00-05:00,241.72624899886281,244.35882418194376,241.21038987573397,243.45166015625,126668000
2018-11-19 00:00:00-05:00,242.84687550829725,243.14038813498033,238.41774988663542,239.3338165283203,103061700
2018-11-20 00:00:00-05:00,236.00747788431894,237.46608408810766,234.0419422412269,234.90464782714844,136021300
2018-11-21 00:00:00-05:00,236.45220506168295,237.59952087377042,235.6962484957569,235.7051239013672,75563700
2018-11-23 00:00:00-05:00,234.06862635176773,235.52723257807557,233.97080690927402,234.13088989257812,42807900
2018-11-26 00:00:00-05:00,236.38106700331844,238.13315893155394,235.98973489758671,237.9108123779297,79981400
2018-11-27 00:00:00-05:00,236.8790184862919,238.71115112304688,236.2742426365071,238.71115112304688,75502400
2018-11-28 00:00:00-05:00,239.77848590009825,244.20761108398438,238.6489482392209,244.20761108398438,127629600
2018-11-29 00:00:00-05:00,243.43387485858386,245.07034211312993,242.2954616753383,243.6740264892578,82346400
2018-11-30 00:00:00-05:00,243.52286471299396,245.71964999648787,243.20269866774774,245.15933227539062,98204200
2018-12-03 00:00:00-05:00,249.27717163158556,249.38389363655335,246.81358154386612,248.4055633544922,103176300
2018-12-04 00:00:00-05:00,247.5783616693744,248.00527669492658,240.0452616142607,240.35655212402344,177986000
2018-12-06 00:00:00-05:00,236.50551991524597,240.10752209732985,233.41044708855944,239.9918975830078,204185400
2018-12-07 00:00:00-05:00,239.65399795009372,241.21932634814482,233.5795021440557,234.41552734375,161018900
2018-12-10 00:00:00-05:00,234.2376330528424,235.82964190912955,230.0130487128308,234.86021423339844,151445900
2018-12-11 00:00:00-05:00,238.05305993563306,238.23982339583532,233.44604697126593,234.9135284423828,121504400
2018-12-12 00:00:00-05:00,237.88412573606539,239.24488552344042,236.01640930545526,236.09645080566406,97976700
2018-12-13 00:00:00-05:00,237.03914588891996,237.90185139073836,234.90462492684645,236.016357421875,96662700
2018-12-14 00:00:00-05:00,233.87293341160515,234.8245829393611,231.10695599803614,231.6583709716797,116961100
2018-12-17 00:00:00-05:00,230.70674603004963,231.8184786411639,225.48605403096258,227.11363220214844,165492300
2018-12-18 00:00:00-05:00,228.75011653111562,229.41715610831534,225.26371106517817,226.86460876464844,134515100
2018-12-19 00:00:00-05:00,226.94463525802686,230.70673442492728,221.76841553795205,223.46713256835938,214992800
2018-12-20 00:00:00-05:00,222.22197924177337,223.78729366508378,217.58827236195947,219.82952880859375,252053400
2018-12-21 00:00:00-05:00,220.72861735508985,223.38552036390047,214.68124937399995,215.32534790039062,255345600
2018-12-24 00:00:00-05:00,213.84032507460728,215.45057126158082,209.57318974188104,209.63580322265625,147311600
2018-12-26 00:00:00-05:00,211.09393536988443,220.2275848388672,209.11690857829768,220.2275848388672,218485400
2018-12-27 00:00:00-05:00,216.99822249418898,222.1152062471228,213.76878896161634,221.9184112548828,186267300
2018-12-28 00:00:00-05:00,223.269177638779,224.8973054085378,220.46913912982842,221.63209533691406,153100200
2018-12-31 00:00:00-05:00,223.25131500932955,223.81490460672552,221.38164665156634,223.5733642578125,144299400
2019-01-02 00:00:00-05:00,220.04869177649815,224.72735303150918,220.02185547983245,223.80592346191406,126925200
2019-01-03 00:00:00-05:00,222.06151737501295,222.36568485027112,217.9822360854176,218.46531677246094,144140700
2019-01-04 00:00:00-05:00,221.4890038398222,226.42708803378295,221.1132819712888,225.78298950195312,142628800
2019-01-07 00:00:00-05:00,226.0513447804907,228.96766966524018,225.15676508760038,227.5631866455078,103139100
2019-01-08 00:00:00-05:00,229.74597827796512,230.18431361996602,227.22325682723428,229.70123291015625,102512600
2019-01-09 00:00:00-05:00,230.40792306192012,231.61561100018852,229.18235335952744,230.7747039794922,95006600
2019-01-10 00:00:00-05:00,229.24505692792303,231.8393332119918,228.5651674588411,231.58885192871094,96823900
2019-01-11 00:00:00-05:00,230.51534394930587,231.70515051418553,229.93387246967274,231.67831420898438,73858100
2019-01-14 00:00:00-05:00,229.78170513390126,231.06990195416668,229.37916069032022,230.26478576660156,70908200
2019-01-15 00:00:00-05:00,230.64053836674492,233.21693219887842,230.63158383386505,232.90382385253906,85208300
2019-01-16 00:00:00-05:00,233.3332136885603,234.35304766189932,233.12747782757188,233.46742248535156,77636700
2019-01-17 00:00:00-05:00,232.59966906964814,236.09747886046176,232.55492370584037,235.23866271972656,96118400
2019-01-18 00:00:00-05:00,237.0457143351515,238.83487355099425,235.27443688332207,238.3696746826172,127900300
2019-01-22 00:00:00-05:00,236.9025808874693,237.1172712595665,233.53895278912816,235.14918518066406,115531200
2019-01-23 00:00:00-05:00,236.17798861637877,236.87575967051836,233.181141246526,235.6412353515625,86030300
2019-01-24 00:00:00-05:00,235.46232565671974,236.34797816335373,234.4514461827318,235.7664794921875,59204100
2019-01-25 00:00:00-05:00,237.60932299896712,238.58443898655247,235.86490880279874,237.76141357421875,96883400
2019-01-28 00:00:00-05:00,235.62334035140552,236.01693026973098,234.1920074924276,235.95433044433594,85613700
2019-01-29 00:00:00-05:00,236.0974797217171,236.6610419843488,234.8092828063201,235.6412353515625,66136300
2019-01-30 00:00:00-05:00,237.15310270700996,240.2125502350187,236.3927044417232,239.37164306640625,92473700
2019-01-31 00:00:00-05:00,239.30903974505677,241.95698818402894,239.0943220389077,241.47390747070312,104012100
2019-02-01 00:00:00-05:00,241.67073412788216,242.6100593238502,240.80299060610332,241.59022521972656,85782500
2019-02-04 00:00:00-05:00,241.63492373195646,243.35252886814231,240.96398891789138,243.28990173339844,60744800
2019-02-05 00:00:00-05:00,243.71928179711728,244.61386144626238,243.21831937762838,244.30970764160156,79552800
2019-02-06 00:00:00-05:00,244.03238574275397,244.52439362076777,243.25410583006848,243.98764038085938,58347800
2019-02-07 00:00:00-05:00,242.37739591476807,242.92307635961063,240.00676546510306,241.6617431640625,95482000
2019-02-08 00:00:00-05:00,240.41830721543772,242.0553761416929,239.5952818353024,241.9569854736328,75788900
2019-02-11 00:00:00-05:00,242.61004281578042,242.86945129093857,241.56337248015748,242.09117126464844,68021400
2019-02-12 00:00:00-05:00,243.7014429213756,245.58003867487145,243.62986124861985,245.20433044433594,72270200
2019-02-13 00:00:00-05:00,246.03623333401944,246.84134953696977,245.61577981797595,246.0004425048828,65277200
2019-02-14 00:00:00-05:00,244.91806536618728,246.58199805028215,244.1039944428411,245.45481872558594,83234400
2019-02-15 00:00:00-05:00,247.22611938106277,248.16544477531377,247.0203834502616,248.12965393066406,97088700
2019-02-19 00:00:00-05:00,247.3334661324364,249.21206212427865,247.32451159710354,248.5590362548828,59120800
2019-02-20 00:00:00-05:00,248.52318324557527,249.51618090468128,248.0222207996787,249.0599365234375,76610800
2019-02-21 00:00:00-05:00,248.42482818267058,248.782654652387,247.21713995951922,248.17434692382812,64214700
2019-02-22 00:00:00-05:00,248.7915845167354,249.90980930917786,248.15644047874292,249.71302795410156,78114600
2019-02-25 00:00:00-05:00,251.1354245896953,251.65426891834582,249.97245434206664,250.05296325683594,69030700
2019-02-26 00:00:00-05:00,249.7040511002087,250.7506941241526,249.49828792864352,249.8740234375,56844100
2019-02-27 00:00:00-05:00,249.15831243309327,250.11551920355708,248.22796926031745,249.7666473388672,56921600
2019-02-28 00:00:00-05:00,249.5520407678808,249.99040355256068,248.97952373745665,249.3015594482422,69268300
2019-03-01 00:00:00-05:00,250.8759750305505,251.2695923481323,249.42676004327686,250.85809326171875,78880500
2019-03-04 00:00:00-05:00,251.91371974760702,252.1552465063105,247.65551044326227,249.9456329345703,106494600
2019-03-05 00:00:00-05:00,250.07088140915823,250.2676900858793,249.0600017196552,249.60568237304688,59114600
2019-03-06 00:00:00-05:00,249.721906793157,249.73086132589236,247.7717296851715,248.09376525878906,75039800
2019-03-07 00:00:00-05:00,247.6464551651984,247.7895911752292,245.17743406827364,246.01834106445312,94885100
2019-03-08 00:00:00-05:00,244.1666005291717,245.6963242662043,243.701428884689,245.52635192871094,85795800
2019-03-11 00:00:00-04:00,246.2420650601554,249.24784033512216,246.21522875592933,249.08682250976562,65098900
2019-03-12 00:00:00-04:00,249.64141454290714,250.54494879646793,249.453560445773,250.0260772705078,79667500
2019-03-13 00:00:00-04:00,250.91170489447018,252.6114007343966,250.7506598124784,251.6810302734375,80639200
2019-03-14 00:00:00-04:00,251.70782780447044,252.1282812585758,251.08163853904514,251.5199737548828,67518400
2019-03-15 00:00:00-04:00,252.07082946753658,253.57134263691682,251.88212050895183,252.76268005371094,81309000
2019-03-18 00:00:00-04:00,252.97840020058632,253.97577207395662,252.75377010720248,253.6792449951172,62199800
2019-03-19 00:00:00-04:00,254.73945229726,255.50317247562955,252.85255452926685,253.74208068847656,90268100
2019-03-20 00:00:00-04:00,253.52641347579527,254.7304270184905,251.87313992072177,252.97830200195312,84609200
2019-03-21 00:00:00-04:00,252.16071856563832,256.23998047374977,252.11577610387022,255.83566284179688,79550400
2019-03-22 00:00:00-04:00,254.4789000838068,255.0000297509821,250.84887068471875,250.91177368164062,122659300
2019-03-25 00:00:00-04:00,250.57030774799213,251.7563609170328,249.46514552195487,250.7230682373047,85575200
2019-03-26 00:00:00-04:00,252.47512221855817,253.54436319608845,251.19024521888866,252.59193420410156,68125900
2019-03-27 00:00:00-04:00,252.5829343773154,253.16699429149978,249.7256474675577,251.27110290527344,72224700
2019-03-28 00:00:00-04:00,251.9001938965635,252.672908261074,250.75008890754063,252.22364807128906,56238500
2019-03-29 00:00:00-04:00,253.73311658007276,254.13743419240424,252.6099664002764,253.81398010253906,82186800
2019-04-01 00:00:00-04:00,255.8087003800633,257.12053213515975,255.53912787981554,256.8240051269531,77617900
2019-04-02 00:00:00-04:00,257.0127626231394,257.18348367932794,256.1591573421968,256.9498596191406,40070400
2019-04-03 00:00:00-04:00,258.16278854117206,258.55813955865335,256.75210547518907,257.3541259765625,68243200
2019-04-04 00:00:00-04:00,257.6775542854916,258.28854128030713,256.9857037843611,258.0369567871094,48997500
2019-04-05 00:00:00-04:00,258.7019475798009,259.33988924285876,258.41441453536396,259.2859802246094,58621700
2019-04-08 00:00:00-04:00,258.86363103444137,259.59143007888594,258.20770152867095,259.4836120605469,53566300
2019-04-09 00:00:00-04:00,258.52208288193896,258.8455368041483,257.6056026817012,258.1536865234375,66142300
2019-04-10 00:00:00-04:00,258.56711479989013,259.1242202855344,258.1538032388763,259.03436279296875,52601500
2019-04-11 00:00:00-04:00,259.5195720218468,259.52856599827516,258.39642179469354,258.9624938964844,55093100
2019-04-12 00:00:00-04:00,260.57083310063365,260.9931386511058,259.0074168766403,260.714599609375,69727800
2019-04-15 00:00:00-04:00,260.7864442960236,260.88529575789886,259.7441577724898,260.5438537597656,49596700
2019-04-16 00:00:00-04:00,261.4244381773299,261.47834719052565,260.12157304356356,260.714599609375,52153200
2019-04-17 00:00:00-04:00,261.8287886640842,261.8557431740678,259.6633516265314,260.0766906738281,58268300
2019-04-18 00:00:00-04:00,260.6606725944999,260.8583481027852,259.36680152584245,260.5887756347656,68708500
2019-04-22 00:00:00-04:00,259.8251565749306,260.96626761343117,259.7352990506445,260.8135070800781,40160100
2019-04-23 00:00:00-04:00,261.18190502726463,263.39228496883817,260.94830836776504,263.1586608886719,52246600
2019-04-24 00:00:00-04:00,263.07766238376894,263.41011037612645,262.43072692651964,262.5744934082031,50392900
2019-04-25 00:00:00-04:00,262.475714273737,263.06874089132936,261.2267854647723,262.4128112792969,57770900
2019-04-26 00:00:00-04:00,262.45779772184494,263.7067267400949,261.6850559679797,263.6348571777344,50916400
2019-04-29 00:00:00-04:00,263.72461115092415,264.56922213553327,263.6347536677554,264.0480651855469,57197700
2019-04-30 00:00:00-04:00,263.7067077125926,264.4704554333061,262.29605171531756,264.18292236328125,81111700
2019-05-01 00:00:00-04:00,264.8118094680611,265.0184789347916,262.18811906270474,262.1971130371094,71671900
2019-05-02 00:00:00-04:00,262.0803024726753,262.9968104059952,260.13949601586444,261.63104248046875,65030200
2019-05-03 00:00:00-04:00,263.1046927620058,264.4704336008856,261.7389245024655,264.19189453125,56543700
2019-05-06 00:00:00-04:00,259.89692165063803,263.54491082051743,259.58243415240935,263.1046447753906,107198100
2019-05-07 00:00:00-04:00,260.705561358726,261.2985878238254,256.8059880160905,258.7108459472656,144729900
2019-05-08 00:00:00-04:00,258.3515625,260.0587457295105,257.75853576162285,258.3515625,91568300
2019-05-09 00:00:00-04:00,256.2849164466201,258.1717868559465,254.5507516890629,257.5697937011719,103471100
2019-05-10 00:00:00-04:00,256.6352774765789,259.61837045130414,253.65218450185358,258.8636169433594,112429300
2019-05-13 00:00:00-04:00,253.76006930266527,254.7214650101081,251.52273551419995,252.3583526611328,127290500
2019-05-14 00:00:00-04:00,253.37369301577155,256.1681049927601,253.24791445118507,254.64060974121094,77003200
2019-05-15 00:00:00-04:00,253.01427522562122,256.77008271546595,252.80760572827901,256.13214111328125,73956400
2019-05-16 00:00:00-04:00,256.8330106305001,259.86101931664007,256.7611410796038,258.5042724609375,76749600
2019-05-17 00:00:00-04:00,256.2040601319123,259.3129323114473,256.1860721788903,256.8330078125,100353000
2019-05-20 00:00:00-04:00,255.2335591339415,256.9407414500029,254.388948239142,255.13473510742188,62877600
2019-05-21 00:00:00-04:00,256.82395261777503,257.81233007528556,256.5723681213772,257.4349670410156,46847100
2019-05-22 00:00:00-04:00,256.48259057914987,257.59674680267347,256.16810303909295,256.6443176269531,49482500
2019-05-23 00:00:00-04:00,254.42493392448358,254.46984895753423,252.09777034696506,253.50845336914062,98733800
2019-05-24 00:00:00-04:00,254.94612889767544,255.3594679586929,253.46357595804218,254.08355712890625,55268100
2019-05-28 00:00:00-04:00,254.3620492097785,255.31447831235778,251.7024374188396,251.72039794921875,70029400
2019-05-29 00:00:00-04:00,250.60617854574073,251.0104960321297,248.62942387678302,250.03111267089844,104972900
2019-05-30 00:00:00-04:00,250.7859350955703,251.6215796387543,249.6178699191781,250.7140655517578,62523800
2019-05-31 00:00:00-04:00,248.17124628444185,248.997869366568,247.30864730223772,247.33560180664062,86862800
2019-06-03 00:00:00-04:00,247.3715764238145,248.48573261773257,245.37686062526726,246.70668029785156,96428000
2019-06-04 00:00:00-04:00,248.99791717121533,252.1966469375377,248.54865706447725,252.06187438964844,77231900
2019-06-05 00:00:00-04:00,253.6791519839394,254.27217850352002,251.8731453413565,254.24522399902344,71169700
2019-06-06 00:00:00-04:00,254.54179744327325,256.57243446763243,253.89486179658218,255.89854431152344,69430400
2019-06-07 00:00:00-04:00,256.9137429467995,259.5374326554367,256.7430220023687,258.4591979980469,74272200
2019-06-10 00:00:00-04:00,260.0047272218072,261.3075921861058,259.5554672231737,259.64532470703125,60799100
2019-06-11 00:00:00-04:00,261.46039300426,261.8287895891115,258.9355533511188,259.5824890136719,58641300
2019-06-12 00:00:00-04:00,259.3488365521413,259.9059145875843,258.6120435410981,259.12420654296875,47096300
2019-06-13 00:00:00-04:00,260.0317238829631,260.55288092143763,259.3308792682955,260.1934509277344,48945200
2019-06-14 00:00:00-04:00,259.90594482421875,260.50793796326803,259.1421972200491,259.90594482421875,52324700
2019-06-17 00:00:00-04:00,260.13956380841864,260.76853892968074,259.8340702245848,260.0047912597656,39205700
2019-06-18 00:00:00-04:00,261.81983859907155,263.7786062363526,261.4604085491026,262.7273254394531,85434800
2019-06-19 00:00:00-04:00,262.86208891416766,263.85046667610106,261.8916991065089,263.3203430175781,78674400
2019-06-20 00:00:00-04:00,265.9979055853094,266.240496147716,263.3832087300726,265.8361511230469,116570000
2019-06-21 00:00:00-04:00,265.5671482228351,266.8221515056671,265.23308319547755,265.44976806640625,83309500
2019-06-24 00:00:00-04:00,265.6574273212025,265.97341688825486,264.9712218644644,265.1247253417969,47582700
2019-06-25 00:00:00-04:00,265.1788523150936,265.2059379178657,262.4160106162554,262.52435302734375,82028700
2019-06-26 00:00:00-04:00,263.41811858138806,263.9237347023647,262.15407827894643,262.2624206542969,51584900
2019-06-27 00:00:00-04:00,263.020892537568,263.6980600603321,262.6416941550696,263.19244384765625,40355200
2019-06-28 00:00:00-04:00,264.1675879780534,265.04339252576335,263.65296153358025,264.54681396484375,59350900
2019-07-01 00:00:00-04:00,267.86960803422966,268.0863205404081,265.7478093643925,266.94866943359375,78705600
2019-07-02 00:00:00-04:00,266.90333077615117,267.6978784773819,266.0636495912675,267.6437072753906,61504500
2019-07-03 00:00:00-04:00,268.3208916824014,269.80164477374774,268.1764259500246,269.7835693359375,40898900
2019-07-05 00:00:00-04:00,268.55574620144637,269.6392257975495,267.26461942981217,269.4766845703125,51677300
2019-07-08 00:00:00-04:00,268.1674925462859,269.2961055716428,267.4542013991323,267.9959411621094,45841800
2019-07-09 00:00:00-04:00,266.84019265047795,268.6278977139199,266.7860214397084,268.3299560546875,41101300
2019-07-10 00:00:00-04:00,269.39534519807506,270.5600812739369,268.8626432853066,269.6120300292969,58448500
2019-07-11 00:00:00-04:00,270.25317834686444,270.48791112906963,269.241945443128,270.244140625,50826100
2019-07-12 00:00:00-04:00,270.73161735765416,271.52616509938144,270.4246380127178,271.45391845703125,40326000
2019-07-15 00:00:00-04:00,271.88741431405714,271.88741431405714,271.03869505958664,271.5443115234375,33900000
2019-07-16 00:00:00-04:00,271.45393658906914,271.6616112571717,270.3614471482306,270.6684265136719,36650100
2019-07-17 00:00:00-04:00,270.64132560824015,270.8038392241641,268.8265075683594,268.8265075683594,36036300
2019-07-18 00:00:00-04:00,268.33000403131257,270.18995607768375,267.8875965462523,269.81072998046875,51392600
2019-07-19 00:00:00-04:00,270.903180082799,270.93026568631416,268.1403383081677,268.3118896484375,58678600
2019-07-22 00:00:00-04:00,268.7091319171699,269.5127173993327,268.19450545816716,268.9709777832031,43638100
2019-07-23 00:00:00-04:00,270.0905766044497,270.8941345214844,269.25990553066293,270.8941345214844,44564500
2019-07-24 00:00:00-04:00,270.1357635765845,272.1672668457031,270.04546903159616,272.1672668457031,47213200
2019-07-25 00:00:00-04:00,271.7157232126221,271.7698944091797,270.0634190555662,270.86700439453125,55394100
2019-07-26 00:00:00-04:00,271.55327198811625,272.88052171662747,271.4268541311043,272.681884765625,45084100
2019-07-29 00:00:00-04:00,272.5645287849981,272.68190893290586,271.6345528760698,272.185302734375,38126500
2019-07-30 00:00:00-04:00,270.7858119974368,271.9234625037329,270.4065859773304,271.51715087890625,45849000
2019-07-31 00:00:00-04:00,271.7609178303265,271.9505446149553,266.5332033083149,268.546630859375,104245200
2019-08-01 00:00:00-04:00,268.700115526861,271.65255641303344,265.4135821381002,266.2081298828125,142646600
2019-08-02 00:00:00-04:00,265.314330902532,265.5581013739478,262.650793388134,264.2037658691406,116749700
2019-08-05 00:00:00-04:00,260.113601003053,260.2219434044942,254.36219557639544,256.2582702636719,178745400
2019-08-06 00:00:00-04:00,258.14535837183905,260.0685190404571,256.6736428346704,259.851806640625,120711700
2019-08-07 00:00:00-04:00,256.7820454862,260.77283350802816,254.65123719190635,260.00537109375,140572300
2019-08-08 00:00:00-04:00,261.495037348534,265.1065979003906,260.94428759030563,265.1065979003906,87713900
2019-08-09 00:00:00-04:00,264.1676091836573,264.76352003700896,261.5221474446139,263.30084228515625,93730000
2019-08-12 00:00:00-04:00,261.80209060429195,263.29185424173795,259.1475906449031,260.09564208984375,65527600
2019-08-13 00:00:00-04:00,259.79757348733773,265.5851019991185,259.4544708605961,264.1404724121094,94299800
2019-08-14 00:00:00-04:00,260.0956003464888,260.70052138237736,256.204145582048,256.3305358886719,135622100
2019-08-15 00:00:00-04:00,257.2152734688346,257.9014785950407,254.96708648451832,257.0075988769531,99556600
2019-08-16 00:00:00-04:00,258.6600201444486,261.23323542718947,257.06188669690755,260.79986572265625,83018300
2019-08-19 00:00:00-04:00,263.8154737214388,264.6190316225491,263.13830611256157,263.9418640136719,53571800
2019-08-20 00:00:00-04:00,263.43631331987183,263.96901533165703,261.79307378762985,261.9194641113281,51596400
2019-08-21 00:00:00-04:00,264.07737857699556,264.4204537634302,263.3911730960728,264.05029296875,49524700
2019-08-22 00:00:00-04:00,264.7544706280108,265.38647715768724,262.1992762467483,263.96893310546875,51666400
2019-08-23 00:00:00-04:00,262.6688127245855,264.3301272824833,255.94227013252467,257.1882629394531,149161500
2019-08-26 00:00:00-04:00,259.3732289407894,260.0323486328125,257.8473424684489,260.0323486328125,72423800
2019-08-27 00:00:00-04:00,261.4227829094938,261.79297112248156,258.2536301365124,259.0120544433594,66668900
2019-08-28 00:00:00-04:00,258.3529594666534,260.99842057049005,257.5493741356223,260.8359069824219,59696700
2019-08-29 00:00:00-04:00,263.3911606210267,264.6913248632864,262.3889380553566,264.1676330566406,57899400
2019-08-30 00:00:00-04:00,265.6483989632906,265.6664468507787,263.12031701361735,264.05029296875,62901200
2019-09-03 00:00:00-04:00,262.3528717175835,263.2647722903244,261.1790976581127,262.50634765625,69101400
2019-09-04 00:00:00-04:00,264.6732137573608,265.5038572084943,263.92379955368773,265.4858093261719,46887300
2019-09-05 00:00:00-04:00,267.96879736456265,269.8106735830968,265.44972592383255,268.8987731933594,83258100
2019-09-06 00:00:00-04:00,269.2147542351201,269.74745608960535,268.537586657619,269.10638427734375,49584300
2019-09-09 00:00:00-04:00,270.09072381471776,270.18099083700633,268.3029903980201,269.24200439453125,51260300
2019-09-10 00:00:00-04:00,268.4833155228956,269.2417672527673,267.2283129456789,269.1785583496094,57947100
2019-09-11 00:00:00-04:00,269.4855997010253,271.1739997195606,268.8355177498976,271.0927429199219,68821100
2019-09-12 00:00:00-04:00,271.99570650637503,273.0881960688336,271.23728195073244,272.0318298339844,72908700
2019-09-13 00:00:00-04:00,272.4741621192971,272.82630246980784,271.48097753915954,271.8511657714844,62104800
2019-09-16 00:00:00-04:00,270.72260415700487,271.89637799232213,270.3704912942259,271.01153564453125,58191200
2019-09-17 00:00:00-04:00,270.8129723529359,271.7880819460408,270.64142095768113,271.69781494140625,41475500
2019-09-18 00:00:00-04:00,271.30945217296875,271.968571901471,269.27794933684083,271.8602294921875,73375800
2019-09-19 00:00:00-04:00,272.2484746882701,273.2416593963996,271.5080981282079,271.8421630859375,76560500
2019-09-20 00:00:00-04:00,272.44444179650503,272.7256557739762,269.7686322549902,270.5577697753906,89565000
2019-09-23 00:00:00-04:00,269.89566087758845,271.2109087987867,269.6416852140578,270.49432373046875,43476800
2019-09-24 00:00:00-04:00,271.5827644184251,271.97279346935863,267.4102840114436,268.37176513671875,94869400
2019-09-25 00:00:00-04:00,268.4534446997761,270.4036179808236,266.97493260928337,269.95916748046875,71854000
2019-09-26 00:00:00-04:00,269.9681805505696,270.17678656371356,267.9907970655747,269.396728515625,56179700
2019-09-27 00:00:00-04:00,270.1496445739282,270.258515016911,266.394430888546,267.94549560546875,84746600
2019-09-30 00:00:00-04:00,268.4625040639401,269.8956464426555,268.41716214409126,269.1881408691406,51662400
2019-10-01 00:00:00-04:00,270.06794415591315,270.72102824217234,265.76849006877796,265.9861755371094,88242400
2019-10-02 00:00:00-04:00,264.4079467960568,264.4170262525811,259.99964920337914,261.28765869140625,122539500
2019-10-03 00:00:00-04:00,261.0608435391244,263.4554943744778,258.3487439616913,263.42828369140625,85278800
2019-10-04 00:00:00-04:00,264.0813577711008,267.2469870674191,264.026908725754,266.9930114746094,65091200
2019-10-07 00:00:00-04:00,266.194739374856,267.81838355011155,265.559786683832,265.8409729003906,59610500
2019-10-08 00:00:00-04:00,263.99065687623875,264.72537300214316,261.67763808472165,261.71392822265625,95708100
2019-10-09 00:00:00-04:00,263.7275882237998,265.13351958206624,263.10171486269707,264.1992492675781,62359400
2019-10-10 00:00:00-04:00,264.1176347838915,266.86602454663546,263.954370682643,265.9861755371094,55296300
2019-10-11 00:00:00-04:00,268.7346034051052,270.9750422719158,268.6167088805522,268.7436828613281,98720400
2019-10-14 00:00:00-04:00,268.42620754255415,269.0974506367518,268.0996792923519,268.4443664550781,40394800
2019-10-15 00:00:00-04:00,269.4874550292948,271.8458158960156,269.36953283376874,271.1020202636719,46754500
2019-10-16 00:00:00-04:00,270.63938477659065,271.35596965464424,270.2312245406846,270.6665954589844,48928200
2019-10-17 00:00:00-04:00,271.8276621175921,272.3356133684746,270.77546947468795,271.46484375,45736600
2019-10-18 00:00:00-04:00,270.9296954952778,271.5737002063706,269.4239728965291,270.276611328125,64304000
2019-10-21 00:00:00-04:00,271.5918531611871,272.30841046123777,271.15645449887944,272.1088562011719,39048600
2019-10-22 00:00:00-04:00,272.64412564280445,272.9343915321136,271.12935070529045,271.2200622558594,48594700
2019-10-23 00:00:00-04:00,270.9659810160959,272.0635156111766,270.7573472991516,272.00909423828125,34352200
2019-10-24 00:00:00-04:00,272.94331115214135,273.0884440118041,271.62806364231596,272.4534912109375,35453100
2019-10-25 00:00:00-04:00,271.88215940170795,274.11354696390293,271.8277380154373,273.5693054199219,45205400
2019-10-28 00:00:00-04:00,274.7846473563298,275.61007494387354,274.7574366745982,275.1111755371094,42147000
2019-10-29 00:00:00-04:00,274.8390662452186,275.9547595486964,274.7120646107723,275.029541015625,44284900
2019-10-30 00:00:00-04:00,275.22919747728037,276.24510020516715,273.92302891820503,275.87322998046875,49643900
2019-10-31 00:00:00-04:00,275.8640003646187,275.8640003646187,273.6870631782008,275.1383361816406,69053800
2019-11-01 00:00:00-04:00,276.5806723698209,277.73262829214644,276.41738057633785,277.6872863769531,71141500
2019-11-04 00:00:00-05:00,279.23837720396307,279.374430643672,278.43108065957426,278.802978515625,60606900
2019-11-05 00:00:00-05:00,279.00251914201027,279.30186437599883,278.2043020930648,278.49456787109375,42933200
2019-11-06 00:00:00-05:00,278.4945130993228,278.83012072860964,277.61466416358525,278.5580139160156,46487100
2019-11-07 00:00:00-05:00,279.89148638265715,280.8710989172841,279.06605853304166,279.5377197265625,54272300
2019-11-08 00:00:00-05:00,279.1930197495144,280.2815026770793,278.4945936077772,280.2270812988281,49032100
2019-11-11 00:00:00-05:00,278.84833556176477,279.864238107545,278.7122544469131,279.69189453125,35797300
2019-11-12 00:00:00-05:00,280.0546986848405,281.1794439203386,279.5104572968919,280.2814636230469,46484600
2019-11-13 00:00:00-05:00,279.2927281958677,280.7712397910703,279.0659632930762,280.37213134765625,53917700
2019-11-14 00:00:00-05:00,280.090987886083,280.8619942096514,279.45603498872856,280.78033447265625,51219900
2019-11-15 00:00:00-05:00,282.11364970586425,282.85744517622777,281.4243032749575,282.8121032714844,62023600
2019-11-18 00:00:00-05:00,282.57636250635056,283.2566574144179,282.122832567639,283.02081298828125,49228000
2019-11-19 00:00:00-05:00,283.6193815961007,283.6284610498649,282.29508236581955,282.9390869140625,67804700
2019-11-20 00:00:00-05:00,282.3496028123388,282.86663359563494,280.3359287395858,281.8869934082031,79406200
2019-11-21 00:00:00-05:00,281.99581092576324,282.1046536636578,280.635221339549,281.43341064453125,54664700
2019-11-22 00:00:00-05:00,282.17718732194487,282.3132407351811,281.0524421975064,282.05926513671875,44850200
2019-11-25 00:00:00-05:00,282.98453205746335,284.2453308105469,282.98453205746335,284.2453308105469,48647200
2019-11-26 00:00:00-05:00,284.28168957348055,285.07082737682066,283.9642130242134,284.889404296875,37569000
2019-11-27 00:00:00-05:00,285.37004499703744,286.1592102050781,285.15235952241426,286.1592102050781,44444600
2019-11-29 00:00:00-05:00,285.5968026686247,285.84172650261706,284.87116598414514,285.0979309082031,36592700
2019-12-02 00:00:00-05:00,285.3519574335292,285.41545826710006,282.24982822038623,282.6761474609375,75767800
2019-12-03 00:00:00-05:00,279.9639862341054,280.8619942096514,278.5852653796921,280.78033447265625,73941700
2019-12-04 00:00:00-05:00,281.8235316935288,283.1115412943075,281.4788444906727,282.51287841796875,49080000
2019-12-05 00:00:00-05:00,283.211315493055,283.229446725346,281.7146445502904,283.02081298828125,40709000
2019-12-06 00:00:00-05:00,284.92557074598903,286.00497393609896,284.91649129155104,285.6058654785156,48927000
2019-12-09 00:00:00-05:00,285.21583692878045,285.887052207936,284.63530546909504,284.7078857421875,34838500
2019-12-10 00:00:00-05:00,284.6535580640139,285.31569410664116,283.73741866322825,284.3905029296875,52649800
2019-12-11 00:00:00-05:00,284.84398729797243,285.4517295424743,284.30882533883084,285.19775390625,53429100
2019-12-12 00:00:00-05:00,285.206841471859,288.43597254390977,284.971024718016,287.6559143066406,96389600
2019-12-13 00:00:00-05:00,287.42005905278955,289.0527834416107,286.6490526203965,287.8282470703125,81503900
2019-12-16 00:00:00-05:00,289.5516273932872,290.39518635483904,287.7647184989822,289.80560302734375,82749700
2019-12-17 00:00:00-05:00,290.1864949241495,290.485812387136,289.7873865193276,289.8690185546875,61097700
2019-12-18 00:00:00-05:00,290.25913538779594,290.4859003373177,289.8328161754444,289.8872375488281,48133000
2019-12-19 00:00:00-05:00,290.077759529448,291.1481113030199,289.8237838519317,291.0755310058594,85310500
2019-12-20 00:00:00-05:00,292.1055564808797,293.4819599466499,291.1302516726063,292.3516845703125,147142100
2019-12-23 00:00:00-05:00,293.13556710700664,293.19025605431125,292.65246286090326,292.7983093261719,52990000
2019-12-24 00:00:00-05:00,293.02612879098643,293.0716936318886,292.50655608135855,292.807373046875,20270000
2019-12-26 00:00:00-05:00,293.1902210059652,294.3752129631039,293.18112472741444,294.3660888671875,30911200
2019-12-27 00:00:00-05:00,295.0952628094436,295.149951744562,293.7644523592922,294.2931213378906,42528800
2019-12-30 00:00:00-05:00,294.37518834855865,294.511910689044,292.18751963133974,292.6706237792969,49729100
2019-12-31 00:00:00-05:00,292.16925296260575,293.6276892705335,291.82287121002,293.3815612792969,57077300
2020-01-02 00:00:00-05:00,294.9129966046256,296.1435533670269,293.9923531023892,296.12530517578125,59151200
2020-01-03 00:00:00-05:00,292.74356586892327,295.0041439336054,292.688876931802,293.8829650878906,77709700
2020-01-06 00:00:00-05:00,292.13278160099514,295.0861227459739,292.0142796533682,295.00408935546875,55653900
2020-01-07 00:00:00-05:00,294.43891159464124,294.9129193650481,293.72792775638845,294.1745910644531,40496400
2020-01-08 00:00:00-05:00,294.3660894233574,296.95480128822834,294.1199891894408,295.74249267578125,68296000
2020-01-09 00:00:00-05:00,297.30119760730037,297.82077038824355,296.71781178644477,297.7478332519531,48473300
2020-01-10 00:00:00-05:00,298.33120751452185,298.48615024274386,296.4261352089056,296.8909912109375,53029300
2020-01-13 00:00:00-05:00,297.5108322451486,298.9418965712198,297.0824170116794,298.93280029296875,47086800
2020-01-14 00:00:00-05:00,298.49517959741576,299.54342106499274,297.92091807745555,298.4769592285156,62832800
2020-01-15 00:00:00-05:00,298.3858164658878,299.9080379561586,298.3037830757557,299.1514892578125,72056600
2020-01-16 00:00:00-05:00,300.52795985830204,301.6400146484375,300.30008000636747,301.6400146484375,54050300
2020-01-17 00:00:00-05:00,302.3509470912397,302.7884585291991,301.5761501633732,302.5788269042969,95846000
2020-01-21 00:00:00-05:00,301.6217259743135,302.78846954692693,301.5488166711206,301.986328125,77742400
2020-01-22 00:00:00-05:00,302.84315842409643,303.49035714511143,301.867853930092,302.0227966308594,48914900
2020-01-23 00:00:00-05:00,301.37567931823935,302.77942705597485,300.2636244798141,302.3692321777344,51963000
2020-01-24 00:00:00-05:00,303.0255562651374,303.10758968515563,298.39502145229517,299.6802673339844,87578400
2020-01-27 00:00:00-05:00,294.44811064824233,296.35318285602233,294.1108529210448,294.87652587890625,84062500
2020-01-28 00:00:00-05:00,296.2984568633764,298.8416034600196,294.96764649476006,297.966552734375,63834000
2020-01-29 00:00:00-05:00,299.324680649757,299.55256045074896,297.5198626116515,297.72039794921875,53888900
2020-01-30 00:00:00-05:00,295.6604550917531,298.8963660446492,294.91303023429634,298.68670654296875,75491800
2020-01-31 00:00:00-05:00,298.0668814238513,298.221851981053,292.35166407869235,293.26318359375,113845600
2020-02-03 00:00:00-05:00,294.73979049796515,297.30115767312014,294.6212885304359,295.441650390625,69083000
2020-02-04 00:00:00-05:00,299.0422455995197,300.8105958710925,298.72320817204337,299.94464111328125,62573200
2020-02-05 00:00:00-05:00,302.87050163975044,303.61795412672234,301.4120930432873,303.4082946777344,65951100
2020-02-06 00:00:00-05:00,304.3654167083422,304.6206410029242,303.35361580732535,304.4292297363281,50359700
2020-02-07 00:00:00-05:00,303.3719308599242,304.4383931119409,302.25987594185665,302.8067932128906,64139400
2020-02-10 00:00:00-05:00,301.92256617332515,305.1311042908256,301.886097610239,305.0672912597656,42070000
2020-02-11 00:00:00-05:00,306.41643141068727,307.20032491265226,305.0673723913546,305.5960693359375,54864500
2020-02-12 00:00:00-05:00,307.0271508521227,307.77460363978815,306.6625485563307,307.5649719238281,43992700
2020-02-13 00:00:00-05:00,306.1428904532812,308.20293318619815,305.8694457619048,307.2367248535156,54501900
2020-02-14 00:00:00-05:00,307.64687895696886,307.84741430987003,306.4527909338537,307.7289123535156,64582200
2020-02-18 00:00:00-05:00,306.73543871652276,307.7928046845001,305.5504466650149,306.93597412109375,57226200
2020-02-19 00:00:00-05:00,307.90211788539574,309.07795777585227,307.61954912250815,308.4034423828125,48814700
2020-02-20 00:00:00-05:00,307.8565243216202,308.67691395841035,304.15575813081296,307.1364440917969,74163400
2020-02-21 00:00:00-05:00,305.7874255135602,306.0973387829116,303.1531209980254,303.9735107421875,113788200
2020-02-24 00:00:00-05:00,294.5483849080448,304.0464012409805,292.8164758374308,293.89208984375,161088400
2020-02-25 00:00:00-05:00,295.27757219253857,295.8882745622072,284.1114604678439,284.98651123046875,218913200
2020-02-26 00:00:00-05:00,286.38118955607183,289.9634545114292,283.2091195022636,283.9383239746094,194773800
2020-02-27 00:00:00-05:00,278.43268874388383,283.9929622601153,271.1861267089844,271.1861267089844,284353500
2020-02-28 00:00:00-05:00,263.15566832306206,271.5325340386913,260.27526361074985,270.0467529296875,384975800
2020-03-02 00:00:00-05:00,271.82421045255126,281.80535966924487,268.40601247661044,281.7415466308594,238703600
2020-03-03 00:00:00-05:00,282.11520716459734,286.07119736155244,271.24078921564694,273.6745300292969,300139100
2020-03-04 00:00:00-05:00,279.03425638312916,285.3966704893052,276.4911099959197,285.1778869628906,176613400
2020-03-05 00:00:00-05:00,277.99522810355086,281.17642226819964,273.4649750598973,275.69818115234375,186366800
2020-03-06 00:00:00-05:00,267.21185726562237,272.343714991951,264.5502366862195,271.1405029296875,228667200
2020-03-09 00:00:00-04:00,250.94126219037892,259.04468244351574,249.25497367188592,249.96595764160156,309417300
2020-03-10 00:00:00-04:00,259.4549393740364,262.9916118792991,249.3005981834413,262.9004821777344,276444100
2020-03-11 00:00:00-04:00,255.8634838386491,256.9937588920719,246.91235745450595,250.0844268798828,255316300
2020-03-12 00:00:00-04:00,233.34894558391483,243.06574485920348,225.7650981762707,226.1570587158203,392220700
2020-03-13 00:00:00-04:00,239.81167127714295,247.45933353297968,226.5308388762867,245.49044799804688,329566100
2020-03-16 00:00:00-04:00,219.84025357126822,234.16934039210489,216.35825651592697,218.62794494628906,297240000
2020-03-17 00:00:00-04:00,223.35868442017195,233.50391264622428,216.0938883539165,230.4320831298828,262070500
2020-03-18 00:00:00-04:00,215.34645080566406,226.39406110097966,207.8446502974257,218.7646484375,327597100
2020-03-19 00:00:00-04:00,218.08099810602204,225.49165465544974,211.6730183757266,219.22950744628906,289322000
2020-03-20 00:00:00-04:00,222.3707795638826,224.14952799674725,209.50696155565487,209.7820281982422,347158800
2020-03-23 00:00:00-04:00,209.22271174158334,210.58885308857097,200.1180920586079,204.4182586669922,326025200
2020-03-24 00:00:00-04:00,214.9348561536564,223.81025556170377,214.3663954320049,222.939208984375,235494500
2020-03-25 00:00:00-04:00,224.5162200852684,235.04200407098807,219.82180274754663,226.27662658691406,299430300
2020-03-26 00:00:00-04:00,228.7797629312914,240.95590684573168,228.34882847309677,239.48892211914062,257632800
2020-03-27 00:00:00-04:00,232.21803399813555,239.13129805518238,230.18256074726233,232.35556030273438,224341200
2020-03-30 00:00:00-04:00,234.44607454125364,240.6166693743866,232.45644779685475,239.90150451660156,171369500
2020-03-31 00:00:00-04:00,238.90206639274638,241.44181196172076,234.92281361805342,236.3256378173828,194881100
2020-04-01 00:00:00-04:00,227.36772539626958,236.24312431481496,223.62685616519354,225.68983459472656,189554600
2020-04-02 00:00:00-04:00,224.8096570813122,231.67707467324524,224.25952385795503,230.89773559570312,177660400
2020-04-03 00:00:00-04:00,229.91664470662855,232.26386743063676,224.83713961830722,227.56027221679688,135561200
2020-04-06 00:00:00-04:00,236.4081079122004,244.80672397248875,227.5418885393185,242.84458923339844,188061200
2020-04-07 00:00:00-04:00,251.41750778727922,252.16935565660157,242.87221252313967,243.09225463867188,201427200
2020-04-08 00:00:00-04:00,245.68696224301036,253.05867943513024,243.20222724698658,251.25242614746094,153774500
2020-04-09 00:00:00-04:00,254.50725615465285,257.82638158185233,252.5726549285919,255.07574462890625,189999200
2020-04-13 00:00:00-04:00,254.10397034489313,254.44321124594032,248.85024130979565,252.74697875976562,114839100
2020-04-14 00:00:00-04:00,257.6248038351175,261.2189556921162,252.60947200950213,260.20123291015625,134143400
2020-04-15 00:00:00-04:00,254.49813875481382,260.33865415065725,252.56350930181182,254.67234802246094,121775000
2020-04-16 00:00:00-04:00,255.94684900762073,256.75370726229335,252.83864275488824,255.90101623535156,131798300
2020-04-17 00:00:00-04:00,261.6590540286196,263.41944685021514,258.92674327686353,262.8143310546875,146684800
2020-04-20 00:00:00-04:00,259.1192277447229,262.95180422099605,257.9639789331066,258.18402099609375,100109300
2020-04-21 00:00:00-04:00,253.728106135776,254.92921619391458,249.4095829993786,250.34481811523438,126385700
2020-04-22 00:00:00-04:00,255.21335676570135,257.6430812956117,253.89304834549813,255.90101623535156,92951600
2020-04-23 00:00:00-04:00,257.17543239680975,260.33867676205836,255.58007157656192,255.88262939453125,104709700
2020-04-24 00:00:00-04:00,257.39557038512345,260.11870338954105,255.35091919954365,259.4493713378906,85063200
2020-04-27 00:00:00-04:00,261.4206455682229,264.3088100325091,260.9622058760842,263.1902160644531,77896600
2020-04-28 00:00:00-04:00,266.83015946053325,267.17857801356905,261.6773031279873,261.9798889160156,105270000
2020-04-29 00:00:00-04:00,267.2978754969445,270.36942737195216,266.27097494933463,268.8382263183594,118745600
2020-04-30 00:00:00-04:00,267.462857175173,268.9390474225819,264.60219818898923,266.3351135253906,122901700
2020-05-01 00:00:00-04:00,261.59485828058166,266.5001686462375,258.11987753446385,259.2843322753906,125180000
2020-05-04 00:00:00-04:00,257.40466678621465,260.30200851871746,255.92850465269154,259.99945068359375,80873200
2020-05-05 00:00:00-04:00,262.814248648765,265.20728975991784,260.12777151810104,262.4016418457031,79569900
2020-05-06 00:00:00-04:00,264.09793589455825,264.4830095523587,260.192020908388,260.6229553222656,73632600
2020-05-07 00:00:00-04:00,263.8321021051062,265.6933665541511,263.2636412360793,263.7679138183594,75250400
2020-05-08 00:00:00-04:00,266.89434866344646,268.59975843411314,265.7665772347648,268.13214111328125,76452400
2020-05-11 00:00:00-04:00,266.206792766085,269.5625751201923,265.7850360274315,268.187255859375,79514200
2020-05-12 00:00:00-04:00,269.36997290557235,269.78255179515514,262.7042425975372,262.841796875,95870800
2020-05-13 00:00:00-04:00,262.28241847515807,263.3184962773055,255.77257163214736,258.1931457519531,144721100
2020-05-14 00:00:00-04:00,255.76347804149395,261.41142959963264,250.29885756390482,261.2830810546875,121977900
2020-05-15 00:00:00-04:00,258.89925085277906,262.53008571070245,257.954866120157,262.4842529296875,111146300
2020-05-18 00:00:00-04:00,268.6914747602291,272.08393945209053,268.3705893815132,270.4794006347656,119703800
2020-05-19 00:00:00-04:00,269.88344074536735,271.58882289589167,267.6829359139752,267.7012634277344,95189300
2020-05-20 00:00:00-04:00,271.2312094120459,273.1108005640989,271.0019896139452,272.2489318847656,85861700
2020-05-21 00:00:00-04:00,272.1206583812847,272.92751677002803,269.278326504917,270.3694152832031,78293900
2020-05-22 00:00:00-04:00,270.0852232989164,271.05711341057327,268.8474302756722,270.8829040527344,63958200
2020-05-26 00:00:00-04:00,276.8334493555543,277.0718470041158,270.9012372576816,274.2203369140625,88951400
2020-05-27 00:00:00-04:00,277.0075509205538,278.3370370080894,272.1939349208289,278.30035400390625,104817400
2020-05-28 00:00:00-04:00,279.32730748503195,281.3352756373356,277.1176247426951,277.7869567871094,90405200
2020-05-29 00:00:00-04:00,277.3192788350179,279.6114768667384,274.57781894297864,279.0246887207031,119090800
2020-06-01 00:00:00-04:00,278.38289544316814,280.7576095309241,277.86944526100126,280.1524658203125,55758300
2020-06-02 00:00:00-04:00,281.069313365472,282.5179982006775,279.73985528660774,282.4721374511719,74267200
2020-06-03 00:00:00-04:00,284.4526057998422,287.1849160018017,284.17755322085765,286.2313537597656,92567600
2020-06-04 00:00:00-04:00,285.2503333753304,286.9832488519643,283.38906933428206,285.47955322265625,75794400
2020-06-05 00:00:00-04:00,290.8616625425781,294.565835177491,290.7974742690629,292.7962646484375,150524700
2020-06-08 00:00:00-04:00,293.60316862277716,296.52801660585413,293.0622130496706,296.3354797363281,73641200
2020-06-09 00:00:00-04:00,293.67644251654445,296.40875303318035,292.814573695221,294.125732421875,77479200
2020-06-10 00:00:00-04:00,294.7034187889176,295.5927930158741,291.76939322056137,292.48455810546875,95000800
2020-06-11 00:00:00-04:00,285.5711603162795,286.2038091418731,275.07291127510564,275.6230163574219,209243600
2020-06-12 00:00:00-04:00,282.6188812960742,283.38905659074294,273.7801789307393,278.9238586425781,194678900
2020-06-15 00:00:00-04:00,273.2484410988326,282.6556345001692,272.07483636108043,281.5278625488281,135782700
2020-06-16 00:00:00-04:00,289.2570561458452,289.40376017355715,282.09623192993956,286.9465026855469,137627500
2020-06-17 00:00:00-04:00,287.9643213952654,288.25772952024136,285.02111835943526,285.754638671875,83398900
2020-06-18 00:00:00-04:00,284.2417274083413,286.34136061280276,283.78328781211144,285.8645935058594,80828700
2020-06-19 00:00:00-04:00,289.323611161699,289.5169952642536,282.2878135586834,284.23095703125,135549600
2020-06-22 00:00:00-04:00,283.6322825514577,286.4502770307113,282.4903582303145,286.0542907714844,74649400
2020-06-23 00:00:00-04:00,288.69733429029844,289.6274664668477,286.96601139314646,287.3712158203125,68471200
2020-06-24 00:00:00-04:00,285.3360276763805,285.95305250280444,278.20816137818287,280.040771484375,132813500
2020-06-25 00:00:00-04:00,279.4697872300513,283.3100111754416,277.45298321689944,283.0429382324219,89468000
2020-06-26 00:00:00-04:00,281.94708210428337,282.1589024781775,275.7401296700566,276.3202819824219,127961000
2020-06-29 00:00:00-04:00,277.5727234684733,280.51963173893165,275.2888463730119,280.3815002441406,79773300
2020-06-30 00:00:00-04:00,279.9486930198918,285.6675903215087,279.792153347328,283.97308349609375,113394800
2020-07-01 00:00:00-04:00,285.08739818187286,287.22392574002134,284.62694111006857,285.9622497558594,72396500
2020-07-02 00:00:00-04:00,289.38806675534465,290.7326217108491,286.8739889973159,287.53704833984375,69344200
2020-07-06 00:00:00-04:00,291.3496151795207,292.55601050927066,290.6036769406393,291.975830078125,61713800
2020-07-07 00:00:00-04:00,290.43791531370204,292.408657022588,288.5868688394488,288.9644470214844,82910000
2020-07-08 00:00:00-04:00,289.728779659392,291.2851267804882,287.9698584105039,291.17462158203125,54638600
2020-07-09 00:00:00-04:00,291.78240850045916,292.0218551502653,286.1095744969354,289.5169677734375,83354200
2020-07-10 00:00:00-04:00,289.45257720821917,292.74024807034215,288.0251712561306,292.4731750488281,57550400
2020-07-13 00:00:00-04:00,294.8122566026346,297.18820278628755,289.2867716039281,289.94061279296875,102997500
2020-07-14 00:00:00-04:00,288.522406144319,294.4715320808562,287.32522893206374,293.6979675292969,93657000
2020-07-15 00:00:00-04:00,296.9119193662305,297.4920997478603,294.02023559241456,296.3962097167969,87196500
2020-07-16 00:00:00-04:00,294.4991602617193,295.87131342816184,293.85450907927094,295.4200744628906,54622500
2020-07-17 00:00:00-04:00,296.4238083554755,297.059241275674,294.4530388686995,296.2764587402344,62774900
2020-07-20 00:00:00-04:00,296.00935218735395,299.41674490566004,295.2634141664596,298.6708068847656,56308800
2020-07-21 00:00:00-04:00,300.6324848085871,301.0745056864678,298.320980919731,299.3063659667969,57292200
2020-07-22 00:00:00-04:00,298.94711028029644,301.323084234717,298.8366050924752,301.00994873046875,57792900
2020-07-23 00:00:00-04:00,300.6508750281461,301.35077884843804,296.0555219337203,297.41845703125,75738000
2020-07-24 00:00:00-04:00,295.56743094562876,296.5251615020732,294.0018655257891,295.5029602050781,73766600
2020-07-27 00:00:00-04:00,296.19358696402725,297.8328128298591,295.4015862760953,297.6578369140625,48293000
2020-07-28 00:00:00-04:00,296.9303522871835,298.04467867981947,295.47532024869815,295.77001953125,57495000
2020-07-29 00:00:00-04:00,296.6449108985429,299.96942614775605,296.60806645726814,299.40765380859375,48454200
2020-07-30 00:00:00-04:00,296.4422441472383,298.7537475391664,294.36099738513786,298.3393249511719,61861700
2020-07-31 00:00:00-04:00,300.1259370973195,300.79821459184643,295.9173523890963,300.6968994140625,84986800
2020-08-03 00:00:00-04:00,302.3544618184026,303.5516386603409,301.81112598373454,302.78729248046875,53077900
2020-08-04 00:00:00-04:00,301.93091720834786,303.9569396972656,301.93091720834786,303.9569396972656,41917900
2020-08-05 00:00:00-04:00,305.2554171505095,306.10267054186585,304.98834417548517,305.84478759765625,42697700
2020-08-06 00:00:00-04:00,305.2646988126908,308.00900558869785,304.9423731694208,307.8892822265625,43679400
2020-08-07 00:00:00-04:00,306.9222424636981,308.39571060773704,306.0197365507583,308.1102294921875,57308300
2020-08-10 00:00:00-04:00,308.56154419446693,309.2153854806249,306.6276185368531,309.0312194824219,44282100
2020-08-11 00:00:00-04:00,310.2099438612299,310.84537688701096,305.7527226498275,306.480224609375,69601100
2020-08-12 00:00:00-04:00,308.911406789461,311.5267992817978,308.88378049251634,310.75323486328125,53774400
2020-08-13 00:00:00-04:00,309.98886506986986,311.49917760274417,309.2705532345938,310.19146728515625,41816100
2020-08-14 00:00:00-04:00,309.80475825655594,310.73489061846544,309.07722814860483,310.20074462890625,47260400
2020-08-17 00:00:00-04:00,311.2137224910681,311.5820825212489,310.2099294645962,311.18609619140625,35481000
2020-08-18 00:00:00-04:00,311.5820463337453,312.28194998264934,309.98885496076423,311.85833740234375,38733900
2020-08-19 00:00:00-04:00,312.2360098565189,312.7517196619163,309.9981946540898,310.5599670410156,68054200
2020-08-20 00:00:00-04:00,308.8377736301808,312.0057207368476,308.7088602558769,311.52685546875,42207800
2020-08-21 00:00:00-04:00,311.1953037485117,312.85293788001695,310.8545419255064,312.6319274902344,55106600
2020-08-24 00:00:00-04:00,315.06311760311377,315.87352648257695,312.6042927708127,315.79986572265625,48588700
2020-08-25 00:00:00-04:00,316.3616627587458,316.9878776871024,315.2013018413242,316.9049987792969,38463400
2020-08-26 00:00:00-04:00,317.49438668215004,320.3491982017806,316.95105067989545,320.0821533203125,50790200
2020-08-27 00:00:00-04:00,320.94782937860447,322.22788555251475,319.1244090738759,320.78204345703125,58034100
2020-08-28 00:00:00-04:00,321.80420702373715,322.9829758804368,320.61622003326073,322.8540344238281,48588900
2020-08-31 00:00:00-04:00,322.6423596573987,323.517211458674,321.45437223436204,321.6846008300781,66099200
2020-09-01 00:00:00-04:00,322.51332671022755,324.8156120146118,321.6200388879637,324.7143249511719,54908700
2020-09-02 00:00:00-04:00,326.6206721827685,330.37798998883557,325.4787193923163,329.4110412597656,69540000
2020-09-03 00:00:00-04:00,327.72571683022153,328.19539204398836,315.4959779391516,318.0745544433594,148011100
2020-09-04 00:00:00-04:00,318.75605256613443,320.3215899223895,308.38654915956926,315.47760009765625,139156300
2020-09-08 00:00:00-04:00,310.0810183653904,315.54206103531834,306.5539292774732,306.8578186035156,114465300
2020-09-09 00:00:00-04:00,310.85449204324215,315.37618290240937,309.9888306834143,312.9173583984375,91462300
2020-09-10 00:00:00-04:00,314.78685053527204,315.4406916483202,306.52625029812896,307.4840087890625,90569500
2020-09-11 00:00:00-04:00,309.2614738195936,310.32051973572015,304.822659763259,307.6406555175781,84680200
2020-09-14 00:00:00-04:00,310.79930858274395,313.46076397555305,307.78792941912315,311.6925964355469,65605700
2020-09-15 00:00:00-04:00,314.1422160421619,314.97103311859536,311.70179927663685,313.2673645019531,52920900
2020-09-16 00:00:00-04:00,314.50136995908423,315.9287755119788,311.7478178059842,312.02410888671875,82096000
2020-09-17 00:00:00-04:00,307.1801021515254,310.99269998077335,306.6551743743273,309.27978515625,91523300
2020-09-18 00:00:00-04:00,310.08316931538,310.1941168264323,303.2411333737492,305.71905517578125,105877900
2020-09-21 00:00:00-04:00,301.14238742219266,302.4645593357365,297.4717223903731,302.3166198730469,99450800
2020-09-22 00:00:00-04:00,303.79593678480853,305.9502431354761,301.2902495780084,305.3954772949219,63612100
2020-09-23 00:00:00-04:00,305.9503223752341,306.22771947563723,297.8138486616711,298.3131408691406,93112200
2020-09-24 00:00:00-04:00,297.0001579503366,302.15941605078405,295.68721289484193,299.1082458496094,76681300
2020-09-25 00:00:00-04:00,298.2577132755709,304.7299188674738,297.3886144839091,303.94403076171875,71069400
2020-09-28 00:00:00-04:00,308.0954153354496,309.70421136202526,307.106085914168,308.9922790527344,64584600
2020-09-29 00:00:00-04:00,308.788814611231,309.5284836874694,306.6159979020015,307.3094482421875,51304000
2020-09-30 00:00:00-04:00,307.9752282610911,312.78316294549495,307.7810700245136,309.6395263671875,104081100
2020-10-01 00:00:00-04:00,312.22836509125534,313.1991843917802,309.7504423645945,311.62738037109375,88698700
2020-10-02 00:00:00-04:00,306.69000965854815,311.59963625667905,306.2184543549931,308.66864013671875,89431100
2020-10-05 00:00:00-04:00,310.7213002044158,314.3272371892056,310.6750814573515,314.142333984375,45713100
2020-10-06 00:00:00-04:00,314.28100446334764,316.3706109226611,309.1679640929143,309.6764831542969,90128900
2020-10-07 00:00:00-04:00,312.62593551915137,315.87129250041943,312.5981986311307,315.06689453125,56999600
2020-10-08 00:00:00-04:00,316.99928967685366,317.9238901844621,316.083915987055,317.8591613769531,45242500
2020-10-09 00:00:00-04:00,319.50498071538817,321.1600236881462,318.8855141153723,320.6977233886719,59528600
2020-10-12 00:00:00-04:00,323.23107167134015,327.3270449402805,322.74103455582997,325.85693359375,80388500
2020-10-13 00:00:00-04:00,325.7183547415233,325.89403114332345,322.76887605855313,323.73046875,73255500
2020-10-14 00:00:00-04:00,324.30363883511666,325.39466069842285,320.96584443553525,321.6962585449219,57727900
2020-10-15 00:00:00-04:00,317.7944619067174,321.7794882050628,317.25820597808996,321.2987060546875,60357700
2020-10-16 00:00:00-04:00,322.6486204375523,324.30366342738694,320.9288768497177,321.10455322265625,89501900
2020-10-19 00:00:00-04:00,322.3619272638812,322.9906487706289,315.32573168859045,316.22259521484375,68425600
2020-10-20 00:00:00-04:00,317.56327447111846,320.72542054305353,316.8051235185024,317.48931884765625,60051900
2020-10-21 00:00:00-04:00,317.44313504454004,319.60672543903087,316.583263194965,316.8883972167969,63575000
2020-10-22 00:00:00-04:00,317.1010016263074,319.20908978421284,314.96517658013624,318.6265869140625,55399300
2020-10-23 00:00:00-04:00,319.8470279304944,319.9025017003484,317.25815794875194,319.7083435058594,49143900
2020-10-26 00:00:00-04:00,316.33359795190205,317.1195140807674,310.31443920384794,313.8002014160156,91473000
2020-10-27 00:00:00-04:00,314.14230712329396,314.475149793473,312.5057460118679,312.7184143066406,65994100
2020-10-28 00:00:00-04:00,307.05985871686283,312.7461466489848,301.5399921174108,302.030029296875,127094300
2020-10-29 00:00:00-04:00,302.26110998803335,308.26175735299205,300.5783305446324,305.0996398925781,90597700
2020-10-30 00:00:00-04:00,303.52789396877716,304.8315842442729,298.27616915749184,301.9190979003906,120287300
2020-11-02 00:00:00-05:00,305.3030700683594,307.300182145621,302.56623250835605,305.3030700683594,86068300
2020-11-03 00:00:00-05:00,308.5300107397287,312.7461876866935,305.38637399387943,310.6935729980469,93294200
2020-11-04 00:00:00-05:00,315.15934752702685,321.70553558783416,313.9851149209246,317.6372985839844,126959700
2020-11-05 00:00:00-05:00,322.90755258267654,325.63513604533273,322.55619978772285,323.8321533203125,82039700
2020-11-06 00:00:00-05:00,323.5454494007083,325.0063340064699,321.4373613684711,323.75811767578125,74973000
2020-11-09 00:00:00-05:00,336.52688050400957,336.90597013486416,327.3640851994297,327.8263854980469,172304200
2020-11-10 00:00:00-05:00,326.83703383089585,328.39961099114294,324.0817422973662,327.3455810546875,85552000
2020-11-11 00:00:00-05:00,329.5276225136965,330.60016251209254,328.2886611922482,329.77728271484375,58649000
2020-11-12 00:00:00-05:00,328.7693928828868,329.82345086701974,324.7751406594177,326.5780944824219,67546200
2020-11-13 00:00:00-05:00,328.48288202805907,331.83918709900695,327.9651078910253,331.0995178222656,62892200
2020-11-16 00:00:00-05:00,333.7623711816577,335.4266411567119,332.4771626634018,335.23248291015625,74541100
2020-11-17 00:00:00-05:00,332.8283977244911,334.63137974023823,331.32129460037004,333.42938232421875,66111000
2020-11-18 00:00:00-05:00,333.6975302989405,334.2430411433111,329.3796340603069,329.4166259765625,70591300
2020-11-19 00:00:00-05:00,328.787905745115,331.1733623463131,327.4472238872078,330.80352783203125,59940900
2020-11-20 00:00:00-05:00,330.54466445649757,330.74807768636424,328.46431342145667,328.53826904296875,70417300
2020-11-23 00:00:00-05:00,330.34126910985094,331.7651617960009,328.1129784945893,330.5076904296875,63230600
2020-11-24 00:00:00-05:00,333.0504084548386,336.3789766002486,332.1997916166957,335.8334655761719,62415900
2020-11-25 00:00:00-05:00,335.75020670349176,335.77794359169803,334.2246214190069,335.3156433105469,45330900
2020-11-27 00:00:00-05:00,336.40664748720786,336.7210082758483,335.24164181075275,336.2494812011719,28514100
2020-11-30 00:00:00-05:00,335.47282708749947,335.74096916518056,332.08881368370197,334.7608947753906,83872700
2020-12-01 00:00:00-05:00,338.00618794494244,339.9570813197066,337.4144301223281,338.4222412109375,74231400
2020-12-02 00:00:00-05:00,337.31287365788194,339.2915047150348,336.73962567138506,339.13433837890625,45927000
2020-12-03 00:00:00-05:00,339.03252352963375,340.4286793920205,337.94150165059074,339.0417785644531,62882000
2020-12-04 00:00:00-05:00,339.6242931462519,341.9635314941406,339.53182744457604,341.9635314941406,50749900
2020-12-07 00:00:00-05:00,341.19604390236077,341.75080980917244,339.9940746180739,341.2607727050781,48944300
2020-12-08 00:00:00-05:00,339.99411677063375,342.8233922079248,339.9478980295718,342.2593994140625,42458900
2020-12-09 00:00:00-05:00,342.91589783781166,343.0730641489794,338.3576233487797,339.18975830078125,74098300
2020-12-10 00:00:00-05:00,337.82135527213035,340.1236019996459,336.95222835158745,339.0788269042969,57735400
2020-12-11 00:00:00-05:00,337.38668688428726,339.0879482674164,335.870356871384,338.6811218261719,57698600
2020-12-14 00:00:00-05:00,340.8447456280566,341.91725738932104,336.9891490851876,337.1648254394531,69216200
2020-12-15 00:00:00-05:00,339.69814554086526,341.7230224609375,338.3297551515809,341.7230224609375,63865300
2020-12-16 00:00:00-05:00,341.93578357691985,343.17474493301853,341.05740176418556,342.2593994140625,58420500
2020-12-17 00:00:00-05:00,343.8959404400441,344.3767225815223,343.07303238358134,344.1733093261719,64119500
2020-12-18 00:00:00-05:00,344.4611087749372,344.62823947679175,340.7933577976849,342.79901123046875,136542300
2020-12-21 00:00:00-05:00,338.8898932592316,351.4159127548199,336.15997816972384,341.5733642578125,96386700
2020-12-22 00:00:00-05:00,341.89839793934385,342.0098184311258,339.87418344037354,340.9977111816406,47949000
2020-12-23 00:00:00-05:00,341.96339496968784,343.20763766131074,340.9791428653168,341.30413818359375,46201400
2020-12-24 00:00:00-05:00,341.7776565578183,342.659782611028,341.19269902115246,342.6319274902344,26457900
2020-12-28 00:00:00-05:00,345.1760839492796,345.9653500649846,344.5539768762825,345.57537841796875,39000400
2020-12-29 00:00:00-05:00,347.09824735774396,347.27467258670123,344.33118227864804,344.9161682128906,53680500
2020-12-30 00:00:00-05:00,345.73332055862136,346.4390215375945,345.01835342882407,345.4083251953125,49455300
2020-12-31 00:00:00-05:00,345.2132342407314,347.8874388872676,344.70254763729105,347.1631774902344,78520700
2021-01-04 00:00:00-05:00,348.49106429337866,348.62107376333165,338.75066866047587,342.4369812011719,110210800
2021-01-05 00:00:00-05:00,341.7962988166081,345.88187774542536,341.7498547168132,344.79547119140625,66426200
2021-01-06 00:00:00-05:00,343.29115366008426,350.0416701451585,342.743317442046,346.85675048828125,107997700
2021-01-07 00:00:00-05:00,349.2245372676321,352.75298437501374,349.0481120785787,352.0101623535156,68766800
2021-01-08 00:00:00-05:00,353.3937031789076,354.2293850911422,350.1531015213458,354.0158386230469,71677200
2021-01-11 00:00:00-05:00,350.84948394564515,353.38438462890787,350.7287689918053,351.62945556640625,51034700
2021-01-12 00:00:00-05:00,351.81515363311456,352.7158118155588,349.46591609355505,351.7037048339844,52547700
2021-01-13 00:00:00-05:00,351.62953817301246,353.6444582491231,350.8495663690164,352.65093994140625,45303600
2021-01-14 00:00:00-05:00,353.39378403221525,353.89520462901476,351.0817236007902,351.4159851074219,49989100
2021-01-15 00:00:00-05:00,349.800282405299,350.59881478443,346.9960962553196,348.8531799316406,107160000
2021-01-19 00:00:00-05:00,351.3045005009363,352.13091630295105,349.8281224423444,351.59234619140625,51233300
2021-01-20 00:00:00-05:00,353.87651262058415,357.2935676023044,353.48654097639,356.4578857421875,61836100
2021-01-21 00:00:00-05:00,357.0150334029827,357.44218304043847,355.86365062010475,356.78289794921875,47840100
2021-01-22 00:00:00-05:00,354.9350642448892,356.6807271719311,354.5543587480902,355.5200500488281,52860500
2021-01-25 00:00:00-05:00,356.25365943655754,357.27503278883,351.4159360582794,356.9222106933594,70402000
2021-01-26 00:00:00-05:00,357.86925374578055,358.2778143535909,356.1328853310083,356.3650207519531,42665300
2021-01-27 00:00:00-05:00,353.05012900637144,353.1429888444501,345.4268095254111,347.6553039550781,123351100
2021-01-28 00:00:00-05:00,349.465906140877,354.6378897005829,349.02951878829003,350.6451721191406,94198100
2021-01-29 00:00:00-05:00,348.7881786860428,349.75387014169314,341.95409595375736,343.62548828125,126765100
2021-02-01 00:00:00-05:00,347.01468762606163,350.3760048440203,343.91336101234145,349.3453369140625,75817600
2021-02-02 00:00:00-05:00,352.52093227928594,355.8358337158987,349.42890017127894,354.28515625,64450700
2021-02-03 00:00:00-05:00,355.11152644432576,356.2814981741382,353.2915924599428,354.5636901855469,52427100
2021-02-04 00:00:00-05:00,355.59436662167684,358.63998265068375,354.6751192898168,358.59356689453125,47142600
2021-02-05 00:00:00-05:00,360.45985694354147,360.71055297183676,358.54706353312105,360.0048522949219,48669800
2021-02-08 00:00:00-05:00,361.4534473259199,362.6512741525483,360.59920475972706,362.6048583984375,38365200
2021-02-09 00:00:00-05:00,361.76909255507013,362.9576530503986,361.3605603058533,362.3633728027344,35551100
2021-02-10 00:00:00-05:00,364.09983025590975,364.24840035419544,359.8099713889872,362.2055969238281,59154400
2021-02-11 00:00:00-05:00,363.2826838806573,363.7005390243798,360.3670773709089,362.7905578613281,42913300
2021-02-12 00:00:00-05:00,361.9920325190132,364.82407372216704,361.91773330512245,364.5826721191406,50593300
2021-02-16 00:00:00-05:00,365.8082587527633,366.0032729008585,363.5519093548807,364.2668762207031,50972400
2021-02-17 00:00:00-05:00,362.52135717971964,364.60128206037706,361.50922152730385,364.3505859375,52290600
2021-02-18 00:00:00-05:00,361.7505480599932,363.542626693373,360.0327402924635,362.7998046875,59712800
2021-02-19 00:00:00-05:00,364.05341301185115,364.34125872083973,361.71346939446187,362.1591796875,83241000
2021-02-22 00:00:00-05:00,359.4014513169295,361.7785164844223,359.1043110867799,359.37359619140625,67414200
2021-02-23 00:00:00-05:00,357.1728509983925,361.15630279532843,353.0315629822929,359.8099060058594,107284100
2021-02-24 00:00:00-05:00,358.72360131962074,364.2020215283774,357.7393491134109,363.7748718261719,72433900
2021-02-25 00:00:00-05:00,362.5119712403062,363.8769286831077,353.5701100677541,355.00933837890625,146670500
2021-02-26 00:00:00-05:00,356.8850154751008,358.0271036542426,351.20234468696304,353.18011474609375,152701600
2021-03-01 00:00:00-05:00,358.0363693607086,362.9855121953321,353.37510050582176,361.7412414550781,105348800
2021-03-02 00:00:00-05:00,361.9642260505401,362.1963615356677,358.41718903694675,358.9186096191406,79595300
2021-03-03 00:00:00-05:00,358.22212100889243,359.1877840030245,354.06224386816876,354.1643981933594,119940200
2021-03-04 00:00:00-05:00,353.9787373865895,356.5600826850542,345.3061596092031,349.78173828125,183433000
2021-03-05 00:00:00-05:00,353.2730320198999,357.265779064072,346.01185613057277,356.2165222167969,152039600
2021-03-08 00:00:00-05:00,357.1728776946545,359.9770636155982,354.1644114525265,354.4429626464844,123149200
2021-03-09 00:00:00-05:00,358.277918893154,362.0477969623382,357.7764983032908,359.50360107421875,113633600
2021-03-10 00:00:00-05:00,361.8433957711477,363.43119404918576,360.43202267254077,361.7412414550781,109899400
2021-03-11 00:00:00-05:00,364.201964598063,367.3775617218999,363.7469598417814,365.4090576171875,86245000
2021-03-12 00:00:00-05:00,364.05339494438545,366.0404596864284,363.2455681020347,365.90118408203125,64653600
2021-03-15 00:00:00-04:00,366.15192988889174,368.3433035974085,364.01629476654966,368.08331298828125,73427200
2021-03-16 00:00:00-04:00,368.69603871329787,369.4017110962296,366.84822156602263,367.6189270019531,73722500
2021-03-17 00:00:00-04:00,366.33762904443535,369.6710910137919,365.19551232371896,368.87255859375,97959300
2021-03-18 00:00:00-04:00,366.291148848804,368.37107323916246,362.8276780230335,363.5055236816406,115349100
2021-03-19 00:00:00-04:00,363.20563537867605,364.7800131432064,360.6624031983592,362.8330078125,113624500
2021-03-22 00:00:00-04:00,363.34537402520954,367.1089779028957,363.2894813107104,365.730224609375,73778600
2021-03-23 00:00:00-04:00,365.0967729617704,366.5407155405644,362.06912758135604,362.8516540527344,90686600
2021-03-24 00:00:00-04:00,364.2489071923662,365.8791772373448,360.9604207531097,361.0069885253906,97588600
2021-03-25 00:00:00-04:00,359.5724734221165,363.829786798647,357.634764555162,363.0379638671875,116128600
2021-03-26 00:00:00-04:00,364.18379370268866,369.2888795951097,363.5875952706098,368.8883056640625,114409100
2021-03-29 00:00:00-04:00,367.4163456691813,369.60557150137186,365.9351320456119,368.7019348144531,108107600
2021-03-30 00:00:00-04:00,367.43499693096027,368.39452632963565,366.13075792489735,367.7237854003906,76262200
2021-03-31 00:00:00-04:00,368.2919754370403,370.76998933005086,368.26402908759354,369.2142333984375,112734200
2021-04-01 00:00:00-04:00,371.14256504589775,373.257276101218,370.9376157019824,373.20135498046875,99682900
2021-04-05 00:00:00-04:00,375.8565503888312,379.0984701636254,375.7820362417883,378.5581359863281,91684800
2021-04-06 00:00:00-04:00,377.9991164320186,379.3778410378448,377.663731778131,378.33447265625,62021000
2021-04-07 00:00:00-04:00,378.16687652422144,379.11708112852125,377.7104098657336,378.77239990234375,55836300
2021-04-08 00:00:00-04:00,380.02062094317336,380.62614416673193,379.08903800549706,380.57025146484375,57863100
2021-04-09 00:00:00-04:00,380.4492124791382,383.5048037222059,380.32810213483407,383.33709716796875,61104600
2021-04-12 00:00:00-04:00,382.74087863290447,383.7469757570129,382.135355372954,383.4768371582031,56704900
2021-04-13 00:00:00-04:00,383.3742885703342,385.2374542676468,382.99233619082685,384.61328125,56551000
2021-04-14 00:00:00-04:00,384.585426479011,385.6381198974038,382.7595316211662,383.29986572265625,61659900
2021-04-15 00:00:00-04:00,385.43314308577106,387.6875864651336,385.3865753074208,387.41741943359375,60229800
2021-04-16 00:00:00-04:00,388.70301638087244,389.3178645876654,387.28702042046496,388.71234130859375,82037300
2021-04-19 00:00:00-04:00,387.7807610260529,388.2279026853113,385.4797498055928,386.8025817871094,78498500
2021-04-20 00:00:00-04:00,385.59152639170094,386.6907875184191,382.4986639809094,383.9705810546875,81851800
2021-04-21 00:00:00-04:00,383.3556830388797,387.80864810285476,383.21592286206607,387.60369873046875,66793000
2021-04-22 00:00:00-04:00,387.43607511013636,388.2651692129653,383.00173084573123,384.063720703125,97582800
2021-04-23 00:00:00-04:00,384.6226532391619,389.6345741269456,384.54813911119874,388.2278747558594,73209200
2021-04-26 00:00:00-04:00,388.8800074072831,389.60664100563645,388.2931055721406,389.0383605957031,52182400
2021-04-27 00:00:00-04:00,389.3365118024942,389.5321647196547,387.81802682554365,388.9545593261719,51303100
2021-04-28 00:00:00-04:00,389.22460372314373,390.34251444446187,388.37685997158,388.8426513671875,51238900
2021-04-29 00:00:00-04:00,391.56296041556226,391.9355879172904,387.9484139465216,391.32073974609375,78544300
2021-04-30 00:00:00-04:00,389.05698052139843,389.9047243925387,387.85523059091884,388.7495422363281,85527000
2021-05-03 00:00:00-04:00,390.7338109557142,391.11576335825885,389.09424437535307,389.5879821777344,68128300
2021-05-04 00:00:00-04:00,387.6037329855272,388.09747082223015,383.5047736052085,387.18450927734375,101591200
2021-05-05 00:00:00-04:00,388.82405711429095,389.0569528283678,386.74661711005075,387.3055725097656,60162200
2021-05-06 00:00:00-04:00,387.3801199711882,390.528874845266,385.3772223436678,390.3984680175781,74321400
2021-05-07 00:00:00-04:00,391.16239525650957,393.8919265936675,390.4823294392389,393.23980712890625,67733800
2021-05-10 00:00:00-04:00,393.5938725122595,393.8174433660176,389.224745357218,389.3458557128906,81852400
2021-05-11 00:00:00-04:00,384.8369282355566,386.8584473474661,382.0049080638009,385.8709716796875,116888000
2021-05-12 00:00:00-04:00,383.09488503627756,384.3618242624742,376.3595297518344,377.6730651855469,134811000
2021-05-13 00:00:00-04:00,379.21952621514686,384.13828367571983,379.17293000396353,382.20989990234375,106394000
2021-05-14 00:00:00-04:00,384.9393967974584,388.9265708311616,384.9114504451291,388.0788269042969,82201600
2021-05-17 00:00:00-04:00,386.97028771615726,387.90187074432333,385.0791468765085,387.09136962890625,65129200
2021-05-18 00:00:00-04:00,387.3521523950896,387.5943730427938,383.5978745039429,383.7562561035156,59810200
2021-05-19 00:00:00-04:00,379.07974196431326,382.92715562063444,377.5985000735296,382.7501525878906,106467100
2021-05-20 00:00:00-04:00,383.62587868681237,388.1254406224363,383.5047967743601,386.8677978515625,78022200
2021-05-21 00:00:00-04:00,388.34903495141754,389.5880563714277,386.09461981296676,386.55108642578125,76578700
2021-05-24 00:00:00-04:00,388.7868254622032,391.56295289159766,388.544604797389,390.49163818359375,51376700
2021-05-25 00:00:00-04:00,391.5722490957163,391.9262551656702,389.0476672600288,389.625244140625,57451400
2021-05-26 00:00:00-04:00,390.2121400584183,390.9015023339306,389.1780966451499,390.3984680175781,43088600
2021-05-27 00:00:00-04:00,391.4232216191229,391.9355808710809,390.3239321287522,390.6034240722656,56707700
2021-05-28 00:00:00-04:00,392.1685199593985,392.4293620777178,391.0692587771713,391.3021545410156,58520200
2021-06-01 00:00:00-04:00,393.65904356804924,393.7987753351119,390.5196133395258,390.95745849609375,54216600
2021-06-02 00:00:00-04:00,391.6095674253817,392.410743642536,390.60347022695476,391.5722961425781,49097100
2021-06-03 00:00:00-04:00,389.2619476298755,391.2555203916502,387.79935555163786,390.1189880371094,58138800
2021-06-04 00:00:00-04:00,391.96354696648706,393.9850945840739,390.18422002621526,393.6869812011719,55938800
2021-06-07 00:00:00-04:00,393.67768124837585,393.85468430384935,392.3734706525122,393.3050537109375,51555000
2021-06-08 00:00:00-04:00,394.1620869131879,394.2552509032389,391.5629906976117,393.3888854980469,47134300
2021-06-09 00:00:00-04:00,394.2272616788116,394.30180423460956,392.5783701098852,392.80194091796875,48436300
2021-06-10 00:00:00-04:00,394.0223758472598,395.5781321168516,392.70884027859677,394.6278991699219,51020100
2021-06-11 00:00:00-04:00,395.17753829078254,395.3917841957337,393.8919491424424,395.2799987792969,45570800
2021-06-14 00:00:00-04:00,395.39174825118516,396.26743850654356,394.1527554254345,396.16497802734375,42358500
2021-06-15 00:00:00-04:00,396.31398359945143,396.3512264436359,394.5626033146111,395.43829345703125,51508500
2021-06-16 00:00:00-04:00,395.5781373986484,395.8017082457771,391.19038894578637,393.23052978515625,80386100
2021-06-17 00:00:00-04:00,392.82060361942723,394.0782178856841,390.63137795315737,393.1000671386719,90949700
2021-06-18 00:00:00-04:00,389.82512979232945,390.5167474088944,387.5913771677302,387.7969970703125,118676300
2021-06-21 00:00:00-04:00,389.5541254102761,393.53566194360144,388.74100113745214,393.3487243652344,72822000
2021-06-22 00:00:00-04:00,393.33938339648705,396.28346475320944,392.61969941589416,395.4516296386719,57700300
2021-06-23 00:00:00-04:00,395.5263432061953,396.33011186649463,394.89080121581947,394.97491455078125,49445400
2021-06-24 00:00:00-04:00,397.1152589733079,397.73209014648296,396.8628904252522,397.3115234375,45110300
2021-06-25 00:00:00-04:00,398.0591985278256,399.17141131218983,397.73207208724824,398.7227783203125,58129500
2021-06-28 00:00:00-04:00,399.2462640059079,399.69486854958024,398.0499376849995,399.5266418457031,53159600
2021-06-29 00:00:00-04:00,399.9098343658785,400.5453764693619,399.2088612604478,399.7416076660156,35970500
2021-06-30 00:00:00-04:00,399.2835611544407,400.75093815402226,399.25552337520446,400.0780029296875,64827900
2021-07-01 00:00:00-04:00,400.835038783346,402.4519600618117,400.76960779298105,402.2930603027344,53441000
2021-07-02 00:00:00-04:00,403.4521211484216,405.72326732240344,402.3772728272661,405.36810302734375,57697700
2021-07-06 00:00:00-04:00,405.4241415803903,405.6391169295271,401.9005937821132,404.62969970703125,68710400
2021-07-07 00:00:00-04:00,405.31199914635374,406.34009873848606,403.3025486160357,406.0596923828125,63549500
2021-07-08 00:00:00-04:00,400.75106621864916,403.50823898951415,399.57342206906736,402.7511901855469,97595200
2021-07-09 00:00:00-04:00,404.2558173257462,407.3494426746745,402.55478259875076,407.05035400390625,76238600
2021-07-12 00:00:00-04:00,406.9662269112006,408.76073035250516,406.536304788165,408.50836181640625,52889600
2021-07-13 00:00:00-04:00,407.72328794262097,409.2187027689948,406.85408823599073,407.11578369140625,52911300
2021-07-14 00:00:00-04:00,408.80744158086895,409.2934677745335,406.48022038406873,407.7232666015625,64130400
2021-07-15 00:00:00-04:00,406.3868250791765,407.059760411339,404.4334500856128,406.33074951171875,55126400
2021-07-16 00:00:00-04:00,407.50829208648764,407.55501220685557,402.75102581295585,403.1435546875,75874700
2021-07-19 00:00:00-04:00,398.3302530154178,403.20902632092094,394.38611039278754,397.19000244140625,147987000
2021-07-20 00:00:00-04:00,397.85360950811923,404.1530401378472,397.0591676686946,402.8819274902344,99608200
2021-07-21 00:00:00-04:00,404.07824240394586,406.28398573679834,402.83519609526724,406.1437683105469,64724400
2021-07-22 00:00:00-04:00,406.3213274734552,407.23727579624176,405.33997668113454,406.9942626953125,47878500
2021-07-23 00:00:00-04:00,408.91963853760046,411.5179109011736,408.2373763394922,411.18145751953125,63766600
2021-07-26 00:00:00-04:00,410.59261588453984,412.20018185039044,410.5458957579973,412.1908264160156,43719200
2021-07-27 00:00:00-04:00,411.15344841239045,411.18148619614936,407.4896830394306,410.3122863769531,67397100
2021-07-28 00:00:00-04:00,410.9384237416545,411.51789021824817,408.72335352250394,410.14398193359375,52472400
2021-07-29 00:00:00-04:00,411.06927031045103,412.91982079238494,411.05991487644866,411.8450012207031,47435300
2021-07-30 00:00:00-04:00,409.28415602981516,411.29360644207577,409.1532940336554,409.8449401855469,68951200
2021-08-02 00:00:00-04:00,411.55528082300833,412.1067095157106,408.62988215553224,408.98504638671875,58783300
2021-08-03 00:00:00-04:00,409.7795060797524,412.43385397257424,407.5924735593852,412.3123474121094,58053900
2021-08-04 00:00:00-04:00,411.0319033838049,412.2843051456388,410.0505525213927,410.2842102050781,46732200
2021-08-05 00:00:00-04:00,411.4431375086628,412.96659014888616,411.12536648595767,412.8824768066406,38969700
2021-08-06 00:00:00-04:00,413.2002671340216,413.9853535543252,412.9198607907698,413.56475830078125,46930000
2021-08-09 00:00:00-04:00,413.53674814277605,413.8545192015544,412.46192839518204,413.22833251953125,41222600
2021-08-10 00:00:00-04:00,413.6769396016709,414.4526991663154,412.9946773475972,413.74237060546875,43339300
2021-08-11 00:00:00-04:00,414.8077789542653,414.86385451105014,413.6862107732414,414.7703857421875,44034300
2021-08-12 00:00:00-04:00,414.62089804805976,416.15370620330873,413.72366049428854,416.01348876953125,38909400
2021-08-13 00:00:00-04:00,416.4620942233985,416.7892206760995,415.9760965228515,416.7705383300781,39470300
2021-08-16 00:00:00-04:00,415.4713605109986,417.88269503110484,413.91987021373245,417.7518615722656,73740000
2021-08-17 00:00:00-04:00,415.2003672937734,415.87330259419554,412.03198379117543,415.0134582519531,92673900
2021-08-18 00:00:00-04:00,414.004033503329,415.5648794226537,410.2281457688839,410.47113037109375,89351900
2021-08-19 00:00:00-04:00,407.7512775027748,412.30295243814317,407.61108861871384,411.1065979003906,92812200
2021-08-20 00:00:00-04:00,411.45252871527185,414.7050256555393,410.96650244315384,414.3778991699219,72008700
2021-08-23 00:00:00-04:00,416.0601886079049,418.92951158354134,414.4526227295589,418.0229187011719,54973000
2021-08-24 00:00:00-04:00,418.68646240234375,419.2192086788137,418.17242699199244,418.68646240234375,38744700
2021-08-25 00:00:00-04:00,418.87344589815075,420.07909894332823,418.4995708066867,419.5650634765625,40529700
2021-08-26 00:00:00-04:00,419.2846465858296,419.5183042507706,416.9948185830064,417.0882873535156,57829600
2021-08-27 00:00:00-04:00,417.8921060042868,421.19135148689224,417.83603043980827,420.8175048828125,77235100
2021-08-30 00:00:00-04:00,421.4904469021432,423.4531772582027,421.24743377041483,422.6680908203125,48357400
2021-08-31 00:00:00-04:00,422.57455539172196,422.91100873089704,421.4436603048322,422.04180908203125,59300200
2021-09-01 00:00:00-04:00,422.97650283531857,423.49053835442544,422.03251662178167,422.26617431640625,48721400
2021-09-02 00:00:00-04:00,423.68684470342555,424.369106938718,422.36901184150173,423.5653381347656,42501000
2021-09-03 00:00:00-04:00,422.4343619875005,423.97649682090514,422.03244913978364,423.4624328613281,47170500
2021-09-07 00:00:00-04:00,423.1166832249812,423.2101520054819,421.27545948751975,421.9483947753906,51671500
2021-09-08 00:00:00-04:00,421.4157048587594,422.14471575872943,419.51837690907405,421.43438720703125,56181900
2021-09-09 00:00:00-04:00,421.23808970978325,422.9858446456514,419.38751055980504,419.6305236816406,57970400
2021-09-10 00:00:00-04:00,421.5558370150139,421.9764037145198,416.2003928599835,416.3218994140625,89948200
2021-09-13 00:00:00-04:00,419.3126944167152,419.5743898490149,415.0787903327298,417.3873291015625,83738600
2021-09-14 00:00:00-04:00,418.8266922544094,419.03231214319595,414.2470076652523,415.1349182128906,78197100
2021-09-15 00:00:00-04:00,415.5555116773011,419.0977701394543,414.4526542585058,418.6024169921875,78792200
2021-09-16 00:00:00-04:00,418.0790011528334,419.0509965202967,414.99470280608074,417.9388122558594,77786700
2021-09-17 00:00:00-04:00,417.16810338516024,417.5900174422534,413.5113432060983,413.8676452636719,118425000
2021-09-20 00:00:00-04:00,407.7543067769337,409.32950968626983,402.10978676408575,406.9667053222656,166445500
2021-09-21 00:00:00-04:00,409.30144322368784,410.59537031179264,406.05726871090457,406.58233642578125,92526100
2021-09-22 00:00:00-04:00,408.85139337293356,412.5831513891095,406.6948671942367,410.5484924316406,102350100
2021-09-23 00:00:00-04:00,412.41440315728903,417.1400416411326,412.1799968838808,415.53668212890625,76396000
2021-09-24 00:00:00-04:00,413.90522575092706,416.9337651199925,413.6895616772255,416.2211608886719,62094800
2021-09-27 00:00:00-04:00,415.1897452245322,416.35239112758217,414.33650299714867,415.0303649902344,61371100
2021-09-28 00:00:00-04:00,412.2643090052773,412.5924834545763,405.9353407086728,406.66668701171875,130436300
2021-09-29 00:00:00-04:00,408.04506020824715,409.77967232630994,406.78864603672207,407.3512268066406,82329200
2021-09-30 00:00:00-04:00,408.8232729732289,409.5264917761639,402.0348766187246,402.3724365234375,140506000
2021-10-01 00:00:00-04:00,404.0976283486504,408.8326231008619,400.58153463739126,407.1542663574219,129240100
2021-10-04 00:00:00-04:00,405.99156459254795,406.891676446688,399.7657217841494,401.9035339355469,128570000
2021-10-05 00:00:00-04:00,403.40382646967265,408.3263583984505,402.6068680010138,406.08544921875,90682500
2021-10-06 00:00:00-04:00,402.49426854273986,407.97938044868795,400.8721956255004,407.7731018066406,113032200
2021-10-07 00:00:00-04:00,411.04546603542565,414.1302318975777,410.867314983928,411.2986145019531,72437500
2021-10-08 00:00:00-04:00,412.0674690550003,412.45189876084635,409.9202996692927,410.5484924316406,74557400
2021-10-11 00:00:00-04:00,409.89216791478833,412.79881127574237,407.5105922896659,407.57623291015625,65233300
2021-10-12 00:00:00-04:00,408.4950853785661,408.89825725037673,405.7853354665387,406.57293701171875,71181200
2021-10-13 00:00:00-04:00,407.59495963247764,408.8513737107969,404.62270437794365,408.03564453125,72974000
2021-10-14 00:00:00-04:00,411.69232759288604,415.0490407513381,411.2235151439211,414.8990173339844,70236800
2021-10-15 00:00:00-04:00,417.00867206884914,418.42449481685196,416.3898362044381,418.0588073730469,66260200
2021-10-18 00:00:00-04:00,416.27732497087453,419.6340094982905,415.6209761000303,419.2964782714844,62213200
2021-10-19 00:00:00-04:00,420.9186862186984,422.597014600356,420.30920699257047,422.5314025878906,46996800
2021-10-20 00:00:00-04:00,422.99075914645675,424.4909648278342,422.878248727811,424.19091796875,49571600
2021-10-21 00:00:00-04:00,423.59087874148474,425.5223841474882,423.1595792098458,425.29736328125,41305400
2021-10-22 00:00:00-04:00,424.8659833060559,426.3099336904653,422.91570745443045,424.8565979003906,58845100
2021-10-25 00:00:00-04:00,425.94423644921017,427.4631842019091,424.1721402757418,427.135009765625,45214500
2021-10-26 00:00:00-04:00,428.68220582792407,429.8917216010357,427.1444869339798,427.51953125,56075100
2021-10-27 00:00:00-04:00,427.97902821072444,428.6447340818077,425.55055379512856,425.6255798339844,72438000
2021-10-28 00:00:00-04:00,427.05070773419686,429.80732773792477,427.0413509410185,429.7323303222656,51437900
2021-10-29 00:00:00-04:00,427.4350712129975,430.8949094853391,427.1444097745334,430.604248046875,70162400
2021-11-01 00:00:00-04:00,431.5887642564896,431.96383713747196,429.61977470154915,431.3450012207031,48433600
2021-11-02 00:00:00-04:00,431.5137252848119,433.3983604582575,431.3824440663046,433.08892822265625,48908400
2021-11-03 00:00:00-04:00,432.5263122769881,436.1361735088615,432.0856274728783,435.7330017089844,52509800
2021-11-04 00:00:00-04:00,436.3331934985726,437.8709123645309,435.9862767972165,437.7865295410156,52847100
2021-11-05 00:00:00-04:00,440.00860807313694,441.29314959663833,437.7958270632598,439.3053894042969,66390600
2021-11-08 00:00:00-05:00,440.4024705143944,440.89941061596096,438.9960330253521,439.68048095703125,50405200
2021-11-09 00:00:00-05:00,440.0461676231419,440.2805738708811,436.8207353651275,438.2271728515625,51149100
2021-11-10 00:00:00-05:00,436.53942763125457,438.2271697715408,433.220255788708,434.7016906738281,69429700
2021-11-11 00:00:00-05:00,436.1924978999976,436.2675239203641,434.8235734757579,434.8423156738281,34848500
2021-11-12 00:00:00-05:00,436.1081050332003,438.67718819768925,435.161094692695,438.1239929199219,53466700
2021-11-15 00:00:00-05:00,439.40856410960447,439.56794432499424,437.1488845782679,438.2740173339844,46980500
2021-11-16 00:00:00-05:00,438.0114603688836,441.1431240587056,437.93646296807935,440.00860595703125,48857500
2021-11-17 00:00:00-05:00,439.74610202390977,439.9242530537252,438.32092239942926,438.93975830078125,47858300
2021-11-18 00:00:00-05:00,439.9711168325113,440.6931063478928,437.25201023461375,440.4305725097656,50625600
2021-11-19 00:00:00-05:00,440.31803734544474,441.5650945480242,439.2772873896782,439.6429748535156,57315600
2021-11-22 00:00:00-05:00,441.5182563851529,444.0029569483632,438.19905582510415,438.40533447265625,72762000
2021-11-23 00:00:00-05:00,438.0771054886185,439.83984487309516,435.47989482517465,438.9866027832031,73206500
2021-11-24 00:00:00-05:00,436.9894839645097,440.28055671099236,436.17375483241744,440.1586608886719,61858800
2021-11-26 00:00:00-05:00,433.50155816840993,434.96425094373944,429.21660486222436,430.3417663574219,112669600
2021-11-29 00:00:00-05:00,435.1236348523177,437.4583119148909,432.92959581507233,435.6205749511719,86268800
2021-11-30 00:00:00-05:00,433.18271599479897,435.0860934508205,426.9006175423312,427.1444091796875,148559600
2021-12-01 00:00:00-05:00,432.8451797070104,435.68618205628803,422.2031311937479,422.4000244140625,131939200
2021-12-02 00:00:00-05:00,422.6157769864965,430.4355669860337,422.22196184931875,428.8697204589844,127637800
2021-12-03 00:00:00-05:00,430.5292522904625,431.58874442702455,420.9185967447433,425.1379089355469,137331600
2021-12-06 00:00:00-05:00,427.6788574056175,432.04819294676213,425.2691545047344,430.1729431152344,98977500
2021-12-07 00:00:00-05:00,435.44238012792107,439.63356454550274,430.04165158605986,439.07098388671875,95484700
2021-12-08 00:00:00-05:00,439.4648728181905,440.68377393878586,437.71148993714627,440.23370361328125,72238800
2021-12-09 00:00:00-05:00,438.949249628007,440.3369452818781,437.0646423564044,437.26153564453125,61272600
2021-12-10 00:00:00-05:00,439.9617996675269,441.52761743144606,437.41145846142433,441.3775939941406,77159800
2021-12-13 00:00:00-05:00,440.86184888742423,441.2087655181387,437.18634673203786,437.4676513671875,87724700
2021-12-14 00:00:00-05:00,434.2047983047942,436.6894990636773,431.54194649017546,434.45794677734375,97264100
2021-12-15 00:00:00-05:00,434.51422720060384,441.49013147147207,432.0013702393154,441.2463684082031,116899300
2021-12-16 00:00:00-05:00,443.0934545318682,443.3747305871484,435.80808994562267,437.3551940917969,116568600
2021-12-17 00:00:00-05:00,434.28117656754216,437.2827106378424,430.99737826772844,432.700439453125,135511600
2021-12-20 00:00:00-05:00,427.62890570329984,428.4945351603184,424.4862394814665,428.099365234375,107134800
2021-12-21 00:00:00-05:00,431.5148641473523,435.8430974441347,429.3507618562461,435.70196533203125,69806300
2021-12-22 00:00:00-05:00,435.44797367017134,440.1713773813337,435.2503599777173,440.0584716796875,58890200
2021-12-23 00:00:00-05:00,441.0558636062711,444.29262786782226,440.95237627994055,442.79656982421875,56439700
2021-12-27 00:00:00-05:00,444.17025861450196,449.11008378457836,444.12322414632985,449.06304931640625,56808600
2021-12-28 00:00:00-05:00,449.49583182545905,450.5214301033936,447.9339028188725,448.696044921875,47274600
2021-12-29 00:00:00-05:00,448.7995905115579,450.2862300149204,447.8022185897107,449.2700500488281,54503000
2021-12-30 00:00:00-05:00,449.693492768275,450.70028317333333,447.5670349664784,448.028076171875,55329000
2021-12-31 00:00:00-05:00,447.5387725895835,448.68666632067624,446.6260799179109,446.89892578125,65237400
2022-01-03 00:00:00-05:00,448.15978126090016,449.6182231773568,445.8545465639054,449.4864807128906,72668200
2022-01-04 00:00:00-05:00,450.90734639464665,451.6224542486157,447.48238637256134,449.33599853515625,71178700
2022-01-05 00:00:00-05:00,448.969002462942,449.74056308734737,440.6136354927347,440.7077331542969,104538900
2022-01-06 00:00:00-05:00,440.24672772971405,443.00361427869063,437.93204566833504,440.29376220703125,86858900
2022-01-07 00:00:00-05:00,440.3031029677847,441.47925183914367,437.1980527186537,438.552978515625,85111600
2022-01-10 00:00:00-05:00,435.36328278709937,438.2236562011222,429.62367048499374,438.00726318359375,119362000
2022-01-11 00:00:00-05:00,437.7438209696161,442.0908627934465,434.751676287286,441.99676513671875,74303100
2022-01-12 00:00:00-05:00,443.7280116585806,445.2429062617321,441.2345819172256,443.1916809082031,67605400
2022-01-13 00:00:00-05:00,444.29258772329274,444.9418241930247,436.05954567988096,437.08514404296875,91173100
2022-01-14 00:00:00-05:00,433.94238195443353,437.61195985527536,432.728588555267,437.2638244628906,95890900
2022-01-18 00:00:00-05:00,432.5780978764357,432.7851012078921,428.40983354006795,429.5201110839844,109709100
2022-01-19 00:00:00-05:00,431.0632487949444,432.455790611051,424.7873060995941,425.0601806640625,109357600
2022-01-20 00:00:00-05:00,426.9420552480534,431.6372325182061,418.2385532953383,420.3556213378906,122379700
2022-01-21 00:00:00-05:00,419.23594498974285,421.58824292541317,412.07556385655806,412.1037902832031,202271200
2022-01-24 00:00:00-05:00,406.50524550753806,414.3619251147175,395.901098425589,413.85382080078125,251783900
2022-01-25 00:00:00-05:00,407.47441758472695,413.7409421509055,401.9135823339121,408.8011169433594,167997300
2022-01-26 00:00:00-05:00,414.6818862839636,417.80574473347866,403.5225703047687,407.7755432128906,186391100
2022-01-27 00:00:00-05:00,412.3672026513168,415.50045053402,404.0777079047049,405.7619323730469,149878300
2022-01-28 00:00:00-05:00,407.1168944257264,415.88626787051186,402.54404110046244,415.8392333984375,164457400
2022-01-31 00:00:00-05:00,415.17113717300543,423.677053931945,413.82562974282484,423.32891845703125,152251400
2022-02-01 00:00:00-05:00,424.05336552481776,426.82908804425705,420.53433767425685,426.18927001953125,123155400
2022-02-02 00:00:00-05:00,428.58867006151223,431.05387362428513,426.28340667304684,430.3293762207031,117361000
2022-02-03 00:00:00-05:00,424.3074813838875,426.20812763649417,419.37704575360794,420.2144775390625,118024400
2022-02-04 00:00:00-05:00,419.97923360740066,426.0293363499769,417.6080991681987,422.1903991699219,118454400
2022-02-07 00:00:00-05:00,422.95254768054906,424.3450895509773,419.50878037886775,420.8354797363281,84472900
2022-02-08 00:00:00-05:00,420.33677354523064,425.2201456654425,418.91597660458353,424.29803466796875,81012000
2022-02-09 00:00:00-05:00,428.32517855026134,430.82802671260504,428.1275935863995,430.50811767578125,92589900
2022-02-10 00:00:00-05:00,424.6744500762086,430.66810052892527,420.7790596867854,422.7738037109375,140103700
2022-02-11 00:00:00-05:00,422.85846290665194,424.92846773085336,413.00703862428105,414.4372253417969,153214600
2022-02-14 00:00:00-05:00,413.92909493615394,415.5098319487012,409.6196698794952,413.0822448730469,123006300
2022-02-15 00:00:00-05:00,417.5140448697904,419.9133771021189,416.99652213320917,419.7440185546875,88482700
2022-02-16 00:00:00-05:00,417.70221089727113,421.588211390658,415.82979106919817,420.2144775390625,84863600
2022-02-17 00:00:00-05:00,417.03419417418587,420.18627912524965,410.63595532705654,411.2381286621094,102259100
2022-02-18 00:00:00-05:00,411.49211293034836,412.74355133918664,406.30766852315804,408.5752868652344,132642900
2022-02-22 00:00:00-05:00,406.37352124987865,409.77022506154026,400.6997521061171,404.1905822753906,124391800
2022-02-23 00:00:00-05:00,407.0980794779474,407.6626367061376,396.45628627766916,397.0208435058594,132578000
2022-02-24 00:00:00-05:00,386.73658449661104,403.42850999389174,386.3790593344902,402.99566650390625,213942900
2022-02-25 00:00:00-05:00,404.2282639234101,411.97203889724267,402.5816554040874,411.8873596191406,121804500
2022-02-28 00:00:00-05:00,406.505202258136,412.31068466320824,405.25379272155976,410.83343505859375,145615000
2022-03-01 00:00:00-05:00,409.3374027412006,411.3415647709706,401.8758933767992,404.57635498046875,137785900
2022-03-02 00:00:00-05:00,406.8251817399771,413.740942784039,406.0724579549326,412.0190734863281,117726500
2022-03-03 00:00:00-05:00,414.446680076633,415.04885343146157,408.17073639481583,409.9678955078125,105501700
2022-03-04 00:00:00-05:00,406.2418252656333,407.7661096277124,402.60047290853925,406.63702392578125,113978200
2022-03-07 00:00:00-05:00,406.05365494553234,406.75934432063025,394.58384800510765,394.64971923828125,137896600
2022-03-08 00:00:00-05:00,394.82845492231417,401.9700272063481,390.5943191141427,391.6575622558594,164772700
2022-03-09 00:00:00-05:00,400.0222969242245,404.13410814898197,397.83935806469975,402.1581726074219,116990800
2022-03-10 00:00:00-05:00,397.55708322285636,401.2360799371363,395.5999843486872,400.34222412109375,93972700
2022-03-11 00:00:00-05:00,402.82627933719436,403.4378710075181,394.7437877372273,395.25189208984375,95636300
2022-03-14 00:00:00-04:00,396.02350128864606,399.46724033893065,391.2248075600843,392.3633117675781,95729200
2022-03-15 00:00:00-04:00,394.969610741959,401.62191584683524,393.6993928949382,400.99151611328125,106219100
2022-03-16 00:00:00-04:00,404.49170046381727,409.939601038674,399.7023972745846,409.8831481933594,144954800
2022-03-17 00:00:00-04:00,407.9731446506093,415.01123046875,407.5967827207491,415.01123046875,102676900
2022-03-18 00:00:00-04:00,413.40292135860483,419.8776656161691,412.6667255275147,419.5567626953125,106345500
2022-03-21 00:00:00-04:00,419.38687263527476,421.3878136478484,415.93240645546575,419.43408203125,88349800
2022-03-22 00:00:00-04:00,420.82140820007544,425.276343887646,420.82140820007544,424.3419494628906,74650400
2022-03-23 00:00:00-04:00,421.81246957458256,423.30372739490633,418.79216338171153,418.8771057128906,79426100
2022-03-24 00:00:00-04:00,420.8969665486931,425.200884406194,419.7832397355188,425.1914367675781,64736900
2022-03-25 00:00:00-04:00,425.8238060374059,427.54160557531713,423.24710673053914,427.26788330078125,77101300
2022-03-28 00:00:00-04:00,426.6733606985077,430.3071594238281,424.78567604159133,430.3071594238281,68529800
2022-03-29 00:00:00-04:00,434.1862023802521,436.12109583341436,431.5056944584846,435.6302795410156,86581500
2022-03-30 00:00:00-04:00,434.48834654789084,435.3000658769964,430.8356815763662,432.9404602050781,79666900
2022-03-31 00:00:00-04:00,432.17589947274035,432.9970375414447,425.823831381212,426.2768859863281,121699900
2022-04-01 00:00:00-04:00,427.85312988784034,427.9947004651948,423.9173238184881,427.48504638671875,89048800
2022-04-04 00:00:00-04:00,427.6832403411355,431.2509628688752,426.8621021980193,431.1471252441406,59601000
2022-04-05 00:00:00-04:00,429.6558732347616,432.1192876988634,424.5591308094842,425.701171875,74214500
2022-04-06 00:00:00-04:00,421.7935511434467,423.7189680205385,418.5655989374051,421.4443054199219,106898000
2022-04-07 00:00:00-04:00,420.56664291276263,425.38024389891154,418.6223302828864,423.56805419921875,78097200
2022-04-08 00:00:00-04:00,422.8128642575947,425.3234872105769,420.8968663202885,422.4353332519531,79272700
2022-04-11 00:00:00-04:00,419.1697603481383,420.00979376147524,414.7148526591951,415.215087890625,89770500
2022-04-12 00:00:00-04:00,418.1975577653763,420.71762892299597,412.12865978994853,413.67657470703125,84363600
2022-04-13 00:00:00-04:00,413.4311571589825,419.16970449840653,413.25182485427155,418.4146423339844,74070400
2022-04-14 00:00:00-04:00,418.6412237561914,419.754979516138,413.10087428728497,413.2047119140625,97869500
2022-04-18 00:00:00-04:00,412.27968190004844,415.0545800894282,411.14705981320014,413.3745422363281,66002500
2022-04-19 00:00:00-04:00,413.27073740895713,420.76484688177004,413.1008527235854,420.04754638671875,77821000
2022-04-20 00:00:00-04:00,421.82193478222695,422.4354264021452,418.57511557097627,419.73602294921875,65224400
2022-04-21 00:00:00-04:00,423.3509170968134,424.73836604910855,412.5533618444505,413.4594421386719,85417300
2022-04-22 00:00:00-04:00,412.37409241070765,413.4783716367902,401.5482213990768,402.1145324707031,132471800
2022-04-25 00:00:00-04:00,399.87760832355883,404.6156854519276,395.31883470061024,404.44580078125,119647700
2022-04-26 00:00:00-04:00,401.9163240296101,402.11455163658286,392.70444345361744,392.7327575683594,103996300
2022-04-27 00:00:00-04:00,393.8086609873536,399.169705902769,391.7039115793856,393.83697509765625,122030000
2022-04-28 00:00:00-04:00,398.5751272035263,405.51237307337215,394.1485050200903,403.7851257324219,105449100
2022-04-29 00:00:00-04:00,399.8021348013602,401.95409397695,388.11736315002133,388.8630065917969,145491100
2022-05-02 00:00:00-04:00,388.92904179526005,392.56283983474725,382.2749373532382,391.2037048339844,158312500
2022-05-03 00:00:00-04:00,391.7039805238848,395.4038260055901,390.14661777180356,392.9970397949219,100028200
2022-05-04 00:00:00-04:00,393.65772495141096,405.5312769483244,390.4769810805958,404.9649658203125,144247900
2022-05-05 00:00:00-04:00,400.7081751004019,401.1329155913623,386.4467339742489,390.5713195800781,172929100
2022-05-06 00:00:00-04:00,388.0135688560758,391.50576802589364,382.9451403977338,388.2400817871094,151770800
2022-05-09 00:00:00-04:00,382.3505124543199,383.5869435337957,374.23346310540126,375.8096923828125,155586100
2022-05-10 00:00:00-04:00,381.7746896823651,383.27539519585025,372.6477525173204,376.6779479980469,132497200
2022-05-11 00:00:00-04:00,375.71524733858433,381.3499860628742,369.94835688896774,370.6940002441406,142361000
2022-05-12 00:00:00-04:00,367.5038249274551,373.5727232304534,363.5208097766853,370.3070373535156,125090800
2022-05-13 00:00:00-04:00,374.43164996045624,380.53831045425517,373.3934177273955,379.1603088378906,104174400
2022-05-16 00:00:00-04:00,377.5179258270691,381.2838461130281,375.2715773042966,377.6217346191406,78622400
2022-05-17 00:00:00-04:00,383.70016285890136,385.62560898408395,379.9719747013643,385.3896484375,83029700
2022-05-18 00:00:00-04:00,380.8402470610884,381.12338813962504,368.61748163761905,369.8539123535156,117674500
2022-05-19 00:00:00-04:00,366.79595164216687,372.005979027499,365.3707407010665,367.5887756347656,98510700
2022-05-20 00:00:00-04:00,371.1659411793916,374.7336635050742,359.1697150107811,367.7492370605469,131432200
2022-05-23 00:00:00-04:00,370.7695124155736,375.3943621595535,368.45711634736125,374.6298522949219,76414900
2022-05-24 00:00:00-04:00,370.5146628553773,372.9592105064328,365.2291411864955,371.7699890136719,91448800
2022-05-25 00:00:00-04:00,370.2786961363731,377.0177426324369,369.88229858000193,375.0545349121094,91472900
2022-05-26 00:00:00-04:00,376.28154835892093,384.18150224653084,376.07390194163645,382.54864501953125,82168300
2022-05-27 00:00:00-04:00,385.0026651402334,392.0531673410909,384.80446634850006,391.9399108886719,84768700
2022-05-31 00:00:00-04:00,390.3258696030877,393.07245343451956,387.0035559449801,389.7406921386719,95937000
2022-06-01 00:00:00-04:00,391.8549424707136,392.86483164009155,384.0776638781302,386.5882873535156,86585800
2022-06-02 00:00:00-04:00,386.4278638148007,393.9974674509903,384.1815149003103,393.9502868652344,79609600
2022-06-03 00:00:00-04:00,389.2405486758481,390.7884638335638,386.5128594774759,387.4850158691406,71874300
2022-06-06 00:00:00-04:00,391.48690467497266,393.21412339545446,387.49444141094756,388.6648254394531,57508900
2022-06-07 00:00:00-04:00,385.18200495505744,392.84599895820924,384.7195026936411,392.3929443359375,59272400
2022-06-08 00:00:00-04:00,390.6845741806073,392.4684496696644,387.333946070098,388.12677001953125,64350000
2022-06-09 00:00:00-04:00,386.3523744576506,388.61759004588066,378.8960266113281,378.8960266113281,86289800
2022-06-10 00:00:00-04:00,372.70437142833873,373.55382355387263,367.862456867888,367.9096374511719,132893900
2022-06-13 00:00:00-04:00,358.5184359528124,360.3683584476511,352.3362527688543,353.9407958984375,170004900
2022-06-14 00:00:00-04:00,355.6869276147928,356.7157121238985,349.7784664118968,352.874267578125,104011800
2022-06-15 00:00:00-04:00,356.1682732930812,362.34100925128496,351.2225494582893,357.90496826171875,125666800
2022-06-16 00:00:00-04:00,349.70299946215493,350.1088447146559,343.63407193506487,346.05975341796875,134473300
2022-06-17 00:00:00-04:00,346.474006989018,350.14245020385545,343.30795986691686,346.8057556152344,111113900
2022-06-21 00:00:00-04:00,352.52169557516805,356.9200257502837,352.44584583713896,355.53607177734375,76811900
2022-06-22 00:00:00-04:00,351.3178056312109,358.99595685720385,350.90071887328156,354.8914794921875,90059400
2022-06-23 00:00:00-04:00,357.0243321478926,359.1002487608876,353.46963484148904,358.370361328125,79292100
2022-06-24 00:00:00-04:00,361.53644062032527,369.7738622299875,361.5080041964566,369.7643737792969,98050300
2022-06-27 00:00:00-04:00,370.68380190795756,370.9776545538821,367.2618273862305,368.3519287109375,66009600
2022-06-28 00:00:00-04:00,369.9065216331798,372.68391795995,360.7116937770823,360.825439453125,86548900
2022-06-29 00:00:00-04:00,361.3753088463661,362.3611241546952,358.71165775298255,360.5316467285156,65676000
2022-06-30 00:00:00-04:00,356.64519222936855,360.83500878132185,353.1568557172421,357.60260009765625,112508300
2022-07-01 00:00:00-04:00,356.9484798436387,361.82079880218214,354.33221338787916,361.3847351074219,74839700
2022-07-05 00:00:00-04:00,356.3039839830467,362.08629868127366,353.47917347717,362.06732177734375,81438000
2022-07-06 00:00:00-04:00,362.2094581257224,365.7736442291068,359.8302001680812,363.29010009765625,70426200
2022-07-07 00:00:00-04:00,365.06266665246835,369.52735833895935,363.3090102076316,368.7311096191406,64525900
2022-07-08 00:00:00-04:00,367.100746104859,370.2952588737565,365.57460971282467,368.4278564453125,72397800
2022-07-11 00:00:00-04:00,365.7546185718872,366.72148571389,363.527002730403,364.218994140625,58366900
2022-07-12 00:00:00-04:00,363.66929460188067,366.0485817006183,359.25198645225834,360.99615478515625,62219200
2022-07-13 00:00:00-04:00,355.56452982281553,362.02934629353234,355.14744302288534,359.1002502441406,84224600
2022-07-14 00:00:00-04:00,354.1521699959699,359.3088540915369,351.7160390075151,358.2282409667969,89704800
2022-07-15 00:00:00-04:00,362.6264653889919,365.18585870852,360.7211675364694,365.0721130371094,79060400
2022-07-18 00:00:00-04:00,368.1528525900141,368.82586710212945,360.834915426236,362.0577392578125,63203600
2022-07-19 00:00:00-04:00,365.9726185323084,372.4089977632134,365.3185809223327,371.8402404785156,78506000
2022-07-20 00:00:00-04:00,372.0298195598688,375.6224411378547,370.66481370776324,374.21002197265625,71843800
2022-07-21 00:00:00-04:00,373.63188089355765,378.06813634762244,371.2336461823122,378.020751953125,64903900
2022-07-22 00:00:00-04:00,378.1440056178114,379.3383643459128,372.29533041038957,374.5134582519531,72197300
2022-07-25 00:00:00-04:00,375.1390938870878,375.8215969964553,372.73137056679104,374.9684753417969,53631500
2022-07-26 00:00:00-04:00,373.3285099278068,373.53705331768873,369.6411191276845,370.53216552734375,52946400
2022-07-27 00:00:00-04:00,373.8214115297532,381.8977018374365,373.52755888438156,380.1535339355469,82342100
2022-07-28 00:00:00-04:00,380.95927437369363,385.61353235014826,377.4140367716771,384.92156982421875,73966600
2022-07-29 00:00:00-04:00,386.3529667558723,391.51913892921795,385.58515437514285,390.5332946777344,87003700
2022-08-01 00:00:00-04:00,387.8411758992656,391.8793213752261,387.1302364241008,389.3768005371094,69997500
2022-08-02 00:00:00-04:00,387.81277563609865,391.4907074923848,385.632572613597,386.8079833984375,63435400
2022-08-03 00:00:00-04:00,388.931285023342,394.0310955881913,388.6469207989162,392.86517333984375,67820600
2022-08-04 00:00:00-04:00,392.78929793981433,393.4718009620609,390.9598207163616,392.5997314453125,45656600
2022-08-05 00:00:00-04:00,388.3246175842232,392.5807659148732,388.26774474140564,391.9361877441406,56814900
2022-08-08 00:00:00-04:00,393.6235081493515,395.87007236927724,390.3816112599049,391.481201171875,53886100
2022-08-09 00:00:00-04:00,390.75132095945645,391.2537170647009,388.8554822335221,389.9266357421875,44931800
2022-08-10 00:00:00-04:00,396.96963344138766,398.258818700046,395.01692204612334,398.1166076660156,68665700
2022-08-11 00:00:00-04:00,400.96036549541424,402.8183081055924,397.3772317875,398.1166076660156,59489700
2022-08-12 00:00:00-04:00,400.05042594390983,404.9606415265143,399.1025065374671,404.85638427734375,61694500
2022-08-15 00:00:00-04:00,402.6476112740378,407.04597006301,402.59073843868015,406.52459716796875,54048300
2022-08-16 00:00:00-04:00,405.4535207281274,409.2451978170758,404.64778356108576,407.3209228515625,59289000
2022-08-17 00:00:00-04:00,403.7283584655346,407.13138566830423,402.4297135053033,404.4298095703125,63563400
2022-08-18 00:00:00-04:00,404.6288399076743,406.2876987703884,403.3396834770453,405.605224609375,49023200
2022-08-19 00:00:00-04:00,402.8467811218481,403.1121973862413,399.282595061536,400.1546936035156,68016900
2022-08-22 00:00:00-04:00,395.3297327861423,395.5003802457015,390.9219138235221,391.82244873046875,77695600
2022-08-23 00:00:00-04:00,391.3959168557966,393.78469227238185,390.3247632987665,390.87457275390625,49105200
2022-08-24 00:00:00-04:00,390.64704312287796,393.4908012724624,389.96456893805333,392.1258239746094,49177800
2022-08-25 00:00:00-04:00,393.6140779290685,397.70909704947985,392.5239763063099,397.6617126464844,50942300
2022-08-26 00:00:00-04:00,397.547891912805,398.0881839321778,384.1442990308555,384.201171875,103087000
2022-08-29 00:00:00-04:00,381.25313774516417,384.70354880710715,380.3052184856568,381.6607360839844,65370800
2022-08-30 00:00:00-04:00,382.81725710753153,383.05423695854176,375.3760840001701,377.4709777832031,85652400
2022-08-31 00:00:00-04:00,379.10137171228644,380.3431437236325,374.4660612189248,374.5987548828125,76029700
2022-09-01 00:00:00-04:00,372.4281067917849,376.1154986095749,369.7265304271447,375.7742614746094,78740100
2022-09-02 00:00:00-04:00,379.4331384469464,380.64647400085363,370.0013297859772,371.8118591308594,99632100
2022-09-06 00:00:00-04:00,372.6554995418325,373.5939303427136,368.19080797230174,370.408935546875,76637400
2022-09-07 00:00:00-04:00,370.0961415467539,377.83116684452074,369.87813861226584,377.0633544921875,70964200
2022-09-08 00:00:00-04:00,374.7978759378246,379.98296742981955,373.5939997520912,379.5279846191406,80821700
2022-09-09 00:00:00-04:00,381.76508797403267,386.2866824770413,381.4996716726897,385.424072265625,76706900
2022-09-12 00:00:00-04:00,387.49049096842776,390.2868647682197,387.18714981782034,389.5664367675781,69256300
2022-09-13 00:00:00-04:00,380.90239200547273,382.10626800654813,371.5085373863549,372.6270751953125,122947100
2022-09-14 00:00:00-04:00,373.9257465690702,375.5656574561683,370.75021096587693,374.0489807128906,85023700
2022-09-15 00:00:00-04:00,372.4943947202488,375.3381528851013,368.53209861998994,369.80230712890625,87633800
2022-09-16 00:00:00-04:00,365.6294902775206,367.6378019325583,363.69728184111455,366.9810485839844,103084800
2022-09-19 00:00:00-04:00,363.84014194343365,369.8270263671875,363.763980617156,369.8270263671875,73278500
2022-09-20 00:00:00-04:00,366.5051996914192,367.5141193905518,362.83121456949,365.5819396972656,77274900
2022-09-21 00:00:00-04:00,367.50452437829694,370.55033777024784,359.1952150060502,359.2047424316406,106746600
2022-09-22 00:00:00-04:00,358.4337649769324,360.0708846733697,355.44508694272207,356.1875,89472600
2022-09-23 00:00:00-04:00,352.7229712221048,352.76105188849385,345.7842729569001,350.2197265625,122346900
2022-09-26 00:00:00-04:00,348.7538794551558,352.3707580104209,345.53674617910787,346.75506591796875,92581200
2022-09-27 00:00:00-04:00,350.286209219912,352.55152880366506,343.48075209064723,345.86981201171875,108294100
2022-09-28 00:00:00-04:00,346.821678453464,354.3600222961964,345.1274522170946,352.6753234863281,110802200
2022-09-29 00:00:00-04:00,349.1346285560483,349.42016092257757,342.36725004597866,345.308349609375,112952300
2022-09-30 00:00:00-04:00,344.3660929529762,348.2780613183278,339.8354807045172,339.9687194824219,153711200
2022-10-03 00:00:00-04:00,343.6806581182504,350.79070306991537,341.9007722856018,348.9441833496094,89756500
2022-10-04 00:00:00-04:00,354.4551993806732,359.7853586515844,348.90614168269303,359.7568054199219,103602800
2022-10-05 00:00:00-04:00,355.39758915348943,361.17507392455065,353.07516233117366,358.9192810058594,88065700
2022-10-06 00:00:00-04:00,357.5200770483229,360.47070383972516,354.72174385776447,355.2167053222656,82333500
2022-10-07 00:00:00-04:00,351.19054873616767,355.3023890964065,343.5474892236813,345.308349609375,107789500
2022-10-10 00:00:00-04:00,346.42189898919605,346.659852271921,340.43501530969775,342.6717529296875,76042800
2022-10-11 00:00:00-04:00,340.9775545535183,345.5367479558779,338.56946829764377,340.50164794921875,92482800
2022-10-12 00:00:00-04:00,340.91094386553914,342.4814298234217,339.13102879643657,339.3785095214844,76991800
2022-10-13 00:00:00-04:00,332.3826842498608,349.8008834901985,331.3356839052994,348.3350830078125,147254500
2022-10-14 00:00:00-04:00,350.7907569397952,352.41837848921915,339.7592450066515,340.39697265625,123737000
2022-10-17 00:00:00-04:00,346.46954168027236,350.24824134925336,340.06382821256403,349.1441345214844,93168200
2022-10-18 00:00:00-04:00,357.0536821558411,357.35826934412756,349.81036876588746,353.2464294433594,97162900
2022-10-19 00:00:00-04:00,351.2095737934234,353.9317748856679,347.9353337780581,350.7431945800781,79746900
2022-10-20 00:00:00-04:00,350.2958396474553,354.71226720130164,347.04062545500517,347.8020935058594,88283100
2022-10-21 00:00:00-04:00,347.5260110650035,356.7395553428867,346.0221590756883,356.254150390625,131038400
2022-10-24 00:00:00-04:00,357.77707959447656,361.74612439325887,355.13101099924324,360.61346435546875,85436900
2022-10-25 00:00:00-04:00,360.5373287022716,366.6860338162217,360.4231157662592,366.3719482421875,78846300
2022-10-26 00:00:00-04:00,363.2308833811119,368.903680899248,362.9739043202817,363.6116027832031,104087300
2022-10-27 00:00:00-04:00,364.61105138754175,366.44804370025827,361.0512506396155,361.6699523925781,81971800
2022-10-28 00:00:00-04:00,361.5652384352448,370.7502290607999,361.3843916220893,370.2743225097656,100302000
2022-10-31 00:00:00-04:00,367.81868945232327,369.68423516133385,366.69555686556424,367.5997619628906,96631300
2022-11-01 00:00:00-04:00,371.34039469961164,371.5783479860967,364.8204688405162,365.9911804199219,85407600
2022-11-02 00:00:00-04:00,365.40117926126237,369.90326735660386,356.7016193942576,356.8063049316406,126990400
2022-11-03 00:00:00-04:00,353.5700280593983,356.16848838692556,351.0191758170607,353.1322021484375,87100100
2022-11-04 00:00:00-04:00,358.8335164171756,360.6134021561234,352.17082513091503,358.21484375,103505200
2022-11-07 00:00:00-05:00,359.50933724612685,362.231537963315,357.4343915475703,361.64141845703125,68286900
2022-11-08 00:00:00-05:00,362.745493209243,366.5622732100706,359.5188617569453,363.5926208496094,84641100
2022-11-09 00:00:00-05:00,361.6223724698831,362.77408732506177,355.6069062348671,356.10186767578125,78495500
2022-11-10 00:00:00-05:00,369.351119187772,376.0043135418382,367.0572748219786,375.6711730957031,141455800
2022-11-11 00:00:00-05:00,376.5277606911573,380.10658743180727,374.64316019638335,379.30706787109375,93839900
2022-11-14 00:00:00-05:00,377.5462142284,380.89658611860307,375.8043798668183,376.0804138183594,71903500
2022-11-15 00:00:00-05:00,381.8198514474499,382.9239582221826,375.4807721813481,379.28802490234375,93194500
2022-11-16 00:00:00-05:00,377.6604299906343,378.61224316456577,375.76633106956126,376.39453125,68508500
2022-11-17 00:00:00-05:00,371.6449756187588,375.9186366580597,371.3404174691277,375.2428283691406,74496300
2022-11-18 00:00:00-05:00,378.5741867367159,378.6408206344442,374.1006819611119,376.94659423828125,92922500
2022-11-21 00:00:00-05:00,375.6235663390515,376.7466989172969,373.73896579052973,375.5759582519531,51243200
2022-11-22 00:00:00-05:00,377.5176776993283,380.7919174617573,376.1089836932025,380.6300964355469,60429000
2022-11-23 00:00:00-05:00,380.29692789864373,383.51406095455076,380.06850204043604,383.0286560058594,68261600
2022-11-25 00:00:00-05:00,382.4670560829331,383.4950305265415,382.191051189936,382.9429626464844,30545400
2022-11-28 00:00:00-05:00,379.8590951809206,381.4962149118125,376.0708685003482,376.83233642578125,67881600
2022-11-29 00:00:00-05:00,376.9655537509073,378.1553200852392,374.34806781537714,376.1850891113281,52310000
2022-11-30 00:00:00-05:00,376.4325818837763,388.0351867675781,374.51945716113363,388.0351867675781,144566700
2022-12-01 00:00:00-05:00,389.07263892248426,390.2433795179694,385.24636063389784,387.7496337890625,76398200
2022-12-02 00:00:00-05:00,382.8668240269508,388.20648163885994,382.7621385272809,387.3022766113281,85342700
2022-12-05 00:00:00-05:00,384.48497335823737,385.4177317516839,378.9834939436765,380.3350524902344,77289800
2022-12-06 00:00:00-05:00,380.1732617355015,380.7157732131678,372.76815579992063,374.85260009765625,77972200
2022-12-07 00:00:00-05:00,374.0054742055746,376.5753814167961,373.0822142567911,374.2148742675781,65927900
2022-12-08 00:00:00-05:00,376.09948257287107,378.2124799961138,374.3195674856605,377.1464538574219,60737900
2022-12-09 00:00:00-05:00,375.90911499149865,378.459967446831,374.20536119651905,374.3291015625,81447700
2022-12-12 00:00:00-05:00,375.11908962319546,379.72589111328125,374.45283780553007,379.72589111328125,75405800
2022-12-13 00:00:00-05:00,390.45280046353844,390.70977956297014,379.8400894083029,382.600341796875,123782500
2022-12-14 00:00:00-05:00,382.2577044665144,385.9602719426471,377.2131058725146,380.1542053222656,108111300
2022-12-15 00:00:00-05:00,375.2999627142446,376.20419694431035,369.19886518287717,370.8550109863281,117705900
2022-12-16 00:00:00-05:00,368.302907769073,369.6415593936089,364.34432159505855,366.4765930175781,119858000
2022-12-19 00:00:00-05:00,366.6678648941245,367.0025351167428,361.70526779936387,363.3690185546875,79878100
2022-12-20 00:00:00-05:00,362.61364283927566,365.482194633709,361.2941043449694,363.8662414550781,74427200
2022-12-21 00:00:00-05:00,366.4575070608886,370.4352358837999,365.92204637130624,369.30694580078125,78167400
2022-12-22 00:00:00-05:00,366.2662563964438,369.28780122976565,358.3490543275083,364.0383605957031,100120900
2022-12-23 00:00:00-05:00,363.01521636298173,366.2758070046261,361.4662030943732,366.13238525390625,59857300
2022-12-27 00:00:00-05:00,366.01764723973866,366.3618594408892,363.0152157544233,364.68853759765625,51638200
2022-12-28 00:00:00-05:00,364.6216127041186,366.59137848650926,359.9267751898031,360.15625,70911500
2022-12-29 00:00:00-05:00,362.9961320141737,367.5093216045126,362.4702133125497,366.6391906738281,66970900
2022-12-30 00:00:00-05:00,363.961883087202,365.8168531569802,361.84869548769285,365.6734313964844,84022200
2023-01-03 00:00:00-05:00,367.52838265402187,369.4981190554035,361.2749320892196,364.1339416503906,74850700
2023-01-04 00:00:00-05:00,366.3905873546689,368.9722958919306,363.3499291613042,366.9451904296875,85934100
2023-01-05 00:00:00-05:00,364.9945163658359,365.1092537639918,362.16422021646383,362.7570495605469,76970500
2023-01-06 00:00:00-05:00,365.845539153224,372.1946147969525,362.7857679206914,371.07586669921875,104189600
2023-01-09 00:00:00-05:00,373.2655401902277,376.44964922378716,370.6838609207569,370.8655090332031,73978100
2023-01-10 00:00:00-05:00,370.28219867133123,373.53321794947027,369.3451279864,373.4662780761719,65358100
2023-01-11 00:00:00-05:00,375.04411658841514,378.2664524786612,374.2313542314855,378.18994140625,68881100
2023-01-12 00:00:00-05:00,379.289500125456,381.02973273660194,375.22571833967487,379.5667724609375,90157700
2023-01-13 00:00:00-05:00,376.3731242643396,381.6130228505716,376.10539392375364,381.039306640625,63903900
2023-01-17 00:00:00-05:00,381.0201896884126,382.6935115955875,379.6623956443495,380.3412780761719,62677300
2023-01-18 00:00:00-05:00,381.52697849057256,382.58832869980466,374.1356658339176,374.3364562988281,99632300
2023-01-19 00:00:00-05:00,372.2997830998825,373.94442072442195,370.2918200719056,371.6113586425781,86958900
2023-01-20 00:00:00-05:00,373.0073764154368,378.6871115907864,371.36273880270227,378.53411865234375,91806400
2023-01-23 00:00:00-05:00,379.3372757234957,385.0074392135379,378.3810918291715,383.0759582519531,84178800
2023-01-24 00:00:00-05:00,381.4026252152029,383.57315208650715,380.21696655885887,382.664794921875,59524900
2023-01-25 00:00:00-05:00,378.6010242444025,383.1428977378186,376.31573073269413,382.8082275390625,84800300
2023-01-26 00:00:00-05:00,385.466459007332,387.1780365308271,382.5022827834098,387.0154724121094,72287400
2023-01-27 00:00:00-05:00,385.97318218490153,390.2760095744735,385.762820567528,387.9046630859375,68346200
2023-01-30 00:00:00-05:00,385.1508780562935,387.37880296998725,382.7413050405992,383.0377197265625,74202000
2023-01-31 00:00:00-05:00,383.554027333468,388.7174142189188,383.20978597821664,388.66961669921875,86811800
2023-02-01 00:00:00-05:00,387.45531934075285,395.5446571758706,384.7206470447407,392.8003845214844,101459200
2023-02-02 00:00:00-05:00,396.6824854385565,399.981331954011,394.7892597691829,398.51837158203125,101654500
2023-02-03 00:00:00-05:00,393.555822461936,398.700097748856,393.07773039706126,394.28253173828125,94736800
2023-02-06 00:00:00-05:00,391.834637420615,393.2689133762878,390.2186841761235,391.87286376953125,60295300
2023-02-07 00:00:00-05:00,390.9549267928235,398.24104381969875,389.7118993305467,396.9980163574219,90990700
2023-02-08 00:00:00-05:00,395.0283294198983,396.3669812815154,391.9685287244116,392.656982421875,76227500
2023-02-09 00:00:00-05:00,396.2522033663381,396.4051963035193,388.0290153704697,389.2529296875,78694900
2023-02-10 00:00:00-05:00,388.07678232835883,390.54375312300726,387.26404936045475,390.1612854003906,70769700
2023-02-13 00:00:00-05:00,390.81146193268944,394.8752432701656,390.3524831825662,394.7413635253906,64913500
2023-02-14 00:00:00-05:00,393.2210725630297,396.86413102531327,390.61070909281807,394.55975341796875,88389300
2023-02-15 00:00:00-05:00,392.3700513500147,395.9174852871057,391.52860488743005,395.84100341796875,61555700
2023-02-16 00:00:00-05:00,390.8784407346895,394.8179138959173,390.25692701019995,390.3907775878906,76431500
2023-02-17 00:00:00-05:00,388.26803395095567,389.6545122847336,386.34609496505783,389.41546630859375,89257800
2023-02-21 00:00:00-05:00,385.3994444508215,386.45125247879577,381.34523443071777,381.6033935546875,82655900
2023-02-22 00:00:00-05:00,382.01458672604707,383.55405800104023,379.624126941612,381.0775451660156,83742300
2023-02-23 00:00:00-05:00,383.965204449082,384.577176151522,378.88787027584414,383.1046447753906,96242400
2023-02-24 00:00:00-05:00,378.0942785897589,379.84408241701556,376.39227228887677,379.01220703125,108194400
2023-02-27 00:00:00-05:00,382.3492579579314,383.7070519585176,379.365968807818,380.30303955078125,80444700
2023-02-28 00:00:00-05:00,379.82496053517093,381.78512595829335,378.79226552930106,378.8974609375,96438600
2023-03-01 00:00:00-05:00,378.0847173960627,379.30863174384257,376.1436650512144,377.4440612792969,99706800
2023-03-02 00:00:00-05:00,375.4743487521402,381.22102427631245,375.1396784958807,380.37957763671875,85127800
2023-03-03 00:00:00-05:00,382.1962660076362,386.7285976253681,381.54606794616154,386.47998046875,90120000
2023-03-06 00:00:00-05:00,387.3022850157021,389.59714976739536,386.3078747490803,386.7477111816406,72795900
2023-03-07 00:00:00-05:00,386.6998590400402,386.93890498621045,380.20736297154104,380.8193054199219,108310600
2023-03-08 00:00:00-05:00,380.9340806833584,382.196221130841,379.2129323233864,381.44085693359375,74746600
2023-03-09 00:00:00-05:00,382.2249589763906,383.88873887527785,373.41851305631604,374.40338134765625,111945300
2023-03-10 00:00:00-05:00,373.8583166785041,375.9332484862883,367.48058669730784,369.00091552734375,189253000
2023-03-13 00:00:00-04:00,365.0805650006383,373.2846390345943,363.9713881978472,368.4750061035156,157790000
2023-03-14 00:00:00-04:00,373.38977088173,376.2105247410941,370.09092512623045,374.5658874511719,149752400
2023-03-15 00:00:00-04:00,368.98181836154816,372.4240570496017,366.89731528704147,372.2232666015625,172996900
2023-03-16 00:00:00-04:00,369.87107021323396,379.0982391870772,369.36429390384325,378.7539978027344,143254200
2023-03-17 00:00:00-04:00,377.4256197444262,378.55821591341066,372.94318572096427,374.3253479003906,140553400
2023-03-20 00:00:00-04:00,375.1028314855244,378.3374942216171,374.4021719427654,377.92474365234375,93055800
2023-03-21 00:00:00-04:00,381.28418093617404,383.3670321413763,379.690854100462,382.8871154785156,91524200
2023-03-22 00:00:00-04:00,382.7143506832372,386.3233040523079,376.3218572494295,376.3602294921875,111746600
2023-03-23 00:00:00-04:00,379.2205184817109,383.25182988301947,374.6709182110407,377.3776550292969,119351300
2023-03-24 00:00:00-04:00,376.10105243097433,379.94038538264834,373.7590569871103,379.85400390625,107682400
2023-03-27 00:00:00-04:00,382.1288028794633,382.8966870426311,379.6716321408978,380.56427001953125,74010400
2023-03-28 00:00:00-04:00,379.87320774489075,380.5642888800985,377.8767674052834,379.7100524902344,62871700
2023-03-29 00:00:00-04:00,383.8660280747297,385.46896217088675,382.66623675154574,385.22900390625,77497900
2023-03-30 00:00:00-04:00,387.8589998974814,388.10856590647154,385.62260139743574,387.48468017578125,69840000
2023-03-31 00:00:00-04:00,388.4061147934353,393.24368242982905,388.30051790737826,392.9461364746094,112062600
2023-04-03 00:00:00-04:00,392.42776506097084,394.8465339049245,392.03422997869995,394.44342041015625,67391100
2023-04-04 00:00:00-04:00,395.0864949456508,395.3744624499985,390.88242129149666,392.2550048828125,66601500
2023-04-05 00:00:00-04:00,391.52560384016596,392.28388034677903,389.5771434182015,391.2280578613281,65200200
2023-04-06 00:00:00-04:00,390.4313714897771,393.0325407601975,389.3851567329968,392.7541809082031,63743300
2023-04-10 00:00:00-04:00,390.27775752337686,393.23406013832266,389.66347951634174,393.1572570800781,63681000
2023-04-11 00:00:00-04:00,393.78113545650683,394.66416550169424,392.49496262249465,393.2628173828125,59297900
2023-04-12 00:00:00-04:00,395.3264818376402,395.61444936283374,391.0744279375137,391.659912109375,86420400
2023-04-13 00:00:00-04:00,392.7445509263928,397.21737725795947,391.60234704835096,396.86224365234375,85814800
2023-04-14 00:00:00-04:00,396.2287697684171,398.4171884519207,393.5892282764297,395.892822265625,78161500
2023-04-17 00:00:00-04:00,395.8064093482449,397.3325406110166,394.577824032139,397.3133544921875,66436400
2023-04-18 00:00:00-04:00,398.88753782707477,399.02192855853326,396.20001611580255,397.57257080078125,63560000
2023-04-19 00:00:00-04:00,395.66241754419593,398.4075262603893,395.60482989922565,397.50531005859375,55227300
2023-04-20 00:00:00-04:00,394.6929585087422,397.0829628319808,393.79071305675006,395.3360595703125,75840400
2023-04-21 00:00:00-04:00,395.63361128968654,396.10392013942635,393.6947589557848,395.6432189941406,73457400
2023-04-24 00:00:00-04:00,395.44166194381876,396.4782981802782,394.1075090570705,396.05596923828125,64332100
2023-04-25 00:00:00-04:00,394.088292257947,394.6450119030647,389.7114553215701,389.76904296875,97766700
2023-04-26 00:00:00-04:00,390.3833857943013,391.4583943618871,387.56147365849546,388.1181640625,80447000
2023-04-27 00:00:00-04:00,390.65214704527966,396.11360078097556,390.4025810177756,395.8448486328125,92968400
2023-04-28 00:00:00-04:00,394.9617574024191,399.23302689490464,394.9041697532796,399.2234191894531,89433100
2023-05-01 00:00:00-04:00,398.7819109693187,400.8455465437123,398.58993260769745,398.8203125,62122300
2023-05-02 00:00:00-04:00,398.1099974743272,398.1580067083917,391.43917444922255,394.3378601074219,103998500
2023-05-03 00:00:00-04:00,394.83694265774216,397.2461331896153,391.3911452329056,391.631103515625,91531800
2023-05-04 00:00:00-04:00,390.58489620304397,390.91123595861524,387.52302611509293,388.8572082519531,94901900
2023-05-05 00:00:00-04:00,392.48538864162396,397.1021838881152,392.22624422840113,396.05596923828125,87891800
2023-05-08 00:00:00-04:00,396.3823017131118,396.64144612156804,394.76018132750204,396.1615295410156,50046800
2023-05-09 00:00:00-04:00,394.6162031980649,395.53763480997924,394.1938742734827,394.4242248535156,49220100
2023-05-10 00:00:00-04:00,397.2557473304781,397.8892407221348,392.44697389350114,396.2671203613281,96142900
2023-05-11 00:00:00-04:00,395.4033173680311,395.8640185793233,393.5028369960926,395.5760803222656,70157100
2023-05-12 00:00:00-04:00,396.8142810526254,397.0254455424627,392.63900049417026,395.0577697753906,70481500
2023-05-15 00:00:00-04:00,395.66246936913564,396.82385941720236,393.75241054660967,396.4207458496094,54289400
2023-05-16 00:00:00-04:00,395.3168627044219,396.23832360826236,393.7619377053924,393.77154541015625,57705500
2023-05-17 00:00:00-04:00,395.78721992832476,399.1562144912637,394.14591338269895,398.5515441894531,87287000
2023-05-18 00:00:00-04:00,398.23477512417634,402.8131980774416,398.01403224251106,402.390869140625,97177200
2023-05-19 00:00:00-04:00,403.29314851307697,403.8210450825171,400.5864117249465,401.8053894042969,103793300
2023-05-22 00:00:00-04:00,401.8245672616326,403.50427528786696,400.586374286309,401.9685363769531,60745400
2023-05-23 00:00:00-04:00,400.32722839371974,401.9013689419868,397.0638012887145,397.45733642578125,86383500
2023-05-24 00:00:00-04:00,395.8543837451471,396.2383111304324,393.41639944632345,394.5777893066406,89213700
2023-05-25 00:00:00-04:00,398.0811934806872,399.4441694496832,395.84479511708275,397.99481201171875,90961600
2023-05-26 00:00:00-04:00,398.6475192492727,403.86901432087706,398.5707454798897,403.1491394042969,93830000
2023-05-30 00:00:00-04:00,405.0784624260676,405.606359045202,401.92060254264607,403.3027648925781,72216000
2023-05-31 00:00:00-04:00,401.4790359496369,402.3812815149699,399.50178187032054,401.0663146972656,110811800
2023-06-01 00:00:00-04:00,401.29664281865877,405.93265339027886,400.04887142591303,404.8768310546875,88865000
2023-06-02 00:00:00-04:00,407.44926010636226,411.51894416726753,406.92136347665047,410.7319030761719,91426200
2023-06-05 00:00:00-04:00,411.0773899248413,412.3635629860605,409.2441048720611,409.9447937011719,65460200
2023-06-06 00:00:00-04:00,409.53204325524,411.3652988856477,408.8793344192004,410.83740234375,64022200
2023-06-07 00:00:00-04:00,411.2308771014304,412.36347307815913,408.9944496762186,409.4167785644531,85373300
2023-06-08 00:00:00-04:00,409.4840283285931,412.344341762355,408.71617349799953,411.8932189941406,61952800
2023-06-09 00:00:00-04:00,412.6898813507892,414.63834160760314,411.64366666036057,412.6322937011719,85742800
2023-06-12 00:00:00-04:00,413.61131547404943,416.45241340725585,412.8914406087862,416.3756103515625,76104300
2023-06-13 00:00:00-04:00,417.8346155400201,419.76386044542505,417.1723282571571,419.12078857421875,95899700
2023-06-14 00:00:00-04:00,419.45671780561304,421.4243641568749,416.1740753599218,419.619873046875,100612100
2023-06-15 00:00:00-04:00,418.8040012480244,426.0699454976172,418.7080413628314,424.8221740722656,110303100
2023-06-16 00:00:00-04:00,426.80484934957235,427.3732510116979,422.9030966686289,423.3751525878906,114165800
2023-06-20 00:00:00-04:00,421.4387253030806,422.32503554227975,419.1072877770987,421.1785888671875,76160400
2023-06-21 00:00:00-04:00,420.1959468611093,420.99555478179644,418.4329109170005,419.0205993652344,76982300
2023-06-22 00:00:00-04:00,418.0668439684426,420.6391018260277,417.72964857046975,420.53314208984375,70637200
2023-06-23 00:00:00-04:00,417.08416191308544,419.1362056994903,416.64100677536294,417.3539123535156,92074500
2023-06-26 00:00:00-04:00,416.7854848977608,418.70263864501453,415.4078319979814,415.648681640625,72823600
2023-06-27 00:00:00-04:00,416.52543732038123,420.82218732627064,416.07263875155775,420.20562744140625,72813700
2023-06-28 00:00:00-04:00,419.1265310456325,421.4290677123489,418.509971256602,420.4175109863281,75636000
2023-06-29 00:00:00-04:00,420.00325329466176,422.2383451446893,419.5986423394109,422.0745544433594,67882300
2023-06-30 00:00:00-04:00,425.28264809004037,428.0379537648419,424.9647101118157,427.0552978515625,104964000
2023-07-03 00:00:00-04:00,426.7084788639364,427.8259952574617,426.4290850652605,427.546630859375,32793400
2023-07-05 00:00:00-04:00,425.7354497315169,427.6429894132442,425.7258063379871,426.9107971191406,58418400
2023-07-06 00:00:00-04:00,423.3366343156822,423.991738320798,421.06299828536083,423.5678405761719,80658300
2023-07-07 00:00:00-04:00,422.5755319557256,426.438769743823,422.2575939538954,422.4984436035156,86134200
2023-07-10 00:00:00-04:00,422.1420000351028,423.7412452715391,421.57359837767063,423.5678405761719,62443500
2023-07-11 00:00:00-04:00,424.32887832662993,426.75663194663485,423.3558364397673,426.2652893066406,64463800
2023-07-12 00:00:00-04:00,430.0515200243212,431.1016209821125,428.62567949600117,429.6950378417969,91924500
2023-07-13 00:00:00-04:00,431.5062843686877,433.8955237982183,431.0727725814678,433.10552978515625,72425200
2023-07-14 00:00:00-04:00,433.991813962652,434.83958003816,432.07463074719146,432.8357238769531,69815800
2023-07-17 00:00:00-04:00,432.6911892645716,435.3886934056767,432.6430016974079,434.3385925292969,52680200
2023-07-18 00:00:00-04:00,434.0110663595222,438.2114701147798,433.5775252322227,437.5660095214844,80668200
2023-07-19 00:00:00-04:00,438.3559839057652,439.7239933832524,437.48890168977437,438.5390319824219,65891700
2023-07-20 00:00:00-04:00,437.5467915202886,438.442745236727,434.91670253914305,435.6296081542969,70591600
2023-07-21 00:00:00-04:00,437.34445662901965,437.5467915202886,435.6199941598992,435.6296081542969,71275600
2023-07-24 00:00:00-04:00,436.77604624077406,438.3849349409323,435.7452026173443,437.57568359375,54023400
2023-07-25 00:00:00-04:00,437.305847542833,440.02260889064576,437.2576599788585,438.77020263671875,55191200
2023-07-26 00:00:00-04:00,437.83576473919794,440.263518637083,436.7856637889011,438.83770751953125,71052900
2023-07-27 00:00:00-04:00,442.2192452897237,442.62388566589414,435.0226560753175,435.9282531738281,92194400
2023-07-28 00:00:00-04:00,439.1941631701477,441.0246146496096,435.92822776892785,440.19610595703125,80011800
2023-07-31 00:00:00-04:00,440.6681750532694,441.39072403261815,439.35793761574195,441.0342712402344,62040400
2023-08-01 00:00:00-04:00,439.56991241987384,440.51405372612544,438.81846261305157,439.7722473144531,55291500
2023-08-02 00:00:00-04:00,436.6604623365917,436.92056940230765,432.903213273274,433.6546630859375,93933400
2023-08-03 00:00:00-04:00,431.6410971149184,434.29044314301314,430.995607146359,432.41180419921875,64276100
2023-08-04 00:00:00-04:00,434.2230384704291,436.3232404604835,429.9359027397443,430.4561462402344,100128900
2023-08-07 00:00:00-04:00,432.28661207007076,434.36755674020003,431.5929638466943,434.2134094238281,58357500
2023-08-08 00:00:00-04:00,431.67967473239247,434.20380401220746,428.9725267488997,432.3251647949219,71361300
2023-08-09 00:00:00-04:00,432.59482134894097,432.7586120279548,428.6737824515494,429.43487548828125,78789600
2023-08-10 00:00:00-04:00,431.7855671339231,435.1671052071516,428.42331584667255,429.5890197753906,93005500
2023-08-11 00:00:00-04:00,427.72008989099777,430.3501787286785,427.1227874459535,429.3385925292969,68690900
2023-08-14 00:00:00-04:00,428.4233935882657,431.70855712890625,428.11509896255956,431.70855712890625,47867400
2023-08-15 00:00:00-04:00,429.9358583347008,430.29234049304716,426.1111649328765,426.6795959472656,75707500
2023-08-16 00:00:00-04:00,426.26534575201464,427.9223925566891,423.44259484772283,423.548583984375,80107200
2023-08-17 00:00:00-04:00,425.01291328665195,425.273020314269,419.8009235363625,420.3211669921875,95711300
2023-08-18 00:00:00-04:00,417.5080561439708,421.5543421169173,417.1612467523088,420.52349853515625,98852000
2023-08-21 00:00:00-04:00,421.5350602162778,424.00135836533855,419.3867000805202,423.2595520019531,68719000
2023-08-22 00:00:00-04:00,425.0321333206804,425.0321333206804,421.5542789285874,422.113037109375,64994200
2023-08-23 00:00:00-04:00,423.1728380844883,427.43107286328376,423.0283341735705,426.8144836425781,68441000
2023-08-24 00:00:00-04:00,428.41372832126285,428.9243284062607,420.8703007742917,420.89923095703125,88517300
2023-08-25 00:00:00-04:00,422.62366273446645,425.14776219480035,419.07836317797603,423.866455078125,102325100
2023-08-28 00:00:00-04:00,426.05336574379237,427.1709115909124,423.8664616174519,426.5543518066406,61595400
2023-08-29 00:00:00-04:00,426.44835885508,432.9994865828607,426.26531078000176,432.7200927734375,83081900
2023-08-30 00:00:00-04:00,433.057282576268,435.13822692888783,432.35399106524045,434.50238037109375,69053900
2023-08-31 00:00:00-04:00,435.1190142078131,436.255817610441,433.6835595621321,433.8666076660156,66084600
2023-09-01 00:00:00-04:00,436.5833209067049,437.06502016743536,433.2210400744053,434.67578125,58944100
2023-09-05 00:00:00-04:00,434.23266409054196,434.55057269413254,432.72976461783867,432.79718017578125,55166200
2023-09-06 00:00:00-04:00,431.9878663952489,432.0938555148443,427.56587096314115,429.8876647949219,70758500
2023-09-07 00:00:00-04:00,426.89156794336543,429.24226303585164,426.5447585365695,428.5679016113281,70355400
2023-09-08 00:00:00-04:00,428.61604594030854,430.74514868706615,428.25959315019446,429.2133483886719,61659700
2023-09-11 00:00:00-04:00,431.8337979292306,432.3443980335229,430.1285929169173,432.0361328125,60180100
2023-09-12 00:00:00-04:00,430.59105211482444,432.11320909412444,429.08815252492514,429.6661682128906,67565400
2023-09-13 00:00:00-04:00,429.88768993651144,431.32314432701645,428.78940150844926,430.1670837402344,60199300
2023-09-14 00:00:00-04:00,432.6334271290332,434.5698383708397,431.332833106535,433.8761901855469,83430800
2023-09-15 00:00:00-04:00,432.29352436707654,432.62223173023705,428.2136407942197,428.648681640625,111848900
2023-09-18 00:00:00-04:00,428.3393267614431,430.1955896700722,427.86560575276553,428.90008544921875,55752200
2023-09-19 00:00:00-04:00,427.981617392204,428.57137880593234,425.3326034960519,428.0106201171875,66514600
2023-09-20 00:00:00-04:00,429.2675002876334,429.6832158729015,423.8727570723084,424.0758056640625,82562600
2023-09-21 00:00:00-04:00,421.2333589486901,421.4943834516094,416.91177626347593,417.06646728515625,104095800
2023-09-22 00:00:00-04:00,418.091288955446,419.6864977783781,415.71294757869936,416.1286926269531,100829700
2023-09-25 00:00:00-04:00,414.92023546020613,417.91728222441265,414.4851650567311,417.8786315917969,70874500
2023-09-26 00:00:00-04:00,414.84285049792544,415.54862280920696,410.90798029741677,411.73944091796875,96168400
2023-09-27 00:00:00-04:00,412.90931622583537,413.47007499335564,408.268702550775,411.9038391113281,104705800
2023-09-28 00:00:00-04:00,411.35270706101295,415.964317107926,410.762945679416,414.291748046875,92258300
2023-09-29 00:00:00-04:00,417.3371969608053,417.5112133076614,411.7684378270295,413.28631591796875,115111300
2023-10-02 00:00:00-04:00,412.454856073705,414.3691244055631,410.36657139466814,413.1219482421875,83798600
2023-10-03 00:00:00-04:00,410.9466132055397,413.17991127797546,406.22864047101564,407.5918273925781,103760600
2023-10-04 00:00:00-04:00,408.0559666596498,411.3043900178651,406.59609392791054,410.5599670410156,87453000
2023-10-05 00:00:00-04:00,410.2699382204488,411.2464125781848,407.1858831038249,410.4053039550781,70142700
2023-10-06 00:00:00-04:00,407.9592344326086,416.8150963910029,406.63472757769614,415.27789306640625,113273300
2023-10-09 00:00:00-04:00,413.3830108074734,418.5070521455923,412.8319589906931,417.9366455078125,80374400
2023-10-10 00:00:00-04:00,418.5649967058061,422.70288570856627,418.1686064888882,420.11187744140625,78607300
2023-10-11 00:00:00-04:00,421.17537943505704,422.08414129890025,418.79703802262225,421.8327941894531,62451700
2023-10-12 00:00:00-04:00,422.4419089154139,422.8189443567332,416.91182957643576,419.2611389160156,81154200
2023-10-13 00:00:00-04:00,420.75965970754623,421.95850789546967,415.60664534568787,417.1728515625,95143100
2023-10-16 00:00:00-04:00,419.4158131019472,422.6255856986061,419.1741138914331,421.5621032714844,75433200
2023-10-17 00:00:00-04:00,418.43937576892034,423.5924199141401,418.0913430371363,421.54278564453125,75324700
2023-10-18 00:00:00-04:00,419.77352121429993,420.73064064200355,414.8428514424272,415.9256591796875,93559800
2023-10-19 00:00:00-04:00,416.64111990263626,418.4490253157197,411.59443909771255,412.27117919921875,121323000
2023-10-20 00:00:00-04:00,411.8361348739324,412.3775387523352,407.09880668145956,407.2051696777344,123919900
2023-10-23 00:00:00-04:00,405.6776368923659,410.3569598965053,403.92773684712256,406.4994201660156,92035100
2023-10-24 00:00:00-04:00,408.61664598235126,410.71460793995783,406.77006062450005,409.5641174316406,78564200
2023-10-25 00:00:00-04:00,407.8819596802007,407.9109624071266,403.17363397769196,403.68603515625,94223200
2023-10-26 00:00:00-04:00,402.6225515026816,403.47330792914914,397.9335809780985,398.8520202636719,115156800
2023-10-27 00:00:00-04:00,400.43756406837696,400.83395429205797,395.6229054415524,397.0440979003906,107367700
2023-10-30 00:00:00-04:00,399.8284803456642,402.8448816266276,398.5329761803426,401.79107666015625,86562700
2023-10-31 00:00:00-04:00,402.361504611754,404.63348310254605,400.45691364342605,404.314453125,79665200
2023-11-01 00:00:00-04:00,405.28123407598383,409.43844855236455,404.74947812853236,408.6263427734375,98068100
2023-11-02 00:00:00-04:00,412.41619465013827,416.61211901779166,412.39686933434086,416.4574279785156,94938900
2023-11-03 00:00:00-04:00,418.75840416588386,421.80380835994043,418.63271585397734,420.2569274902344,100167800
2023-11-06 00:00:00-05:00,421.01102787683624,421.66844265759465,419.28045324415575,421.2237243652344,67831700
2023-11-07 00:00:00-05:00,421.22369728667144,423.0606052933152,420.0828841514639,422.4225158691406,64256100
2023-11-08 00:00:00-05:00,423.0219303160148,423.544008852029,420.4309219590949,422.7319030761719,61746000
2023-11-09 00:00:00-05:00,423.87268255419826,423.91136268453704,419.0096961904857,419.4350891113281,83174400
2023-11-10 00:00:00-05:00,421.5040718428815,426.2896982135309,419.4254351571336,425.9803161621094,89462200
2023-11-13 00:00:00-05:00,424.64616313137293,426.6764127794683,423.86306009469695,425.57427978515625,52236100
2023-11-14 00:00:00-05:00,431.50076562505876,435.1165763059157,431.2783917339626,433.83074951171875,97176900
2023-11-15 00:00:00-05:00,435.16489156652574,436.39274237985995,433.8983901244557,434.7491760253906,77327600
2023-11-16 00:00:00-05:00,434.30447059030485,435.59997479434537,433.24098818272,435.28094482421875,66665800
2023-11-17 00:00:00-05:00,435.2906012114316,436.43144390959674,434.37216191303287,435.8223571777344,83133200
2023-11-20 00:00:00-05:00,435.5709613361329,440.01823251915994,435.56128392675316,439.1771240234375,69936200
2023-11-21 00:00:00-05:00,438.13293202095787,439.05140070988807,436.9534388382608,438.2199401855469,49244600
2023-11-22 00:00:00-05:00,439.8732756356209,441.2267854299995,438.8194705277012,439.91192626953125,59394900
2023-11-24 00:00:00-05:00,439.96030328520334,440.3760189003886,439.6315958566172,440.1826477050781,29737400
2023-11-27 00:00:00-05:00,439.55417048077294,440.36627627306393,439.00308920962266,439.38983154296875,50506000
2023-11-28 00:00:00-05:00,439.0030764411284,441.1203637861366,438.44234728096177,439.8248596191406,62115000
2023-11-29 00:00:00-05:00,441.97114450802434,443.10230972873876,439.1191116939092,439.5154724121094,63146000
2023-11-30 00:00:00-05:00,440.35662667945024,441.59412543023933,438.28766732031204,441.2460632324219,79752700
2023-12-01 00:00:00-05:00,440.6369952391435,444.3881717849613,440.0472633152973,443.8564453125,89183400
2023-12-04 00:00:00-05:00,440.47265370720123,443.8757680204174,439.25448022667734,441.5264587402344,72430900
2023-12-05 00:00:00-05:00,440.14397929835064,442.3966031608258,439.76691433401015,441.4394836425781,69793500
2023-12-06 00:00:00-05:00,443.57609928018036,443.60510200805135,439.2255130737281,439.66058349609375,69124700
2023-12-07 00:00:00-05:00,441.73911050428126,443.6630266124851,441.13970123464765,443.0152893066406,66995400
2023-12-08 00:00:00-05:00,442.27087844484373,445.451648340426,442.02917923250493,444.919921875,83194400
2023-12-11 00:00:00-05:00,444.4268611503367,446.8245280398024,444.21416465607524,446.6504821777344,65002200
2023-12-12 00:00:00-05:00,446.3024402574832,448.7871152745883,445.30664066950123,448.6904296875,68327600
2023-12-13 00:00:00-05:00,449.0674107718607,455.12924524748996,448.70970069679584,454.87786865234375,93278000
2023-12-14 00:00:00-05:00,456.81145899765846,458.0006296077065,453.6693695971455,456.3377380371094,119026000
2023-12-15 00:00:00-05:00,455.7417745258769,456.91636306344805,453.74210049149804,455.5864562988281,141553700
2023-12-18 00:00:00-05:00,457.1881393985243,459.12957270241793,456.13006180277284,458.1491394042969,70375300
2023-12-19 00:00:00-05:00,458.69273602664884,461.0127630324847,458.61509172941334,460.9350891113281,55761800
2023-12-20 00:00:00-05:00,460.0808576886502,461.96405036999886,454.1206728290634,454.54779052734375,102921000
2023-12-21 00:00:00-05:00,457.5278509164755,459.1295570366737,455.1107760152546,458.8577575683594,86667500
2023-12-22 00:00:00-05:00,459.98374941589714,461.45925759296136,457.8870276491879,459.7799072265625,67160400
2023-12-26 00:00:00-05:00,460.1876248035588,462.62410332069675,460.1099508863103,461.7213439941406,55387000
2023-12-27 00:00:00-05:00,461.51747852635486,462.7017539013479,460.98359627385656,462.55615234375,68000300
2023-12-28 00:00:00-05:00,462.91536504878167,463.5657286208665,462.3135254600746,462.7309265136719,77158100
2023-12-29 00:00:00-05:00,462.53673484415077,463.060930093317,459.44014657654174,461.39129638671875,122283100
2024-01-02 00:00:00-05:00,458.33359292378987,459.79938459581,456.7124830275094,458.8092346191406,123623700
2024-01-03 00:00:00-05:00,456.6542157231931,457.3919698393569,454.4604162904711,455.062255859375,103585900
2024-01-04 00:00:00-05:00,454.5866169474703,457.1687269140432,453.3732210773095,453.59649658203125,84232200
2024-01-05 00:00:00-05:00,453.80025127175645,456.6638768226145,452.7712941422228,454.2176818847656,86118900
2024-01-08 00:00:00-05:00,454.71275316529835,460.8476889622242,454.5865552720958,460.70208740234375,74879100
2024-01-09 00:00:00-05:00,458.05205442710235,461.02244496424106,457.54729244084217,460.0032043457031,65931400
2024-01-10 00:00:00-05:00,460.27499186871785,463.4686578138975,459.9934757568045,462.6047058105469,67310600
2024-01-11 00:00:00-05:00,463.6045886611641,464.11906733105025,458.43068164604205,462.4009094238281,77940700
2024-01-12 00:00:00-05:00,463.847256832393,464.5850109920546,461.31370050606375,462.7212219238281,58026400
2024-01-16 00:00:00-05:00,461.34278348918724,462.6532272077025,459.2071951071508,461.0224304199219,85014900
2024-01-17 00:00:00-05:00,458.0035093314712,458.9451056102245,456.11060012839494,458.4597473144531,68843900
2024-01-18 00:00:00-05:00,460.12935459709723,463.09002818161,458.58591886010277,462.5367126464844,91856200
2024-01-19 00:00:00-05:00,463.6628015298727,468.58434205067863,462.5853202688259,468.3028259277344,110834500
2024-01-22 00:00:00-05:00,469.83656769535,471.0111265282756,468.6425755704272,469.29296875,75844900
2024-01-23 00:00:00-05:00,469.83653570981716,470.90430023582877,468.7493378931313,470.66162109375,49945300
2024-01-24 00:00:00-05:00,473.525295727068,474.45717543420074,470.68110299788805,471.1761779785156,81765000
2024-01-25 00:00:00-05:00,473.3019352592457,474.0105689646991,471.17609339071845,473.73876953125,72525000
2024-01-26 00:00:00-05:00,473.311776348533,474.79697179035713,472.292535611096,473.1370544433594,76641600
2024-01-29 00:00:00-05:00,473.4475958586122,477.029542315143,472.9039969579279,476.8839111328125,61322800
2024-01-30 00:00:00-05:00,476.1947226231299,477.2236798269538,475.7578883130134,476.51507568359375,58618400
2024-01-31 00:00:00-05:00,474.3115894395865,474.7581108271003,468.72025176527393,468.73968505859375,126011100
2024-02-01 00:00:00-05:00,470.43836054795435,474.90366254751126,469.63264923202524,474.8745422363281,91891600
2024-02-02 00:00:00-05:00,475.31136898916844,481.523949196212,474.97161226030033,479.8737487792969,99228200
2024-02-05 00:00:00-05:00,479.2428126687566,479.90289286822576,475.87442477356564,478.12646484375,75757100
2024-02-06 00:00:00-05:00,479.06803644581043,479.84462748505155,477.64108188661896,479.51458740234375,55918600
2024-02-07 00:00:00-05:00,481.756982255993,483.93137810723994,480.854193242822,483.51397705078125,70556500
2024-02-08 00:00:00-05:00,483.513949705615,484.1060726186496,482.69855130751233,483.7275085449219,52343600
2024-02-09 00:00:00-05:00,484.23219555563895,486.9599064394755,483.8924388697127,486.5231018066406,63979400
2024-02-12 00:00:00-05:00,486.49406987855394,488.75582660767503,485.59128089218916,486.30963134765625,56502300
2024-02-13 00:00:00-05:00,480.04849815534635,482.53353038052535,476.3500701317823,479.6116638183594,113099200
2024-02-14 00:00:00-05:00,482.2423099561509,484.4555426281319,479.9222830533005,483.9701843261719,68387800
2024-02-15 00:00:00-05:00,484.66912826614583,487.49391729462275,484.1934569596569,487.3094787597656,61683000
2024-02-16 00:00:00-05:00,487.00856229426716,488.1442842020213,484.144936285217,484.8826904296875,75532900
2024-02-20 00:00:00-05:00,483.1450448811934,483.814841673976,479.9708124113375,482.2131652832031,71736700
2024-02-21 00:00:00-05:00,480.9124629140013,482.8053426352379,479.1069145137689,482.6500244140625,59293400
2024-02-22 00:00:00-05:00,489.25088043870596,493.5996718242251,488.2898508655614,492.638671875,76402500
2024-02-23 00:00:00-05:00,494.3568250348437,495.1916567031526,492.25038663284334,492.9784240722656,61321800
2024-02-26 00:00:00-05:00,493.4152350521733,493.8520693709636,491.0466841824756,491.1728820800781,50386700
2024-02-27 00:00:00-05:00,491.86211180789684,492.30863314805396,489.9692025931845,492.0853576660156,48854500
2024-02-28 00:00:00-05:00,490.53220860244136,492.0174038220213,490.17304819868775,491.43499755859375,56506600
2024-02-29 00:00:00-05:00,493.1920036518268,494.8130838290683,490.5516532421677,493.2016906738281,83924800
2024-03-01 00:00:00-05:00,494.07533144522296,498.2590878764062,493.6676174504883,497.83197021484375,76844800
2024-03-04 00:00:00-05:00,497.03604251314806,499.1424809176813,497.00689257657365,497.298095703125,49799300
2024-03-05 00:00:00-05:00,495.2984545471132,495.745005535815,490.1245478315941,492.32806396484375,72855600
2024-03-06 00:00:00-05:00,495.59937641592427,497.07488469099843,493.53177482463775,494.82281494140625,68382400
2024-03-07 00:00:00-05:00,498.1135389799133,500.7830096761973,494.8810360564722,499.734619140625,58652100
2024-03-08 00:00:00-05:00,500.3656691875528,503.0447976060077,496.1624491386697,496.73516845703125,86532500
2024-03-11 00:00:00-04:00,495.53151337539987,496.8905109449635,493.60948348306516,496.3080749511719,62557200
2024-03-12 00:00:00-04:00,498.41443934118087,502.2293483869414,495.9002573325016,501.6469421386719,73114400
2024-03-13 00:00:00-04:00,501.9672573875113,502.14197926945354,499.4239845817287,500.8606262207031,55104100
2024-03-14 00:00:00-04:00,501.831351753217,501.9866995940405,496.8321966177629,499.87054443359375,110171800
2024-03-15 00:00:00-04:00,496.80813351794416,498.2590153922283,494.7730358188075,496.4381103515625,107646300
2024-03-18 00:00:00-04:00,500.4985887866016,501.93969410963876,498.97956820958467,499.3885192871094,88893300
2024-03-19 00:00:00-04:00,498.6971800566581,502.44602683293346,497.69420694088996,502.1636657714844,60755300
2024-03-20 00:00:00-04:00,502.22210687375775,506.9446864437559,501.5502289693654,506.808349609375,69594600
2024-03-21 00:00:00-04:00,509.64192900671355,510.34298796408666,508.2007643189091,508.4831848144531,60256100
2024-03-22 00:00:00-04:00,508.3955803879005,508.8824467519345,507.28551081424,507.5192565917969,79070800
2024-03-25 00:00:00-04:00,506.1462159868013,507.2660322991133,505.96120440733904,506.1170349121094,48512100
2024-03-26 00:00:00-04:00,507.53872874874105,507.87957088818524,504.78310771343683,505.18231201171875,65463700
2024-03-27 00:00:00-04:00,508.00612262936903,509.46672172053235,505.8444050698442,509.427734375,82999800
2024-03-28 00:00:00-04:00,509.46668962011773,510.8298796934876,509.04799170553036,509.3303527832031,96294900
2024-04-01 00:00:00-04:00,510.07042079723595,510.60596189996124,507.28550008559404,508.4442443847656,62477500
2024-04-02 00:00:00-04:00,504.62721155274875,505.3477642225264,502.9134325371014,505.21148681640625,74230300
2024-04-03 00:00:00-04:00,504.12083842082313,507.2660352902269,504.0721636747669,505.7664489746094,59155800
2024-04-04 00:00:00-04:00,509.76853565111946,510.1093183056524,499.2911628340767,499.593017578125,96858100
2024-04-05 00:00:00-04:00,500.94653513579135,506.7694375345306,500.5083435441168,504.8122253417969,74546500
2024-04-08 00:00:00-04:00,505.5133924018632,506.51630625250846,504.2864795999242,505.0946350097656,48401800
2024-04-09 00:00:00-04:00,506.82786095826793,507.071294128757,500.839381191466,505.6788635253906,68049200
2024-04-10 00:00:00-04:00,499.9922143304957,502.60181066009386,498.6387711363,500.61541748046875,82652800
2024-04-11 00:00:00-04:00,502.13451800051297,505.83469071601695,498.6291037293899,504.3935852050781,70099000
2024-04-12 00:00:00-04:00,500.85886371567153,502.2707879594682,495.70780962230026,497.43133544921875,92561100
2024-04-15 00:00:00-04:00,501.59888962975333,501.7644075343254,490.3522600316743,491.1994323730469,92101400
2024-04-16 00:00:00-04:00,491.676555438244,493.19557596027215,489.018254666714,490.3035888671875,73484000
2024-04-17 00:00:00-04:00,492.7574157801548,492.9229634124424,486.00945537176443,487.4018859863281,75910300
2024-04-18 00:00:00-04:00,488.794360179131,490.8878795783521,485.46418121059236,486.3989562988281,74548100
2024-04-19 00:00:00-04:00,486.3210783246666,487.31427501412566,480.8876330360681,482.15350341796875,102212600
2024-04-22 00:00:00-04:00,484.7532895605779,489.18379074188493,482.41633725230787,486.5936584472656,67961000
2024-04-23 00:00:00-04:00,488.5995792337359,492.7963646750655,486.4086807205422,492.367919921875,64633600
2024-04-24 00:00:00-04:00,493.2539723124738,494.04269332334195,489.9140767019127,492.1341857910156,55928100
2024-04-25 00:00:00-04:00,486.0678932982719,491.0241892900092,484.4222826199273,490.2646789550781,69122400
2024-04-26 00:00:00-04:00,493.0495298783495,496.4868049205615,492.4166096033967,494.90936279296875,64306100
2024-04-29 00:00:00-04:00,496.69125912925006,497.33392621215023,493.92586210692747,496.66204833984375,46415400
2024-04-30 00:00:00-04:00,495.20149000874,496.1752226900087,488.7943420410156,488.7943420410156,77483600
2024-05-01 00:00:00-04:00,488.2100967940072,494.841213980312,486.7397509352648,487.2071533203125,80242800
2024-05-02 00:00:00-04:00,490.9073925950591,492.60170789951985,486.42821570417954,491.7642822265625,62550200
2024-05-03 00:00:00-04:00,497.7332732597334,499.08674643109885,495.2015619773038,497.85986328125,72756700
2024-05-06 00:00:00-04:00,500.25513498697876,503.039996024656,499.81694342031363,503.0010681152344,47264700
2024-05-07 00:00:00-04:00,503.96507290224616,504.9485523975052,502.8842439138016,503.5561218261719,52561300
2024-05-08 00:00:00-04:00,501.72543965182825,504.14027734043043,501.6085965012132,503.604736328125,42047200
2024-05-09 00:00:00-04:00,503.7898378767789,506.5455181068331,503.1374535973279,506.50653076171875,43643700
2024-05-10 00:00:00-04:00,508.103397108136,508.91161179352076,505.941739299708,507.1589050292969,52233200
2024-05-13 00:00:00-04:00,508.8337334335511,508.94082976185797,506.0878002167031,507.22705078125,36716400
2024-05-14 00:00:00-04:00,507.4217834719146,510.07036706182174,506.88624242560803,509.55426025390625,57535900
2024-05-15 00:00:00-04:00,512.0178797101214,516.1562436643347,511.38492968552964,515.8641357421875,59504900
2024-05-16 00:00:00-04:00,515.9614786446474,517.558414507879,514.6566506998298,514.802734375,50244800
2024-05-17 00:00:00-04:00,514.9195824580145,515.6109540647997,513.4687302561026,515.5427856445312,59187600
2024-05-20 00:00:00-04:00,515.6595382886503,517.5972564963745,515.2700215074756,516.1366577148438,37764200
2024-05-21 00:00:00-04:00,515.3772058901883,517.5583573493641,515.1727006539206,517.4025268554688,33437000
2024-05-22 00:00:00-04:00,516.7112486575287,517.4220544657823,513.741316563043,515.9127807617188,48390000
2024-05-23 00:00:00-04:00,518.9606609347318,519.0677572803991,510.9370526401655,512.14453125,57211200
2024-05-24 00:00:00-04:00,513.9846980938406,516.3411736344989,513.0402060562079,515.532958984375,41291100
2024-05-28 00:00:00-04:00,516.3412489766735,516.5749353115505,513.2642204156563,515.893310546875,36269600
2024-05-29 00:00:00-04:00,511.871810616093,513.4589997088932,511.56995584928654,512.28076171875,45190300
2024-05-30 00:00:00-04:00,510.7423397089747,511.40447087133504,507.6361297457073,508.8824768066406,46377600
2024-05-31 00:00:00-04:00,509.8367164200918,513.6439850215788,504.7440541264526,513.5173950195312,90785800
2024-06-03 00:00:00-04:00,515.1240197883811,515.4063808363203,508.8726139393969,513.93603515625,46835700
2024-06-04 00:00:00-04:00,512.6312623824123,515.250605333056,511.17066354967966,514.5105590820312,34632700
2024-06-05 00:00:00-04:00,516.8281493311971,520.6451650598835,514.84169649016,520.6256713867188,47610400
2024-06-06 00:00:00-04:00,520.9275073614583,521.3559521321091,518.6879340097541,520.6159057617188,30808500
2024-06-07 00:00:00-04:00,519.6421291117942,522.787325920015,518.5515533208824,519.9829711914062,43224500
2024-06-10 00:00:00-04:00,519.1747616812378,521.9109480214009,518.5807990347079,521.589599609375,35686100
2024-06-11 00:00:00-04:00,520.0414700499772,522.9042467845098,518.0745108271142,522.8458251953125,36383400
2024-06-12 00:00:00-04:00,527.4028194115604,529.8274041983666,526.1077383475028,527.139892578125,63251300
2024-06-13 00:00:00-04:00,528.8830409223657,529.0583057100524,525.4165542247054,528.201416015625,44760900
2024-06-14 00:00:00-04:00,526.6725890295746,528.551886156822,525.6696157422205,528.522705078125,40089900
2024-06-17 00:00:00-04:00,527.8410283318889,534.1216160104203,527.3833430672393,532.7291259765625,55839500
2024-06-18 00:00:00-04:00,532.7874995764366,534.2091705580833,532.3688016931667,534.0825805664062,41376400
2024-06-20 00:00:00-04:00,535.0076850141029,535.669816103357,530.8595742964317,532.6317749023438,70328200
2024-06-21 00:00:00-04:00,531.810221745453,533.0313142277637,530.4621308750893,531.9176635742188,64338600
2024-06-24 00:00:00-04:00,531.7419157804823,534.3013212499749,530.0714395414016,530.1886596679688,45528700
2024-06-25 00:00:00-04:00,531.4097461795637,532.5917853363576,529.8956032092343,532.2303466796875,37936200
2024-06-26 00:00:00-04:00,531.1167351250136,533.6077524053179,530.4720243887124,532.8946533203125,38550600
2024-06-27 00:00:00-04:00,532.7578670304722,534.311123211826,532.0154331135317,533.7347412109375,35041500
2024-06-28 00:00:00-04:00,534.5063503169283,537.5542520433446,530.3937489459842,531.6343383789062,76144500
2024-07-01 00:00:00-04:00,533.0117876323043,533.2560061424955,529.9737236752046,532.728515625,40297800
2024-07-02 00:00:00-04:00,531.1264605772033,536.3136596679688,531.0776287968915,536.3136596679688,40434800
2024-07-03 00:00:00-04:00,536.0010100914286,539.068408833479,535.9619565950238,538.7069702148438,32789900
2024-07-05 00:00:00-04:00,539.0097918869257,542.2139076372644,538.3747999305978,541.8134155273438,41488400
2024-07-08 00:00:00-04:00,542.5948722312855,543.3861377502993,541.3737797869028,542.4385986328125,36110500
2024-07-09 00:00:00-04:00,543.3959524424528,544.2946598471173,542.6730752067231,542.9661254882812,27289700
2024-07-10 00:00:00-04:00,544.1872742397521,548.6808713510104,543.8942239279161,548.3389892578125,38701200
2024-07-11 00:00:00-04:00,548.4561564855596,549.3255886798729,542.9759074999535,543.61083984375,53054200
2024-07-12 00:00:00-04:00,544.7342036963953,550.6345006536228,544.2653232987394,547.0396118164062,53084400
2024-07-15 00:00:00-04:00,549.0324432768749,551.7774564341378,546.6879221671659,548.5440063476562,40584300
2024-07-16 00:00:00-04:00,549.8530882979716,552.090108393895,549.1008762046278,551.7970581054688,36475300
2024-07-17 00:00:00-04:00,545.8771519032762,547.5476278240299,543.7377955656038,544.0601806640625,57119000
2024-07-18 00:00:00-04:00,545.5939606590898,546.5806130354061,537.7008012722223,539.8792114257812,56270400
2024-07-19 00:00:00-04:00,539.6447995873152,541.2664440605769,535.2390876445896,536.2941284179688,65509100
2024-07-22 00:00:00-04:00,540.2113152231016,542.4288382548532,538.2771238069361,541.8231811523438,43346700
2024-07-23 00:00:00-04:00,541.7157629327536,543.8648979607326,540.4849516029554,540.973388671875,34439600
2024-07-24 00:00:00-04:00,536.1670544374522,536.4698829953903,527.7952370228695,528.7135009765625,74515300
2024-07-25 00:00:00-04:00,528.8307523766035,534.7994982405838,525.0209792890996,525.958740234375,61158300
2024-07-26 00:00:00-04:00,529.7392217162956,534.5356464631268,528.9674531548811,531.8492431640625,53763800
2024-07-29 00:00:00-04:00,533.3927971337158,534.3989464184045,530.1690650137424,532.1619262695312,39515800
2024-07-30 00:00:00-04:00,533.6271294303981,534.6821699039564,526.066135221137,529.4656372070312,46853600
2024-07-31 00:00:00-04:00,536.2843251839307,540.6998152024645,534.9167372159726,538.072021484375,65663400
2024-08-01 00:00:00-04:00,539.7913062018092,542.0381046138815,526.9551667505608,530.452392578125,76428700
2024-08-02 00:00:00-04:00,523.3602388903765,524.5715530952934,516.3755660291246,520.576171875,82789100
2024-08-05 00:00:00-04:00,499.80785259777787,511.4717311244644,498.4695101090915,505.41510009765625,146267400
2024-08-06 00:00:00-04:00,507.2124748611044,517.4989864003181,505.8937188490462,510.07476806640625,84826300
2024-08-07 00:00:00-04:00,516.248598311969,519.2965001883216,506.06958745039486,506.66546630859375,70698300
2024-08-08 00:00:00-04:00,511.79405372836936,519.0033889369354,509.77197692780607,518.3782348632812,63276600
2024-08-09 00:00:00-04:00,517.5576103421191,522.1489300560904,516.3365178449808,520.6640625,45619600
2024-08-12 00:00:00-04:00,521.8559471668351,523.3407552909962,518.6713279832952,520.9376831054688,42542100
2024-08-13 00:00:00-04:00,524.1221746789957,529.7391995235392,523.8779562074939,529.5046997070312,52333100
2024-08-14 00:00:00-04:00,530.2960214933445,532.3572709257232,527.6291745808618,531.1752319335938,42446900
2024-08-15 00:00:00-04:00,536.7922766972661,540.5629961238054,536.1866195717042,540.2797241210938,60846800
2024-08-16 00:00:00-04:00,538.6679083622046,542.1846909540823,538.5116347380534,541.4910888671875,44430700
2024-08-19 00:00:00-04:00,541.9013070349608,546.66845703125,541.0514314058853,546.66845703125,39121800
2024-08-20 00:00:00-04:00,546.2191462607274,547.8700657821756,544.4412283435015,545.779541015625,33732300
2024-08-21 00:00:00-04:00,546.8248322343893,549.1106842316043,541.9013486274712,547.6551513671875,41514600
2024-08-22 00:00:00-04:00,549.5502187339081,550.155875826028,542.1454973391976,543.3568115234375,56121500
2024-08-23 00:00:00-04:00,546.5904001832064,550.0680696349215,544.4021520897437,549.1302490234375,50639400
2024-08-26 00:00:00-04:00,550.1558489432847,550.8689478276912,546.1213548703539,547.8211059570312,35788600
2024-08-27 00:00:00-04:00,546.5512279111676,549.0618012606642,545.4083020191189,548.5733642578125,32693900
2024-08-28 00:00:00-04:00,548.2314695905903,548.661296528156,542.2041141850556,545.3887329101562,41066000
2024-08-29 00:00:00-04:00,547.3522554939839,550.6443160255352,544.294635177053,545.4375610351562,38715200
2024-08-30 00:00:00-04:00,547.8017316610252,551.1524028130747,544.2556737558524,550.6444091796875,62700100
2024-09-03 00:00:00-04:00,547.508549729637,547.8407131286382,536.8020487007664,539.3126220703125,60600100
2024-09-04 00:00:00-04:00,537.4762066412244,541.6083655035815,536.7533292597282,538.2088623046875,47224900
2024-09-05 00:00:00-04:00,538.1502077884983,540.9928852935313,534.4478166491117,536.8997802734375,44264300
2024-09-06 00:00:00-04:00,537.2221796738046,538.8437645502386,526.9650009606123,527.8637084960938,68493800
2024-09-09 00:00:00-04:00,532.0544335310877,535.043665505135,530.1299607989381,533.773681640625,40445800
2024-09-10 00:00:00-04:00,535.6786451567546,536.4504138231891,530.8138314182086,536.0986938476562,36394600
2024-09-11 00:00:00-04:00,536.0108800293665,542.5168359009789,527.4730091477311,541.5985717773438,75248600
2024-09-12 00:00:00-04:00,542.1749203516514,546.4634120914028,539.9573969973035,546.1605834960938,51819600
2024-09-13 00:00:00-04:00,546.7662628583907,550.0094922558702,546.5122660345418,549.0130615234375,39310500
2024-09-16 00:00:00-04:00,548.7491943236346,550.0875069413107,546.9517795427174,549.8237915039062,36656100
2024-09-17 00:00:00-04:00,552.0315464267048,553.4773606816602,547.8212213158272,550.0485229492188,49321000
2024-09-18 00:00:00-04:00,550.702966140304,555.5385046014119,547.8602888957543,548.4171142578125,59044900
2024-09-19 00:00:00-04:00,557.8048475354702,559.6315971955383,554.9426137920285,557.7755126953125,75315500
2024-09-20 00:00:00-04:00,556.4096197933483,557.8500005367814,553.7933228326182,556.8113403320312,77503100
2024-09-23 00:00:00-04:00,557.8793836152081,558.8494456443765,556.6642942041962,558.2026977539062,44116900
2024-09-24 00:00:00-04:00,558.9964258828836,559.8587165873663,556.1743944512203,559.7999267578125,46805700
2024-09-25 00:00:00-04:00,559.6432009533316,560.378103761662,557.4580492681129,558.5653076171875,38428600
2024-09-26 00:00:00-04:00,562.817932214862,563.1413061737785,558.4281322177342,560.77978515625,48336000
2024-09-27 00:00:00-04:00,561.8479471107624,562.6611965458859,558.9377006949258,559.966552734375,42100900
2024-09-30 00:00:00-04:00,558.9377164538611,562.8180251821971,556.6448529649051,562.2105102539062,63557400
2024-10-01 00:00:00-04:00,561.8578213673073,562.5045096431339,554.6067550639901,557.1740112304688,72668800
2024-10-02 00:00:00-04:00,556.2821816369686,558.4280999557304,553.8912957466886,557.4089965820312,38097800
2024-10-03 00:00:00-04:00,555.9392527365582,558.3301388916863,554.106899883147,556.3900146484375,40846500
2024-10-04 00:00:00-04:00,560.8287828388663,561.8184614824812,556.6643337627131,561.4461059570312,42939100
2024-10-07 00:00:00-04:00,559.7999688939893,560.4467168743025,555.22399069742,556.3704223632812,49964700
2024-10-08 00:00:00-04:00,558.9376805045769,562.2300906410503,558.0656412646009,561.63232421875,37398700
2024-10-09 00:00:00-04:00,561.6225357741174,566.0809942856702,561.0248291372598,565.5224609375,37912200
2024-10-10 00:00:00-04:00,564.1799148709799,565.9534776371613,562.9256522396411,564.5326538085938,44138100
2024-10-11 00:00:00-04:00,564.4543586951436,568.6482329129351,564.3171624790748,567.913330078125,42268000
2024-10-14 00:00:00-04:00,569.520288010914,573.4888112745962,569.0401610478535,572.5579223632812,36217200
2024-10-15 00:00:00-04:00,572.8225499433973,573.1263074210011,566.8942852830332,568.109375,54203600
2024-10-16 00:00:00-04:00,568.1093193754714,571.097912292803,567.3058184280349,570.5785522460938,30725400
2024-10-17 00:00:00-04:00,574.1159000748407,574.3216944108202,570.441385688738,570.6275634765625,34393700
2024-10-18 00:00:00-04:00,572.3128969974695,573.6063330690159,570.8528997080355,572.8224487304688,37416800
2024-10-21 00:00:00-04:00,572.0973176864316,573.0771881011084,568.912738838732,571.8817749023438,36439000
2024-10-22 00:00:00-04:00,569.3536172092114,572.7341816541917,568.6971208640092,571.5779418945312,34183800
2024-10-23 00:00:00-04:00,569.5594196255329,570.0003732214365,562.8570804647936,566.355224609375,49314600
2024-10-24 00:00:00-04:00,568.3052948235324,568.3837012123148,564.9639626077603,567.5802001953125,34979900
2024-10-25 00:00:00-04:00,569.8044050522926,572.6950344865168,566.443456997856,567.3840942382812,47268200
2024-10-28 00:00:00-04:00,570.8528957024953,570.9802836348513,568.8343651367928,569.1381225585938,30174700
2024-10-29 00:00:00-04:00,568.1778099310847,571.1762108700161,566.7864107519835,570.0592041015625,42899700
2024-10-30 00:00:00-04:00,569.588797638648,571.5779630983764,567.6290569957021,568.3345947265625,41435800
2024-10-31 00:00:00-04:00,563.9742291931302,564.0428273008541,556.9975564307639,557.1935424804688,60182500
2024-11-01 00:00:00-04:00,559.8195584319851,563.9643910438907,559.1336371976272,559.545166015625,45667500
2024-11-04 00:00:00-05:00,559.6823835212687,560.9758196621659,556.4586313456186,558.3399658203125,38217000
2024-11-05 00:00:00-05:00,559.251198693126,565.1304208425688,559.0356559214524,565.0912475585938,39478300
2024-11-06 00:00:00-05:00,577.3397109306703,580.014738259286,573.6064067155438,579.1426391601562,68182000
2024-11-07 00:00:00-05:00,581.1415036340469,584.6396478381987,581.0630972629532,583.6205444335938,47233200
2024-11-08 00:00:00-05:00,584.1692026206582,587.5693833270485,584.1692026206582,586.1485595703125,46444900
2024-11-11 00:00:00-05:00,587.7360051791314,588.0887441353201,584.9825720146739,586.7071533203125,37586800
2024-11-12 00:00:00-05:00,586.6287817012992,587.2264882691159,582.4055428293386,584.8846435546875,43006100
2024-11-13 00:00:00-05:00,585.3451316888757,587.1676761411395,582.9836705187753,585.1687622070312,47388600
2024-11-14 00:00:00-05:00,585.296183408181,585.7763103260314,580.7202054727688,581.4060668945312,38904100
2024-11-15 00:00:00-05:00,577.8491019104924,578.3194803370213,572.1070761341368,573.9590454101562,75988800
2024-11-18 00:00:00-05:00,574.4195885423085,577.6237838402152,573.5573576252949,576.310791015625,37001700
2024-11-19 00:00:00-05:00,572.9400384688264,579.142574989824,572.2737337790142,578.41748046875,49412000
2024-11-20 00:00:00-05:00,578.495884693383,578.8976052377521,572.8616299600318,578.6134643554688,50032600
2024-11-21 00:00:00-05:00,581.455141177832,583.1404896221547,575.6249001169805,581.7196655273438,46750300
2024-11-22 00:00:00-05:00,581.7098478799927,584.1497754660484,581.2101642027249,583.5226440429688,38226400
2024-11-25 00:00:00-05:00,587.4520080099294,588.7650010479646,583.218960080664,585.5020751953125,42441400
2024-11-26 00:00:00-05:00,586.7463470552605,589.2254477201681,586.0310608458545,588.5591430664062,45621300
2024-11-27 00:00:00-05:00,588.3730114334577,588.755115442667,585.2570306878304,586.7758178710938,34000200
2024-11-29 00:00:00-05:00,587.5890586237147,591.2047827973582,587.3147260107087,590.4208984375,30177400
2024-12-02 00:00:00-05:00,590.8324390421951,592.1552999944694,590.3425038316959,591.4791870117188,31746000
2024-12-03 00:00:00-05:00,591.2439870884159,591.9984465923378,590.2151351783115,591.7534790039062,26906600
2024-12-04 00:00:00-05:00,593.4389336760423,595.6730071584342,592.7726289600115,595.4280395507812,42787600
2024-12-05 00:00:00-05:00,595.4279904670244,596.2314913306755,594.0953811448159,594.4481201171875,28762200
2024-12-06 00:00:00-05:00,595.212525949607,596.8097196143469,594.8009970944031,595.5750732421875,31241500
2024-12-09 00:00:00-05:00,595.4574149257465,595.6239761392873,591.9200973185369,592.5079956054688,34742700
2024-12-10 00:00:00-05:00,593.1841677805376,593.605504896008,590.0093971009587,590.6658935546875,37234500
2024-12-11 00:00:00-05:00,593.5859415432025,596.1825623151827,593.3115491139272,595.2321166992188,28677700
2024-12-12 00:00:00-05:00,594.369747252086,594.9380289691392,592.1650390625,592.1650390625,31543800
2024-12-13 00:00:00-05:00,594.1934038090473,594.9086900260288,590.6756429397628,592.0474853515625,35904700
2024-12-16 00:00:00-05:00,593.8014854078001,595.5456834945226,593.0274092921627,594.5755615234375,43695200
2024-12-17 00:00:00-05:00,592.0278303510687,592.9880840930309,590.7540109408761,592.1257934570312,55773500
2024-12-18 00:00:00-05:00,591.822113059209,594.2031909866316,574.0962907751041,574.4784545898438,108248700
2024-12-19 00:00:00-05:00,579.456129686489,581.0631314525076,574.057034359764,574.302001953125,85919500
2024-12-20 00:00:00-05:00,571.9778279294948,585.7225012446567,571.132257605004,581.199951171875,125716700
2024-12-23 00:00:00-05:00,580.9443919924163,585.2801382457641,577.7687172457148,584.680419921875,57635800
2024-12-24 00:00:00-05:00,586.0273454449668,591.2185033240278,585.4472496940897,591.1791381835938,33160100
2024-12-26 00:00:00-05:00,589.4093887705021,592.3392110668057,588.0133066034633,591.2184448242188,41219100
2024-12-27 00:00:00-05:00,587.4823184826345,587.7183292627742,580.8164691334702,584.9949340820312,64969300
2024-12-30 00:00:00-05:00,577.9948725430215,581.7800467977985,574.5734057798932,578.3192749023438,56578800
2024-12-31 00:00:00-05:00,579.9808236627084,580.698577374324,574.5832389413312,576.21533203125,57052700
2025-01-02 00:00:00-05:00,579.4695486945864,581.180251846637,570.7291685588775,574.7994995117188,50204000
2025-01-03 00:00:00-05:00,577.64092396713,582.6255346471705,576.5594027877501,581.9865112304688,37888500
2025-01-06 00:00:00-05:00,586.2337670283534,589.6060270134918,583.608664526265,585.3390502929688,47679400
2025-01-07 00:00:00-05:00,587.3644406233403,587.6889029930588,576.9035745975999,578.722412109375,60393100
2025-01-08 00:00:00-05:00,578.7911897402016,580.6395509433228,575.350100693004,579.56787109375,47304700
2025-01-10 00:00:00-05:00,576.0186519228087,576.0874809051687,568.8120114375996,570.7193603515625,73105000
2025-01-13 00:00:00-05:00,566.0788468496604,571.9581742427216,565.6658729466735,571.604248046875,47910100
2025-01-14 00:00:00-05:00,574.5242054496483,575.1534475548353,568.6153544470202,572.3907470703125,48420600
2025-01-15 00:00:00-05:00,580.3937160773642,583.9429389739179,579.2827311805529,582.802490234375,56900200
2025-01-16 00:00:00-05:00,584.1691475266347,584.346110636513,580.9836915331506,581.6817626953125,43319700
2025-01-17 00:00:00-05:00,586.9122299431212,589.27179809953,585.5849165977943,587.5217895507812,58070600
2025-01-21 00:00:00-05:00,590.5595911538271,592.9093774154856,588.5932548694913,592.8995361328125,42532900
2025-01-22 00:00:00-05:00,595.7213992287225,597.5894432517595,595.1708273073808,596.232666015625,48196000
2025-01-23 00:00:00-05:00,595.6033506126263,599.4868774414062,595.3280946897063,599.4868774414062,41152100
2025-01-24 00:00:00-05:00,599.5458113037603,600.4995156835615,596.5864653530726,597.7367553710938,34604700
2025-01-27 00:00:00-05:00,584.798310310645,589.5961762199101,584.6311885086425,589.2815551757812,70361100
2025-01-28 00:00:00-05:00,590.5104687195756,595.1805175844501,587.1971967465958,594.3448486328125,44433300
2025-01-29 00:00:00-05:00,593.5583671362218,593.9614997638901,589.1341095636221,591.6805419921875,37177400
2025-01-30 00:00:00-05:00,593.7944224804594,596.389941511758,590.6089063826978,594.856201171875,39281300
2025-01-31 00:00:00-05:00,597.2746959271392,599.6933113603776,590.9332488823969,591.6903076171875,66566900
2025-02-03 00:00:00-05:00,582.6943625959686,590.1861005375324,580.5510628181718,587.7085571289062,65857200
2025-02-04 00:00:00-05:00,587.7674745011321,592.1622076462813,587.2267439810199,591.6510009765625,33457800
2025-02-05 00:00:00-05:00,590.5302880913656,594.1974870575806,588.5049635673978,594.0499877929688,30653100
2025-02-06 00:00:00-05:00,595.7901616750784,596.242440705887,592.4867305159943,596.1146240234375,35771500
2025-02-07 00:00:00-05:00,596.6750050236558,597.8941240756534,589.9501076619601,590.6580200195312,50788500
2025-02-10 00:00:00-05:00,593.8631663388722,595.3083949100401,592.5948408497425,594.6693115234375,26048700
2025-02-11 00:00:00-05:00,592.408088766588,595.6623736678141,592.2901133629294,595.1216430664062,30056700
2025-02-12 00:00:00-05:00,589.1144530437037,594.3743794070193,588.4360645213627,593.2044067382812,45076100
2025-02-13 00:00:00-05:00,594.3055902381474,599.6737110792319,593.047165943141,599.4672241210938,40921300
2025-02-14 00:00:00-05:00,599.6736338799176,600.7059485220444,598.8182823186273,599.4376831054688,26910400
2025-02-18 00:00:00-05:00,600.5978525430173,601.1975708007812,598.1399318067746,601.1975708007812,26749000
2025-02-19 00:00:00-05:00,599.8112758662747,602.9082197102092,599.3000091966954,602.61328125,31011100
2025-02-20 00:00:00-05:00,601.2467110134413,601.3843689751305,596.8028311734677,600.1062622070312,36554000
2025-02-21 00:00:00-05:00,599.8899930676969,600.0276510429451,589.3799206723878,589.842041015625,76519800
2025-02-24 00:00:00-05:00,591.8869960824046,592.8800056614799,586.4500466079941,587.157958984375,50737200
2025-02-25 00:00:00-05:00,587.098968367302,587.8265033006376,579.6366946428752,584.2379150390625,58266500
2025-02-26 00:00:00-05:00,585.8995163780398,589.4881049123491,581.8980139327481,584.5328979492188,43321600
2025-02-27 00:00:00-05:00,586.8040113591791,587.9543615454245,574.8094053796542,575.20263671875,74196700
2025-02-28 00:00:00-05:00,575.7040488167072,584.7098443771037,572.6365684069419,584.178955078125,88744100
2025-03-03 00:00:00-05:00,586.1453068357338,587.2858157400013,570.1393571070072,573.9442138671875,74249200
2025-03-04 00:00:00-05:00,569.9525786591505,575.5369680083471,562.6181207422406,567.1505126953125,109648200
2025-03-05 00:00:00-05:00,566.9833166199888,575.035467216836,563.434093538414,573.24609375,71230500
2025-03-06 00:00:00-05:00,565.7937090893346,570.4047711019521,560.523941077153,563.0703735351562,80094900
2025-03-07 00:00:00-05:00,561.2907933786839,567.6715458955733,556.1094773560538,566.2262573242188,81158800
2025-03-10 00:00:00-04:00,558.0365509948175,559.9536812738498,546.2385307775894,551.14453125,99326600
2025-03-11 00:00:00-04:00,549.9843938775969,554.5266268117218,542.728606721458,546.5629272460938,88102100
2025-03-12 00:00:00-04:00,552.7076387923001,553.6318192815521,544.3703918307585,549.4631958007812,69588200
2025-03-13 00:00:00-04:00,549.0896792735167,549.6992388466521,540.4279685563406,542.138671875,74079400
2025-03-14 00:00:00-04:00,546.7496748611676,554.3397648685512,542.2074423986709,553.3369140625,62660300
2025-03-17 00:00:00-04:00,553.3172833424321,560.1208513978755,552.8846868765244,557.6039428710938,49008700
2025-03-18 00:00:00-04:00,555.2934937414076,555.5098219909205,549.6501167935029,551.5771484375,66041400
2025-03-19 00:00:00-04:00,553.3566169353411,561.3399385264869,552.1768030039566,557.584228515625,66556000
2025-03-20 00:00:00-04:00,553.848245552193,560.966374832501,553.1304918485869,555.9718627929688,62958200
2025-03-21 00:00:00-04:00,551.5204692681951,557.0526205906217,550.2878120115934,556.1552124023438,83763000
2025-03-24 00:00:00-04:00,562.880651498493,567.1703352751009,562.2890000340255,566.1151733398438,58766800
2025-03-25 00:00:00-04:00,567.3181993393742,568.4127846067184,565.73055113845,567.4760131835938,38355700
2025-03-26 00:00:00-04:00,567.2097001365158,568.3338979913931,559.3206937528307,560.7012939453125,51848300
2025-03-27 00:00:00-04:00,559.3108687859911,562.9792883535321,557.101956447335,559.2122802734375,42164200
2025-03-28 00:00:00-04:00,557.6838014665011,558.4135249923543,547.3689030262066,547.95068359375,71662700
2025-03-31 00:00:00-04:00,542.2014863499951,552.9305383035049,539.2825327401185,551.6288452148438,95328200
2025-04-01 00:00:00-04:00,549.715889513425,555.1297110203275,545.9981756472096,553.18701171875,54609600
2025-04-02 00:00:00-04:00,547.3490417022878,559.5474114386367,547.1123811713591,556.6876831054688,76014500
2025-04-03 00:00:00-04:00,537.5471385326381,540.3674444952709,529.2538452148438,529.2538452148438,125986000
2025-04-04 00:00:00-04:00,516.404523136506,518.5740121118964,498.05273494035157,498.2696838378906,217965100
2025-04-07 00:00:00-04:00,482.4029468413161,515.9114867336431,475.1154617622772,497.3822021484375,256611400
2025-04-08 00:00:00-04:00,514.6196468974629,517.6963548854247,482.3733480760591,489.591796875,165816600
2025-04-09 00:00:00-04:00,486.59399925019795,541.0084228515625,486.20939567811143,541.0084228515625,241867300
2025-04-10 00:00:00-04:00,524.7866027854379,526.0981670837639,502.25365007002944,517.3019409179688,162331200
2025-04-11 00:00:00-04:00,515.7537548286505,528.9875485351057,512.8545420601603,526.5321044921875,97866300
2025-04-14 00:00:00-04:00,536.5017912856171,536.7286411738348,526.453165817952,531.6401977539062,68034000
2025-04-15 00:00:00-04:00,532.1825399641931,535.6931457102869,529.3622343758641,530.151123046875,56892900
2025-04-16 00:00:00-04:00,524.3033791384568,530.4272422697393,513.0713913810127,518.3668823242188,83484800
2025-04-17 00:00:00-04:00,520.3194821276195,523.800475242003,516.6411916080497,519.1065063476562,79868100
2025-04-21 00:00:00-04:00,513.9293002870572,514.4618467446136,501.40552056556845,506.7503356933594,69368100
2025-04-22 00:00:00-04:00,512.9235348557764,521.9564215250564,511.9867032226325,519.9348754882812,75948100
2025-04-23 00:00:00-04:00,532.9319549297188,537.8625838932508,526.4728430251603,527.991455078125,90590700
2025-04-24 00:00:00-04:00,529.2734571828396,539.8348871004667,528.0211182344198,539.1051635742188,64150400
2025-04-25 00:00:00-04:00,539.0657941930334,543.4047124173812,536.1468396073658,543.0004272460938,61119600
2025-04-28 00:00:00-04:00,543.7399439376,545.8699492792146,537.4583271221219,543.2073974609375,47613800
2025-04-29 00:00:00-04:00,541.2943585019403,547.7436606136026,540.9393676118534,546.6293334960938,47775100
2025-04-30 00:00:00-04:00,539.9729835885655,548.7988227140515,534.0069337400583,546.8462524414062,93101500
2025-05-01 00:00:00-04:00,552.595342895286,556.2440206119321,550.1201573586014,550.7216796875,63186100
2025-05-02 00:00:00-04:00,556.894803218062,560.4941864598073,554.5774316657111,558.8966674804688,60717300
2025-05-05 00:00:00-04:00,554.7648727126054,558.788283367358,553.9069479669498,555.6918334960938,38659200
2025-05-06 00:00:00-04:00,550.1892553966732,555.5340413030556,549.2327420958744,551.0471801757812,48264700
2025-05-07 00:00:00-04:00,552.3784371058738,555.9975022415719,548.3254139860352,553.3645629882812,55588000
2025-05-08 00:00:00-04:00,557.3978323656503,562.3974982446085,553.9069681077176,557.2203369140625,65130800
2025-05-09 00:00:00-04:00,558.6205173502777,559.6263849147109,554.9521583078488,556.51025390625,37603400
2025-05-12 00:00:00-04:00,573.402558732667,574.9113601462691,569.0340285188223,574.9014892578125,78993600
2025-05-13 00:00:00-04:00,575.3157161654024,580.907093658496,574.7536773375426,578.6981811523438,67947200
2025-05-14 00:00:00-04:00,579.6546629482465,580.8084133986617,577.4161378946785,579.437744140625,66283500
2025-05-15 00:00:00-04:00,577.4357820961777,582.7706958315019,576.9821425909696,582.267822265625,71268100
2025-05-16 00:00:00-04:00,583.0469103495059,586.2518193704545,581.1042713102905,585.9559936523438,76052100
2025-05-19 00:00:00-04:00,579.9405744991373,587.2773530559552,579.9405744991373,586.596923828125,68168500
2025-05-20 00:00:00-04:00,584.8614155899625,585.8080578995526,581.419785763877,584.6246948242188,60614500
2025-05-21 00:00:00-04:00,580.2758530681597,584.3584282191854,573.7477052570061,574.7732543945312,95197700
2025-05-22 00:00:00-04:00,574.5760959985981,578.4811762683786,573.3434386116112,575.0001831054688,70860400
2025-05-23 00:00:00-04:00,567.9887994120531,573.7379304924723,567.6140667399493,571.0753784179688,76029000
2025-05-27 00:00:00-04:00,577.9387671986972,583.1060568711622,570.4047514802384,582.9483032226562,72588500
2025-05-28 00:00:00-04:00,583.3526236048898,584.545857588394,578.8460211072919,579.5757446289062,68445500
2025-05-29 00:00:00-04:00,584.8318350718904,584.9699071457442,577.9388245287198,581.8635864257812,69973300
2025-05-30 00:00:00-04:00,580.7591289651484,582.9286180198035,575.1480700909575,581.2127685546875,90601200
2025-06-02 00:00:00-04:00,579.6053591727813,584.5655410710423,576.9428072484826,584.4866943359375,61630500
2025-06-03 00:00:00-04:00,584.121791379625,588.7960181097066,583.6385391723649,587.8197631835938,63606200
2025-06-04 00:00:00-04:00,588.6776647088699,589.6539195966438,587.2280285207049,587.6619262695312,57314200
2025-06-05 00:00:00-04:00,589.3384339818148,590.6894216670538,582.8497086239531,584.8219604492188,92278700
2025-06-06 00:00:00-04:00,590.3541332655441,592.4940699072976,588.5791185976601,590.8275146484375,66588700
2025-06-09 00:00:00-04:00,591.3993476813894,592.9081490758875,590.1864321834666,591.3599243164062,53016400
2025-06-10 00:00:00-04:00,591.8924637491524,595.0973729509094,590.7781968461302,594.7128295898438,66247000
2025-06-11 00:00:00-04:00,595.8074157747775,596.6653405011278,590.9556931519085,593.0166625976562,73658200
2025-06-12 00:00:00-04:00,591.6854337777163,595.37353515625,591.2022416981604,595.37353515625,64129000
2025-06-13 00:00:00-04:00,590.1963519379123,593.499849631983,587.218232455665,588.7171630859375,89506000
2025-06-16 00:00:00-04:00,592.0700235861916,596.0638215052488,591.8924679557008,594.318359375,79984100
2025-06-17 00:00:00-04:00,591.8826784891205,593.401290785268,588.480531921813,589.2398681640625,82209400
2025-06-18 00:00:00-04:00,590.1371267775953,592.8785252065284,588.1944276516227,589.1510009765625,76605000
2025-06-20 00:00:00-04:00,591.8224395288368,592.8906208578056,586.3629131433069,587.7673950195312,94051400
2025-06-23 00:00:00-04:00,588.5190130228361,593.9587392448562,585.4035696790836,593.5730590820312,87426000
2025-06-24 00:00:00-04:00,597.7072691809916,601.1886530620405,596.7973078378046,600.1304321289062,67735300
2025-06-25 00:00:00-04:00,601.2479344884113,601.9402753154866,598.9039119654944,600.4666137695312,62114800
2025-06-26 00:00:00-04:00,602.3161684365299,605.5997923429508,601.7029677445283,605.1646118164062,78548400
2025-06-27 00:00:00-04:00,606.1634816784541,609.6350254118207,604.1359596054803,608.1712036132812,86258400
2025-06-30 00:00:00-04:00,610.6142201701539,612.4340220516922,608.2998373553096,611.0790405273438,92502500
2025-07-01 00:00:00-04:00,609.6053849111585,612.0483479268365,608.7746241554748,610.8812866210938,70030100
2025-07-02 00:00:00-04:00,610.4757907292374,613.6901746824169,609.8526899336259,613.650634765625,66510400
2025-07-03 00:00:00-04:00,615.628656191773,619.4167005776212,615.6088560521965,618.4869995117188,51065800
2025-07-07 00:00:00-04:00,616.5286134886126,617.1913144548079,611.0987877910964,613.8779907226562,74814500
2025-07-08 00:00:00-04:00,614.5406899285775,615.2923708557059,612.7307881009865,613.5418090820312,59024600
2025-07-09 00:00:00-04:00,615.945166968477,617.8737488887257,614.1055045789822,617.2210083007812,66113300
2025-07-10 00:00:00-04:00,617.3595500232223,620.000273214104,616.1825885407072,618.9617919921875,57529000
2025-07-11 00:00:00-04:00,615.9154666088177,618.0122289852302,614.7187654701638,616.7858276367188,63670200
2025-07-14 00:00:00-04:00,616.3308265898004,618.3089087938923,614.9857451789246,617.9627685546875,51898500
2025-07-15 00:00:00-04:00,620.6431287961128,620.9793689858044,615.242942324076,615.3220825195312,74317300
2025-07-16 00:00:00-04:00,616.9044910111767,617.8836320494379,611.276844692317,617.3792114257812,88987500
2025-07-17 00:00:00-04:00,617.557284919235,621.5134493059918,617.3396644874989,621.1573486328125,68885700
2025-07-18 00:00:00-04:00,622.4036365954075,622.5717567026577,619.5947932954602,620.7025146484375,65621600
2025-07-21 00:00:00-04:00,621.87939453125,624.6189973413707,621.4541141003111,621.87939453125,63375000
2025-07-22 00:00:00-04:00,622.2058050575365,622.828905853138,619.3277216791315,621.9684448242188,60046300
2025-07-23 00:00:00-04:00,624.6288825447934,627.259765625,622.8288205336723,627.259765625,70511000
2025-07-24 00:00:00-04:00,627.6454884244192,629.1785504969665,627.0421878119985,627.4674682617188,71307100
2025-07-25 00:00:00-04:00,628.1301809903662,630.5928838363332,627.8829206987424,630.1181030273438,56865400
2025-07-28 00:00:00-04:00,630.4939604147171,631.0478210681617,628.5752180855901,629.9598999023438,54917100
2025-07-29 00:00:00-04:00,631.3543820995848,631.6708825055948,627.3883778702398,628.2982788085938,60556300
2025-07-30 00:00:00-04:00,628.9510415464463,630.6917636576716,624.6190364089183,627.507080078125,80418900
2025-07-31 00:00:00-04:00,632.4523273568442,632.8380075585872,623.857556644127,625.1531982421875,103385200
2025-08-01 00:00:00-04:00,619.4364414435403,619.476041722763,612.5032535330552,614.9066162109375,140103600
2025-08-04 00:00:00-04:00,618.813325728958,624.3024917393647,618.7243458354196,624.2530517578125,73218000
2025-08-05 00:00:00-04:00,624.8662177521945,625.6772386500149,620.168272806011,621.0880737304688,68051400
2025-08-06 00:00:00-04:00,622.1563552914652,626.4982606508958,621.2464542892866,625.8455200195312,64357500
2025-08-07 00:00:00-04:00,629.2674923107387,629.9993730574174,622.2156245224251,625.3212280273438,74205800
2025-08-08 00:00:00-04:00,627.1114011688534,630.6620853000642,626.7949007710238,630.1972045898438,64051600
2025-08-11 00:00:00-04:00,630.4742118551501,631.947873553624,627.70484826023,628.9510498046875,58742300
2025-08-12 00:00:00-04:00,631.2950454377703,635.8050706066525,629.8114837326607,635.6468505859375,64730800
2025-08-13 00:00:00-04:00,637.8425547169825,639.1085564704525,635.6370120856271,637.8228149414062,60092800
2025-08-14 00:00:00-04:00,635.7457174616427,638.5447207235369,635.300697252298,637.882080078125,59327500
2025-08-15 00:00:00-04:00,638.9107148606824,639.0096552004113,635.4787708739423,636.388671875,68592500
2025-08-18 00:00:00-04:00,635.814941575414,636.942462907598,635.1424008771667,636.2501220703125,43804900
2025-08-19 00:00:00-04:00,636.0721245937336,637.0512656505922,631.4829592777961,632.7984008789062,69750700
2025-08-20 00:00:00-04:00,632.3929060531275,632.6500060324975,626.013578858981,631.1170043945312,88890300
2025-08-21 00:00:00-04:00,629.3071851926883,630.978606926108,626.8642219548319,628.5851440429688,54805800
2025-08-22 00:00:00-04:00,630.7709103705197,639.4151205943501,630.2664897119097,638.2381591796875,84083200
2025-08-25 00:00:00-04:00,636.9820621561176,638.218363635622,635.3105801411765,635.4292602539062,51274300
2025-08-26 00:00:00-04:00,635.1622594491828,638.4359833484747,634.5391586749303,638.0897827148438,51581600
2025-08-27 00:00:00-04:00,637.5062179210042,640.2755208793137,637.3578376120881,639.5436401367188,48341100
2025-08-28 00:00:00-04:00,640.146950913372,642.3623933153343,638.267809046051,641.8085327148438,61519500
2025-08-29 00:00:00-04:00,640.374480883152,640.7404816664739,636.0919759234915,637.9810180664062,74522200
2025-09-02 00:00:00-04:00,630.5136938017484,633.4709169972102,627.9619508913343,633.2533569335938,81983500
2025-09-03 00:00:00-04:00,635.6270824559713,637.1502445176759,633.4413400681225,636.6853637695312,70820900
2025-09-04 00:00:00-04:00,637.3578424589464,642.0360478647699,636.4578416280056,642.00634765625,65219200
2025-09-05 00:00:00-04:00,644.3405588325719,645.0625999768899,636.2799090574998,640.1470336914062,85178900
2025-09-08 00:00:00-04:00,641.5118230975241,642.718484610511,640.1370415028089,641.7195434570312,63133100
2025-09-09 00:00:00-04:00,641.8580441132016,643.7273464852004,640.1272219983028,643.2031860351562,66133900
2025-09-10 00:00:00-04:00,646.4570825189741,647.3768835600082,643.4998590892842,645.0625610351562,78034500
2025-09-11 00:00:00-04:00,647.0108918753651,651.115436538164,646.4273914384058,650.423095703125,69934400
2025-09-12 00:00:00-04:00,650.3934866540098,651.8869485652141,649.701206088218,650.20556640625,72780100
2025-09-15 00:00:00-04:00,652.4111340519337,653.795755474802,652.1144337731963,653.6671752929688,63772400
2025-09-16 00:00:00-04:00,654.2210123755038,654.5276730798186,651.9858301119879,652.7671508789062,61169000
2025-09-17 00:00:00-04:00,652.7770367516476,654.4682584259048,647.1295902463727,651.9561157226562,101952200
2025-09-18 00:00:00-04:00,654.6364399867887,657.603563340362,653.0341982051615,655.0023803710938,90459200
2025-09-19 00:00:00-04:00,656.8877828567474,659.0895125014193,654.9438659954435,658.2465209960938,97945600
2025-09-22 00:00:00-04:00,656.7588293222589,661.8069717744121,656.7290467709187,661.3607177734375,69452200
2025-09-23 00:00:00-04:00,661.2416672722171,661.856628548307,656.5406245808955,657.7605590820312,81708900
2025-09-24 00:00:00-04:00,659.0497999269948,659.1489540239103,654.2495430702726,655.6677856445312,68082200
2025-09-25 00:00:00-04:00,652.5338627083877,653.9917550046746,649.0328388399253,652.6429443359375,89622100
2025-09-26 00:00:00-04:00,654.0909412604747,656.9274266555326,652.4743298182361,656.3819580078125,69179200
2025-09-29 00:00:00-04:00,658.9010899003678,659.8135740530697,656.4216318338509,658.2266845703125,73499000
2025-09-30 00:00:00-04:00,657.4828203674869,661.1722852976668,656.173659297658,660.7061157226562,86288000
2025-10-01 00:00:00-04:00,657.7208144097488,663.8698820443607,657.6117327913598,662.9574584960938,72545400
2025-10-02 00:00:00-04:00,664.9410037342527,665.0600128657511,661.3011766397112,663.7210693359375,56896000
2025-10-03 00:00:00-04:00,664.4848020775174,667.1527012490268,662.6698219114437,663.7112426757812,70494400
2025-10-06 00:00:00-04:00,666.1014192164715,666.9841207809839,663.9591941673339,666.0914916992188,54623300
2025-10-07 00:00:00-04:00,667.0138297258598,667.4601442579947,662.1838505424819,663.6219482421875,72020100
2025-10-08 00:00:00-04:00,664.7426772273783,667.6783772359653,663.919480237528,667.5791625976562,60702200
2025-10-09 00:00:00-04:00,667.9957845708525,668.4023890582872,663.7112737749407,665.6452026367188,66501900
2025-10-10 00:00:00-04:00,666.6071968358344,668.4122493878771,647.4757221413303,647.6542358398438,159422600
2025-10-13 00:00:00-04:00,655.2216030747315,659.664772492732,654.3488290056752,657.5919189453125,79560500
2025-10-14 00:00:00-04:00,651.7701536094826,660.3590300864076,647.8030207789583,656.78857421875,88779600
2025-10-15 00:00:00-04:00,661.3408732132422,664.7228272522149,653.5156893256119,659.7044067382812,81702600
2025-10-16 00:00:00-04:00,661.3409444600238,663.2154294168515,651.710706867285,655.2117309570312,110563300
2025-10-17 00:00:00-04:00,654.0810128478913,660.2895852935891,652.7322022395391,658.9308471679688,96500900
2025-10-20 00:00:00-04:00,661.8367798071084,666.6866142382812,661.7872027532737,665.7840576171875,60493400
2025-10-21 00:00:00-04:00,665.9229005771253,667.4601523988813,664.4748753427003,665.7741088867188,56249000
2025-10-22 00:00:00-04:00,666.4783066993808,666.4783066993808,657.8497808005621,662.3128051757812,80564000
2025-10-23 00:00:00-04:00,662.6301900162397,667.1825015615415,662.3128121266341,666.2402954101562,65604500
2025-10-24 00:00:00-04:00,670.9016937183009,672.8951271271609,670.0983517375236,671.6851806640625,74356500
2025-10-27 00:00:00-04:00,677.1201116013259,679.9070199177999,676.5151383891614,679.6094970703125,63339800
2025-10-28 00:00:00-04:00,681.4045622297778,683.2492642554724,679.2028328185232,681.4144897460938,61738100
2025-10-29 00:00:00-04:00,683.0609104229828,684.0328991417463,677.2590027977353,681.7418823242188,85657100
2025-10-30 00:00:00-04:00,678.2805836148408,680.3037996369978,674.2440185546875,674.2440185546875,76335800
2025-10-31 00:00:00-04:00,679.4111219213156,679.4508319897004,673.6587916341136,676.4556274414062,87164100
2025-11-03 00:00:00-05:00,680.0359699637585,680.1649066224819,674.3530715971103,677.7251586914062,57315000
2025-11-04 00:00:00-05:00,670.5545580097922,674.3729598389511,669.0371611161902,669.6917114257812,78427000
2025-11-05 00:00:00-05:00,669.4337786331213,675.2654684624238,668.6304366940664,672.012451171875,74402400
2025-11-06 00:00:00-05:00,670.9115428502156,671.8140994484131,663.2252231578799,664.8021850585938,85035300
2025-11-07 00:00:00-05:00,662.4218719882706,665.5658682287408,655.7769731606511,665.4567260742188,100592400
2025-11-10 00:00:00-05:00,671.6752576501947,676.57466917413,669.4834554774103,675.8407592773438,75842900
2025-11-11 00:00:00-05:00,674.3629519753922,677.9532020666294,673.1529450781785,677.3878784179688,58953400
2025-11-12 00:00:00-05:00,679.1631581075335,679.3318048264125,675.3547447293747,677.7647705078125,62312500
2025-11-13 00:00:00-05:00,674.9085136071693,675.265541055433,665.0105359672095,666.5180053710938,103457800
2025-11-14 00:00:00-05:00,659.9127066954921,670.1082064558575,657.8200586834998,666.4088745117188,96846700
2025-11-17 00:00:00-05:00,664.1971714004484,668.1742314199619,656.7290154076413,660.2002563476562,90456100
2025-11-18 00:00:00-05:00,656.6595496130724,659.6547538697382,650.4708329116884,654.6561889648438,114467500
2025-11-19 00:00:00-05:00,655.3505280387882,661.856623370592,653.3371790986623,657.185302734375,94703000
2025-11-20 00:00:00-05:00,667.3808213360044,670.0090710879778,646.5335791707308,647.1683349609375,165293500
2025-11-21 00:00:00-05:00,649.6675301260088,659.0894699034471,645.5020288545189,653.6148681640625,123956200
2025-11-24 00:00:00-05:00,657.2448196444445,664.5542570793402,656.1538823239337,663.2351684570312,80437900
2025-11-25 00:00:00-05:00,663.135941149376,670.6536740212097,659.020017057554,669.4734497070312,81077100
2025-11-26 00:00:00-05:00,672.0620713400136,676.0986363282427,671.1595147067713,674.09521484375,71879600
2025-11-28 00:00:00-05:00,675.2654787466182,678.0523870500939,674.9084513312986,677.7747192382812,49212000
2025-12-01 00:00:00-05:00,673.232272756968,677.3779187836101,673.1628406770591,674.6802978515625,61201200
2025-12-02 00:00:00-05:00,676.316803165018,678.2012155152329,673.7481184984898,675.9300537109375,62953800
2025-12-03 00:00:00-05:00,674.9779023816353,679.2822075879724,674.105128319461,678.2706298828125,57238500
2025-12-04 00:00:00-05:00,679.6690366334618,679.7384687237238,675.7416137771377,678.7665405273438,61970300
2025-12-05 00:00:00-05:00,679.8375623637357,682.7336127271673,678.9549213715281,680.0557861328125,79241000
2025-12-08 00:00:00-05:00,680.9484564225444,680.9980334759979,675.9696853695019,678.0127563476562,55231500
2025-12-09 00:00:00-05:00,677.5367544682442,679.7583392727543,676.9813582671167,677.4276123046875,58310100
2025-12-10 00:00:00-05:00,676.9515664343469,683.3088703732143,675.711837383319,681.92041015625,85671300
2025-12-11 00:00:00-05:00,679.5104080599091,683.5866227950731,676.5647802535024,683.5072631835938,86173700
2025-12-12 00:00:00-05:00,682.5154459360199,683.2196338188487,673.5893968987631,676.1581420898438,113160300
2025-12-15 00:00:00-05:00,680.1053789946951,680.1252340287925,673.6687159286942,675.1365356445312,90811000
2025-12-16 00:00:00-05:00,673.6488975485244,675.4837328267965,669.4338188610296,673.2918701171875,122030600
2025-12-17 00:00:00-05:00,674.3034691132465,674.8489377460819,665.6848710067972,665.8832397460938,110625200
2025-12-18 00:00:00-05:00,672.0322187932205,675.1464323222394,669.3544527925658,670.9114990234375,108650100
2025-12-19 00:00:00-05:00,673.0134542661981,677.4896664833268,672.8940327515619,676.9923095703125,103599500
2025-12-22 00:00:00-05:00,680.3245290528953,681.7370055876305,676.9922622536055,681.2098388671875,69556700
2025-12-23 00:00:00-05:00,680.3046207584179,684.562024812114,680.2548972126992,684.3233032226562,64840000
2025-12-24 00:00:00-05:00,684.313382495532,687.1781631452748,684.164151137988,686.7305297851562,39445600
2025-12-26 00:00:00-05:00,686.989161229118,688.0037280321676,685.6264081645946,686.660888671875,41613300
2025-12-29 00:00:00-05:00,683.9055083361335,685.5567672531378,682.4433081832867,684.2138671875,62559500
2025-12-30 00:00:00-05:00,683.8159723723246,684.9200900521846,682.9505762759469,683.3782958984375,47160700
2025-12-31 00:00:00-05:00,683.5076844111845,683.726492314561,678.1063955310838,678.3152465820312,74144800
2026-01-02 00:00:00-05:00,682.0852055985325,683.2390468658663,676.2263268834449,679.55859375,89377200
2026-01-05 00:00:00-05:00,682.910839643419,685.7855773037328,682.7517121374489,684.0845947265625,71927200
2026-01-06 00:00:00-05:00,684.2934596862484,688.6602678554459,684.1442890432024,688.1529541015625,69273800
2026-01-07 00:00:00-05:00,688.5309418430683,690.2916046822218,685.6761181181482,685.9347534179688,75588300
2026-01-08 00:00:00-05:00,685.1787573638412,686.9692300361542,683.8557710289468,685.8651123046875,64019200
2026-01-09 00:00:00-05:00,686.9791831428475,691.6344363504869,685.5368360184962,690.4010009765625,80125500
2026-01-12 00:00:00-05:00,687.0289310253164,692.410366767912,686.979207477028,691.4852294921875,63976000
2026-01-13 00:00:00-05:00,691.813478661017,692.4103433578374,687.6953490317495,690.1026000976562,78309700
2026-01-14 00:00:00-05:00,687.347202661372,688.0633674208381,682.4134005947378,686.7105712890625,94676700
2026-01-15 00:00:00-05:00,690.8983886882239,691.7737417111902,687.5959315038539,688.5806884765625,77862000
2026-01-16 00:00:00-05:00,689.9931507530615,690.5800586110835,686.4519720383781,688.0037231445312,79289200
2026-01-20 00:00:00-05:00,677.8874730475171,681.1501633341576,672.9934983300664,673.9981689453125,111623300
2026-01-21 00:00:00-05:00,676.0572511802958,685.0991655259935,674.5452667925615,681.77685546875,127844500
2026-01-22 00:00:00-05:00,686.2033478813381,687.476610793547,683.2888434897402,685.3379516601562,77112200
2026-01-23 00:00:00-05:00,684.5123006998919,687.3074439470811,683.5274830754288,685.5865478515625,63059600
2026-01-26 00:00:00-05:00,686.8399658941375,690.4607389282814,686.2729717064406,689.068115234375,60473800
2026-01-27 00:00:00-05:00,690.5104039402848,692.8480177488461,689.9036431059924,691.8134765625,55506100
2026-01-28 00:00:00-05:00,693.3652237572153,694.1510864943795,690.271678492269,691.7438354492188,61172200
2026-01-29 00:00:00-05:00,692.7087686795362,693.375209936545,681.2098793986574,690.3711547851562,97486200
2026-01-30 00:00:00-05:00,688.1330925763239,690.540343876794,683.4877957603626,688.3121337890625,101835100
2026-02-02 00:00:00-05:00,685.9347490634862,693.2458711004026,685.7755608588325,691.73388671875,79286500
2026-02-03 00:00:00-05:00,692.529690413304,693.2757257351432,680.4140840721383,685.885009765625,107904600
2026-02-04 00:00:00-05:00,686.7006659106327,687.7948875474046,678.1561081391175,682.5626831054688,105204600
2026-02-05 00:00:00-05:00,677.3404209861714,680.0758839506523,672.2176206040476,674.0379638671875,113610800
2026-02-06 00:00:00-05:00,677.8576866055596,688.6503070282812,677.2508650473027,686.96923828125,89127600
2026-02-09 00:00:00-05:00,685.7755337993461,692.1914496038428,684.7012866666231,690.2816162109375,73885200
2026-02-10 00:00:00-05:00,691.276360737094,692.8579216647231,688.0037135108784,688.4613037109375,65185700
2026-02-11 00:00:00-05:00,692.7087599208829,693.4547952732178,685.5368515439336,688.3021850585938,76353900
2026-02-12 00:00:00-05:00,690.5701102294341,691.6742279947084,676.7734344520502,677.668701171875,118829000
2026-02-13 00:00:00-05:00,678.0864377658819,682.6522007204912,673.9384983110481,678.1461181640625,96267500
2026-02-17 00:00:00-05:00,676.5446598627462,681.31927396984,672.2077222570326,679.2402954101562,81354700
2026-02-18 00:00:00-05:00,680.4041503420104,685.507036973797,679.2204384959671,682.662109375,73570300
2026-02-19 00:00:00-05:00,680.2251236342836,682.5527199680946,677.9471901363287,680.8616943359375,58649400
2026-02-20 00:00:00-05:00,678.7131823752115,686.4122580979458,678.126274472082,685.7855834960938,100034000
2026-02-23 00:00:00-05:00,684.1940214696967,686.3525334522094,676.7734345413753,678.7827758789062,90558100
2026-02-24 00:00:00-05:00,678.295350173768,684.7112054782021,676.4053697086953,683.7164916992188,73798700
2026-02-25 00:00:00-05:00,686.53156929616,690.0130676270821,686.4519751919497,689.4859008789062,56369500
2026-02-26 00:00:00-05:00,689.615191050754,689.6350440416309,680.7323436648176,685.6561889648438,71671000
2026-02-27 00:00:00-05:00,679.4790749097389,683.2291046432514,678.0367277603054,682.3637084960938,83308900
2026-03-02 00:00:00-05:00,675.1122534180175,684.9797970984218,674.4358553343317,682.7516479492188,87477200
2026-03-03 00:00:00-05:00,671.4915420947397,679.0016196644848,666.1200629162043,676.7337036132812,105003100
2026-03-04 00:00:00-05:00,678.026802327329,683.4579617719511,676.027417786932,681.50830078125,79182200
2026-03-05 00:00:00-05:00,678.4743840881955,681.9061587313661,672.0385544367263,677.7084350585938,106606500
2026-03-06 00:00:00-05:00,669.8501461298736,672.5358853430707,666.2194774432897,668.8256225585938,100687000
2026-03-09 00:00:00-04:00,662.8673051642795,676.3257505242918,658.888450195908,674.6845092773438,102667700
2026-03-10 00:00:00-04:00,674.1374043547928,679.7476047325034,671.1930903760745,673.6002807617188,81505300
2026-03-11 00:00:00-04:00,673.9982140650914,676.4849986405864,669.7806371390539,672.7548217773438,68441700
2026-03-12 00:00:00-04:00,667.6120785283837,668.0995392824933,662.3500644519811,662.5390625,108882200
2026-03-13 00:00:00-04:00,665.7321452917186,668.7859240392634,657.863924887251,658.7890014648438,97200200
2026-03-16 00:00:00-04:00,664.8468199428278,668.5173163233716,663.5934708305671,665.493408203125,82023100
2026-03-17 00:00:00-04:00,668.8355969918504,670.8747480492216,666.1598145596139,667.2440185546875,87128000
2026-03-18 00:00:00-04:00,664.8268919718373,666.1796881508768,657.6948111200146,657.9335327148438,82062600
2026-03-19 00:00:00-04:00,653.497076818377,659.4753162945015,651.7066041735543,656.3121337890625,111272500
2026-03-20 00:00:00-04:00,654.8230422006715,655.0025723674255,643.063298812559,646.9034423828125,163617500
2026-03-23 00:00:00-04:00,656.3790129905765,660.9173090129275,652.2596206790361,653.6959228515625,134802700
2026-03-24 00:00:00-04:00,649.6463809650626,655.3417305137531,648.2100787416998,651.5015869140625,96457500
2026-03-25 00:00:00-04:00,656.9774239230809,659.1917509309695,652.5588148295345,655.1322021484375,90653800
2026-03-26 00:00:00-04:00,650.3844333840033,653.1672421520028,643.1630473705688,643.432373046875,96494400
2026-03-27 00:00:00-04:00,640.8489947137006,641.0085567819559,631.4831091918358,632.4606323242188,103649400
2026-03-30 00:00:00-04:00,638.4651675144013,638.7245091624994,627.6630399662237,630.3460693359375,99275900
2026-03-31 00:00:00-04:00,637.2981538716512,649.865752001465,636.3405988140365,648.6688842773438,152534100
2026-04-01 00:00:00-04:00,652.219751792706,656.8278752918841,651.3220400966815,653.5562744140625,97841500
2026-04-02 00:00:00-04:00,644.7589215344626,656.5086804928782,643.4522901873171,654.144775390625,68358700
2026-04-06 00:00:00-04:00,654.1746977251443,658.0247645183308,653.8356054757206,657.23681640625,39105800
2026-04-07 00:00:00-04:00,654.9626585699763,657.9150134208243,649.386996170508,657.5260009765625,69980400
2026-04-08 00:00:00-04:00,674.6519776493207,675.3402070755335,669.734652974974,674.27294921875,93606100
2026-04-09 00:00:00-04:00,673.1059235004034,679.4096297331154,672.0386657215836,678.162841796875,57134400
2026-04-10 00:00:00-04:00,679.5692561407437,680.2774536083281,676.7066358948267,677.7140502929688,42253500
2026-04-13 00:00:00-04:00,675.669302461078,684.536473353906,674.8414790590384,684.3369750976562,54185800
2026-04-14 00:00:00-04:00,685.9229138241225,692.7952238870419,685.8929616905456,692.675537109375,63480500
2026-04-15 00:00:00-04:00,693.4734516118131,698.480571570673,692.4161778504387,698.1414184570312,58240400
2026-04-16 00:00:00-04:00,699.2585607342904,700.9741726960574,696.7350934539525,699.8569946289062,49972400
2026-04-17 00:00:00-04:00,704.3255249385737,710.5594650064761,703.9464965121796,708.3152465820312,70661900
2026-04-20 00:00:00-04:00,706.9587079747221,708.0857482546458,704.3254772575062,706.8988037109375,43546800
2026-04-21 00:00:00-04:00,708.4548936431559,709.4523240430285,700.8345107773317,702.2708129882812,58941400
2026-04-22 00:00:00-04:00,707.3278031045794,709.6218808832724,706.4001392457644,709.3825073242188,42518500
2026-04-23 00:00:00-04:00,707.6768673789517,710.5295037064266,700.4754491270062,706.6295776367188,56174000
2026-04-24 00:00:00-04:00,708.9236633096505,712.6340752101273,707.1881441382454,712.10546875,45182000
2026-04-27 00:00:00-04:00,711.3374146094498,713.7911152864904,710.4696550399041,713.332275390625,33135900
2026-04-28 00:00:00-04:00,709.9908768700561,711.0481506026886,707.4274735730012,709.8612060546875,43117400
2026-04-29 00:00:00-04:00,709.1729992133655,710.3699278433978,706.5497524472755,709.7515258789062,41859200
2026-04-30 00:00:00-04:00,712.7936806635566,717.9403946619685,708.6244289610544,716.8132934570312,67240900
2026-05-01 00:00:00-04:00,719.3966516418469,723.0073446973263,718.6186267345964,718.7982177734375,43049800
2026-05-04 00:00:00-04:00,718.2196821209096,720.2644021704073,713.152718877996,716.1649780273438,51950600
2026-05-05 00:00:00-04:00,719.9153564929043,723.1769124909786,719.6360467603954,721.9102172851562,36933200
2026-05-06 00:00:00-04:00,726.288861980811,732.7023927493656,725.9497697512824,731.9443359375,53288900
2026-05-07 00:00:00-04:00,733.161188473549,734.238430329629,727.8748196364371,729.7001342773438,51724600
2026-05-08 00:00:00-04:00,733.0415191543954,736.1834492768152,732.6824588199246,735.724609375,47227100
2026-05-11 00:00:00-04:00,734.5576163199453,738.8864300819614,734.5576163199453,737.4002685546875,44024000
2026-05-12 00:00:00-04:00,734.9964788307154,736.9414802248905,729.9494836014034,736.2831420898438,54185300
2026-05-13 00:00:00-04:00,736.5723674930287,741.9983910774667,733.5800764180441,740.4025268554688,44200200
2026-05-14 00:00:00-04:00,741.7391534739264,747.6040491923611,741.649357949993,746.2474975585938,45307600
2026-05-15 00:00:00-04:00,739.8838927249178,741.5496453663399,736.0637780312098,737.2706298828125,60410800
2026-05-18 00:00:00-04:00,737.9289136337939,739.5147938000424,731.5054597381557,736.751953125,47843900
2026-05-19 00:00:00-04:00,732.8919551385734,735.7545755811656,729.650306265128,731.8446044921875,54255900
2026-05-20 00:00:00-04:00,733.8195334397973,739.9636778498481,732.0042028263388,739.3452758789062,45768000
2026-05-21 00:00:00-04:00,736.7419902854853,742.9559620700644,735.1361419849363,740.8114624023438,43332200
2026-05-22 00:00:00-04:00,744.3224328967863,747.015507083493,742.566945697205,743.7239990234375,41762000
2026-05-26 00:00:00-04:00,748.0827892360243,750.1973368284331,746.4469887578754,748.6613159179688,41123600
2026-05-27 00:00:00-04:00,748.9505199197505,749.4492351039673,746.2973210478585,748.5316162109375,42106300
2026-05-28 00:00:00-04:00,748.3221518516883,753.2095851254732,747.3047533704411,752.6609497070312,41562600
2026-05-29 00:00:00-04:00,753.9576670103595,756.1320579864754,752.7507543048832,754.5361328125,55075700
2026-06-01 00:00:00-04:00,753.4189990020213,758.3264003155792,752.7507376917755,756.5908203125,43634900
2026-06-02 00:00:00-04:00,755.0847737682097,758.4461093852723,754.805464031348,757.6182250976562,31581900
2026-06-03 00:00:00-04:00,756.2018667594974,756.8501599793441,751.6336185743088,752.3018798828125,51402500
2026-06-04 00:00:00-04:00,750.1673635570705,756.3614281257201,749.5389775481502,755.1445922851562,49923000
2026-06-05 00:00:00-04:00,750.3768677170906,750.8855669656407,733.6400171295905,735.65478515625,93989400
2026-06-08 00:00:00-04:00,741.4498108327123,743.4247643242134,736.2931129658897,737.3204345703125,49319100
2026-06-09 00:00:00-04:00,741.7191759970133,744.9807928982774,720.7332622187009,735.1560668945312,87683500
2026-06-10 00:00:00-04:00,731.5054857614351,736.4826536495077,723.4661992814284,723.56591796875,60341300
2026-06-11 00:00:00-04:00,726.8873842592473,738.0984921563339,722.5485255148498,735.8642578125,86330500
2026-06-12 00:00:00-04:00,738.8066884479139,742.5270843334097,733.1412911200548,739.843994140625,57079500
2026-06-15 00:00:00-04:00,749.9179969688896,754.7356026867302,749.8282623277308,752.890380859375,60176400
2026-06-16 00:00:00-04:00,752.6111046530555,753.4988323298886,747.9531216783239,748.4019775390625,67093100
2026-06-17 00:00:00-04:00,749.3594421826946,750.217278570044,737.3204502885575,739.0560302734375,85945200
2026-06-18 00:00:00-04:00,747.760009765625,748.22998046875,743.8599853515625,746.739990234375,80875700
2026-06-22 00:00:00-04:00,747.7000122070312,750.1799926757812,743.1300048828125,744.3900146484375,46628100
2026-06-23 00:00:00-04:00,733.8099975585938,739.6300048828125,732.2999877929688,733.5800170898438,66846800
2026-06-24 00:00:00-04:00,735.1699829101562,739.9500122070312,730.8400268554688,733.239990234375,57439500
2026-06-25 00:00:00-04:00,738.9099731445312,739.3699951171875,729.5999755859375,734.2999877929688,53934400
2026-06-26 00:00:00-04:00,728.9500122070312,736.530029296875,716.5800170898438,728.989990234375,71034000
2026-06-29 00:00:00-04:00,736.530029296875,741.5599975585938,732.0900268554688,741.0,58035200
2026-06-30 00:00:00-04:00,741.2899780273438,748.02001953125,740.8900146484375,746.77001953125,55626000
2026-07-01 00:00:00-04:00,745.0,749.4400024414062,742.3800048828125,745.760009765625,47100900
2026-07-02 00:00:00-04:00,747.4000244140625,751.3099975585938,740.030029296875,744.780029296875,57447800
2026-07-06 00:00:00-04:00,748.739990234375,752.4099731445312,747.4099731445312,751.280029296875,50673300
2026-07-07 00:00:00-04:00,750.219970703125,750.9600219726562,745.2100219726562,747.7100219726562,43721500
2026-07-08 00:00:00-04:00,743.1599731445312,746.1500244140625,739.510009765625,745.4000244140625,43767400
2026-07-09 00:00:00-04:00,747.3499755859375,751.969970703125,745.5900268554688,751.7100219726562,41441700
2026-07-10 00:00:00-04:00,752.0499877929688,755.4199829101562,748.0999755859375,754.9500122070312,42191300
2026-07-13 00:00:00-04:00,752.469970703125,753.9099731445312,748.0,749.1699829101562,44013600
2026-07-14 00:00:00-04:00,750.9099731445312,753.3400268554688,748.6599731445312,751.8300170898438,35143100
2026-07-15 00:00:00-04:00,754.239990234375,755.5800170898438,750.2000122070312,754.8099975585938,43844800
2026-07-16 00:00:00-04:00,752.760009765625,754.5700073242188,747.8800048828125,750.719970703125,46409800
2026-07-17 00:00:00-04:00,742.0800170898438,747.2899780273438,740.7999877929688,743.2899780273438,62651000
2026-07-20 00:00:00-04:00,747.0599975585938,748.72998046875,741.510009765625,742.0900268554688,50422300
2026-07-21 00:00:00-04:00,746.2899780273438,749.0399780273438,744.1799926757812,748.280029296875,34324300
2026-07-22 00:00:00-04:00,746.6199951171875,750.02001953125,746.3699951171875,747.4099731445312,32836200
2026-07-23 00:00:00-04:00,739.3699951171875,742.5599975585938,735.2100219726562,738.1799926757812,55437300
2026-07-24 00:00:00-04:00,738.510009765625,743.719970703125,737.2899780273438,738.9299926757812,44725600
2026-07-27 00:00:00-04:00,744.9099731445312,745.530029296875,735.8699951171875,739.0900268554688,41105825
