Date,open,high,low,close,volume
2012-02-07 00:00:00-05:00,104.239063641177,104.89944853742023,103.82729814040306,104.72074890136719,135528100
2012-02-08 00:00:00-05:00,104.77513273772182,105.05482361392333,104.34782558591054,105.0315170288086,139361400
2012-02-09 00:00:00-05:00,105.2024453690898,105.34228488706192,104.5420604769098,105.1635971069336,148602900
2012-02-10 00:00:00-05:00,104.2312765531488,104.47211913199939,103.9826572105787,104.38665771484375,167907500
2012-02-13 00:00:00-05:00,105.13252561010374,105.28790680390338,104.68191184970712,105.1635971069336,115841900
2012-02-14 00:00:00-05:00,104.88390075319883,105.0936718740561,104.30121241568105,105.0315170288086,165329500
2012-02-15 00:00:00-05:00,105.37335323671564,105.52873440839367,104.33227449134344,104.54204559326172,195195100
2012-02-16 00:00:00-05:00,104.54981876875131,105.79287995433035,104.36335425624407,105.69965362548828,186567800
2012-02-17 00:00:00-05:00,106.06481628649111,106.15027771458377,105.6297442361373,105.97935485839844,129869400
2012-02-21 00:00:00-05:00,106.22794952632933,106.47656887063842,105.69965120190676,106.02595520019531,134042300
2012-02-22 00:00:00-05:00,105.86281558297975,106.08812838458134,105.49766326713568,105.68412780761719,124455300
2012-02-23 00:00:00-05:00,105.62975030512271,106.22796848131784,105.27236289761301,106.15028381347656,137704300
2012-02-24 00:00:00-05:00,106.38335418701172,106.5931253232538,106.15028831877102,106.38335418701172,105539100
2012-02-27 00:00:00-05:00,105.67634890287904,106.84949036247045,105.50542606044542,106.5620346069336,145728900
2012-02-28 00:00:00-05:00,106.59311948238117,106.99712005656986,106.3833483576337,106.87281036376953,129355900
2012-02-29 00:00:00-05:00,107.02818915828884,107.36226996836373,106.08034851783151,106.45327758789062,185934700
2012-03-01 00:00:00-05:00,106.67859397884557,107.20690431053474,106.38336138599496,107.00489807128906,145023500
2012-03-02 00:00:00-05:00,106.93496553441176,107.07481690294239,106.43773861652755,106.67858123779297,120638300
2012-03-05 00:00:00-05:00,106.51541805482373,106.5931027094813,105.87833987058768,106.24349212646484,140765000
2012-03-06 00:00:00-05:00,105.15584512978813,105.21798813109095,104.38669212186599,104.68968963623047,202129900
2012-03-07 00:00:00-05:00,104.93049809873023,105.59088285692009,104.82949500858234,105.41996002197266,143692200
2012-03-08 00:00:00-05:00,106.06482991151141,106.686366572498,105.84729385838996,106.46881866455078,116968900
2012-03-09 00:00:00-05:00,106.67081359678345,107.16026373704877,106.53873899672298,106.88058471679688,122836800
2012-03-12 00:00:00-04:00,106.86501434408937,107.02816039542472,106.5076270450335,106.88832092285156,104003500
2012-03-13 00:00:00-04:00,107.46324967885704,108.86946865845381,107.284550092797,108.81507873535156,184090500
2012-03-14 00:00:00-04:00,108.84617888777653,109.11809298081407,108.36448183313144,108.69856262207031,145163600
2012-03-15 00:00:00-04:00,108.86172540719325,109.37449403362805,108.58203450684931,109.327880859375,165118500
2012-03-16 00:00:00-04:00,109.52605785866986,109.61969274104864,109.24514130475802,109.47924041748047,152893500
2012-03-19 00:00:00-04:00,109.4090260689342,110.24396497610545,109.330989054009,109.90843200683594,125291100
2012-03-20 00:00:00-04:00,109.28418326612632,109.72116202005984,108.96424814028998,109.58850860595703,121729700
2012-03-21 00:00:00-04:00,109.65088694735505,109.75232074421493,109.18268883019054,109.40898895263672,122388400
2012-03-22 00:00:00-04:00,108.60529322931411,108.89402068653158,108.26196128866232,108.62090301513672,135216700
2012-03-23 00:00:00-04:00,108.71453469668222,109.09688509530108,108.11368304728315,108.97203063964844,120521000
2012-03-26 00:00:00-04:00,109.75235761537174,110.50147247314453,109.71335101481442,110.50147247314453,120164000
2012-03-27 00:00:00-04:00,110.60291637508213,110.67314254305177,110.08790066308505,110.15812683105469,119868500
2012-03-28 00:00:00-04:00,110.10348431406395,110.27515617731667,108.96420848582073,109.61187744140625,148562100
2012-03-29 00:00:00-04:00,108.96424175883526,109.62752069728266,108.53506196965031,109.42462921142578,164963700
2012-03-30 00:00:00-04:00,109.96306374889768,110.06450950111264,109.28418686999065,109.87722778320312,135486800
2012-04-02 00:00:00-04:00,109.74457681201476,110.96968908544977,109.52608742297059,110.68096160888672,151741100
2012-04-03 00:00:00-04:00,110.52487412696101,110.71215580611975,109.58067869968595,110.22834777832031,155806700
2012-04-04 00:00:00-04:00,109.41682662256893,109.5104615164397,108.73013898277812,109.13591003417969,146896000
2012-04-05 00:00:00-04:00,108.76135276730616,109.40121101935296,108.66770597163918,109.0812759399414,137439400
2012-04-09 00:00:00-04:00,107.70789986389484,109.12028150208225,107.55963670288735,107.85616302490234,127555900
2012-04-10 00:00:00-04:00,107.64547014822006,107.94979540073874,105.93656222762493,106.04580688476562,235360300
2012-04-11 00:00:00-04:00,107.1304630744169,107.32554368537436,106.70909419373004,106.9041748046875,154133000
2012-04-12 00:00:00-04:00,107.00563039903028,108.38679267908104,106.92759338474166,108.30095672607422,154321500
2012-04-13 00:00:00-04:00,108.05124268685456,108.32436028705281,106.9119667543509,107.01341247558594,169246700
2012-04-16 00:00:00-04:00,107.55964100970473,107.71570311451816,106.57643903328231,106.94319152832031,147825300
2012-04-17 00:00:00-04:00,107.55967827888719,108.7457721186437,107.45043357698721,108.52728271484375,147877600
2012-04-18 00:00:00-04:00,108.04345596330887,108.52725209138319,107.9810287360128,108.1604995727539,123884200
2012-04-19 00:00:00-04:00,108.17613038898067,108.58188958513271,106.95882898696757,107.46603393554688,198666700
2012-04-20 00:00:00-04:00,107.9420265809837,108.33218788060117,107.58307294635331,107.64550018310547,143199600
2012-04-23 00:00:00-04:00,106.54520719552204,106.83393455828308,106.0770209350112,106.74028778076172,171844900
2012-04-24 00:00:00-04:00,106.8339786029195,107.41922059991731,106.74814263375534,107.14610290527344,137484200
2012-04-25 00:00:00-04:00,108.19170209818671,108.65990032729823,108.09806721507464,108.61308288574219,150252200
2012-04-26 00:00:00-04:00,108.37898229292477,109.494849564151,108.31655506944303,109.3699951171875,136291600
2012-04-27 00:00:00-04:00,109.69773980541237,109.86160086459917,109.08908920059393,109.54947662353516,130725000
2012-04-30 00:00:00-04:00,109.33098132451006,109.40901833391821,108.84718520515221,109.1436996459961,115092200
2012-05-01 00:00:00-04:00,109.08127778346406,110.54048896507082,108.9564352317587,109.82259368896484,138832200
2012-05-02 00:00:00-04:00,109.18274447016971,109.60412537170976,108.8238027166284,109.49488067626953,121081000
2012-05-03 00:00:00-04:00,109.51044542970774,109.59628137207257,108.45701730807598,108.65989685058594,143759700
2012-05-04 00:00:00-04:00,108.090268253206,108.69891880685122,106.84174758036804,106.9041748046875,193927300
2012-05-07 00:00:00-04:00,106.52183176594787,107.34117286135371,106.48282516212954,106.98223114013672,127765900
2012-05-08 00:00:00-04:00,106.3423186850555,106.72468088624593,105.28107991477863,106.55300903320312,213377700
2012-05-09 00:00:00-04:00,105.42159920830586,106.59988217288567,104.94560189552979,105.92100524902344,220752500
2012-05-10 00:00:00-04:00,106.65446144486663,106.78712673272935,105.89755966025484,106.13945770263672,150600000
2012-05-11 00:00:00-04:00,105.47620570724999,106.80275176216949,105.42938825576007,105.81954956054688,153032400
2012-05-14 00:00:00-04:00,104.805125247129,105.81954699634903,104.49300097357413,104.64906311035156,163910000
2012-05-15 00:00:00-04:00,104.578851027514,105.1953007182278,103.88436430450658,104.04822540283203,207629300
2012-05-16 00:00:00-04:00,104.51638878631653,104.99238594765214,103.62682168722093,103.65023040771484,207265500
2012-05-17 00:00:00-04:00,103.67365164934732,103.79850611157781,102.0583782995297,102.11300659179688,247992900
2012-05-18 00:00:00-04:00,102.51096947742512,102.69045223661927,101.09078862941648,101.23905181884766,319615900
2012-05-21 00:00:00-04:00,101.56678978934168,103.01819026325407,101.40291680869034,102.97917175292969,177861100
2012-05-22 00:00:00-04:00,103.24448159239626,103.96237695760966,102.48756771571709,103.15864562988281,197531200
2012-05-23 00:00:00-04:00,102.41732457959309,103.36152001088925,101.43412255006835,103.2132568359375,204958400
2012-05-24 00:00:00-04:00,103.49417470630475,103.65803575990185,102.5499792631136,103.4161376953125,167357600
2012-05-25 00:00:00-04:00,103.37711134819918,103.66583874154833,102.83088803301538,103.08059692382812,135465600
2012-05-29 00:00:00-04:00,103.90772511068128,104.50856473647373,102.35487937573276,104.32909393310547,152883500
2012-05-30 00:00:00-04:00,103.43952973715957,104.32129781072304,102.60459100670572,102.81526947021484,162370400
2012-05-31 00:00:00-04:00,102.77630149788088,103.35373263869644,101.70725137048638,102.58901977539062,196186000
2012-06-01 00:00:00-04:00,100.98154485787087,102.61241614274111,100.00614166259766,100.00614166259766,253240900
2012-06-04 00:00:00-04:00,100.18559306796317,100.45871067233125,99.21019006204143,99.95930480957031,202545800
2012-06-05 00:00:00-04:00,99.76425460144317,100.86450649720882,99.70963225134685,100.71625518798828,164149400
2012-06-06 00:00:00-04:00,101.41852659417562,103.02598920260789,101.38730702320505,102.97917175292969,184202800
2012-06-07 00:00:00-04:00,104.1496289206248,104.1964463583002,102.830882194487,103.04157257080078,184772700
2012-06-08 00:00:00-04:00,102.77629112780137,103.88434775048091,102.44854516981815,103.8609390258789,143915400
2012-06-11 00:00:00-04:00,104.6958609534251,104.75828817780035,102.440729565012,102.54217529296875,169756100
2012-06-12 00:00:00-04:00,102.83869836718726,103.79069278205222,102.3471032824319,103.72046661376953,181931800
2012-06-13 00:00:00-04:00,103.41613159453294,104.0638006458773,102.70603531943277,103.05718994140625,172223900
2012-06-14 00:00:00-04:00,103.26788985640734,104.56322822790209,102.98697324459857,104.149658203125,230615500
2012-06-15 00:00:00-04:00,104.61866927168691,105.30890274048241,104.39904789955192,105.21478271484375,169444500
2012-06-18 00:00:00-04:00,104.77556570489918,105.67758142139635,104.54025361453947,105.41873931884766,131360900
2012-06-19 00:00:00-04:00,105.95211265783597,106.8698190253603,105.39520778431101,106.43841552734375,137382600
2012-06-20 00:00:00-04:00,106.44628188158201,106.7521840473058,105.31679327937982,106.265869140625,206451800
2012-06-21 00:00:00-04:00,106.39138467686983,106.50119541843307,103.79513559753873,103.88141632080078,205272200
2012-06-22 00:00:00-04:00,104.42258494552999,104.8775183808978,104.02255087266336,104.68142700195312,130029200
2012-06-25 00:00:00-04:00,103.57550573791607,103.61472642140386,102.63426917657026,103.00292205810547,146375700
2012-06-26 00:00:00-04:00,103.30096266289152,103.83433757471573,102.6969977088831,103.52058410644531,141634000
2012-06-27 00:00:00-04:00,103.86568245419414,104.65788733395605,103.51272035800194,104.4539566040039,108088000
2012-06-28 00:00:00-04:00,103.76373146315555,104.31279701881111,102.97152642796509,104.15591430664062,169242100
2012-06-29 00:00:00-04:00,106.04623808077461,106.885515107502,105.77171727246295,106.7521743774414,212250900
2012-07-02 00:00:00-04:00,107.0502309720173,107.18357170926897,106.29724657712887,107.07376098632812,129524500
2012-07-03 00:00:00-04:00,107.05024243514337,107.8581382622487,106.9404317004438,107.77970886230469,80450000
2012-07-05 00:00:00-04:00,107.37963853798249,108.08557471097612,106.90117507583632,107.2933578491211,126177500
2012-07-06 00:00:00-04:00,106.25800623661965,106.49331830466011,105.77170340621328,106.27369689941406,151192100
2012-07-09 00:00:00-04:00,106.18743325745127,106.33646465675609,105.6540583530167,106.14037322998047,103780500
2012-07-10 00:00:00-04:00,106.68154230055971,106.85410365987538,104.85396933578359,105.21478271484375,167884800
2012-07-11 00:00:00-04:00,105.2697581052575,105.57566034321071,104.61873293864434,105.23053741455078,141733400
2012-07-12 00:00:00-04:00,104.61866746119964,105.28537091204777,104.0068633682016,104.72062683105469,143583200
2012-07-13 00:00:00-04:00,104.99518010419199,106.58744132092384,104.97948944095941,106.47763061523438,129642600
2012-07-16 00:00:00-04:00,106.2345206304368,106.54042285620935,105.81095633722931,106.22666931152344,97525200
2012-07-17 00:00:00-04:00,106.65022876954143,107.17575246853151,105.53643066546898,106.95613098144531,138860300
2012-07-18 00:00:00-04:00,106.705121182885,107.96011128575789,106.64238244936672,107.74832916259766,113349700
2012-07-19 00:00:00-04:00,107.96795760694549,108.38367056206476,107.62284667642022,108.03070831298828,129847300
2012-07-20 00:00:00-04:00,107.41888110393735,107.58360316841795,106.92473884743724,107.04238891601562,142904500
2012-07-23 00:00:00-04:00,105.47366562137887,106.97180710843284,104.9795113583731,105.95996856689453,145210900
2012-07-24 00:00:00-04:00,106.03841076769683,106.08547079912172,104.34417782556966,105.05010223388672,173301200
2012-07-25 00:00:00-04:00,105.26970741847421,105.54422818429207,104.51671121228203,105.07361602783203,129122300
2012-07-26 00:00:00-04:00,106.58743122173496,107.03452531798145,106.09327710871896,106.80705261230469,156526500
2012-07-27 00:00:00-04:00,107.37180115380214,109.0817243001828,106.78352698312199,108.77581024169922,236768900
2012-07-30 00:00:00-04:00,108.65032084799029,109.29349438433023,108.45422945776357,108.77581024169922,106782000
2012-07-31 00:00:00-04:00,108.62678829657189,108.92483906418288,108.01498413085938,108.01498413085938,120575900
2012-08-01 00:00:00-04:00,108.79153735113246,108.81506736836513,107.77185938665008,107.92089080810547,138293800
2012-08-02 00:00:00-04:00,107.10516067738908,107.90521720651375,106.34432483499593,107.17575073242188,199556600
2012-08-03 00:00:00-04:00,108.68169032902532,109.52880657199314,107.20707924291816,109.30134582519531,157825000
2012-08-06 00:00:00-04:00,109.59156390692442,109.94452603747368,109.4660625369831,109.51312255859375,86326200
2012-08-07 00:00:00-04:00,109.95240262954549,110.53283768578521,109.83475253566677,110.06222534179688,109545100
2012-08-08 00:00:00-04:00,109.69356300239853,110.32104607382732,109.66218166774365,110.195556640625,89754700
2012-08-09 00:00:00-04:00,110.03863199683308,110.50925608964309,109.92882130430645,110.28963470458984,90291700
2012-08-10 00:00:00-04:00,109.84254454433083,110.50926003822264,109.66214382197721,110.47003936767578,99792700
2012-08-13 00:00:00-04:00,110.28182040221162,110.47006050730907,109.84256556388624,110.4151611328125,79426900
2012-08-14 00:00:00-04:00,110.82297644218548,110.89357842061544,110.101361747241,110.43079376220703,102379400
2012-08-15 00:00:00-04:00,110.3132296895169,110.74463336728853,110.24263962455652,110.55638122558594,71085900
2012-08-16 00:00:00-04:00,110.71321689801616,111.5054339372373,110.43869607633657,111.3720932006836,112014200
2012-08-17 00:00:00-04:00,111.56030831749955,111.61521965061445,111.27009689523051,111.52108764648438,90813700
2012-08-20 00:00:00-04:00,111.36419340918876,111.55244540921898,111.05829138943085,111.52891540527344,78255700
2012-08-21 00:00:00-04:00,111.80350823057029,112.23491186197502,110.9485522864514,111.19170379638672,105581100
2012-08-22 00:00:00-04:00,110.9092797043387,111.41912447325277,110.6504496150752,111.23872375488281,133243500
2012-08-23 00:00:00-04:00,110.96422994767921,110.97206929697721,110.15633413651412,110.32889556884766,111466400
2012-08-24 00:00:00-04:00,110.05437642118594,111.24661592851947,109.98378636332062,110.99561309814453,99481200
2012-08-27 00:00:00-04:00,111.29364440510886,111.44267579732065,110.86224089304059,111.01911163330078,68785900
2012-08-28 00:00:00-04:00,110.73675558672721,111.25443987635028,110.57204547451117,110.90931701660156,75689600
2012-08-29 00:00:00-04:00,111.00346441688981,111.29367596709635,110.68971087892115,110.99561309814453,65421300
2012-08-30 00:00:00-04:00,110.51713752576691,110.5485188604218,109.96024450460301,110.195556640625,96589900
2012-08-31 00:00:00-04:00,110.82302874229245,111.23875359024869,110.09357435814859,110.7210693359375,151970400
2012-09-04 00:00:00-04:00,110.62691893719335,110.95636302138469,109.9131553373634,110.61907958984375,120226200
2012-09-05 00:00:00-04:00,110.6660899729283,110.96415259709032,110.30528866117164,110.52490997314453,100660300
2012-09-06 00:00:00-04:00,111.19165189663289,112.77607359948755,111.18381255007503,112.76823425292969,158272500
2012-09-07 00:00:00-04:00,112.95647866315404,113.25454140237085,112.85451928010762,113.20748138427734,107272100
2012-09-10 00:00:00-04:00,113.09770601947534,113.29379746843941,112.52512233967246,112.5643310546875,86458500
2012-09-11 00:00:00-04:00,112.63493079853934,113.23888383185641,112.60354946499416,112.87808227539062,88760000
2012-09-12 00:00:00-04:00,113.25456237792969,113.3800637617351,112.87021887820212,113.25456237792969,87640900
2012-09-13 00:00:00-04:00,113.23883321644122,115.33308747679484,112.94078249181634,114.9801254272461,225470200
2012-09-14 00:00:00-04:00,115.20761054116514,116.17237677233919,115.11347854091476,115.48998260498047,169777000
2012-09-17 00:00:00-04:00,115.25471011844166,115.45080156427582,114.8076158770732,115.09783935546875,119427800
2012-09-18 00:00:00-04:00,114.90173322670942,115.15272402169838,114.71348115411482,115.00369262695312,98326600
2012-09-19 00:00:00-04:00,115.13702680260627,115.43508957512931,114.83897599855305,115.06643676757812,128318300
2012-09-20 00:00:00-04:00,114.54090496586743,115.13701849945473,114.22716352049915,115.07427978515625,154009800
2012-09-21 00:00:00-04:00,115.63334238089355,115.65699799417699,114.97884233788626,115.02615356445312,108737500
2012-09-24 00:00:00-04:00,114.45839250551239,115.11289253550828,114.3716512477453,114.85266876220703,95682000
2012-09-25 00:00:00-04:00,115.0971249601994,115.31791869140696,113.59886803288416,113.63041687011719,133165200
2012-09-26 00:00:00-04:00,113.60677365897898,113.63831046729847,112.7235866053896,112.99169158935547,146502200
2012-09-27 00:00:00-04:00,113.46488259443598,114.3165212175661,113.16522862545601,114.0562973022461,111830300
2012-09-28 00:00:00-04:00,113.6225918641506,113.99321271384773,113.12581168684248,113.52796936035156,150696100
2012-10-01 00:00:00-04:00,113.9616358236948,114.88424100845775,113.55946625921632,113.82758331298828,135911200
2012-10-02 00:00:00-04:00,114.27707545154335,114.45843923460711,113.41755574880487,113.94588470458984,113422200
2012-10-03 00:00:00-04:00,114.25340178862538,114.67921495822708,113.65410606005574,114.4111099243164,121283100
2012-10-04 00:00:00-04:00,114.84480604649748,115.39679048820936,114.68709792491671,115.231201171875,124311600
2012-10-05 00:00:00-04:00,115.84629424710918,116.04343244627763,114.89214006889519,115.23910522460938,124842100
2012-10-08 00:00:00-04:00,114.81329655514641,115.22333536235416,114.58460949693318,114.84483337402344,78415400
2012-10-09 00:00:00-04:00,114.75804291828248,114.85266536673774,113.6698366316226,113.70926666259766,148872900
2012-10-10 00:00:00-04:00,113.693495242254,113.8039041448385,112.83397589316709,112.98380279541016,124247500
2012-10-11 00:00:00-04:00,113.77241088506878,113.9380122874868,113.02328804025711,113.04694366455078,123601500
2012-10-12 00:00:00-04:00,113.12576556455387,113.5121486524439,112.4318353999801,112.67628479003906,124181900
2012-10-15 00:00:00-04:00,112.94444072566085,113.7329937110321,112.58171309051374,113.61471557617188,107689100
2012-10-16 00:00:00-04:00,114.15089051763343,114.84482078044627,114.07204246290648,114.76596069335938,108815500
2012-10-17 00:00:00-04:00,114.84485026488846,115.3810725235533,114.67136765464657,115.28643798828125,128834100
2012-10-18 00:00:00-04:00,114.98675537109376,115.53873983005126,114.60036023364412,114.98675537109375,148108500
2012-10-19 00:00:00-04:00,114.77387960743235,114.78176080496084,112.80249731267179,113.07060241699219,185645200
2012-10-22 00:00:00-04:00,112.88131807753736,113.2913688647123,112.1952810552783,113.08634948730469,125578600
2012-10-23 00:00:00-04:00,111.86411608383271,112.02182425906406,111.0519075506469,111.51715087890625,192056300
2012-10-24 00:00:00-04:00,111.91926439299556,112.0533289230518,111.02820813978121,111.20169067382812,120179400
2012-10-25 00:00:00-04:00,111.99026442027414,112.19528380270224,110.84686534438973,111.52500915527344,134457400
2012-10-26 00:00:00-04:00,111.42249165299306,111.8483047889968,110.70490585500525,111.46192169189453,146023500
2012-10-31 00:00:00-04:00,111.85619801619221,111.99813171740728,110.93358082886016,111.46192169189453,103438500
2012-11-01 00:00:00-04:00,111.69850680880832,112.77093917012807,111.59600311992946,112.6290054321289,100995600
2012-11-02 00:00:00-04:00,113.29925330870698,113.33080215681868,111.50924723007121,111.62752532958984,137702200
2012-11-05 00:00:00-05:00,111.46195524646225,112.10856235613896,111.13075244587124,111.85623168945312,98378500
2012-11-06 00:00:00-05:00,112.19525384882357,113.17306332501904,112.07697578137753,112.73147583007812,107068100
2012-11-07 00:00:00-05:00,111.7064151502769,111.72217754616813,109.65617264226928,110.17662048339844,264304500
2012-11-08 00:00:00-05:00,110.16082241932685,110.72070019478471,108.76508061117018,108.85182189941406,181517300
2012-11-09 00:00:00-05:00,108.5206316622884,109.95580352293281,108.46543922353477,108.94645690917969,201055300
2012-11-12 00:00:00-05:00,109.28551847955887,109.4590010403929,108.7887384484065,109.03318786621094,97677500
2012-11-13 00:00:00-05:00,108.45755538793803,109.80598607672806,108.3156216482558,108.65469360351562,123018300
2012-11-14 00:00:00-05:00,108.98589217814555,109.15936273137045,106.94353119917342,107.18798065185547,191505000
2012-11-15 00:00:00-05:00,107.22743144627815,107.62960116902224,106.59658665230526,107.00663757324219,178128400
2012-11-16 00:00:00-05:00,107.16429903513159,107.74783232077309,106.21803827296685,107.53491973876953,239483900
2012-11-19 00:00:00-05:00,108.74141336603887,109.7271042487345,107.5664775345757,109.71134185791016,151495800
2012-11-20 00:00:00-05:00,109.53787316909663,109.94003076850622,108.88337289623409,109.7586669921875,119807400
2012-11-21 00:00:00-05:00,109.85329479453806,110.05832623473063,109.63250096076261,109.96369171142578,81710800
2012-11-23 00:00:00-05:00,110.49988649801953,111.50133969843748,110.42890761505348,111.46192169189453,65409200
2012-11-26 00:00:00-05:00,110.90989072791102,111.46976822857447,110.54716336045705,111.2253189086914,100124400
2012-11-27 00:00:00-05:00,111.11493176308512,111.49343358074151,110.58660305051006,110.6575698852539,128646200
2012-11-28 00:00:00-05:00,110.20811871981068,111.61174153392201,109.60882301197005,111.54866790771484,177086500
2012-11-29 00:00:00-05:00,111.96660338558728,112.37664213061333,111.47769252442627,112.06910705566406,151085900
2012-11-30 00:00:00-05:00,112.08486935473513,112.30566312659202,111.70636746474592,112.0927505493164,136568300
2012-12-03 00:00:00-05:00,112.60532238959593,112.69994485855469,111.45403021037657,111.540771484375,124656300
2012-12-04 00:00:00-05:00,111.5329294002887,111.87200138786461,111.08344845039919,111.38310241699219,127512200
2012-12-05 00:00:00-05:00,111.47769212264028,112.10065549808677,110.68913941716532,111.58020782470703,147300500
2012-12-06 00:00:00-05:00,111.47774526163384,112.00607438226183,111.31215585267252,111.9587631225586,103220600
2012-12-07 00:00:00-05:00,112.39241299899398,112.5185843161003,111.71425720999623,112.29779052734375,108726400
2012-12-10 00:00:00-05:00,112.14010388570081,112.61322836697225,112.09278060844844,112.34512329101562,98840700
2012-12-11 00:00:00-05:00,112.81039239068889,113.63837546283807,112.75519993647315,113.11004638671875,152570400
2012-12-12 00:00:00-05:00,113.55161742000672,113.98532392079171,113.00751399469121,113.16522216796875,145880100
2012-12-13 00:00:00-05:00,113.0942189960254,113.41752846851018,112.18738826646499,112.47126770019531,135715000
2012-12-14 00:00:00-05:00,112.2268120026637,112.43183134737137,111.87984693288318,112.05332946777344,137701700
2012-12-17 00:00:00-05:00,112.34511065244493,113.43331729196277,112.31356180449252,113.37023162841797,143238200
2012-12-18 00:00:00-05:00,113.55159878777803,114.73442794181739,113.38599741197396,114.63191223144531,177762800
2012-12-19 00:00:00-05:00,114.75809858998979,114.79752864009325,113.74087067854757,113.78028869628906,150895400
2012-12-20 00:00:00-05:00,113.85124735548584,114.45054310046672,113.53581904310659,114.43476867675781,168487000
2012-12-21 00:00:00-05:00,112.9036602963679,114.4284181484335,112.72101023076948,113.39602661132812,245883800
2012-12-24 00:00:00-05:00,113.14985391084252,113.21338700859576,112.91955703447401,113.04662322998047,53874600
2012-12-26 00:00:00-05:00,113.27694146666015,113.33253748181507,112.25249885174904,112.57015228271484,106947700
2012-12-27 00:00:00-05:00,112.60185473468181,112.83216365345868,111.11680692799216,112.41920471191406,167920600
2012-12-28 00:00:00-05:00,111.68860702846145,112.30803946248903,111.07711168595326,111.20417785644531,148806700
2012-12-31 00:00:00-05:00,110.91034612652409,113.21336286997239,110.81504044136501,113.09424591064453,243935200
2013-01-02 00:00:00-05:00,115.23845360535289,116.06435959081082,114.93667443869583,115.99288940429688,192059000
2013-01-03 00:00:00-05:00,115.93730528636958,116.2390723347181,115.42110344351534,115.73081970214844,144761800
2013-01-04 00:00:00-05:00,115.9214365664197,116.42968927608095,115.68319045801901,116.23908996582031,116817700
2013-01-07 00:00:00-05:00,115.82616939467496,116.0326429396201,115.49261749619734,115.92146301269531,110002500
2013-01-08 00:00:00-05:00,115.7149339116397,115.87376057132012,115.13519903314497,115.5878677368164,121265100
2013-01-09 00:00:00-05:00,115.84201942085059,116.19939464928365,115.65936931851193,115.88172912597656,90745600
2013-01-10 00:00:00-05:00,116.52496171817855,116.81085457281769,115.92141552180622,116.80291748046875,130735400
2013-01-11 00:00:00-05:00,116.77115502503577,116.85851151925985,116.42967825887749,116.79499053955078,113917300
2013-01-14 00:00:00-05:00,116.65202019600208,116.79497267272744,116.28670797121278,116.7155532836914,89567200
2013-01-15 00:00:00-05:00,116.17554586924402,116.9061704305906,116.10407567879685,116.79499053955078,93172600
2013-01-16 00:00:00-05:00,116.55673873956361,116.96174858327485,116.42967255097622,116.77909851074219,104849500
2013-01-17 00:00:00-05:00,117.29532319077013,117.86710909209089,116.85854061091369,117.5335693359375,133833500
2013-01-18 00:00:00-05:00,117.50971564354003,117.92267471420443,117.08087026923877,117.79560852050781,169906000
2013-01-22 00:00:00-05:00,117.79557427823435,118.43089294433594,117.51761857503502,118.43089294433594,111797300
2013-01-23 00:00:00-05:00,118.43092619574527,118.72475616276533,118.216503510723,118.62151336669922,104596100
2013-01-24 00:00:00-05:00,118.44679658002221,119.23300498807144,118.33561669463431,118.65328216552734,146426400
2013-01-25 00:00:00-05:00,119.02655876908891,119.32038879394531,118.62153671569068,119.32038879394531,147211600
2013-01-28 00:00:00-05:00,119.3521071512178,119.38387975321258,118.73267470698833,119.17740631103516,113357700
2013-01-29 00:00:00-05:00,118.93919930917943,119.79687807911796,118.85977989581987,119.64598846435547,105694400
2013-01-30 00:00:00-05:00,119.63006288903492,119.86830893320713,119.06621432175056,119.17740631103516,137447700
2013-01-31 00:00:00-05:00,119.03445737978122,119.42359300076598,118.8041605381029,118.8835678100586,108975800
2013-02-01 00:00:00-05:00,119.63802753698465,120.24952303041013,119.43155404725006,120.10658264160156,131173000
2013-02-04 00:00:00-05:00,119.37596015563348,120.13039597465743,118.66915901118804,118.75651550292969,159073600
2013-02-05 00:00:00-05:00,119.39978901174015,120.29716524863211,119.35213009958439,119.9556884765625,113912400
2013-02-06 00:00:00-05:00,119.53473919362992,120.12239888776422,119.44738273670534,120.0429916381836,138762800
2013-02-07 00:00:00-05:00,120.08273740996304,120.1939172869438,119.01063621802885,119.88420104980469,162490000
2013-02-08 00:00:00-05:00,120.09067136299304,120.62274734018595,120.09067136299304,120.55127716064453,103133700
2013-02-11 00:00:00-05:00,120.50365005263617,120.63070413111424,120.22569426321033,120.52747344970703,73775000
2013-02-12 00:00:00-05:00,120.53539103199586,120.94835004387811,120.40038776454728,120.72599029541016,65392700
2013-02-13 00:00:00-05:00,120.97219902822215,121.19455882372934,120.48776973421724,120.8292465209961,82322600
2013-02-14 00:00:00-05:00,120.463949591835,121.08338219858973,120.32894629217824,120.9404296875,80834300
2013-02-15 00:00:00-05:00,121.05157505563892,121.17864122531465,120.35273535781624,120.79745483398438,215226500
2013-02-19 00:00:00-05:00,121.00391468142583,121.7265898078835,120.83715095544053,121.70276641845703,95105400
2013-02-20 00:00:00-05:00,121.61546157006835,121.65517127519878,120.12246390460878,120.18599700927734,160574800
2013-02-21 00:00:00-05:00,119.88419043970734,120.24949052415784,119.07415876899604,119.4553451538086,183257000
2013-02-22 00:00:00-05:00,120.03506975362247,120.62274169921875,119.51094301046567,120.62274169921875,106356600
2013-02-25 00:00:00-05:00,121.21043461074916,121.39308468741677,118.32768249511719,118.32768249511719,245824800
2013-02-26 00:00:00-05:00,118.89942642852438,119.2806127511748,118.11321827771908,119.1376724243164,186596200
2013-02-27 00:00:00-05:00,119.03444905782982,120.97216570000235,118.93120628203805,120.63862609863281,150781900
2013-02-28 00:00:00-05:00,120.63077155464326,121.40109413768499,120.24164777319547,120.40047454833984,126866000
2013-03-01 00:00:00-05:00,119.98742314942277,120.98010487933267,119.44741010484628,120.79745483398438,170634800
2013-03-04 00:00:00-05:00,120.51951555452938,121.4407272338867,120.32892839169583,121.44072723388672,99010200
2013-03-05 00:00:00-05:00,122.02843635697137,122.85434258828711,122.01255004933967,122.52873992919922,121431900
2013-03-06 00:00:00-05:00,122.96554043303276,123.02907355511967,122.42552707185004,122.6955337524414,94469900
2013-03-07 00:00:00-05:00,122.85433645821658,123.07669628315658,122.71139604977014,122.9178695678711,86101400
2013-03-08 00:00:00-05:00,123.45784186641575,123.60871930456851,122.82252316069646,123.44195556640625,123477800
2013-03-11 00:00:00-04:00,123.34667834232292,123.91845192375098,123.19578876648437,123.91051483154297,83746800
2013-03-12 00:00:00-04:00,123.8231676459643,123.96612014033101,123.25933111439839,123.632568359375,105755800
2013-03-13 00:00:00-04:00,123.69610160625223,123.98199447763652,123.27520545083911,123.80728149414062,92550900
2013-03-14 00:00:00-04:00,124.1328757639129,124.52201140434927,123.81522242481664,124.46641540527344,126329900
2013-03-15 00:00:00-04:00,124.31804283445827,124.46959133482159,123.88729016978412,124.30208587646484,138601100
2013-03-18 00:00:00-04:00,123.11358611592283,124.15056966821709,123.00191171315865,123.61612701416016,126704300
2013-03-19 00:00:00-04:00,123.87932554156909,124.04683101042541,122.51529158005769,123.32892608642578,167567300
2013-03-20 00:00:00-04:00,124.0548030905015,124.39779855898763,123.84739915923804,124.1904067993164,113759300
2013-03-21 00:00:00-04:00,123.44855983004008,124.15051989260527,122.92210195470835,123.1294937133789,128605000
2013-03-22 00:00:00-04:00,123.52044722984171,124.11870574951172,123.424717590006,124.11870574951172,111163600
2013-03-25 00:00:00-04:00,124.44564902676687,124.65305294430937,123.12151376940008,123.60011291503906,151322300
2013-03-26 00:00:00-04:00,124.11065249650322,124.62116566390593,123.97504876767997,124.58926391601562,86856600
2013-03-27 00:00:00-04:00,123.8474174329308,124.629150229574,123.64002564265888,124.58926391601562,99950600
2013-03-28 00:00:00-04:00,124.50947542096941,125.11571809796928,124.23826799788654,124.97212982177734,102932800
2013-04-01 00:00:00-04:00,124.9083406744723,125.16360336561887,124.17447869481846,124.47760009765625,99194100
2013-04-02 00:00:00-04:00,124.92428685633467,125.40289827513945,124.73283985449396,125.09180450439453,101504300
2013-04-03 00:00:00-04:00,125.16359098085292,125.25930839476426,123.49644777339665,123.823486328125,154167400
2013-04-04 00:00:00-04:00,123.98301923115588,124.5733050164837,123.71181177773248,124.3260269165039,131885000
2013-04-05 00:00:00-04:00,122.80246677569556,123.91922274311489,122.65889064691574,123.76766204833984,159666000
2013-04-08 00:00:00-04:00,123.85542087671729,124.61321226345329,123.44062506135604,124.60523986816406,86571200
2013-04-09 00:00:00-04:00,124.83653032950808,125.49063173014868,124.42173461621387,125.03594970703125,101922200
2013-04-10 00:00:00-04:00,125.37099602541561,126.7270456094602,125.33909427460301,126.56751251220703,135711100
2013-04-11 00:00:00-04:00,126.59143339671816,127.3970955670637,126.46380205881866,126.9822998046875,110142500
2013-04-12 00:00:00-04:00,126.57544353136771,126.86260788119168,125.9692130913354,126.67117309570312,116359900
2013-04-15 00:00:00-04:00,126.03303264310722,126.13673460284944,123.71977298854756,123.7357177734375,217259000
2013-04-16 00:00:00-04:00,124.66901659016757,125.62623936944615,124.36590740354971,125.56242370605469,147507800
2013-04-17 00:00:00-04:00,124.66906775594497,124.69300928968676,123.06573963433553,123.72781372070312,226834800
2013-04-18 00:00:00-04:00,123.93512686105446,123.96704077137336,122.48336040289752,122.95398712158203,167583200
2013-04-19 00:00:00-04:00,123.24118284275332,124.07874671386745,122.9380614754793,124.02290344238281,149687600
2013-04-22 00:00:00-04:00,124.26222468145892,124.86845532021324,123.44061766683859,124.57331848144531,106553500
2013-04-23 00:00:00-04:00,125.19550816405022,125.97722887442598,124.57332055372734,125.85758209228516,166141300
2013-04-24 00:00:00-04:00,125.89752211233989,126.27243175176089,125.6661886727309,125.93740844726562,96781200
2013-04-25 00:00:00-04:00,126.30426479509217,127.04611127195354,126.11282996616839,126.4478530883789,131060600
2013-04-26 00:00:00-04:00,126.29628298957886,126.51165932766233,125.81767160974736,126.22449493408203,95918800
2013-04-29 00:00:00-04:00,126.56745148836418,127.34917180811888,126.36803217004794,127.06999206542969,88572800
2013-04-30 00:00:00-04:00,127.04616077884194,127.40511339454329,126.51969045096068,127.37319946289062,116010700
2013-05-01 00:00:00-04:00,127.09401868004093,127.15783437133355,126.11287829106398,126.25645446777344,138874200
2013-05-02 00:00:00-04:00,126.57545721675203,127.5406523271149,126.45581046288544,127.4289779663086,96407600
2013-05-03 00:00:00-04:00,128.53775949597969,129.1280452628055,127.45291754469578,128.72122192382812,144202300
2013-05-06 00:00:00-04:00,128.81698812717477,129.23177180617628,128.76114484061864,129.04830932617188,66882100
2013-05-07 00:00:00-04:00,129.32754396237002,129.74232777782854,128.96060671004807,129.70245361328125,90359200
2013-05-08 00:00:00-04:00,129.55878642878395,130.3325346273156,129.4869983703454,130.2926483154297,97419200
2013-05-09 00:00:00-04:00,130.2368139652392,130.579809461391,129.59866950577353,129.92572021484375,106738600
2013-05-10 00:00:00-04:00,130.01348758197958,130.46018512892348,129.63059353751743,130.3485107421875,103203000
2013-05-13 00:00:00-04:00,130.18101719506748,130.66760114990888,129.87790790153835,130.4522247314453,81843200
2013-05-14 00:00:00-04:00,130.55585715083615,131.89596149721507,130.55585715083615,131.80023193359375,119000900
2013-05-15 00:00:00-04:00,131.58488099618236,132.77341263837482,131.54499468830647,132.5101776123047,120718500
2013-05-16 00:00:00-04:00,132.2390417481138,132.70169639231446,131.68864204774405,131.8880615234375,109913600
2013-05-17 00:00:00-04:00,132.37463173498412,133.2440976372086,132.19914164093547,133.16433715820312,129801000
2013-05-20 00:00:00-04:00,133.03667951326665,133.67482407727505,132.90107577129908,133.1563262939453,85071200
2013-05-21 00:00:00-04:00,133.275974998636,133.85030384492396,132.81332052959326,133.34776306152344,95804200
2013-05-22 00:00:00-04:00,133.48335556299162,134.86334645978616,131.75239677552105,132.35862731933594,244031800
2013-05-23 00:00:00-04:00,130.9467701965626,132.3427061293837,130.77128013413744,131.97576904296875,211064400
2013-05-24 00:00:00-04:00,131.1940588443314,131.91994850876407,130.80319237003772,131.86410522460938,151573900
2013-05-28 00:00:00-04:00,133.24406699593087,133.83435282849558,132.2629269114471,132.65379333496094,143679800
2013-05-29 00:00:00-04:00,131.95183045297827,132.25495184351877,131.09033716270093,131.79229736328125,160363400
2013-05-30 00:00:00-04:00,131.89600302742485,132.88511551408973,131.792301039012,132.2788848876953,107793800
2013-05-31 00:00:00-04:00,131.9119411465621,132.66176003988997,130.1251511079196,130.38040161132812,176850100
2013-06-03 00:00:00-04:00,130.68353184753795,131.18607266574557,129.75025045057745,131.09832763671875,168390700
2013-06-04 00:00:00-04:00,131.17009979551418,131.69656990582166,129.80606581364358,130.4681396484375,157631500
2013-06-05 00:00:00-04:00,130.09320020956173,130.3564352039876,128.5297593701479,128.6414337158203,211737800
2013-06-06 00:00:00-04:00,128.58560003094243,129.81403009639175,127.82780890234515,129.80604553222656,200225500
2013-06-07 00:00:00-04:00,130.69946890831088,131.5769068933845,130.1331125032635,131.45726013183594,188337800
2013-06-10 00:00:00-04:00,131.86407129269423,131.93585934962337,131.11425246274135,131.45726013183594,105667100
2013-06-11 00:00:00-04:00,130.26072934391692,131.24984158696952,129.81403192168776,130.1011962890625,159505400
2013-06-12 00:00:00-04:00,130.99463318361163,131.13023693234715,128.9047214994826,129.0243682861328,177361500
2013-06-13 00:00:00-04:00,128.95252310973612,131.21792385882225,128.6653587773456,130.98660278320312,163587800
2013-06-14 00:00:00-04:00,130.84302394996004,131.3535370030047,129.94962915002972,130.1649932861328,141197500
2013-06-17 00:00:00-04:00,131.05046128375994,131.7923078587411,130.19695249153358,131.1701202392578,136295600
2013-06-18 00:00:00-04:00,131.24186672077317,132.40648112528567,131.23389432823788,132.20706176757812,114695600
2013-06-19 00:00:00-04:00,132.0954157585682,132.32673690764452,130.32457050841768,130.38040161132812,206149500
2013-06-20 00:00:00-04:00,129.11205665567445,130.39631767900036,126.81474198746652,127.14976501464844,321255900
2013-06-21 00:00:00-04:00,128.01505146353534,128.11127534953422,126.27493352106859,127.55797576904297,271956800
2013-06-24 00:00:00-04:00,126.22682104771285,127.04474854726215,124.87962546940038,125.94615173339844,222329000
2013-06-25 00:00:00-04:00,127.08493954760068,128.3840241402796,126.23492863590123,127.15711975097656,162262200
2013-06-26 00:00:00-04:00,128.19951485329543,128.70471484578036,127.70234167719953,128.41603088378906,134848000
2013-06-27 00:00:00-04:00,129.18585645995586,129.7632243732071,129.06556434036165,129.16981506347656,129483700
2013-06-28 00:00:00-04:00,128.8089680442393,129.4264211180211,128.1915027344567,128.64056396484375,160402900
2013-07-01 00:00:00-04:00,129.31410764860522,130.29242449444106,129.1697718365948,129.39430236816406,131954800
2013-07-02 00:00:00-04:00,129.20185244515054,130.1480988184549,128.70467940595506,129.27403259277344,154863700
2013-07-03 00:00:00-04:00,128.68861816068022,129.7230736783842,128.48012903614853,129.33013916015625,75216400
2013-07-05 00:00:00-04:00,130.28440214911322,130.77356054286673,129.34618271899498,130.72544860839844,122416900
2013-07-08 00:00:00-04:00,131.39903876410492,131.824043828711,130.7735591506848,131.47120666503906,108092500
2013-07-09 00:00:00-04:00,132.29720361774588,132.57787297126393,131.72786256712266,132.41749572753906,119298000
2013-07-10 00:00:00-04:00,132.28920329033855,132.9146831734512,132.01656072303317,132.4656219482422,121410100
2013-07-11 00:00:00-04:00,134.00519332302164,134.40614237703872,132.45752361179888,134.2698211669922,135592200
2013-07-12 00:00:00-04:00,134.22971913906963,134.66273871848827,134.02123004320046,134.32594299316406,104212700
2013-07-15 00:00:00-04:00,134.69492802072227,135.03172401241005,134.46237054141193,134.83926391601562,69450600
2013-07-16 00:00:00-04:00,134.9274884709456,135.00768324581574,133.97323917161717,134.33409118652344,88702100
2013-07-17 00:00:00-04:00,134.84723705462028,135.10383817832923,134.50241438201328,134.6788330078125,92873900
2013-07-18 00:00:00-04:00,134.9675342578072,135.73736219982524,134.87932493357596,135.41659545898438,103620100
2013-07-19 00:00:00-04:00,135.13593640538627,135.705277478786,134.96753233933856,135.65716552734375,103831700
2013-07-22 00:00:00-04:00,135.84956977337566,136.11419763362068,135.52880316883858,135.92173767089844,79428600
2013-07-23 00:00:00-04:00,136.16232769035523,136.18638365939833,135.56090399228475,135.63307189941406,80829700
2013-07-24 00:00:00-04:00,136.1543582249805,136.2104970003911,134.86330098655523,135.13595581054688,112914000
2013-07-25 00:00:00-04:00,134.8953349542511,135.58496799165687,134.67080440588617,135.4646759033203,111088600
2013-07-26 00:00:00-04:00,134.8953502180112,135.6491366739566,134.33402378358335,135.60903930664062,107814600
2013-07-29 00:00:00-04:00,135.2641997709258,135.56892504134643,134.80712410129192,135.19203186035156,79695000
2013-07-30 00:00:00-04:00,135.60100782559968,135.74534364674818,134.87127743380137,135.19203186035156,85209600
2013-07-31 00:00:00-04:00,135.4727480666606,136.20247871112088,135.11189615285102,135.28831481933594,142388700
2013-08-01 00:00:00-04:00,136.31465846784937,136.97220852804915,136.24247834158876,136.8519287109375,110438400
2013-08-02 00:00:00-04:00,136.54726321346777,137.10057508603097,136.36283000127966,137.08453369140625,91116700
2013-08-05 00:00:00-04:00,136.7797947477706,137.09253458582708,136.6033761482519,136.884033203125,54072700
2013-08-06 00:00:00-04:00,136.61941561758323,136.9161263224441,135.80148812460914,136.106201171875,87495000
2013-08-07 00:00:00-04:00,135.67321846698053,135.86566628912405,135.16000388126307,135.66519165039062,84854700
2013-08-08 00:00:00-04:00,136.3066740822953,136.46705130036042,135.46467839245673,136.16233825683594,102181300
2013-08-09 00:00:00-04:00,135.9859557289028,136.402946395315,135.29632249583676,135.76943969726562,91757700
2013-08-12 00:00:00-04:00,135.08781023952872,135.76941653990593,135.02365689902288,135.60903930664062,68593300
2013-08-13 00:00:00-04:00,135.84958678490372,136.24250910017176,135.04768852713698,136.0099639892578,80806000
2013-08-14 00:00:00-04:00,135.94585712722704,136.1623731569092,135.28027987746376,135.31236267089844,79829200
2013-08-15 00:00:00-04:00,134.24581521997368,134.26184437819077,133.18730344971087,133.41986083984375,152931800
2013-08-16 00:00:00-04:00,133.16322345742216,133.62031134013472,132.71416238836898,132.97879028320312,130868200
2013-08-19 00:00:00-04:00,132.82643177388292,133.28351967076736,132.12075736577927,132.1287841796875,96437600
2013-08-20 00:00:00-04:00,132.34527317476213,133.27547802080468,132.20093737244284,132.77830505371094,89294400
2013-08-21 00:00:00-04:00,132.40947991531874,133.13921050630756,131.66372016382493,131.96041870117188,159530500
2013-08-22 00:00:00-04:00,132.23301834718356,133.35568325420417,132.2250037695321,133.16322326660156,101471400
2013-08-23 00:00:00-04:00,133.55619341577685,133.78072400982512,132.93071358435665,133.61231994628906,90888900
2013-08-26 00:00:00-04:00,133.74862188310223,134.1575978771371,133.02691825456688,133.11512756347656,89702100
2013-08-27 00:00:00-04:00,131.80002974206948,133.11514271073557,130.87785141889483,130.9740753173828,158619400
2013-08-28 00:00:00-04:00,130.91790673379876,131.90425041264112,130.7495149497989,131.43914794921875,108113000
2013-08-29 00:00:00-04:00,131.15047100644423,132.34529165693021,131.03017891838377,131.64764404296875,119200500
2013-08-30 00:00:00-04:00,131.92031556062318,131.93635695642723,130.84577452574845,131.23068237304688,134928900
2013-09-03 00:00:00-04:00,132.49768849712046,132.77835787238436,131.27078474536745,131.8240966796875,142375100
2013-09-04 00:00:00-04:00,131.85614584907213,133.1391881621649,131.6155861218658,132.91465759277344,97389400
2013-09-05 00:00:00-04:00,132.99485953090235,133.4358938786728,132.89862339880784,133.08306884765625,63090500
2013-09-06 00:00:00-04:00,133.52409475530177,133.9009879725176,131.896242023922,133.14720153808594,159756500
2013-09-09 00:00:00-04:00,133.47599467635965,134.50242371441064,133.47599467635965,134.4222412109375,87559300
2013-09-10 00:00:00-04:00,135.2321622305009,135.44065143504744,134.9274368857021,135.41659545898438,105847200
2013-09-11 00:00:00-04:00,135.23217525722728,135.84161376953125,134.99963005421694,135.84161376953125,94545900
2013-09-12 00:00:00-04:00,135.7934527325361,135.96987133422925,135.29627971103557,135.480712890625,83209000
2013-09-13 00:00:00-04:00,135.62503846609144,135.8896663247714,135.31229867601414,135.78541564941406,72727800
2013-09-16 00:00:00-04:00,137.2529228046564,137.31707614017316,136.3547883434198,136.57130432128906,106299200
2013-09-17 00:00:00-04:00,136.6916427489717,137.21287195223226,136.6916427489717,137.18080139160156,82523300
2013-09-18 00:00:00-04:00,137.13270485493211,139.14547860751352,136.78789425559995,138.76858520507812,203460600
2013-09-19 00:00:00-04:00,139.14541558871983,139.20956892986706,138.39964370438193,138.5359649658203,146616900
2013-09-20 00:00:00-04:00,138.86471727338204,138.86471727338204,137.4545550692021,137.56736755371094,132867100
2013-09-23 00:00:00-04:00,137.38209433646844,137.511014162907,136.49570136670613,136.9308319091797,104616500
2013-09-24 00:00:00-04:00,136.90660412749807,137.4142664711598,136.3506076268674,136.60845947265625,106333100
2013-09-25 00:00:00-04:00,136.6970968989521,136.97106832381147,136.09274165818883,136.21360778808594,117306500
2013-09-26 00:00:00-04:00,136.43926680066994,137.12419547197402,136.22169543654238,136.73741149902344,77146900
2013-09-27 00:00:00-04:00,136.05248956961051,136.29423419739675,135.75434482953827,136.10890197753906,99141800
2013-09-30 00:00:00-04:00,134.9566053586741,135.81075914327903,134.69068746986702,135.38368225097656,143937000
2013-10-01 00:00:00-04:00,135.48843230597524,136.58433067222114,135.35144654714986,136.4553985595703,127160000
2013-10-02 00:00:00-04:00,135.6576374247639,136.45537862702034,135.2386142676785,136.32644653320312,113350000
2013-10-03 00:00:00-04:00,136.01223600341018,136.13311450001117,134.4409139127656,135.06944274902344,176698000
2013-10-04 00:00:00-04:00,135.17415374885655,136.22975918191753,134.99687518651817,136.0927734375,96878000
2013-10-07 00:00:00-04:00,134.90823663783192,135.73821704981256,134.77125089267065,134.91629028320312,96295000
2013-10-08 00:00:00-04:00,134.89211903644744,135.06939760235707,133.24827777468045,133.344970703125,178015000
2013-10-09 00:00:00-04:00,133.60279406185512,133.92511192189352,132.57941579799402,133.44163513183594,168973000
2013-10-10 00:00:00-04:00,134.80346856261957,136.39090958289123,134.75512210241084,136.31838989257812,195955000
2013-10-11 00:00:00-04:00,136.10886893233985,137.24505980013518,135.99605643951446,137.1967010498047,105040000
2013-10-14 00:00:00-04:00,136.35064687549774,137.85750246184435,136.24588800093287,137.74468994140625,112106000
2013-10-15 00:00:00-04:00,137.3981852823111,137.91390141363706,136.56015117977225,136.7454833984375,155485000
2013-10-16 00:00:00-04:00,137.56738320446246,138.7277473460735,137.50291716374628,138.6552276611328,161676000
2013-10-17 00:00:00-04:00,138.09116110150356,139.66249480929125,138.06698787175057,139.5819091796875,129389000
2013-10-18 00:00:00-04:00,140.09767282431358,140.6214427077128,139.8156353205479,140.52474975585938,138316000
2013-10-21 00:00:00-04:00,140.57302291000988,140.8147674591963,140.21846587728828,140.53273010253906,104104000
2013-10-22 00:00:00-04:00,140.94373033961415,141.76564477265055,140.55693405809455,141.3466339111328,126663000
2013-10-23 00:00:00-04:00,140.8631398667939,140.92760591149866,140.178211196132,140.6697540283203,105484000
2013-10-24 00:00:00-04:00,140.95179851807615,141.3144093107033,140.62141460441123,141.1371307373047,70350000
2013-10-25 00:00:00-04:00,141.42721167748454,141.82206161637018,141.15324019122508,141.78176879882812,93625000
2013-10-28 00:00:00-04:00,141.73335286677502,142.20072227077472,141.58024761254322,142.00732421875,84979000
2013-10-29 00:00:00-04:00,142.32968593995557,142.82122867275524,142.1282342018514,142.7648162841797,87401000
2013-10-30 00:00:00-04:00,142.93411022126384,143.0388568146584,141.548120609734,142.05577087402344,140002000
2013-10-31 00:00:00-04:00,141.94292309409153,142.5392248053883,141.44332660083603,141.65283203125,133795000
2013-11-01 00:00:00-04:00,141.8381666590801,142.31358988866052,141.19351853143115,141.99127197265625,142805000
2013-11-04 00:00:00-05:00,142.3780474918727,142.54726008427116,141.80591908489023,142.49085998535156,85677000
2013-11-05 00:00:00-05:00,141.93485296554482,142.42639575672885,141.4755493418442,142.03961181640625,85825000
2013-11-06 00:00:00-05:00,142.65200380266688,143.03073405395378,142.25715396955295,142.7648162841797,87348000
2013-11-07 00:00:00-05:00,143.03078462784882,143.14359714925072,140.8228683711059,140.95985412597656,157000000
2013-11-08 00:00:00-05:00,140.911489954176,142.87766133354828,140.89538266431572,142.86154174804688,136713000
2013-11-11 00:00:00-05:00,142.72454042379127,143.05492426446332,142.55532782924982,142.88571166992188,62614000
2013-11-12 00:00:00-05:00,142.57949198954975,142.91792945274915,142.1201760994398,142.59561157226562,83990000
2013-11-13 00:00:00-05:00,141.8945480370785,143.78013341772834,141.8945480370785,143.73985290527344,103844000
2013-11-14 00:00:00-05:00,143.86879845562532,144.57791265908796,143.63511979983383,144.45704650878906,103435000
2013-11-15 00:00:00-05:00,144.69069094781472,145.1419408630726,144.50535879597052,145.08554077148438,102818000
2013-11-18 00:00:00-05:00,145.32733372696484,145.44819988894812,144.2556086733587,144.5779266357422,104796000
2013-11-19 00:00:00-05:00,144.50535537318817,144.94048569669795,144.01381266378834,144.26361083984375,93891000
2013-11-20 00:00:00-05:00,144.55373424019442,144.9888646612921,143.41754328560532,143.81239318847656,124909000
2013-11-21 00:00:00-05:00,144.2153479325978,145.08562137938245,144.12670862887958,144.97280883789062,92841000
2013-11-22 00:00:00-05:00,145.02916140581752,145.71410237319768,144.85994879688698,145.69798278808594,81296000
2013-11-25 00:00:00-05:00,145.95583626803113,145.98806314025146,145.34341503508614,145.5529327392578,79486000
2013-11-26 00:00:00-05:00,145.62550089734157,146.02840456022807,145.375702593655,145.59326171875,86994000
2013-11-27 00:00:00-05:00,145.74634787771268,146.0445049100082,145.5690693057453,145.9477996826172,58800000
2013-11-29 00:00:00-05:00,146.10893837341948,146.45542949866194,145.6899152699014,145.85107421875,55870900
2013-12-02 00:00:00-05:00,145.9236010714231,146.1975725274914,145.24672607561658,145.47235107421875,99726000
2013-12-03 00:00:00-05:00,144.99694688523886,145.3595576594831,144.3764719097993,144.84384155273438,116563000
2013-12-04 00:00:00-05:00,144.32004767309013,145.4320530418243,143.71569238517208,144.82769775390625,123033000
2013-12-05 00:00:00-05:00,144.56989252896466,144.8358104169091,144.0541763420661,144.191162109375,106934000
2013-12-06 00:00:00-05:00,145.58511731352868,145.93967428313948,145.16609432256718,145.8026885986328,127728000
2013-12-09 00:00:00-05:00,146.22984380634244,146.39100279849802,145.98004552415486,146.17343139648438,70124000
2013-12-10 00:00:00-05:00,145.8349598685916,146.1411704893403,145.5609884161533,145.64962768554688,80976000
2013-12-11 00:00:00-05:00,145.70599316313886,145.73016638376757,143.83651546361122,144.0137939453125,130591000
2013-12-12 00:00:00-05:00,143.94939412496484,144.1266726881935,143.24027987205014,143.53843688964844,115565000
2013-12-13 00:00:00-05:00,143.83657263833808,143.96550473003217,143.24833687649019,143.52230834960938,107808000
2013-12-16 00:00:00-05:00,144.19917668920297,144.89217128031646,144.1588838754651,144.416748046875,96195000
2013-12-17 00:00:00-05:00,144.5456606706874,144.5698338965473,143.63509484450213,143.95741271972656,89886000
2013-12-18 00:00:00-05:00,144.1750181715789,146.43933436439374,142.88573406989343,146.4151611328125,234906000
2013-12-19 00:00:00-05:00,145.99608492408063,146.41510794534184,145.61736700166898,146.2458953857422,136531200
2013-12-20 00:00:00-05:00,146.39180993692648,147.44504917041462,146.29459203803157,147.09666442871094,197087000
2013-12-23 00:00:00-05:00,147.81767603395383,147.97161256340974,147.509815337436,147.8824920654297,85598000
2013-12-24 00:00:00-05:00,147.89063348284557,148.27142005468764,147.88253611239702,148.20660400390625,45368800
2013-12-26 00:00:00-05:00,148.53875441852878,149.04107562946845,148.52255968059828,148.96005249023438,63365000
2013-12-27 00:00:00-05:00,149.15451083160573,149.21931451256089,148.79802877437126,148.95196533203125,61814000
2013-12-30 00:00:00-05:00,148.9681420273581,149.08967672981967,148.73319471576394,148.92764282226562,56857000
2013-12-31 00:00:00-05:00,149.1301832602598,149.6324920654297,149.01674593016926,149.6324920654297,86119900
2014-01-02 00:00:00-05:00,149.05727724911557,149.13020302275123,147.84200427886944,148.198486328125,119636900
2014-01-03 00:00:00-05:00,148.44965326541555,148.74942902975056,147.96355145381847,148.1741943359375,81390600
2014-01-06 00:00:00-05:00,148.66029105731053,148.71699736559427,147.51793153621463,147.74478149414062,108028200
2014-01-07 00:00:00-05:00,148.33617499485302,148.90329975255247,148.22275004331314,148.6521453857422,86144200
2014-01-08 00:00:00-05:00,148.62786690440757,148.93573998200495,148.17416701893444,148.68458557128906,96582300
2014-01-09 00:00:00-05:00,149.16258578737953,149.17879288638107,148.10124950707313,148.78179931640625,90683400
2014-01-10 00:00:00-05:00,149.0329836006231,149.25173621262283,148.27141050598445,149.18692016601562,102026400
2014-01-13 00:00:00-05:00,148.80610675943316,149.21929507427785,146.91838146581892,147.2019500732422,149892000
2014-01-14 00:00:00-05:00,147.68802131256876,148.88709916731733,147.41256249285306,148.8060760498047,105016100
2014-01-15 00:00:00-05:00,149.1545305896566,149.83508059140217,148.8385600629606,149.6082305908203,98525800
2014-01-16 00:00:00-05:00,149.30031709578466,149.60819016870454,148.9357377192395,149.4137420654297,72290600
2014-01-17 00:00:00-05:00,149.15448841907593,149.4380446584342,148.5225475443531,148.78179931640625,107848700
2014-01-21 00:00:00-05:00,149.640612675958,149.69733134981286,148.3038173231638,149.2193145751953,88621200
2014-01-22 00:00:00-05:00,149.4704648610254,149.53528089724108,149.0005578702578,149.3165283203125,61270900
2014-01-23 00:00:00-05:00,148.56300069830397,148.58730515807548,147.3072290688069,148.0930938720703,132496900
2014-01-24 00:00:00-05:00,147.12903957428043,147.17764851082234,144.88483222556744,144.93344116210938,208677100
2014-01-27 00:00:00-05:00,145.0711677028252,145.44385681285388,143.49941285328634,144.22047424316406,180843100
2014-01-28 00:00:00-05:00,144.32579386233442,145.26560777269015,144.3095867639093,145.0792694091797,110463200
2014-01-29 00:00:00-05:00,143.87208358927742,144.65796091368173,143.30495880939623,143.6857452392578,216597300
2014-01-30 00:00:00-05:00,144.88480979510462,145.67878448129093,144.423000244662,145.20887756347656,118938100
2014-01-31 00:00:00-05:00,143.41027360753938,145.2574870921497,143.33736021371362,144.35818481445312,194677900
2014-02-03 00:00:00-05:00,144.18809976593195,144.51216763948628,140.83394658881727,141.10940551757812,254837100
2014-02-04 00:00:00-05:00,141.7413268091277,142.4623882355272,141.0607769518868,142.09780883789062,165012400
2014-02-05 00:00:00-05:00,141.60358523152996,142.235526096595,140.7366970653076,141.9195556640625,164230500
2014-02-06 00:00:00-05:00,142.25176622335528,143.79110717773438,141.96010019003748,143.79110717773438,132877600
2014-02-07 00:00:00-05:00,144.46352587406375,145.72740760114038,143.99361891049014,145.57347106933594,170787200
2014-02-10 00:00:00-05:00,145.5896963993232,145.8894721323108,145.1927151490573,145.84085083007812,92218800
2014-02-11 00:00:00-05:00,145.9623802155983,147.80959403636945,145.86514997707675,147.43690490722656,117814100
2014-02-12 00:00:00-05:00,147.65568401812249,148.12559110781325,147.21819113456073,147.50985717773438,94717700
2014-02-13 00:00:00-05:00,146.51331456867652,148.4253446439296,146.50521719888187,148.2714080810547,100542200
2014-02-14 00:00:00-05:00,148.13366999892406,149.3651500678559,147.9959405460508,149.08969116210938,96498400
2014-02-18 00:00:00-05:00,149.2193077750331,149.4704745675776,148.78991232431488,149.26792907714844,80460900
2014-02-19 00:00:00-05:00,148.87900661461964,149.84312495724913,148.15794529017805,148.27947998046875,126524300
2014-02-20 00:00:00-05:00,148.4820275774841,149.49475486588383,147.9392072343891,149.15447998046875,104998100
2014-02-21 00:00:00-05:00,149.43802904913107,149.79451101556347,148.91141582933338,148.9843292236328,118116400
2014-02-24 00:00:00-05:00,149.3002810415507,150.81531684788794,149.23546502277804,149.81069946289062,114063900
2014-02-25 00:00:00-05:00,149.9322693378867,150.36166478138946,149.2598168374741,149.7540283203125,117085000
2014-02-26 00:00:00-05:00,149.97274302255957,150.36973652730612,149.34080225166824,149.76210021972656,98677200
2014-02-27 00:00:00-05:00,149.54337416022142,150.58850335481804,149.3732305245271,150.54800415039062,93880800
2014-02-28 00:00:00-05:00,150.5237723531193,151.62562083619335,149.92424533009472,150.92886352539062,150842000
2014-03-03 00:00:00-05:00,149.60005492133354,150.248202792637,148.8708962926124,149.86741638183594,167748500
2014-03-04 00:00:00-05:00,151.33384171463032,152.29795996282755,151.3014398844959,151.97389221191406,167545900
2014-03-05 00:00:00-05:00,152.10353593322412,152.37089741132786,151.86857628774212,152.11163330078125,88376900
2014-03-06 00:00:00-05:00,152.48436932518032,152.80843720076393,152.13598461465077,152.46005249023438,82516500
2014-03-07 00:00:00-05:00,153.09196321768718,153.09196321768718,151.85237365101298,152.5248260498047,114513500
2014-03-10 00:00:00-04:00,152.28992634208242,152.5005692321088,151.5688647864413,152.44386291503906,74939200
2014-03-11 00:00:00-04:00,152.6706942875877,152.8894468836563,151.34199633489743,151.69036865234375,99009100
2014-03-12 00:00:00-04:00,150.95311295682245,151.78759941004608,150.612825645166,151.7308807373047,104824400
2014-03-13 00:00:00-04:00,152.18461325938506,152.30614800025884,149.608239936523,150.02952575683594,155014300
2014-03-14 00:00:00-04:00,149.76216716887183,150.53183769673154,149.42998953859203,149.6082305908203,153919600
2014-03-17 00:00:00-04:00,150.36161224048564,151.31763303362973,150.29679622379865,150.96115112304688,98359500
2014-03-18 00:00:00-04:00,151.2690413508649,152.2412569871845,151.10699510948453,152.03871154785156,101804600
2014-03-19 00:00:00-04:00,152.05492272348843,152.26557791510368,150.26442776912222,151.22854614257812,176267300
2014-03-20 00:00:00-04:00,150.89636059797874,152.22505825854708,150.628999119875,152.11163330078125,117241000
2014-03-21 00:00:00-04:00,152.75041867753828,153.81643896619968,151.38329968436506,151.52163696289062,163128000
2014-03-24 00:00:00-04:00,152.0424664998827,152.22963968747018,150.23592364051524,150.8950653076172,121411000
2014-03-25 00:00:00-04:00,151.66001426979915,152.12386210576946,150.7648882753869,151.61119079589844,103852000
2014-03-26 00:00:00-04:00,152.2052392438912,152.44936904449938,150.4800768423198,150.52076721191406,119843000
2014-03-27 00:00:00-04:00,150.34175225176256,150.8218663695466,149.6500531609521,150.2034149169922,142383000
2014-03-28 00:00:00-04:00,150.6346920431745,151.70071266964217,150.54517819729782,150.9439239501953,101642000
2014-03-31 00:00:00-04:00,151.90415725506446,152.416828609481,150.96834081210383,152.1808319091797,99745000
2014-04-01 00:00:00-04:00,152.6772242766591,153.2794094785892,152.17269844774546,153.1898956298828,89193000
2014-04-02 00:00:00-04:00,153.38521064148046,153.90601513153712,153.10039044757636,153.70257568359375,78774000
2014-04-03 00:00:00-04:00,153.93852337104022,153.97921373434386,153.02711883442527,153.4990997314453,77435000
2014-04-04 00:00:00-04:00,154.33724450198577,154.36978933727593,151.440269899971,151.68438720703125,169381000
2014-04-07 00:00:00-04:00,151.31823751450284,151.57050040759265,149.69886768455598,150.00808715820312,140803000
2014-04-08 00:00:00-04:00,149.94299048633408,150.8706737747982,149.39777431317123,150.62655639648438,112660000
2014-04-09 00:00:00-04:00,151.03340459634293,152.2947188514959,150.59396857065025,152.2458953857422,100254000
2014-04-10 00:00:00-04:00,152.23776441964205,152.31099961930167,148.86066312641873,149.04783630371094,172959000
2014-04-11 00:00:00-04:00,148.21782573907478,149.25943459298824,147.54240536370077,147.7051544189453,167251000
2014-04-14 00:00:00-04:00,148.86068992537582,149.21874529966686,147.64819890065772,148.86883544921875,132382000
2014-04-15 00:00:00-04:00,149.17808189639138,149.9999727824702,147.7051698872428,149.89418029785156,157093000
2014-04-16 00:00:00-04:00,150.92759301418945,151.47280900759694,150.2603059549142,151.4646759033203,105197000
2014-04-17 00:00:00-04:00,151.26130330119355,152.09947283886547,151.00089484597657,151.6763153076172,105255000
2014-04-21 00:00:00-04:00,151.71699876583926,152.25408186752594,151.5298379577817,152.2052459716797,68329000
2014-04-22 00:00:00-04:00,152.35985904715739,153.31195411831976,152.27849072287074,152.89694213867188,85790000
2014-04-23 00:00:00-04:00,152.83996290015287,152.9213312123795,152.41680545892427,152.5388641357422,73869000
2014-04-24 00:00:00-04:00,153.28753771894173,153.30381635008726,152.11572461561227,152.84811401367188,88170000
2014-04-25 00:00:00-04:00,152.351741421761,152.44125527944314,151.25316338811305,151.59494018554688,100380000
2014-04-28 00:00:00-04:00,152.2134411340478,152.7342457736239,150.51268984103731,152.07510375976562,135121000
2014-04-29 00:00:00-04:00,152.56325623621365,153.0189584602928,152.2377581952869,152.78297424316406,84098000
2014-04-30 00:00:00-04:00,152.53077365636585,153.39335499215466,152.31918866814334,153.23873901367188,101508000
2014-05-01 00:00:00-04:00,153.16546053018055,153.66998628214427,152.76671482549432,153.25497436523438,93019000
2014-05-02 00:00:00-04:00,153.2387330340173,153.91415351437263,152.80744238295264,153.03529357910156,98122000
2014-05-05 00:00:00-04:00,152.28663805328154,153.43403956041934,151.86348050981306,153.3282470703125,75883000
2014-05-06 00:00:00-04:00,152.98642230818965,153.09221476512624,151.9610922458024,151.99363708496094,85454000
2014-05-07 00:00:00-04:00,152.50632684972697,152.96202915503147,151.3670586695092,152.8887939453125,106500000
2014-05-08 00:00:00-04:00,152.75045259526684,153.84088485656233,152.23778130687074,152.7260284423828,93618000
2014-05-09 00:00:00-04:00,152.75049424964087,153.0190234180733,152.03438335526212,152.9539337158203,83679000
2014-05-12 00:00:00-04:00,153.637472455639,154.51633235441358,152.98646374355135,154.44308471679688,86940000
2014-05-13 00:00:00-04:00,154.64651058867025,154.9557424935837,154.42680494598076,154.5814208984375,66454000
2014-05-14 00:00:00-04:00,154.44308450593033,154.516332143447,153.62932672117142,153.8490447998047,72367000
2014-05-15 00:00:00-04:00,153.5398084037388,153.57236566767918,151.74954381271587,152.49819946289062,154956000
2014-05-16 00:00:00-04:00,152.58767882300322,153.09221696437143,151.9448158005078,153.02711486816406,97458000
2014-05-19 00:00:00-04:00,152.73417503256496,153.7106817273666,152.59583772235572,153.588623046875,63839000
2014-05-20 00:00:00-04:00,153.51538050943756,153.5316591396947,152.2296543091269,152.62025451660156,111644000
2014-05-21 00:00:00-04:00,153.05967567853824,153.9792258101026,153.03526394203269,153.90599060058594,89093000
2014-05-22 00:00:00-04:00,153.94666035132914,154.59766892970487,153.68626437015237,154.28030395507812,61549000
2014-05-23 00:00:00-04:00,154.41869237884836,155.0045990516489,154.28035502790377,154.89881896972656,61092800
2014-05-27 00:00:00-04:00,155.47651141033967,155.89966880191193,155.38699758552542,155.85084533691406,72010000
2014-05-28 00:00:00-04:00,155.85084877760173,156.0949785249351,155.4765148427632,155.73692321777344,66723000
2014-05-29 00:00:00-04:00,156.09498476900586,156.56695323792064,155.69623908517897,156.54254150390625,64377000
2014-05-30 00:00:00-04:00,156.39608176940274,156.89247442315178,156.26587756780648,156.79481506347656,76316000
2014-06-02 00:00:00-04:00,157.0145520643685,157.04710932717757,156.2170729629523,156.97386169433594,64656000
2014-06-03 00:00:00-04:00,156.59137255113365,156.9738396251444,156.44490213995806,156.89247131347656,65047000
2014-06-04 00:00:00-04:00,156.62391717704,157.2993374358825,156.46116814987485,157.20982360839844,55529000
2014-06-05 00:00:00-04:00,157.38885080925232,158.39790222493775,156.81107748498502,158.2351531982422,92103000
2014-06-06 00:00:00-04:00,158.57694952795757,159.03265182595115,158.50371431941352,158.99197387695312,78696000
2014-06-09 00:00:00-04:00,158.96756333664337,159.5371912134205,158.821080501497,159.15472412109375,65119000
2014-06-10 00:00:00-04:00,158.95938983091966,159.2035195685508,158.6176131650178,159.1709747314453,57129000
2014-06-11 00:00:00-04:00,158.6013513761247,158.7803790415973,158.2595746739376,158.6176300048828,68772000
2014-06-12 00:00:00-04:00,158.43051892571233,158.52003278652492,157.14478002356762,157.49468994140625,106350000
2014-06-13 00:00:00-04:00,157.80391313557638,158.1294237099794,157.2993872664502,157.9748077392578,82017000
2014-06-16 00:00:00-04:00,157.77949757796856,158.43863940187185,157.59233676281343,158.10499572753906,87424000
2014-06-17 00:00:00-04:00,157.88532215345816,158.65838972852833,157.71442751917732,158.54446411132812,84834000
2014-06-18 00:00:00-04:00,158.54440139067302,159.79758268411314,158.19447915108483,159.70806884765625,105267000
2014-06-19 00:00:00-04:00,159.84645561839375,159.98480538596579,159.33379659364527,159.88714599609375,85929000
2014-06-20 00:00:00-04:00,160.28531710020567,160.3425590847571,160.01548876544248,160.21173095703125,100587000
2014-06-23 00:00:00-04:00,160.25258619397073,160.30164361353548,159.86828643877416,160.1626434326172,70611000
2014-06-24 00:00:00-04:00,159.87650239427978,160.66963083212752,159.0179598869081,159.19784545898438,96237000
2014-06-25 00:00:00-04:00,158.86254355978355,160.08085675522173,158.8298427754924,159.91732788085938,82782000
2014-06-26 00:00:00-04:00,159.9419177006102,159.95827433723215,158.73178859620498,159.80291748046875,84312000
2014-06-27 00:00:00-04:00,159.42676031407385,160.16265910893665,159.35317417752432,160.1136016845703,71445100
2014-06-30 00:00:00-04:00,160.01547320049545,160.39977299052308,159.87647300697884,160.03182983398438,70201200
2014-07-01 00:00:00-04:00,160.42432465971527,161.5935808306111,160.3670951489979,161.1029815673828,90470000
2014-07-02 00:00:00-04:00,161.11929198252415,161.4708784550265,161.045705857087,161.26646423339844,52475000
2014-07-03 00:00:00-04:00,161.72432804039568,162.13315642790272,161.60168451472447,162.0595703125,52938800
2014-07-07 00:00:00-04:00,161.748906502179,161.8797221342282,161.25830733351543,161.49542236328125,61696000
2014-07-08 00:00:00-04:00,161.20107438754272,161.2583163668906,160.0645316437118,160.45701599121094,108143000
2014-07-09 00:00:00-04:00,160.85771937223384,161.32379002841523,160.51430479863407,161.17660522460938,72992000
2014-07-10 00:00:00-04:00,159.6230159060952,160.9639730161399,159.49218777915013,160.53878784179688,99040000
2014-07-11 00:00:00-04:00,160.44063579664575,160.87399294980463,160.08086476916577,160.759521484375,64243000
2014-07-14 00:00:00-04:00,161.5772180998856,161.7816323724437,161.43821789172094,161.5690460205078,58658000
2014-07-15 00:00:00-04:00,161.66712059931285,161.97783420865275,160.55510673459807,161.26646423339844,111307000
2014-07-16 00:00:00-04:00,161.98606216380327,162.10870574850497,161.42187672125894,161.86341857910156,79986400
2014-07-17 00:00:00-04:00,161.36462344173327,161.97786622784102,159.7947109300158,160.02366638183594,145398000
2014-07-18 00:00:00-04:00,160.5470126943775,161.82255606110758,160.4570698940845,161.65902709960938,124330000
2014-07-21 00:00:00-04:00,161.1520158028646,161.48725816860198,160.6123591862809,161.35643005371094,67592000
2014-07-22 00:00:00-04:00,161.90421352901495,162.35392725056315,161.78974207957108,162.0595703125,67678000
2014-07-23 00:00:00-04:00,162.30493158318157,162.59111655388585,161.97787373933983,162.41940307617188,65612000
2014-07-24 00:00:00-04:00,162.5747207385196,162.76277832958417,162.2640071282315,162.4275360107422,56888000
2014-07-25 00:00:00-04:00,161.96964330148987,162.1086434695701,161.3482285836394,161.6671142578125,76837000
2014-07-28 00:00:00-04:00,161.69986119256254,161.96968952871265,160.76773261152442,161.73257446289062,69259000
2014-07-29 00:00:00-04:00,162.03507911564066,162.2640220675247,161.01300791028154,161.03753662109375,80466000
2014-07-30 00:00:00-04:00,161.60987082666983,161.8224695918301,160.39157010951192,161.06204223632812,104222000
2014-07-31 00:00:00-04:00,159.9418771902756,160.08087737521083,157.78326333186325,157.88137817382812,183479000
2014-08-01 00:00:00-04:00,157.44805950818028,158.42924559725353,156.6385869110124,157.3990020751953,189261000
2014-08-04 00:00:00-04:00,157.70149361097822,158.87074954951996,157.03102139269023,158.53550720214844,91340000
2014-08-05 00:00:00-04:00,157.8895618308642,158.29839030533412,156.42594890544714,156.99830627441406,152690000
2014-08-06 00:00:00-04:00,156.26240718505616,157.71783543659228,156.23787847671767,157.04736328125,94818000
2014-08-07 00:00:00-04:00,157.75870317238048,157.91405995882468,155.804503941932,156.1969757080078,135733000
2014-08-08 00:00:00-04:00,156.54861511346368,158.11033050538586,156.13160205745635,158.00404357910156,117014000
2014-08-11 00:00:00-04:00,158.600898969965,159.16508418834823,158.38831268212704,158.46189880371094,74544000
2014-08-12 00:00:00-04:00,158.30660975137374,158.74813914627433,157.7587809288388,158.24119567871094,73632000
2014-08-13 00:00:00-04:00,158.86258774881384,159.49218719051353,158.59277189311365,159.3123016357422,69047000
2014-08-14 00:00:00-04:00,159.57394270607392,160.0645294189453,159.42675795869354,160.0645294189453,57371000
2014-08-15 00:00:00-04:00,160.64507258703415,160.79224485906732,158.8789304639014,160.03182983398438,139951000
2014-08-18 00:00:00-04:00,160.9149319786723,161.44640414339491,160.82498919179298,161.37281799316406,75424000
2014-08-19 00:00:00-04:00,161.7652519914076,162.33760937526148,161.4381941939069,162.2149658203125,59135000
2014-08-20 00:00:00-04:00,161.99423298100947,162.8446034165057,161.9615321841634,162.6483612060547,72763000
2014-08-21 00:00:00-04:00,162.78730102849514,163.33512962673134,162.6564729367348,163.12254333496094,67791000
2014-08-22 00:00:00-04:00,162.99175367458153,163.27793863322938,162.50116692948643,162.86911010742188,76107000
2014-08-25 00:00:00-04:00,163.64585835165315,164.013801476842,162.83637349507399,163.69491577148438,63855000
2014-08-26 00:00:00-04:00,163.8012237548828,164.20188016527197,163.76033841072794,163.8012237548828,47298000
2014-08-27 00:00:00-04:00,163.8829357755346,163.9974196974825,163.48229195452416,163.7357635498047,47874000
2014-08-28 00:00:00-04:00,163.19614495430284,163.75215815885414,163.0326160623012,163.64585876464844,58330000
2014-08-29 00:00:00-04:00,163.89930919809888,164.12825211255011,163.38419387881018,164.11190795898438,65907000
2014-09-02 00:00:00-04:00,164.3244472058456,164.348975905626,163.4168478846222,164.03009033203125,72426000
2014-09-03 00:00:00-04:00,164.65972751081733,164.68425621627424,163.7112426449756,163.940185546875,57462000
2014-09-04 00:00:00-04:00,164.2182251555205,164.8232958133007,163.2533959061348,163.70310974121094,85236000
2014-09-05 00:00:00-04:00,163.67038061822885,164.50439415189038,163.04896586407267,164.43898010253906,102177000
2014-09-08 00:00:00-04:00,164.2836375023405,164.52076501130287,163.53139458442675,164.01380920410156,64146000
2014-09-09 00:00:00-04:00,163.86656927622252,163.9810407061075,162.64008432326204,162.97532653808594,88591000
2014-09-10 00:00:00-04:00,163.06532586001646,163.69492522928775,162.52568173423936,163.58863830566406,67251000
2014-09-11 00:00:00-04:00,162.93453233240461,163.80124685430937,162.8118762826429,163.77671813964844,66774400
2014-09-12 00:00:00-04:00,163.61318144081503,163.62952559884081,162.35398259126396,162.82005310058594,117409300
2014-09-15 00:00:00-04:00,162.84458771686445,162.97541584455217,162.20681618995812,162.69740295410156,76401000
2014-09-16 00:00:00-04:00,162.3948744013148,164.2182462102684,162.30493162276784,163.92388916015625,116201000
2014-09-17 00:00:00-04:00,164.16091839291602,164.90497641372096,163.32690517097748,164.14456176757812,151266000
2014-09-18 00:00:00-04:00,164.64341878825334,165.0440752213831,164.43083245361942,165.01954650878906,94990000
2014-09-19 00:00:00-04:00,165.544468474774,165.85662200296588,164.53404017667552,164.870849609375,121649000
2014-09-22 00:00:00-04:00,164.58333433620854,164.60797770517428,163.25252973818064,163.59754943847656,125553000
2014-09-23 00:00:00-04:00,163.00606091222303,163.68788994021284,162.611754528668,162.66104125976562,111393000
2014-09-24 00:00:00-04:00,162.68572017026568,164.04116824547012,162.2585600509073,163.9343719482422,107276000
2014-09-25 00:00:00-04:00,163.50717537324027,163.51539818553277,161.2316875581392,161.2891845703125,150300000
2014-09-26 00:00:00-04:00,161.58495197959894,162.97325379747792,161.35493881229354,162.5707244873047,103547000
2014-09-29 00:00:00-04:00,161.17418447817954,162.5624860556339,161.05096763659645,162.27496337890625,95112000
2014-09-30 00:00:00-04:00,162.39821361774884,162.8993163958531,161.51101464005058,161.8478240966797,131302000
2014-10-01 00:00:00-04:00,161.58491760168667,161.64242714866637,159.2929966955178,159.65444946289062,177798000
2014-10-02 00:00:00-04:00,159.51483230828418,160.2377380483554,158.01153633438454,159.67913818359375,157285000
2014-10-03 00:00:00-04:00,160.74702079838477,161.78209246427897,160.25414086989917,161.43707275390625,121569000
2014-10-06 00:00:00-04:00,162.11066336986852,162.32425593280718,160.6648648377657,161.24810791015625,104778000
2014-10-07 00:00:00-04:00,160.4185014488011,160.77995440212672,158.72625583530495,158.7591094970703,147913000
2014-10-08 00:00:00-04:00,158.84943446093106,161.76568823010842,158.01974495236843,161.53567504882812,186461000
2014-10-09 00:00:00-04:00,161.28103211049782,161.50283503073726,158.2004847424251,158.33192443847656,210705000
2014-10-10 00:00:00-04:00,158.2908461952564,159.0794592931816,156.48359426650035,156.524658203125,221909000
2014-10-13 00:00:00-04:00,156.45892890317165,157.02573900368472,153.8630517065143,153.9534149169922,230939000
2014-10-14 00:00:00-04:00,154.78307049251805,155.93314860459063,153.6494254700568,154.1916046142578,215847000
2014-10-15 00:00:00-04:00,152.10507649247734,154.18341765817033,149.44347963772088,153.14834594726562,380715000
2014-10-16 00:00:00-04:00,150.37996845823096,154.09305765843254,150.24031850944425,153.0169219970703,270391000
2014-10-17 00:00:00-04:00,154.78306600060583,155.87563453471907,154.125880317747,154.8241424560547,214625000
2014-10-20 00:00:00-04:00,154.5448608018225,156.450685718143,154.49557406339343,156.3274688720703,130011000
2014-10-21 00:00:00-04:00,157.46110666797045,159.53123749388763,157.29681335618127,159.42445373535156,154949000
2014-10-22 00:00:00-04:00,159.70376238225862,160.1145019516581,158.22509742546504,158.2908172607422,151822000
2014-10-23 00:00:00-04:00,159.8762638860313,161.17420241249158,159.58053089854948,160.13092041015625,154944000
2014-10-24 00:00:00-04:00,160.3937742033161,161.4124126723631,159.76945467796293,161.3631134033203,117927000
2014-10-27 00:00:00-04:00,160.78809963441634,161.3795655851563,160.21306677530146,161.14134216308594,82954000
2014-10-28 00:00:00-04:00,161.6835361871969,162.9978953377704,161.6095935354976,162.98968505859375,106736000
2014-10-29 00:00:00-04:00,163.10467790743206,163.57291447662246,161.66708948159052,162.74322509765625,142557000
2014-10-30 00:00:00-04:00,162.3078644502813,164.25476617446097,162.15999167381887,163.78652954101562,113330000
2014-10-31 00:00:00-04:00,165.75805834804967,165.7909245328237,164.92836893676946,165.65948486328125,146903000
2014-11-03 00:00:00-05:00,165.87303372731682,166.3084165828584,165.37193104936478,165.74981689453125,93600000
2014-11-04 00:00:00-05:00,165.30621654298392,165.61017229825384,164.34508761202454,165.17478942871094,93343000
2014-11-05 00:00:00-05:00,166.38235665297634,166.4234331112912,165.48694752167876,166.2180633544922,91709000
2014-11-06 00:00:00-05:00,166.25916424681674,166.9738470943814,165.64305488587422,166.88348388671875,107089000
2014-11-07 00:00:00-05:00,166.89988559774514,167.25312808301717,166.4398593669697,167.03953552246094,89540000
2014-11-10 00:00:00-05:00,167.07241245147236,167.6145790956135,166.86704268989263,167.56529235839844,66319000
2014-11-11 00:00:00-05:00,167.63097976728974,167.836349489152,167.2941704150901,167.72955322265625,54499400
2014-11-12 00:00:00-05:00,167.0477863885977,167.7789023141723,167.0149202038658,167.54888916015625,90120300
2014-11-13 00:00:00-05:00,167.71318011551497,168.26356962163666,166.93277745861934,167.73782348632812,85357900
2014-11-14 00:00:00-05:00,167.66386307430284,167.98423937175338,167.3516970540474,167.77886962890625,80417500
2014-11-17 00:00:00-05:00,167.45855148150582,168.05822782912045,167.29424560235336,167.88571166992188,80441000
2014-11-18 00:00:00-05:00,167.9431687947785,169.15895420525305,167.9431687947785,168.85501098632812,76068100
2014-11-19 00:00:00-05:00,168.65785344235604,168.85501291716375,167.82816415524326,168.58392333984375,82373000
2014-11-20 00:00:00-05:00,167.79535627975486,168.98651128529687,167.72963643198307,168.8797149658203,72840300
2014-11-21 00:00:00-05:00,170.57190480079473,170.7361980993706,169.2082466065422,169.7832794189453,142327300
2014-11-24 00:00:00-05:00,170.18586601351828,170.36659246329532,169.9722859068633,170.25979614257812,65880800
2014-11-25 00:00:00-05:00,170.48981150963317,170.69518133837093,169.88192483882835,170.13658142089844,79108300
2014-11-26 00:00:00-05:00,170.2844681479629,170.67056448878267,170.07088800539987,170.57199096679688,62167800
2014-11-28 00:00:00-05:00,170.44871571261106,170.76086927029675,169.97225629482244,170.21047973632812,57890100
2014-12-01 00:00:00-05:00,169.55334948367425,169.66835610258175,168.71544948939734,169.02760314941406,103968400
2014-12-02 00:00:00-05:00,169.0685945306488,170.3254564242295,169.04395116291388,170.12008666992188,74507200
2014-12-03 00:00:00-05:00,170.2926130737235,170.99086275971644,170.1283197673002,170.77728271484375,68952000
2014-12-04 00:00:00-05:00,170.4897471256687,171.08943582415705,169.79970777004428,170.5883331298828,91316600
2014-12-05 00:00:00-05:00,170.76084897425383,171.25374142642474,170.49798219193158,170.86764526367188,91025500
2014-12-08 00:00:00-05:00,170.47337921161022,170.96625924577924,169.16721766433233,169.725830078125,108588200
2014-12-09 00:00:00-05:00,167.8856375992583,169.71754455839078,167.50776432739312,169.61074829101562,125180100
2014-12-10 00:00:00-05:00,169.1507451227983,169.20824213513163,166.7027286600397,166.8916778564453,159856400
2014-12-11 00:00:00-05:00,167.48316696474103,169.38078172601433,167.3435170185409,167.73782348632812,159012800
2014-12-12 00:00:00-05:00,166.46450475996315,167.43385650213014,164.99406285906872,165.02691650390625,202330200
2014-12-15 00:00:00-05:00,165.92236517201553,166.37418123860553,163.29363424109798,163.893310546875,189965800
2014-12-16 00:00:00-05:00,163.12930790506184,166.2673512935725,162.5378419984192,162.57891845703125,259543800
2014-12-17 00:00:00-05:00,163.01428833105243,166.21805129068335,162.89105896505168,165.7662353515625,253910100
2014-12-18 00:00:00-05:00,168.1895908176554,174.9503585069581,167.51597211770653,169.8654022216797,257633900
2014-12-19 00:00:00-05:00,170.5138298050776,171.2572489465312,169.83650580930632,170.5881805419922,245084600
2014-12-22 00:00:00-05:00,170.77827044234235,171.3730010986328,170.53873210209736,171.3730010986328,148318900
2014-12-23 00:00:00-05:00,171.95117209001785,172.00073086704373,171.3151383756085,171.604248046875,122167900
2014-12-24 00:00:00-05:00,171.82726134697072,172.0915790045337,171.57945487778247,171.62075805664062,42963400
2014-12-26 00:00:00-05:00,172.06673233974107,172.51278633066443,172.01717358607308,172.1741180419922,57326700
2014-12-29 00:00:00-05:00,171.99238910090492,172.6118987112663,171.92630656332508,172.4053955078125,79643900
2014-12-30 00:00:00-05:00,171.9841999360943,172.11635245834034,171.40598065993237,171.48033142089844,73540800
2014-12-31 00:00:00-05:00,171.80247454080862,171.96767464514608,169.6548353725416,169.7787322998047,130333800
2015-01-02 00:00:00-05:00,170.47252742690722,170.88553383109766,168.6552891653052,169.68780517578125,121465900
2015-01-05 00:00:00-05:00,168.64712781778834,168.81232795099038,166.31777695052656,166.62339782714844,169632600
2015-01-06 00:00:00-05:00,166.928980437492,167.44937271154942,164.26096171619886,165.05393981933594,209151400
2015-01-07 00:00:00-05:00,166.3755058100245,167.44932502984875,165.9294644192436,167.11065673828125,125346700
2015-01-08 00:00:00-05:00,168.51496153307292,170.2908976139129,168.49845034263765,170.0761260986328,147217800
2015-01-09 00:00:00-05:00,170.48905745841736,170.5055812455194,168.10188068241575,168.713134765625,158567300
2015-01-12 00:00:00-05:00,168.8453161791333,169.00226066188512,166.7885393225758,167.3915252685547,144396100
2015-01-13 00:00:00-05:00,168.60574554907672,169.72912357347792,165.62383853897953,166.92068481445312,214553300
2015-01-14 00:00:00-05:00,164.9135433060089,166.11127262335853,164.02146007134786,165.91302490234375,192991100
2015-01-15 00:00:00-05:00,166.54899117615352,166.86286751898896,164.2774556177399,164.39309692382812,176613900
2015-01-16 00:00:00-05:00,164.18659841874955,166.70594044959492,164.00487456052744,166.5489959716797,211879600
2015-01-20 00:00:00-05:00,167.18498561405204,167.4493157598487,165.34298059986864,166.90414428710938,130991100
2015-01-21 00:00:00-05:00,166.4416173249317,168.22580840656576,165.97905206760984,167.74671936035156,122942700
2015-01-22 00:00:00-05:00,168.4983992677013,170.37343973468046,167.12721463947537,170.2412872314453,174356000
2015-01-23 00:00:00-05:00,169.98521597655784,170.24129060330148,169.17572673589194,169.30789184570312,117516800
2015-01-26 00:00:00-05:00,169.09310423115286,169.795207625169,168.3827326417059,169.704345703125,92009700
2015-01-27 00:00:00-05:00,167.65583025769982,168.60573999976427,166.63983797473307,167.46585083007812,134044600
2015-01-28 00:00:00-05:00,168.64706860560267,168.74618612993115,165.1282578484053,165.3182373046875,168514300
2015-01-29 00:00:00-05:00,165.51649304484636,167.10243653138437,164.1122608271368,166.84637451171875,173585400
2015-01-30 00:00:00-05:00,165.67343415017112,166.99504739330268,164.48397340858196,164.748291015625,197729700
2015-02-02 00:00:00-05:00,165.24390342208943,166.87940563546837,163.4349329327051,166.78854370117188,163107000
2015-02-03 00:00:00-05:00,167.68062446617702,169.20875342530874,167.30892116918625,169.2004852294922,124212900
2015-02-04 00:00:00-05:00,168.44057206127013,169.64655660572535,168.10190370106497,168.55621337890625,134306700
2015-02-05 00:00:00-05:00,169.21704055366874,170.40650140888124,169.1427024012078,170.2578125,97953200
2015-02-06 00:00:00-05:00,170.62122529181084,171.18292062670562,169.26656461865574,169.78695678710938,125672000
2015-02-09 00:00:00-05:00,169.1426646169671,169.86129180480972,168.6222724580705,169.0270233154297,87219000
2015-02-10 00:00:00-05:00,170.0595726937605,171.08382082082983,169.06834693936443,170.8277587890625,96164200
2015-02-11 00:00:00-05:00,170.6625317819855,171.35637961746548,170.01824270561735,170.92684936523438,91087800
2015-02-12 00:00:00-05:00,171.7197950096614,172.62841410225678,170.9598647703792,172.57058715820312,97545900
2015-02-13 00:00:00-05:00,172.69457410280586,173.33059514897005,172.43849944078457,173.28103637695312,93670400
2015-02-17 00:00:00-05:00,172.96715972348892,173.72710296198468,172.71936584567644,173.5536346435547,76968200
2015-02-18 00:00:00-05:00,173.1818717963169,173.64443701478808,172.91754161207228,173.57009887695312,80652900
2015-02-19 00:00:00-05:00,172.9753918948121,173.80966051892923,172.83497119197804,173.4462127685547,91462500
2015-02-20 00:00:00-05:00,173.0332236230692,174.56135292583096,172.41371378745657,174.4870147705078,140896400
2015-02-23 00:00:00-05:00,174.23920742827661,174.4622344970703,173.85923585195994,174.4622344970703,74411100
2015-02-24 00:00:00-05:00,174.38785846833633,175.1560571033271,174.090493287688,174.9578094482422,72472300
2015-02-25 00:00:00-05:00,174.83395297110542,175.31304212871333,174.47050515471588,174.80917358398438,73061700
2015-02-26 00:00:00-05:00,174.7182719301766,174.87521641558922,173.99963205507456,174.60263061523438,72697900
2015-02-27 00:00:00-05:00,174.5034583905861,174.76778853466683,173.95829952534078,174.0078582763672,108076000
2015-03-02 00:00:00-05:00,174.1070098663145,175.16430544173227,174.05745110558516,175.1064910888672,87491400
2015-03-03 00:00:00-05:00,174.67697275512717,175.15606181483415,173.52881517195365,174.3878631591797,110325800
2015-03-04 00:00:00-05:00,173.7931153877391,173.86746613042823,172.6862610867606,173.65269470214844,114497200
2015-03-05 00:00:00-05:00,173.97484964121526,174.12353853152536,173.33882872209776,173.8426971435547,76873000
2015-03-06 00:00:00-05:00,172.98364859577046,173.41317890386983,171.06730490510006,171.397705078125,188128000
2015-03-09 00:00:00-04:00,171.5959539499552,172.46325756122909,171.4390094552801,172.1080780029297,89818900
2015-03-10 00:00:00-04:00,170.74512768789077,170.8277214133803,169.27481316828494,169.3161163330078,157121300
2015-03-11 00:00:00-04:00,169.57222253293673,169.74569082843064,168.83707138338562,168.919677734375,110145700
2015-03-12 00:00:00-04:00,169.54741781479228,171.13336120593354,169.4978590531875,171.06729125976562,93993500
2015-03-13 00:00:00-04:00,170.79470371277253,171.7528691698583,168.9857333090318,170.01824951171875,162410900
2015-03-16 00:00:00-04:00,170.74519999434727,172.38070265752788,170.04308370859778,172.2898406982422,136099200
2015-03-17 00:00:00-04:00,171.5546219127697,172.15760780310515,170.96814720565243,171.77764892578125,94510400
2015-03-18 00:00:00-04:00,171.30683124757832,174.51176564005567,170.67079772450302,173.8426971435547,228808500
2015-03-19 00:00:00-04:00,173.4297305146279,173.85099269340574,172.6615317133733,173.0497589111328,117917300
2015-03-20 00:00:00-04:00,173.99640669875154,175.0833117613719,173.81387167111257,174.5771942138672,177715100
2015-03-23 00:00:00-04:00,174.5854567022096,175.1579516761038,174.2369842529297,174.2369842529297,71784500
2015-03-24 00:00:00-04:00,174.11257043384242,174.5688953590549,173.191602819688,173.2579803466797,77805300
2015-03-25 00:00:00-04:00,173.46538811728843,173.69770310854292,170.67759556201722,170.7190704345703,159521700
2015-03-26 00:00:00-04:00,170.05534076691788,171.22520830472868,169.35838305008411,170.3125457763672,153067200
2015-03-27 00:00:00-04:00,170.19642747397884,170.87677514019603,170.00558728862822,170.70254516601562,118939000
2015-03-30 00:00:00-04:00,171.7312812473768,173.0836961316314,171.7146963647814,172.78500366210938,96180400
2015-03-31 00:00:00-04:00,171.96369249262716,172.6606504185664,171.21696723081993,171.27503967285156,126768700
2015-04-01 00:00:00-04:00,171.2417760098176,171.2666659960578,169.68193601760873,170.66928100585938,137303600
2015-04-02 00:00:00-04:00,170.60294970108774,171.73134247042432,170.4204146457377,171.28330993652344,86900900
2015-04-06 00:00:00-04:00,170.3955014457633,172.95097921240085,170.26275905467685,172.4365692138672,114368200
2015-04-07 00:00:00-04:00,172.46148275849654,173.20820786869345,171.94707268970402,171.98025512695312,81236300
2015-04-08 00:00:00-04:00,172.2042701655457,173.0007752267654,171.81431007882907,172.56103515625,89351900
2015-04-09 00:00:00-04:00,172.3951263173616,173.5567016665092,171.9056061816652,173.3243865966797,85548900
2015-04-10 00:00:00-04:00,173.57325759435778,174.31169017357283,173.37413767380824,174.27020263671875,72722900
2015-04-13 00:00:00-04:00,174.12915970810909,174.7597399003102,173.4322146474628,173.48199462890625,74436600
2015-04-14 00:00:00-04:00,173.28286574935842,173.99640832035578,172.66059069303114,173.81387329101562,75099900
2015-04-15 00:00:00-04:00,174.2785335608359,175.09992867523593,174.1955584748344,174.59381103515625,99529300
2015-04-16 00:00:00-04:00,174.2619265856519,175.05013921914878,174.0627939861519,174.5440216064453,68934900
2015-04-17 00:00:00-04:00,173.35758646133294,173.59819398304518,171.75625826434415,172.5361785888672,191113200
2015-04-20 00:00:00-04:00,173.45706354171097,174.44440847380847,173.37410114570088,174.11253356933594,92189500
2015-04-21 00:00:00-04:00,174.7929085814658,174.95055361711223,173.60644358302048,173.90513610839844,72559800
2015-04-22 00:00:00-04:00,174.24532765331014,174.94228541591448,173.324359960795,174.75975036621094,78264600
2015-04-23 00:00:00-04:00,174.36147293633184,175.8466432219657,174.24531542741792,175.19947814941406,102585900
2015-04-24 00:00:00-04:00,175.6143384293135,175.87154345258304,175.15800081050318,175.6060333251953,61327400
2015-04-27 00:00:00-04:00,176.17019970466308,176.2946496385879,174.68502963866905,174.87586975097656,79358100
2015-04-28 00:00:00-04:00,174.85103608471604,175.4816037200731,173.68115568812917,175.43182373046875,86863500
2015-04-29 00:00:00-04:00,174.5440107847622,175.30733337852325,173.90515080555448,174.7099609375,125684900
2015-04-30 00:00:00-04:00,174.1375082694705,174.52746843505437,172.26237743235072,172.95933532714844,161304900
2015-05-01 00:00:00-04:00,173.73914072469253,174.87583810981158,173.63958079556656,174.8343505859375,103399700
2015-05-04 00:00:00-04:00,175.25757748874994,175.9130477655993,175.1497250669073,175.33226013183594,70927200
2015-05-05 00:00:00-04:00,175.09165227666028,175.4484299868982,173.1833390657276,173.3243865966797,113326200
2015-05-06 00:00:00-04:00,173.871987808097,174.1789728589376,171.5488245033172,172.61083984375,135060200
2015-05-07 00:00:00-04:00,172.51121080317245,173.72257829166836,172.17933588972457,173.29942321777344,88244900
2015-05-08 00:00:00-04:00,174.96717621586973,175.78027883907203,174.8842011346324,175.58114624023438,155877300
2015-05-11 00:00:00-04:00,175.53965118852454,175.8051486295798,174.66846357652057,174.74313354492188,75708100
2015-05-12 00:00:00-04:00,173.91350439984188,174.75980236754359,173.09209643175873,174.22048950195312,119727600
2015-05-13 00:00:00-04:00,174.6271011730856,175.24937667610362,174.02142322834513,174.2537384033203,94667900
2015-05-14 00:00:00-04:00,175.26586853292397,176.16194623607984,174.99206595749692,176.0706787109375,95934000
2015-05-15 00:00:00-04:00,176.2615203857422,176.40256790681514,175.7802927290234,176.2615203857422,76510100
2015-05-18 00:00:00-04:00,176.0955698911435,177.0580124734228,176.02919235784495,176.80911254882812,74549700
2015-05-19 00:00:00-04:00,176.92524966742405,177.1990522131285,176.46891209125,176.75100708007812,72114600
2015-05-20 00:00:00-04:00,176.85055102371675,177.3732660782015,176.31125108448646,176.6265411376953,76857500
2015-05-21 00:00:00-04:00,176.48554883127272,177.34843153585038,176.31959865019664,177.14100646972656,64764600
2015-05-22 00:00:00-04:00,176.75930935079924,177.17415941398292,176.65145694332057,176.71783447265625,57433500
2015-05-26 00:00:00-04:00,176.22831309072097,176.65146828487644,174.40297522756453,174.8178253173828,124308600
2015-05-27 00:00:00-04:00,175.2741711023209,176.70954893500715,174.86761343770593,176.47723388671875,93214000
2015-05-28 00:00:00-04:00,176.1701958658901,176.38591330006497,175.58940841986788,176.27806091308594,74974600
2015-05-29 00:00:00-04:00,176.21169390832307,176.2531687810571,174.9173639056266,175.182861328125,124919600
2015-06-01 00:00:00-04:00,175.84664258087983,176.17851755936138,174.75143236349666,175.53965759277344,93338800
2015-06-02 00:00:00-04:00,175.08338341572164,176.05413137260564,174.46110811052242,175.365478515625,91531000
2015-06-03 00:00:00-04:00,175.8964861943311,176.4523839475109,175.3405884411513,175.83010864257812,87820900
2015-06-04 00:00:00-04:00,175.12482989319332,175.78028749043622,174.02961953601317,174.34490966796875,151882800
2015-06-05 00:00:00-04:00,174.19554356303513,174.71825870761285,173.39073340655372,174.04620361328125,121704700
2015-06-08 00:00:00-04:00,173.93833102314068,174.08768362665737,172.90120588284333,172.9758758544922,89063300
2015-06-09 00:00:00-04:00,172.9510040283203,173.49031675404825,172.32043643447227,172.9510040283203,105034700
2015-06-10 00:00:00-04:00,173.71429518187028,175.40689037129914,173.65622276176234,175.0252227783203,134551300
2015-06-11 00:00:00-04:00,175.46501489863908,175.97113258516208,175.23269982878148,175.5894775390625,73876400
2015-06-12 00:00:00-04:00,174.76801536778927,175.4649603607381,173.97149776140645,174.24530029296875,135382400
2015-06-15 00:00:00-04:00,173.1085904406367,173.7806453487977,172.40334044602406,173.49855041503906,124384200
2015-06-16 00:00:00-04:00,173.34927804965645,174.5274636196936,173.17504807593085,174.44448852539062,85308200
2015-06-17 00:00:00-04:00,174.72654724121094,175.33223745113244,173.7060196267391,174.72654724121094,126708600
2015-06-18 00:00:00-04:00,175.32397960472704,177.00827030886364,174.75978944147187,176.54364013671875,165867900
2015-06-19 00:00:00-04:00,176.30182373940372,176.3768569276957,175.38470903205058,175.7598876953125,130478700
2015-06-22 00:00:00-04:00,176.67701763935042,177.24395207329624,176.4519053332587,176.66033935546875,70696000
2015-06-23 00:00:00-04:00,176.8687332929665,177.1188566072924,176.39351044536755,176.7853546142578,68476800
2015-06-24 00:00:00-04:00,176.51859330058082,176.89377196974425,175.47642326301445,175.50143432617188,92307300
2015-06-25 00:00:00-04:00,176.00167167480106,176.12672698393885,174.89280128717357,174.96783447265625,97107400
2015-06-26 00:00:00-04:00,175.3263076494394,175.56809817200963,174.384194782506,174.93446350097656,104174800
2015-06-29 00:00:00-04:00,173.45878205663925,174.9428311592116,171.19101905728778,171.26605224609375,202621300
2015-06-30 00:00:00-04:00,172.80014629128402,172.85018114556345,171.1493523105692,171.6245880126953,182925100
2015-07-01 00:00:00-04:00,173.1920151609804,173.44213856230434,172.21654534544123,173.00025939941406,135979900
2015-07-02 00:00:00-04:00,173.47545965044043,173.6422043099479,172.4249441241193,172.84181213378906,104373700
2015-07-06 00:00:00-04:00,171.5578222941568,173.12523697625988,171.35772111861647,172.34986877441406,117975400
2015-07-07 00:00:00-04:00,172.55001867707884,173.55883217437201,170.17386584349634,173.43377685546875,173820200
2015-07-08 00:00:00-04:00,172.09970081322467,172.38316786364427,170.2904960900705,170.52394104003906,164020100
2015-07-09 00:00:00-04:00,172.61671425266942,172.87518312654962,170.72414249051633,170.83251953125,144113100
2015-07-10 00:00:00-04:00,172.82509340693198,173.40037316113816,170.87415463146684,172.98350524902344,129456900
2015-07-13 00:00:00-04:00,174.24253954060308,175.00122984243293,174.20085018468149,174.89285278320312,106069400
2015-07-14 00:00:00-04:00,174.85109465607158,175.95996493406554,174.79272703637704,175.65147399902344,81709600
2015-07-15 00:00:00-04:00,175.69321443252878,176.15177185705397,175.1179344564702,175.59317016601562,97914100
2015-07-16 00:00:00-04:00,176.6436231738465,177.00213623046875,176.4018453575481,177.00213623046875,106683300
2015-07-17 00:00:00-04:00,176.99384029452227,177.2106198337727,176.58531772618835,177.15225219726562,89030000
2015-07-20 00:00:00-04:00,177.37731254025718,177.73581287041966,176.92710075231818,177.24391174316406,70446800
2015-07-21 00:00:00-04:00,177.11057464556754,177.36904355357132,176.24349459620916,176.54364013671875,77965000
2015-07-22 00:00:00-04:00,175.8599150166322,176.56026287200874,175.82657117675748,176.2267608642578,88667900
2015-07-23 00:00:00-04:00,176.36018313968574,176.4602273932913,174.87613400945932,175.23463439941406,90509100
2015-07-24 00:00:00-04:00,175.33470989252405,175.3930648060229,173.08362489603817,173.4171142578125,117755000
2015-07-27 00:00:00-04:00,172.53333219491864,173.04191167062774,171.96638509196006,172.40826416015625,132361100
2015-07-28 00:00:00-04:00,173.24200980610797,174.66770406215596,172.41661925106152,174.52597045898438,123544800
2015-07-29 00:00:00-04:00,174.65102063440906,175.95164681042806,174.50928703541234,175.72654724121094,105791300
2015-07-30 00:00:00-04:00,175.21796542521344,175.9349789129583,174.6009961891253,175.7682342529297,91304400
2015-07-31 00:00:00-04:00,176.26846994720444,176.29348101036186,175.21796712918638,175.50143432617188,103266900
2015-08-03 00:00:00-04:00,175.4680379963532,175.52639288566456,173.95896554703882,174.909423828125,113965700
2015-08-04 00:00:00-04:00,174.83447695443837,175.29303440449476,174.08411947020403,174.56768798828125,81820800
2015-08-05 00:00:00-04:00,175.45974010894733,176.1767535837583,174.85944916623106,175.14292907714844,85786800
2015-08-06 00:00:00-04:00,175.32636070443925,175.43475046954953,173.12529788629934,173.70892333984375,116030800
2015-08-07 00:00:00-04:00,173.5504868841622,173.70055325602934,172.47496033190805,173.37539672851562,117858000
2015-08-10 00:00:00-04:00,174.4842726082692,175.64316516294912,174.4842726082692,175.55979919433594,80270700
2015-08-11 00:00:00-04:00,174.2258772208266,174.64274537463595,173.21705069101313,173.9757537841797,126081400
2015-08-12 00:00:00-04:00,172.6750373934088,174.36752020008473,171.21599961373644,174.18409729003906,172123700
2015-08-13 00:00:00-04:00,174.0257316203212,174.70940132497384,173.42544061392488,173.96737670898438,89383300
2015-08-14 00:00:00-04:00,173.7755946750251,174.67603111429312,173.63386107650172,174.6009979248047,72786500
2015-08-17 00:00:00-04:00,174.00901651227431,175.57643127441406,173.5504592460368,175.57643127441406,79072600
2015-08-18 00:00:00-04:00,175.30131614183904,175.6514837139726,174.83442604566096,175.06787109375,71692700
2015-08-19 00:00:00-04:00,174.32586652045595,175.09290215490807,172.87517394473667,173.68389892578125,172946000
2015-08-20 00:00:00-04:00,172.1748281472573,173.65887730749114,169.99877653472075,170.05714416503906,194327900
2015-08-21 00:00:00-04:00,168.18955347177467,170.0321155609395,164.67953216633668,164.93798828125,346588500
2015-08-24 00:00:00-04:00,156.31719117881585,164.6462069534633,152.07346461980424,157.9929962158203,507244300
2015-08-25 00:00:00-04:00,162.93701933416563,162.9536976161637,155.84193059927358,156.1337432861328,369833100
2015-08-26 00:00:00-04:00,160.14401536953736,162.4034328471312,157.05084915471605,162.12831115722656,339257000
2015-08-27 00:00:00-04:00,164.26270444964496,166.26366617713524,162.75364401124043,166.13861083984375,274143900
2015-08-28 00:00:00-04:00,165.49659854882236,166.61380175279606,165.0130301347587,166.14691162109375,160414400
2015-08-31 00:00:00-04:00,165.1714418279935,166.02185612224434,164.2543271261738,164.80459594726562,163298800
2015-09-01 00:00:00-04:00,161.01106433624992,162.3867361308454,159.0184361505627,159.88552856445312,256000400
2015-09-02 00:00:00-04:00,162.26167538279665,162.96202320130396,160.42745896303018,162.9203338623047,160269300
2015-09-03 00:00:00-04:00,163.6290396128962,165.12143433062988,162.5451928788408,163.03709411621094,152087800
2015-09-04 00:00:00-04:00,160.78600864944872,161.62807751318965,159.75217132697426,160.56922912597656,207081000
2015-09-08 00:00:00-04:00,163.36221854722507,164.75455600996594,162.7202383253575,164.60447692871094,116025700
2015-09-09 00:00:00-04:00,166.18023161757117,166.3052869032578,162.03656352783142,162.4033966064453,149347700
2015-09-10 00:00:00-04:00,162.21165920366735,164.42939981290357,161.9532031029294,163.2871856689453,158611100
2015-09-11 00:00:00-04:00,162.89532399093918,164.09590572079074,162.18664338818505,164.02920532226562,119691200
2015-09-14 00:00:00-04:00,164.2042918267338,164.25431394794666,162.93700962820373,163.4205780029297,79452000
2015-09-15 00:00:00-04:00,163.92088545325484,165.90518180930275,163.37896197672686,165.4633026123047,113806200
2015-09-16 00:00:00-04:00,165.7634696276089,167.08910739018148,165.4216346658968,166.8973388671875,99581600
2015-09-17 00:00:00-04:00,166.76387002000322,169.15668815047755,166.14690083072153,166.52207946777344,276046600
2015-09-18 00:00:00-04:00,164.01876403278732,166.5078213622885,163.3902112311698,163.8008575439453,223657500
2015-09-21 00:00:00-04:00,164.63054336180713,165.669742422647,163.59972040089897,164.64730834960938,105726200
2015-09-22 00:00:00-04:00,162.48508230140018,162.97116463521715,161.3788233096915,162.51022338867188,153890900
2015-09-23 00:00:00-04:00,162.67785382616628,163.1471712270909,161.67217185447925,162.2504425048828,92790600
2015-09-24 00:00:00-04:00,161.0352045931169,162.12469855128106,159.70267587228614,161.66375732421875,159378800
2015-09-25 00:00:00-04:00,163.12202764694086,163.42373351263564,160.7502868003842,161.62188720703125,155054800
2015-09-28 00:00:00-04:00,160.72512624676162,160.83407948138324,157.2555156054115,157.5655975341797,178515900
2015-09-29 00:00:00-04:00,157.78349409278962,159.0154584188091,156.6604702066107,157.65777587890625,159045600
2015-09-30 00:00:00-04:00,159.5433888037934,160.76697668413806,158.76398980782497,160.599365234375,163452000
2015-10-01 00:00:00-04:00,160.97660282342954,161.32021483947682,159.08256786590152,161.0185089111328,131079000
2015-10-02 00:00:00-04:00,159.04063173097632,163.44887766254922,158.495878269638,163.42373657226562,211003300
2015-10-05 00:00:00-04:00,164.64734619822048,166.55814603288178,164.53839293436835,166.3318634033203,126320800
2015-10-06 00:00:00-04:00,166.19771724589557,166.7592228059203,165.09984721152352,165.7619171142578,110274500
2015-10-07 00:00:00-04:00,166.69218957934794,167.4716016642994,165.50213120205433,167.11961364746094,124307300
2015-10-08 00:00:00-04:00,166.73409610650796,168.91308416476795,166.4323902644095,168.62814331054688,153055200
2015-10-09 00:00:00-04:00,168.77057427881692,169.20636155823004,168.10011558780369,168.72866821289062,107069200
2015-10-12 00:00:00-04:00,168.80414255469205,169.08908342854323,168.3767312439153,168.88795471191406,56395600
2015-10-13 00:00:00-04:00,168.15884675409936,169.42434143886834,167.65601210879015,167.82362365722656,88038700
2015-10-14 00:00:00-04:00,167.76490977995587,168.34318034427724,166.72571077201667,167.01902770996094,99106200
2015-10-15 00:00:00-04:00,167.68111857892492,169.59191797003,167.31236557573996,169.5835418701172,134142200
2015-10-16 00:00:00-04:00,169.98580024510346,170.37130542131746,169.22315320406815,170.35455322265625,114580100
2015-10-19 00:00:00-04:00,169.7092829967101,170.4384002685547,169.39920099152405,170.4384002685547,76523900
2015-10-20 00:00:00-04:00,170.00259578875122,170.83227734943787,169.75117209632427,170.22048950195312,78448500
2015-10-21 00:00:00-04:00,170.6395042149771,170.79035073953665,168.99688070478732,169.1645050048828,102038000
2015-10-22 00:00:00-04:00,170.111509053374,172.23182592847675,169.16449829269143,172.02230834960938,174911700
2015-10-23 00:00:00-04:00,173.69014151385633,174.27678840890798,172.89397695714746,173.9080352783203,144442300
2015-10-26 00:00:00-04:00,173.7319839622101,173.79064223625593,173.11180730722845,173.48056030273438,69033000
2015-10-27 00:00:00-04:00,172.8100889227646,173.4805477033603,172.4664770393679,173.14532470703125,77905800
2015-10-28 00:00:00-04:00,173.480587526555,175.13996347879436,172.81851748104603,175.1148223876953,135906700
2015-10-29 00:00:00-04:00,174.6119662542559,175.38298945811434,174.49463691427613,175.0142364501953,90525500
2015-10-30 00:00:00-04:00,175.20700293085025,175.5254737879926,174.10075660741566,174.25997924804688,131076900
2015-11-02 00:00:00-05:00,174.58679552115595,176.51434680953145,174.461077314564,176.32159423828125,86270800
2015-11-03 00:00:00-05:00,175.9696589159223,177.38600006681244,175.7433763067183,176.83287048339844,95246100
2015-11-04 00:00:00-05:00,177.126141855424,177.25184727022832,175.7600833375138,176.29644775390625,96224500
2015-11-05 00:00:00-05:00,176.35514207934628,176.81608334110962,175.23213085100582,176.1204833984375,78408700
2015-11-06 00:00:00-05:00,175.7768941585432,176.26297653576705,174.7041650460284,176.02830505371094,110471500
2015-11-09 00:00:00-05:00,175.4165194582403,175.56737878519792,173.43867273416632,174.3856964111328,131008700
2015-11-10 00:00:00-05:00,173.9079873730397,174.82149384506457,173.63981148972155,174.7879638671875,75874600
2015-11-11 00:00:00-05:00,175.05615355217398,175.10643573134107,174.03370661597697,174.1007537841797,67846000
2015-11-12 00:00:00-05:00,173.0615183821333,173.53083570794695,171.6535664046923,171.67031860351562,121315200
2015-11-13 00:00:00-05:00,171.25970084267732,171.52787673580528,169.65898322089475,169.74278259277344,153577100
2015-11-16 00:00:00-05:00,169.5584285031652,172.3827219761185,169.44108635756888,172.3240509033203,117645200
2015-11-17 00:00:00-05:00,172.63416454297757,173.51412842756272,171.7039056813815,172.1983642578125,121123700
2015-11-18 00:00:00-05:00,172.67603876700397,175.07292088872342,172.6341454727028,174.93045043945312,121342500
2015-11-19 00:00:00-05:00,174.81313450517308,175.1986525882852,174.48628749929313,174.7796173095703,88220500
2015-11-20 00:00:00-05:00,175.53386378238736,176.0953694832022,175.03940525616932,175.41653442382812,94011500
2015-11-23 00:00:00-05:00,175.4751928567913,175.97802744813458,174.75445176671988,175.21539306640625,64931200
2015-11-24 00:00:00-05:00,174.2096893297508,175.85231293454058,173.82418410838238,175.45004272460938,98874400
2015-11-25 00:00:00-05:00,175.5757122250218,175.7768536827793,175.16505321090983,175.42486572265625,51980100
2015-11-27 00:00:00-05:00,175.517069100086,175.82716382863123,175.03937564531228,175.6260223388672,37317800
2015-11-30 00:00:00-05:00,175.78527952413694,175.90260887737918,174.78797362760773,174.8969268798828,112822700
2015-12-01 00:00:00-05:00,175.5254524613775,176.681993612213,175.2488877171369,176.5646514892578,97858400
2015-12-02 00:00:00-05:00,176.5143660168775,176.83283682937392,174.51137847141774,174.76280212402344,108441300
2015-12-03 00:00:00-05:00,175.0142153336303,175.28239116925315,171.59488711086138,172.3156280517578,166224200
2015-12-04 00:00:00-05:00,172.31565756611263,175.9696450663858,172.31565756611263,175.6763153076172,192913900
2015-12-07 00:00:00-05:00,175.34946223361192,175.7684974241062,173.6481803832403,174.61196899414062,102027100
2015-12-08 00:00:00-05:00,173.05316968576795,174.56168624677528,172.45813404692703,173.4386749267578,103372400
2015-12-09 00:00:00-05:00,172.80170502995315,174.88849174566798,171.11717566134053,172.08934020996094,162401500
2015-12-10 00:00:00-05:00,172.15642494397923,173.8409418923696,171.92176624832106,172.53355407714844,116128900
2015-12-11 00:00:00-05:00,170.42160059431686,171.08367050452372,168.87954152371802,169.18963623046875,211173300
2015-12-14 00:00:00-05:00,169.3489225829156,170.1702281432619,167.57220431685354,170.0445098876953,182385200
2015-12-15 00:00:00-05:00,171.55299458177075,172.73467682022866,170.01932433805825,171.82955932617188,154069600
2015-12-16 00:00:00-05:00,172.95259575159645,174.645501651764,171.6368317866301,174.3437957763672,197017000
2015-12-17 00:00:00-05:00,174.65386687143496,174.72091403822824,171.6703382828012,171.68710327148438,173092500
2015-12-18 00:00:00-05:00,170.9468886997138,171.08176821443183,168.4682959121305,168.62847900390625,251393500
2015-12-21 00:00:00-05:00,169.8003255285047,170.19656384250655,168.6874827238922,170.01951599121094,99094300
2015-12-22 00:00:00-05:00,170.90474783070158,171.8574076490797,169.91837134677345,171.5623321533203,111026200
2015-12-23 00:00:00-05:00,172.56557498754754,173.7289993524299,172.47283807637507,173.6868438720703,110987200
2015-12-24 00:00:00-05:00,173.4339828372758,173.94824899884821,173.18106273314908,173.40025329589844,48539600
2015-12-28 00:00:00-05:00,172.7089222548446,173.04614042610552,171.93331016970558,173.00399780273438,65899900
2015-12-29 00:00:00-05:00,174.0998986396959,175.1790118238626,174.06618198070987,174.8502197265625,92640700
2015-12-30 00:00:00-05:00,174.60577723904296,174.69008820124438,173.46764356955748,173.6109619140625,63317700
2015-12-31 00:00:00-05:00,172.9365444743356,173.57726411896667,171.87428283691406,171.87428283691406,114877900
2016-01-04 00:00:00-05:00,169.02472259585497,169.47996830831684,167.42290449220576,169.47154235839844,222353500
2016-01-05 00:00:00-05:00,169.7918953745946,170.21342442255937,168.65377466351708,169.7581787109375,110845800
2016-01-06 00:00:00-05:00,167.21218979593286,168.66225118483942,166.58833485087854,167.6168670654297,152112600
2016-01-07 00:00:00-05:00,164.67455717559412,166.45341046435007,163.2076312994672,163.59544372558594,213436100
2016-01-08 00:00:00-05:00,164.55650127523245,165.11292267031985,161.51306122906905,161.79969787597656,209817200
2016-01-11 00:00:00-05:00,162.71864708325168,163.0558780579135,160.02930242058451,161.95989990234375,187941300
2016-01-12 00:00:00-05:00,163.40153973265294,164.01696859123618,161.14213716090515,163.2666473388672,172330500
2016-01-13 00:00:00-05:00,163.93271715783084,164.2783742184074,158.81535892677246,159.19473266601562,221168900
2016-01-14 00:00:00-05:00,159.80166644313084,162.92940481013775,158.20828713856892,161.80813598632812,240795600
2016-01-15 00:00:00-05:00,157.4579876827775,159.13566531111854,156.40416490555924,158.3347625732422,324846400
2016-01-19 00:00:00-05:00,160.14733520491595,160.27378878445893,156.9774282612069,158.54551696777344,195244400
2016-01-20 00:00:00-05:00,155.99108662216324,158.0734417911493,152.61042724478108,156.51377868652344,286547800
2016-01-21 00:00:00-05:00,156.98591478207572,159.228440413078,155.6623068817454,157.3905792236328,195772900
2016-01-22 00:00:00-05:00,159.99554772623839,160.82174097213112,159.23680066466977,160.61941528320312,168319600
2016-01-25 00:00:00-05:00,160.11360839355606,160.3075081734972,157.997536987637,158.19143676757812,130371700
2016-01-26 00:00:00-05:00,158.84902781199466,160.62788116564204,158.51180967058326,160.34967041015625,141036800
2016-01-27 00:00:00-05:00,159.82693898727493,161.49619024417947,157.70242920136823,158.60450744628906,185681700
2016-01-28 00:00:00-05:00,160.14736031579847,160.3496860747916,157.78679450317122,159.43075561523438,143798800
2016-01-29 00:00:00-05:00,160.1979025914594,163.452107348204,160.07987497288508,163.3172149658203,210529300
2016-02-01 00:00:00-05:00,162.31400336657373,164.0422753468065,161.73229111753486,163.2582244873047,136061600
2016-02-02 00:00:00-05:00,161.83348660747848,161.84191255992488,159.79327407909,160.31597900390625,182564900
2016-02-03 00:00:00-05:00,161.36980602725322,161.68173350831097,157.73622650318634,161.27706909179688,205054900
2016-02-04 00:00:00-05:00,160.77964692255767,162.4994801181011,160.14735322560009,161.52996826171875,139531800
2016-02-05 00:00:00-05:00,161.01564697331523,161.58892022049545,157.82045005021325,158.45274353027344,180788300
2016-02-08 00:00:00-05:00,156.61486911070705,156.9099316561996,154.11098612776408,156.31979370117188,191526700
2016-02-09 00:00:00-05:00,154.58316887226096,157.60131910006854,154.44827645822463,156.3282928466797,184513100
2016-02-10 00:00:00-05:00,157.15441427577574,158.78150972430498,156.06686246361323,156.19332885742188,148214100
2016-02-11 00:00:00-05:00,153.72324244853974,155.2070332423687,152.66941960703548,154.16163635253906,219058900
2016-02-12 00:00:00-05:00,155.9320449597169,157.3568024628288,155.08898678876355,157.33995056152344,127632400
2016-02-16 00:00:00-05:00,159.14409084927416,160.02086566659136,158.18300507119434,159.99557495117188,120250700
2016-02-17 00:00:00-05:00,161.15902381299634,162.98003278427333,161.03255735262937,162.6090850830078,136009500
2016-02-18 00:00:00-05:00,162.8788033190904,162.9378235539374,161.6310810787867,161.94300842285156,102343000
2016-02-19 00:00:00-05:00,161.1674172080311,162.01890126735088,160.56041434022336,161.86715698242188,114793000
2016-02-22 00:00:00-05:00,163.4436752219077,164.35417954418443,163.37622902795616,164.2108612060547,103640300
2016-02-23 00:00:00-05:00,163.55330991621312,163.8230947464884,162.01893763813206,162.13697814941406,111455300
2016-02-24 00:00:00-05:00,160.71217722714357,163.15704068573677,159.6077731227988,162.8788299560547,150812200
2016-02-25 00:00:00-05:00,163.32567486757412,164.86004709204892,162.56692757101848,164.8516082763672,110728300
2016-02-26 00:00:00-05:00,165.71994908705076,165.81267313539044,164.312030636082,164.4722137451172,129833700
2016-02-29 00:00:00-05:00,164.48905454530703,165.43327543273068,162.98841226463242,163.18231201171875,125918100
2016-03-01 00:00:00-05:00,164.4047791383236,167.1025757382741,163.93266859254652,167.0182647705078,141799700
2016-03-02 00:00:00-05:00,166.70633648257544,167.81916663985717,166.29323332513397,167.76858520507812,102415000
2016-03-03 00:00:00-05:00,167.59153048775184,168.44302748531464,167.0182570982276,168.42616271972656,95172200
2016-03-04 00:00:00-05:00,168.62005347841563,169.74976115952904,167.7938601054609,168.97413635253906,129293600
2016-03-07 00:00:00-05:00,168.05524689615908,169.51374709070924,167.97937473271065,169.10906982421875,100219000
2016-03-08 00:00:00-05:00,168.03835062068885,168.54417777416353,167.10255559310772,167.26272583007812,123974900
2016-03-09 00:00:00-05:00,168.07212448774303,168.4346334279089,167.288073480143,168.0889892578125,94801200
2016-03-10 00:00:00-05:00,168.5779575305307,169.5137528369315,166.40286538959776,168.22386169433594,156838700
2016-03-11 00:00:00-05:00,169.67384382062787,170.98058625779174,168.20693117363018,170.9384307861328,137964500
2016-03-14 00:00:00-04:00,170.43267782574958,171.17456042054744,170.10388558631487,170.7193145751953,73612000
2016-03-15 00:00:00-04:00,169.75816509438127,170.74454144381465,169.49681916385336,170.4410400390625,93169100
2016-03-16 00:00:00-04:00,169.96054660976955,171.83213693477836,169.9183911248905,171.42745971679688,129303200
2016-03-17 00:00:00-04:00,171.34316418983127,173.02084188245536,170.94692578129084,172.5150146484375,134278500
2016-03-18 00:00:00-04:00,173.01495584424373,173.53187424367286,172.701419627185,173.1929168701172,138372400
2016-03-21 00:00:00-04:00,172.93026924792804,173.66750884443863,172.70146584782538,173.43870544433594,72926700
2016-03-22 00:00:00-04:00,172.66751604840624,173.91320443773537,172.5065197008016,173.34544372558594,97471900
2016-03-23 00:00:00-04:00,172.9641377131054,173.1505681737441,172.03198540991207,172.20147705078125,81052500
2016-03-24 00:00:00-04:00,171.17607690453912,172.15907134055288,170.95575591594056,172.1251678466797,84360900
2016-03-28 00:00:00-04:00,172.54040388108646,172.7522554642158,171.77774335397856,172.22686767578125,62408200
2016-03-29 00:00:00-04:00,171.82014266319376,173.9301895691832,171.515075796429,173.8200225830078,92922900
2016-03-30 00:00:00-04:00,174.8199295998602,175.3029444872904,174.21826541228114,174.58265686035156,86365300
2016-03-31 00:00:00-04:00,174.4894540415597,174.91315723940892,173.99795678040715,174.15896606445312,94584100
2016-04-01 00:00:00-04:00,173.16747897459658,175.5317368130374,172.85392985745173,175.34530639648438,114423500
2016-04-04 00:00:00-04:00,175.26903929948693,175.4724214579797,174.47247534171535,174.7775421142578,63497000
2016-04-05 00:00:00-04:00,173.43864226417537,174.7860151498737,172.77766639834624,173.03189086914062,99662200
2016-04-06 00:00:00-04:00,173.03190307804113,174.98094025112778,172.85394205681024,174.92161560058594,91839800
2016-04-07 00:00:00-04:00,173.83696804503958,174.1928772216563,172.09978214243185,172.82855224609375,113859000
2016-04-08 00:00:00-04:00,174.00643500437033,174.4386205635236,172.760746505157,173.29461669921875,95040600
2016-04-11 00:00:00-04:00,173.93013874413782,174.6250180994244,172.79461743370686,172.88783264160156,83757500
2016-04-12 00:00:00-04:00,173.05732137408188,174.7775551858431,172.61666646292107,174.49790954589844,115350600
2016-04-13 00:00:00-04:00,175.41312217712402,176.34527437534416,175.2775340518565,176.26052856445312,96336400
2016-04-14 00:00:00-04:00,176.31988296331204,176.7690073899321,175.92160085964557,176.26902770996094,65212900
2016-04-15 00:00:00-04:00,176.2690423537008,176.40463051310618,175.75212381006656,176.0741424560547,75761600
2016-04-18 00:00:00-04:00,176.07407569837335,177.34518511746666,175.41309983487633,177.31129455566406,82531000
2016-04-19 00:00:00-04:00,177.7350455134596,178.1248452658334,177.05711772147373,177.87062072753906,88316100
2016-04-20 00:00:00-04:00,177.9129813720752,178.7349666619935,177.43843582952366,178.04010009765625,81100300
2016-04-21 00:00:00-04:00,178.056970365048,178.16713729872484,176.81128233024035,177.08245849609375,85695000
2016-04-22 00:00:00-04:00,176.7265494762046,177.35362173155588,176.18421007488905,177.08245849609375,99251700
2016-04-25 00:00:00-04:00,176.4808531477876,176.81982346782792,175.87071950211055,176.77745056152344,66166500
2016-04-26 00:00:00-04:00,177.14181523808645,177.54857959028388,176.56558513473195,177.04013061523438,75864200
2016-04-27 00:00:00-04:00,176.65878883136563,177.7943101471621,176.30287974419332,177.40451049804688,77329400
2016-04-28 00:00:00-04:00,176.6502762292873,177.7518937833817,175.37916711574096,175.7943878173828,97216200
2016-04-29 00:00:00-04:00,175.1758554167909,175.52329515077844,173.74373650434114,174.84536743164062,142424100
2016-05-02 00:00:00-04:00,175.34532812902663,176.4130555222075,174.91315552639526,176.235107421875,62188000
2016-05-03 00:00:00-04:00,175.0063607445574,175.24363348503738,173.95557222929278,174.7012939453125,106422100
2016-05-04 00:00:00-04:00,173.70980679084445,174.43857666186707,173.22677903580248,173.72674560546875,92243800
2016-05-05 00:00:00-04:00,174.1928530123202,174.54876213947264,173.26918316349162,173.69288635253906,67619200
2016-05-06 00:00:00-04:00,172.92174770895267,174.37081834059887,172.76922076372438,174.3284454345703,89315000
2016-05-09 00:00:00-04:00,174.20130986701582,174.9046456791933,174.02334886427658,174.47247314453125,74374900
2016-05-10 00:00:00-04:00,175.1758212505375,176.65878218986694,175.10802719880667,176.64183044433594,77472200
2016-05-11 00:00:00-04:00,176.18424108823578,176.7180982468476,174.98939514160156,174.98939514160156,81727000
2016-05-12 00:00:00-04:00,175.6588403846355,175.8283319833032,174.03182189449538,175.0402374267578,89586300
2016-05-13 00:00:00-04:00,174.74370340616778,175.29451246957413,173.1929479297748,173.51495361328125,96474600
2016-05-16 00:00:00-04:00,173.68441173226154,175.70123005894357,173.62508708098525,175.2266845703125,77486800
2016-05-17 00:00:00-04:00,174.95551118991153,175.2436262299386,173.06578582235952,173.5911865234375,114924900
2016-05-18 00:00:00-04:00,173.24376203518085,174.81993841591333,172.5573649376739,173.6420440673828,120062100
2016-05-19 00:00:00-04:00,172.9217383836145,173.32848981268344,171.83705928583413,173.04037475585938,115430500
2016-05-20 00:00:00-04:00,173.65053228615866,174.650478644596,173.59968996682053,174.13356018066406,104990400
2016-05-23 00:00:00-04:00,174.15051288649207,174.4301585955466,173.70987079682823,173.89630126953125,58682600
2016-05-24 00:00:00-04:00,174.7097415792183,176.46387868885245,174.6843204266491,176.15032958984375,93537800
2016-05-25 00:00:00-04:00,176.82829640945806,177.76044864519628,176.15036868622988,177.34521484375,76621400
2016-05-26 00:00:00-04:00,177.48080294319328,177.7096062974516,177.08252089075677,177.39605712890625,55280700
2016-05-27 00:00:00-04:00,177.55705770486466,178.16719133268288,177.5062153909457,178.15872192382812,64211200
2016-05-31 00:00:00-04:00,178.42989685111044,178.54006382536642,177.2604718333041,177.81976318359375,109879400
2016-06-01 00:00:00-04:00,177.2096331469243,178.36210643913597,177.0147332834286,178.1841583251953,69936200
2016-06-02 00:00:00-04:00,177.7858797671181,178.7434402843368,177.31133421338203,178.72650146484375,63044700
2016-06-03 00:00:00-04:00,178.16716002426546,178.5400208346773,176.98926588067863,178.1925811767578,101757100
2016-06-06 00:00:00-04:00,178.54851283883448,179.45524382712608,178.38750356574386,179.09933471679688,64887000
2016-06-07 00:00:00-04:00,179.25186150671053,179.93825857110662,179.22644035102138,179.37896728515625,60974800
2016-06-08 00:00:00-04:00,179.5145749675031,180.09081806351512,179.38746917520425,179.9636993408203,66170900
2016-06-09 00:00:00-04:00,179.23497432644865,179.83663873208732,178.96381092461658,179.71800231933594,73786900
2016-06-10 00:00:00-04:00,178.34515166586806,178.68410904426875,177.4723112022157,178.01466369628906,113829200
2016-06-13 00:00:00-04:00,177.41297323608163,178.26884889469594,176.55709757746735,176.64183044433594,117751200
2016-06-14 00:00:00-04:00,176.26052776899468,176.8876131477305,175.34532732316208,176.29441833496094,125059300
2016-06-15 00:00:00-04:00,176.29444825824095,177.41303108091927,175.8622755842411,176.0487060546875,109124500
2016-06-16 00:00:00-04:00,176.04872397577105,176.74360360551591,174.21832258709549,176.57411193847656,149533100
2016-06-17 00:00:00-04:00,176.47011618017717,176.49566953304955,175.26054315288454,175.91644287109375,117055700
2016-06-20 00:00:00-04:00,177.87568326878585,178.54861014657516,176.964236677356,177.04942321777344,82789600
2016-06-21 00:00:00-04:00,177.43267234440304,177.96079231018012,176.98972589053128,177.5519256591797,72461700
2016-06-22 00:00:00-04:00,177.73083125459377,178.4548777236498,177.1175246684293,177.26234436035156,95560500
2016-06-23 00:00:00-04:00,178.71888098149378,179.62180066939897,178.25890768680736,179.57069396972656,102731400
2016-06-24 00:00:00-04:00,173.45470414468605,179.6047957109169,172.67955111125858,173.12249755859375,333444400
2016-06-27 00:00:00-04:00,171.71701148787568,171.72553793794785,169.2126787224782,170.02191162109375,230775800
2016-06-28 00:00:00-04:00,171.623305065418,173.1139780365979,171.31665182001268,173.0884246826172,159382400
2016-06-29 00:00:00-04:00,174.48544479534866,176.26573159068695,174.3832313518315,176.03575134277344,137328600
2016-06-30 00:00:00-04:00,176.50424407060433,178.4889576718171,175.95055761303408,178.43785095214844,165021900
2016-07-01 00:00:00-04:00,178.43782218963668,179.29816182418008,178.27597560501414,178.8126220703125,106055300
2016-07-05 00:00:00-04:00,177.98637112855883,178.09711100727978,176.93013104588525,177.52639770507812,109803700
2016-07-06 00:00:00-04:00,177.03236656426765,178.71043987015673,176.37646665849195,178.5911865234375,96021500
2016-07-07 00:00:00-04:00,178.77000578194537,179.43441894022916,177.7137658880768,178.4803924560547,85593800
2016-07-08 00:00:00-04:00,179.77513799123625,181.38506405692823,179.54514483967023,181.13803100585938,133971000
2016-07-11 00:00:00-04:00,181.59804302551814,182.34764273817618,181.3936031954377,181.77691650390625,73633900
2016-07-12 00:00:00-04:00,182.739469050371,183.39536879733734,181.80246941184768,183.09722900390625,101275600
2016-07-13 00:00:00-04:00,183.51461698511312,183.52313043699377,182.5861438223003,183.07167053222656,87324100
2016-07-14 00:00:00-04:00,184.3324092932635,184.56240254403048,183.70207571376685,184.09390258789062,91230900
2016-07-15 00:00:00-04:00,184.65606748793815,184.85198088781613,183.4039010235686,183.8468475341797,107155400
2016-07-18 00:00:00-04:00,183.96611194887564,184.50275846526557,183.71056536975473,184.34091186523438,58725900
2016-07-19 00:00:00-04:00,183.9235254473303,184.18758548966142,183.6765053102707,184.1535186767578,54345700
2016-07-20 00:00:00-04:00,184.1534935758465,185.1586268899919,184.1534935758465,184.9201202392578,58159500
2016-07-21 00:00:00-04:00,184.80938706527985,185.03085380551673,183.7786874330219,184.2216339111328,67777300
2016-07-22 00:00:00-04:00,184.3409060500352,185.09901931234043,184.07684602574125,185.04791259765625,62787500
2016-07-25 00:00:00-04:00,184.84348897979444,184.89459569896835,183.96612230693654,184.54534912109375,55873100
2016-07-26 00:00:00-04:00,184.44315421166203,184.9883142670159,183.78725425521344,184.63055419921875,70080500
2016-07-27 00:00:00-04:00,185.00529881803118,185.07344542926506,183.66794594313563,184.43458557128906,84083900
2016-07-28 00:00:00-04:00,184.23868801764283,184.93718114385538,183.77871456688854,184.64756774902344,65035700
2016-07-29 00:00:00-04:00,184.38346144963597,185.3034081203237,184.10236157895633,184.94564819335938,79519400
2016-08-01 00:00:00-04:00,185.0053880811225,185.39721503772327,184.34097454806613,184.7924346923828,73311400
2016-08-02 00:00:00-04:00,184.54530878477047,184.69864190641763,182.77354891834582,183.6083221435547,92295500
2016-08-03 00:00:00-04:00,183.54870710658165,184.204606918532,183.25058028125014,184.1449737548828,53993600
2016-08-04 00:00:00-04:00,184.25572533964777,184.65607861415472,182.5009920927308,184.34091186523438,46585500
2016-08-05 00:00:00-04:00,184.3408871172442,185.89118029320792,184.3408871172442,185.8485870361328,71892200
2016-08-08 00:00:00-04:00,186.0360266481112,186.1382530864224,185.47383972677943,185.73789978027344,39906500
2016-08-09 00:00:00-04:00,185.80600677669491,186.3426402234022,185.52490687716386,185.8485870361328,51251700
2016-08-10 00:00:00-04:00,185.95936999989237,186.03603008181074,185.0394100239515,185.38865661621094,57941100
2016-08-11 00:00:00-04:00,185.9167709854497,186.49601080319758,185.65271093524512,186.2489776611328,72504300
2016-08-12 00:00:00-04:00,185.942323242528,186.30009627357856,185.68678964554863,186.08714294433594,61313500
2016-08-15 00:00:00-04:00,186.45337349587163,186.97298001947587,186.44486004381267,186.6237335205078,49813500
2016-08-16 00:00:00-04:00,186.20632311881246,186.274456719474,185.66116333007812,185.66116333007812,53213600
2016-08-17 00:00:00-04:00,185.69528553228906,186.14674550776292,184.86051219996892,186.0104522705078,75134300
2016-08-18 00:00:00-04:00,185.984894674359,186.46190799624154,185.87416779454654,186.42784118652344,52989300
2016-08-19 00:00:00-04:00,185.95936001723447,186.3341599500134,185.47383319350868,186.1552734375,75443000
2016-08-22 00:00:00-04:00,185.91670484358423,186.37669115250952,185.5504314842874,186.14669799804688,61368800
2016-08-23 00:00:00-04:00,186.76002151993063,187.05816130293945,186.4618817369218,186.52151489257812,53399200
2016-08-24 00:00:00-04:00,186.3767401227276,186.4704400993404,185.15012697348288,185.56752014160156,71728900
2016-08-25 00:00:00-04:00,185.1842117036874,185.85715150928922,185.03089154401502,185.43975830078125,69224800
2016-08-26 00:00:00-04:00,185.627131094704,186.64930433578445,184.20460460957435,185.09048461914062,122506300
2016-08-29 00:00:00-04:00,185.2183016414599,186.2660284494212,185.1842218279096,186.00196838378906,70502200
2016-08-30 00:00:00-04:00,185.91674874049886,186.1978486628494,185.14160858841032,185.69528198242188,58114500
2016-08-31 00:00:00-04:00,185.3630428835759,185.48229619359975,184.39197650262852,185.16712951660156,85269500
2016-09-01 00:00:00-04:00,185.15861927743916,185.46527252972356,184.0171927819061,185.1756591796875,97844200
2016-09-02 00:00:00-04:00,186.02749217457432,186.43635888870114,185.43973896184536,186.0104522705078,79293900
2016-09-06 00:00:00-04:00,186.29156241038206,186.64932242955953,185.57604237202705,186.57266235351562,56702100
2016-09-07 00:00:00-04:00,186.41081159095657,186.7345047905499,185.95083814731663,186.5556182861328,76554900
2016-09-08 00:00:00-04:00,186.22339967997087,186.49598614584542,185.8230464317414,186.12969970703125,74102900
2016-09-09 00:00:00-04:00,184.81785926542705,184.86896596348697,181.64911400936847,181.67466735839844,221589100
2016-09-12 00:00:00-04:00,180.91660570571437,184.68161850409962,180.8484590897426,184.28126525878906,168110900
2016-09-13 00:00:00-04:00,183.00356100687588,183.26762104268442,181.01032106144442,181.63214111328125,182828800
2016-09-14 00:00:00-04:00,181.68326396938673,182.88432391408446,181.0103371408601,181.5640106201172,134185500
2016-09-15 00:00:00-04:00,181.40209655865328,183.76160913699223,181.22321011525602,183.3782958984375,134427900
2016-09-16 00:00:00-04:00,182.76365265916039,182.9434427794408,181.98459697339692,182.6694793701172,155236400
2016-09-19 00:00:00-04:00,183.32010935228303,183.96219630356973,182.3783765984122,182.70370483398438,80250500
2016-09-20 00:00:00-04:00,183.55980918083637,183.71390376903676,182.67801086846762,182.71224975585938,69665300
2016-09-21 00:00:00-04:00,183.41428773203177,184.94672955056805,182.72939235227372,184.76695251464844,110284400
2016-09-22 00:00:00-04:00,185.77719504411826,186.23093553533752,185.52892712117182,185.93128967285156,76678700
2016-09-23 00:00:00-04:00,185.5374671479672,185.67444884801776,184.81833281764258,184.91250610351562,73630900
2016-09-26 00:00:00-04:00,184.082030169297,184.26180717888167,183.2173448169915,183.4142608642578,89827300
2016-09-27 00:00:00-04:00,183.2516479102736,184.6471082252483,182.8835112062276,184.55294799804688,78494800
2016-09-28 00:00:00-04:00,184.77554217943597,185.623101833831,183.81669631342595,185.468994140625,87411000
2016-09-29 00:00:00-04:00,185.26350574056914,185.66588132423695,183.24307136462014,183.79098510742188,128070600
2016-09-30 00:00:00-04:00,184.62144938310027,185.87994121543213,184.37318143822424,185.1779327392578,117202900
2016-10-03 00:00:00-04:00,184.76699427111006,184.9553278063955,184.09921165404296,184.7327423095703,83512100
2016-10-04 00:00:00-04:00,184.8440172416814,185.06660270918726,183.2002760132762,183.79098510742188,119948100
2016-10-05 00:00:00-04:00,184.41599299134825,185.0323976977853,184.3475021280445,184.60433959960938,72816000
2016-10-06 00:00:00-04:00,184.38173155191478,184.9553278063955,183.84238725897382,184.7327423095703,62927400
2016-10-07 00:00:00-04:00,185.00666074402258,185.17788132018285,183.3714761556129,184.0991668701172,89788300
2016-10-10 00:00:00-04:00,185.0580596923828,185.52035663948527,184.91252152267842,185.0580596923828,51855000
2016-10-11 00:00:00-04:00,184.63003488674283,184.69852575481207,181.99319525091576,182.72088623046875,130367400
2016-10-12 00:00:00-04:00,182.85782847749783,183.48280261492656,182.3612795887013,182.9605712890625,73866100
2016-10-13 00:00:00-04:00,181.63359151521533,182.85783124494432,180.82028384808063,182.3612823486328,101357000
2016-10-14 00:00:00-04:00,183.3372888003553,183.7995988885025,182.37844278537924,182.4554901123047,93346200
2016-10-17 00:00:00-04:00,182.4297956281271,182.68663309755578,181.64217030162976,181.82196044921875,58275700
2016-10-18 00:00:00-04:00,183.4143117616483,183.47423309370768,182.58387812767933,182.9605712890625,76869700
2016-10-19 00:00:00-04:00,183.22596189159376,183.75674966585316,182.8663947158089,183.44854736328125,66519200
2016-10-20 00:00:00-04:00,183.09750958176414,183.66254923017698,182.4468661784142,183.1060791015625,73639800
2016-10-21 00:00:00-04:00,183.10606190251767,183.27728245960162,182.14720326892362,183.19166564941406,89089100
2016-10-24 00:00:00-04:00,184.06492217477899,184.3388855386287,183.61973824016934,183.9707489013672,60146600
2016-10-25 00:00:00-04:00,183.79099988849228,184.04783733368188,183.19172122524665,183.35438537597656,66542300
2016-10-26 00:00:00-04:00,182.532511363168,183.56840448294915,182.29278684752947,182.9862518310547,75705500
2016-10-27 00:00:00-04:00,183.70535656869063,183.73959545780744,182.4211826824867,182.49822998046875,77220200
2016-10-28 00:00:00-04:00,182.4725982624079,183.14892428259796,181.24835842102084,181.95892333984375,140623200
2016-10-31 00:00:00-04:00,182.2927376180824,182.5153360946408,181.8047583873407,181.96742248535156,61272500
2016-11-01 00:00:00-04:00,182.29277374641168,182.34415167961674,179.44191895997065,180.64903259277344,122781800
2016-11-02 00:00:00-04:00,180.34082317980477,180.72608581549633,179.12514007455266,179.561767578125,103330800
2016-11-03 00:00:00-04:00,179.77583549116116,179.98986452919675,178.465978823447,178.73992919921875,88939300
2016-11-04 00:00:00-04:00,178.85120155849046,179.690191603582,178.3974611112159,178.54299926757812,109122100
2016-11-07 00:00:00-05:00,178.54299901440498,182.51537683425684,178.54299901440498,182.4811248779297,109794900
2016-11-08 00:00:00-05:00,182.08732580286676,183.86804876461554,181.8219319159806,183.30300903320312,106772100
2016-11-09 00:00:00-05:00,181.8133801094974,185.8628188492065,181.78769767041217,185.2464141845703,258429000
2016-11-10 00:00:00-05:00,186.03402274157074,186.8986952607369,184.2532997663908,185.7086944580078,172113300
2016-11-11 00:00:00-05:00,184.98954808289514,185.52033582618566,184.338904621336,185.28062438964844,100552700
2016-11-14 00:00:00-05:00,185.80284056294064,186.00831309038577,184.68133077679926,185.4261474609375,94580000
2016-11-15 00:00:00-05:00,185.81139737428916,186.87298583984375,185.60593790974423,186.87298583984375,91652600
2016-11-16 00:00:00-05:00,186.25657880926144,186.75312761404004,186.13672310212814,186.52197265625,65617700
2016-11-17 00:00:00-05:00,186.67603830494278,187.5407104930057,186.5647390793336,187.4807891845703,69797200
2016-11-18 00:00:00-05:00,187.5493021104357,187.72052266465573,186.881519741383,187.06130981445312,86265800
2016-11-21 00:00:00-05:00,187.63496313098892,188.49963568487826,187.4894249623122,188.4739532470703,72402600
2016-11-22 00:00:00-05:00,188.7821371419699,189.02184858031546,188.11436769753672,188.84207153320312,67429000
2016-11-23 00:00:00-05:00,188.32843477907736,188.99620435852816,188.13153171418705,188.94483947753906,56620200
2016-11-25 00:00:00-05:00,189.2872681456414,189.6810742220705,189.21020777130136,189.64683532714844,37872300
2016-11-28 00:00:00-05:00,189.33863545407894,189.61258580686132,188.65373997718095,188.7564697265625,76572500
2016-11-29 00:00:00-05:00,188.7907946875371,189.5784202183786,188.49114871824642,189.1246795654297,69886700
2016-11-30 00:00:00-05:00,189.740951650083,189.90361574453775,188.61087250752837,188.67080688476562,113291800
2016-12-01 00:00:00-05:00,188.97047105412133,188.97047105412133,187.6178062778789,187.97738647460938,79040500
2016-12-02 00:00:00-05:00,188.0629614888807,188.55951023439135,187.7119508658539,188.07151794433594,74840300
2016-12-05 00:00:00-05:00,188.90201429267543,189.54410137465365,188.70511124525808,189.20166015625,67837800
2016-12-06 00:00:00-05:00,189.39000177393402,189.83518579680896,188.91057885543555,189.80093383789062,59877400
2016-12-07 00:00:00-05:00,189.64686716140454,192.34362800703474,189.52701141411646,192.28370666503906,110738100
2016-12-08 00:00:00-05:00,192.2579808058571,193.2253830250353,191.99257386659514,192.7545166015625,99714400
2016-12-09 00:00:00-05:00,192.9771035152016,193.93594921927246,192.94285156103166,193.9188232421875,88005800
2016-12-12 00:00:00-05:00,193.8246554596792,194.30409138860358,193.27674174705902,193.6962432861328,102016100
2016-12-13 00:00:00-05:00,194.35546564979694,195.48553202149307,194.33833967139873,194.98898315429688,110477500
2016-12-14 00:00:00-05:00,194.68934251772694,195.39135084417444,192.94285856387455,193.37948608398438,142501800
2016-12-15 00:00:00-05:00,193.6192042449696,195.0317904674374,193.3880492594279,194.17567443847656,124972600
2016-12-16 00:00:00-05:00,194.63122666208193,194.69151431182837,193.47727268966827,193.7958984375,156420200
2016-12-19 00:00:00-05:00,193.97677116092234,194.63986968501598,193.830375174617,194.2178955078125,90341100
2016-12-20 00:00:00-05:00,194.7518115170943,195.11351117714477,194.5193072017222,194.96710205078125,89838800
2016-12-21 00:00:00-05:00,194.83792994460757,195.01015974080977,194.42457580566406,194.42457580566406,67909000
2016-12-22 00:00:00-05:00,194.27817130921775,194.39873347530573,193.6925742594399,194.08871459960938,56219100
2016-12-23 00:00:00-05:00,194.13177206117248,194.38151643666708,193.94232848222345,194.37290954589844,36697800
2016-12-27 00:00:00-05:00,194.63988827841183,195.2513060949005,194.62266135476222,194.8551788330078,42672500
2016-12-28 00:00:00-05:00,195.1135149259041,195.13072870792,193.13283934987078,193.24478149414062,64095000
2016-12-29 00:00:00-05:00,193.31364806068328,193.66672764527488,192.76250488924578,193.2017059326172,48696100
2016-12-30 00:00:00-05:00,193.5289669064038,193.61508837779465,191.80664260092001,192.49557495117188,108998300
2017-01-03 00:00:00-05:00,193.79586624036577,194.47619149306766,192.79692843305605,193.96810913085938,91366500
2017-01-04 00:00:00-05:00,194.2953794720281,195.26849680321703,194.28677258194588,195.12210083007812,78744400
2017-01-05 00:00:00-05:00,194.85515990866216,195.12211806798737,194.17483446364827,194.96710205078125,78379000
2017-01-06 00:00:00-05:00,195.07899964620458,196.12961819114082,194.5364634568541,195.6645965576172,71559900
2017-01-09 00:00:00-05:00,195.40625803608066,195.54404709949904,194.98428395697,195.01873779296875,46939700
2017-01-10 00:00:00-05:00,195.0359515706798,195.87127969975725,194.63120440956854,195.01873779296875,63771900
2017-01-11 00:00:00-05:00,194.93265109478259,195.56991577148438,194.26955260662038,195.56991577148438,74650000
2017-01-12 00:00:00-05:00,195.05323723028695,195.26852777910625,193.72705323128866,195.07907104492188,72113200
2017-01-13 00:00:00-05:00,195.25130776674516,195.82828488116763,195.21686705944367,195.52688598632812,62717900
2017-01-17 00:00:00-05:00,194.88955823940466,195.29430540595925,194.4503703766765,194.837890625,61240800
2017-01-18 00:00:00-05:00,195.08762859655678,195.31153912048646,194.53648545658123,195.2684783935547,54793300
2017-01-19 00:00:00-05:00,195.34602527491714,195.48381437704683,194.1145696678997,194.54515075683594,66608800
2017-01-20 00:00:00-05:00,195.22541859869793,195.7507279330802,194.59677403141717,195.25987243652344,129168600
2017-01-23 00:00:00-05:00,195.2599114531842,195.32018597098931,193.99400203606893,194.75181579589844,75061600
2017-01-24 00:00:00-05:00,194.9670529499956,196.41381180496955,194.8551108360682,196.00045776367188,95555300
2017-01-25 00:00:00-05:00,196.94778620019798,197.69700622558594,196.78416328499497,197.69700622558594,84437700
2017-01-26 00:00:00-05:00,197.55053939409,197.81751062740526,197.21468677055776,197.49026489257812,59970700
2017-01-27 00:00:00-05:00,197.56778761210302,197.71418357760163,196.99941752937463,197.18026733398438,59711100
2017-01-30 00:00:00-05:00,196.49139014809327,196.51722396452,194.97574930978664,195.9574737548828,79737300
2017-01-31 00:00:00-05:00,195.46657427051073,196.00050372017813,194.898217258071,195.94021606445312,75880800
2017-02-01 00:00:00-05:00,195.94015300677572,196.8529824575381,195.4320706732815,196.0176544189453,79117700
2017-02-02 00:00:00-05:00,196.01768366488298,196.43105087203583,195.32876460020597,196.14686584472656,69657600
2017-02-03 00:00:00-05:00,197.05110656225563,197.6797511793912,196.74108769868505,197.4989013671875,80563200
2017-02-06 00:00:00-05:00,197.09416062482688,197.4903009625108,196.80997556219742,197.1458282470703,57790100
2017-02-07 00:00:00-05:00,197.53334759389273,197.77447190734355,196.96497750920597,197.15443420410156,57931200
2017-02-08 00:00:00-05:00,197.15447525123201,197.54199561136676,196.61193886286796,197.41282653808594,51566200
2017-02-09 00:00:00-05:00,197.4127730625225,198.88535266019773,197.4127730625225,198.58395385742188,65955200
2017-02-10 00:00:00-05:00,198.92844207107467,199.59154055725963,198.60119627316433,199.3676300048828,66015900
2017-02-13 00:00:00-05:00,199.85849382600338,200.71104900172796,199.83266001525024,200.45269775390625,55182100
2017-02-14 00:00:00-05:00,200.27187670372177,201.26222110590146,199.92741708401107,201.25360107421875,71109000
2017-02-15 00:00:00-05:00,201.03830504218527,202.49367120529897,200.98663741466746,202.30421447753906,86785800
2017-02-16 00:00:00-05:00,202.3300216006002,202.51087141334727,201.38275122705335,202.1319580078125,84722400
2017-02-17 00:00:00-05:00,201.46888297145847,202.4506072998047,201.45165604912492,202.4506072998047,77204100
2017-02-21 00:00:00-05:00,202.8209064325544,203.82846453736573,202.81228640155743,203.65623474121094,88946100
2017-02-22 00:00:00-05:00,203.25144442334758,203.69923917040245,203.0878215525709,203.475341796875,62115200
2017-02-23 00:00:00-05:00,203.99204201344,204.00925579101815,202.85530195944816,203.61312866210938,74615900
2017-02-24 00:00:00-05:00,202.7692649080462,203.91459911303326,202.72620416839197,203.87155151367188,82381600
2017-02-27 00:00:00-05:00,203.7854077732879,204.36238482880697,203.53567653504197,204.19015502929688,56515400
2017-02-28 00:00:00-05:00,203.81123736430177,204.05236170667933,203.2514872424162,203.63900756835938,96961900
2017-03-01 00:00:00-05:00,205.29244133183443,206.95449108934181,205.27521440981133,206.4894561767578,149158200
2017-03-02 00:00:00-05:00,206.2999495025957,206.3085695316657,205.1373887832171,205.18905639648438,70246000
2017-03-03 00:00:00-05:00,205.1029468100965,205.48186018302286,204.72403343717016,205.3182373046875,81974300
2017-03-06 00:00:00-05:00,204.52596783156446,205.05988404795863,204.10399373585008,204.70681762695312,55391500
2017-03-07 00:00:00-05:00,204.40537095492812,204.7584504562377,203.88866860470497,204.09535217285156,65103700
2017-03-08 00:00:00-05:00,204.38824297183825,204.64659427200291,203.57874836345906,203.71653747558594,78168800
2017-03-09 00:00:00-05:00,203.8370491788356,204.30208403201433,203.010340991413,203.97483825683594,90683900
2017-03-10 00:00:00-05:00,204.93074530765566,204.97380604057082,203.74233740870923,204.6896209716797,81991700
2017-03-13 00:00:00-04:00,204.62933059248675,204.83601422355267,204.30209793532902,204.79295349121094,57256800
2017-03-14 00:00:00-04:00,204.25043221184765,204.3021129786375,203.39789009404342,204.00930786132812,59880800
2017-03-15 00:00:00-04:00,204.57765871334672,206.19664760561835,204.34514127577168,205.77467346191406,96081800
2017-03-16 00:00:00-04:00,205.91245511123034,205.9899565408601,205.04268618470874,205.3699188232422,78344000
2017-03-17 00:00:00-04:00,205.63198195982773,205.82226287274787,205.00924682617188,205.00924682617188,89002100
2017-03-20 00:00:00-04:00,205.0092953250212,205.29471676192333,204.39521757687982,204.784423828125,52537000
2017-03-21 00:00:00-04:00,205.38982235241298,205.51090901439778,202.02532881856098,202.15505981445312,131809300
2017-03-22 00:00:00-04:00,202.1896235496629,202.91614337785805,201.56688849765175,202.63072204589844,97569200
2017-03-23 00:00:00-04:00,202.63074737271714,203.54754820347628,202.04261597089257,202.41452026367188,100410300
2017-03-24 00:00:00-04:00,202.71724265249742,203.2880721879376,201.4890742619211,202.26748657226562,112504900
2017-03-27 00:00:00-04:00,200.5982389240359,202.3194117347293,200.32147504346014,202.0599365234375,87454500
2017-03-28 00:00:00-04:00,201.75722350860326,203.95408544436285,201.6447811726046,203.53028869628906,93483900
2017-03-29 00:00:00-04:00,203.24489184712067,203.95411008941994,203.02000714794914,203.7205810546875,61950400
2017-03-30 00:00:00-04:00,203.65999883500942,204.5681553695538,203.48701978020478,204.3692169189453,56737900
2017-03-31 00:00:00-04:00,204.03188422367182,204.55947887025005,203.84160332179414,203.8935089111328,73733100
2017-04-03 00:00:00-04:00,203.94537207718605,204.14429728338644,202.3106959798202,203.5388641357422,85546500
2017-04-04 00:00:00-04:00,203.25351822724852,203.75516679210006,202.8729563368468,203.66867065429688,56466200
2017-04-05 00:00:00-04:00,204.34323198658012,205.3205825972771,202.8555886418277,203.06317138671875,108800600
2017-04-06 00:00:00-04:00,203.20162468780876,204.15301621103774,202.76051286391876,203.6340789794922,69135800
2017-04-07 00:00:00-04:00,203.383280855039,204.1184585482858,202.94218215756678,203.42652893066406,74412300
2017-04-10 00:00:00-04:00,203.56484825057547,204.34326055720862,203.0199517174591,203.54754638671875,67615300
2017-04-11 00:00:00-04:00,203.1670161256462,203.40918946743707,201.81776087925203,203.30540466308594,88045300
2017-04-12 00:00:00-04:00,203.02861106024082,203.21889197199712,202.1896488213487,202.41452026367188,81864400
2017-04-13 00:00:00-04:00,202.07720426085868,202.81238170244328,201.099853515625,201.099853515625,92880400
2017-04-17 00:00:00-04:00,201.6188347524172,202.88160705566406,201.4199094790997,202.88160705566406,68405400
2017-04-18 00:00:00-04:00,202.1464378130178,202.81242112623795,201.59289684029733,202.2761688232422,83225800
2017-04-19 00:00:00-04:00,202.83836923217876,203.21027359661804,201.67938167431168,201.90426635742188,68699900
2017-04-20 00:00:00-04:00,202.51830324525685,203.98865813160546,202.1982913499118,203.54754638671875,92572200
2017-04-21 00:00:00-04:00,203.46973807880664,203.52163048064483,202.5010447179408,202.89889526367188,110389800
2017-04-24 00:00:00-04:00,205.1390306880979,205.33796918308076,202.87297421055138,205.13038635253906,119209900
2017-04-25 00:00:00-04:00,205.7703726936147,206.66987167555047,205.68387656955395,206.32391357421875,76698300
2017-04-26 00:00:00-04:00,206.28929328187664,207.17150352612882,206.150917970928,206.19415283203125,84702500
2017-04-27 00:00:00-04:00,206.5142356410269,206.66991285841107,205.83095043817428,206.36720275878906,57410300
2017-04-28 00:00:00-04:00,206.62663754838997,206.65258374786688,205.7876752387527,205.91741943359375,63532800
2017-05-01 00:00:00-04:00,206.43634033203125,206.86015021914145,206.02118797570128,206.43634033203125,66882500
2017-05-02 00:00:00-04:00,206.57475792811164,206.69584459897976,206.10771311117955,206.51422119140625,57375700
2017-05-03 00:00:00-04:00,206.51421282157696,206.60935328750722,205.588754362305,206.2633819580078,73137700
2017-05-04 00:00:00-04:00,206.56607360408137,206.64391219225826,205.6579171496534,206.50552368164062,61462700
2017-05-05 00:00:00-04:00,206.87745917038717,207.33585960395547,206.4363474040606,207.3185577392578,62001300
2017-05-08 00:00:00-04:00,207.36178939446052,207.50882223911654,206.86014093756975,207.28395080566406,48385700
2017-05-09 00:00:00-04:00,207.5434450706046,207.7423703261031,206.74771765369846,207.09368896484375,51363200
2017-05-10 00:00:00-04:00,207.05048474320645,207.46563720703125,206.84290191256463,207.46563720703125,54293800
2017-05-11 00:00:00-04:00,207.0158781386859,207.20615908597674,205.96068859369421,207.0418243408203,62358300
2017-05-12 00:00:00-04:00,206.79098702830493,207.0850527749916,206.42772701225834,206.6958465576172,53912700
2017-05-15 00:00:00-04:00,207.11961833133617,207.95858054618077,207.10231646782097,207.83749389648438,61918900
2017-05-16 00:00:00-04:00,208.13157869892072,208.1575248978483,207.258025874294,207.64723205566406,51241800
2017-05-17 00:00:00-04:00,207.64722812837044,207.64722812837044,203.90217285033032,203.9627227783203,172174100
2017-05-18 00:00:00-04:00,203.8849114456229,205.63203060599696,203.62543621230657,204.784423828125,107047700
2017-05-19 00:00:00-04:00,205.268726412231,206.7823162173544,205.21683401621968,206.1163330078125,115011400
2017-05-22 00:00:00-04:00,206.6266353290807,207.32722229980186,206.55745426285634,207.1628875732422,61010600
2017-05-23 00:00:00-04:00,207.5348112360203,207.78564211492287,207.15424934903544,207.62130737304688,48341700
2017-05-24 00:00:00-04:00,207.85481893629006,208.2094213944331,207.51749194867847,208.1056365966797,46927700
2017-05-25 00:00:00-04:00,208.61593409813327,209.37705782517145,208.4083644980005,209.10028076171875,64071700
2017-05-26 00:00:00-04:00,208.90999129615258,209.2213588810894,208.83215269928246,209.05703735351562,46629900
2017-05-30 00:00:00-04:00,208.73702345379505,209.12622965651605,208.58134625168944,208.8754119873047,35201900
2017-05-31 00:00:00-04:00,209.16947497747938,209.20407870913107,208.13158738469383,208.82351684570312,91796000
2017-06-01 00:00:00-04:00,209.28190858500193,210.5014327244796,208.9964871993291,210.484130859375,68962000
2017-06-02 00:00:00-04:00,210.5360110522851,211.34038276481593,210.2419453498353,211.1846923828125,88666100
2017-06-05 00:00:00-04:00,211.01176612473392,211.2971875652669,210.83012949986428,211.02906799316406,44698800
2017-06-06 00:00:00-04:00,210.4667992308275,211.02034005878886,210.27651833395444,210.3543701171875,50375400
2017-06-07 00:00:00-04:00,210.69168365933325,210.96844747433232,210.02570052088976,210.7435760498047,54144300
2017-06-08 00:00:00-04:00,210.83879829100587,211.3231450532426,210.3198477900611,210.84744262695312,65950700
2017-06-09 00:00:00-04:00,211.11549039214944,211.91120454476018,209.26458692472863,210.52735900878906,132256400
2017-06-12 00:00:00-04:00,210.28520560176892,210.53602325723256,209.63652423363692,210.484130859375,86108100
2017-06-13 00:00:00-04:00,211.02034731862815,211.56524383273413,210.6743892382955,211.5133514404297,60067000
2017-06-14 00:00:00-04:00,211.78147826011883,211.79012259331708,210.423565693046,211.2452392578125,78602300
2017-06-15 00:00:00-04:00,209.89596964776152,210.95981650965615,209.6192058152247,210.83872985839844,66464900
2017-06-16 00:00:00-04:00,210.99781733459514,211.04996279608503,210.00701378083883,210.88482666015625,84553100
2017-06-19 00:00:00-04:00,211.71053116415712,212.70133489147645,211.61492671407285,212.6405029296875,65123800
2017-06-20 00:00:00-04:00,212.28412717005747,212.29281365996601,211.18903265983135,211.20640563964844,56906400
2017-06-21 00:00:00-04:00,211.59749874860742,211.71047615166384,210.68491346435795,211.15423583984375,55977600
2017-06-22 00:00:00-04:00,211.1629742389999,211.65836943369348,210.8848474012777,211.0586700439453,44148100
2017-06-23 00:00:00-04:00,211.11946010978448,211.64092790155846,210.73704243872845,211.3106689453125,66986800
2017-06-26 00:00:00-04:00,211.9798898399386,212.39707999389566,211.2411404748748,211.44972229003906,56700500
2017-06-27 00:00:00-04:00,211.23246021410642,211.5279732492118,209.72887535654044,209.7462615966797,82247700
2017-06-28 00:00:00-04:00,210.76312587024884,211.82346100773714,210.52845805803364,211.62356567382812,70042600
2017-06-29 00:00:00-04:00,211.77130561765378,211.82345107085214,208.55554113955273,209.7636260986328,106949700
2017-06-30 00:00:00-04:00,210.57193157446784,210.94566280210128,209.96354578022047,210.15475463867188,86820700
2017-07-03 00:00:00-04:00,211.09342148732742,211.52798468158704,210.5111083984375,210.5111083984375,39153800
2017-07-05 00:00:00-04:00,210.87614082870252,211.20639983977458,210.06784638763787,210.99781799316406,54427600
2017-07-06 00:00:00-04:00,210.2329855748634,210.3546627410907,208.88583699475083,209.068359375,65400800
2017-07-07 00:00:00-04:00,209.64195547243426,210.5719136942868,209.07701543431983,210.42416381835938,57972300
2017-07-10 00:00:00-04:00,210.42416316812717,211.0238624203301,210.119963666866,210.65013122558594,36663300
2017-07-11 00:00:00-04:00,210.65013448651465,210.80658411472686,209.3290720753313,210.4936981201172,50354600
2017-07-12 00:00:00-04:00,211.45842825120994,212.24063660467954,211.45842825120994,212.07550048828125,59610400
2017-07-13 00:00:00-04:00,212.08423949125515,212.54487544761292,211.85825812727933,212.431884765625,39471600
2017-07-14 00:00:00-04:00,212.43183455369368,213.77898288163507,212.33623013656714,213.42263793945312,60262700
2017-07-17 00:00:00-04:00,213.34446098258874,213.72687872498506,213.2227838156278,213.3966064453125,33531900
2017-07-18 00:00:00-04:00,212.988101404327,213.56172797868854,212.64914265798896,213.50958251953125,42742500
2017-07-19 00:00:00-04:00,213.82248890102755,214.6742290926207,213.81378914912898,214.66554260253906,51034300
2017-07-20 00:00:00-04:00,214.91754476266078,215.03922191099483,214.21355460002698,214.7611083984375,47135200
2017-07-21 00:00:00-04:00,214.18751329032523,214.5960037614684,213.96153193754682,214.56993103027344,82340800
2017-07-24 00:00:00-04:00,214.49165998348326,214.65679609178116,214.04841037316834,214.5177459716797,46622300
2017-07-25 00:00:00-04:00,215.26519841336034,215.36950258874876,214.81326227999904,215.0392303466797,54915600
2017-07-26 00:00:00-04:00,215.32606993450494,215.36082915600542,214.78721579943908,215.04794311523438,47575400
2017-07-27 00:00:00-04:00,215.50856694803846,215.54332616544713,213.52694674855073,214.8480224609375,70766600
2017-07-28 00:00:00-04:00,214.36999645778127,214.7263414233966,213.9180603305673,214.59597778320312,50088400
2017-07-31 00:00:00-04:00,214.9957720304814,215.09137645548512,214.26570910962465,214.47430419921875,65838700
2017-08-01 00:00:00-04:00,215.07397816454593,215.10873737781307,214.4308199936887,214.95230102539062,55050400
2017-08-02 00:00:00-04:00,215.08269809566875,215.1956887645296,214.1266538094975,215.05662536621094,47211200
2017-08-03 00:00:00-04:00,214.9436057790186,214.9696785049686,214.3612927964457,214.63941955566406,40856000
2017-08-04 00:00:00-04:00,215.12619831902103,215.36085292913972,214.64817608426753,215.0305938720703,60191800
2017-08-07 00:00:00-04:00,215.1000846337351,215.4303436279297,214.9957804539439,215.4303436279297,31995000
2017-08-08 00:00:00-04:00,215.11745858993362,216.33424343971365,214.52645903629823,214.90017700195312,61719400
2017-08-09 00:00:00-04:00,214.21357724405223,214.94364021122985,213.85723224990033,214.89149475097656,62632600
2017-08-10 00:00:00-04:00,214.05707290537646,214.18744978451153,211.80603936752414,211.85818481445312,120479500
2017-08-11 00:00:00-04:00,212.08417688094036,212.76209424910257,211.8495090960186,212.17108154296875,74869900
2017-08-14 00:00:00-04:00,213.4487314454998,214.491680385441,213.4139722276217,214.27439880371094,73291900
2017-08-15 00:00:00-04:00,214.65685782278703,214.67424406597993,213.94418099369304,214.2483673095703,55242700
2017-08-16 00:00:00-04:00,214.76978966703544,215.16959358002424,214.19616315519622,214.62203979492188,56715500
2017-08-17 00:00:00-04:00,214.01366523031848,214.3265512292941,211.27590942382812,211.27590942382812,128490400
2017-08-18 00:00:00-04:00,211.1108015904025,212.23198209604297,210.50241575027266,210.9456787109375,136748000
2017-08-21 00:00:00-04:00,210.8848412235054,211.3715499134438,210.18085092114322,211.11080932617188,65469700
2017-08-22 00:00:00-04:00,211.6931125941719,213.47481101197403,211.67572635376834,213.31837463378906,63140100
2017-08-23 00:00:00-04:00,212.35364773887312,212.97941978670568,212.205897847276,212.5535430908203,50203800
2017-08-24 00:00:00-04:00,212.93594879691088,213.0923851691312,211.84954089488582,212.05813598632812,50741700
2017-08-25 00:00:00-04:00,212.8490428740146,213.46612843239413,212.40579319922318,212.5535430908203,64445900
2017-08-28 00:00:00-04:00,213.08370846040347,213.10978119030355,212.14505039855294,212.56224060058594,40565600
2017-08-29 00:00:00-04:00,211.2498139126445,213.06628450382465,211.13682326186802,212.80555725097656,51135700
2017-08-30 00:00:00-04:00,212.7882189478831,214.08322206327634,212.60569656795954,213.81378173828125,62030800
2017-08-31 00:00:00-04:00,214.430836191857,215.34342143536554,213.84852317749608,215.10006713867188,103803900
2017-09-01 00:00:00-04:00,215.47379805521166,215.8301430332035,215.25651647279935,215.40426635742188,62007000
2017-09-05 00:00:00-04:00,214.90015712543195,215.12613844359225,212.89247756007697,213.85720825195312,91398800
2017-09-06 00:00:00-04:00,214.53513481681557,214.91755251446293,214.00496723813447,214.5872802734375,57916900
2017-09-07 00:00:00-04:00,214.89149051924016,214.9088767595875,214.15272781535776,214.56121826171875,58034700
2017-09-08 00:00:00-04:00,214.27435533497794,214.76976360649286,214.06577354639276,214.3091278076172,63832800
2017-09-11 00:00:00-04:00,215.57809645054567,216.67320415146062,215.56072347185696,216.59498596191406,71364800
2017-09-12 00:00:00-04:00,216.960011255318,217.3598019428115,216.77748888976458,217.32504272460938,56896000
2017-09-13 00:00:00-04:00,217.03824757556816,217.46412428956327,216.92525689879432,217.42935180664062,59228000
2017-09-14 00:00:00-04:00,217.10771572049754,217.55966503346653,216.93389314222105,217.35975646972656,95446300
2017-09-15 00:00:00-04:00,217.21570023594433,217.739756008967,217.11089174686597,217.6524200439453,95432400
2017-09-18 00:00:00-04:00,218.01924704393736,218.46469641738005,217.7310103925462,218.11532592773438,46235200
2017-09-19 00:00:00-04:00,218.35991184000716,218.4210590125854,218.0105413121157,218.33370971679688,47108100
2017-09-20 00:00:00-04:00,218.42100488688175,218.52581335375092,217.41654154474944,218.41226196289062,59574100
2017-09-21 00:00:00-04:00,218.25510815450258,218.34244412458347,217.65243265212848,217.82711791992188,48211400
2017-09-22 00:00:00-04:00,217.53014764359605,218.03674424025084,217.50394552028905,217.87078857421875,51214000
2017-09-25 00:00:00-04:00,217.61748127360232,217.96686512666057,216.68290778788798,217.42532348632812,57064400
2017-09-26 00:00:00-04:00,217.85331699185963,218.0978790288707,217.32051826959304,217.5563507080078,54082000
2017-09-27 00:00:00-04:00,218.25509657578533,218.78789527725007,217.37291402963743,218.40357971191406,81001400
2017-09-28 00:00:00-04:00,218.12407725765934,218.74422526534195,218.0367412903613,218.66561889648438,44778800
2017-09-29 00:00:00-04:00,218.65684347170293,219.51282378636614,218.47342863829596,219.4342041015625,85578000
2017-10-02 00:00:00-04:00,219.6613046021802,220.38626098632812,219.4866060401173,220.38626098632812,59023000
2017-10-03 00:00:00-04:00,220.38628914782512,220.8841427959599,220.30766945379898,220.85794067382812,66810200
2017-10-04 00:00:00-04:00,220.70944693575927,221.36452661284386,220.59589552688965,221.11996459960938,55953600
2017-10-05 00:00:00-04:00,221.45189898106148,222.44761972082654,221.15493267725822,222.43016052246094,63522800
2017-10-06 00:00:00-04:00,221.9847068130884,222.465101340426,221.72268555057047,222.17686462402344,80646000
2017-10-09 00:00:00-04:00,222.40395875357316,222.4650926032154,221.54797823752332,221.8100128173828,35803100
2017-10-10 00:00:00-04:00,222.3777281817695,222.7707733374642,221.83618656529862,222.3951873779297,43057400
2017-10-11 00:00:00-04:00,222.29910515071512,222.74456787109375,222.13316282390105,222.74456787109375,47674300
2017-10-12 00:00:00-04:00,222.43008543513866,222.77945587136392,222.17678054039172,222.41261291503906,47065100
2017-10-13 00:00:00-04:00,222.84938156164074,222.96293297578225,222.41266175664202,222.6834259033203,54800400
2017-10-16 00:00:00-04:00,222.91054426948924,223.17256550864792,222.56990333095123,222.98040771484375,38221700
2017-10-17 00:00:00-04:00,222.92795822456165,223.1812631411833,222.70959835115698,223.13758850097656,31561000
2017-10-18 00:00:00-04:00,223.5131697489327,223.5568443908322,223.1637992689959,223.35595703125,40888300
2017-10-19 00:00:00-04:00,222.57863488865067,223.4520745672181,222.1593875746752,223.41712951660156,61903800
2017-10-20 00:00:00-04:00,224.21199677364615,224.59631239998672,223.39969086749306,224.57008361816406,89176400
2017-10-23 00:00:00-04:00,224.89324417338113,224.9194462959128,223.61800312947534,223.6966094970703,63915300
2017-10-24 00:00:00-04:00,224.12462095301717,224.32549501443242,223.73156244590075,224.0896759033203,66935900
2017-10-25 00:00:00-04:00,223.75776848882185,223.8713199108784,221.85367640356625,222.98040771484375,103715300
2017-10-26 00:00:00-04:00,223.59179742215292,223.86254822529017,223.1463347175475,223.26861572265625,69798000
2017-10-27 00:00:00-04:00,224.01104443027998,225.2513403305325,223.2773584004407,225.09410095214844,85562500
2017-10-30 00:00:00-04:00,224.01105321483814,224.99804421858872,223.95864897174172,224.255615234375,54285700
2017-10-31 00:00:00-04:00,224.6311978502524,224.85830068394264,224.3080294517007,224.60499572753906,60304800
2017-11-01 00:00:00-04:00,225.38237007095873,225.7229976666513,224.5351325618353,224.90196228027344,54202700
2017-11-02 00:00:00-04:00,224.83206036171993,225.12902658710306,223.76646312698873,224.98927307128906,56449500
2017-11-03 00:00:00-04:00,225.14650410247782,225.7841245724056,224.73598644613577,225.74046325683594,59589700
2017-11-06 00:00:00-05:00,225.60946643391293,226.22088489302695,225.53960298542842,226.08987426757812,49652600
2017-11-07 00:00:00-05:00,226.19469949292795,226.5266108721165,225.42606822644223,225.93267822265625,57502200
2017-11-08 00:00:00-05:00,225.75796800014018,226.41304779741046,225.47846088937456,226.31695556640625,50469600
2017-11-09 00:00:00-05:00,225.11156462700185,225.68803787692877,223.91493016041056,225.49588012695312,95085500
2017-11-10 00:00:00-05:00,225.11158468854057,225.6007087038398,224.79713258998552,225.42601013183594,59984700
2017-11-13 00:00:00-05:00,224.74473659867962,225.86273819686548,224.70979155194425,225.63563537597656,50228600
2017-11-14 00:00:00-05:00,224.8320804677906,225.21639600683287,224.05470646441782,225.11158752441406,61315200
2017-11-15 00:00:00-05:00,224.14203021059666,224.66609921823314,223.27733367391352,223.9848175048828,80811500
2017-11-16 00:00:00-05:00,224.9281576360003,226.2558028958665,224.8844963178253,225.88894653320312,67777000
2017-11-17 00:00:00-05:00,225.5395802985394,225.86274869389405,225.1465218064658,225.22512817382812,75756800
2017-11-20 00:00:00-05:00,225.46972440635292,225.80160908346332,225.22513571490924,225.6094512939453,48075500
2017-11-21 00:00:00-05:00,226.37810249998583,227.26902808267985,225.57455287648494,227.08558654785156,69176800
2017-11-22 00:00:00-05:00,227.09427576911906,227.22528636639564,226.71870317183996,226.88465881347656,45033400
2017-11-24 00:00:00-05:00,227.3738035315452,227.5135570664607,227.23404999662972,227.40872192382812,27856500
2017-11-27 00:00:00-05:00,227.4523939944793,227.749360239689,227.09428058415776,227.29518127441406,52274900
2017-11-28 00:00:00-05:00,227.75808396140033,229.62723056018447,227.66199175928952,229.6010284423828,98971700
2017-11-29 00:00:00-05:00,229.73206784726955,230.26487984974452,229.01586765243735,229.4613037109375,77512100
2017-11-30 00:00:00-05:00,230.3784610083552,232.3786187053131,230.29985463494003,231.4702606201172,127894400
2017-12-01 00:00:00-05:00,231.25185497707815,231.73223604917192,227.75809691018895,230.98980712890625,164390900
2017-12-04 00:00:00-05:00,232.60564520783424,233.03362198548888,230.65786574386095,230.71029663085938,94040600
2017-12-05 00:00:00-05:00,229.8805389404297,231.5924728582551,229.74952834944312,229.8805389404297,77994500
2017-12-06 00:00:00-05:00,229.97662909551735,230.3522283702102,229.46130294566018,229.92422485351562,75898600
2017-12-07 00:00:00-05:00,230.64923095703125,230.96365645856784,229.6622398184337,230.64923095703125,77218600
2017-12-08 00:00:00-05:00,231.60127319694897,231.91569869326315,230.61428207474475,231.906982421875,76563900
2017-12-11 00:00:00-05:00,232.60562133789062,232.66676848706786,231.88067843633291,232.60562133789062,83077500
2017-12-12 00:00:00-05:00,233.39177744765638,233.48786966002598,232.64063222031234,233.01620483398438,85195800
2017-12-13 00:00:00-05:00,233.26073907462717,233.69745880279135,232.90262569890172,232.98997497558594,102905400
2017-12-14 00:00:00-05:00,233.28696073833632,233.40051214201415,231.98554436904854,232.03794860839844,100666700
2017-12-15 00:00:00-05:00,233.0396690986028,234.43553349269078,232.98699699252464,233.97024536132812,144610300
2017-12-18 00:00:00-05:00,235.36609217204557,235.80504421757664,235.26074796775922,235.45388793945312,83653600
2017-12-19 00:00:00-05:00,235.69975033749483,235.74363483481503,234.47945053044936,234.54969787597656,82382900
2017-12-20 00:00:00-05:00,235.51524314136265,235.5679152261234,234.12816692349966,234.42665100097656,76751500
2017-12-21 00:00:00-05:00,235.05005956036698,235.6207187178105,234.66377957294816,234.9095916748047,67032300
2017-12-22 00:00:00-05:00,234.92715268868957,234.96227635583207,234.31260907548216,234.84814453125,78720900
2017-12-26 00:00:00-05:00,234.44431077412563,234.7867062791785,234.30386967573068,234.56723022460938,45244400
2017-12-27 00:00:00-05:00,234.73403807744953,235.04130991726413,234.40921779792106,234.68136596679688,57751000
2017-12-28 00:00:00-05:00,235.181775060121,235.20811111513945,234.7954950588432,235.16419982910156,45116100
2017-12-29 00:00:00-05:00,235.7435927507426,235.76114118823554,234.08436789215662,234.27748107910156,96007400
2018-01-02 00:00:00-05:00,235.1378250465664,235.98939307392297,234.75154510890943,235.9542694091797,86655700
2018-01-03 00:00:00-05:00,236.12111810246338,237.59601759479307,236.12111810246338,237.44676208496094,90070400
2018-01-04 00:00:00-05:00,238.08760791196542,238.93038836501717,237.50818797814625,238.44752502441406,80636400
2018-01-05 00:00:00-05:00,239.23767928983673,240.15946797234622,238.7460550869637,240.0365753173828,83524000
2018-01-08 00:00:00-05:00,239.93998942067273,240.63354122486592,239.6502928293821,240.47552490234375,57319200
2018-01-09 00:00:00-05:00,240.89694747484407,241.6431715281476,240.61601165382154,241.01986694335938,57254000
2018-01-10 00:00:00-05:00,240.26470590189436,240.91437293305344,239.59751723114692,240.65098571777344,69574300
2018-01-11 00:00:00-05:00,241.20421201328483,242.4069366455078,241.03740804909924,242.4069366455078,62361500
2018-01-12 00:00:00-05:00,242.67029577236767,244.15392925287028,242.37178476166358,243.98715209960938,90816100
2018-01-16 00:00:00-05:00,245.24253818450373,245.89217870480007,242.45957014401458,243.1531219482422,106555100
2018-01-17 00:00:00-05:00,244.08365705963055,245.85701356015943,243.15308092859505,245.47073364257812,113258800
2018-01-18 00:00:00-05:00,245.35672707365885,245.7781040317324,244.56659169423966,245.05824279785156,100728000
2018-01-19 00:00:00-05:00,245.63756026225914,246.173095703125,245.05816712382477,246.173095703125,140920100
2018-01-22 00:00:00-05:00,245.96246493019794,248.17477416992188,245.9097660228466,248.17477416992188,91322400
2018-01-23 00:00:00-05:00,248.21862891691765,248.99118891195354,247.89380864434813,248.7014923095703,97084700
2018-01-24 00:00:00-05:00,249.3423251815439,249.93932036064535,247.4285005787556,248.60488891601562,134816100
2018-01-25 00:00:00-05:00,249.46521648794092,249.5617730729087,247.92009679641455,248.710205078125,84587300
2018-01-26 00:00:00-05:00,249.54417170190402,251.63358717113158,249.2895720813974,251.5896759033203,107743100
2018-01-29 00:00:00-05:00,251.0191178174703,251.45806987609902,249.76372135975387,249.92173767089844,90118300
2018-01-30 00:00:00-05:00,248.09569731750025,249.9743981091749,246.88418540558078,247.35826110839844,131796400
2018-01-31 00:00:00-05:00,248.2098613943564,248.71024642133222,246.41014172914782,247.48118591308594,108364800
2018-02-01 00:00:00-05:00,246.7524977240842,248.49951821002367,246.41010228471623,247.20021057128906,90102500
2018-02-02 00:00:00-05:00,245.88341509241843,246.0151221655599,241.78361717245468,241.81874084472656,173174800
2018-02-05 00:00:00-05:00,240.0628951810938,242.16985973581026,231.1609344386689,231.70523071289062,294681800
2018-02-06 00:00:00-05:00,228.20235475111994,236.77070587057335,227.11376242714104,236.27029418945312,355026800
2018-02-07 00:00:00-05:00,235.7172349914964,239.1059317295895,234.90955148557242,234.98858642578125,167376100
2018-02-08 00:00:00-05:00,235.28711910488605,235.4275869953834,226.13934532363862,226.17446899414062,246449500
2018-02-09 00:00:00-05:00,228.95737110626445,231.42427940359678,222.03949613269174,229.57191467285156,283565300
2018-02-12 00:00:00-05:00,231.61741052872057,234.4091657307602,229.7123737697383,232.94305419921875,143736000
2018-02-13 00:00:00-05:00,231.74037748189377,234.0668183011388,231.16095748307058,233.52252197265625,81223600
2018-02-14 00:00:00-05:00,232.03886114791155,237.03413827941714,232.0300735324697,236.6741943359375,120735700
2018-02-15 00:00:00-05:00,238.41246589270904,239.70298622426654,235.95431789418856,239.69419860839844,111200300
2018-02-16 00:00:00-05:00,239.07080319233245,241.70451496630102,239.02689192119868,239.7643280029297,160420100
2018-02-20 00:00:00-05:00,238.81629808944345,240.25607395574437,237.47310562466865,238.26321411132812,86369700
2018-02-21 00:00:00-05:00,238.7021616780107,241.17785810812944,236.98147683910005,237.07803344726562,98883700
2018-02-22 00:00:00-05:00,237.99979746858162,239.71169432106666,236.71806503482514,237.38525390625,110511300
2018-02-23 00:00:00-05:00,238.6056321866141,241.16909790039062,238.1315563332114,241.16909790039062,92766400
2018-02-26 00:00:00-05:00,242.24005616182345,244.0661115745576,241.65187545623988,243.9695281982422,86491400
2018-02-27 00:00:00-05:00,244.15392938564298,244.86505645092993,240.8617885657484,240.92324829101562,99099200
2018-02-28 00:00:00-05:00,242.0205878320597,242.46832748149382,238.1666028924506,238.48263549804688,121907800
2018-03-01 00:00:00-05:00,238.2720014755822,239.81712156627023,233.5225361531255,235.01498413085938,176855100
2018-03-02 00:00:00-05:00,233.3469007734564,236.7882966589394,232.48657189571603,236.22642517089844,139083200
2018-03-05 00:00:00-05:00,235.04125115839994,239.5712390826377,234.93588017192567,238.95669555664062,97307400
2018-03-06 00:00:00-05:00,239.93120475708733,240.01023971083006,238.0700521582396,239.5625,79213200
2018-03-07 00:00:00-05:00,237.40285992477092,239.82585724110842,237.2097199336888,239.47470092773438,87063500
2018-03-08 00:00:00-05:00,240.15063585578204,240.75639177769847,239.15862681019166,240.6334991455078,66901200
2018-03-09 00:00:00-05:00,242.0381499475418,244.8210906982422,241.72209056756208,244.8210906982422,113625300
2018-03-12 00:00:00-04:00,245.11083486984458,245.7341392777814,244.12755977525234,244.5138397216797,71924800
2018-03-13 00:00:00-04:00,245.67271164185843,246.17312347300873,242.32789873513437,242.93365478515625,91968900
2018-03-14 00:00:00-04:00,243.89048280961765,244.07483512888254,241.13387846701005,241.6869354248047,105895100
2018-03-15 00:00:00-04:00,242.19614373976535,242.83699647068977,240.9231723076105,241.423583984375,83433000
2018-03-16 00:00:00-04:00,241.9498553754007,242.73433229879393,241.63255700109175,241.68544006347656,100343700
2018-03-19 00:00:00-04:00,240.93620460870457,241.86168501139227,236.7670775944114,238.4153289794922,109208400
2018-03-20 00:00:00-04:00,238.8119169392159,239.45536316886378,238.14202918773603,238.82073974609375,59757300
2018-03-21 00:00:00-04:00,238.77675641430042,240.8657182435724,238.15095552635282,238.36248779296875,78709600
2018-03-22 00:00:00-04:00,236.14128090528047,236.9874367365729,232.13080299363773,232.40406799316406,148785900
2018-03-23 00:00:00-04:00,232.84478414512185,233.17090531261704,227.25655645235332,227.45046997070312,183534800
2018-03-26 00:00:00-04:00,231.0467092863797,233.9553855388046,228.64924497633498,233.67332458496094,141956100
2018-03-27 00:00:00-04:00,234.60762172890932,235.13645231917573,228.1467967301256,229.69810485839844,129941400
2018-03-28 00:00:00-04:00,229.83029701052686,231.49619395397707,227.91760350865525,229.01937866210938,146452300
2018-03-29 00:00:00-04:00,230.1564425245714,233.80553513065988,229.0282257239141,231.9457244873047,111601600
2018-04-02 00:00:00-04:00,231.41682631878385,231.9280650176336,224.47124538181424,226.93922424316406,186286300
2018-04-03 00:00:00-04:00,228.17325309173245,230.3239206279813,226.38397108152986,229.8479461669922,119956900
2018-04-04 00:00:00-04:00,226.30467376261734,233.01226968208627,226.17246609052276,232.30714416503906,123715300
2018-04-05 00:00:00-04:00,234.0611666848327,235.02193855166377,232.97703685335392,234.14051818847656,82652600
2018-04-06 00:00:00-04:00,232.18372032516052,233.67329571244264,227.40641101791257,228.92245483398438,179521200
2018-04-09 00:00:00-04:00,230.37676505100026,233.43529384498132,229.11634077565296,230.05064392089844,105442900
2018-04-10 00:00:00-04:00,232.93291826893037,234.49304931652253,231.79590552096968,233.7085723876953,103529000
2018-04-11 00:00:00-04:00,232.22780953419007,234.1405034372823,232.15730774505533,232.48342895507812,91140200
2018-04-12 00:00:00-04:00,233.80553590428718,235.33919847775888,233.62924110095946,234.3960723876953,68890500
2018-04-13 00:00:00-04:00,235.70059074735886,235.81517968292337,232.70376729661248,233.7085723876953,85079200
2018-04-16 00:00:00-04:00,235.33923954798865,236.39695475492138,234.51952505696408,235.63009643554688,63405300
2018-04-17 00:00:00-04:00,237.3928893273972,238.75028395961277,236.88167744967973,238.1509246826172,64682000
2018-04-18 00:00:00-04:00,238.5916858634493,239.12933938618258,237.86891469295483,238.3272705078125,57303900
2018-04-19 00:00:00-04:00,237.67500341890963,237.87773979272504,235.97386851737917,237.00514221191406,77655900
2018-04-20 00:00:00-04:00,236.93454214305586,237.154897174765,234.11398697765554,234.9954071044922,99953100
2018-04-23 00:00:00-04:00,235.56835661263662,236.12365560791923,233.88484090745573,234.96017456054688,65558000
2018-04-24 00:00:00-04:00,235.98262893542974,236.20298397525707,230.2974581483618,231.79588317871094,112885500
2018-04-25 00:00:00-04:00,231.73416611286592,232.80949973120806,229.91844282434178,232.36878967285156,103840900
2018-04-26 00:00:00-04:00,233.3912234923212,235.5595092922136,232.9505134655818,234.73097229003906,67731900
2018-04-27 00:00:00-04:00,235.33925842147093,235.63893814441175,234.01712775618176,234.95143127441406,57053600
2018-04-30 00:00:00-04:00,235.568391229111,236.12369030599413,233.07395678832052,233.1444854736328,82182300
2018-05-01 00:00:00-04:00,232.58038626773487,233.6645429949395,231.0290778253246,233.55877685546875,74203400
2018-05-02 00:00:00-04:00,233.36483583662604,234.17572740968185,231.60199532273418,231.9898223876953,86368900
2018-05-03 00:00:00-04:00,231.16126305069108,232.13080372140743,228.3318849297842,231.4785614013672,136311500
2018-05-04 00:00:00-04:00,230.5089667454372,235.15406772398305,230.1828456237386,234.47535705566406,91222100
2018-05-07 00:00:00-04:00,235.24229625773177,236.23827868420156,234.55476254394,235.26873779296875,55304900
2018-05-08 00:00:00-04:00,234.89852940083588,235.63009647493584,233.70860651754143,235.26873779296875,67499200
2018-05-09 00:00:00-04:00,235.93856383142008,237.86887631255698,235.41852911669892,237.54275512695312,59666100
2018-05-10 00:00:00-04:00,238.28318201111145,240.0901099271998,238.17741586945073,239.7639617919922,72063900
2018-05-11 00:00:00-04:00,239.8873622488972,240.75995977528183,239.3761233898816,240.49554443359375,59871500
2018-05-14 00:00:00-04:00,240.9274210765786,241.57966348961148,240.06361950078988,240.61012268066406,54790600
2018-05-15 00:00:00-04:00,239.3849513317959,239.40257005534806,238.00993772791824,238.95306396484375,87036100
2018-05-16 00:00:00-04:00,238.98826881675424,240.4161651346409,238.96180038979318,239.9578094482422,53942600
2018-05-17 00:00:00-04:00,239.69342108090297,240.83046071677833,238.97947284179332,239.755126953125,56536400
2018-05-18 00:00:00-04:00,239.41132004082448,239.77270550482476,238.8031380280931,239.15570068359375,64368000
2018-05-21 00:00:00-04:00,240.6364828393137,241.49146131537844,240.2486558873583,240.9537811279297,58025900
2018-05-22 00:00:00-04:00,241.47388880461108,241.72950821369673,239.95784486948793,240.28396606445312,52966400
2018-05-23 00:00:00-04:00,239.0147370148245,240.9714910129223,238.85606092939213,240.9450225830078,64694200
2018-05-24 00:00:00-04:00,240.54844728325048,240.82168545840236,238.6710175064342,240.45147705078125,76043800
2018-05-25 00:00:00-04:00,239.87850952148438,240.5043103513088,239.3760935361218,239.87850952148438,56374800
2018-05-29 00:00:00-04:00,238.25668371463993,239.0147190473101,236.00907304336295,237.11964416503906,115908600
2018-05-30 00:00:00-04:00,238.42418221259786,240.72467619793298,238.3536804267183,240.28396606445312,69678400
2018-05-31 00:00:00-04:00,239.8784614132531,240.17814100262822,238.2125915048435,238.81195068359375,93519900
2018-06-01 00:00:00-04:00,240.10764786706392,241.45621951714224,240.0371191971426,241.1565399169922,71258400
2018-06-04 00:00:00-04:00,241.97629276170582,242.5580333367851,241.73831898505043,242.3024139404297,45385200
2018-06-05 00:00:00-04:00,242.4345963258353,242.85768767237997,241.66776511550432,242.4786834716797,51135000
2018-06-06 00:00:00-04:00,243.08687735879116,244.6117170448222,242.4698724773669,244.50595092773438,62732200
2018-06-07 00:00:00-04:00,244.9907003344517,245.28155709966063,243.57160014374352,244.47946166992188,72969400
2018-06-08 00:00:00-04:00,244.0212770469809,245.25526039878318,243.85380499579136,245.20237731933594,72139700
2018-06-11 00:00:00-04:00,245.42264574370634,246.24236008435872,245.30805681244757,245.52841186523438,58892500
2018-06-12 00:00:00-04:00,245.9426311585828,246.2070464094195,245.2022415574353,245.84568786621094,72329000
2018-06-13 00:00:00-04:00,246.08374537166932,246.3393648003741,244.85855819513074,245.06129455566406,79070600
2018-06-14 00:00:00-04:00,245.9251108414489,246.20714492225446,245.08775071407877,245.67831420898438,77097600
2018-06-15 00:00:00-04:00,244.8955121853321,245.70120924970385,243.78878990233585,245.36476135253906,120041600
2018-06-18 00:00:00-04:00,243.91277699312204,244.98410382907056,243.43469232640646,244.86013793945312,52917600
2018-06-19 00:00:00-04:00,242.59367013367032,244.14308226043644,242.17754122455472,243.92173767089844,97531500
2018-06-20 00:00:00-04:00,244.60343224923864,245.00186325793013,244.00138154154413,244.33782958984375,53785500
2018-06-21 00:00:00-04:00,244.32894278291016,244.34666763816736,242.3102817141276,242.80609130859375,71061400
2018-06-22 00:00:00-04:00,244.06333906679495,244.17844254707023,243.0274347639137,243.248779296875,54898500
2018-06-25 00:00:00-04:00,242.0977634550983,242.25712501103698,238.25522616199765,239.93743896484375,137854200
2018-06-26 00:00:00-04:00,240.50409639205643,241.31862903294743,239.7515196771776,240.4686737060547,68547400
2018-06-27 00:00:00-04:00,241.05304649180533,242.47849224175374,238.326066854242,238.47659301757812,105110700
2018-06-28 00:00:00-04:00,238.423447181038,240.60146947724132,237.71512857523751,239.84005737304688,76650500
2018-06-29 00:00:00-04:00,240.9291393363835,242.29262948762698,240.07032130223428,240.1854248046875,97592500
2018-07-02 00:00:00-04:00,238.61826608752668,240.85827165334734,238.3791967022646,240.69888305664062,63554800
2018-07-03 00:00:00-04:00,241.59311867340935,241.69052431494146,239.42395853253888,239.8489227294922,42187100
2018-07-05 00:00:00-04:00,240.97334204813754,241.8675554544419,239.90201521447784,241.80557250976562,56925900
2018-07-06 00:00:00-04:00,241.83219950579445,244.22270428564602,241.4514663685335,243.85086059570312,66493700
2018-07-09 00:00:00-04:00,244.85136471793945,246.09975139725194,244.80710660957607,246.046630859375,50550400
2018-07-10 00:00:00-04:00,246.49810394762574,247.02933617681353,246.20591406275534,246.9319305419922,51966800
2018-07-11 00:00:00-04:00,245.38257597316954,246.17057558311728,244.8247833539211,245.1258087158203,77054700
2018-07-12 00:00:00-04:00,246.38305497665553,247.40123454638106,245.78100425955168,247.34811401367188,60124700
2018-07-13 00:00:00-04:00,247.17097255653775,247.84384142076897,246.71942115875308,247.54281616210938,48216000
2018-07-16 00:00:00-04:00,247.5871628642055,247.72879959326502,246.87884412092146,247.321533203125,48201000
2018-07-17 00:00:00-04:00,246.551204508345,248.7115289177783,246.4980839916861,248.32196044921875,52315500
2018-07-18 00:00:00-04:00,248.40164084943382,248.9505708671419,247.9589518648833,248.84432983398438,44593500
2018-07-19 00:00:00-04:00,248.18034885597547,248.56105497851968,247.42777201912497,247.9058837890625,61412100
2018-07-20 00:00:00-04:00,247.70220885881517,248.33084673232435,247.46316651088532,247.62252807617188,82337700
2018-07-23 00:00:00-04:00,247.41891322282152,248.28656644152343,247.0736028050646,248.08294677734375,47047600
2018-07-24 00:00:00-04:00,249.49065687437772,250.17238816002202,248.46361522328874,249.33126831054688,68026900
2018-07-25 00:00:00-04:00,249.0833737679788,251.7749303769225,249.03911567707434,251.45620727539062,78882900
2018-07-26 00:00:00-04:00,250.7391744771245,251.54484504640865,250.64176880262355,250.8631134033203,57919500
2018-07-27 00:00:00-04:00,251.1906128472391,251.2880184882975,248.24231566683144,249.16311645507812,76768700
2018-07-30 00:00:00-04:00,249.24286713704873,249.40222875482118,247.33928207511173,247.86167907714844,63742500
2018-07-31 00:00:00-04:00,248.62298720311097,249.69428698825837,248.24228115824914,249.0833740234375,68570500
2018-08-01 00:00:00-04:00,249.28698110298606,249.79165295372192,248.02089728342392,248.66720581054688,53853300
2018-08-02 00:00:00-04:00,247.36582285557148,250.19015439375062,247.1621761469714,250.02195739746094,63426400
2018-08-03 00:00:00-04:00,250.14587016215646,251.14635172489284,249.96878373668994,251.09323120117188,53935400
2018-08-06 00:00:00-04:00,251.128690386701,252.3239293637216,250.73912180973468,252.01406860351562,39400900
2018-08-07 00:00:00-04:00,252.67807071803176,253.22700082078438,252.5452423864147,252.8462677001953,43196600
2018-08-08 00:00:00-04:00,252.67809533094987,253.13848226400177,252.27966433647936,252.74005126953125,42114600
2018-08-09 00:00:00-04:00,252.80199595567012,253.19156446296677,252.26192830940533,252.3947296142578,35717000
2018-08-10 00:00:00-04:00,250.9604568137881,251.5005245360856,249.99537081693893,250.7036895751953,77076000
2018-08-13 00:00:00-04:00,250.9781002435462,251.589013219035,249.47294685068562,249.76513671875,65732900
2018-08-14 00:00:00-04:00,250.49121809619365,251.5979408721001,250.10164951750664,251.35887145996094,43842000
2018-08-15 00:00:00-04:00,250.0130743094144,250.15473804896044,248.0475338300558,249.48184204101562,102925400
2018-08-16 00:00:00-04:00,250.91613552227457,252.36816850268517,250.8807128345686,251.50048828125,69967900
2018-08-17 00:00:00-04:00,251.2968699173722,252.82858385301807,250.8896035314421,252.38589477539062,65618500
2018-08-20 00:00:00-04:00,252.83737538448443,253.19152114336345,252.38582400564977,252.92591857910156,39807500
2018-08-21 00:00:00-04:00,253.43949950542424,254.37799819792022,252.96138773126302,253.51918029785156,67272000
2018-08-22 00:00:00-04:00,253.11186989649937,253.8910068686637,252.84624028166556,253.36863708496094,44993300
2018-08-23 00:00:00-04:00,253.1915881432276,254.0504060210551,252.7134763814482,253.0322265625,49204900
2018-08-24 00:00:00-04:00,253.60778391763827,254.6968090460361,253.55466337670217,254.55514526367188,57487400
2018-08-27 00:00:00-04:00,255.75029016014744,256.67109089621715,255.59092859609513,256.5648498535156,57072400
2018-08-28 00:00:00-04:00,257.0252637708789,257.1315318443619,256.2284288471343,256.6888427734375,46943500
2018-08-29 00:00:00-04:00,256.90130179728936,258.3001872470909,256.66225944752415,258.07000732421875,61485500
2018-08-30 00:00:00-04:00,257.59195413028306,257.9637978699567,256.432110766729,257.0252990722656,61229500
2018-08-31 00:00:00-04:00,256.6179593889367,257.47677714013287,256.13101229086976,257.0340881347656,66140800
2018-09-04 00:00:00-04:00,256.61792988539094,256.9455153885651,255.5908882686675,256.59136962890625,57594400
2018-09-05 00:00:00-04:00,256.23723529705296,256.4408819522442,254.89147054249426,255.90078735351562,72452400
2018-09-06 00:00:00-04:00,256.0070239302775,256.3080491851552,254.10346677819166,255.13050842285156,65909900
2018-09-07 00:00:00-04:00,254.08580503411685,255.6086563759925,253.84673566570757,254.63473510742188,73524800
2018-09-10 00:00:00-04:00,255.64408158618681,255.90971124627146,254.88266933705808,255.07745361328125,50210900
2018-09-11 00:00:00-04:00,254.43108940663996,256.36120709749815,254.08580601257725,255.91851806640625,50530500
2018-09-12 00:00:00-04:00,255.9274092570225,256.5825804504032,255.19255727144122,255.98052978515625,59810800
2018-09-13 00:00:00-04:00,257.0429214397845,257.6803946160753,256.7595940237465,257.49444580078125,51034200
2018-09-14 00:00:00-04:00,257.69814941620206,257.8840712530081,256.75965078524433,257.5387878417969,55079900
2018-09-17 00:00:00-04:00,257.4856929408959,257.5210886145558,255.90085840767378,256.1753234863281,68244000
2018-09-18 00:00:00-04:00,256.38773979012984,258.15849572409456,256.36117953190404,257.5653076171875,61930400
2018-09-19 00:00:00-04:00,257.61849919719697,258.2559725900537,257.4945332782199,257.83984375,49080600
2018-09-20 00:00:00-04:00,259.097029795445,260.2480103827484,257.8574789850048,259.92926025390625,100360600
2018-09-21 00:00:00-04:00,260.670163615046,260.78578814845525,259.53175051533134,259.69183349609375,105479700
2018-09-24 00:00:00-04:00,259.1137115939335,259.25601660965026,258.2510060962114,258.8291015625,53409600
2018-09-25 00:00:00-04:00,259.2827704772097,259.38949248372154,258.3489257783172,258.58905029296875,44370000
2018-09-26 00:00:00-04:00,258.7313131778317,259.9141847464246,257.3972340300499,257.81524658203125,79739700
2018-09-27 00:00:00-04:00,258.2866480000463,259.6207272917874,258.01094045110614,258.5356750488281,59249500
2018-09-28 00:00:00-04:00,257.9129944166309,259.0603097649122,257.87743852473693,258.562255859375,70091400
2018-10-01 00:00:00-04:00,259.7984845913529,260.5277874939204,258.7935013917487,259.4605407714844,62078900
2018-10-02 00:00:00-04:00,259.3093566894531,260.02085456876165,258.93582980248266,259.3093566894531,47258200
2018-10-03 00:00:00-04:00,260.3589465154056,260.77695917771814,259.09603312163875,259.4517822265625,64694600
2018-10-04 00:00:00-04:00,258.9713507316017,259.02471170825,255.8407224866659,257.423828125,111545900
2018-10-05 00:00:00-04:00,257.64628686625036,258.16211891263504,254.56011570949343,255.98313903808594,105951700
2018-10-08 00:00:00-04:00,255.2982943027859,256.3388880847559,253.91975656872245,255.98313903808594,87742200
2018-10-09 00:00:00-04:00,255.60068270102317,256.90805420357475,255.049240523284,255.60955810546875,74339000
2018-10-10 00:00:00-04:00,255.10260623888726,255.17377232722666,247.1426168317317,247.51614379882812,214731000
2018-10-11 00:00:00-04:00,246.43105499541062,248.04974399043707,240.4543801338489,242.06419372558594,274840500
2018-10-12 00:00:00-04:00,246.1554388649365,246.44004899775393,242.24214453540336,245.42616271972656,183186500
2018-10-15 00:00:00-04:00,245.0703349983781,246.39553877632216,243.95860234615915,244.04754638671875,102263700
2018-10-16 00:00:00-04:00,246.00414871211362,249.7573583468041,245.5327752643828,249.38380432128906,118255800
2018-10-17 00:00:00-04:00,249.41942692183108,250.05088341984614,246.85799074600146,249.42832946777344,110626000
2018-10-18 00:00:00-04:00,248.49452916473874,249.09042993387257,244.5545543321718,245.8263702392578,134557500
2018-10-19 00:00:00-04:00,246.47562692449912,248.40557997459337,244.99924242586505,245.69296264648438,139901600
2018-10-22 00:00:00-04:00,246.35994223177246,246.68010818995015,244.0564355596308,244.59007263183594,82415800
2018-10-23 00:00:00-04:00,240.9791968267312,244.46557546007915,238.89800927633917,243.34494018554688,146352700
2018-10-24 00:00:00-04:00,243.0958722305184,243.47832885220126,235.42049357209595,235.97190856933594,177806700
2018-10-25 00:00:00-04:00,237.80399671737732,241.7439695818075,236.78120840190687,240.205322265625,138061500
2018-10-26 00:00:00-04:00,236.50558142545964,241.0236512105069,233.27710529716651,235.98081970214844,201574600
2018-10-29 00:00:00-04:00,239.06693924966632,240.35655977032127,231.10695105767994,234.67337036132812,160749100
2018-10-30 00:00:00-04:00,234.5044631035441,238.46221527012418,234.0152844254869,238.1509246826172,157116000
2018-10-31 00:00:00-04:00,240.71232751034958,243.0069587045786,240.2409539924511,240.69454956054688,128296300
2018-11-01 00:00:00-04:00,241.55725087311626,243.45164745734314,240.4721988322022,243.2559814453125,99495000
2018-11-02 00:00:00-04:00,244.35878577669246,244.7857007968148,239.76955109252017,241.81515502929688,122634100
2018-11-05 00:00:00-05:00,242.30440991225117,243.70075294133537,241.33498208560187,243.1493377685547,65622500
2018-11-06 00:00:00-05:00,243.08702778229969,244.84799497942296,243.0247642380611,244.6879119873047,60085900
2018-11-07 00:00:00-05:00,246.85799876173513,250.00643309191767,246.43108367126504,249.9263916015625,102752100
2018-11-08 00:00:00-05:00,249.12582855693557,250.11306084986484,248.3342893559157,249.4727020263672,65584900
2018-11-09 00:00:00-05:00,248.1654452190553,248.35220873254718,245.63068896829316,247.0359344482422,98812600
2018-11-12 00:00:00-05:00,246.52892695269585,246.7690514205457,241.9041085312186,242.4199676513672,99673600
2018-11-13 00:00:00-05:00,242.88240555311336,244.8746213934451,241.24593866399726,241.96633911132812,98176600
2018-11-14 00:00:00-05:00,243.834079644037,244.23428707633516,238.7556929624398,240.31211853027344,125335900
2018-11-15 00:00:00-05:00,239.04914185232997,243.2826274347736,237.4749385755685,242.82012939453125,135101400
2018-11-16 00:00:00-05:00,241.72632475209122,244.3589007601801,241.21046546730017,243.4517364501953,126668000
2018-11-19 00:00:00-05:00,242.84684454276717,243.1403571320243,238.41771948586543,239.3337860107422,103061700
2018-11-20 00:00:00-05:00,236.00744722346693,237.4660532377612,234.04191183572692,234.9046173095703,136021300
2018-11-21 00:00:00-05:00,236.4521591402249,237.5994747294918,235.6962027211134,235.705078125,75563700
2018-11-23 00:00:00-05:00,234.06858058757408,235.52718652870087,233.9707611642056,234.13084411621094,42807900
2018-11-26 00:00:00-05:00,236.3810366819656,238.13312838545468,235.98970462643132,237.91078186035156,79981400
2018-11-27 00:00:00-05:00,236.87910933634961,238.71124267578125,236.27433325461553,238.71124267578125,75502400
2018-11-28 00:00:00-05:00,239.7785158641876,244.2076416015625,238.64897806215677,244.2076416015625,127629600
2018-11-29 00:00:00-05:00,243.43381388358048,245.07028072822635,242.29540098548318,243.67396545410156,82346400
2018-11-30 00:00:00-05:00,243.52280408525462,245.71958882183426,243.2026381197173,245.15927124023438,98204200
2018-12-03 00:00:00-05:00,249.27706444528062,249.3837864043592,246.81347541687646,248.40545654296875,103176300
2018-12-04 00:00:00-05:00,247.57834595211617,248.00526095056608,240.0452463752336,240.35653686523438,177986000
2018-12-06 00:00:00-05:00,236.50559510086424,240.10759842803245,233.41052129024735,239.99197387695312,204185400
2018-12-07 00:00:00-05:00,239.65393555098828,241.21926354147223,233.5794413265767,234.41546630859375,161018900
2018-12-10 00:00:00-05:00,234.23766348952273,235.82967255267442,230.0130786005715,234.86024475097656,151445900
2018-12-11 00:00:00-05:00,238.05301354748184,238.23977697129047,233.44600148085914,234.91348266601562,121504400
2018-12-12 00:00:00-05:00,237.88407961308872,239.24483913662817,236.01636354460717,236.09640502929688,97976700
2018-12-13 00:00:00-05:00,237.03913056400617,237.90183601004946,234.90460973993248,236.01634216308594,96662700
2018-12-14 00:00:00-05:00,233.87293341160515,234.8245829393611,231.10695599803614,231.6583709716797,116961100
2018-12-17 00:00:00-05:00,230.70666852907493,231.8184007667265,225.4859782837672,227.11355590820312,165492300
2018-12-18 00:00:00-05:00,228.75011653111562,229.41715610831534,225.26371106517817,226.86460876464844,134515100
2018-12-19 00:00:00-05:00,226.9445887693069,230.70668716555602,221.7683701095604,223.4670867919922,214992800
2018-12-20 00:00:00-05:00,222.22201009148066,223.78732473209402,217.58830256839778,219.82955932617188,252053400
2018-12-21 00:00:00-05:00,220.72863299677553,223.38553619386457,214.68126458714568,215.3253631591797,255345600
2018-12-24 00:00:00-05:00,213.84035620425558,215.45060262563953,209.57322025034426,209.63583374023438,147311600
2018-12-26 00:00:00-05:00,211.09399387368785,220.22764587402344,209.11696653417636,220.22764587402344,218485400
2018-12-27 00:00:00-05:00,216.998192653221,222.115175702482,213.7687595647507,221.9183807373047,186267300
2018-12-28 00:00:00-05:00,223.26922375327266,224.89735185930846,220.46918466599615,221.63214111328125,153100200
2018-12-31 00:00:00-05:00,223.2512997725202,223.81488933145144,221.3816315423611,223.57334899902344,144299400
2019-01-02 00:00:00-05:00,220.0487067791242,224.72736835312008,220.02187048062882,223.80593872070312,126925200
2019-01-03 00:00:00-05:00,222.06153288497993,222.36570038148278,217.9822513104657,218.46533203125,144140700
2019-01-04 00:00:00-05:00,221.48897390263343,226.42705742914634,221.11325208488387,225.782958984375,142628800
2019-01-07 00:00:00-05:00,226.05132962307513,228.96765431227632,225.15674999016903,227.56317138671875,103139100
2019-01-08 00:00:00-05:00,229.7459324926808,230.18426774732734,227.2232115446944,229.70118713378906,102512600
2019-01-09 00:00:00-05:00,230.4079382964577,231.61562631457824,229.18236851303053,230.77471923828125,95006600
2019-01-10 00:00:00-05:00,229.24502671919808,231.83930266140655,228.56513733970846,231.5888214111328,96823900
2019-01-11 00:00:00-05:00,230.51532876711232,231.70513525362898,229.93385732577602,231.6782989501953,73858100
2019-01-14 00:00:00-05:00,229.78173558745547,231.0699325784489,229.37919109052422,230.2648162841797,70908200
2019-01-15 00:00:00-05:00,230.6405685877629,233.2169627574834,230.6316140537097,232.9038543701172,85208300
2019-01-16 00:00:00-05:00,233.3332441885954,234.3530782952415,233.1275083007143,233.4674530029297,77636700
2019-01-17 00:00:00-05:00,232.59966906964814,236.09747886046176,232.55492370584037,235.23866271972656,96118400
2019-01-18 00:00:00-05:00,237.04572950918973,238.83488883956215,235.27445194397527,238.36968994140625,127900300
2019-01-22 00:00:00-05:00,236.90268849543548,237.11737896505124,233.53905886923772,235.1492919921875,115531200
2019-01-23 00:00:00-05:00,236.17801920347108,236.87579034797807,233.18117144550067,235.64126586914062,86030300
2019-01-24 00:00:00-05:00,235.46229517851125,236.3479475705065,234.4514158353714,235.76644897460938,59204100
2019-01-25 00:00:00-05:00,237.60929250091039,238.5844083633359,235.86487852864417,237.76138305664062,96883400
2019-01-28 00:00:00-05:00,235.62338606355894,236.01697605824288,234.19205292689497,235.95437622070312,85613700
2019-01-29 00:00:00-05:00,236.09751029838282,236.6610726340007,234.80931321615319,235.64126586914062,66136300
2019-01-30 00:00:00-05:00,237.15311782437777,240.21256554741154,236.39271951061926,239.3716583251953,92473700
2019-01-31 00:00:00-05:00,239.3090246230662,241.9569728947139,239.09430693048517,241.47389221191406,104012100
2019-02-01 00:00:00-05:00,241.67070360013417,242.61002867744705,240.80296018796835,241.59019470214844,85782500
2019-02-04 00:00:00-05:00,241.63493888694768,243.35254413085923,240.96400403080258,243.2899169921875,60744800
2019-02-05 00:00:00-05:00,243.71932746285626,244.61390727961893,243.2183649495019,244.30975341796875,79552800
2019-02-06 00:00:00-05:00,244.032462050691,244.52447008255368,243.25418189464057,243.9877166748047,58347800
2019-02-07 00:00:00-05:00,242.3774877386251,242.92316839019685,240.00685639085472,241.66183471679688,95482000
2019-02-08 00:00:00-05:00,240.4182768919302,242.05534561170498,239.59525161560148,241.9569549560547,75788900
2019-02-11 00:00:00-05:00,242.61004281578042,242.86945129093857,241.56337248015748,242.09117126464844,68021400
2019-02-12 00:00:00-05:00,243.70142775610952,245.5800233927025,243.62984608780823,245.20431518554688,72270200
2019-02-13 00:00:00-05:00,246.03630963906483,246.84142609171184,245.61585599262298,246.00051879882812,65277200
2019-02-14 00:00:00-05:00,244.9179892390793,246.58192140597924,244.10391856876822,245.45474243164062,83234400
2019-02-15 00:00:00-05:00,247.22602816170678,248.16535320937362,247.02029230681626,248.1295623779297,97088700
2019-02-19 00:00:00-05:00,247.3334964995415,249.212092722034,247.32454196310923,248.55906677246094,59120800
2019-02-20 00:00:00-05:00,248.5232593750982,249.51625733838685,248.022296775743,249.0600128173828,76610800
2019-02-21 00:00:00-05:00,248.42484345686026,248.78266994857734,247.21715515945522,248.1743621826172,64214700
2019-02-22 00:00:00-05:00,248.79153890928347,249.90976349673753,248.15639498772296,249.71298217773438,78114600
2019-02-25 00:00:00-05:00,251.13533264063574,251.65417677932,249.97236281880927,250.05287170410156,69030700
2019-02-26 00:00:00-05:00,249.7040206033896,250.75066349950507,249.49825745695466,249.87399291992188,56844100
2019-02-27 00:00:00-05:00,249.15831243309327,250.11551920355708,248.22796926031745,249.7666473388672,56921600
2019-02-28 00:00:00-05:00,249.55194912316048,249.99031174685732,248.97943230298569,249.3014678955078,69268300
2019-03-01 00:00:00-05:00,250.87591399104352,251.26953121285604,249.42669935637187,250.8580322265625,78880500
2019-03-04 00:00:00-05:00,251.91361209504328,252.15513875053298,247.65540461039754,249.94552612304688,106494600
2019-03-05 00:00:00-05:00,250.07078968579378,250.2675982903275,249.05991036707076,249.6055908203125,59114600
2019-03-06 00:00:00-05:00,249.72193751100994,249.7308920448468,247.77176016313658,248.0937957763672,75039800
2019-03-07 00:00:00-05:00,247.64648588473747,247.78962191252373,245.17746448154068,246.01837158203125,94885100
2019-03-08 00:00:00-05:00,244.16663087774018,245.69635480490905,243.7014591754392,245.52638244628906,85795800
2019-03-11 00:00:00-04:00,246.2419745530216,249.24774872320512,246.2151382586593,249.08673095703125,65098900
2019-03-12 00:00:00-04:00,249.6414754841614,250.54500995828857,249.45362134116922,250.02613830566406,79667500
2019-03-13 00:00:00-04:00,250.91179616735096,252.61149262556714,250.7507510267766,251.68112182617188,80639200
2019-03-14 00:00:00-04:00,251.7078430746559,252.12829655426864,251.08165377124203,251.51998901367188,67518400
2019-03-15 00:00:00-04:00,252.07089033563017,253.57140386734258,251.88218133147745,252.7627410888672,81309000
2019-03-18 00:00:00-04:00,252.9782784675199,253.97564986095543,252.753648482228,253.6791229248047,62199800
2019-03-19 00:00:00-04:00,254.73949825355814,255.50321856970672,252.852600145159,253.74212646484375,90268100
2019-03-20 00:00:00-04:00,253.52650522689095,254.73051920531813,251.8732310734985,252.9783935546875,84609200
2019-03-21 00:00:00-04:00,252.1607035260337,256.239965190846,252.11576106694608,255.8356475830078,79550400
2019-03-22 00:00:00-04:00,254.4789155595248,255.00004525839176,250.8488859396825,250.9117889404297,122659300
2019-03-25 00:00:00-04:00,250.57024675002336,251.75629963033535,249.46508479302298,250.72300720214844,85575200
2019-03-26 00:00:00-04:00,252.47519847722108,253.54443977770947,251.19032108946183,252.59201049804688,68125900
2019-03-27 00:00:00-04:00,252.582980392671,253.16704041325895,249.72569296237506,251.27114868164062,72224700
2019-03-28 00:00:00-04:00,251.90007198279523,252.67278597333015,250.7499675503961,252.22352600097656,56238500
2019-03-29 00:00:00-04:00,253.7331470879282,254.1374647488732,252.60999677308874,253.8140106201172,82186800
2019-04-01 00:00:00-04:00,255.80866998313059,257.12050158234626,255.53909751491526,256.823974609375,77617900
2019-04-02 00:00:00-04:00,257.0126405229433,257.1833614980266,256.15903564752676,256.9497375488281,40070400
2019-04-03 00:00:00-04:00,258.16281915464305,258.55817021900583,256.7521359213784,257.3541564941406,68243200
2019-04-04 00:00:00-04:00,257.6775238104194,258.28851073297454,256.9856733911128,258.03692626953125,48997500
2019-04-05 00:00:00-04:00,258.70191713096256,259.3398587189356,258.41438412036786,259.28594970703125,58621700
2019-04-08 00:00:00-04:00,258.8636614791043,259.59146060914446,258.2077318961907,259.483642578125,53566300
2019-04-09 00:00:00-04:00,258.522205126451,258.8456592016085,257.60572449284734,258.15380859375,66142300
2019-04-10 00:00:00-04:00,258.5671757249507,259.12428134186337,258.1538640665501,259.034423828125,52601500
2019-04-11 00:00:00-04:00,259.5194802721649,259.5284742454136,258.3963304420864,258.96240234375,55093100
2019-04-12 00:00:00-04:00,260.57083310063365,260.9931386511058,259.0074168766403,260.714599609375,69727800
2019-04-15 00:00:00-04:00,260.7865053880093,260.88535687304153,259.74421862030886,260.5439147949219,49596700
2019-04-16 00:00:00-04:00,261.4244381773299,261.47834719052565,260.12157304356356,260.714599609375,52153200
2019-04-17 00:00:00-04:00,261.82872721774316,261.855681721401,259.6632906883781,260.0766296386719,58268300
2019-04-18 00:00:00-04:00,260.6607336464958,260.85840920108075,259.3668622747877,260.5888366699219,68708500
2019-04-22 00:00:00-04:00,259.8250653691345,260.9661760070736,259.7352078763909,260.81341552734375,40160100
2019-04-23 00:00:00-04:00,261.1818141622424,263.3921933348262,260.94821758401093,263.1585693359375,52246600
2019-04-24 00:00:00-04:00,263.07778468800365,263.4102328349155,262.4308489299954,262.5746154785156,50392900
2019-04-25 00:00:00-04:00,262.4757447986305,263.06877148518953,261.22681584442034,262.412841796875,57770900
2019-04-26 00:00:00-04:00,262.45770657786915,263.7066351624023,261.6849650923547,263.634765625,50916400
2019-04-29 00:00:00-04:00,263.72467211131345,264.56928329115584,263.634814607374,264.0481262207031,57197700
2019-04-30 00:00:00-04:00,263.706646787458,264.47039433172,262.29599111609195,264.182861328125,81111700
2019-05-01 00:00:00-04:00,264.8118711118755,265.0185406267152,262.18818009576734,262.1971740722656,71671900
2019-05-02 00:00:00-04:00,262.0803330426567,262.99684108288136,260.1395263594633,261.6310729980469,65030200
2019-05-03 00:00:00-04:00,263.10463197802125,264.47037250137964,261.7388640340087,264.19183349609375,56543700
2019-05-06 00:00:00-04:00,259.8968915051246,263.54488025187277,259.5824040433734,263.1046142578125,107198100
2019-05-07 00:00:00-04:00,260.70562286447625,261.29864946948265,256.806048601852,258.7109069824219,144729900
2019-05-08 00:00:00-04:00,258.3515625,260.0587457295105,257.75853576162285,258.3515625,91568300
2019-05-09 00:00:00-04:00,256.28494681196247,258.17181744485043,254.55078184893665,257.56982421875,103471100
2019-05-10 00:00:00-04:00,256.6353077314568,259.6184010578606,253.652214405053,258.8636474609375,112429300
2019-05-13 00:00:00-04:00,253.76011533329586,254.7215112151304,251.52278113899095,252.3583984375,127290500
2019-05-14 00:00:00-04:00,253.37366265002794,256.16807429211826,253.24788410051545,254.6405792236328,77003200
2019-05-15 00:00:00-04:00,253.01433551780383,256.7701439026409,252.8076659712132,256.1322021484375,73956400
2019-05-16 00:00:00-04:00,256.83298031022184,259.8609886388919,256.76111076781007,258.5042419433594,76749600
2019-05-17 00:00:00-04:00,256.2040296890674,259.312901499198,256.1860417381828,256.8329772949219,100353000
2019-05-20 00:00:00-04:00,255.23368125153678,256.9408643844069,254.38906995262954,255.13485717773438,62877600
2019-05-21 00:00:00-04:00,256.8240135080661,257.8123911999107,256.57242895202023,257.4350280761719,46847100
2019-05-22 00:00:00-04:00,256.48256008080267,257.59671617184193,256.1680725781415,256.644287109375,49482500
2019-05-23 00:00:00-04:00,254.42494923843603,254.46986427419012,252.09778552084444,253.5084686279297,98733800
2019-05-24 00:00:00-04:00,254.9460676553149,255.35940661704134,253.46351507181586,254.08349609375,55268100
2019-05-28 00:00:00-04:00,254.3620492097785,255.31447831235778,251.7024374188396,251.72039794921875,70029400
2019-05-29 00:00:00-04:00,250.60619383962467,251.01051135068815,248.62943905003047,250.0311279296875,104972900
2019-05-30 00:00:00-04:00,250.78591983240716,251.62156432473273,249.61785472710497,250.71405029296875,62523800
2019-05-31 00:00:00-04:00,248.17123097409964,248.99785400522927,247.30863204511155,247.33558654785156,86862800
2019-06-03 00:00:00-04:00,247.3715764238145,248.48573261773257,245.37686062526726,246.70668029785156,96428000
2019-06-04 00:00:00-04:00,248.99787195128627,252.1966011366948,248.54861192613726,252.06182861328125,77231900
2019-06-05 00:00:00-04:00,253.67916720875505,254.2721937639268,251.87316045778283,254.2452392578125,71169700
2019-06-06 00:00:00-04:00,254.54178226538465,256.5724191686605,253.89484665726926,255.89852905273438,69430400
2019-06-07 00:00:00-04:00,256.9138642871934,259.53755523499956,256.74314326213107,258.4593200683594,74272200
2019-06-10 00:00:00-04:00,260.00469666198643,261.307561473152,259.5554367161571,259.6452941894531,60799100
2019-06-11 00:00:00-04:00,261.46033152755564,261.8287280257867,258.9354924680753,259.5824279785156,58641300
2019-06-12 00:00:00-04:00,259.3488365521413,259.9059145875843,258.6120435410981,259.12420654296875,47096300
2019-06-13 00:00:00-04:00,260.0317238829631,260.55288092143763,259.3308792682955,260.1934509277344,48945200
2019-06-14 00:00:00-04:00,259.9059753417969,260.5079685515309,259.1422276479497,259.9059753417969,52324700
2019-06-17 00:00:00-04:00,260.13944167483146,260.76841650079444,259.83394823442455,260.0046691894531,39205700
2019-06-18 00:00:00-04:00,261.81980818690425,263.778575596661,261.4603781786856,262.727294921875,85434800
2019-06-19 00:00:00-04:00,262.8620279852303,263.85040551806713,261.8916384024987,263.3202819824219,78674400
2019-06-20 00:00:00-04:00,265.9979361214567,266.2405267117123,263.38323896605675,265.836181640625,116570000
2019-06-21 00:00:00-04:00,265.5670871606895,266.8220901549572,265.2330222101439,265.44970703125,83309500
2019-06-24 00:00:00-04:00,265.6574579000981,265.9734475035229,264.9712523643733,265.124755859375,47582700
2019-06-25 00:00:00-04:00,265.17894479355795,265.2060304057759,262.4161021312064,262.5244445800781,82028700
2019-06-26 00:00:00-04:00,263.41824118962137,263.92385754593755,262.1542002988309,262.2625427246094,51584900
2019-06-27 00:00:00-04:00,263.0208620398815,263.698029484127,262.6416637013518,263.1924133300781,40355200
2019-06-28 00:00:00-04:00,264.1676184518848,265.0434231006258,263.6529919480454,264.5468444824219,59350900
2019-07-01 00:00:00-04:00,267.8693630513509,268.0860753593327,265.7475663220263,266.94842529296875,78705600
2019-07-02 00:00:00-04:00,266.9034220756254,267.6979700486466,266.06374060351243,267.643798828125,61504500
2019-07-03 00:00:00-04:00,268.32086133027957,269.80161425412496,268.17639561424454,269.7835388183594,40898900
2019-07-05 00:00:00-04:00,268.5556549615941,269.6391341895929,267.2645286286108,269.4765930175781,51677300
2019-07-08 00:00:00-04:00,268.1674009349462,269.2960135747465,267.454110031467,267.995849609375,45841800
2019-07-09 00:00:00-04:00,266.84019265047795,268.6278977139199,266.7860214397084,268.3299560546875,41101300
2019-07-10 00:00:00-04:00,269.39528421197224,270.5600200241594,268.8625824197976,269.6119689941406,58448500
2019-07-11 00:00:00-04:00,270.2532088654632,270.48794167417583,269.2419758475323,270.2441711425781,50826100
2019-07-12 00:00:00-04:00,270.7316782304043,271.526226150782,270.42469881644513,271.4539794921875,40326000
2019-07-15 00:00:00-04:00,271.8872920895059,271.8872920895059,271.0385732165695,271.544189453125,33900000
2019-07-16 00:00:00-04:00,271.4540284074998,271.6617031458477,270.3615385971301,270.66851806640625,36650100
2019-07-17 00:00:00-04:00,270.641387055438,270.8039007082595,268.8265686035156,268.8265686035156,36036300
2019-07-18 00:00:00-04:00,268.32997368121545,270.1899255172124,267.88756624619475,269.8106994628906,51392600
2019-07-19 00:00:00-04:00,270.90321089510843,270.9302965017042,268.1403688062337,268.3119201660156,58678600
2019-07-22 00:00:00-04:00,268.7091319171699,269.5127173993327,268.19450545816716,268.9709777832031,43638100
2019-07-23 00:00:00-04:00,270.090607031503,270.8941650390625,269.259935864137,270.8941650390625,44564500
2019-07-24 00:00:00-04:00,270.1357635765845,272.1672668457031,270.04546903159616,272.1672668457031,47213200
2019-07-25 00:00:00-04:00,271.71581505222247,271.76998626708985,270.06351033668966,270.8670959472656,55394100
2019-07-26 00:00:00-04:00,271.55327198811625,272.88052171662747,271.4268541311043,272.681884765625,45084100
2019-07-29 00:00:00-04:00,272.5644676648038,272.68184778639005,271.63449196441434,272.18524169921875,38126500
2019-07-30 00:00:00-04:00,270.78584243281495,271.923493066979,270.40661637008486,271.5171813964844,45849000
2019-07-31 00:00:00-04:00,271.7609178303265,271.9505446149553,266.5332033083149,268.546630859375,104245200
2019-08-01 00:00:00-04:00,268.7002387398789,271.6526809798995,265.4137038440711,266.208251953125,142646600
2019-08-02 00:00:00-04:00,265.31430025667504,265.55807069993347,262.6507630499362,264.2037353515625,116749700
2019-08-05 00:00:00-04:00,260.1136939331715,260.22203637331984,254.36228645172406,256.25836181640625,178745400
2019-08-06 00:00:00-04:00,258.14535837183905,260.0685190404571,256.6736428346704,259.851806640625,120711700
2019-08-07 00:00:00-04:00,256.78192492921147,260.7727110773986,254.65111763531422,260.0052490234375,140572300
2019-08-08 00:00:00-04:00,261.495037348534,265.1065979003906,260.94428759030563,265.1065979003906,87713900
2019-08-09 00:00:00-04:00,264.1675479475779,264.7634586627928,261.5220868217728,263.30078125,93730000
2019-08-12 00:00:00-04:00,261.80209060429195,263.29185424173795,259.1475906449031,260.09564208984375,65527600
2019-08-13 00:00:00-04:00,259.79763351897674,265.58516336808646,259.4545308129541,264.1405334472656,94299800
2019-08-14 00:00:00-04:00,260.0956003464888,260.70052138237736,256.204145582048,256.3305358886719,135622100
2019-08-15 00:00:00-04:00,257.215365095548,257.9015704661981,254.96717731036955,257.0076904296875,99556600
2019-08-16 00:00:00-04:00,258.6599898772652,261.2332048589005,257.0618566167302,260.7998352050781,83018300
2019-08-19 00:00:00-04:00,263.8156262362617,264.6191846019183,263.13845823590594,263.9420166015625,53571800
2019-08-20 00:00:00-04:00,263.43631331987183,263.96901533165703,261.79307378762985,261.9194641113281,51596400
2019-08-21 00:00:00-04:00,264.07737857699556,264.4204537634302,263.3911730960728,264.05029296875,49524700
2019-08-22 00:00:00-04:00,264.75453184479977,265.3865385206094,262.1993368727227,263.968994140625,51666400
2019-08-23 00:00:00-04:00,262.6688127245855,264.3301272824833,255.94227013252467,257.1882629394531,149161500
2019-08-26 00:00:00-04:00,259.3733202614595,260.0324401855469,257.84743325188174,260.0324401855469,72423800
2019-08-27 00:00:00-04:00,261.42287531434596,261.7930636581838,258.2537214211673,259.01214599609375,66668900
2019-08-28 00:00:00-04:00,258.35305014787957,260.9985121802663,257.5494645347921,260.83599853515625,59696700
2019-08-29 00:00:00-04:00,263.3911301931494,264.69129428520955,262.3889077432596,264.1676025390625,57899400
2019-08-30 00:00:00-04:00,265.6483989632906,265.6664468507787,263.12031701361735,264.05029296875,62901200
2019-09-03 00:00:00-04:00,262.3528412178477,263.2647416845759,261.17906729483354,262.5063171386719,69101400
2019-09-04 00:00:00-04:00,264.6732441815311,265.50388772814705,263.9238298917129,265.48583984375,46887300
2019-09-05 00:00:00-04:00,267.96879736456265,269.8106735830968,265.44972592383255,268.8987731933594,83258100
2019-09-06 00:00:00-04:00,269.21478476498777,269.7474866798832,268.53761711069353,269.1064147949219,49584300
2019-09-09 00:00:00-04:00,270.0906625871632,270.1809295889888,268.3029295757313,269.241943359375,51260300
2019-09-10 00:00:00-04:00,268.48337640040836,269.24182830225595,267.22837353862485,269.1786193847656,57947100
2019-09-11 00:00:00-04:00,269.4856603743414,271.1740607730114,268.83557827685104,271.0928039550781,68821100
2019-09-12 00:00:00-04:00,271.9956759928493,273.08816543274827,271.23725152228974,272.03179931640625,72908700
2019-09-13 00:00:00-04:00,272.4743456443853,272.8264862320803,271.4811603952879,271.8513488769531,62104800
2019-09-16 00:00:00-04:00,270.72260415700487,271.89637799232213,270.3704912942259,271.01153564453125,58191200
2019-09-17 00:00:00-04:00,270.8128810983628,271.78799036288956,270.6413297609149,271.6977233886719,41475500
2019-09-18 00:00:00-04:00,271.30945217296875,271.968571901471,269.27794933684083,271.8602294921875,73375800
2019-09-19 00:00:00-04:00,272.2485052514616,273.24169007108816,271.5081286082832,271.8421936035156,76560500
2019-09-20 00:00:00-04:00,272.44450325727587,272.7257172981861,269.7686931121249,270.5578308105469,89565000
2019-09-23 00:00:00-04:00,269.89569132762455,271.21093939721106,269.64171563544,270.4943542480469,43476800
2019-09-24 00:00:00-04:00,271.582733535712,271.9727625422939,267.4102536031992,268.3717346191406,94869400
2019-09-25 00:00:00-04:00,268.45332331032233,270.4034957095392,266.9748118883841,269.95904541015625,71854000
2019-09-26 00:00:00-04:00,269.9682722975083,270.1768783815456,267.99088814051237,269.3968200683594,56179700
2019-09-27 00:00:00-04:00,270.14967534254725,270.25854579792986,266.39446122946606,267.9455261230469,84746600
2019-09-30 00:00:00-04:00,268.4623823226864,269.89552405150636,268.417040423399,269.1880187988281,51662400
2019-10-01 00:00:00-04:00,270.06797514180766,270.7210593029976,265.7685205613803,265.9862060546875,88242400
2019-10-02 00:00:00-04:00,264.4079467960568,264.4170262525811,259.99964920337914,261.28765869140625,122539500
2019-10-03 00:00:00-04:00,261.0608737824399,263.4555248952082,258.3487738908161,263.4283142089844,85278800
2019-10-04 00:00:00-04:00,264.0813879558739,267.2470176140269,264.0269389043035,266.9930419921875,65091200
2019-10-07 00:00:00-04:00,266.19483104942367,267.81847578384463,265.55987813972894,265.841064453125,59610500
2019-10-08 00:00:00-04:00,263.9907492254181,264.7254656083408,261.677729624761,261.7140197753906,95708100
2019-10-09 00:00:00-04:00,263.72761868689645,265.13355020756165,263.10174525349936,264.19927978515625,62359400
2019-10-10 00:00:00-04:00,264.1176650870851,266.8660551651619,263.9544009671046,265.9862060546875,55296300
2019-10-11 00:00:00-04:00,268.7346034051052,270.9750422719158,268.6167088805522,268.7436828613281,98720400
2019-10-14 00:00:00-04:00,268.4262685735817,269.09751182039724,268.09974024913794,268.4444274902344,40394800
2019-10-15 00:00:00-04:00,269.4874550292948,271.8458158960156,269.36953283376874,271.1020202636719,46754500
2019-10-16 00:00:00-04:00,270.63941529110076,271.3560002499491,270.23125500917473,270.6666259765625,48928200
2019-10-17 00:00:00-04:00,271.8276926759577,272.33564398394304,270.7754999147679,271.4648742675781,45736600
2019-10-18 00:00:00-04:00,270.9296954952778,271.5737002063706,269.4239728965291,270.276611328125,64304000
2019-10-21 00:00:00-04:00,271.59188362078226,272.3084410011963,271.15648490964367,272.10888671875,39048600
2019-10-22 00:00:00-04:00,272.6440336093649,272.93429940069217,271.12925918317654,271.219970703125,48594700
2019-10-23 00:00:00-04:00,270.9659810160959,272.0635156111766,270.7573472991516,272.00909423828125,34352200
2019-10-24 00:00:00-04:00,272.9433722970273,273.08850518920275,271.62812449255955,272.45355224609375,35453100
2019-10-25 00:00:00-04:00,271.8820684135941,274.1134552290327,271.82764704553614,273.5692138671875,45205400
2019-10-28 00:00:00-04:00,274.78476928175763,275.610197235554,274.75755858795225,275.1112976074219,42147000
2019-10-29 00:00:00-04:00,274.8390967416614,275.9547901689378,274.7120950931229,275.0295715332031,44284900
2019-10-30 00:00:00-04:00,275.22913658461215,276.24503908773704,273.9229683145181,275.8731689453125,49643900
2019-10-31 00:00:00-04:00,275.864092158819,275.864092158819,273.68715424802167,275.138427734375,69053800
2019-11-01 00:00:00-04:00,276.58073316174546,277.73268933726877,276.41744133237114,277.6873474121094,71141500
2019-11-04 00:00:00-05:00,279.2384077691996,279.3744612238009,278.4311111364447,278.8030090332031,60606900
2019-11-05 00:00:00-05:00,279.0025497152499,279.30189498204095,278.2043325788355,278.4945983886719,42933200
2019-11-06 00:00:00-05:00,278.4946046311865,278.8302123707764,277.61475540627197,278.55810546875,46487100
2019-11-07 00:00:00-05:00,279.89145582645773,280.87106825413883,279.06602806695554,279.5376892089844,54272300
2019-11-08 00:00:00-05:00,279.1930805594458,280.28156372408887,278.49465426558714,280.2271423339844,49032100
2019-11-11 00:00:00-05:00,278.84833556176477,279.864238107545,278.7122544469131,279.69189453125,35797300
2019-11-12 00:00:00-05:00,280.05472917772806,281.17947453569053,279.5104877305214,280.281494140625,46484600
2019-11-13 00:00:00-05:00,279.2927585959564,280.77127035209,279.0659936684823,280.3721618652344,53917700
2019-11-14 00:00:00-05:00,280.090987886083,280.8619942096514,279.45603498872856,280.78033447265625,51219900
2019-11-15 00:00:00-05:00,282.11374103249324,282.85753674364037,281.4243943784293,282.81219482421875,62023600
2019-11-18 00:00:00-05:00,282.5763015670428,283.25659632840035,282.1227717261377,283.020751953125,49228000
2019-11-19 00:00:00-05:00,283.61935100514654,283.6284304579314,282.29505191770323,282.9390563964844,67804700
2019-11-20 00:00:00-05:00,282.3495416770167,282.86657234836355,280.3358680402715,281.8869323730469,79406200
2019-11-21 00:00:00-05:00,281.9958415043259,282.10468425402297,280.6352517705745,281.4334411621094,54664700
2019-11-22 00:00:00-05:00,282.17718732194487,282.3132407351811,281.0524421975064,282.05926513671875,44850200
2019-11-25 00:00:00-05:00,282.98453205746335,284.2453308105469,282.98453205746335,284.2453308105469,48647200
2019-11-26 00:00:00-05:00,284.2816591210013,285.0707968398084,283.9641826057425,284.8893737792969,37569000
2019-11-27 00:00:00-05:00,285.3700754304547,286.15924072265625,285.15238993261636,286.15924072265625,44444600
2019-11-29 00:00:00-05:00,285.5967720976461,285.84169590542126,284.87113549084046,285.097900390625,36592700
2019-12-02 00:00:00-05:00,285.35186501415745,285.41536582716174,282.24973680572754,282.6760559082031,75767800
2019-12-03 00:00:00-05:00,279.9639862341054,280.8619942096514,278.5852653796921,280.78033447265625,73941700
2019-12-04 00:00:00-05:00,281.82344036418806,283.11144954756696,281.47875327303325,282.5127868652344,49080000
2019-12-05 00:00:00-05:00,283.21125441681573,283.2293856451966,281.7145837968173,283.020751953125,40709000
2019-12-06 00:00:00-05:00,284.9255403011018,286.00494337587526,284.91646084763397,285.6058349609375,48927000
2019-12-09 00:00:00-05:00,285.2158063567555,285.8870215639641,284.63527495929674,284.7078552246094,34838500
2019-12-10 00:00:00-05:00,284.6534969724014,285.3156328729228,283.73735776823526,284.39044189453125,52649800
2019-12-11 00:00:00-05:00,284.8440177776958,285.4517600872291,284.3088557612892,285.1977844238281,53429100
2019-12-12 00:00:00-05:00,285.20672044084057,288.43585014256996,284.9709037870693,287.6557922363281,96389600
2019-12-13 00:00:00-05:00,287.4199981041912,289.05272214678655,286.64899183529326,287.82818603515625,81503900
2019-12-16 00:00:00-05:00,289.5516273932872,290.39518635483904,287.7647184989822,289.80560302734375,82749700
2019-12-17 00:00:00-05:00,290.18655602615394,290.48587355216506,289.7874475372953,289.86907958984375,61097700
2019-12-18 00:00:00-05:00,290.2591659445252,290.48593091791935,289.83284668729334,289.88726806640625,48133000
2019-12-19 00:00:00-05:00,290.07766829054526,291.14801972745664,289.8236926929126,291.075439453125,85310500
2019-12-20 00:00:00-05:00,292.10543451333706,293.48183740439526,291.13013011229833,292.3515625,147142100
2019-12-23 00:00:00-05:00,293.1353837906291,293.1900727037332,292.6522798466416,292.7981262207031,52990000
2019-12-24 00:00:00-05:00,293.026067710231,293.07163254163527,292.5064951089071,292.80731201171875,20270000
2019-12-26 00:00:00-05:00,293.1901906102919,294.3751824445798,293.1810943326841,294.3660583496094,30911200
2019-12-27 00:00:00-05:00,295.0952934102021,295.1499823509916,293.7644828220485,294.29315185546875,42528800
2019-12-30 00:00:00-05:00,294.37524973919426,294.5119721081925,292.18758056574677,292.6706848144531,49729100
2019-12-31 00:00:00-05:00,292.1692833540794,293.6277198137139,291.82290156546304,293.381591796875,57077300
2020-01-02 00:00:00-05:00,294.91296621198353,296.1435228475682,293.9923228046252,296.1252746582031,59151200
2020-01-03 00:00:00-05:00,292.74350507040344,295.0040826655969,292.6888161446402,293.8829040527344,77709700
2020-01-06 00:00:00-05:00,292.1328420420894,295.0861837981025,292.01434006994486,295.004150390625,55653900
2020-01-07 00:00:00-05:00,294.43903377463585,294.9130417417363,293.7280496413541,294.1747131347656,40496400
2020-01-08 00:00:00-05:00,294.3660590478099,296.95477064555246,294.11995883928836,295.7424621582031,68296000
2020-01-09 00:00:00-05:00,297.3011671355,297.8207398631898,296.7177813744384,297.747802734375,48473300
2020-01-10 00:00:00-05:00,298.33117684890317,298.4861195611985,296.42610473911026,296.8909606933594,53029300
2020-01-13 00:00:00-05:00,297.51086261756024,298.94192708972656,297.0824473403548,298.9328308105469,47086800
2020-01-14 00:00:00-05:00,298.4952101168568,299.5434516916106,297.9209485381816,298.47698974609375,62832800
2020-01-15 00:00:00-05:00,298.38593822376356,299.90816033518473,298.30390480015734,299.151611328125,72056600
2020-01-16 00:00:00-05:00,300.52792945323296,301.6399841308594,300.30004962435345,301.6399841308594,54050300
2020-01-17 00:00:00-05:00,302.3509470912397,302.7884585291991,301.5761501633732,302.5788269042969,95846000
2020-01-21 00:00:00-05:00,301.62166501284787,302.788408349648,301.5487557243908,301.98626708984375,77742400
2020-01-22 00:00:00-05:00,302.84315842409643,303.49035714511143,301.867853930092,302.0227966308594,48914900
2020-01-23 00:00:00-05:00,301.3755576490368,302.77930482006144,300.2635032595623,302.3691101074219,51963000
2020-01-24 00:00:00-05:00,303.0255562651374,303.10758968515563,298.39502145229517,299.6802673339844,87578400
2020-01-27 00:00:00-05:00,294.4480497017618,296.3531215152195,294.1107920443717,294.87646484375,84062500
2020-01-28 00:00:00-05:00,296.298487210109,298.84163406721996,294.9676767051918,297.9665832519531,63834000
2020-01-29 00:00:00-05:00,299.32474201380455,299.5526218615138,297.5199236056963,297.720458984375,53888900
2020-01-30 00:00:00-05:00,295.66036446661803,298.89627442765044,294.9129398382602,298.6866149902344,75491800
2020-01-31 00:00:00-05:00,298.06678837146853,298.22175888029057,292.3515728105219,293.2630920410156,113845600
2020-02-03 00:00:00-05:00,294.7398209430448,297.3011883827756,294.62131896327486,295.4416809082031,69083000
2020-02-04 00:00:00-05:00,299.0421238964606,300.8104734483571,298.723086598825,299.94451904296875,62573200
2020-02-05 00:00:00-05:00,302.8705625667215,303.6180152040548,301.4121536768775,303.4083557128906,65951100
2020-02-06 00:00:00-05:00,304.3654167083422,304.6206410029242,303.35361580732535,304.4292297363281,50359700
2020-02-07 00:00:00-05:00,303.37190028539015,304.4383624299263,302.2598454793981,302.8067626953125,64139400
2020-02-10 00:00:00-05:00,301.92253597033135,305.13107376686384,301.88606741089336,305.0672607421875,42070000
2020-02-11 00:00:00-05:00,306.4164008111858,307.2002942348692,305.0673419265735,305.5960388183594,54864500
2020-02-12 00:00:00-05:00,307.0269985310537,307.77445094789596,306.66239641614675,307.5648193359375,43992700
2020-02-13 00:00:00-05:00,306.1429208622096,308.202963799749,305.86947614367216,307.23675537109375,54501900
2020-02-14 00:00:00-05:00,307.646848447526,307.84738378054004,306.4527605428289,307.7288818359375,64582200
2020-02-18 00:00:00-05:00,306.73543871652276,307.7928046845001,305.5504466650149,306.93597412109375,57226200
2020-02-19 00:00:00-05:00,307.90211788539574,309.07795777585227,307.61954912250815,308.4034423828125,48814700
2020-02-20 00:00:00-05:00,307.8565243216202,308.67691395841035,304.15575813081296,307.1364440917969,74163400
2020-02-21 00:00:00-05:00,305.7873641141862,306.0972773213097,303.153060127596,303.97344970703125,113788200
2020-02-24 00:00:00-05:00,294.5483849080448,304.0464012409805,292.8164758374308,293.89208984375,161088400
2020-02-25 00:00:00-05:00,295.2775405729495,295.88824287722144,284.11143004396996,284.9864807128906,218913200
2020-02-26 00:00:00-05:00,286.3810972156628,289.9633610159589,283.2090281846531,283.938232421875,194773800
2020-02-27 00:00:00-05:00,278.43259474470216,283.99286638377913,271.18603515625,271.18603515625,284353500
2020-02-28 00:00:00-05:00,263.155638584235,271.5325033532073,260.27523419743306,270.0467224121094,384975800
2020-03-02 00:00:00-05:00,271.82423989590694,281.80539019373504,268.40604154971504,281.7415771484375,238703600
2020-03-03 00:00:00-05:00,282.11517570579525,286.07116546161603,271.2407589694564,273.67449951171875,300139100
2020-03-04 00:00:00-05:00,279.0343161033958,285.3967315712866,276.49116917188974,285.1779479980469,176613400
2020-03-05 00:00:00-05:00,277.9951665598652,281.1763600202487,273.4649145191371,275.6981201171875,186366800
2020-03-06 00:00:00-05:00,267.21185726562237,272.343714991951,264.5502366862195,271.1405029296875,228667200
2020-03-09 00:00:00-04:00,250.9412315537288,259.04465081754387,249.25494324110963,249.96592712402344,309417300
2020-03-10 00:00:00-04:00,259.45487913879975,262.99155082298614,249.30054030564344,262.9004211425781,276444100
2020-03-11 00:00:00-04:00,255.86345261585788,256.99372753135424,246.91232732401264,250.0843963623047,255316300
2020-03-12 00:00:00-04:00,233.3489928159892,243.0657940580516,225.7651438733013,226.1571044921875,392220700
2020-03-13 00:00:00-04:00,239.81161165387473,247.45927200830852,226.5307825549705,245.49038696289062,329566100
2020-03-16 00:00:00-04:00,219.84023822786799,234.16932404862888,216.35824141554718,218.6279296875,297240000
2020-03-17 00:00:00-04:00,223.35869921057358,233.50392810842425,216.09390266325667,230.43209838867188,262070500
2020-03-18 00:00:00-04:00,215.34646582603455,226.39407689191867,207.84466479454713,218.76466369628906,327597100
2020-03-19 00:00:00-04:00,218.08099810602204,225.49165465544974,211.6730183757266,219.22950744628906,289322000
2020-03-20 00:00:00-04:00,222.3707795638826,224.14952799674725,209.50696155565487,209.7820281982422,347158800
2020-03-23 00:00:00-04:00,209.22269612416616,210.58883736917826,200.11807712080454,204.41824340820312,326025200
2020-03-24 00:00:00-04:00,214.93484144271505,223.81024024329707,214.3663807599711,222.93919372558594,235494500
2020-03-25 00:00:00-04:00,224.5162352253458,235.04201992086357,219.82181757105965,226.27664184570312,299430300
2020-03-26 00:00:00-04:00,228.77977750775747,240.95592219798814,228.34884302210628,239.4889373779297,257632800
2020-03-27 00:00:00-04:00,232.21806449765097,239.13132946268587,230.1825909794387,232.3555908203125,224341200
2020-03-30 00:00:00-04:00,234.44601489405457,240.61660815727984,232.45638865585167,239.9014434814453,171369500
2020-03-31 00:00:00-04:00,238.90205096760556,241.4417963725967,234.9227984498402,236.32562255859375,194881100
2020-04-01 00:00:00-04:00,227.36772539626958,236.24312431481496,223.62685616519354,225.68983459472656,189554600
2020-04-02 00:00:00-04:00,224.80967193777292,231.67708998353663,224.2595386780604,230.8977508544922,177660400
2020-04-03 00:00:00-04:00,229.91666012342145,232.26388300481995,224.83715469449982,227.56028747558594,135561200
2020-04-06 00:00:00-04:00,236.40818218401068,244.80680088287363,227.54196002564834,242.84466552734375,188061200
2020-04-07 00:00:00-04:00,251.41742888047233,252.16927651382895,242.87213629825405,243.09217834472656,201427200
2020-04-08 00:00:00-04:00,245.6870219261838,253.05874090906812,243.20228632655915,251.2524871826172,153774500
2020-04-09 00:00:00-04:00,254.5073322785615,257.8264586985217,252.57273047385536,255.07582092285156,189999200
2020-04-13 00:00:00-04:00,254.10395500418002,254.44319588474661,248.8502262862596,252.74696350097656,114839100
2020-04-14 00:00:00-04:00,257.6247736197147,261.21892505517496,252.60944238232008,260.2012023925781,134143400
2020-04-15 00:00:00-04:00,254.49818449986756,260.338700945521,252.56355469912342,254.67239379882812,121775000
2020-04-16 00:00:00-04:00,255.9468947921866,256.7537531911925,252.83868798344852,255.90106201171875,131798300
2020-04-17 00:00:00-04:00,261.65902364519036,263.4194162623719,258.9267132107058,262.8143005371094,146684800
2020-04-20 00:00:00-04:00,259.11925837284326,262.95183530213035,257.96400942467557,258.1840515136719,100109300
2020-04-21 00:00:00-04:00,253.72799788074695,254.9291074264228,249.40947658688037,250.34471130371094,126385700
2020-04-22 00:00:00-04:00,255.21340241905787,257.64312738360485,253.89309376267377,255.90106201171875,92951600
2020-04-23 00:00:00-04:00,257.1754477326912,260.3386922865704,255.58008681730885,255.8826446533203,104709700
2020-04-24 00:00:00-04:00,257.3955098331214,260.1186421969253,255.35085912854342,259.4493103027344,85063200
2020-04-27 00:00:00-04:00,261.4206455682229,264.3088100325091,260.9622058760842,263.1902160644531,77896600
2020-04-28 00:00:00-04:00,266.83034595599906,267.17876475255486,261.67748602196986,261.9800720214844,105270000
2020-04-29 00:00:00-04:00,267.2978148114988,270.36936598916276,266.27091449702925,268.8381652832031,118745600
2020-04-30 00:00:00-04:00,267.4629184687706,268.93910905447325,264.6022588270189,266.3351745605469,122901700
2020-05-01 00:00:00-04:00,261.5948274910563,266.5001372793607,258.1198471539412,259.2843017578125,125180000
2020-05-04 00:00:00-04:00,257.40466678621465,260.30200851871746,255.92850465269154,259.99945068359375,80873200
2020-05-05 00:00:00-04:00,262.81430977989436,265.20735144767355,260.1278320243504,262.4017028808594,79569900
2020-05-06 00:00:00-04:00,264.09796681903833,264.48304052192884,260.1920513755059,260.62298583984375,73632600
2020-05-07 00:00:00-04:00,263.83207158010157,265.69333581380084,263.2636107768448,263.76788330078125,75250400
2020-05-08 00:00:00-04:00,266.8944094168429,268.5998195757135,265.7666377314456,268.1322021484375,76452400
2020-05-11 00:00:00-04:00,266.20676247386785,269.56254444611375,265.7850057832069,268.1872253417969,79514200
2020-05-12 00:00:00-04:00,269.37003545665283,269.7826144420416,262.7043036007516,262.84185791015625,95870800
2020-05-13 00:00:00-04:00,262.28244947607476,263.31852740068314,255.77260186362162,258.19317626953125,144721100
2020-05-14 00:00:00-04:00,255.76353778728304,261.4114906647709,250.29891603317049,261.28314208984375,121977900
2020-05-15 00:00:00-04:00,258.899280953549,262.5301162336093,257.9548961111286,262.4842834472656,111146300
2020-05-18 00:00:00-04:00,268.6914444443786,272.0839087534759,268.37055910186746,270.4793701171875,119703800
2020-05-19 00:00:00-04:00,269.8834715117107,271.58885385664627,267.68296642946405,267.7012939453125,95189300
2020-05-20 00:00:00-04:00,271.2313006225374,273.11089240666524,271.0020807473539,272.2490234375,85861700
2020-05-21 00:00:00-04:00,272.1206583812847,272.92751677002803,269.278326504917,270.3694152832031,78293900
2020-05-22 00:00:00-04:00,270.08513201578137,271.05702179895974,268.8473394108852,270.8828125,63958200
2020-05-26 00:00:00-04:00,276.83335693039163,277.07175449936034,270.90114681308035,274.2202453613281,88951400
2020-05-27 00:00:00-04:00,277.007581296367,278.3370675296901,272.19396476879547,278.3003845214844,104817400
2020-05-28 00:00:00-04:00,279.32730748503195,281.3352756373356,277.1176247426951,277.7869567871094,90405200
2020-05-29 00:00:00-04:00,277.3193394971249,279.61153803025144,274.577879005406,279.0247497558594,119090800
2020-06-01 00:00:00-04:00,278.38292576798335,280.7576401144218,277.8694755298853,280.1524963378906,55758300
2020-06-02 00:00:00-04:00,281.069313365472,282.5179982006775,279.73985528660774,282.4721374511719,74267200
2020-06-03 00:00:00-04:00,284.4526664557033,287.1849772402928,284.17761381806736,286.2314147949219,92567600
2020-06-04 00:00:00-04:00,285.2503028822557,286.98321817364206,283.3890390401753,285.4795227050781,75794400
2020-06-05 00:00:00-04:00,290.86169285851645,294.565865879508,290.797504578311,292.7962951660156,150524700
2020-06-08 00:00:00-04:00,293.60319885897314,296.52804714326027,293.06224323015726,296.33551025390625,73641200
2020-06-09 00:00:00-04:00,293.6764120455833,296.408722278723,292.8145433136846,294.1257019042969,77479200
2020-06-10 00:00:00-04:00,294.7033572907335,295.59273133209695,291.76933233464445,292.4844970703125,95000800
2020-06-11 00:00:00-04:00,285.5713184115705,286.2039675874053,275.07306355845213,275.6231689453125,209243600
2020-06-12 00:00:00-04:00,282.61878853050194,283.3889635723717,273.7800890663436,278.92376708984375,194678900
2020-06-15 00:00:00-04:00,273.2483818586524,282.65557322051234,272.0747773753375,281.5278015136719,135782700
2020-06-16 00:00:00-04:00,289.2571484357814,289.4038525103005,282.0963219351536,286.94659423828125,137627500
2020-06-17 00:00:00-04:00,287.9643213952654,288.25772952024136,285.02111835943526,285.754638671875,83398900
2020-06-18 00:00:00-04:00,284.2417274083413,286.34136061280276,283.78328781211144,285.8645935058594,80828700
2020-06-19 00:00:00-04:00,289.323611161699,289.5169952642536,282.2878135586834,284.23095703125,135549600
2020-06-22 00:00:00-04:00,283.6323430698322,286.4503381503588,282.49041850503755,286.0543518066406,74649400
2020-06-23 00:00:00-04:00,288.69736494870455,289.6274972240298,286.9660418676936,287.3712463378906,68471200
2020-06-24 00:00:00-04:00,285.336089865643,285.953114826548,278.20822201391996,280.04083251953125,132813500
2020-06-25 00:00:00-04:00,279.46981736237365,283.3100417218154,277.45301313177083,283.04296875,89468000
2020-06-26 00:00:00-04:00,281.94708210428337,282.1589024781775,275.7401296700566,276.3202819824219,127961000
2020-06-29 00:00:00-04:00,277.5727536803356,280.5196622715444,275.28887633629,280.38153076171875,79773300
2020-06-30 00:00:00-04:00,279.9486629348006,285.667559621828,279.7921232790596,283.9730529785156,113394800
2020-07-01 00:00:00-04:00,285.087337333443,287.2238644355757,284.62688035991766,285.9621887207031,72396500
2020-07-02 00:00:00-04:00,289.3880053272748,290.7325599973722,286.87392810290646,287.5369873046875,69344200
2020-07-06 00:00:00-04:00,291.34955427526955,292.55594935283244,290.6036161923204,291.97576904296875,61713800
2020-07-07 00:00:00-04:00,290.4379459868934,292.4086879039096,288.5868993171508,288.9644775390625,82910000
2020-07-08 00:00:00-04:00,289.7287492933504,291.2850962513282,287.96982822881216,291.1745910644531,54638600
2020-07-09 00:00:00-04:00,291.78253152595937,292.0219782767245,286.1096951305737,289.51708984375,83354200
2020-07-10 00:00:00-04:00,289.4524261962223,292.7400953431153,288.02502098883406,292.4730224609375,57550400
2020-07-13 00:00:00-04:00,294.8122566026346,297.18820278628755,289.2867716039281,289.94061279296875,102997500
2020-07-14 00:00:00-04:00,288.522406144319,294.4715320808562,287.32522893206374,293.6979675292969,93657000
2020-07-15 00:00:00-04:00,296.91198050758385,297.4921610086868,294.0202961383002,296.3962707519531,87196500
2020-07-16 00:00:00-04:00,294.4990994168282,295.87125229977755,293.8544483675677,295.4200134277344,54622500
2020-07-17 00:00:00-04:00,296.42389995374253,297.059333070297,294.45312985797676,296.27655029296875,62774900
2020-07-20 00:00:00-04:00,296.0095034155343,299.4168978746428,295.26356501354775,298.67095947265625,56308800
2020-07-21 00:00:00-04:00,300.632423503006,301.0744442907489,298.3209200855165,299.3063049316406,57292200
2020-07-22 00:00:00-04:00,298.9471708971752,301.32314533336705,298.83666568694713,301.010009765625,57792900
2020-07-23 00:00:00-04:00,300.6508750281461,301.35077884843804,296.0555219337203,297.41845703125,75738000
2020-07-24 00:00:00-04:00,295.56743094562876,296.5251615020732,294.0018655257891,295.5029602050781,73766600
2020-07-27 00:00:00-04:00,296.193647698937,297.8328739008944,295.40164684860423,297.65789794921875,48293000
2020-07-28 00:00:00-04:00,296.9303216498821,298.0446479275418,295.4752897615271,295.7699890136719,57495000
2020-07-29 00:00:00-04:00,296.64482019059875,299.96933442324314,296.60797576059025,299.4075622558594,48454200
2020-07-30 00:00:00-04:00,296.44227447076116,298.7537780991364,294.36102749576685,298.33935546875,61861700
2020-07-31 00:00:00-04:00,300.12590663768805,300.7981840639859,295.9173223565921,300.6968688964844,84986800
2020-08-03 00:00:00-04:00,302.35458371421714,303.55176103880365,301.81124766050027,302.78741455078125,53077900
2020-08-04 00:00:00-04:00,301.93091720834786,303.9569396972656,301.93091720834786,303.9569396972656,41917900
2020-08-05 00:00:00-04:00,305.2554171505095,306.10267054186585,304.98834417548517,305.84478759765625,42697700
2020-08-06 00:00:00-04:00,305.264638297825,308.00894452980793,304.942312718452,307.88922119140625,43679400
2020-08-07 00:00:00-04:00,306.9222424636981,308.39571060773704,306.0197365507583,308.1102294921875,57308300
2020-08-10 00:00:00-04:00,308.5615137232704,309.21535494485994,306.6275882566364,309.03118896484375,44282100
2020-08-11 00:00:00-04:00,310.20985119434204,310.8452840303046,305.75263131441477,306.4801330566406,69601100
2020-08-12 00:00:00-04:00,308.9114977995642,311.52689106243633,308.8838714944804,310.7533264160156,53774400
2020-08-13 00:00:00-04:00,309.9888955675153,311.4992082489788,309.2705836615696,310.1914978027344,41816100
2020-08-14 00:00:00-04:00,309.80469729931406,310.73482947821054,309.0771673345119,310.20068359375,47260400
2020-08-17 00:00:00-04:00,311.2137530113555,311.58211307766084,310.2099598864431,311.1861267089844,35481000
2020-08-18 00:00:00-04:00,311.58210731482745,312.2820111007127,309.98891563003593,311.8583984375,38733900
2020-08-19 00:00:00-04:00,312.2360098565189,312.7517196619163,309.9981946540898,310.5599670410156,68054200
2020-08-20 00:00:00-04:00,308.83774337602864,312.0056901723592,308.70883001435334,311.5268249511719,42207800
2020-08-21 00:00:00-04:00,311.1953645031958,312.8529989583211,310.85460261366353,312.6319885253906,55106600
2020-08-24 00:00:00-04:00,315.06311760311377,315.87352648257695,312.6042927708127,315.79986572265625,48588700
2020-08-25 00:00:00-04:00,316.3616018282348,316.9878166359839,315.20124113429597,316.9049377441406,38463400
2020-08-26 00:00:00-04:00,317.49441695300277,320.3492287448196,316.95108089894495,320.0821838378906,50790200
2020-08-27 00:00:00-04:00,320.94782937860447,322.22788555251475,319.1244090738759,320.78204345703125,58034100
2020-08-28 00:00:00-04:00,321.80420702373715,322.9829758804368,320.61622003326073,322.8540344238281,48588900
2020-08-31 00:00:00-04:00,322.64223722364346,323.517088692937,321.4542502514148,321.6844787597656,66099200
2020-09-01 00:00:00-04:00,322.51332671022755,324.8156120146118,321.6200388879637,324.7143249511719,54908700
2020-09-02 00:00:00-04:00,326.6206116646277,330.3779287745175,325.47865908576307,329.4109802246094,69540000
2020-09-03 00:00:00-04:00,327.7256539431089,328.19532906675,315.495917398797,318.0744934082031,148011100
2020-09-04 00:00:00-04:00,318.7559908966991,320.3215279500711,308.386489496312,315.4775390625,139156300
2020-09-08 00:00:00-04:00,310.0809875272591,315.54202965407626,306.55389879011744,306.8577880859375,114465300
2020-09-09 00:00:00-04:00,310.85449204324215,315.37618290240937,309.9888306834143,312.9173583984375,91462300
2020-09-10 00:00:00-04:00,314.7869755047928,315.4408168774141,306.526371988214,307.484130859375,90569500
2020-09-11 00:00:00-04:00,309.2613511061483,310.32039660205055,304.8225388111135,307.6405334472656,84680200
2020-09-14 00:00:00-04:00,310.79933901286097,313.4607946662511,307.78795955439836,311.692626953125,65605700
2020-09-15 00:00:00-04:00,314.1422160421619,314.97103311859536,311.70179927663685,313.2673645019531,52920900
2020-09-16 00:00:00-04:00,314.50136995908423,315.9287755119788,311.7478178059842,312.02410888671875,82096000
2020-09-17 00:00:00-04:00,307.18016277231743,310.9927613539666,306.65523489152685,309.27984619140625,91523300
2020-09-18 00:00:00-04:00,310.0832931282361,310.19424068358853,303.2412544546544,305.71917724609375,105877900
2020-09-21 00:00:00-04:00,301.142417821237,302.4645898682485,297.4717524188794,302.316650390625,99450800
2020-09-22 00:00:00-04:00,303.79599750028683,305.95030428150574,301.29030979270976,305.3955383300781,63612100
2020-09-23 00:00:00-04:00,305.9503849729651,306.2277821301239,297.8139095946717,298.3132019042969,93112200
2020-09-24 00:00:00-04:00,297.00024885781556,302.1595085374378,295.6873034004473,299.10833740234375,76681300
2020-09-25 00:00:00-04:00,298.25762343564503,304.7298270780176,297.38852490576954,303.9439392089844,71069400
2020-09-28 00:00:00-04:00,308.0954153354496,309.70421136202526,307.106085914168,308.9922790527344,64584600
2020-09-29 00:00:00-04:00,308.788814611231,309.5284836874694,306.6159979020015,307.3094482421875,51304000
2020-09-30 00:00:00-04:00,307.9752282610911,312.78316294549495,307.7810700245136,309.6395263671875,104081100
2020-10-01 00:00:00-04:00,312.22836509125534,313.1991843917802,309.7504423645945,311.62738037109375,88698700
2020-10-02 00:00:00-04:00,306.69007030245626,311.59969787140113,306.2185149056574,308.668701171875,89431100
2020-10-05 00:00:00-04:00,310.7212700191764,314.3272066536649,310.675051276602,314.1423034667969,45713100
2020-10-06 00:00:00-04:00,314.2809115493329,316.37051739087525,309.1678726905185,309.6763916015625,90128900
2020-10-07 00:00:00-04:00,312.6259658002967,315.87132309591203,312.5982289095894,315.0669250488281,56999600
2020-10-08 00:00:00-04:00,316.99928967685366,317.9238901844621,316.083915987055,317.8591613769531,45242500
2020-10-09 00:00:00-04:00,319.5049503113114,321.15999312657567,318.8854837702439,320.69769287109375,59528600
2020-10-12 00:00:00-04:00,323.2311019429976,327.32707559553944,322.7410647815939,325.8569641113281,80388500
2020-10-13 00:00:00-04:00,325.71829333157706,325.89396970025575,322.76881520469266,323.73040771484375,73255500
2020-10-14 00:00:00-04:00,324.30363883511666,325.39466069842285,320.96584443553525,321.6962585449219,57727900
2020-10-15 00:00:00-04:00,317.7943713525029,321.7793965153316,317.25811557667936,321.2986145019531,60357700
2020-10-16 00:00:00-04:00,322.648589773227,324.30363260576735,320.92884634883575,321.1045227050781,89501900
2020-10-19 00:00:00-04:00,322.36195837394564,322.99067994136914,315.3257621196153,316.2226257324219,68425600
2020-10-20 00:00:00-04:00,317.5633355204922,320.72548220032826,316.8051844221268,317.4893798828125,60051900
2020-10-21 00:00:00-04:00,317.4431044735385,319.6066946596672,316.58323270677243,316.88836669921875,63575000
2020-10-22 00:00:00-04:00,317.10097125484754,319.2090592108434,314.9651464132425,318.6265563964844,55399300
2020-10-23 00:00:00-04:00,319.8470279304944,319.9025017003484,317.25815794875194,319.7083435058594,49143900
2020-10-26 00:00:00-04:00,316.33359795190205,317.1195140807674,310.31443920384794,313.8002014160156,91473000
2020-10-27 00:00:00-04:00,314.142337779827,314.4751804824875,312.5057765086921,312.71844482421875,65994100
2020-10-28 00:00:00-04:00,307.0598897426626,312.7461782493359,301.54002258547484,302.0300598144531,127094300
2020-10-29 00:00:00-04:00,302.26117045534187,308.2618190207296,300.57839067530114,305.0997009277344,90597700
2020-10-30 00:00:00-04:00,303.52789396877716,304.8315842442729,298.27616915749184,301.9190979003906,120287300
2020-11-02 00:00:00-05:00,305.3030700683594,307.300182145621,302.56623250835605,305.3030700683594,86068300
2020-11-03 00:00:00-05:00,308.5299804346644,312.7461569674992,305.3863439975958,310.69354248046875,93294200
2020-11-04 00:00:00-05:00,315.15934752702685,321.70553558783416,313.9851149209246,317.6372985839844,126959700
2020-11-05 00:00:00-05:00,322.9074308608974,325.635013295376,322.5560781983881,323.83203125,82039700
2020-11-06 00:00:00-05:00,323.5454494007083,325.0063340064699,321.4373613684711,323.75811767578125,74973000
2020-11-09 00:00:00-05:00,336.52688050400957,336.90597013486416,327.3640851994297,327.8263854980469,172304200
2020-11-10 00:00:00-05:00,326.83706430106344,328.39964160698554,324.08177251066513,327.3456115722656,85552000
2020-11-11 00:00:00-05:00,329.5275920192219,330.60013191836515,328.2886308124271,329.7772521972656,58649000
2020-11-12 00:00:00-05:00,328.76945432758134,329.8235125087104,324.7752013576145,326.5781555175781,67546200
2020-11-13 00:00:00-05:00,328.48291230446085,331.8392176847607,327.9651381197036,331.09954833984375,62892200
2020-11-16 00:00:00-05:00,333.76234079790987,335.4266106214588,332.4771323966517,335.2324523925781,74541100
2020-11-17 00:00:00-05:00,332.8285195747798,334.63150225060855,331.3214158989001,333.42950439453125,66111000
2020-11-18 00:00:00-05:00,333.69759212727365,334.2431030727179,329.3796950886092,329.41668701171875,70591300
2020-11-19 00:00:00-05:00,328.7879664083773,331.173423449706,327.44728430310664,330.8035888671875,59940900
2020-11-20 00:00:00-05:00,330.5447258643978,330.7481391320541,328.4643744428736,328.538330078125,70417300
2020-11-23 00:00:00-05:00,330.34129961206247,331.7651924296882,328.1130087910506,330.5077209472656,63230600
2020-11-24 00:00:00-05:00,333.0503176608031,336.37888489880055,332.1997010545498,335.8333740234375,62415900
2020-11-25 00:00:00-05:00,335.75020670349176,335.77794359169803,334.2246214190069,335.3156433105469,45330900
2020-11-27 00:00:00-05:00,336.4066780190502,336.7210388362217,335.24167223686067,336.24951171875,28514100
2020-11-30 00:00:00-05:00,335.4727353400609,335.7408773444086,332.0887228617469,334.76080322265625,83872700
2020-12-01 00:00:00-05:00,338.00621842500254,339.95711197569057,337.4144605490259,338.4222717285156,74231400
2020-12-02 00:00:00-05:00,337.3127522431998,339.2913825881508,336.7395044630417,339.13421630859375,45927000
2020-12-03 00:00:00-05:00,339.03249301288866,340.4286487496057,337.94147123204993,339.041748046875,62882000
2020-12-04 00:00:00-05:00,339.6242931462519,341.9635314941406,339.53182744457604,341.9635314941406,50749900
2020-12-07 00:00:00-05:00,341.1960744141505,341.75084037057263,339.99410502237635,341.26080322265625,48944300
2020-12-08 00:00:00-05:00,339.99411677063375,342.8233922079248,339.9478980295718,342.2593994140625,42458900
2020-12-09 00:00:00-05:00,342.915836132159,343.0730024150456,338.35756246336115,339.189697265625,74098300
2020-12-10 00:00:00-05:00,337.82135527213035,340.1236019996459,336.95222835158745,339.0788269042969,57735400
2020-12-11 00:00:00-05:00,337.38674768616795,339.08800937588853,335.8704174000004,338.6811828613281,57698600
2020-12-14 00:00:00-05:00,340.8447456280566,341.91725738932104,336.9891490851876,337.1648254394531,69216200
2020-12-15 00:00:00-05:00,339.69829722459764,341.7231750488281,338.3299062242927,341.7231750488281,63865300
2020-12-16 00:00:00-05:00,341.93578357691985,343.17474493301853,341.05740176418556,342.2593994140625,58420500
2020-12-17 00:00:00-05:00,343.895879454076,344.37666151029305,343.07297154354643,344.1732482910156,64119500
2020-12-18 00:00:00-05:00,344.4611087749372,344.62823947679175,340.7933577976849,342.79901123046875,136542300
2020-12-21 00:00:00-05:00,338.8898629814059,351.41588135786776,336.15994813580005,341.5733337402344,96386700
2020-12-22 00:00:00-05:00,341.8983673411588,342.0097878229692,339.87415302334546,340.9976806640625,47949000
2020-12-23 00:00:00-05:00,341.9633643931626,343.20760697353194,340.979112376798,341.3041076660156,46201400
2020-12-24 00:00:00-05:00,341.77771744079797,342.6598436511462,341.19275979993,342.6319885253906,26457900
2020-12-28 00:00:00-05:00,345.1760534669629,345.9653195129683,344.5539464489038,345.5753479003906,39000400
2020-12-29 00:00:00-05:00,347.0982780683886,347.2747033129557,344.3312127444676,344.91619873046875,53680500
2020-12-30 00:00:00-05:00,345.7332289197448,346.4389297116673,345.0182619794542,345.4082336425781,49455300
2020-12-31 00:00:00-05:00,345.2132645868987,347.8874694685123,344.7025779385661,347.1632080078125,78520700
2021-01-04 00:00:00-05:00,348.49100217915696,348.62101162593734,338.75060828235917,342.4369201660156,110210800
2021-01-05 00:00:00-05:00,341.79620806023695,345.88178590422,341.74976397277425,344.7953796386719,66426200
2021-01-06 00:00:00-05:00,343.291214067815,350.04173174075373,342.74337775337597,346.8568115234375,107997700
2021-01-07 00:00:00-05:00,349.2246280958658,352.7530761209453,349.0482028609267,352.01025390625,68766800
2021-01-08 00:00:00-05:00,353.39376410680273,354.2294461631156,350.15316189053533,354.0158996582031,71677200
2021-01-11 00:00:00-05:00,350.84948394564515,353.38438462890787,350.7287689918053,351.62945556640625,51034700
2021-01-12 00:00:00-05:00,351.8152146876118,352.71587302635754,349.4659767403623,351.7037658691406,52547700
2021-01-13 00:00:00-05:00,351.62950774382404,353.64442764556827,350.8495360073249,352.6509094238281,45303600
2021-01-14 00:00:00-05:00,353.3936919642144,353.8951124303812,351.0816321351394,351.4158935546875,49989100
2021-01-15 00:00:00-05:00,349.80025180486865,350.5987841141442,346.99606590019863,348.8531494140625,107160000
2021-01-19 00:00:00-05:00,351.3045005009363,352.13091630295105,349.8281224423444,351.59234619140625,51233300
2021-01-20 00:00:00-05:00,353.87657321374,357.2936287805517,353.4866015027723,356.45794677734375,61836100
2021-01-21 00:00:00-05:00,357.0149723281148,357.4421218924977,355.8635897422049,356.7828369140625,47840100
2021-01-22 00:00:00-05:00,354.9350642448892,356.6807271719311,354.5543587480902,355.5200500488281,52860500
2021-01-25 00:00:00-05:00,356.2535985157263,357.2749716933398,351.4158759647186,356.9221496582031,70402000
2021-01-26 00:00:00-05:00,357.869315038569,358.2778757163541,356.1329463264064,356.3650817871094,42665300
2021-01-27 00:00:00-05:00,353.05012900637144,353.1429888444501,345.4268095254111,347.6553039550781,123351100
2021-01-28 00:00:00-05:00,349.46599738570745,354.6379822958076,349.02960991918064,350.645263671875,94198100
2021-01-29 00:00:00-05:00,348.7882096621224,349.7539012035363,341.9541263228981,343.6255187988281,126765100
2021-02-01 00:00:00-05:00,347.01462699809997,350.375943628793,343.9133009262217,349.34527587890625,75817600
2021-02-02 00:00:00-05:00,352.52087154806475,355.8357724135965,349.42883997274356,354.28509521484375,64450700
2021-02-03 00:00:00-05:00,355.11152644432576,356.2814981741382,353.2915924599428,354.5636901855469,52427100
2021-02-04 00:00:00-05:00,355.59433635934124,358.63995212915546,354.67508910571235,358.5935363769531,47142600
2021-02-05 00:00:00-05:00,360.4599791681368,360.710675281438,358.54718510912704,360.0049743652344,48669800
2021-02-08 00:00:00-05:00,361.4534473259199,362.6512741525483,360.59920475972706,362.6048583984375,38365200
2021-02-09 00:00:00-05:00,361.76909255507013,362.9576530503986,361.3605603058533,362.3633728027344,35551100
2021-02-10 00:00:00-05:00,364.09983025590975,364.24840035419544,359.8099713889872,362.2055969238281,59154400
2021-02-11 00:00:00-05:00,363.2827449986079,363.70060021262947,360.3671379983436,362.7906188964844,42913300
2021-02-12 00:00:00-05:00,361.9920325190132,364.82407372216704,361.91773330512245,364.5826721191406,50593300
2021-02-16 00:00:00-05:00,365.8083200461877,366.0033342269587,363.55197027023985,364.2669372558594,50972400
2021-02-17 00:00:00-05:00,362.52135717971964,364.60128206037706,361.50922152730385,364.3505859375,52290600
2021-02-18 00:00:00-05:00,361.750669777265,363.54274901362083,360.0328614317489,362.7999267578125,59712800
2021-02-19 00:00:00-05:00,364.05341301185115,364.34125872083973,361.71346939446187,362.1591796875,83241000
2021-02-22 00:00:00-05:00,359.4012987172118,361.77836287541686,359.10415861322616,359.3734436035156,67414200
2021-02-23 00:00:00-05:00,357.1728509983925,361.15630279532843,353.0315629822929,359.8099060058594,107284100
2021-02-24 00:00:00-05:00,358.7235110381606,364.2019298681405,357.7392590796617,363.7747802734375,72433900
2021-02-25 00:00:00-05:00,362.51209589040644,363.8770538025499,353.57023164318656,355.00946044921875,146670500
2021-02-26 00:00:00-05:00,356.8850154751008,358.0271036542426,351.20234468696304,353.18011474609375,152701600
2021-03-01 00:00:00-05:00,358.03639956573255,362.9855428178806,353.3751303176071,361.74127197265625,105348800
2021-03-02 00:00:00-05:00,361.9642568270762,362.19639233194147,358.4172195118909,358.91864013671875,79595300
2021-03-03 00:00:00-05:00,358.2222444777856,359.187907804754,354.0623659032716,354.1645202636719,119940200
2021-03-04 00:00:00-05:00,353.97867561907805,356.5600204671109,345.30609935501286,349.78167724609375,183433000
2021-03-05 00:00:00-05:00,353.27300175449477,357.2657484566025,346.01182648724296,356.21649169921875,152039600
2021-03-08 00:00:00-05:00,357.17290844727864,359.977094609663,354.16444194612137,354.4429931640625,123149200
2021-03-09 00:00:00-05:00,358.2778580660894,362.04773549523804,357.7764375613555,359.5035400390625,113633600
2021-03-10 00:00:00-05:00,361.84342629734385,363.4312247093334,360.4320530796693,361.74127197265625,109899400
2021-03-11 00:00:00-05:00,364.2019341812967,367.3775310399198,363.7469294630154,365.4090270996094,86245000
2021-03-12 00:00:00-05:00,364.05345567131616,366.0405207448169,363.2456286942137,365.9012451171875,64653600
2021-03-15 00:00:00-04:00,366.15189953144346,368.34327305827475,364.01626458616573,368.0832824707031,73427200
2021-03-16 00:00:00-04:00,368.6961305342788,369.40180309295295,366.8483129268186,367.6190185546875,73722500
2021-03-17 00:00:00-04:00,366.3375684287189,369.67102984650717,365.19545189698175,368.87249755859375,97959300
2021-03-18 00:00:00-04:00,366.2912411031278,368.37116601733726,362.8277694050452,363.505615234375,115349100
2021-03-19 00:00:00-04:00,363.205513182998,364.77989041785,360.6622818583176,362.8328857421875,113624500
2021-03-22 00:00:00-04:00,363.34534370663016,367.1089472702704,363.2894509967949,365.7301940917969,73778600
2021-03-23 00:00:00-04:00,365.0967422553669,366.54068471271836,362.0690971295922,362.85162353515625,90686600
2021-03-24 00:00:00-04:00,364.248968775631,365.87923909623805,360.9604817803928,361.0070495605469,97588600
2021-03-25 00:00:00-04:00,359.57244319585334,363.8297562145069,357.6347344917859,363.0379333496094,116128600
2021-03-26 00:00:00-04:00,364.18376357430776,369.2888490443927,363.58756519155156,368.8882751464844,114409100
2021-03-29 00:00:00-04:00,367.4163456691813,369.60557150137186,365.9351320456119,368.7019348144531,108107600
2021-03-30 00:00:00-04:00,367.4349359437374,368.3944651831491,366.1306971541533,367.7237243652344,76262200
2021-03-31 00:00:00-04:00,368.29203631973724,370.7700506223906,368.2640899656706,369.21429443359375,112734200
2021-04-01 00:00:00-04:00,371.14265609357545,373.25736766767085,370.93770669938243,373.2014465332031,99682900
2021-04-05 00:00:00-04:00,375.8565200890422,379.0984396024881,375.7820059480064,378.55810546875,91684800
2021-04-06 00:00:00-04:00,377.99905545096397,379.37777983436615,377.66367085118264,378.33441162109375,62021000
2021-04-07 00:00:00-04:00,378.16681558663885,379.1170200378233,377.7103490017058,378.7723388671875,55836300
2021-04-08 00:00:00-04:00,380.02055999616584,380.6260831226117,379.0889772078951,380.5701904296875,57863100
2021-04-09 00:00:00-04:00,380.4492124791382,383.5048037222059,380.32810213483407,383.33709716796875,61104600
2021-04-12 00:00:00-04:00,382.74087863290447,383.7469757570129,382.135355372954,383.4768371582031,56704900
2021-04-13 00:00:00-04:00,383.37441024740957,385.23757653606214,382.9924577466764,384.6134033203125,56551000
2021-04-14 00:00:00-04:00,384.58536523914717,385.6380584899132,382.7594706720506,383.2998046875,61659900
2021-04-15 00:00:00-04:00,385.43320380831716,387.687647542853,385.38663602263046,387.41748046875,60229800
2021-04-16 00:00:00-04:00,388.7030468977185,389.31789515278274,387.2870508261419,388.7123718261719,82037300
2021-04-19 00:00:00-04:00,387.78082221556,388.2279639453747,385.479810632014,386.8026428222656,78498500
2021-04-20 00:00:00-04:00,385.59158768451925,386.6908489859736,382.4987247820928,383.97064208984375,81851800
2021-04-21 00:00:00-04:00,383.35574340510965,387.808709170284,383.2159832062883,387.603759765625,66793000
2021-04-22 00:00:00-04:00,387.43610589568067,388.26520006438915,383.001761278924,384.0637512207031,97582800
2021-04-23 00:00:00-04:00,384.6226230049808,389.63454349879055,384.548108882875,388.22784423828125,73209200
2021-04-26 00:00:00-04:00,388.87997690212677,389.60661044348035,388.29307511302295,389.038330078125,52182400
2021-04-27 00:00:00-04:00,389.33645070740164,389.53210359386003,387.8179659687333,388.9544982910156,51303100
2021-04-28 00:00:00-04:00,389.2247259133634,390.34263698563,388.3769818956655,388.8427734375,51238900
2021-04-29 00:00:00-04:00,391.5629909520302,391.93561848281814,387.9484442011052,391.3207702636719,78544300
2021-04-30 00:00:00-04:00,389.05698052139843,389.9047243925387,387.85523059091884,388.7495422363281,85527000
2021-05-03 00:00:00-04:00,390.7338109557142,391.11576335825885,389.09424437535307,389.5879821777344,68128300
2021-05-04 00:00:00-04:00,387.60376353614816,388.09750141176715,383.5048038327527,387.1845397949219,101591200
2021-05-05 00:00:00-04:00,388.82405711429095,389.0569528283678,386.74661711005075,387.3055725097656,60162200
2021-05-06 00:00:00-04:00,387.3801805344539,390.5289359008101,385.3772825937991,390.3985290527344,74321400
2021-05-07 00:00:00-04:00,391.16239525650957,393.8919265936675,390.4823294392389,393.23980712890625,67733800
2021-05-10 00:00:00-04:00,393.59374911008047,393.8173198937431,389.22462332487686,389.3457336425781,81852400
2021-05-11 00:00:00-04:00,384.8369282355566,386.8584473474661,382.0049080638009,385.8709716796875,116888000
2021-05-12 00:00:00-04:00,383.09494694764567,384.3618863785904,376.35959057471223,377.6731262207031,134811000
2021-05-13 00:00:00-04:00,379.2194353787123,384.13819166106964,379.1728391786905,382.2098083496094,106394000
2021-05-14 00:00:00-04:00,384.9394270681594,388.9266014154042,384.9114807136324,388.078857421875,82201600
2021-05-17 00:00:00-04:00,386.97025720812496,387.9018401628468,385.07911651757036,387.0913391113281,65129200
2021-05-18 00:00:00-04:00,387.3521831986254,387.59440386559174,383.597905008926,383.75628662109375,59810200
2021-05-19 00:00:00-04:00,379.0797721892408,382.9271861523255,377.5985301803542,382.75018310546875,106467100
2021-05-20 00:00:00-04:00,383.6258484249689,388.12541000565056,383.50476652206805,386.8677673339844,78022200
2021-05-21 00:00:00-04:00,388.3490042918943,389.5880256140857,386.0945893314259,386.5510559082031,76578700
2021-05-24 00:00:00-04:00,388.78688623089147,391.563014094204,388.54466552821737,390.49169921875,51376700
2021-05-25 00:00:00-04:00,391.572218425638,391.9262244678643,389.0476367876896,389.6252136230469,57451400
2021-05-26 00:00:00-04:00,390.2122010644439,390.9015634477315,389.17815748951244,390.3985290527344,43088600
2021-05-27 00:00:00-04:00,391.4231910374945,391.93555024942225,390.3239016330106,390.6033935546875,56707700
2021-05-28 00:00:00-04:00,392.1684893742527,392.42933147222897,391.0692282777566,391.3021240234375,58520200
2021-06-01 00:00:00-04:00,393.65904356804924,393.7987753351119,390.5196133395258,390.95745849609375,54216600
2021-06-02 00:00:00-04:00,391.6095674253817,392.410743642536,390.60347022695476,391.5722961425781,49097100
2021-06-03 00:00:00-04:00,389.2619476298755,391.2555203916502,387.79935555163786,390.1189880371094,58138800
2021-06-04 00:00:00-04:00,391.9635773504691,393.985125124761,390.1842502722685,393.68701171875,55938800
2021-06-07 00:00:00-04:00,393.6776201553933,393.85462318339853,392.37340976192394,393.30499267578125,51555000
2021-06-08 00:00:00-04:00,394.1620869131879,394.2552509032389,391.5629906976117,393.3888854980469,47134300
2021-06-09 00:00:00-04:00,394.2272923071258,394.3018348687151,392.57840061009364,392.8019714355469,48436300
2021-06-10 00:00:00-04:00,394.0223149057569,395.5780709347275,392.7087795402519,394.6278381347656,51020100
2021-06-11 00:00:00-04:00,395.1775688004502,395.39181472194224,393.89197955285624,395.280029296875,45570800
2021-06-14 00:00:00-04:00,395.3917787091995,396.26746903201445,394.1527857880061,396.1650085449219,42358500
2021-06-15 00:00:00-04:00,396.31398359945143,396.3512264436359,394.5626033146111,395.43829345703125,51508500
2021-06-16 00:00:00-04:00,395.5781066988787,395.8016775286566,391.19035858653814,393.2304992675781,80386100
2021-06-17 00:00:00-04:00,392.82069510707476,394.07830966622913,390.63146893093574,393.10015869140625,90949700
2021-06-18 00:00:00-04:00,389.8251604695109,390.5167781405025,387.5914076691271,387.7970275878906,118676300
2021-06-21 00:00:00-04:00,389.5540951870982,393.53563141151994,388.74097097735967,393.34869384765625,72822000
2021-06-22 00:00:00-04:00,393.339353041914,396.28343417143736,392.61966911686017,395.45159912109375,57700300
2021-06-23 00:00:00-04:00,395.52640432656335,396.33017311106846,394.8908622379778,394.9749755859375,49445400
2021-06-24 00:00:00-04:00,397.11522847080494,397.73205959660106,396.8628599421337,397.3114929199219,45110300
2021-06-25 00:00:00-04:00,398.05925946140326,399.17147241602134,397.73213297075046,398.72283935546875,58129500
2021-06-28 00:00:00-04:00,399.2462030135846,399.6948074887242,398.0498768754374,399.5265808105469,53159600
2021-06-29 00:00:00-04:00,399.9098343658785,400.5453764693619,399.2088612604478,399.7416076660156,35970500
2021-06-30 00:00:00-04:00,399.2835611544407,400.75093815402226,399.25552337520446,400.0780029296875,64827900
2021-07-01 00:00:00-04:00,400.83513000426785,402.452051650708,400.7696989990123,402.29315185546875,53441000
2021-07-02 00:00:00-04:00,403.4519996550773,405.7231451451387,402.3771516575957,405.36798095703125,57697700
2021-07-06 00:00:00-04:00,405.4240804253988,405.6390557421083,401.90053315862076,404.629638671875,68710400
2021-07-07 00:00:00-04:00,405.3120600691236,406.34015981579034,403.3026092367635,406.05975341796875,63549500
2021-07-08 00:00:00-04:00,400.7509751205796,403.50814726468866,399.57333123869796,402.7510986328125,97595200
2021-07-09 00:00:00-04:00,404.2558779418757,407.3495037546776,402.55484295981864,407.0504150390625,76238600
2021-07-12 00:00:00-04:00,406.9662269112006,408.76073035250516,406.536304788165,408.50836181640625,52889600
2021-07-13 00:00:00-04:00,407.72328794262097,409.2187027689948,406.85408823599073,407.11578369140625,52911300
2021-07-14 00:00:00-04:00,408.80744158086895,409.2934677745335,406.48022038406873,407.7232666015625,64130400
2021-07-15 00:00:00-04:00,406.3867335138074,407.059668694347,404.4333589603699,406.3306579589844,55126400
2021-07-16 00:00:00-04:00,407.50838463044124,407.55510476141916,402.75111727654803,403.1436462402344,75874700
2021-07-19 00:00:00-04:00,398.3302530154178,403.20902632092094,394.38611039278754,397.19000244140625,147987000
2021-07-20 00:00:00-04:00,397.85357937142714,404.15300952398457,397.05913759218004,402.88189697265625,99608200
2021-07-21 00:00:00-04:00,404.078212041571,406.2839552086843,402.8351658262947,406.14373779296875,64724400
2021-07-22 00:00:00-04:00,406.3213884076943,407.23733686784163,405.34003746820474,406.99432373046875,47878500
2021-07-23 00:00:00-04:00,408.91963853760046,411.5179109011736,408.2373763394922,411.18145751953125,63766600
2021-07-26 00:00:00-04:00,410.5925550860386,412.20012081384886,410.5458349664142,412.1907653808594,43719200
2021-07-27 00:00:00-04:00,411.15344841239045,411.18148619614936,407.4896830394306,410.3122863769531,67397100
2021-07-28 00:00:00-04:00,410.9384848950348,411.51795145786116,408.7234143462509,410.14404296875,52472400
2021-07-29 00:00:00-04:00,411.0693007705477,412.91985138960683,411.05994533585215,411.84503173828125,47435300
2021-07-30 00:00:00-04:00,409.28415602981516,411.29360644207577,409.1532940336554,409.8449401855469,68951200
2021-08-02 00:00:00-04:00,411.5553115323718,412.10674026622047,408.62991264660883,408.9850769042969,58783300
2021-08-03 00:00:00-04:00,409.7794757496443,412.43382344600275,407.59244339115173,412.31231689453125,58053900
2021-08-04 00:00:00-04:00,411.03193395699765,412.28433581198715,410.050583021591,410.28424072265625,46732200
2021-08-05 00:00:00-04:00,411.4431679198543,412.96662067268136,411.1253968736616,412.88250732421875,38969700
2021-08-06 00:00:00-04:00,413.2002671340216,413.9853535543252,412.9198607907698,413.56475830078125,46930000
2021-08-09 00:00:00-04:00,413.5366870620658,413.85445807390835,412.46186747322616,413.228271484375,41222600
2021-08-10 00:00:00-04:00,413.67690908891893,414.4526685963435,412.9946468851688,413.7423400878906,43339300
2021-08-11 00:00:00-04:00,414.8078705152535,414.86394608441594,413.6863020866646,414.7704772949219,44034300
2021-08-12 00:00:00-04:00,414.6208372172166,416.15364514758056,413.72359979508303,416.013427734375,38909400
2021-08-13 00:00:00-04:00,416.46212471839107,416.7892511950456,415.9761269822574,416.77056884765625,39470300
2021-08-16 00:00:00-04:00,415.4713908619817,417.8827255582406,413.9199004513762,417.75189208984375,73740000
2021-08-17 00:00:00-04:00,415.2003062311289,415.8732414325838,412.0319231944984,415.0133972167969,92673900
2021-08-18 00:00:00-04:00,414.00400272308775,415.56484852636714,410.2281152693712,410.4710998535156,89351900
2021-08-19 00:00:00-04:00,407.7512775027748,412.30295243814317,407.61108861871384,411.1065979003906,92812200
2021-08-20 00:00:00-04:00,411.45246811100355,414.70496457219946,410.96644191047403,414.3778381347656,72008700
2021-08-23 00:00:00-04:00,416.06015823361497,418.9294809997778,414.4525924726287,418.02288818359375,54973000
2021-08-24 00:00:00-04:00,418.6865234375,419.21926979163254,418.1724879522138,418.6865234375,38744700
2021-08-25 00:00:00-04:00,418.87347636542324,420.0791294982954,418.49960124676494,419.5650939941406,40529700
2021-08-26 00:00:00-04:00,419.2846465858296,419.5183042507706,416.9948185830064,417.0882873535156,57829600
2021-08-27 00:00:00-04:00,417.89207569885787,421.1913209422029,417.8360001384459,420.8174743652344,77235100
2021-08-30 00:00:00-04:00,421.49038603704406,423.45311610967644,421.2473729404078,422.66802978515625,48357400
2021-08-31 00:00:00-04:00,422.57458594782264,422.9110393113264,421.44369077915854,422.0418395996094,59300200
2021-09-01 00:00:00-04:00,422.97650283531857,423.49053835442544,422.03251662178167,422.26617431640625,48721400
2021-09-02 00:00:00-04:00,423.6869057560907,424.3691680896962,422.3690727042691,423.5653991699219,42501000
2021-09-03 00:00:00-04:00,422.4343619875005,423.97649682090514,422.03244913978364,423.4624328613281,47170500
2021-09-07 00:00:00-04:00,423.1166526229062,423.21012139664674,421.27542901861193,421.9483642578125,51671500
2021-09-08 00:00:00-04:00,421.4156743425341,422.14468518971387,419.5183465302411,421.4343566894531,56181900
2021-09-09 00:00:00-04:00,421.2381203442714,422.98587540724486,419.3875410597101,419.63055419921875,57970400
2021-09-10 00:00:00-04:00,421.55586791625456,421.97643464658915,416.2004233686548,416.3219299316406,89948200
2021-09-13 00:00:00-04:00,419.3126944167152,419.5743898490149,415.0787903327298,417.3873291015625,83738600
2021-09-14 00:00:00-04:00,418.8266922544094,419.03231214319595,414.2470076652523,415.1349182128906,78197100
2021-09-15 00:00:00-04:00,415.55560256364544,419.09786180052765,414.4527449036436,418.6025085449219,78792200
2021-09-16 00:00:00-04:00,418.07903168064803,419.0510271190857,414.99473310868217,417.9388427734375,77786700
2021-09-17 00:00:00-04:00,417.1681649070518,417.59007902636665,413.5114041887088,413.8677062988281,118425000
2021-09-20 00:00:00-04:00,407.7543985068498,409.3296017705494,402.10987722418974,406.966796875,166445500
2021-09-21 00:00:00-04:00,409.30141250201683,410.59533949300106,406.0572382327374,406.5823059082031,92526100
2021-09-22 00:00:00-04:00,408.85136298150707,412.5831207202877,406.69483696311266,410.5484619140625,102350100
2021-09-23 00:00:00-04:00,412.4143728690153,417.14001100580157,412.17996661282217,415.5366516113281,76396000
2021-09-24 00:00:00-04:00,413.90516505538227,416.9337039803391,413.6895010133059,416.2210998535156,62094800
2021-09-27 00:00:00-04:00,415.18971469523467,416.3523605127942,414.33647253059087,415.03033447265625,61371100
2021-09-28 00:00:00-04:00,412.2642780676356,412.59245249230736,405.9353102459773,406.6666564941406,130436300
2021-09-29 00:00:00-04:00,408.045029638689,409.77964162679973,406.7886155612909,407.3511962890625,82329200
2021-09-30 00:00:00-04:00,408.82324196639286,409.5264607159928,402.03484612674845,402.3724060058594,140506000
2021-10-01 00:00:00-04:00,404.0976283486504,408.8326231008619,400.58153463739126,407.1542663574219,129240100
2021-10-04 00:00:00-04:00,405.9916879045195,406.89180003205087,399.76584320514337,401.9036560058594,128570000
2021-10-05 00:00:00-04:00,403.4037961536202,408.32632771246665,402.60683774485324,406.0854187011719,90682500
2021-10-06 00:00:00-04:00,402.49426854273986,407.97938044868795,400.8721956255004,407.7731018066406,113032200
2021-10-07 00:00:00-04:00,411.0454050378357,414.1301704422201,410.86725401277494,411.2985534667969,72437500
2021-10-08 00:00:00-04:00,412.06743842451107,412.45186810178103,409.92026919841044,410.5484619140625,74557400
2021-10-11 00:00:00-04:00,409.8921372238028,412.7987803671197,407.5105617770027,407.5762023925781,65233300
2021-10-12 00:00:00-04:00,408.4950547167105,408.89822655825884,405.78530500807835,406.5729064941406,71181200
2021-10-13 00:00:00-04:00,407.59502060171496,408.8514348679723,404.62276490258245,408.03570556640625,72974000
2021-10-14 00:00:00-04:00,411.6924184380236,415.049132337177,411.22360588560923,414.89910888671875,70236800
2021-10-15 00:00:00-04:00,417.0087938325293,418.4246169939427,416.3899577874224,418.0589294433594,66260200
2021-10-18 00:00:00-04:00,416.27735526871015,419.6340400404351,415.621006350095,419.2965087890625,62213200
2021-10-19 00:00:00-04:00,420.91859501540216,422.59692303340495,420.30911592133424,422.53131103515625,46996800
2021-10-20 00:00:00-04:00,422.9907287152216,424.4909342886698,422.87821830467027,424.1908874511719,49571600
2021-10-21 00:00:00-04:00,423.59081795122904,425.5223230800388,423.15951848148666,425.29730224609375,41305400
2021-10-22 00:00:00-04:00,424.8659833060559,426.3099336904653,422.91570745443045,424.8565979003906,58845100
2021-10-25 00:00:00-04:00,425.9443581792132,427.4633063660101,424.17226149929996,427.1351318359375,45214500
2021-10-26 00:00:00-04:00,428.68211402620443,429.89162954029996,427.14439546156063,427.5194396972656,56075100
2021-10-27 00:00:00-04:00,427.9789361517596,428.6446418796485,425.55046225853243,425.62548828125,72438000
2021-10-28 00:00:00-04:00,427.05064707991323,429.8072666921166,427.04129028806375,429.7322692871094,51437900
2021-10-29 00:00:00-04:00,427.43510150597126,430.8949400235168,427.14444004690756,430.6042785644531,70162400
2021-11-01 00:00:00-04:00,431.5887031868409,431.96377601475064,429.6197139105118,431.3449401855469,48433600
2021-11-02 00:00:00-04:00,431.51378609797507,433.398421537022,431.38250486096626,433.0889892578125,48908400
2021-11-03 00:00:00-04:00,432.5264031559585,436.1362651463071,432.08571825925554,435.73309326171875,52509800
2021-11-04 00:00:00-04:00,436.33313266603705,437.87085131761023,435.9862160130472,437.7864685058594,52847100
2021-11-05 00:00:00-04:00,440.00869977242445,441.2932415636286,437.7959183013962,439.30548095703125,66390600
2021-11-08 00:00:00-05:00,440.40250108208477,440.8994412181432,438.9960634954237,439.6805114746094,50405200
2021-11-09 00:00:00-05:00,440.04610633464074,440.2805125497324,436.8206745258563,438.22711181640625,51149100
2021-11-10 00:00:00-05:00,436.53942763125457,438.2271697715408,433.220255788708,434.7016906738281,69429700
2021-11-11 00:00:00-05:00,436.1925591246675,436.26758515556486,434.8236345082835,434.8423767089844,34848500
2021-11-12 00:00:00-05:00,436.1081354103615,438.6772187538003,435.1611250038921,438.1240234375,53466700
2021-11-15 00:00:00-05:00,439.40865589933867,439.568036148022,437.148975895969,438.27410888671875,46980500
2021-11-16 00:00:00-05:00,438.0114907479462,441.14315465497026,437.9364933419403,440.0086364746094,48857500
2021-11-17 00:00:00-05:00,439.74607145027005,439.9242224676994,438.32089192487604,438.9397277832031,47858300
2021-11-18 00:00:00-05:00,439.97114731825366,440.69313688366196,437.25204053194824,440.43060302734375,50625600
2021-11-19 00:00:00-05:00,440.31803734544474,441.5650945480242,439.2772873896782,439.6429748535156,57315600
2021-11-22 00:00:00-05:00,441.5182563851529,444.0029569483632,438.19905582510415,438.40533447265625,72762000
2021-11-23 00:00:00-05:00,438.0771663973215,439.8399060268832,435.4799553727706,438.9866638183594,73206500
2021-11-24 00:00:00-05:00,436.98951426235885,440.2805872370219,436.17378507370955,440.15869140625,61858800
2021-11-26 00:00:00-05:00,433.5016196517179,434.96431263450035,429.2166657377995,430.3418273925781,112669600
2021-11-29 00:00:00-05:00,435.12360436955294,437.45828126856935,432.9295654860119,435.62054443359375,86268800
2021-11-30 00:00:00-05:00,433.1827469437874,435.08612453579684,426.90064804249147,427.1444396972656,148559600
2021-12-01 00:00:00-05:00,432.84521097923056,435.6862135337651,422.2031616971008,422.4000549316406,131939200
2021-12-02 00:00:00-05:00,422.6156566962603,430.4354444700302,422.2218416711752,428.8695983886719,127637800
2021-12-03 00:00:00-05:00,430.5292522904625,431.58874442702455,420.9185967447433,425.1379089355469,137331600
2021-12-06 00:00:00-05:00,427.6789180869,432.0482542479885,425.2692148441158,430.1730041503906,98977500
2021-12-07 00:00:00-05:00,435.4424103932935,439.633595102183,430.0416814760553,439.0710144042969,95484700
2021-12-08 00:00:00-05:00,439.4648728181905,440.68377393878586,437.71148993714627,440.23370361328125,72238800
2021-12-09 00:00:00-05:00,438.94912708653544,440.3368223530035,437.06452034105865,437.26141357421875,61272600
2021-12-10 00:00:00-05:00,439.9617996675269,441.52761743144606,437.41145846142433,441.3775939941406,77159800
2021-12-13 00:00:00-05:00,440.86191039613635,441.2088270752524,437.18640772794674,437.46771240234375,87724700
2021-12-14 00:00:00-05:00,434.2047373052017,436.6894377150197,431.5418858646757,434.4578857421875,97264100
2021-12-15 00:00:00-05:00,434.5142572525721,441.4901620059094,432.00140011748897,441.24639892578125,116899300
2021-12-16 00:00:00-05:00,443.0933926959083,443.37466871193504,435.8080291263727,437.3551330566406,116568600
2021-12-17 00:00:00-05:00,434.28120719660683,437.2827414785998,430.9974086651927,432.7004699707031,135511600
2021-12-20 00:00:00-05:00,427.62893618734074,428.4945657060667,424.4862697414786,428.0993957519531,107134800
2021-12-21 00:00:00-05:00,431.5148036987446,435.84303638920795,429.35070171079593,435.701904296875,69806300
2021-12-22 00:00:00-05:00,435.44791327448115,440.17131633051764,435.25029960943573,440.05841064453125,58890200
2021-12-23 00:00:00-05:00,441.0558940038796,444.29265848850883,440.9524066704167,442.7966003417969,56439700
2021-12-27 00:00:00-05:00,444.17025861450196,449.11008378457836,444.12322414632985,449.06304931640625,56808600
2021-12-28 00:00:00-05:00,449.4958929694086,450.5214913868531,447.93396375035627,448.69610595703125,47274600
2021-12-29 00:00:00-05:00,448.7996209971791,450.28626060152465,447.8022490075834,449.27008056640625,54503000
2021-12-30 00:00:00-05:00,449.6934008752194,450.7001910745442,447.5669435079559,448.0279846191406,55329000
2021-12-31 00:00:00-05:00,447.5387725895835,448.68666632067624,446.6260799179109,446.89892578125,65237400
2022-01-03 00:00:00-05:00,448.15975083339737,449.61819265083415,445.8545162929149,449.4864501953125,72668200
2022-01-04 00:00:00-05:00,450.9072238974489,451.62233155714586,447.4822648058163,449.33587646484375,71178700
2022-01-05 00:00:00-05:00,448.969002462942,449.74056308734737,440.6136354927347,440.7077331542969,104538900
2022-01-06 00:00:00-05:00,440.24669721539595,443.0035835732876,437.93201531445186,440.2937316894531,86858900
2022-01-07 00:00:00-05:00,440.30313360714865,441.4792825603523,437.1980831419466,438.5530090332031,85111600
2022-01-10 00:00:00-05:00,435.36325245373706,438.22362566846715,429.62364055153137,438.0072326660156,119362000
2022-01-11 00:00:00-05:00,437.7437907456816,442.0908322693714,434.75164626994354,441.9967346191406,74303100
2022-01-12 00:00:00-05:00,443.7279505495623,445.2428449440867,441.23452115159574,443.1916198730469,67605400
2022-01-13 00:00:00-05:00,444.29258772329274,444.9418241930247,436.05954567988096,437.08514404296875,91173100
2022-01-14 00:00:00-05:00,433.94241224020107,437.6119903971506,432.7286187563213,437.26385498046875,95890900
2022-01-18 00:00:00-05:00,432.5781593461344,432.7851627070061,428.4098944174529,429.5201721191406,109709100
2022-01-19 00:00:00-05:00,431.0632487949444,432.455790611051,424.7873060995941,425.0601806640625,109357600
2022-01-20 00:00:00-05:00,426.94202425230395,431.6372011815895,418.2385229314581,420.3555908203125,122379700
2022-01-21 00:00:00-05:00,419.2358828982697,421.58818048554997,412.0755028255823,412.1037292480469,202271200
2022-01-24 00:00:00-05:00,406.5053054589265,414.36198622480896,395.90115681307793,413.8538818359375,251783900
2022-01-25 00:00:00-05:00,407.47441758472695,413.7409421509055,401.9135823339121,408.8011169433594,167997300
2022-01-26 00:00:00-05:00,414.6818862839636,417.80574473347866,403.5225703047687,407.7755432128906,186391100
2022-01-27 00:00:00-05:00,412.36723366568094,415.50048178403745,404.07773829561154,405.761962890625,149878300
2022-01-28 00:00:00-05:00,407.1168944257264,415.88626787051186,402.54404110046244,415.8392333984375,164457400
2022-01-31 00:00:00-05:00,415.17104738454265,423.6769623039199,413.825540245353,423.3288269042969,152251400
2022-02-01 00:00:00-05:00,424.0534262540882,426.82914917104256,420.5343978995624,426.1893310546875,123155400
2022-02-02 00:00:00-05:00,428.58854848498095,431.05375134845656,426.28328575044304,430.3292541503906,117361000
2022-02-03 00:00:00-05:00,424.3074813838875,426.20812763649417,419.37704575360794,420.2144775390625,118024400
2022-02-04 00:00:00-05:00,419.97923360740066,426.0293363499769,417.6080991681987,422.1903991699219,118454400
2022-02-07 00:00:00-05:00,422.95257835164983,424.3451203230606,419.5088108002381,420.83551025390625,84472900
2022-02-08 00:00:00-05:00,420.33680377789557,425.2201762493433,418.91600673505786,424.2980651855469,81012000
2022-02-09 00:00:00-05:00,428.32517855026134,430.82802671260504,428.1275935863995,430.50811767578125,92589900
2022-02-10 00:00:00-05:00,424.6744500762086,430.66810052892527,420.7790596867854,422.7738037109375,140103700
2022-02-11 00:00:00-05:00,422.85849404433793,424.92849902096657,413.0070690365457,414.437255859375,153214600
2022-02-14 00:00:00-05:00,413.9291255162954,415.5098626456239,409.6197001412661,413.082275390625,123006300
2022-02-15 00:00:00-05:00,417.5140448697904,419.9133771021189,416.99652213320917,419.7440185546875,88482700
2022-02-16 00:00:00-05:00,417.70221089727113,421.588211390658,415.82979106919817,420.2144775390625,84863600
2022-02-17 00:00:00-05:00,417.03413227878895,420.18621676202645,410.63589438127366,411.2380676269531,102259100
2022-02-18 00:00:00-05:00,411.49214366579196,412.74358216810356,406.3076988713617,408.5753173828125,132642900
2022-02-22 00:00:00-05:00,406.37355193227506,409.7702560003978,400.6997823601273,404.19061279296875,124391800
2022-02-23 00:00:00-05:00,407.0980794779474,407.6626367061376,396.45628627766916,397.0208435058594,132578000
2022-02-24 00:00:00-05:00,386.73658449661104,403.42850999389174,386.3790593344902,402.99566650390625,213942900
2022-02-25 00:00:00-05:00,404.2282639234101,411.97203889724267,402.5816554040874,411.8873596191406,121804500
2022-02-28 00:00:00-05:00,406.50529284633944,412.3107765451423,405.25388303089113,410.8335266113281,145615000
2022-03-01 00:00:00-05:00,409.3374644946176,411.3416268267393,401.8759540045587,404.576416015625,137785900
2022-03-02 00:00:00-05:00,406.82521187285215,413.7409734291532,406.07248803205465,412.01910400390625,117726500
2022-03-03 00:00:00-05:00,414.44671092760717,415.04888432726085,408.17076677861536,409.9679260253906,105501700
2022-03-04 00:00:00-05:00,406.2418557535522,407.7661402300269,402.60050312317946,406.6370544433594,113978200
2022-03-07 00:00:00-05:00,406.05356074725825,406.759249958647,394.5837564676544,394.6496276855469,137896600
2022-03-08 00:00:00-05:00,394.82845492231417,401.9700272063481,390.5943191141427,391.6575622558594,164772700
2022-03-09 00:00:00-05:00,400.0222969242245,404.13410814898197,397.83935806469975,402.1581726074219,116990800
2022-03-10 00:00:00-05:00,397.55714383339716,401.23614110856755,395.60004466085365,400.34228515625,93972700
2022-03-11 00:00:00-05:00,402.8262482347944,403.43783985789673,394.7437572588801,395.2518615722656,95636300
2022-03-14 00:00:00-04:00,396.0234704863825,399.46720926881693,391.22477713105775,392.36328125,95729200
2022-03-15 00:00:00-04:00,394.96955062340055,401.6218547157255,393.6993329697204,400.991455078125,106219100
2022-03-16 00:00:00-04:00,404.49170046381727,409.939601038674,399.7023972745846,409.8831481933594,144954800
2022-03-17 00:00:00-04:00,407.97302465046084,415.0111083984375,407.5966628313028,415.0111083984375,102676900
2022-03-18 00:00:00-04:00,413.4028912886427,419.87763507524926,412.66669551110175,419.5567321777344,106345500
2022-03-21 00:00:00-04:00,419.3867810928451,421.38772166865976,415.93231566706595,419.4339904785156,88349800
2022-03-22 00:00:00-04:00,420.8214384644653,425.27637447242336,420.8214384644653,424.34197998046875,74650400
2022-03-23 00:00:00-04:00,421.8125003060186,423.303758234989,418.79219389310117,418.87713623046875,79426100
2022-03-24 00:00:00-04:00,420.897026967389,425.2009454427064,419.78329999434203,425.1914978027344,64736900
2022-03-25 00:00:00-04:00,425.8238668662759,427.54166664957455,423.247167191328,427.2679443359375,77101300
2022-03-28 00:00:00-04:00,426.67326991890525,430.30706787109375,424.7855856636152,430.30706787109375,68529800
2022-03-29 00:00:00-04:00,434.18623279666707,436.12112638537604,431.50572468711965,435.63031005859375,86581500
2022-03-30 00:00:00-04:00,434.48834654789084,435.3000658769964,430.8356815763662,432.9404602050781,79666900
2022-03-31 00:00:00-04:00,432.1758685328461,432.9970065427643,425.8238008960685,426.27685546875,121699900
2022-04-01 00:00:00-04:00,427.8531604316954,427.9947310191564,423.91735408137134,427.4850769042969,89048800
2022-04-04 00:00:00-04:00,427.683210068739,431.2509323439472,426.86207198374484,431.1470947265625,59601000
2022-04-05 00:00:00-04:00,429.65584243367965,432.11925672118474,424.5591003737765,425.7011413574219,74214500
2022-04-06 00:00:00-04:00,421.7936427720497,423.71906006741074,418.5656898647818,421.44439697265625,106898000
2022-04-07 00:00:00-04:00,420.56664291276263,425.38024389891154,418.6223302828864,423.56805419921875,78097200
2022-04-08 00:00:00-04:00,422.8130169818533,425.3236408416978,420.8970183524694,422.43548583984375,79272700
2022-04-11 00:00:00-04:00,419.16972953989875,420.0097628914947,414.7148221783834,415.2150573730469,89770500
2022-04-12 00:00:00-04:00,418.19761946757274,420.71769099701174,412.12872059672054,413.6766357421875,84363600
2022-04-13 00:00:00-04:00,413.4312174671857,419.16976564370555,413.25188513631514,418.4147033691406,74070400
2022-04-14 00:00:00-04:00,418.64119283709516,419.7549485147844,413.1008437773758,413.2046813964844,97869500
2022-04-18 00:00:00-04:00,412.27962102654936,415.05451880621274,411.14699910693383,413.3744812011719,66002500
2022-04-19 00:00:00-04:00,413.2707073837323,420.76481631207815,413.10082271070314,420.0475158691406,77821000
2022-04-20 00:00:00-04:00,421.82193478222695,422.4354264021452,418.57511557097627,419.73602294921875,65224400
2022-04-21 00:00:00-04:00,423.3509483444846,424.7383973991878,412.55339229515056,413.45947265625,85417300
2022-04-22 00:00:00-04:00,412.3740611145033,413.47834025677906,401.5481909244776,402.114501953125,132471800
2022-04-25 00:00:00-04:00,399.87766866932645,404.61574651272133,395.3188943584106,404.44586181640625,119647700
2022-04-26 00:00:00-04:00,401.9162615672227,402.1144891433886,392.7043824228615,392.7326965332031,103996300
2022-04-27 00:00:00-04:00,393.80869150273776,399.169736833569,391.70394193167726,393.8370056152344,122030000
2022-04-28 00:00:00-04:00,398.57509707971343,405.51234242525084,394.14847523083597,403.78509521484375,105449100
2022-04-29 00:00:00-04:00,399.8021034252902,401.9540624319965,388.11733269096055,388.86297607421875,145491100
2022-05-02 00:00:00-04:00,388.92904179526005,392.56283983474725,382.2749373532382,391.2037048339844,158312500
2022-05-03 00:00:00-04:00,391.7039501067172,395.4037953011167,390.1465874755705,392.99700927734375,100028200
2022-05-04 00:00:00-04:00,393.65772495141096,405.5312769483244,390.4769810805958,404.9649658203125,144247900
2022-05-05 00:00:00-04:00,400.7082064100307,401.1329469341785,386.44676416954945,390.57135009765625,172929100
2022-05-06 00:00:00-04:00,388.01350785652954,391.50570647733946,382.9450801949944,388.2400207519531,151770800
2022-05-09 00:00:00-04:00,382.3505124543199,383.5869435337957,374.23346310540126,375.8096923828125,155586100
2022-05-10 00:00:00-04:00,381.7747206128694,383.2754262479383,372.6477827083813,376.677978515625,132497200
2022-05-11 00:00:00-04:00,375.7152782695393,381.35001745771194,369.94838734516037,370.69403076171875,142361000
2022-05-12 00:00:00-04:00,367.5038552140162,373.57275401716174,363.5208397349999,370.30706787109375,125090800
2022-05-13 00:00:00-04:00,374.43161982347493,380.53827982576547,373.3933876739787,379.1602783203125,104174400
2022-05-16 00:00:00-04:00,377.51798684544667,381.28390774009296,375.271637959596,377.6217956542969,78622400
2022-05-17 00:00:00-04:00,383.70016285890136,385.62560898408395,379.9719747013643,385.3896484375,83029700
2022-05-18 00:00:00-04:00,380.840309909265,381.12345103452697,368.61754246873323,369.8539733886719,117674500
2022-05-19 00:00:00-04:00,366.7959211904098,372.0059481432004,365.3707103676318,367.5887451171875,98510700
2022-05-20 00:00:00-04:00,371.16591037827914,374.7336324078952,359.1696852051724,367.74920654296875,131432200
2022-05-23 00:00:00-04:00,370.7695124155736,375.3943621595535,368.45711634736125,374.6298522949219,76414900
2022-05-24 00:00:00-04:00,370.5146932699092,372.95924112163084,365.22917116715337,371.77001953125,91448800
2022-05-25 00:00:00-04:00,370.2787563943249,377.0178039870792,369.8823587734453,375.0545959472656,91472900
2022-05-26 00:00:00-04:00,376.2815783765453,384.18153289436907,376.073931942696,382.5486755371094,82168300
2022-05-27 00:00:00-04:00,385.0026951176574,392.0531978674875,384.8044963104918,391.93994140625,84768700
2022-05-31 00:00:00-04:00,390.3259612932842,393.07254576990726,387.0036468547426,389.74078369140625,95937000
2022-06-01 00:00:00-04:00,391.8549734040455,392.8648626531449,384.07769419751776,386.58831787109375,86585800
2022-06-02 00:00:00-04:00,386.42792368449955,393.99752849345634,384.18157442197986,393.9503479003906,79609600
2022-06-03 00:00:00-04:00,389.240487364167,390.7884022780611,386.51279859544996,387.4849548339844,71874300
2022-06-06 00:00:00-04:00,391.48687393580764,393.21409252066996,387.49441098526677,388.664794921875,57508900
2022-06-07 00:00:00-04:00,385.18200495505744,392.84599895820924,384.7195026936411,392.3929443359375,59272400
2022-06-08 00:00:00-04:00,390.6845434619145,392.46841881070924,387.333915614858,388.1267395019531,64350000
2022-06-09 00:00:00-04:00,386.3523433395128,388.6175587452947,378.89599609375,378.89599609375,86289800
2022-06-10 00:00:00-04:00,372.70437142833873,373.55382355387263,367.862456867888,367.9096374511719,132893900
2022-06-13 00:00:00-04:00,358.5184668650851,360.3683895194282,352.3362831480851,353.9408264160156,170004900
2022-06-14 00:00:00-04:00,355.6869276147928,356.7157121238985,349.7784664118968,352.874267578125,104011800
2022-06-15 00:00:00-04:00,356.1683036625761,362.3410401471121,351.2225794060758,357.9049987792969,125666800
2022-06-16 00:00:00-04:00,349.7029069455722,350.10875209070366,343.63398102406296,346.0596618652344,134473300
2022-06-17 00:00:00-04:00,346.47397650063243,350.142419392661,343.30792965713135,346.80572509765625,111113900
2022-06-21 00:00:00-04:00,352.521725834006,356.92005638665404,352.44587608946637,355.5361022949219,76811900
2022-06-22 00:00:00-04:00,351.31777542093766,358.9959259866764,350.90068869887415,354.8914489746094,90059400
2022-06-23 00:00:00-04:00,357.0243625508475,359.1002793406204,353.46966494173824,358.3703918457031,79292100
2022-06-24 00:00:00-04:00,361.53644062032527,369.7738622299875,361.5080041964566,369.7643737792969,98050300
2022-06-27 00:00:00-04:00,370.68377119718616,370.97762381876527,367.26179695896616,368.3518981933594,66009600
2022-06-28 00:00:00-04:00,369.9064903475498,372.68388643941586,360.7116632691244,360.8254089355469,86548900
2022-06-29 00:00:00-04:00,361.37524766838453,362.3610628098229,358.71159702593604,360.5315856933594,65676000
2022-06-30 00:00:00-04:00,356.6451313576215,360.8349471944622,353.1567954408799,357.6025390625,112508300
2022-07-01 00:00:00-04:00,356.9484798436387,361.82079880218214,354.33221338787916,361.3847351074219,74839700
2022-07-05 00:00:00-04:00,356.30389388763615,362.0862071237408,353.4790840960441,362.0672302246094,81438000
2022-07-06 00:00:00-04:00,362.2094581257224,365.7736442291068,359.8302001680812,363.29010009765625,70426200
2022-07-07 00:00:00-04:00,365.06263643850446,369.5273277554807,363.30898013880693,368.7310791015625,64525900
2022-07-08 00:00:00-04:00,367.10068528955685,370.29519752923926,365.5745491503481,368.42779541015625,72397800
2022-07-11 00:00:00-04:00,365.7546798643806,366.72154716840924,363.52706364959664,364.21905517578125,58366900
2022-07-12 00:00:00-04:00,363.6692023712076,366.04848886653093,359.2518953418649,360.9960632324219,62219200
2022-07-13 00:00:00-04:00,355.56446938861467,362.0292847605267,355.14738265957544,359.1001892089844,84224600
2022-07-14 00:00:00-04:00,354.1521096552973,359.3087928722651,351.715979081912,358.2281799316406,89704800
2022-07-15 00:00:00-04:00,362.6265563284071,365.1859502897795,360.72125799807424,365.07220458984375,79060400
2022-07-18 00:00:00-04:00,368.1529146526756,368.82592927824663,360.83497625525047,362.05780029296875,63203600
2022-07-19 00:00:00-04:00,365.9726185323084,372.4089977632134,365.3185809223327,371.8402404785156,78506000
2022-07-20 00:00:00-04:00,372.02984989964705,375.62247177061846,370.66484393622255,374.2100524902344,71843800
2022-07-21 00:00:00-04:00,373.63188089355765,378.06813634762244,371.2336461823122,378.020751953125,64903900
2022-07-22 00:00:00-04:00,378.143943990978,379.3383025244326,372.29526973672574,374.5133972167969,72197300
2022-07-25 00:00:00-04:00,375.1390328241593,375.8215358224329,372.7313098957775,374.9684143066406,53631500
2022-07-26 00:00:00-04:00,373.3285714235852,373.537114847819,369.64118001606494,370.5322265625,52946400
2022-07-27 00:00:00-04:00,373.8214115297532,381.8977018374365,373.52755888438156,380.1535339355469,82342100
2022-07-28 00:00:00-04:00,380.95930457713075,385.61356292258694,377.4140666940386,384.9216003417969,73966600
2022-07-29 00:00:00-04:00,386.352936564959,391.51910833460266,385.585124244229,390.53326416015625,87003700
2022-08-01 00:00:00-04:00,387.84111510481983,391.8792599477975,387.13017574109546,389.3767395019531,69997500
2022-08-02 00:00:00-04:00,387.8127144423944,391.49064571833276,385.63251176391105,386.80792236328125,63435400
2022-08-03 00:00:00-04:00,388.93125481134643,394.0310649800449,388.6468906090099,392.8651428222656,67820600
2022-08-04 00:00:00-04:00,392.78932847212786,393.4718315474268,390.95985110646615,392.5997619628906,45656600
2022-08-05 00:00:00-04:00,388.3245873478551,392.5807353471059,388.26771450946586,391.9361572265625,56814900
2022-08-08 00:00:00-04:00,393.6235081493515,395.87007236927724,390.3816112599049,391.481201171875,53886100
2022-08-09 00:00:00-04:00,390.7512903773344,391.25368644325886,388.8554517997777,389.9266052246094,44931800
2022-08-10 00:00:00-04:00,396.96966387104465,398.2588492285253,395.01695232609546,398.11663818359375,68665700
2022-08-11 00:00:00-04:00,400.9603962309802,402.81833898357877,397.37726224840134,398.11663818359375,59489700
2022-08-12 00:00:00-04:00,400.050395788599,404.9606110010774,399.10247645360926,404.8563537597656,61694500
2022-08-15 00:00:00-04:00,402.64758104750285,407.04593950629265,402.5907082164146,406.5245666503906,54048300
2022-08-16 00:00:00-04:00,405.4535814834621,409.24525914057574,404.64784419568446,407.32098388671875,59289000
2022-08-17 00:00:00-04:00,403.7282975362389,407.1313242254354,402.42965277199465,404.42974853515625,63563400
2022-08-18 00:00:00-04:00,404.62877901944364,406.2876376325339,403.3396227828059,405.60516357421875,49023200
2022-08-19 00:00:00-04:00,402.8467811218481,403.1121973862413,399.282595061536,400.1546936035156,68016900
2022-08-22 00:00:00-04:00,395.3297635768896,395.5004110497399,390.921944270961,391.8224792480469,77695600
2022-08-23 00:00:00-04:00,391.39585573923233,393.7846307828097,390.3247023494631,390.87451171875,49105200
2022-08-24 00:00:00-04:00,390.6470127203874,393.49077064865355,389.96453858867704,392.12579345703125,49177800
2022-08-25 00:00:00-04:00,393.6139873082117,397.70900548583626,392.5238859364247,397.66162109375,50942300
2022-08-26 00:00:00-04:00,397.547891912805,398.0881839321778,384.1442990308555,384.201171875,103087000
2022-08-29 00:00:00-04:00,381.2531682301508,384.70357956798847,380.30524889484775,381.6607666015625,65370800
2022-08-30 00:00:00-04:00,382.81719520790887,383.0541750206006,375.3760233037477,377.4709167480469,85652400
2022-08-31 00:00:00-04:00,379.10137171228644,380.3431437236325,374.4660612189248,374.5987548828125,76029700
2022-09-01 00:00:00-04:00,372.42798580847113,376.1153764284115,369.7264103214383,375.7741394042969,78740100
2022-09-02 00:00:00-04:00,379.43310730382876,380.6464427581479,370.00129941700374,371.81182861328125,99632100
2022-09-06 00:00:00-04:00,372.6554995418325,373.5939303427136,368.19080797230174,370.408935546875,76637400
2022-09-07 00:00:00-04:00,370.0961715004415,377.8311974242417,369.87816854830936,377.0633850097656,70964200
2022-09-08 00:00:00-04:00,374.79784580059123,379.9829368756566,373.59396971166063,379.5279541015625,80821700
2022-09-09 00:00:00-04:00,381.7650275183075,386.28662130528346,381.49961125899546,385.42401123046875,76706900
2022-09-12 00:00:00-04:00,387.49043025851944,390.2868036201907,387.1870891554379,389.5663757324219,69256300
2022-09-13 00:00:00-04:00,380.90236081015905,382.10623671263886,371.5085069603833,372.6270446777344,122947100
2022-09-14 00:00:00-04:00,373.92568555402255,375.56559617352946,370.7501504689949,374.0489196777344,85023700
2022-09-15 00:00:00-04:00,372.4943947202488,375.3381528851013,368.53209861998994,369.80230712890625,87633800
2022-09-16 00:00:00-04:00,365.6295206827052,367.63783250475103,363.6973120856197,366.9810791015625,103084800
2022-09-19 00:00:00-04:00,363.84014194343365,369.8270263671875,363.763980617156,369.8270263671875,73278500
2022-09-20 00:00:00-04:00,366.5051690967704,367.51408871168167,362.83118428153335,365.5819091796875,77274900
2022-09-21 00:00:00-04:00,367.5044931555799,370.5503062887624,359.19518448928153,359.2047119140625,106746600
2022-09-22 00:00:00-04:00,358.4337649769324,360.0708846733697,355.44508694272207,356.1875,89472600
2022-09-23 00:00:00-04:00,352.722940486398,352.7610211494688,345.78424282582023,350.2196960449219,122346900
2022-09-26 00:00:00-04:00,348.7538794551558,352.3707580104209,345.53674617910787,346.75506591796875,92581200
2022-09-27 00:00:00-04:00,350.2862710344236,352.5515910179344,343.4808127042095,345.869873046875,108294100
2022-09-28 00:00:00-04:00,346.82173847556913,354.36008362291216,345.1275119459914,352.6753845214844,110802200
2022-09-29 00:00:00-04:00,349.13459770031216,349.42013004160674,342.3672197883283,345.3083190917969,112952300
2022-09-30 00:00:00-04:00,344.36596930372804,348.2779362644351,339.83535868204586,339.9685974121094,153711200
2022-10-03 00:00:00-04:00,343.6806581182504,350.79070306991537,341.9007722856018,348.9441833496094,89756500
2022-10-04 00:00:00-04:00,354.45522944852485,359.78538917158465,348.9061712798272,359.7568359375,103602800
2022-10-05 00:00:00-04:00,355.39758915348943,361.17507392455065,353.07516233117366,358.9192810058594,88065700
2022-10-06 00:00:00-04:00,357.52004633285617,360.4706728707626,354.7217133827097,355.2166748046875,82333500
2022-10-07 00:00:00-04:00,351.19051769873397,355.30235769557754,343.547458861724,345.3083190917969,107789500
2022-10-10 00:00:00-04:00,346.42192984075376,346.65988314467035,340.43504562807703,342.6717834472656,76042800
2022-10-11 00:00:00-04:00,340.97758511374974,345.5367789247286,338.5694986420496,340.5016784667969,92482800
2022-10-12 00:00:00-04:00,340.91091321016154,342.48139902682294,339.1309983011124,339.37847900390625,76991800
2022-10-13 00:00:00-04:00,332.3826842498608,349.8008834901985,331.3356839052994,348.3350830078125,147254500
2022-10-14 00:00:00-04:00,350.79069404097305,352.41831529855494,339.7591840858435,340.39691162109375,123737000
2022-10-17 00:00:00-04:00,346.4695113964719,350.24821073516875,340.0637984886666,349.14410400390625,93168200
2022-10-18 00:00:00-04:00,357.0536821558411,357.35826934412756,349.81036876588746,353.2464294433594,97162900
2022-10-19 00:00:00-04:00,351.2094821189524,353.9316825006344,347.93524295824557,350.74310302734375,79746900
2022-10-20 00:00:00-04:00,350.29577817467606,354.71220495349155,347.0405645534775,347.8020324707031,88283100
2022-10-21 00:00:00-04:00,347.52595152519365,356.7394942245686,346.0220997935255,356.25408935546875,131038400
2022-10-24 00:00:00-04:00,357.77707959447656,361.74612439325887,355.13101099924324,360.61346435546875,85436900
2022-10-25 00:00:00-04:00,360.53729867069814,366.68600327248134,360.4230857441992,366.3719177246094,78846300
2022-10-26 00:00:00-04:00,363.23094435236135,368.9037428227225,362.97396524839513,363.6116638183594,104087300
2022-10-27 00:00:00-04:00,364.6111129190357,366.44810554176166,361.0513115703601,361.6700134277344,81971800
2022-10-28 00:00:00-04:00,361.5652086354592,370.7501985039981,361.3843618372089,370.2742919921875,100302000
2022-10-31 00:00:00-04:00,367.81865891657014,369.6842044707059,366.69552642305183,367.5997314453125,96631300
2022-11-01 00:00:00-04:00,371.34045662683894,371.5784099530066,364.82052968043666,365.9912414550781,85407600
2022-11-02 00:00:00-04:00,365.4010855031739,369.90317244332704,356.7015278683844,356.80621337890625,126990400
2022-11-03 00:00:00-04:00,353.56999750398336,356.1684576069525,351.0191454820897,353.1321716308594,87100100
2022-11-04 00:00:00-04:00,358.8335469874606,360.61343287804317,352.170855133582,358.2148742675781,103505200
2022-11-07 00:00:00-05:00,359.50933724612685,362.231537963315,357.4343915475703,361.64141845703125,68286900
2022-11-08 00:00:00-05:00,362.74552365571884,366.5623039769019,359.5188919325988,363.5926513671875,84641100
2022-11-09 00:00:00-05:00,361.62234147920316,362.77405623568103,355.60687575970667,356.1018371582031,78495500
2022-11-10 00:00:00-05:00,369.3510591794325,376.00425245255667,367.0572151863192,375.6711120605469,141455800
2022-11-11 00:00:00-05:00,376.5278212790889,380.106648595616,374.64322048105964,379.30712890625,93839900
2022-11-14 00:00:00-05:00,377.5462142284,380.89658611860307,375.8043798668183,376.0804138183594,71903500
2022-11-15 00:00:00-05:00,381.8198514474499,382.9239582221826,375.4807721813481,379.28802490234375,93194500
2022-11-16 00:00:00-05:00,377.6604299906343,378.61224316456577,375.76633106956126,376.39453125,68508500
2022-11-17 00:00:00-05:00,371.6449756187588,375.9186366580597,371.3404174691277,375.2428283691406,74496300
2022-11-18 00:00:00-05:00,378.5741867367159,378.6408206344442,374.1006819611119,376.94659423828125,92922500
2022-11-21 00:00:00-05:00,375.6235663390515,376.7466989172969,373.73896579052973,375.5759582519531,51243200
2022-11-22 00:00:00-05:00,377.5176474312929,380.79188693120494,376.1089535381112,380.63006591796875,60429000
2022-11-23 00:00:00-05:00,380.29692789864373,383.51406095455076,380.06850204043604,383.0286560058594,68261600
2022-11-25 00:00:00-05:00,382.4670560829331,383.4950305265415,382.191051189936,382.9429626464844,30545400
2022-11-28 00:00:00-05:00,379.8590951809206,381.4962149118125,376.0708685003482,376.83233642578125,67881600
2022-11-29 00:00:00-05:00,376.9655537509073,378.1553200852392,374.34806781537714,376.1850891113281,52310000
2022-11-30 00:00:00-05:00,376.43252267362675,388.0351257324219,374.5193982519049,388.0351257324219,144566700
2022-12-01 00:00:00-05:00,389.0726695441886,390.24341023181614,385.2463909544575,387.7496643066406,76398200
2022-12-02 00:00:00-05:00,382.86691453120744,388.2065734053355,382.76222900679136,387.3023681640625,85342700
2022-12-05 00:00:00-05:00,384.4849116571129,385.41766990087285,378.98343312541476,380.3349914550781,77289800
2022-12-06 00:00:00-05:00,380.1732617355015,380.7157732131678,372.76815579992063,374.85260009765625,77972200
2022-12-07 00:00:00-05:00,374.00541320457194,376.5753199966367,373.0821534063739,374.2148132324219,65927900
2022-12-08 00:00:00-05:00,376.0995130057314,378.21251059995166,374.3195977744953,377.146484375,60737900
2022-12-09 00:00:00-05:00,375.909145637889,378.45999830118234,374.2053917040091,374.3291320800781,81447700
2022-12-12 00:00:00-05:00,375.11908962319546,379.72589111328125,374.45283780553007,379.72589111328125,75405800
2022-12-13 00:00:00-05:00,390.45276931962,390.70974839855415,379.84005911089247,382.6003112792969,123782500
2022-12-14 00:00:00-05:00,382.2576124071932,385.9601789916347,377.2130150280867,380.15411376953125,108111300
2022-12-15 00:00:00-05:00,375.29987006418787,376.2041040710259,369.19877403899443,370.85491943359375,117705900
2022-12-16 00:00:00-05:00,368.3028464297516,369.6414978313406,364.34426091502326,366.4765319824219,119858000
2022-12-19 00:00:00-05:00,366.6678340994925,367.00250429400353,361.70523742151596,363.3689880371094,79878100
2022-12-20 00:00:00-05:00,362.61364283927566,365.482194633709,361.2941043449694,363.8662414550781,74427200
2022-12-21 00:00:00-05:00,366.45747677877307,370.43520527298585,365.9220161334383,369.3069152832031,78167400
2022-12-22 00:00:00-05:00,366.2662563964438,369.28780122976565,358.3490543275083,364.0383605957031,100120900
2022-12-23 00:00:00-05:00,363.01518610522345,366.27577647509355,361.466172965727,366.1323547363281,59857300
2022-12-27 00:00:00-05:00,366.0176778685383,366.36189009849295,363.01524613197586,364.6885681152344,51638200
2022-12-28 00:00:00-05:00,364.6216127041186,366.59137848650926,359.9267751898031,360.15625,70911500
2022-12-29 00:00:00-05:00,362.9960715854847,367.50926042450396,362.47015297141144,366.6391296386719,66970900
2022-12-30 00:00:00-05:00,363.9618223377231,365.8167920978852,361.8486350909296,365.6733703613281,84022200
2023-01-03 00:00:00-05:00,367.52838265402187,369.4981190554035,361.2749320892196,364.1339416503906,74850700
2023-01-04 00:00:00-05:00,366.3905873546689,368.9722958919306,363.3499291613042,366.9451904296875,85934100
2023-01-05 00:00:00-05:00,364.9945470716449,365.10928447945327,362.1642506841692,362.757080078125,76970500
2023-01-06 00:00:00-05:00,365.845539153224,372.1946147969525,362.7857679206914,371.07586669921875,104189600
2023-01-09 00:00:00-05:00,373.26550947515705,376.44961824670435,370.6838304181261,370.865478515625,73978100
2023-01-10 00:00:00-05:00,370.28216841393834,373.5331874264222,369.3450978055792,373.46624755859375,65358100
2023-01-11 00:00:00-05:00,375.0439955334967,378.26633038365287,374.2312334389066,378.1898193359375,68881100
2023-01-12 00:00:00-05:00,379.2895306207411,381.02976337180365,375.2257485082276,379.5668029785156,90157700
2023-01-13 00:00:00-05:00,376.3730941204777,381.61299228704434,376.10536380133436,381.0392761230469,63903900
2023-01-17 00:00:00-05:00,381.0201896884126,382.6935115955875,379.6623956443495,380.3412780761719,62677300
2023-01-18 00:00:00-05:00,381.5269162830095,382.58826631918953,374.1356048315,374.3363952636719,99632300
2023-01-19 00:00:00-05:00,372.2997219516563,373.9443593060729,370.2917592534764,371.6112976074219,86958900
2023-01-20 00:00:00-05:00,373.00734634342695,378.68708106087394,371.36270886328373,378.5340881347656,91806400
2023-01-23 00:00:00-05:00,379.3373059432333,385.0074698849866,378.3811219727352,383.07598876953125,84178800
2023-01-24 00:00:00-05:00,381.40265563212273,383.57318267652687,380.21699688122226,382.6648254394531,59524900
2023-01-25 00:00:00-05:00,378.6010846087599,383.14295882633485,376.31579073268307,382.80828857421875,84800300
2023-01-26 00:00:00-05:00,385.46642861189923,387.17800600043023,382.5022526217131,387.01544189453125,72287400
2023-01-27 00:00:00-05:00,385.97321255052447,390.2760402786123,385.7628509166012,387.9046936035156,68346200
2023-01-30 00:00:00-05:00,385.1508473703547,387.37877210654403,382.7412745466371,383.0376892089844,74202000
2023-01-31 00:00:00-05:00,383.5540574493801,388.7174447402499,383.20981606709955,388.6696472167969,86811800
2023-02-01 00:00:00-05:00,387.45531934075285,395.5446571758706,384.7206470447407,392.8003845214844,101459200
2023-02-02 00:00:00-05:00,396.68245506156615,399.9813013244029,394.78922953717114,398.5183410644531,101654500
2023-02-03 00:00:00-05:00,393.55570061661354,398.69997431086017,393.07760869975664,394.28240966796875,94736800
2023-02-06 00:00:00-05:00,391.8346069060138,393.26888274999055,390.21865378736663,391.8728332519531,60295300
2023-02-07 00:00:00-05:00,390.9549267928235,398.24104381969875,389.7118993305467,396.9980163574219,90990700
2023-02-08 00:00:00-05:00,395.02829871801737,396.36695047559357,391.9684982603406,392.6569519042969,76227500
2023-02-09 00:00:00-05:00,396.2522033663381,396.4051963035193,388.0290153704697,389.2529296875,78694900
2023-02-10 00:00:00-05:00,388.0768126828916,390.5437836705012,387.2640796514173,390.16131591796875,70769700
2023-02-13 00:00:00-05:00,390.8115223602018,394.8753043260224,390.352543539111,394.7414245605469,64913500
2023-02-14 00:00:00-05:00,393.22101173495633,396.8640696336887,390.61064866854656,394.5596923828125,88389300
2023-02-15 00:00:00-05:00,392.3700815999979,395.91751581058026,391.5286350725414,395.8410339355469,61555700
2023-02-16 00:00:00-05:00,390.8783796232902,394.81785216860595,390.25686599597043,390.3907165527344,76431500
2023-02-17 00:00:00-05:00,388.2680643786122,389.6545428210452,386.34612524209655,389.4154968261719,89257800
2023-02-21 00:00:00-05:00,385.39950609313314,386.4513142893378,381.34529542458307,381.60345458984375,82655900
2023-02-22 00:00:00-05:00,382.01458672604707,383.55405800104023,379.624126941612,381.0775451660156,83742300
2023-02-23 00:00:00-05:00,383.96523503521115,384.5772067863999,378.88790045751995,383.10467529296875,96242400
2023-02-24 00:00:00-05:00,378.0942481460913,379.84405183245593,376.3922419822525,379.0121765136719,108194400
2023-02-27 00:00:00-05:00,382.3492579579314,383.7070519585176,379.365968807818,380.30303955078125,80444700
2023-02-28 00:00:00-05:00,379.82492994288907,381.78509520813367,378.7922350201957,378.8974304199219,96438600
2023-03-01 00:00:00-05:00,378.0846868266854,379.30860107550785,376.1436346387775,377.44403076171875,99706800
2023-03-02 00:00:00-05:00,375.4743186281051,381.2209936912257,375.1396483986959,380.3795471191406,85127800
2023-03-03 00:00:00-05:00,382.1962660076362,386.7285976253681,381.54606794616154,386.47998046875,90120000
2023-03-06 00:00:00-05:00,387.3023155770407,389.5971805098177,386.30790523195174,386.74774169921875,72795900
2023-03-07 00:00:00-05:00,386.69995200651795,386.9389980101572,380.2074543771584,380.81939697265625,108310600
2023-03-08 00:00:00-05:00,380.93414163742426,382.1962822868647,379.21299300204765,381.44091796875,74746600
2023-03-09 00:00:00-05:00,382.2249589763906,383.88873887527785,373.41851305631604,374.40338134765625,111945300
2023-03-10 00:00:00-05:00,373.8583475978051,375.93327957719293,367.4806170891498,369.0009460449219,189253000
2023-03-13 00:00:00-04:00,365.08059523708437,373.28466995051247,363.97141834242984,368.47503662109375,157790000
2023-03-14 00:00:00-04:00,373.38980130348455,376.21055539266825,370.0909552792131,374.56591796875,149752400
2023-03-15 00:00:00-04:00,368.98178810972763,372.4240265155613,366.8972852061237,372.2232360839844,172996900
2023-03-16 00:00:00-04:00,369.87107021323396,379.0982391870772,369.36429390384325,378.7539978027344,143254200
2023-03-17 00:00:00-04:00,377.4255889740926,378.55818505074,372.9431553160695,374.3253173828125,140553400
2023-03-20 00:00:00-04:00,375.1028314855244,378.3374942216171,374.4021719427654,377.92474365234375,93055800
2023-03-21 00:00:00-04:00,381.28415054635593,383.3670015855469,379.69082383763816,382.8870849609375,91524200
2023-03-22 00:00:00-04:00,382.7143506832372,386.3233040523079,376.3218572494295,376.3602294921875,111746600
2023-03-23 00:00:00-04:00,379.22048781510506,383.25179889041164,374.6708879123496,377.37762451171875,119351300
2023-03-24 00:00:00-04:00,376.10105243097433,379.94038538264834,373.7590569871103,379.85400390625,107682400
2023-03-27 00:00:00-04:00,382.1288028794633,382.8966870426311,379.6716321408978,380.56427001953125,74010400
2023-03-28 00:00:00-04:00,379.87314668350865,380.564227707631,377.8767066648121,379.7099914550781,62871700
2023-03-29 00:00:00-04:00,383.86611930354206,385.4690537806492,382.6663276952182,385.2290954589844,77497900
2023-03-30 00:00:00-04:00,387.8589388033637,388.1085047730431,385.6225406555873,387.484619140625,69840000
2023-03-31 00:00:00-04:00,388.4061147934353,393.24368242982905,388.30051790737826,392.9461364746094,112062600
2023-04-03 00:00:00-04:00,392.4278257842298,394.84659500245755,392.03429064106433,394.4434814453125,67391100
2023-04-04 00:00:00-04:00,395.08658715925804,395.3745547308176,390.8825125238686,392.2550964355469,66601500
2023-04-05 00:00:00-04:00,391.52554275858984,392.2838191469049,389.577082640603,391.2279968261719,65200200
2023-04-06 00:00:00-04:00,390.43131081559227,393.03247968178334,389.3850962213968,392.7541198730469,63743300
2023-04-10 00:00:00-04:00,390.27775752337686,393.23406013832266,389.66347951634174,393.1572570800781,63681000
2023-04-11 00:00:00-04:00,393.78116601430696,394.6641961280183,392.4949930804865,393.2628479003906,59297900
2023-04-12 00:00:00-04:00,395.32654344418415,395.6145110142537,391.0744888814298,391.65997314453125,86420400
2023-04-13 00:00:00-04:00,392.744460323575,397.21728562329884,391.60225670902986,396.8621520996094,85814800
2023-04-14 00:00:00-04:00,396.2287697684171,398.4171884519207,393.5892282764297,395.892822265625,78161500
2023-04-17 00:00:00-04:00,395.8064093482449,397.3325406110166,394.577824032139,397.3133544921875,66436400
2023-04-18 00:00:00-04:00,398.88753782707477,399.02192855853326,396.20001611580255,397.57257080078125,63560000
2023-04-19 00:00:00-04:00,395.6624479202901,398.4075568472331,395.60486027089866,397.5053405761719,55227300
2023-04-20 00:00:00-04:00,394.6929585087422,397.0829628319808,393.79071305675006,395.3360595703125,75840400
2023-04-21 00:00:00-04:00,395.63370284019766,396.104011798768,393.6948500576411,395.643310546875,73457400
2023-04-24 00:00:00-04:00,395.44166194381876,396.4782981802782,394.1075090570705,396.05596923828125,64332100
2023-04-25 00:00:00-04:00,394.0883231137075,394.6450428024144,389.7114858346393,389.7690734863281,97766700
2023-04-26 00:00:00-04:00,390.38329370722647,391.4583020212297,387.56138223707813,388.1180725097656,80447000
2023-04-27 00:00:00-04:00,390.652086810784,396.11353970438057,390.40252082176045,395.84478759765625,92968400
2023-04-28 00:00:00-04:00,394.9617875942257,399.23305741321724,394.90419994068407,399.22344970703125,89433100
2023-05-01 00:00:00-04:00,398.78184994003936,400.8454851986158,398.5898716077984,398.82025146484375,62122300
2023-05-02 00:00:00-04:00,398.1099974743272,398.1580067083917,391.43917444922255,394.3378601074219,103998500
2023-05-03 00:00:00-04:00,394.83706572730574,397.2462570101168,391.3912672284238,391.6312255859375,91531800
2023-05-04 00:00:00-04:00,390.5849881625461,390.9113279949509,387.5231173537068,388.8572998046875,94901900
2023-05-05 00:00:00-04:00,392.48538864162396,397.1021838881152,392.22624422840113,396.05596923828125,87891800
2023-05-08 00:00:00-04:00,396.3823933168665,396.64153778521086,394.76027255638553,396.16162109375,50046800
2023-05-09 00:00:00-04:00,394.61626426292884,395.53769601743005,394.19393527299343,394.4242858886719,49220100
2023-05-10 00:00:00-04:00,397.2557167367632,397.8892100796329,392.4469436701226,396.26708984375,96142900
2023-05-11 00:00:00-04:00,395.4032868637811,395.8639880395315,393.5028066384593,395.5760498046875,70157100
2023-05-12 00:00:00-04:00,396.8142503993596,397.0254148728848,392.63897016343816,395.0577392578125,70481500
2023-05-15 00:00:00-04:00,395.6624389099318,396.8238288685914,393.75238023444746,396.42071533203125,54289400
2023-05-16 00:00:00-04:00,395.31689334176326,396.2383543170176,393.761968222226,393.7715759277344,57705500
2023-05-17 00:00:00-04:00,395.78718962241436,399.15618392738526,394.1458832024653,398.551513671875,87287000
2023-05-18 00:00:00-04:00,398.234744921799,402.81316752783374,398.01400205687503,402.3908386230469,97177200
2023-05-19 00:00:00-04:00,403.29314851307697,403.8210450825171,400.5864117249465,401.8053894042969,103793300
2023-05-22 00:00:00-04:00,401.8246282749285,403.5043365562108,400.5864351115969,401.9685974121094,60745400
2023-05-23 00:00:00-04:00,400.3271976557855,401.90133808318683,397.06377080135275,397.4573059082031,86383500
2023-05-24 00:00:00-04:00,395.8543837451471,396.2383111304324,393.41639944632345,394.5777893066406,89213700
2023-05-25 00:00:00-04:00,398.0811934806872,399.4441694496832,395.84479511708275,397.99481201171875,90961600
2023-05-26 00:00:00-04:00,398.64748907245814,403.8689837488059,398.57071530888675,403.14910888671875,93830000
2023-05-30 00:00:00-04:00,405.0784624260676,405.606359045202,401.92060254264607,403.3027648925781,72216000
2023-05-31 00:00:00-04:00,401.4790359496369,402.3812815149699,399.50178187032054,401.0663146972656,110811800
2023-06-01 00:00:00-04:00,401.29661257093727,405.9326227931181,400.0488412722422,404.8768005371094,88865000
2023-06-02 00:00:00-04:00,407.44919955900986,411.5188830151562,406.92130300774403,410.7318420410156,91426200
2023-06-05 00:00:00-04:00,411.0774205267335,412.36359368369943,409.24413533747776,409.94482421875,65460200
2023-06-06 00:00:00-04:00,409.53201283462573,411.36526832885664,408.87930404707026,410.8373718261719,64022200
2023-06-07 00:00:00-04:00,411.2309384070294,412.3635345526036,408.9945106484148,409.4168395996094,85373300
2023-06-08 00:00:00-04:00,409.4840283285931,412.344341762355,408.71617349799953,411.8932189941406,61952800
2023-06-09 00:00:00-04:00,412.689850828952,414.63831094166113,411.6436362158996,412.63226318359375,85742800
2023-06-12 00:00:00-04:00,413.6113761039967,416.45247445367045,412.89150113320926,416.37567138671875,76104300
2023-06-13 00:00:00-04:00,417.83464596394765,419.7638910098273,417.17235863286135,419.1208190917969,95899700
2023-06-14 00:00:00-04:00,419.45674831132544,421.42439480568777,416.1741056268984,419.6199035644531,100612100
2023-06-15 00:00:00-04:00,418.8040313332803,426.06997610483035,418.7080714411939,424.82220458984375,110303100
2023-06-16 00:00:00-04:00,426.80488011436864,427.3732818174655,422.90312715218045,423.37518310546875,114165800
2023-06-20 00:00:00-04:00,421.4387253030806,422.32503554227975,419.1072877770987,421.1785888671875,76160400
2023-06-21 00:00:00-04:00,420.1958856547502,420.9954934589653,418.43284996744785,419.0205383300781,76982300
2023-06-22 00:00:00-04:00,418.06681362984074,420.6390713007603,417.72961825633774,420.5331115722656,70637200
2023-06-23 00:00:00-04:00,417.08416191308544,419.1362056994903,416.64100677536294,417.3539123535156,92074500
2023-06-26 00:00:00-04:00,416.7854848977608,418.70263864501453,415.4078319979814,415.648681640625,72823600
2023-06-27 00:00:00-04:00,416.52543732038123,420.82218732627064,416.07263875155775,420.20562744140625,72813700
2023-06-28 00:00:00-04:00,419.1265310456325,421.4290677123489,418.509971256602,420.4175109863281,75636000
2023-06-29 00:00:00-04:00,420.0031925590313,422.2382840858477,419.5985816622902,422.0744934082031,67882300
2023-06-30 00:00:00-04:00,425.2827088718478,428.0380149404403,424.9647708481831,427.05535888671875,104964000
2023-07-03 00:00:00-04:00,426.70853977944085,427.82605633249915,426.4291459408796,427.54669189453125,32793400
2023-07-05 00:00:00-04:00,425.7354801650757,427.6430199831629,425.7258367708566,426.91082763671875,58418400
2023-07-06 00:00:00-04:00,423.3366648166022,423.9917688689175,421.063028622468,423.56787109375,80658300
2023-07-07 00:00:00-04:00,422.5755319557256,426.438769743823,422.2575939538954,422.4984436035156,86134200
2023-07-10 00:00:00-04:00,422.14203044995077,423.74127580161087,421.5736287515659,423.56787109375,62443500
2023-07-11 00:00:00-04:00,424.32893908451956,426.7566930521444,423.3558970583311,426.2653503417969,64463800
2023-07-12 00:00:00-04:00,430.0514894814251,431.1015903646367,428.62564905437046,429.69500732421875,91924500
2023-07-13 00:00:00-04:00,431.506253963796,433.89549322497544,431.0727422071223,433.1054992675781,72425200
2023-07-14 00:00:00-04:00,433.991813962652,434.83958003816,432.07463074719146,432.8357238769531,69815800
2023-07-17 00:00:00-04:00,432.6911892645716,435.3886934056767,432.6430016974079,434.3385925292969,52680200
2023-07-18 00:00:00-04:00,434.0110663595222,438.2114701147798,433.5775252322227,437.5660095214844,80668200
2023-07-19 00:00:00-04:00,438.3559534009252,439.7239627832137,437.48887124527397,438.53900146484375,65891700
2023-07-20 00:00:00-04:00,437.546822172173,438.44277595137646,434.9167330067793,435.629638671875,70591600
2023-07-21 00:00:00-04:00,437.3444872667297,437.546822172173,435.6200246768038,435.629638671875,71275600
2023-07-24 00:00:00-04:00,436.7760157789645,438.38490436691495,435.74517222742827,437.5756530761719,54023400
2023-07-25 00:00:00-04:00,437.30596920574715,440.0227313093904,437.25778162836633,438.77032470703125,55191200
2023-07-26 00:00:00-04:00,437.83576473919794,440.263518637083,436.7856637889011,438.83770751953125,71052900
2023-07-27 00:00:00-04:00,442.2192143317386,442.6238546795818,435.02262562113657,435.92822265625,92194400
2023-07-28 00:00:00-04:00,439.1941327220315,441.0245840745933,435.92819754722996,440.1960754394531,80011800
2023-07-31 00:00:00-04:00,440.66814456102355,441.39069349037516,439.35790721415856,441.03424072265625,62040400
2023-08-01 00:00:00-04:00,439.5698819163366,440.51402315707037,438.81843216166044,439.772216796875,55291500
2023-08-02 00:00:00-04:00,436.6604008783812,436.9205079074881,432.90315234388123,433.65460205078125,93933400
2023-08-03 00:00:00-04:00,431.64112757810364,434.2904737931767,430.9956375639887,432.4118347167969,64276100
2023-08-04 00:00:00-04:00,434.2230384704291,436.3232404604835,429.9359027397443,430.4561462402344,100128900
2023-08-07 00:00:00-04:00,432.28655130575453,434.3674956833761,431.5929031798807,434.2133483886719,58357500
2023-08-08 00:00:00-04:00,431.67967473239247,434.20380401220746,428.9725267488997,432.3251647949219,71361300
2023-08-09 00:00:00-04:00,432.59491357535535,432.75870428928835,428.6738738420237,429.4349670410156,78789600
2023-08-10 00:00:00-04:00,431.7856591547792,435.167197948671,428.4234071509756,429.589111328125,93005500
2023-08-11 00:00:00-04:00,427.72008989099777,430.3501787286785,427.1227874459535,429.3385925292969,68690900
2023-08-14 00:00:00-04:00,428.4233935882657,431.70855712890625,428.11509896255956,431.70855712890625,47867400
2023-08-15 00:00:00-04:00,429.935919835655,430.292402044995,426.1112258867205,426.6796569824219,75707500
2023-08-16 00:00:00-04:00,426.26534575201464,427.9223925566891,423.44259484772283,423.548583984375,80107200
2023-08-17 00:00:00-04:00,425.0129750031002,425.2730820684876,419.8009844959738,420.32122802734375,95711300
2023-08-18 00:00:00-04:00,417.5080258452247,421.5543115245304,417.1612164787308,420.5234680175781,98852000
2023-08-21 00:00:00-04:00,421.5350602162778,424.00135836533855,419.3867000805202,423.2595520019531,68719000
2023-08-22 00:00:00-04:00,425.0321947779214,425.0321947779214,421.55433988295033,422.11309814453125,64994200
2023-08-23 00:00:00-04:00,423.17286834168584,427.4311034249485,423.0283644204359,426.81451416015625,68441000
2023-08-24 00:00:00-04:00,428.41372832126285,428.9243284062607,420.8703007742917,420.89923095703125,88517300
2023-08-25 00:00:00-04:00,422.62369316256587,425.1477928046301,419.0783933508206,423.8664855957031,102325100
2023-08-28 00:00:00-04:00,426.05336574379237,427.1709115909124,423.8664616174519,426.5543518066406,61595400
2023-08-29 00:00:00-04:00,426.4483889303442,432.999517120143,426.26534084235647,432.7201232910156,83081900
2023-08-30 00:00:00-04:00,433.05731299234867,435.1382574911251,432.35402143192493,434.5024108886719,69053900
2023-08-31 00:00:00-04:00,435.11898360214246,436.2557869248091,433.6835290574293,433.8665771484375,66084600
2023-09-01 00:00:00-04:00,436.5833209067049,437.06502016743536,433.2210400744053,434.67578125,58944100
2023-09-05 00:00:00-04:00,434.23266409054196,434.55057269413254,432.72976461783867,432.79718017578125,55166200
2023-09-06 00:00:00-04:00,431.987958395261,432.0939475374288,427.5659620214055,429.88775634765625,70758500
2023-09-07 00:00:00-04:00,426.8915071469469,429.24220190465525,426.5446977895423,428.5678405761719,70355400
2023-09-08 00:00:00-04:00,428.6160154651993,430.74511806057524,428.2595627004295,429.21331787109375,61659700
2023-09-11 00:00:00-04:00,431.83376742594476,432.34436749416994,430.12856253408137,432.0361022949219,60180100
2023-09-12 00:00:00-04:00,430.59102153155527,432.11317840274216,429.0881220484013,429.6661376953125,67565400
2023-09-13 00:00:00-04:00,429.88768993651144,431.32314432701645,428.78940150844926,430.1670837402344,60199300
2023-09-14 00:00:00-04:00,432.63339669886733,434.56980780447236,431.33280276784916,433.87615966796875,83430800
2023-09-15 00:00:00-04:00,432.2935551441486,432.6222625307114,428.2136712808251,428.6487121582031,111848900
2023-09-18 00:00:00-04:00,428.3393267614431,430.1955896700722,427.86560575276553,428.90008544921875,55752200
2023-09-19 00:00:00-04:00,427.9815868766938,428.5713482483716,425.332573169419,428.0105895996094,66514600
2023-09-20 00:00:00-04:00,429.2674693964477,429.68318495179983,423.8727265693422,424.0757751464844,82562600
2023-09-21 00:00:00-04:00,421.233389771168,421.49441429318694,416.91180676973505,417.0664978027344,104095800
2023-09-22 00:00:00-04:00,418.09131961695476,419.6865285568745,415.71297806578804,416.12872314453125,100829700
2023-09-25 00:00:00-04:00,414.920205158679,417.9172517040119,414.485134786977,417.87860107421875,70874500
2023-09-26 00:00:00-04:00,414.84288124552415,415.54865360911657,410.90801075336816,411.7394714355469,96168400
2023-09-27 00:00:00-04:00,412.90925504168933,413.4700137261174,408.2686420542666,411.9037780761719,104705800
2023-09-28 00:00:00-04:00,411.35270706101295,415.964317107926,410.762945679416,414.291748046875,92258300
2023-09-29 00:00:00-04:00,417.3371969608053,417.5112133076614,411.7684378270295,413.28631591796875,115111300
2023-10-02 00:00:00-04:00,412.454856073705,414.3691244055631,410.36657139466814,413.1219482421875,83798600
2023-10-03 00:00:00-04:00,410.94667474306095,413.1799731499237,406.2287013020404,407.5918884277344,103760600
2023-10-04 00:00:00-04:00,408.0559363281981,411.30435944495287,406.59606370497346,410.5599365234375,87453000
2023-10-05 00:00:00-04:00,410.269877205424,411.2463514179395,407.1858225474584,410.4052429199219,70142700
2023-10-06 00:00:00-04:00,407.9592644123595,416.81512702154566,406.6347574601129,415.2779235839844,113273300
2023-10-09 00:00:00-04:00,413.3829806224,418.5070215863633,412.8319288458573,417.9366149902344,80374400
2023-10-10 00:00:00-04:00,418.5649967058061,422.70288570856627,418.1686064888882,420.11187744140625,78607300
2023-10-11 00:00:00-04:00,421.17534896503963,422.0841107631383,418.79700772466646,421.832763671875,62451700
2023-10-12 00:00:00-04:00,422.44187816631086,422.8189135801861,416.91179922986146,419.2611083984375,81154200
2023-10-13 00:00:00-04:00,420.7596289275812,421.9584770278049,415.60661494268294,417.1728210449219,95143100
2023-10-16 00:00:00-04:00,419.4158131019472,422.6255856986061,419.1741138914331,421.5621032714844,75433200
2023-10-17 00:00:00-04:00,418.43931518310666,423.59235858221746,418.09128250171426,421.542724609375,75324700
2023-10-18 00:00:00-04:00,419.77352121429993,420.73064064200355,414.8428514424272,415.9256591796875,93559800
2023-10-19 00:00:00-04:00,416.64108906158174,418.44899434083845,411.5944086302288,412.2711486816406,121323000
2023-10-20 00:00:00-04:00,411.8361348739324,412.3775387523352,407.09880668145956,407.2051696777344,123919900
2023-10-23 00:00:00-04:00,405.67760643648245,410.35692908932583,403.92770652261123,406.4993896484375,92035100
2023-10-24 00:00:00-04:00,408.61667642933105,410.7146385432617,406.7700909338865,409.56414794921875,78564200
2023-10-25 00:00:00-04:00,407.8818980106432,407.9109007331841,403.17357302000806,403.68597412109375,94223200
2023-10-26 00:00:00-04:00,402.6225515026816,403.47330792914914,397.9335809780985,398.8520202636719,115156800
2023-10-27 00:00:00-04:00,400.437502511564,400.83389267431033,395.6228446248674,397.0440368652344,107367700
2023-10-30 00:00:00-04:00,399.82854108268697,402.84494282186495,398.5330367205683,401.7911376953125,86562700
2023-10-31 00:00:00-04:00,402.3614742415841,404.6334525608876,400.4568834170143,404.3144226074219,79665200
2023-11-01 00:00:00-04:00,405.2812643437381,409.43847913059346,404.7495083565733,408.6263732910156,98068100
2023-11-02 00:00:00-04:00,412.41616442869764,416.612088488878,412.3968391143164,416.4573974609375,94938900
2023-11-03 00:00:00-04:00,418.7584345746445,421.80383898984763,418.63274625361095,420.2569580078125,100167800
2023-11-06 00:00:00-05:00,421.01096687249964,421.6683815579989,419.2803924905788,421.2236633300781,67831700
2023-11-07 00:00:00-05:00,421.2237581486123,423.060666420668,420.0829448485705,422.4225769042969,64256100
2023-11-08 00:00:00-05:00,423.0218997774992,423.54397827582386,420.4308916076277,422.73187255859375,61746000
2023-11-09 00:00:00-05:00,423.8726517137463,423.91133184127074,419.0096657038586,419.43505859375,83174400
2023-11-10 00:00:00-05:00,421.5041020397778,426.28972875327344,419.42546520511473,425.9803466796875,89462200
2023-11-13 00:00:00-05:00,424.64622403342025,426.67647397269064,423.863120884433,425.5743408203125,52236100
2023-11-14 00:00:00-05:00,431.50076562505876,435.1165763059157,431.2783917339626,433.83074951171875,97176900
2023-11-15 00:00:00-05:00,435.16492211328534,436.3927730128096,433.8984205823122,434.74920654296875,77327600
2023-11-16 00:00:00-05:00,434.3045314885397,435.600035874236,433.2410489318332,435.281005859375,66665800
2023-11-17 00:00:00-05:00,435.2906316917746,436.43147446982493,434.37219232906403,435.8223876953125,83133200
2023-11-20 00:00:00-05:00,435.5709613361329,440.01823251915994,435.56128392675316,439.1771240234375,69936200
2023-11-21 00:00:00-05:00,438.13299304399567,439.0514618608499,436.9534996970191,438.2200012207031,49244600
2023-11-22 00:00:00-05:00,439.87321460582723,441.22672421241435,438.81940964411666,439.911865234375,59394900
2023-11-24 00:00:00-05:00,439.96027278304024,440.3759883694041,439.63156537724313,440.1826171875,29737400
2023-11-27 00:00:00-05:00,439.55417048077294,440.36627627306393,439.00308920962266,439.38983154296875,50506000
2023-11-28 00:00:00-05:00,439.0030764411284,441.1203637861366,438.44234728096177,439.8248596191406,62115000
2023-11-29 00:00:00-05:00,441.97120588419773,443.1023712619962,439.1191726740231,439.5155334472656,63146000
2023-11-30 00:00:00-05:00,440.3565962233876,441.5940948885885,438.2876370073433,441.24603271484375,79752700
2023-12-01 00:00:00-05:00,440.6369952391435,444.3881717849613,440.0472633152973,443.8564453125,89183400
2023-12-04 00:00:00-05:00,440.4726232624604,443.8757373404589,439.2544498661346,441.52642822265625,72430900
2023-12-05 00:00:00-05:00,440.14391844231596,442.3965419933345,439.7668535301099,441.4394226074219,69793500
2023-12-06 00:00:00-05:00,443.5760069120985,443.6050096339301,439.22542161159066,439.6604919433594,69124700
2023-12-07 00:00:00-05:00,441.73917136361564,443.6630877368815,441.13976201140014,443.0153503417969,66995400
2023-12-08 00:00:00-05:00,442.2709087807209,445.4516788944759,442.02920955180366,444.9199523925781,83194400
2023-12-11 00:00:00-05:00,444.4268611503367,446.8245280398024,444.21416465607524,446.6504821777344,65002200
2023-12-12 00:00:00-05:00,446.30240990232363,448.78708475043413,445.30661038207074,448.6903991699219,68327600
2023-12-13 00:00:00-05:00,449.06747102737427,455.12930631637573,448.70976090431213,454.8779296875,93278000
2023-12-14 00:00:00-05:00,456.8115506454331,458.00072149405844,453.6694606145386,456.33782958984375,119026000
2023-12-15 00:00:00-05:00,455.7417745258769,456.91636306344805,453.74210049149804,455.5864562988281,141553700
2023-12-18 00:00:00-05:00,457.1881393985243,459.12957270241793,456.13006180277284,458.1491394042969,70375300
2023-12-19 00:00:00-05:00,458.69270565753243,461.012732509764,458.61506136543755,460.93505859375,55761800
2023-12-20 00:00:00-05:00,460.0808576886502,461.96405036999886,454.1206728290634,454.54779052734375,102921000
2023-12-21 00:00:00-05:00,457.5278509164755,459.1295570366737,455.1107760152546,458.8577575683594,86667500
2023-12-22 00:00:00-05:00,459.98377994700513,461.4592882220052,457.8870580411275,459.7799377441406,67160400
2023-12-26 00:00:00-05:00,460.18765521976536,462.62413389794295,460.109981297383,461.72137451171875,55387000
2023-12-27 00:00:00-05:00,461.5175089754055,462.7017844285322,460.98362668768385,462.5561828613281,68000300
2023-12-28 00:00:00-05:00,462.91536504878167,463.5657286208665,462.3135254600746,462.7309265136719,77158100
2023-12-29 00:00:00-05:00,462.53673484415077,463.060930093317,459.44014657654174,461.39129638671875,122283100
2024-01-02 00:00:00-05:00,458.3335624378489,459.7993540123723,456.7124526493962,458.8092041015625,123623700
2024-01-03 00:00:00-05:00,456.65418509885427,457.39193916554245,454.4603858132538,455.0622253417969,103585900
2024-01-04 00:00:00-05:00,454.5866475316629,457.16875767195785,453.37325157986584,453.5965270996094,84232200
2024-01-05 00:00:00-05:00,453.80025127175645,456.6638768226145,452.7712941422228,454.2176818847656,86118900
2024-01-08 00:00:00-05:00,454.71281340697016,460.8477500166702,454.5866154970485,460.7021484375,74879100
2024-01-09 00:00:00-05:00,458.05205442710235,461.02244496424106,457.54729244084217,460.0032043457031,65931400
2024-01-10 00:00:00-05:00,460.2749615048287,463.4686272393253,459.9934454114867,462.60467529296875,67310600
2024-01-11 00:00:00-05:00,463.6045274671268,464.1190060691037,458.43062113494074,462.4008483886719,77940700
2024-01-12 00:00:00-05:00,463.8472262405501,464.58498035155515,461.3136700813151,462.72119140625,58026400
2024-01-16 00:00:00-05:00,461.3428140279713,462.6532578332319,459.2072255045687,461.0224609375,85014900
2024-01-17 00:00:00-05:00,458.00353981867966,458.94513616011074,456.110630489601,458.45977783203125,68843900
2024-01-18 00:00:00-05:00,460.1294153145847,463.0900892897804,458.58597937392244,462.5367736816406,91856200
2024-01-19 00:00:00-05:00,463.6628619602822,468.5844031225256,462.5853805588044,468.3028869628906,110834500
2024-01-22 00:00:00-05:00,469.83656769535,471.0111265282756,468.6425755704272,469.29296875,75844900
2024-01-23 00:00:00-05:00,469.83653570981716,470.90430023582877,468.7493378931313,470.66162109375,49945300
2024-01-24 00:00:00-05:00,473.525295727068,474.45717543420074,470.68110299788805,471.1761779785156,81765000
2024-01-25 00:00:00-05:00,473.30196574868353,474.0105994997861,471.1761237432126,473.7388000488281,72525000
2024-01-26 00:00:00-05:00,473.3117152908374,474.79691054106985,472.29247468488353,473.1369934082031,76641600
2024-01-29 00:00:00-05:00,473.44756556093665,477.0295117882454,472.9039666950393,476.8838806152344,61322800
2024-01-30 00:00:00-05:00,476.1947226231299,477.2236798269538,475.7578883130134,476.51507568359375,58618400
2024-01-31 00:00:00-05:00,474.3115894395865,474.7581108271003,468.72025176527393,468.73968505859375,126011100
2024-02-01 00:00:00-05:00,470.43839078044346,474.9036930669608,469.6326794127357,474.87457275390625,91891600
2024-02-02 00:00:00-05:00,475.31139921660196,481.5239798187347,474.971642466127,479.873779296875,99228200
2024-02-05 00:00:00-05:00,479.24284325758833,479.9029234991888,475.8744551474019,478.1264953613281,75757100
2024-02-06 00:00:00-05:00,479.06809742412736,479.8446885622171,477.64114268330553,479.5146484375,55918600
2024-02-07 00:00:00-05:00,481.75695184930976,483.93134756331705,480.8541628931194,483.5139465332031,70556500
2024-02-08 00:00:00-05:00,483.513949705615,484.1060726186496,482.69855130751233,483.7275085449219,52343600
2024-02-09 00:00:00-05:00,484.23231705115523,486.96002861938376,483.89256027998283,486.5232238769531,63979400
2024-02-12 00:00:00-05:00,486.49406987855394,488.75582660767503,485.59128089218916,486.30963134765625,56502300
2024-02-13 00:00:00-05:00,480.04846760997253,482.5334996770295,476.35003982173856,479.61163330078125,113099200
2024-02-14 00:00:00-05:00,482.2423099561509,484.4555426281319,479.9222830533005,483.9701843261719,68387800
2024-02-15 00:00:00-05:00,484.6690979139186,487.4938867654942,484.19342663721847,487.3094482421875,61683000
2024-02-16 00:00:00-05:00,487.0085929456435,488.14431492487785,484.1449667563623,484.8827209472656,75532900
2024-02-20 00:00:00-05:00,483.14507545774694,483.8148722929186,479.970842787005,482.21319580078125,71736700
2024-02-21 00:00:00-05:00,480.9124933217148,482.8053731626366,479.106944807319,482.6500549316406,59293400
2024-02-22 00:00:00-05:00,489.25094105413393,493.5997329784438,488.2899113619232,492.63873291015625,76402500
2024-02-23 00:00:00-05:00,494.35685563775104,495.1916873577398,492.25041710535265,492.97845458984375,61321800
2024-02-26 00:00:00-05:00,493.4152350521733,493.8520693709636,491.0466841824756,491.1728820800781,50386700
2024-02-27 00:00:00-05:00,491.86214231163,492.30866367947897,489.9692329795254,492.08538818359375,48854500
2024-02-28 00:00:00-05:00,490.53220860244136,492.0174038220213,490.17304819868775,491.43499755859375,56506600
2024-02-29 00:00:00-05:00,493.19203416880555,494.8131144463538,490.5516835957709,493.20172119140625,83924800
2024-03-01 00:00:00-05:00,494.075392019808,498.2591489639279,493.6676779750869,497.83203125,76844800
2024-03-04 00:00:00-05:00,497.03607301464484,499.1425115484434,497.00692307628157,497.2981262207031,49799300
2024-03-05 00:00:00-05:00,495.29842384541166,495.7449748064334,490.1245174506037,492.3280334472656,72855600
2024-03-06 00:00:00-05:00,495.59937641592427,497.07488469099843,493.53177482463775,494.82281494140625,68382400
2024-03-07 00:00:00-05:00,498.1135389799133,500.7830096761973,494.8810360564722,499.734619140625,58652100
2024-03-08 00:00:00-05:00,500.36563844693006,503.0447667007892,496.1624186562773,496.7351379394531,86532500
2024-03-11 00:00:00-04:00,495.5313914960879,496.8903887313969,493.60936207648933,496.3079528808594,62557200
2024-03-12 00:00:00-04:00,498.41449998303995,502.2294094929587,495.9003176684613,501.6470031738281,73114400
2024-03-13 00:00:00-04:00,501.9672573875113,502.14197926945354,499.4239845817287,500.8606262207031,55104100
2024-03-14 00:00:00-04:00,501.8312904786425,501.98663830049765,496.8321359535948,499.8704833984375,110171800
2024-03-15 00:00:00-04:00,496.80816405826874,498.2590460217431,494.77306623402836,496.4381408691406,107646300
2024-03-18 00:00:00-04:00,500.4985887866016,501.93969410963876,498.97956820958467,499.3885192871094,88893300
2024-03-19 00:00:00-04:00,498.6971497497458,502.4459962981956,497.69417669493055,502.16363525390625,60755300
2024-03-20 00:00:00-04:00,502.22210687375775,506.9446864437559,501.5502289693654,506.808349609375,69594600
2024-03-21 00:00:00-04:00,509.6420207680806,510.3430798516799,508.2008558207935,508.4832763671875,60256100
2024-03-22 00:00:00-04:00,508.3955803879005,508.8824467519345,507.28551081424,507.5192565917969,79070800
2024-03-25 00:00:00-04:00,506.1462159868013,507.2660322991133,505.96120440733904,506.1170349121094,48512100
2024-03-26 00:00:00-04:00,507.53866742888704,507.87950952715136,504.78304672651166,505.1822509765625,65463700
2024-03-27 00:00:00-04:00,508.00609219695343,509.4666912006187,505.8443747669276,509.4277038574219,82999800
2024-03-28 00:00:00-04:00,509.4667506716118,510.82994090833836,509.0480527068501,509.3304138183594,96294900
2024-04-01 00:00:00-04:00,510.07048202760325,510.60602319461645,507.28556098165114,508.4443054199219,62477500
2024-04-02 00:00:00-04:00,504.62724203503336,505.3477947483364,502.9134629158643,505.2115173339844,74230300
2024-04-03 00:00:00-04:00,504.12083842082313,507.2660352902269,504.0721636747669,505.7664489746094,59155800
2024-04-04 00:00:00-04:00,509.7685979294163,510.10938062558256,499.29122383235546,499.59307861328125,96858100
2024-04-05 00:00:00-04:00,500.9465048519071,506.7694068986325,500.5083132867227,504.81219482421875,74546500
2024-04-08 00:00:00-04:00,505.5133313161047,506.51624504555883,504.28641866242464,505.0945739746094,48401800
2024-04-09 00:00:00-04:00,506.82786095826793,507.071294128757,500.839381191466,505.6788635253906,68049200
2024-04-10 00:00:00-04:00,499.9922143304957,502.60181066009386,498.6387711363,500.61541748046875,82652800
2024-04-11 00:00:00-04:00,502.13442685782303,505.8345989017068,498.62901322296943,504.39349365234375,70099000
2024-04-12 00:00:00-04:00,500.8589251713878,502.2708495884285,495.7078704459787,497.431396484375,92561100
2024-04-15 00:00:00-04:00,501.59888962975333,501.7644075343254,490.3522600316743,491.1994323730469,92101400
2024-04-16 00:00:00-04:00,491.6766166443132,493.19563735543574,489.0183155418661,490.30364990234375,73484000
2024-04-17 00:00:00-04:00,492.7574157801548,492.9229634124424,486.00945537176443,487.4018859863281,75910300
2024-04-18 00:00:00-04:00,488.794360179131,490.8878795783521,485.46418121059236,486.3989562988281,74548100
2024-04-19 00:00:00-04:00,486.32104754330464,487.3142441699,480.8876025986124,482.1534729003906,102212600
2024-04-22 00:00:00-04:00,484.7533503648902,489.18385210193054,482.41639776348796,486.5937194824219,67961000
2024-04-23 00:00:00-04:00,488.5996095177476,492.79639521919916,486.4087108687592,492.3679504394531,64633600
2024-04-24 00:00:00-04:00,493.2540334865075,494.0427545951939,489.914137461728,492.1342468261719,55928100
2024-04-25 00:00:00-04:00,486.0678327855915,491.02412816029823,484.42222231211605,490.2646179199219,69122400
2024-04-26 00:00:00-04:00,493.04956028124485,496.48683553540934,492.41663996726425,494.9093933105469,64306100
2024-04-29 00:00:00-04:00,496.6913201679961,497.33398732987405,493.9259228058318,496.662109375,46415400
2024-04-30 00:00:00-04:00,495.20149000874,496.1752226900087,488.7943420410156,488.7943420410156,77483600
2024-05-01 00:00:00-04:00,488.2101273744075,494.84124497607075,486.7397814235659,487.2071838378906,80242800
2024-05-02 00:00:00-04:00,490.9073316662554,492.6016467604268,486.4281553313073,491.76422119140625,62550200
2024-05-03 00:00:00-04:00,497.73318173027803,499.08665465274976,495.20147091341136,497.8597717285156,72756700
2024-05-06 00:00:00-04:00,500.25510463599915,503.03996550471606,499.8169130959195,503.00103759765625,47264700
2024-05-07 00:00:00-04:00,503.9650423598839,504.94852179554,502.88421343694205,503.55609130859375,52561300
2024-05-08 00:00:00-04:00,501.7254700555243,504.14030789046143,501.60862689782874,503.6047668457031,42047200
2024-05-09 00:00:00-04:00,503.7898378767789,506.5455181068331,503.1374535973279,506.50653076171875,43643700
2024-05-10 00:00:00-04:00,508.1034888313709,508.91170366265516,505.9418306327187,507.15899658203125,52233200
2024-05-13 00:00:00-04:00,508.83376404779614,508.9408603825465,506.0878306657376,507.2270812988281,36716400
2024-05-14 00:00:00-04:00,507.42181386177714,510.0703976103099,506.88627278339663,509.5542907714844,57535900
2024-05-15 00:00:00-04:00,512.0179402902028,516.1563047340521,511.38499019072265,515.8641967773438,59504900
2024-05-16 00:00:00-04:00,515.9614786446474,517.558414507879,514.6566506998298,514.802734375,50244800
2024-05-17 00:00:00-04:00,514.9195214966393,515.6108930215729,513.4686694664939,515.542724609375,59187600
2024-05-20 00:00:00-04:00,515.6596602461204,517.5973789121299,515.2701433728218,516.1367797851562,37764200
2024-05-21 00:00:00-04:00,515.3772666864285,517.5584184029028,515.1727614260365,517.402587890625,33437000
2024-05-22 00:00:00-04:00,516.7111875279095,517.4219932520712,513.7412557847823,515.9127197265625,48390000
2024-05-23 00:00:00-04:00,518.9606609347318,519.0677572803991,510.9370526401655,512.14453125,57211200
2024-05-24 00:00:00-04:00,513.9848197975488,516.3412958961842,513.0403275362747,515.5330810546875,41291100
2024-05-28 00:00:00-04:00,516.3411878885217,516.5748741957514,513.2641596915468,515.8932495117188,36269600
2024-05-29 00:00:00-04:00,511.8718716025252,513.4590608844294,511.57001679975457,512.2808227539062,45190300
2024-05-30 00:00:00-04:00,510.74230907986095,511.4044402025134,507.63609930287237,508.8824462890625,46377600
2024-05-31 00:00:00-04:00,509.83659522472846,513.6438629211741,504.7439341416868,513.5172729492188,90785800
2024-06-03 00:00:00-04:00,515.1242033171059,515.4065644656448,508.8727952408666,513.9362182617188,46835700
2024-06-04 00:00:00-04:00,512.631323194632,515.2506664560023,511.17072418863216,514.5106201171875,34632700
2024-06-05 00:00:00-04:00,516.8280281512839,520.6450429850004,514.8415757760073,520.6255493164062,47610400
2024-06-06 00:00:00-04:00,520.9275684331457,521.3560132540258,518.6879948188819,520.615966796875,30808500
2024-06-07 00:00:00-04:00,519.6421901069427,522.7873872843439,518.55161418802,519.9830322265625,43224500
2024-06-10 00:00:00-04:00,519.1747616812378,521.9109480214009,518.5807990347079,521.589599609375,35686100
2024-06-11 00:00:00-04:00,520.0414700499772,522.9042467845098,518.0745108271142,522.8458251953125,36383400
2024-06-12 00:00:00-04:00,527.4028194115604,529.8274041983666,526.1077383475028,527.139892578125,63251300
2024-06-13 00:00:00-04:00,528.8829798084458,529.0582445758802,525.4164935113477,528.2013549804688,44760900
2024-06-14 00:00:00-04:00,526.6725282080745,528.5518251182958,525.6695550365463,528.5226440429688,40089900
2024-06-17 00:00:00-04:00,527.8410283318889,534.1216160104203,527.3833430672393,532.7291259765625,55839500
2024-06-18 00:00:00-04:00,532.7875604635906,534.2092316077063,532.3688625324717,534.0826416015625,41376400
2024-06-20 00:00:00-04:00,535.0077463215187,535.6698774866474,530.8596351285086,532.6318359375,70328200
2024-06-21 00:00:00-04:00,531.810221745453,533.0313142277637,530.4621308750893,531.9176635742188,64338600
2024-06-24 00:00:00-04:00,531.7418545665156,534.3012597413704,530.0713785197397,530.1885986328125,45528700
2024-06-25 00:00:00-04:00,531.4096852385123,532.5917242597523,529.8955424418219,532.2302856445312,37936200
2024-06-26 00:00:00-04:00,531.1166742934914,533.6076912884868,530.4719636310322,532.8945922851562,38550600
2024-06-27 00:00:00-04:00,532.7577451835803,534.3110010096894,532.0153114364416,533.734619140625,35041500
2024-06-28 00:00:00-04:00,534.5063503169283,537.5542520433446,530.3937489459842,531.6343383789062,76144500
2024-07-01 00:00:00-04:00,533.0117265646933,533.2559450469041,529.9736629556671,532.7284545898438,40297800
2024-07-02 00:00:00-04:00,531.1264605772033,536.3136596679688,531.0776287968915,536.3136596679688,40434800
2024-07-03 00:00:00-04:00,536.0010100914286,539.068408833479,535.9619565950238,538.7069702148438,32789900
2024-07-05 00:00:00-04:00,539.0098526062544,542.213968717536,538.3748605783948,541.8134765625,41488400
2024-07-08 00:00:00-04:00,542.5949943367658,543.3862600338458,541.3739016175886,542.438720703125,36110500
2024-07-09 00:00:00-04:00,543.396013525926,544.2947210316149,542.6731362089374,542.9661865234375,27289700
2024-07-10 00:00:00-04:00,544.1872742397521,548.6808713510104,543.8942239279161,548.3389892578125,38701200
2024-07-11 00:00:00-04:00,548.4560949063842,549.3255270030801,542.9758465360856,543.6107788085938,53054200
2024-07-12 00:00:00-04:00,544.7343252522627,550.6346235261244,544.2654447499774,547.0397338867188,53084400
2024-07-15 00:00:00-04:00,549.0325043663784,551.7775178290722,546.6879829958002,548.5440673828125,40584300
2024-07-16 00:00:00-04:00,549.8531491181022,552.090169461466,549.1009369415549,551.797119140625,36475300
2024-07-17 00:00:00-04:00,545.8772743812609,547.5477506768178,543.7379175635831,544.060302734375,57119000
2024-07-18 00:00:00-04:00,545.5939606590898,546.5806130354061,537.7008012722223,539.8792114257812,56270400
2024-07-19 00:00:00-04:00,539.644738170822,541.2663824595259,535.2390267295067,536.2940673828125,65509100
2024-07-22 00:00:00-04:00,540.2113760766848,542.4288993582354,538.277184442637,541.8232421875,43346700
2024-07-23 00:00:00-04:00,541.7157629327536,543.8648979607326,540.4849516029554,540.973388671875,34439600
2024-07-24 00:00:00-04:00,536.1670544374522,536.4698829953903,527.7952370228695,528.7135009765625,74515300
2024-07-25 00:00:00-04:00,528.8308137450439,534.7995603016705,525.0210402154329,525.9588012695312,61158300
2024-07-26 00:00:00-04:00,529.7391609232859,534.5355851196782,528.9673924504399,531.8491821289062,53763800
2024-07-29 00:00:00-04:00,533.3927971337158,534.3989464184045,530.1690650137424,532.1619262695312,39515800
2024-07-30 00:00:00-04:00,533.6271294303981,534.6821699039564,526.066135221137,529.4656372070312,46853600
2024-07-31 00:00:00-04:00,536.2842643515584,540.6997538692295,534.9166765387299,538.0719604492188,65663400
2024-08-01 00:00:00-04:00,539.7912440920945,542.0380422456446,526.955106117804,530.4523315429688,76428700
2024-08-02 00:00:00-04:00,523.3603616135271,524.571676102486,516.3756871144337,520.5762939453125,82789100
2024-08-05 00:00:00-04:00,499.80785259777787,511.4717311244644,498.4695101090915,505.41510009765625,146267400
2024-08-06 00:00:00-04:00,507.2124445147762,517.4989554385519,505.8936885816187,510.0747375488281,84826300
2024-08-07 00:00:00-04:00,516.2486294067602,519.2965314666948,506.0696179320819,506.6654968261719,70698300
2024-08-08 00:00:00-04:00,511.7941139882875,519.0034500456989,509.77203694963987,518.3782958984375,63276600
2024-08-09 00:00:00-04:00,517.5574890001179,522.1488076376489,516.3363967892662,520.6639404296875,45619600
2024-08-12 00:00:00-04:00,521.8559471668351,523.3407552909962,518.6713279832952,520.9376831054688,42542100
2024-08-13 00:00:00-04:00,524.1223559231595,529.7393827100993,523.8781373672056,529.5048828125,52333100
2024-08-14 00:00:00-04:00,530.2960214933445,532.3572709257232,527.6291745808618,531.1752319335938,42446900
2024-08-15 00:00:00-04:00,536.7922160560852,540.562935056648,536.1865589989441,540.2796630859375,60846800
2024-08-16 00:00:00-04:00,538.667786928332,542.1845687274085,538.51151333941,541.490966796875,44430700
2024-08-19 00:00:00-04:00,541.9013070349608,546.66845703125,541.0514314058853,546.66845703125,39121800
2024-08-20 00:00:00-04:00,546.2191462607274,547.8700657821756,544.4412283435015,545.779541015625,33732300
2024-08-21 00:00:00-04:00,546.8247103491519,549.110561836859,541.9012278396601,547.655029296875,41514600
2024-08-22 00:00:00-04:00,549.5502804647684,550.1559376249218,542.1455582382872,543.3568725585938,56121500
2024-08-23 00:00:00-04:00,546.5903394303513,550.0680084955276,544.4020915801096,549.1301879882812,50639400
2024-08-26 00:00:00-04:00,550.1559102385648,550.8690092024209,546.1214157161334,547.8211669921875,35788600
2024-08-27 00:00:00-04:00,546.5511671009976,549.0617401711636,545.4082413361126,548.5733032226562,32693900
2024-08-28 00:00:00-04:00,548.2315309438809,548.661357929549,542.204174863817,545.3887939453125,41066000
2024-08-29 00:00:00-04:00,547.3522554939839,550.6443160255352,544.294635177053,545.4375610351562,38715200
2024-08-30 00:00:00-04:00,547.8016709409602,551.1523417216108,544.2556134288437,550.6443481445312,62700100
2024-09-03 00:00:00-04:00,547.5086116923438,547.8407751289367,536.8021094517958,539.3126831054688,60600100
2024-09-04 00:00:00-04:00,537.4762066412244,541.6083655035815,536.7533292597282,538.2088623046875,47224900
2024-09-05 00:00:00-04:00,538.1502077884983,540.9928852935313,534.4478166491117,536.8997802734375,44264300
2024-09-06 00:00:00-04:00,537.2221175565589,538.8437022454943,526.9649400293706,527.8636474609375,68493800
2024-09-09 00:00:00-04:00,532.054494369654,535.0437266855093,530.1300214174476,533.7737426757812,40445800
2024-09-10 00:00:00-04:00,535.6786451567546,536.4504138231891,530.8138314182086,536.0986938476562,36394600
2024-09-11 00:00:00-04:00,536.0108196239122,542.5167747623394,527.4729497044474,541.5985107421875,75248600
2024-09-12 00:00:00-04:00,542.1748597619055,546.4633510224045,539.9573366553728,546.1605224609375,51819600
2024-09-13 00:00:00-04:00,546.7662020730168,550.0094311099382,546.5122052774053,549.0130004882812,39310500
2024-09-16 00:00:00-04:00,548.7491943236346,550.0875069413107,546.9517795427174,549.8237915039062,36656100
2024-09-17 00:00:00-04:00,552.0315464267048,553.4773606816602,547.8212213158272,550.0485229492188,49321000
2024-09-18 00:00:00-04:00,550.7030274298603,555.5385664291312,547.8603498689396,548.4171752929688,59044900
2024-09-19 00:00:00-04:00,557.8048475354702,559.6315971955383,554.9426137920285,557.7755126953125,75315500
2024-09-20 00:00:00-04:00,556.4096807844697,557.8500616857909,553.793383536953,556.8114013671875,77503100
2024-09-23 00:00:00-04:00,557.8794446150124,558.8495067502496,556.6643550711399,558.2027587890625,44116900
2024-09-24 00:00:00-04:00,558.9964258828836,559.8587165873663,556.1743944512203,559.7999267578125,46805700
2024-09-25 00:00:00-04:00,559.6431398003925,560.3780425284191,557.4579883539482,558.5652465820312,38428600
2024-09-26 00:00:00-04:00,562.817932214862,563.1413061737785,558.4281322177342,560.77978515625,48336000
2024-09-27 00:00:00-04:00,561.847824630314,562.6610738881527,558.9375788488986,559.9664306640625,42100900
2024-09-30 00:00:00-04:00,558.9376557740085,562.8179640810873,556.6447925339722,562.21044921875,63557400
2024-10-01 00:00:00-04:00,561.8576982708267,562.5043864049716,554.6066335561335,557.1738891601562,72668800
2024-10-02 00:00:00-04:00,556.282242548741,558.4281611024765,553.8913563966638,557.4090576171875,38097800
2024-10-03 00:00:00-04:00,555.9392527365582,558.3301388916863,554.106899883147,556.3900146484375,40846500
2024-10-04 00:00:00-04:00,560.828843806913,561.8185225581165,556.6643942780399,561.4461669921875,42939100
2024-10-07 00:00:00-04:00,559.7999688939893,560.4467168743025,555.22399069742,556.3704223632812,49964700
2024-10-08 00:00:00-04:00,558.9376805045769,562.2300906410503,558.0656412646009,561.63232421875,37398700
2024-10-09 00:00:00-04:00,561.6224751598685,566.0809331902332,561.0247685875196,565.5223999023438,37912200
2024-10-10 00:00:00-04:00,564.1799148709799,565.9534776371613,562.9256522396411,564.5326538085938,44138100
2024-10-11 00:00:00-04:00,564.4542980317323,568.6481717987969,564.3171018304082,567.9132690429688,42268000
2024-10-14 00:00:00-04:00,569.520288010914,573.4888112745962,569.0401610478535,572.5579223632812,36217200
2024-10-15 00:00:00-04:00,572.8224268603595,573.1261842726946,566.8941634738084,568.1092529296875,54203600
2024-10-16 00:00:00-04:00,568.1092586044506,571.0978512020905,567.305757742965,570.5784912109375,30725400
2024-10-17 00:00:00-04:00,574.1158386665669,574.3216329805343,570.4413246734956,570.6275024414062,34393700
2024-10-18 00:00:00-04:00,572.3128969974695,573.6063330690159,570.8528997080355,572.8224487304688,37416800
2024-10-21 00:00:00-04:00,572.0973176864316,573.0771881011084,568.912738838732,571.8817749023438,36439000
2024-10-22 00:00:00-04:00,569.3536172092114,572.7341816541917,568.6971208640092,571.5779418945312,34183800
2024-10-23 00:00:00-04:00,569.5594810059998,570.0004346494243,562.8571411229607,566.3552856445312,49314600
2024-10-24 00:00:00-04:00,568.3052337104026,568.3836400907534,564.9639018539431,567.5801391601562,34979900
2024-10-25 00:00:00-04:00,569.8044663478088,572.6950960929863,566.4435179318251,567.3841552734375,47268200
2024-10-28 00:00:00-04:00,570.8528957024953,570.9802836348513,568.8343651367928,569.1381225585938,30174700
2024-10-29 00:00:00-04:00,568.1778099310847,571.1762108700161,566.7864107519835,570.0592041015625,42899700
2024-10-30 00:00:00-04:00,569.588797638648,571.5779630983764,567.6290569957021,568.3345947265625,41435800
2024-10-31 00:00:00-04:00,563.9742291931302,564.0428273008541,556.9975564307639,557.1935424804688,60182500
2024-11-01 00:00:00-04:00,559.8195584319851,563.9643910438907,559.1336371976272,559.545166015625,45667500
2024-11-04 00:00:00-05:00,559.6823223393656,560.9757583388703,556.4585705161212,558.3399047851562,38217000
2024-11-05 00:00:00-05:00,559.251198693126,565.1304208425688,559.0356559214524,565.0912475585938,39478300
2024-11-06 00:00:00-05:00,577.3396500855225,580.0146771322202,573.6063462638446,579.142578125,68182000
2024-11-07 00:00:00-05:00,581.1415644099445,584.639708979933,581.063158030651,583.62060546875,47233200
2024-11-08 00:00:00-05:00,584.1692634497057,587.569444510154,584.1692634497057,586.1486206054688,46444900
2024-11-11 00:00:00-05:00,587.7361274635068,588.0888664930864,584.9826937261699,586.707275390625,37586800
2024-11-12 00:00:00-05:00,586.628904135628,587.2266108281909,582.4056643822421,584.884765625,43006100
2024-11-13 00:00:00-05:00,585.34525379598,587.1677986284395,582.9837921332622,585.1688842773438,47388600
2024-11-14 00:00:00-05:00,585.296183408181,585.7763103260314,580.7202054727688,581.4060668945312,38904100
2024-11-15 00:00:00-05:00,577.8491019104924,578.3194803370213,572.1070761341368,573.9590454101562,75988800
2024-11-18 00:00:00-05:00,574.4195277074432,577.6237226660043,573.5572968817456,576.3107299804688,37001700
2024-11-19 00:00:00-05:00,572.9400384688264,579.142574989824,572.2737337790142,578.41748046875,49412000
2024-11-20 00:00:00-05:00,578.4958236706298,578.8975441726233,572.8615695316089,578.6134033203125,50032600
2024-11-21 00:00:00-05:00,581.455141177832,583.1404896221547,575.6249001169805,581.7196655273438,46750300
2024-11-22 00:00:00-05:00,581.7098478799927,584.1497754660484,581.2101642027249,583.5226440429688,38226400
2024-11-25 00:00:00-05:00,587.4518855330788,588.7648782973704,583.2188384863542,585.501953125,42441400
2024-11-26 00:00:00-05:00,586.7463470552605,589.2254477201681,586.0310608458545,588.5591430664062,45621300
2024-11-27 00:00:00-05:00,588.3728890308719,588.7549929605899,585.2569089334798,586.7756958007812,34000200
2024-11-29 00:00:00-05:00,587.5890586237147,591.2047827973582,587.3147260107087,590.4208984375,30177400
2024-12-02 00:00:00-05:00,590.8324390421951,592.1552999944694,590.3425038316959,591.4791870117188,31746000
2024-12-03 00:00:00-05:00,591.2440480710218,591.9985076527607,590.2151960547985,591.7535400390625,26906600
2024-12-04 00:00:00-05:00,593.438872844782,595.6729460981672,592.7725681970518,595.427978515625,42787600
2024-12-05 00:00:00-05:00,595.4279904670244,596.2314913306755,594.0953811448159,594.4481201171875,28762200
2024-12-06 00:00:00-05:00,595.212464951605,596.8096584526629,594.800936138575,595.5750122070312,31241500
2024-12-09 00:00:00-05:00,595.4574149257465,595.6239761392873,591.9200973185369,592.5079956054688,34742700
2024-12-10 00:00:00-05:00,593.1841677805376,593.605504896008,590.0093971009587,590.6658935546875,37234500
2024-12-11 00:00:00-05:00,593.5859415432025,596.1825623151827,593.3115491139272,595.2321166992188,28677700
2024-12-12 00:00:00-05:00,594.3698085144841,594.9380902901107,592.1651000976562,592.1651000976562,31543800
2024-12-13 00:00:00-05:00,594.1934038090473,594.9086900260288,590.6756429397628,592.0474853515625,35904700
2024-12-16 00:00:00-05:00,593.8015463634949,595.5457446292651,593.027470168396,594.5756225585938,43695200
2024-12-17 00:00:00-05:00,592.0279524011855,592.9882063411098,590.7541327283874,592.1259155273438,55773500
2024-12-18 00:00:00-05:00,591.8220501813851,594.2031278558312,574.0962297805506,574.4783935546875,108248700
2024-12-19 00:00:00-05:00,579.456129686489,581.0631314525076,574.057034359764,574.302001953125,85919500
2024-12-20 00:00:00-05:00,571.9778279294948,585.7225012446567,571.132257605004,581.199951171875,125716700
2024-12-23 00:00:00-05:00,580.9442707021165,585.2800160502417,577.7685966184363,584.6802978515625,57635800
2024-12-24 00:00:00-05:00,586.0273454449668,591.2185033240278,585.4472496940897,591.1791381835938,33160100
2024-12-26 00:00:00-05:00,589.4093887705021,592.3392110668057,588.0133066034633,591.2184448242188,41219100
2024-12-27 00:00:00-05:00,587.4823797773107,587.7183905820746,580.8165297326684,584.9949951171875,64969300
2024-12-30 00:00:00-05:00,577.9948115421023,581.7799853973963,574.5733451400716,578.3192138671875,56578800
2024-12-31 00:00:00-05:00,579.9808236627084,580.698577374324,574.5832389413312,576.21533203125,57052700
2025-01-02 00:00:00-05:00,579.4696102256324,581.1803135593343,570.7292291618253,574.799560546875,50204000
2025-01-03 00:00:00-05:00,577.64092396713,582.6255346471705,576.5594027877501,581.9865112304688,37888500
2025-01-06 00:00:00-05:00,586.2337058999022,589.6059655334043,583.6086036715416,585.3389892578125,47679400
2025-01-07 00:00:00-05:00,587.3644406233403,587.6889029930588,576.9035745975999,578.722412109375,60393100
2025-01-08 00:00:00-05:00,578.7911897402016,580.6395509433228,575.350100693004,579.56787109375,47304700
2025-01-10 00:00:00-05:00,576.0186519228087,576.0874809051687,568.8120114375996,570.7193603515625,73105000
2025-01-13 00:00:00-05:00,566.0788468496604,571.9581742427216,565.6658729466735,571.604248046875,47910100
2025-01-14 00:00:00-05:00,574.5242054496483,575.1534475548353,568.6153544470202,572.3907470703125,48420600
2025-01-15 00:00:00-05:00,580.3937160773642,583.9429389739179,579.2827311805529,582.802490234375,56900200
2025-01-16 00:00:00-05:00,584.1690862304802,584.34604932179,580.9836305712422,581.6817016601562,43319700
2025-01-17 00:00:00-05:00,586.9121689712896,589.2717368825727,585.5848557638515,587.521728515625,58070600
2025-01-21 00:00:00-05:00,590.5597127423754,592.9094994878243,588.5933760531964,592.899658203125,42532900
2025-01-22 00:00:00-05:00,595.7213382459036,597.5893820777127,595.1707663809229,596.2326049804688,48196000
2025-01-23 00:00:00-05:00,595.6033506126263,599.4868774414062,595.3280946897063,599.4868774414062,41152100
2025-01-24 00:00:00-05:00,599.54587252364,600.4995770008244,596.5865262707722,597.73681640625,34604700
2025-01-27 00:00:00-05:00,584.798310310645,589.5961762199101,584.6311885086425,589.2815551757812,70361100
2025-01-28 00:00:00-05:00,590.5104687195756,595.1805175844501,587.1971967465958,594.3448486328125,44433300
2025-01-29 00:00:00-05:00,593.5583671362218,593.9614997638901,589.1341095636221,591.6805419921875,37177400
2025-01-30 00:00:00-05:00,593.7943615542468,596.3898803192325,590.6088457833347,594.8561401367188,39281300
2025-01-31 00:00:00-05:00,597.2747575383468,599.6933732210748,590.9333098394596,591.6903686523438,66566900
2025-02-03 00:00:00-05:00,582.6943020815504,590.1860392450765,580.5510025263411,587.70849609375,65857200
2025-02-04 00:00:00-05:00,587.767535135661,592.1622687341741,587.2268045597665,591.6510620117188,33457800
2025-02-05 00:00:00-05:00,590.5302274178379,594.1974260072697,588.5049031019603,594.0499267578125,30653100
2025-02-06 00:00:00-05:00,595.7901616750784,596.242440705887,592.4867305159943,596.1146240234375,35771500
2025-02-07 00:00:00-05:00,596.6750666805723,597.8941858585465,589.9501686239648,590.6580810546875,50788500
2025-02-10 00:00:00-05:00,593.8631663388722,595.3083949100401,592.5948408497425,594.6693115234375,26048700
2025-02-11 00:00:00-05:00,592.407967252875,595.6622514865878,592.2899918734154,595.1215209960938,30056700
2025-02-12 00:00:00-05:00,589.1145136580423,594.3744405625547,588.4361250659014,593.2044677734375,45076100
2025-02-13 00:00:00-05:00,594.3055902381474,599.6737110792319,593.047165943141,599.4672241210938,40921300
2025-02-14 00:00:00-05:00,599.6736338799176,600.7059485220444,598.8182823186273,599.4376831054688,26910400
2025-02-18 00:00:00-05:00,600.5977915687461,601.197509765625,598.1398710820379,601.197509765625,26749000
2025-02-19 00:00:00-05:00,599.8112758662747,602.9082197102092,599.3000091966954,602.61328125,31011100
2025-02-20 00:00:00-05:00,601.2467110134413,601.3843689751305,596.8028311734677,600.1062622070312,36554000
2025-02-21 00:00:00-05:00,599.8899309928074,600.0275889538111,589.3798596850504,589.8419799804688,76519800
2025-02-24 00:00:00-05:00,591.8869960824046,592.8800056614799,586.4500466079941,587.157958984375,50737200
2025-02-25 00:00:00-05:00,587.0990297013516,587.8265647106925,579.6367551973434,584.2379760742188,58266500
2025-02-26 00:00:00-05:00,585.8994552001853,589.488043359785,581.8979531727184,584.5328369140625,43321600
2025-02-27 00:00:00-05:00,586.8039490929929,587.9542991571739,574.809344386224,575.2025756835938,74196700
2025-02-28 00:00:00-05:00,575.7040488167072,584.7098443771037,572.6365684069419,584.178955078125,88744100
2025-03-03 00:00:00-05:00,586.1451821704109,587.2856908321073,570.1392358459373,573.944091796875,74249200
2025-03-04 00:00:00-05:00,569.9525173224438,575.5369060706639,562.6180601948478,567.1504516601562,109648200
2025-03-05 00:00:00-05:00,566.9833769883293,575.0355284425119,563.4341535288585,573.2461547851562,71230500
2025-03-06 00:00:00-05:00,565.7937090893346,570.4047711019521,560.523941077153,563.0703735351562,80094900
2025-03-07 00:00:00-05:00,561.2908538818324,567.6716070865215,556.1095373006934,566.226318359375,81158800
2025-03-10 00:00:00-04:00,558.0364891964213,559.9536192631458,546.2384702857362,551.1444702148438,99326600
2025-03-11 00:00:00-04:00,549.9843324603625,554.5265648872522,542.7285461144836,546.5628662109375,88102100
2025-03-12 00:00:00-04:00,552.7077001878538,553.631880779765,544.3704523001988,549.4632568359375,69588200
2025-03-13 00:00:00-04:00,549.0896792735167,549.6992388466521,540.4279685563406,542.138671875,74079400
2025-03-14 00:00:00-04:00,546.7496748611676,554.3397648685512,542.2074423986709,553.3369140625,62660300
2025-03-17 00:00:00-04:00,553.3172833424321,560.1208513978755,552.8846868765244,557.6039428710938,49008700
2025-03-18 00:00:00-04:00,555.2934322950165,555.5097605205915,549.6500559715837,551.5770874023438,66041400
2025-03-19 00:00:00-04:00,553.3566775077279,561.3399999727566,552.1768634471969,557.5842895507812,66556000
2025-03-20 00:00:00-04:00,553.8481847501696,560.9663132490421,553.1304311253591,555.9718017578125,62958200
2025-03-21 00:00:00-04:00,551.520408741678,557.0525594569796,550.287751620354,556.1551513671875,83763000
2025-03-24 00:00:00-04:00,562.880651498493,567.1703352751009,562.2890000340255,566.1151733398438,58766800
2025-03-25 00:00:00-04:00,567.3181993393742,568.4127846067184,565.73055113845,567.4760131835938,38355700
2025-03-26 00:00:00-04:00,567.2097618801449,568.3339598573967,559.3207546377017,560.7013549804688,51848300
2025-03-27 00:00:00-04:00,559.3108077400744,562.9792269072261,557.1018956425098,559.2122192382812,42164200
2025-03-28 00:00:00-04:00,557.6838635858104,558.413587192946,547.3689639965595,547.9507446289062,71662700
2025-03-31 00:00:00-04:00,542.201546342058,552.9305994826874,539.282592409213,551.62890625,95328200
2025-04-01 00:00:00-04:00,549.715889513425,555.1297110203275,545.9981756472096,553.18701171875,54609600
2025-04-02 00:00:00-04:00,547.3491617248258,559.5475341360295,547.1125011420022,556.6878051757812,76014500
2025-04-03 00:00:00-04:00,537.5470765410741,540.3673821784607,529.2537841796875,529.2537841796875,125986000
2025-04-04 00:00:00-04:00,516.404523136506,518.5740121118964,498.05273494035157,498.2696838378906,217965100
2025-04-07 00:00:00-04:00,482.40291724281104,515.9114550791749,475.115432610906,497.3821716308594,256611400
2025-04-08 00:00:00-04:00,514.6196789750944,517.6963871548359,482.37337814369187,489.5918273925781,165816600
2025-04-09 00:00:00-04:00,486.59399925019795,541.0084228515625,486.20939567811143,541.0084228515625,241867300
2025-04-10 00:00:00-04:00,524.7865408671853,526.098105010763,502.2535908103832,517.3018798828125,162331200
2025-04-11 00:00:00-04:00,515.7537548286505,528.9875485351057,512.8545420601603,526.5321044921875,97866300
2025-04-14 00:00:00-04:00,536.5017912856171,536.7286411738348,526.453165817952,531.6401977539062,68034000
2025-04-15 00:00:00-04:00,532.1826012332219,535.6932073834843,529.3622953201973,530.1511840820312,56892900
2025-04-16 00:00:00-04:00,524.3033791384568,530.4272422697393,513.0713913810127,518.3668823242188,83484800
2025-04-17 00:00:00-04:00,520.3194821276195,523.800475242003,516.6411916080497,519.1065063476562,79868100
2025-04-21 00:00:00-04:00,513.9293002870572,514.4618467446136,501.40552056556845,506.7503356933594,69368100
2025-04-22 00:00:00-04:00,512.9234746436815,521.9563602525908,511.9866431205122,519.934814453125,75948100
2025-04-23 00:00:00-04:00,532.9320165359907,537.8626460694973,526.4729038847668,527.9915161132812,90590700
2025-04-24 00:00:00-04:00,529.2734571828396,539.8348871004667,528.0211182344198,539.1051635742188,64150400
2025-04-25 00:00:00-04:00,539.0657336001437,543.4046513367819,536.1467793425768,543.0003662109375,61119600
2025-04-28 00:00:00-04:00,543.7400050325934,545.8700106135369,537.4583875113086,543.2074584960938,47613800
2025-04-29 00:00:00-04:00,541.2943585019403,547.7436606136026,540.9393676118534,546.6293334960938,47775100
2025-04-30 00:00:00-04:00,539.9729233205555,548.7987614609631,534.0068741379372,546.84619140625,93101500
2025-05-01 00:00:00-04:00,552.595342895286,556.2440206119321,550.1201573586014,550.7216796875,63186100
2025-05-02 00:00:00-04:00,556.894803218062,560.4941864598073,554.5774316657111,558.8966674804688,60717300
2025-05-05 00:00:00-04:00,554.7648727126054,558.788283367358,553.9069479669498,555.6918334960938,38659200
2025-05-06 00:00:00-04:00,550.1892553966732,555.5340413030556,549.2327420958744,551.0471801757812,48264700
2025-05-07 00:00:00-04:00,552.3784371058738,555.9975022415719,548.3254139860352,553.3645629882812,55588000
2025-05-08 00:00:00-04:00,557.3977713110521,562.3974366423718,553.9069074354913,557.2202758789062,65130800
2025-05-09 00:00:00-04:00,558.6205173502777,559.6263849147109,554.9521583078488,556.51025390625,37603400
2025-05-12 00:00:00-04:00,573.4026196086874,574.9114211824733,569.0340889310521,574.9015502929688,78993600
2025-05-13 00:00:00-04:00,575.3156554869938,580.9070323903663,574.7536167184122,578.6981201171875,67947200
2025-05-14 00:00:00-04:00,579.6546018902411,580.8083522191259,577.4160770724685,579.4376831054688,66283500
2025-05-15 00:00:00-04:00,577.4358426248243,582.770756919371,576.9822030720642,582.2678833007812,71268100
2025-05-16 00:00:00-04:00,583.0469103495059,586.2518193704545,581.1042713102905,585.9559936523438,76052100
2025-05-19 00:00:00-04:00,579.9405744991373,587.2773530559552,579.9405744991373,586.596923828125,68168500
2025-05-20 00:00:00-04:00,584.8614155899625,585.8080578995526,581.419785763877,584.6246948242188,60614500
2025-05-21 00:00:00-04:00,580.2759146876367,584.3584902721909,573.7477661832594,574.7733154296875,95197700
2025-05-22 00:00:00-04:00,574.5760959985981,578.4811762683786,573.3434386116112,575.0001831054688,70860400
2025-05-23 00:00:00-04:00,567.9886780015129,573.7378078530255,567.61394540951,571.0752563476562,76029000
2025-05-27 00:00:00-04:00,577.9387671986972,583.1060568711622,570.4047514802384,582.9483032226562,72588500
2025-05-28 00:00:00-04:00,583.3526850377893,584.5459191469531,578.8460820656009,579.5758056640625,68445500
2025-05-29 00:00:00-04:00,584.8318350718904,584.9699071457442,577.9388245287198,581.8635864257812,69973300
2025-05-30 00:00:00-04:00,580.7591899526665,582.928679235147,575.1481304892388,581.2128295898438,90601200
2025-06-02 00:00:00-04:00,579.6052986473595,584.5654800276525,576.9427470010985,584.4866333007812,61630500
2025-06-03 00:00:00-04:00,584.1218520308094,588.7960792462304,583.6385997733717,587.81982421875,63606200
2025-06-04 00:00:00-04:00,588.6777258495218,589.6539808386906,587.2280895107962,587.6619873046875,57314200
2025-06-05 00:00:00-04:00,589.3383724752952,590.6893600195378,582.8496477946317,584.8218994140625,92278700
2025-06-06 00:00:00-04:00,590.3540722792903,592.4940086999786,588.5790577947733,590.8274536132812,66588700
2025-06-09 00:00:00-04:00,591.3993476813894,592.9081490758875,590.1864321834666,591.3599243164062,53016400
2025-06-10 00:00:00-04:00,591.8924637491524,595.0973729509094,590.7781968461302,594.7128295898438,66247000
2025-06-11 00:00:00-04:00,595.8073544523882,596.6652790904382,590.9556323288738,593.0166015625,73658200
2025-06-12 00:00:00-04:00,591.6854337777163,595.37353515625,591.2022416981604,595.37353515625,64129000
2025-06-13 00:00:00-04:00,590.1963519379123,593.499849631983,587.218232455665,588.7171630859375,89506000
2025-06-16 00:00:00-04:00,592.0699627819344,596.0637602908375,591.892407169678,594.3182983398438,79984100
2025-06-17 00:00:00-04:00,591.8826784891205,593.401290785268,588.480531921813,589.2398681640625,82209400
2025-06-18 00:00:00-04:00,590.1371267775953,592.8785252065284,588.1944276516227,589.1510009765625,76605000
2025-06-20 00:00:00-04:00,591.8224395288368,592.8906208578056,586.3629131433069,587.7673950195312,94051400
2025-06-23 00:00:00-04:00,588.5190130228361,593.9587392448562,585.4035696790836,593.5730590820312,87426000
2025-06-24 00:00:00-04:00,597.7072691809916,601.1886530620405,596.7973078378046,600.1304321289062,67735300
2025-06-25 00:00:00-04:00,601.247995602986,601.940336500435,598.903972841808,600.4666748046875,62114800
2025-06-26 00:00:00-04:00,602.3161684365299,605.5997923429508,601.7029677445283,605.1646118164062,78548400
2025-06-27 00:00:00-04:00,606.1636033457827,609.6351477759472,604.1360808658505,608.1713256835938,86258400
2025-06-30 00:00:00-04:00,610.6142811588834,612.4340832221852,608.2998981128763,611.0791015625,92502500
2025-07-01 00:00:00-04:00,609.6053849111585,612.0483479268365,608.7746241554748,610.8812866210938,70030100
2025-07-02 00:00:00-04:00,610.4757300098587,613.6901136433279,609.8526292762224,613.6505737304688,66510400
2025-07-03 00:00:00-04:00,615.628656191773,619.4167005776212,615.6088560521965,618.4869995117188,51065800
2025-07-07 00:00:00-04:00,616.5286747873084,617.1913758193931,611.0988485499288,613.8780517578125,74814500
2025-07-08 00:00:00-04:00,614.5406899285775,615.2923708557059,612.7307881009865,613.5418090820312,59024600
2025-07-09 00:00:00-04:00,615.945166968477,617.8737488887257,614.1055045789822,617.2210083007812,66113300
2025-07-10 00:00:00-04:00,617.3594891460615,620.0002120765442,616.1825277796053,618.9617309570312,57529000
2025-07-11 00:00:00-04:00,615.9154666088177,618.0122289852302,614.7187654701638,616.7858276367188,63670200
2025-07-14 00:00:00-04:00,616.3308265898004,618.3089087938923,614.9857451789246,617.9627685546875,51898500
2025-07-15 00:00:00-04:00,620.6431287961128,620.9793689858044,615.242942324076,615.3220825195312,74317300
2025-07-16 00:00:00-04:00,616.9044910111767,617.8836320494379,611.276844692317,617.3792114257812,88987500
2025-07-17 00:00:00-04:00,617.5573456006476,621.5135103761386,617.3397251475282,621.1574096679688,68885700
2025-07-18 00:00:00-04:00,622.4035141905442,622.5716342647312,619.5946714429975,620.702392578125,65621600
2025-07-21 00:00:00-04:00,621.87939453125,624.6189973413707,621.4541141003111,621.87939453125,63375000
2025-07-22 00:00:00-04:00,622.2057439990875,622.8288447335428,619.3276609031153,621.9683837890625,60046300
2025-07-23 00:00:00-04:00,624.6289433239532,627.2598266601562,622.8288811376781,627.2598266601562,70511000
2025-07-24 00:00:00-04:00,627.6454273719465,629.1784892953694,627.0421268182102,627.4674072265625,71307100
2025-07-25 00:00:00-04:00,628.1301201477661,630.5928227551882,627.8828598800927,630.1180419921875,56865400
2025-07-28 00:00:00-04:00,630.4939604147171,631.0478210681617,628.5752180855901,629.9598999023438,54917100
2025-07-29 00:00:00-04:00,631.3543820995848,631.6708825055948,627.3883778702398,628.2982788085938,60556300
2025-07-30 00:00:00-04:00,628.9510415464463,630.6917636576716,624.6190364089183,627.507080078125,80418900
2025-07-31 00:00:00-04:00,632.4522656090571,632.8379457731452,623.8574957354674,625.1531372070312,103385200
2025-08-01 00:00:00-04:00,619.4364414435403,619.476041722763,612.5032535330552,614.9066162109375,140103600
2025-08-04 00:00:00-04:00,618.813325728958,624.3024917393647,618.7243458354196,624.2530517578125,73218000
2025-08-05 00:00:00-04:00,624.866279158634,625.6773001361546,620.1683337507773,621.088134765625,68051400
2025-08-06 00:00:00-04:00,622.1562946160922,626.4981995520814,621.2463937026511,625.845458984375,64357500
2025-08-07 00:00:00-04:00,629.2674923107387,629.9993730574174,622.2156245224251,625.3212280273438,74205800
2025-08-08 00:00:00-04:00,627.1114619051468,630.6621463802445,626.794961476664,630.197265625,64051600
2025-08-11 00:00:00-04:00,630.4742118551501,631.947873553624,627.70484826023,628.9510498046875,58742300
2025-08-12 00:00:00-04:00,631.2950454377703,635.8050706066525,629.8114837326607,635.6468505859375,64730800
2025-08-13 00:00:00-04:00,637.842432642892,639.1084341540673,635.6368904336466,637.8226928710938,60092800
2025-08-14 00:00:00-04:00,635.7457782923831,638.5447818220973,635.300758040457,637.8821411132812,59327500
2025-08-15 00:00:00-04:00,638.9107148606824,639.0096552004113,635.4787708739423,636.388671875,68592500
2025-08-18 00:00:00-04:00,635.814941575414,636.942462907598,635.1424008771667,636.2501220703125,43804900
2025-08-19 00:00:00-04:00,636.0721245937336,637.0512656505922,631.4829592777961,632.7984008789062,69750700
2025-08-20 00:00:00-04:00,632.3929672116759,632.6500672159099,626.0136394005863,631.1170654296875,88890300
2025-08-21 00:00:00-04:00,629.3071240874224,630.9785456585483,626.864161086776,628.5850830078125,54805800
2025-08-22 00:00:00-04:00,630.7708500494616,639.4150594466402,630.2664294390896,638.2380981445312,84083200
2025-08-25 00:00:00-04:00,636.9820621561176,638.218363635622,635.3105801411765,635.4292602539062,51274300
2025-08-26 00:00:00-04:00,635.1621986940528,638.4359222802034,634.5390979794016,638.0897216796875,51581600
2025-08-27 00:00:00-04:00,637.5062179210042,640.2755208793137,637.3578376120881,639.5436401367188,48341100
2025-08-28 00:00:00-04:00,640.146950913372,642.3623933153343,638.267809046051,641.8085327148438,61519500
2025-08-29 00:00:00-04:00,640.374419619015,640.7404203673219,636.0919150690585,637.98095703125,74522200
2025-09-02 00:00:00-04:00,630.5136938017484,633.4709169972102,627.9619508913343,633.2533569335938,81983500
2025-09-03 00:00:00-04:00,635.6270215222661,637.1501834379544,633.4412793439511,636.685302734375,70820900
2025-09-04 00:00:00-04:00,637.3578424589464,642.0360478647699,636.4578416280056,642.00634765625,65219200
2025-09-05 00:00:00-04:00,644.3404973975818,645.0625384730564,636.2798483910566,640.14697265625,85178900
2025-09-08 00:00:00-04:00,641.5118230975241,642.718484610511,640.1370415028089,641.7195434570312,63133100
2025-09-09 00:00:00-04:00,641.8579832056892,643.7272854003053,640.1271612550325,643.203125,66133900
2025-09-10 00:00:00-04:00,646.4570825189741,647.3768835600082,643.4998590892842,645.0625610351562,78034500
2025-09-11 00:00:00-04:00,647.0109525903231,651.1154976382888,646.4274520986086,650.4231567382812,69934400
2025-09-12 00:00:00-04:00,650.393364548417,651.8868261792371,649.7010841125947,650.2054443359375,72780100
2025-09-15 00:00:00-04:00,652.4110731340584,653.7956944276398,652.114372883025,653.6671142578125,63772400
2025-09-16 00:00:00-04:00,654.2210123755038,654.5276730798186,651.9858301119879,652.7671508789062,61169000
2025-09-17 00:00:00-04:00,652.7770367516476,654.4682584259048,647.1295902463727,651.9561157226562,101952200
2025-09-18 00:00:00-04:00,654.6365009878455,657.6036246179045,653.0342590569163,655.00244140625,90459200
2025-09-19 00:00:00-04:00,656.8877828567474,659.0895125014193,654.9438659954435,658.2465209960938,97945600
2025-09-22 00:00:00-04:00,656.7588899327194,661.8070328507519,656.7291073786307,661.3607788085938,69452200
2025-09-23 00:00:00-04:00,661.2417286303936,661.8566899635472,656.540685502851,657.7606201171875,81708900
2025-09-24 00:00:00-04:00,659.0498612769777,659.1490153831234,654.2496039734066,655.6678466796875,68082200
2025-09-25 00:00:00-04:00,652.5338627083877,653.9917550046746,649.0328388399253,652.6429443359375,89622100
2025-09-26 00:00:00-04:00,654.0910020825955,656.9274877414105,652.4743904900326,656.3820190429688,69179200
2025-09-29 00:00:00-04:00,658.9010899003678,659.8135740530697,656.4216318338509,658.2266845703125,73499000
2025-09-30 00:00:00-04:00,657.4828203674869,661.1722852976668,656.173659297658,660.7061157226562,86288000
2025-10-01 00:00:00-04:00,657.7208144097488,663.8698820443607,657.6117327913598,662.9574584960938,72545400
2025-10-02 00:00:00-04:00,664.9410037342527,665.0600128657511,661.3011766397112,663.7210693359375,56896000
2025-10-03 00:00:00-04:00,664.4848020775174,667.1527012490268,662.6698219114437,663.7112426757812,70494400
2025-10-06 00:00:00-04:00,666.1014192164715,666.9841207809839,663.9591941673339,666.0914916992188,54623300
2025-10-07 00:00:00-04:00,667.0138297258598,667.4601442579947,662.1838505424819,663.6219482421875,72020100
2025-10-08 00:00:00-04:00,664.7426772273783,667.6783772359653,663.919480237528,667.5791625976562,60702200
2025-10-09 00:00:00-04:00,667.9957845708525,668.4023890582872,663.7112737749407,665.6452026367188,66501900
2025-10-10 00:00:00-04:00,666.6071968358344,668.4122493878771,647.4757221413303,647.6542358398438,159422600
2025-10-13 00:00:00-04:00,655.2216030747315,659.664772492732,654.3488290056752,657.5919189453125,79560500
2025-10-14 00:00:00-04:00,651.7701536094826,660.3590300864076,647.8030207789583,656.78857421875,88779600
2025-10-15 00:00:00-04:00,661.3408732132422,664.7228272522149,653.5156893256119,659.7044067382812,81702600
2025-10-16 00:00:00-04:00,661.340821247798,663.2153058553965,651.7105854492366,655.2116088867188,110563300
2025-10-17 00:00:00-04:00,654.0810128478913,660.2895852935891,652.7322022395391,658.9308471679688,96500900
2025-10-20 00:00:00-04:00,661.8367798071084,666.6866142382812,661.7872027532737,665.7840576171875,60493400
2025-10-21 00:00:00-04:00,665.9229005771253,667.4601523988813,664.4748753427003,665.7741088867188,56249000
2025-10-22 00:00:00-04:00,666.4783066993808,666.4783066993808,657.8497808005621,662.3128051757812,80564000
2025-10-23 00:00:00-04:00,662.6301900162397,667.1825015615415,662.3128121266341,666.2402954101562,65604500
2025-10-24 00:00:00-04:00,670.9016937183009,672.8951271271609,670.0983517375236,671.6851806640625,74356500
2025-10-27 00:00:00-04:00,677.1201116013259,679.9070199177999,676.5151383891614,679.6094970703125,63339800
2025-10-28 00:00:00-04:00,681.4046232640447,683.2493254549719,679.2028936555786,681.41455078125,61738100
2025-10-29 00:00:00-04:00,683.0609104229828,684.0328991417463,677.2590027977353,681.7418823242188,85657100
2025-10-30 00:00:00-04:00,678.2805836148408,680.3037996369978,674.2440185546875,674.2440185546875,76335800
2025-10-31 00:00:00-04:00,679.4110606194914,679.4507706842933,673.65873085131,676.45556640625,87164100
2025-11-03 00:00:00-05:00,680.0359699637585,680.1649066224819,674.3530715971103,677.7251586914062,57315000
2025-11-04 00:00:00-05:00,670.5545580097922,674.3729598389511,669.0371611161902,669.6917114257812,78427000
2025-11-05 00:00:00-05:00,669.4337786331213,675.2654684624238,668.6304366940664,672.012451171875,74402400
2025-11-06 00:00:00-05:00,670.9115428502156,671.8140994484131,663.2252231578799,664.8021850585938,85035300
2025-11-07 00:00:00-05:00,662.4218719882706,665.5658682287408,655.7769731606511,665.4567260742188,100592400
2025-11-10 00:00:00-05:00,671.6751969912248,676.5746080726943,669.4833950163819,675.8406982421875,75842900
2025-11-11 00:00:00-05:00,674.3629519753922,677.9532020666294,673.1529450781785,677.3878784179688,58953400
2025-11-12 00:00:00-05:00,679.1632192686196,679.3318660026857,675.3548055474994,677.7648315429688,62312500
2025-11-13 00:00:00-05:00,674.9085136071693,675.265541055433,665.0105359672095,666.5180053710938,103457800
2025-11-14 00:00:00-05:00,659.9127066954921,670.1082064558575,657.8200586834998,666.4088745117188,96846700
2025-11-17 00:00:00-05:00,664.1972328051172,668.1742931923078,656.7290761218832,660.2003173828125,90456100
2025-11-18 00:00:00-05:00,656.6596108350068,659.6548153709225,650.4708935566339,654.65625,114467500
2025-11-19 00:00:00-05:00,655.3505280387882,661.856623370592,653.3371790986623,657.185302734375,94703000
2025-11-20 00:00:00-05:00,667.3808213360044,670.0090710879778,646.5335791707308,647.1683349609375,165293500
2025-11-21 00:00:00-05:00,649.667590792559,659.0895314498267,645.5020891320908,653.6149291992188,123956200
2025-11-24 00:00:00-05:00,657.2447591605586,664.5541959227929,656.1538219404428,663.235107421875,80437900
2025-11-25 00:00:00-05:00,663.1360016067486,670.6537351639657,659.0200771396823,669.4735107421875,81077100
2025-11-26 00:00:00-05:00,672.0620713400136,676.0986363282427,671.1595147067713,674.09521484375,71879600
2025-11-28 00:00:00-05:00,675.2654787466182,678.0523870500939,674.9084513312986,677.7747192382812,49212000
2025-12-01 00:00:00-05:00,673.232272756968,677.3779187836101,673.1628406770591,674.6802978515625,61201200
2025-12-02 00:00:00-05:00,676.316803165018,678.2012155152329,673.7481184984898,675.9300537109375,62953800
2025-12-03 00:00:00-05:00,674.9779023816353,679.2822075879724,674.105128319461,678.2706298828125,57238500
2025-12-04 00:00:00-05:00,679.6689755171525,679.7384076011712,675.7415530139849,678.7664794921875,61970300
2025-12-05 00:00:00-05:00,679.8375623637357,682.7336127271673,678.9549213715281,680.0557861328125,79241000
2025-12-08 00:00:00-05:00,680.9484564225444,680.9980334759979,675.9696853695019,678.0127563476562,55231500
2025-12-09 00:00:00-05:00,677.5366934232544,679.7582780276033,676.9812972721672,677.4275512695312,58310100
2025-12-10 00:00:00-05:00,676.9515664343469,683.3088703732143,675.711837383319,681.92041015625,85671300
2025-12-11 00:00:00-05:00,679.51034738166,683.5865617528303,676.5647198382891,683.5072021484375,86173700
2025-12-12 00:00:00-05:00,682.5154459360199,683.2196338188487,673.5893968987631,676.1581420898438,113160300
2025-12-15 00:00:00-05:00,680.1053789946951,680.1252340287925,673.6687159286942,675.1365356445312,90811000
2025-12-16 00:00:00-05:00,673.6488975485244,675.4837328267965,669.4338188610296,673.2918701171875,122030600
2025-12-17 00:00:00-05:00,674.3034691132465,674.8489377460819,665.6848710067972,665.8832397460938,110625200
2025-12-18 00:00:00-05:00,672.0322187932205,675.1464323222394,669.3544527925658,670.9114990234375,108650100
2025-12-19 00:00:00-05:00,673.0134542661981,677.4896664833268,672.8940327515619,676.9923095703125,103599500
2025-12-22 00:00:00-05:00,680.3245900087294,681.7370666700199,676.9923229108747,681.2098999023438,69556700
2025-12-23 00:00:00-05:00,680.3046207584179,684.562024812114,680.2548972126992,684.3233032226562,64840000
2025-12-24 00:00:00-05:00,684.313382495532,687.1781631452748,684.164151137988,686.7305297851562,39445600
2025-12-26 00:00:00-05:00,686.989161229118,688.0037280321676,685.6264081645946,686.660888671875,41613300
2025-12-29 00:00:00-05:00,683.9055083361335,685.5567672531378,682.4433081832867,684.2138671875,62559500
2025-12-30 00:00:00-05:00,683.8160334465714,684.9201512250444,682.9506372729019,683.3783569335938,47160700
2025-12-31 00:00:00-05:00,683.5076844111845,683.726492314561,678.1063955310838,678.3152465820312,74144800
2026-01-02 00:00:00-05:00,682.0852055985325,683.2390468658663,676.2263268834449,679.55859375,89377200
2026-01-05 00:00:00-05:00,682.910778712987,685.7855161168121,682.7516512212146,684.0845336914062,71927200
2026-01-06 00:00:00-05:00,684.2934596862484,688.6602678554459,684.1442890432024,688.1529541015625,69273800
2026-01-07 00:00:00-05:00,688.5309418430683,690.2916046822218,685.6761181181482,685.9347534179688,75588300
2026-01-08 00:00:00-05:00,685.1787573638412,686.9692300361542,683.8557710289468,685.8651123046875,64019200
2026-01-09 00:00:00-05:00,686.9791831428475,691.6344363504869,685.5368360184962,690.4010009765625,80125500
2026-01-12 00:00:00-05:00,687.0289310253164,692.410366767912,686.979207477028,691.4852294921875,63976000
2026-01-13 00:00:00-05:00,691.813478661017,692.4103433578374,687.6953490317495,690.1026000976562,78309700
2026-01-14 00:00:00-05:00,687.3472637531122,688.0634285762314,682.4134612479594,686.7106323242188,94676700
2026-01-15 00:00:00-05:00,690.8983886882239,691.7737417111902,687.5959315038539,688.5806884765625,77862000
2026-01-16 00:00:00-05:00,689.9931507530615,690.5800586110835,686.4519720383781,688.0037231445312,79289200
2026-01-20 00:00:00-05:00,677.8874730475171,681.1501633341576,672.9934983300664,673.9981689453125,111623300
2026-01-21 00:00:00-05:00,676.0572511802958,685.0991655259935,674.5452667925615,681.77685546875,127844500
2026-01-22 00:00:00-05:00,686.2033478813381,687.476610793547,683.2888434897402,685.3379516601562,77112200
2026-01-23 00:00:00-05:00,684.5123006998919,687.3074439470811,683.5274830754288,685.5865478515625,63059600
2026-01-26 00:00:00-05:00,686.8399050563427,690.4606777697717,686.272910918868,689.0680541992188,60473800
2026-01-27 00:00:00-05:00,690.5104039402848,692.8480177488461,689.9036431059924,691.8134765625,55506100
2026-01-28 00:00:00-05:00,693.3652237572153,694.1510864943795,690.271678492269,691.7438354492188,61172200
2026-01-29 00:00:00-05:00,692.7087686795362,693.375209936545,681.2098793986574,690.3711547851562,97486200
2026-01-30 00:00:00-05:00,688.1330315570439,690.5402826440542,683.487735152998,688.3120727539062,101835100
2026-02-02 00:00:00-05:00,685.9348095869553,693.2459322689688,685.7756213682558,691.7339477539062,79286500
2026-02-03 00:00:00-05:00,692.529690413304,693.2757257351432,680.4140840721383,685.885009765625,107904600
2026-02-04 00:00:00-05:00,686.7006659106327,687.7948875474046,678.1561081391175,682.5626831054688,105204600
2026-02-05 00:00:00-05:00,677.3404209861714,680.0758839506523,672.2176206040476,674.0379638671875,113610800
2026-02-06 00:00:00-05:00,677.8576866055596,688.6503070282812,677.2508650473027,686.96923828125,89127600
2026-02-09 00:00:00-05:00,685.7755944360715,692.1915108078678,684.7013472083629,690.2816772460938,73885200
2026-02-10 00:00:00-05:00,691.276360737094,692.8579216647231,688.0037135108784,688.4613037109375,65185700
2026-02-11 00:00:00-05:00,692.7087599208829,693.4547952732178,685.5368515439336,688.3021850585938,76353900
2026-02-12 00:00:00-05:00,690.5701102294341,691.6742279947084,676.7734344520502,677.668701171875,118829000
2026-02-13 00:00:00-05:00,678.0864377658819,682.6522007204912,673.9384983110481,678.1461181640625,96267500
2026-02-17 00:00:00-05:00,676.5446598627462,681.31927396984,672.2077222570326,679.2402954101562,81354700
2026-02-18 00:00:00-05:00,680.4041503420104,685.507036973797,679.2204384959671,682.662109375,73570300
2026-02-19 00:00:00-05:00,680.225062656192,682.5526587813481,677.9471293624403,680.8616333007812,58649400
2026-02-20 00:00:00-05:00,678.7131823752115,686.4122580979458,678.126274472082,685.7855834960938,100034000
2026-02-23 00:00:00-05:00,684.1940214696967,686.3525334522094,676.7734345413753,678.7827758789062,90558100
2026-02-24 00:00:00-05:00,678.295350173768,684.7112054782021,676.4053697086953,683.7164916992188,73798700
2026-02-25 00:00:00-05:00,686.53156929616,690.0130676270821,686.4519751919497,689.4859008789062,56369500
2026-02-26 00:00:00-05:00,689.615191050754,689.6350440416309,680.7323436648176,685.6561889648438,71671000
2026-02-27 00:00:00-05:00,679.4790749097389,683.2291046432514,678.0367277603054,682.3637084960938,83308900
2026-03-02 00:00:00-05:00,675.1123137702438,684.9798583327654,674.4359156260907,682.751708984375,87477200
2026-03-03 00:00:00-05:00,671.4915420947397,679.0016196644848,666.1200629162043,676.7337036132812,105003100
2026-03-04 00:00:00-05:00,678.026741603972,683.4579005621853,676.0273572426378,681.5082397460938,79182200
2026-03-05 00:00:00-05:00,678.474445192334,681.9062201445739,672.0386149612469,677.70849609375,106606500
2026-03-06 00:00:00-05:00,669.8502072585248,672.5359467168151,666.2195382406165,668.82568359375,100687000
2026-03-09 00:00:00-04:00,662.8673651303956,676.3258117079225,658.888509802078,674.6845703125,102667700
2026-03-10 00:00:00-04:00,674.1374043547928,679.7476047325034,671.1930903760745,673.6002807617188,81505300
2026-03-11 00:00:00-04:00,673.9982140650914,676.4849986405864,669.7806371390539,672.7548217773438,68441700
2026-03-12 00:00:00-04:00,667.6120785283837,668.0995392824933,662.3500644519811,662.5390625,108882200
2026-03-13 00:00:00-04:00,665.7321452917186,668.7859240392634,657.863924887251,658.7890014648438,97200200
2026-03-16 00:00:00-04:00,664.8468199428278,668.5173163233716,663.5934708305671,665.493408203125,82023100
2026-03-17 00:00:00-04:00,668.8355969918504,670.8747480492216,666.1598145596139,667.2440185546875,87128000
2026-03-18 00:00:00-04:00,664.8268919718373,666.1796881508768,657.6948111200146,657.9335327148438,82062600
2026-03-19 00:00:00-04:00,653.4971375917409,659.4753776238247,651.7066647804095,656.3121948242188,111272500
2026-03-20 00:00:00-04:00,654.8230422006715,655.0025723674255,643.063298812559,646.9034423828125,163617500
2026-03-23 00:00:00-04:00,656.3790129905765,660.9173090129275,652.2596206790361,653.6959228515625,134802700
2026-03-24 00:00:00-04:00,649.6463809650626,655.3417305137531,648.2100787416998,651.5015869140625,96457500
2026-03-25 00:00:00-04:00,656.9774239230809,659.1917509309695,652.5588148295345,655.1322021484375,90653800
2026-03-26 00:00:00-04:00,650.3844333840033,653.1672421520028,643.1630473705688,643.432373046875,96494400
2026-03-27 00:00:00-04:00,640.8489947137006,641.0085567819559,631.4831091918358,632.4606323242188,103649400
2026-03-30 00:00:00-04:00,638.4651675144013,638.7245091624994,627.6630399662237,630.3460693359375,99275900
2026-03-31 00:00:00-04:00,637.2981538716512,649.865752001465,636.3405988140365,648.6688842773438,152534100
2026-04-01 00:00:00-04:00,652.219751792706,656.8278752918841,651.3220400966815,653.5562744140625,97841500
2026-04-02 00:00:00-04:00,644.7589215344626,656.5086804928782,643.4522901873171,654.144775390625,68358700
2026-04-06 00:00:00-04:00,654.1746977251443,658.0247645183308,653.8356054757206,657.23681640625,39105800
2026-04-07 00:00:00-04:00,654.9626585699763,657.9150134208243,649.386996170508,657.5260009765625,69980400
2026-04-08 00:00:00-04:00,674.6519776493207,675.3402070755335,669.734652974974,674.27294921875,93606100
2026-04-09 00:00:00-04:00,673.1059235004034,679.4096297331154,672.0386657215836,678.162841796875,57134400
2026-04-10 00:00:00-04:00,679.5692561407437,680.2774536083281,676.7066358948267,677.7140502929688,42253500
2026-04-13 00:00:00-04:00,675.669302461078,684.536473353906,674.8414790590384,684.3369750976562,54185800
2026-04-14 00:00:00-04:00,685.9229138241225,692.7952238870419,685.8929616905456,692.675537109375,63480500
2026-04-15 00:00:00-04:00,693.4734516118131,698.480571570673,692.4161778504387,698.1414184570312,58240400
2026-04-16 00:00:00-04:00,699.2585607342904,700.9741726960574,696.7350934539525,699.8569946289062,49972400
2026-04-17 00:00:00-04:00,704.3255249385737,710.5594650064761,703.9464965121796,708.3152465820312,70661900
2026-04-20 00:00:00-04:00,706.9587079747221,708.0857482546458,704.3254772575062,706.8988037109375,43546800
2026-04-21 00:00:00-04:00,708.4548936431559,709.4523240430285,700.8345107773317,702.2708129882812,58941400
2026-04-22 00:00:00-04:00,707.3278031045794,709.6218808832724,706.4001392457644,709.3825073242188,42518500
2026-04-23 00:00:00-04:00,707.6768673789517,710.5295037064266,700.4754491270062,706.6295776367188,56174000
2026-04-24 00:00:00-04:00,708.9236633096505,712.6340752101273,707.1881441382454,712.10546875,45182000
2026-04-27 00:00:00-04:00,711.3374146094498,713.7911152864904,710.4696550399041,713.332275390625,33135900
2026-04-28 00:00:00-04:00,709.9908768700561,711.0481506026886,707.4274735730012,709.8612060546875,43117400
2026-04-29 00:00:00-04:00,709.1729992133655,710.3699278433978,706.5497524472755,709.7515258789062,41859200
2026-04-30 00:00:00-04:00,712.7936806635566,717.9403946619685,708.6244289610544,716.8132934570312,67240900
2026-05-01 00:00:00-04:00,719.3966516418469,723.0073446973263,718.6186267345964,718.7982177734375,43049800
2026-05-04 00:00:00-04:00,718.2196821209096,720.2644021704073,713.152718877996,716.1649780273438,51950600
2026-05-05 00:00:00-04:00,719.9153564929043,723.1769124909786,719.6360467603954,721.9102172851562,36933200
2026-05-06 00:00:00-04:00,726.288861980811,732.7023927493656,725.9497697512824,731.9443359375,53288900
2026-05-07 00:00:00-04:00,733.161188473549,734.238430329629,727.8748196364371,729.7001342773438,51724600
2026-05-08 00:00:00-04:00,733.0415191543954,736.1834492768152,732.6824588199246,735.724609375,47227100
2026-05-11 00:00:00-04:00,734.5576163199453,738.8864300819614,734.5576163199453,737.4002685546875,44024000
2026-05-12 00:00:00-04:00,734.9964788307154,736.9414802248905,729.9494836014034,736.2831420898438,54185300
2026-05-13 00:00:00-04:00,736.5723674930287,741.9983910774667,733.5800764180441,740.4025268554688,44200200
2026-05-14 00:00:00-04:00,741.7391534739264,747.6040491923611,741.649357949993,746.2474975585938,45307600
2026-05-15 00:00:00-04:00,739.8838927249178,741.5496453663399,736.0637780312098,737.2706298828125,60410800
2026-05-18 00:00:00-04:00,737.9289136337939,739.5147938000424,731.5054597381557,736.751953125,47843900
2026-05-19 00:00:00-04:00,732.8919551385734,735.7545755811656,729.650306265128,731.8446044921875,54255900
2026-05-20 00:00:00-04:00,733.8195334397973,739.9636778498481,732.0042028263388,739.3452758789062,45768000
2026-05-21 00:00:00-04:00,736.7419902854853,742.9559620700644,735.1361419849363,740.8114624023438,43332200
2026-05-22 00:00:00-04:00,744.3224328967863,747.015507083493,742.566945697205,743.7239990234375,41762000
2026-05-26 00:00:00-04:00,748.0827892360243,750.1973368284331,746.4469887578754,748.6613159179688,41123600
2026-05-27 00:00:00-04:00,748.9505199197505,749.4492351039673,746.2973210478585,748.5316162109375,42106300
2026-05-28 00:00:00-04:00,748.3221518516883,753.2095851254732,747.3047533704411,752.6609497070312,41562600
2026-05-29 00:00:00-04:00,753.9576670103595,756.1320579864754,752.7507543048832,754.5361328125,55075700
2026-06-01 00:00:00-04:00,753.4189990020213,758.3264003155792,752.7507376917755,756.5908203125,43634900
2026-06-02 00:00:00-04:00,755.0847737682097,758.4461093852723,754.805464031348,757.6182250976562,31581900
2026-06-03 00:00:00-04:00,756.2018667594974,756.8501599793441,751.6336185743088,752.3018798828125,51402500
2026-06-04 00:00:00-04:00,750.1673635570705,756.3614281257201,749.5389775481502,755.1445922851562,49923000
2026-06-05 00:00:00-04:00,750.3768677170906,750.8855669656407,733.6400171295905,735.65478515625,93989400
2026-06-08 00:00:00-04:00,741.4498108327123,743.4247643242134,736.2931129658897,737.3204345703125,49319100
2026-06-09 00:00:00-04:00,741.7191759970133,744.9807928982774,720.7332622187009,735.1560668945312,87683500
2026-06-10 00:00:00-04:00,731.5054857614351,736.4826536495077,723.4661992814284,723.56591796875,60341300
2026-06-11 00:00:00-04:00,726.8873842592473,738.0984921563339,722.5485255148498,735.8642578125,86330500
2026-06-12 00:00:00-04:00,738.8066884479139,742.5270843334097,733.1412911200548,739.843994140625,57079500
2026-06-15 00:00:00-04:00,749.9179969688896,754.7356026867302,749.8282623277308,752.890380859375,60176400
2026-06-16 00:00:00-04:00,752.6111046530555,753.4988323298886,747.9531216783239,748.4019775390625,67093100
2026-06-17 00:00:00-04:00,749.3594421826946,750.217278570044,737.3204502885575,739.0560302734375,85945200
2026-06-18 00:00:00-04:00,747.760009765625,748.22998046875,743.8599853515625,746.739990234375,80875700
2026-06-22 00:00:00-04:00,747.7000122070312,750.1799926757812,743.1300048828125,744.3900146484375,46628100
2026-06-23 00:00:00-04:00,733.8099975585938,739.6300048828125,732.2999877929688,733.5800170898438,66846800
2026-06-24 00:00:00-04:00,735.1699829101562,739.9500122070312,730.8400268554688,733.239990234375,57439500
2026-06-25 00:00:00-04:00,738.9099731445312,739.3699951171875,729.5999755859375,734.2999877929688,53934400
2026-06-26 00:00:00-04:00,728.9500122070312,736.530029296875,716.5800170898438,728.989990234375,71034000
2026-06-29 00:00:00-04:00,736.530029296875,741.5599975585938,732.0900268554688,741.0,58035200
2026-06-30 00:00:00-04:00,741.2899780273438,748.02001953125,740.8900146484375,746.77001953125,55626000
2026-07-01 00:00:00-04:00,745.0,749.4400024414062,742.3800048828125,745.760009765625,47100900
2026-07-02 00:00:00-04:00,747.4000244140625,751.3099975585938,740.030029296875,744.780029296875,57447800
2026-07-06 00:00:00-04:00,748.739990234375,752.4099731445312,747.4099731445312,751.280029296875,50673300
2026-07-07 00:00:00-04:00,750.219970703125,750.9600219726562,745.2100219726562,747.7100219726562,43721500
2026-07-08 00:00:00-04:00,743.1599731445312,746.1500244140625,739.510009765625,745.4000244140625,43767400
2026-07-09 00:00:00-04:00,747.3499755859375,751.969970703125,745.5900268554688,751.7100219726562,41441700
2026-07-10 00:00:00-04:00,752.0499877929688,755.4199829101562,748.0999755859375,754.9500122070312,42191300
2026-07-13 00:00:00-04:00,752.469970703125,753.9099731445312,748.0,749.1699829101562,44013600
2026-07-14 00:00:00-04:00,750.9099731445312,753.3400268554688,748.6599731445312,751.8300170898438,35143100
2026-07-15 00:00:00-04:00,754.239990234375,755.5800170898438,750.2000122070312,754.8099975585938,43844800
2026-07-16 00:00:00-04:00,752.760009765625,754.5700073242188,747.8800048828125,750.719970703125,46409800
2026-07-17 00:00:00-04:00,742.0800170898438,747.2899780273438,740.7999877929688,743.2899780273438,62651000
2026-07-20 00:00:00-04:00,747.0599975585938,748.72998046875,741.510009765625,742.0900268554688,50422300
2026-07-21 00:00:00-04:00,746.2899780273438,749.0399780273438,744.1799926757812,748.280029296875,34324300
2026-07-22 00:00:00-04:00,746.6199951171875,750.02001953125,746.3699951171875,747.4099731445312,32836200
2026-07-23 00:00:00-04:00,739.3699951171875,742.5599975585938,735.2100219726562,738.1799926757812,55437300
2026-07-24 00:00:00-04:00,738.510009765625,743.719970703125,737.2899780273438,738.9299926757812,44782000
2026-07-27 00:00:00-04:00,744.9099731445312,745.530029296875,735.8699951171875,739.0900268554688,41461200
2026-07-28 00:00:00-04:00,739.1900024414062,742.7899780273438,735.97998046875,740.8599853515625,47322200
2026-07-29 00:00:00-04:00,739.969970703125,742.6799926757812,729.0999755859375,729.4600219726562,70697200
2026-07-30 00:00:00-04:00,736.0499877929688,742.4500122070312,734.5900268554688,741.6900024414062,66811300
2026-07-31 00:00:00-04:00,744.6799926757812,748.9000244140625,737.6799926757812,747.030029296875,62445900
2026-08-03 00:00:00-04:00,749.4400024414062,758.5800170898438,748.7999877929688,757.6699829101562,59927500
2026-08-04 00:00:00-04:00,760.6300048828125,773.4099731445312,760.52001953125,771.3300170898438,69154800
2026-08-05 00:00:00-04:00,775.8499755859375,776.8499755859375,769.510009765625,769.7899780273438,44689100
2026-08-06 00:00:00-04:00,770.2100219726562,771.8200073242188,767.4600219726562,768.5599975585938,38416900
2026-08-07 00:00:00-04:00,771.02001953125,773.9199829101562,769.6099853515625,773.260009765625,43586300
2026-08-10 00:00:00-04:00,772.5999755859375,775.0499877929688,771.6199951171875,773.030029296875,39249500
2026-08-11 00:00:00-04:00,774.530029296875,774.6099853515625,769.2000122070312,770.5599975585938,36740600
2026-08-12 00:00:00-04:00,774.7100219726562,774.9000244140625,771.280029296875,772.489990234375,33179100
2026-08-13 00:00:00-04:00,774.8699951171875,779.3699951171875,774.1099853515625,777.8800048828125,35634500
2026-08-14 00:00:00-04:00,778.5399780273438,778.7999877929688,775.4299926757812,776.3400268554688,31332500
2026-08-17 00:00:00-04:00,776.1799926757812,776.7750244140625,772.510009765625,772.6699829101562,33285717
