Date,open,high,low,close,volume
2011-12-30 00:00:00-05:00,97.90716843433174,98.14801695809304,97.503173828125,97.503173828125,95599000
2012-01-03 00:00:00-05:00,99.25898416293009,99.74067515991628,99.0025999583692,99.0569839477539,193697900
2012-01-04 00:00:00-05:00,98.82393583774889,99.29785614140188,98.44324779834982,99.21239471435547,127186500
2012-01-05 00:00:00-05:00,98.6763363723857,99.6241711567596,98.22572260327195,99.47655487060547,173895000
2012-01-06 00:00:00-05:00,99.60084946160438,99.61639113537505,98.8938574177459,99.22016143798828,148050000
2012-01-09 00:00:00-05:00,99.44548737598063,99.58532690228668,98.98710867776519,99.46102905273438,99530200
2012-01-10 00:00:00-05:00,100.5253891265285,100.72738347766638,100.18354341319956,100.32339477539062,115282000
2012-01-11 00:00:00-05:00,100.01263238791672,100.50985934208268,99.84948627668884,100.3777847290039,111540700
2012-01-12 00:00:00-05:00,100.66521632134673,100.76620754525788,99.86498030917693,100.61859130859375,118983700
2012-01-13 00:00:00-05:00,99.94268707662926,100.26122616164862,99.22792425366417,100.09806823730469,179836200
2012-01-17 00:00:00-05:00,101.06145749380507,101.24792201259545,100.14468842828173,100.48653411865234,132209200
2012-01-18 00:00:00-05:00,100.46320645284428,101.65188935547485,100.28451873576688,101.5975112915039,163395200
2012-01-19 00:00:00-05:00,101.94714144147943,102.2190673781396,101.6208374303812,102.13360595703125,126328900
2012-01-20 00:00:00-05:00,101.96270768347438,102.51431274414062,101.71408826949862,102.51431274414062,138230200
2012-01-23 00:00:00-05:00,102.17245606561443,102.74737950791362,101.7606905781653,102.25015258789062,129295800
2012-01-24 00:00:00-05:00,101.6208374303812,102.16467744887825,101.46545626149965,102.13360595703125,103083300
2012-01-25 00:00:00-05:00,101.9782247181614,103.22906283266595,101.58200091350145,102.98822021484375,198613200
2012-01-26 00:00:00-05:00,103.44659985655615,103.64082930567083,102.05592221701784,102.45992279052734,184880500
2012-01-27 00:00:00-05:00,101.96268586028079,102.59198731683087,101.89275425580131,102.41329956054688,135259100
2012-01-30 00:00:00-05:00,101.39553280692901,102.11807248978441,101.04592218514541,102.06368255615234,147311800
2012-01-31 00:00:00-05:00,102.56869668510144,102.69299452999037,101.52761776852525,102.02485656738281,157212000
2012-02-01 00:00:00-05:00,102.7784683094685,103.43885329553525,102.65417044965248,102.91831970214844,166234500
2012-02-02 00:00:00-05:00,103.1202844137232,103.34559718850956,102.71629573966396,103.08143615722656,113090400
2012-02-03 00:00:00-05:00,104.10696656641957,104.58865172266123,103.92827882375293,104.52649688720703,160598500
2012-02-06 00:00:00-05:00,104.09142125008121,104.50318664758137,103.97488834694808,104.45657348632812,107694500
2012-02-07 00:00:00-05:00,104.23903326397092,104.8994179677657,103.82726788319314,104.72071838378906,135528100
2012-02-08 00:00:00-05:00,104.77514795926383,105.05483887609833,104.34784074537414,105.03153228759766,139361400
2012-02-09 00:00:00-05:00,105.20243773687692,105.34227724470398,104.54205289260642,105.16358947753906,148602900
2012-02-10 00:00:00-05:00,104.23128417118686,104.4721267676401,103.9826648104457,104.38666534423828,167907500
2012-02-13 00:00:00-05:00,105.13251798296338,105.28789916549046,104.68190425525783,105.16358947753906,115841900
2012-02-14 00:00:00-05:00,104.88391599054246,105.09368714187491,104.30122756837278,105.03153228759766,165329500
2012-02-15 00:00:00-05:00,105.37336092677833,105.52874210979596,104.33228210542904,104.54205322265625,195195100
2012-02-16 00:00:00-05:00,104.54983386155037,105.79289522657757,104.36336932212512,105.69966888427734,186567800
2012-02-17 00:00:00-05:00,106.06483155758481,106.1502929979821,105.62975944458981,105.9793701171875,129869400
2012-02-21 00:00:00-05:00,106.22798010204772,106.47659951791721,105.69968162556441,106.02598571777344,134042300
2012-02-22 00:00:00-05:00,105.86280029839155,106.08811306746223,105.49764803526858,105.68411254882812,124455300
2012-02-23 00:00:00-05:00,105.62973512115879,106.22795321136184,105.27234776502247,106.1502685546875,137704300
2012-02-24 00:00:00-05:00,106.38333892822266,106.59311003437682,106.15027309341107,106.38333892822266,105539100
2012-02-27 00:00:00-05:00,105.67634133689589,106.8494827124953,105.50541850669963,106.56202697753906,145728900
2012-02-28 00:00:00-05:00,106.59309665409697,106.99709714176375,106.38332557427466,106.87278747558594,129355900
2012-02-29 00:00:00-05:00,107.02817381709315,107.36225457928161,106.08033331249732,106.45326232910156,185934700
2012-03-01 00:00:00-05:00,106.6785635543287,107.20687373534484,106.38333104567783,107.00486755371094,145023500
2012-03-02 00:00:00-05:00,106.9349349434897,107.074786272013,106.43770816784735,106.67855072021484,120638300
2012-03-05 00:00:00-05:00,106.51541805482373,106.5931027094813,105.87833987058768,106.24349212646484,140765000
2012-03-06 00:00:00-05:00,105.1558221396895,105.21796512740607,104.38666929992638,104.68966674804688,202129900
2012-03-07 00:00:00-05:00,104.93052088064462,105.59090578221347,104.82951776856753,105.41998291015625,143692200
2012-03-08 00:00:00-05:00,106.06480711017548,106.68634363754695,105.84727110381895,106.46879577636719,116968900
2012-03-09 00:00:00-05:00,106.67077552468062,107.16022549025527,106.5387009717592,106.88054656982422,122836800
2012-03-12 00:00:00-04:00,106.86505248274423,107.02819859230416,106.50766505614175,106.88835906982422,104003500
2012-03-13 00:00:00-04:00,107.46324967885704,108.86946865845381,107.284550092797,108.81507873535156,184090500
2012-03-14 00:00:00-04:00,108.84618652753203,109.11810063965483,108.36448943907732,108.69857025146484,145163600
2012-03-15 00:00:00-04:00,108.86171781032915,109.37448640098066,108.58202692950331,109.32787322998047,165118500
2012-03-16 00:00:00-04:00,109.52607312398415,109.6197080194134,109.24515653091927,109.47925567626953,152893500
2012-03-19 00:00:00-04:00,109.40901087947859,110.24394967073373,109.3309738753874,109.90841674804688,125291100
2012-03-20 00:00:00-04:00,109.28416044150282,109.72113910417083,108.96422538248675,109.58848571777344,121729700
2012-03-21 00:00:00-04:00,109.65091753240607,109.75235135755901,109.18271928464651,109.40901947021484,122388400
2012-03-22 00:00:00-04:00,108.60527797271789,108.89400538937565,108.26194608029648,108.62088775634766,135216700
2012-03-23 00:00:00-04:00,108.71454230804883,109.09689273343696,108.11369061658269,108.97203826904297,120521000
2012-03-26 00:00:00-04:00,109.75240308141042,110.50151824951172,109.71339646469421,110.50151824951172,120164000
2012-03-27 00:00:00-04:00,110.60293169548217,110.67315787317933,110.08791591214658,110.15814208984375,119868500
2012-03-28 00:00:00-04:00,110.10353029573713,110.27520223068386,108.9642539917069,109.61192321777344,148562100
2012-03-29 00:00:00-04:00,108.96424175883526,109.62752069728266,108.53506196965031,109.42462921142578,164963700
2012-03-30 00:00:00-04:00,109.96304847818847,110.06449421631554,109.28417169355792,109.87721252441406,135486800
2012-04-02 00:00:00-04:00,109.7445238580773,110.96963554037131,109.5260345744586,110.680908203125,151741100
2012-04-03 00:00:00-04:00,110.52489707671633,110.71217879476286,109.58070145338536,110.2283706665039,155806700
2012-04-04 00:00:00-04:00,109.41679602643836,109.51043089412609,108.73010857866541,109.13587951660156,146896000
2012-04-05 00:00:00-04:00,108.76134516028779,109.40120336758143,108.66769837117067,109.08126831054688,137439400
2012-04-09 00:00:00-04:00,107.70790748280172,109.12028922089641,107.55964431130656,107.85617065429688,127555900
2012-04-10 00:00:00-04:00,107.64549338166377,107.94981869986587,105.93658509222993,106.04582977294922,235360300
2012-04-11 00:00:00-04:00,107.1304630744169,107.32554368537436,106.70909419373004,106.9041748046875,154133000
2012-04-12 00:00:00-04:00,107.00563793717396,108.38680031452239,106.9276009173879,108.30096435546875,154321500
2012-04-13 00:00:00-04:00,108.0512657970108,108.32438345562383,106.91198962083715,107.01343536376953,169246700
2012-04-16 00:00:00-04:00,107.55965635644958,107.71571848353014,106.57645423974266,106.94320678710938,147825300
2012-04-17 00:00:00-04:00,107.55964047202421,108.74573389487276,107.45039580852338,108.5272445678711,147877600
2012-04-18 00:00:00-04:00,108.04347120558596,108.52726740191203,107.98104396948294,108.16051483154297,123884200
2012-04-19 00:00:00-04:00,108.17611502936708,108.58187416790658,106.95881380019507,107.46601867675781,198666700
2012-04-20 00:00:00-04:00,107.9420265809837,108.33218788060117,107.58307294635331,107.64550018310547,143199600
2012-04-23 00:00:00-04:00,106.54520719552204,106.83393455828308,106.0770209350112,106.74028778076172,171844900
2012-04-24 00:00:00-04:00,106.83397099574995,107.4192129510753,106.74813503269777,107.1460952758789,137484200
2012-04-25 00:00:00-04:00,108.19169449839157,108.65989269461507,108.09805962185676,108.61307525634766,150252200
2012-04-26 00:00:00-04:00,108.37899741345238,109.49486484035917,108.31657018126107,109.37001037597656,136291600
2012-04-27 00:00:00-04:00,109.69777036429268,109.86163146912682,109.08911958992033,109.54950714111328,130725000
2012-04-30 00:00:00-04:00,109.33100425196791,109.40904127774094,108.8472080311547,109.14372253417969,115092200
2012-05-01 00:00:00-04:00,109.08128536135926,110.54049664433768,108.95644280098107,109.82260131835938,138832200
2012-05-02 00:00:00-04:00,109.18273686252424,109.60411773470328,108.82379513399331,109.494873046875,121081000
2012-05-03 00:00:00-04:00,109.51046080793684,109.59629676235535,108.45703253837526,108.659912109375,143759700
2012-05-04 00:00:00-04:00,108.090268253206,108.69891880685122,106.84174758036804,106.9041748046875,193927300
2012-05-07 00:00:00-04:00,106.5218393625092,107.34118051634603,106.48283275590914,106.98223876953125,127765900
2012-05-08 00:00:00-04:00,106.34234914229035,106.72471145299215,105.28111006806674,106.55303955078125,213377700
2012-05-09 00:00:00-04:00,105.4215688346148,106.59985145971199,104.94557165898136,105.92097473144531,220752500
2012-05-10 00:00:00-04:00,106.65448444410696,106.78714976057795,105.89758249627494,106.13948059082031,150600000
2012-05-11 00:00:00-04:00,105.47617528868972,106.80272096104311,105.42935785070159,105.81951904296875,153032400
2012-05-14 00:00:00-04:00,104.80510996558465,105.81953156689273,104.49298573754035,104.6490478515625,163910000
2012-05-15 00:00:00-04:00,104.57881268599925,105.19526215070545,103.88432621760997,104.04818725585938,207629300
2012-05-16 00:00:00-04:00,104.51640417261642,104.99240140402559,103.62683694256388,103.6502456665039,207265500
2012-05-17 00:00:00-04:00,103.67364390334888,103.79849835625083,102.05837067421675,102.11299896240234,247992900
2012-05-18 00:00:00-04:00,102.51095402693214,102.69043675907457,101.0907733929737,101.2390365600586,319615900
2012-05-21 00:00:00-04:00,101.56677473983025,103.01817499868349,101.40290178346055,102.97915649414062,177861100
2012-05-22 00:00:00-04:00,103.2444739566535,103.96236926877289,102.48756013595407,103.15863800048828,197531200
2012-05-23 00:00:00-04:00,102.41732457959309,103.36152001088925,101.43412255006835,103.2132568359375,204958400
2012-05-24 00:00:00-04:00,103.49417470630475,103.65803575990185,102.5499792631136,103.4161376953125,167357600
2012-05-25 00:00:00-04:00,103.3771189995399,103.66584641425888,102.83089564392799,103.08060455322266,135465600
2012-05-29 00:00:00-04:00,103.90772511068128,104.50856473647373,102.35487937573276,104.32909393310547,152883500
2012-05-30 00:00:00-04:00,103.43953741287727,104.32130555187223,102.60459862046687,102.81527709960938,162370400
2012-05-31 00:00:00-04:00,102.7762709245913,103.35370189363604,101.70722111521152,102.5889892578125,196186000
2012-06-01 00:00:00-04:00,100.98154485787087,102.61241614274111,100.00614166259766,100.00614166259766,253240900
2012-06-04 00:00:00-04:00,100.1856236546271,100.45874134237799,99.2102203509148,99.95933532714844,202545800
2012-06-05 00:00:00-04:00,99.7642017004889,100.86445301283543,99.70957937935661,100.71620178222656,164149400
2012-06-06 00:00:00-04:00,101.41851156663287,103.02597393688171,101.38729200028823,102.97915649414062,184202800
2012-06-07 00:00:00-04:00,104.14965976637335,104.19647721791453,102.83091264966546,103.0416030883789,184772700
2012-06-08 00:00:00-04:00,102.77629112780137,103.88434775048091,102.44854516981815,103.8609390258789,143915400
2012-06-11 00:00:00-04:00,104.69587653269338,104.75830376635811,102.44074480870543,102.54219055175781,169756100
2012-06-12 00:00:00-04:00,102.83869836718726,103.79069278205222,102.3471032824319,103.72046661376953,181931800
2012-06-13 00:00:00-04:00,103.4161162825985,104.06378523804807,102.70602011263614,103.05717468261719,172223900
2012-06-14 00:00:00-04:00,103.26787472680465,104.56321290852158,102.9869581561525,104.14964294433594,230615500
2012-06-15 00:00:00-04:00,104.61868444402454,105.30891801292125,104.39906304003893,105.21479797363281,169444500
2012-06-18 00:00:00-04:00,104.77557328774576,105.67758906952386,104.54026118035597,105.41874694824219,131360900
2012-06-19 00:00:00-04:00,105.95213544144652,106.86984200631153,105.39523044816646,106.43843841552734,137382600
2012-06-20 00:00:00-04:00,106.4462742392347,106.75217638299614,105.31678571812454,106.26586151123047,206451800
2012-06-21 00:00:00-04:00,106.39137686313494,106.5011875966333,103.79512797448093,103.88140869140625,205272200
2012-06-22 00:00:00-04:00,104.42261538764838,104.87754895564207,104.02258119816057,104.68145751953125,130029200
2012-06-25 00:00:00-04:00,103.57550573791607,103.61472642140386,102.63426917657026,103.00292205810547,146375700
2012-06-26 00:00:00-04:00,103.30096266289152,103.83433757471573,102.6969977088831,103.52058410644531,141634000
2012-06-27 00:00:00-04:00,103.8657203863269,104.65792555540497,103.51275816123163,104.45399475097656,108088000
2012-06-28 00:00:00-04:00,103.7637010604866,104.3127664552665,102.97149625741142,104.1558837890625,169242100
2012-06-29 00:00:00-04:00,106.04625323865956,106.88553038535034,105.77173239110884,106.75218963623047,212250900
2012-07-02 00:00:00-04:00,107.0502309720173,107.18357170926897,106.29724657712887,107.07376098632812,129524500
2012-07-03 00:00:00-04:00,107.05020454635415,107.85810008751717,106.9403938505204,107.77967071533203,80450000
2012-07-05 00:00:00-04:00,107.379653809042,108.08559008243078,106.90119027885088,107.29337310791016,126177500
2012-07-06 00:00:00-04:00,106.25804437796013,106.49335653046592,105.77174137299522,106.27373504638672,151192100
2012-07-09 00:00:00-04:00,106.1874408902285,106.33647230024573,105.65406594745481,106.140380859375,103780500
2012-07-10 00:00:00-04:00,106.6815577720658,106.8541191564072,104.85398454224564,105.21479797363281,167884800
2012-07-11 00:00:00-04:00,105.26972757630509,105.57562972554456,104.6187025984937,105.23050689697266,141733400
2012-07-12 00:00:00-04:00,104.61869032709856,105.28539392366423,104.00688610038205,104.72064971923828,143583200
2012-07-13 00:00:00-04:00,104.99518762736514,106.58744895818658,104.97949696300829,106.4776382446289,129642600
2012-07-16 00:00:00-04:00,106.23449774056152,106.5403999004227,105.81093353861753,106.22664642333984,97525200
2012-07-17 00:00:00-04:00,106.65019073167184,107.17571424322867,105.53639302484662,106.95609283447266,138860300
2012-07-18 00:00:00-04:00,106.70509096077485,107.96008070819667,106.64235224502607,107.74829864501953,113349700
2012-07-19 00:00:00-04:00,107.9679271070938,108.3836399447784,107.62281627405888,108.03067779541016,129847300
2012-07-20 00:00:00-04:00,107.41885047902203,107.5835724965407,106.92470836340092,107.0423583984375,142904500
2012-07-23 00:00:00-04:00,105.47361246072273,106.971753192686,104.97945844677974,105.95991516113281,145210900
2012-07-24 00:00:00-04:00,106.03838766418183,106.08544768535333,104.344155091192,105.05007934570312,173301200
2012-07-25 00:00:00-04:00,105.26969213120876,105.5442128571607,104.51669603436667,105.07360076904297,129122300
2012-07-26 00:00:00-04:00,106.58741599432169,107.03451002669493,106.09326195190211,106.80703735351562,156526500
2012-07-27 00:00:00-04:00,107.37183127747873,109.08175490358659,106.78355694175544,108.77584075927734,236768900
2012-07-30 00:00:00-04:00,108.65035133036176,109.29352504714713,108.45425988512065,108.77584075927734,106782000
2012-07-31 00:00:00-04:00,108.62682665961158,108.92487753248328,108.01502227783203,108.01502227783203,120575900
2012-08-01 00:00:00-04:00,108.79151427829956,108.81504429054192,107.77183653007351,107.92086791992188,138293800
2012-08-02 00:00:00-04:00,107.105130179911,107.90518648122493,106.34429455416077,107.17572021484375,199556600
2012-08-03 00:00:00-04:00,108.681720673592,109.52883715307965,107.20710917576476,109.30137634277344,157825000
2012-08-06 00:00:00-04:00,109.59157917664295,109.94454135637147,109.46607778921515,109.51313781738281,86326200
2012-08-07 00:00:00-04:00,109.95236452063678,110.53279937570085,109.83471446753494,110.06218719482422,109545100
2012-08-08 00:00:00-04:00,109.6935402184816,110.32102315957891,109.66215889034478,110.1955337524414,89754700
2012-08-09 00:00:00-04:00,110.03867766902009,110.50930195716543,109.92886693091589,110.28968048095703,90291700
2012-08-10 00:00:00-04:00,109.84254454433083,110.50926003822264,109.66214382197721,110.47003936767578,99792700
2012-08-13 00:00:00-04:00,110.28184326275473,110.47008340687286,109.84258833337532,110.4151840209961,79426900
2012-08-14 00:00:00-04:00,110.82306066356973,110.8936626956546,110.10144542022464,110.43087768554688,102379400
2012-08-15 00:00:00-04:00,110.31316878859798,110.74457222820342,110.24257876260843,110.55632019042969,71085900
2012-08-16 00:00:00-04:00,110.71326240357077,111.50547976841045,110.43874146905712,111.37213897705078,112014200
2012-08-17 00:00:00-04:00,111.56033121373264,111.61524255811734,111.27011973190167,111.52111053466797,90813700
2012-08-20 00:00:00-04:00,111.36422388169413,111.5524759332356,111.05832177823245,111.52894592285156,78255700
2012-08-21 00:00:00-04:00,111.80349288782358,112.23489646002697,110.94853706102992,111.19168853759766,105581100
2012-08-22 00:00:00-04:00,110.90931773833547,111.41916268209003,110.65048756031166,111.23876190185547,133243500
2012-08-23 00:00:00-04:00,110.96424529433678,110.97208464471898,110.15634937143747,110.32891082763672,111466400
2012-08-24 00:00:00-04:00,110.05435372709287,111.24659298857708,109.98376368378379,110.99559020996094,99481200
2012-08-27 00:00:00-04:00,111.29365205336967,111.44268345582311,110.86224851165473,111.01911926269531,68785900
2012-08-28 00:00:00-04:00,110.73673273415484,111.25441691694421,110.57202265592977,110.90929412841797,75689600
2012-08-29 00:00:00-04:00,111.00344152708722,111.2936530174498,110.68968805381704,110.99559020996094,65421300
2012-08-30 00:00:00-04:00,110.5171145707893,110.54849589892612,109.96022166529495,110.1955337524414,96589900
2012-08-31 00:00:00-04:00,110.82299819661168,111.23872292998345,110.09354401352424,110.72103881835938,151970400
2012-09-04 00:00:00-04:00,110.62692656712856,110.95637067404166,109.91316291807037,110.61908721923828,120226200
2012-09-05 00:00:00-04:00,110.66614344690836,110.96420621509458,110.3053419608121,110.52496337890625,100660300
2012-09-06 00:00:00-04:00,111.19165941936292,112.77608122941247,111.18382007227467,112.76824188232422,158272500
2012-09-07 00:00:00-04:00,112.95653195050494,113.25459483033319,112.85457251935905,113.20753479003906,107272100
2012-09-10 00:00:00-04:00,113.09772135056667,113.29381282611216,112.52513759314655,112.56434631347656,86458500
2012-09-11 00:00:00-04:00,112.63492318557934,113.2388761780754,112.60354185415521,112.8780746459961,88760000
2012-09-12 00:00:00-04:00,113.2545700073242,113.38007139958403,112.87022648170534,113.25457000732422,87640900
2012-09-13 00:00:00-04:00,113.23886327185234,115.33311808805479,112.94081246811999,114.98015594482422,225470200
2012-09-14 00:00:00-04:00,115.20766381635022,116.17243049365887,115.11353177257058,115.49003601074219,169777000
2012-09-17 00:00:00-04:00,115.25471011844166,115.45080156427582,114.8076158770732,115.09783935546875,119427800
2012-09-18 00:00:00-04:00,114.90174847197041,115.15273930026103,114.71349637439836,115.00370788574219,98326600
2012-09-19 00:00:00-04:00,115.13702680260627,115.43508957512931,114.83897599855305,115.06643676757812,128318300
2012-09-20 00:00:00-04:00,114.54092015393127,115.13703376656291,114.22717866696104,115.07429504394531,154009800
2012-09-21 00:00:00-04:00,115.63343441690755,115.65709004901919,114.97893385296422,115.0262451171875,108737500
2012-09-24 00:00:00-04:00,114.45842291832712,115.11292312223064,114.37168163751195,114.85269927978516,95682000
2012-09-25 00:00:00-04:00,115.09714041594441,115.31793417680113,113.59888328743669,113.63043212890625,133165200
2012-09-26 00:00:00-04:00,113.60680434268274,113.63834115951988,112.72361705055607,112.9917221069336,146502200
2012-09-27 00:00:00-04:00,113.46487500460205,114.31651357076481,113.16522105566638,114.05628967285156,111830300
2012-09-28 00:00:00-04:00,113.62259949990403,113.9932203745079,113.1258192892109,113.5279769897461,150696100
2012-10-01 00:00:00-04:00,113.96165873883336,114.8842641091116,113.55948909348756,113.82760620117188,135911200
2012-10-02 00:00:00-04:00,114.27705249683383,114.45841624346727,113.41753296674612,113.94586181640625,113422200
2012-10-03 00:00:00-04:00,114.25337893199163,114.6791920164085,113.65408332331236,114.41108703613281,121283100
2012-10-04 00:00:00-04:00,114.84483646174357,115.39682104964179,114.68712829839572,115.23123168945312,124311600
2012-10-05 00:00:00-04:00,115.84627123832891,116.0434093983428,114.89211724962398,115.23908233642578,124842100
2012-10-08 00:00:00-04:00,114.81328130054746,115.22332005327566,114.5845942727186,114.84481811523438,78415400
2012-10-09 00:00:00-04:00,114.7580968166223,114.85271930951882,113.66989001886523,113.70932006835938,148872900
2012-10-10 00:00:00-04:00,113.69354898347679,113.80395793824994,112.83402922810788,112.98385620117188,124247500
2012-10-11 00:00:00-04:00,113.77234177987025,113.93794308170222,113.02321939007471,113.046875,123601500
2012-10-12 00:00:00-04:00,113.12577322438308,113.51215633843539,112.43184301282277,112.6762924194336,124181900
2012-10-15 00:00:00-04:00,112.94441797250707,113.73297079902085,112.58169041043303,113.61469268798828,107689100
2012-10-16 00:00:00-04:00,114.15092087165738,114.84485131899419,114.07207279596383,114.7659912109375,108815500
2012-10-17 00:00:00-04:00,114.84481226403217,115.38103434526715,114.6713297111937,115.2863998413086,128834100
2012-10-18 00:00:00-04:00,114.98677825927734,115.53876282810768,114.60038304491552,114.98677825927734,148108500
2012-10-19 00:00:00-04:00,114.7738408858199,114.78172208068948,112.80245925615056,113.07056427001953,185645200
2012-10-22 00:00:00-04:00,112.88135615534756,113.29140708084333,112.19531890167035,113.08638763427734,125578600
2012-10-23 00:00:00-04:00,111.86411608383271,112.02182425906406,111.0519075506469,111.51715087890625,192056300
2012-10-24 00:00:00-04:00,111.9192797502481,112.0533442987003,111.02822337476547,111.20170593261719,120179400
2012-10-25 00:00:00-04:00,111.99027208149667,112.19529147795008,110.84687292739264,111.52501678466797,134457400
2012-10-26 00:00:00-04:00,111.42249165299306,111.8483047889968,110.70490585500525,111.46192169189453,146023500
2012-10-31 00:00:00-04:00,111.85619801619221,111.99813171740728,110.93358082886016,111.46192169189453,103438500
2012-11-01 00:00:00-04:00,111.69849167608163,112.77092389211006,111.59598800108981,112.62899017333984,100995600
2012-11-02 00:00:00-04:00,113.29923782140308,113.33078666520224,111.50923198745002,111.62751007080078,137702200
2012-11-05 00:00:00-05:00,111.46193243895607,112.1085394163231,111.13072970613625,111.85620880126953,98378500
2012-11-06 00:00:00-05:00,112.19523106951061,113.17304034717873,112.07695302607891,112.73145294189453,107068100
2012-11-07 00:00:00-05:00,111.70639967962062,111.72216207332885,109.65615745555908,110.17660522460938,264304500
2012-11-08 00:00:00-05:00,110.16083014046887,110.72070795516842,108.76508823448505,108.8518295288086,181517300
2012-11-09 00:00:00-05:00,108.5206316622884,109.95580352293281,108.46543922353477,108.94645690917969,201055300
2012-11-12 00:00:00-05:00,109.28550318545709,109.45898572201288,108.78872322382723,109.03317260742188,97677500
2012-11-13 00:00:00-05:00,108.45754777238591,109.80597836649333,108.31561404266984,108.6546859741211,123018300
2012-11-14 00:00:00-05:00,108.9858999355113,109.15937050108343,106.9435388111686,107.18798828125,191505000
2012-11-15 00:00:00-05:00,107.22740851086785,107.62957814758985,106.5965638518295,107.0066146850586,178128400
2012-11-16 00:00:00-05:00,107.16432944753043,107.74786289877416,106.21806841682421,107.53495025634766,239483900
2012-11-19 00:00:00-05:00,108.74142092798398,109.72711187922518,107.56648501481504,109.71134948730469,151495800
2012-11-20 00:00:00-05:00,109.53787316909663,109.94003076850622,108.88337289623409,109.7586669921875,119807400
2012-11-21 00:00:00-05:00,109.85326430759774,110.05829569088914,109.63247053509791,109.96366119384766,81710800
2012-11-23 00:00:00-05:00,110.49988649801953,111.50133969843748,110.42890761505348,111.46192169189453,65409200
2012-11-26 00:00:00-05:00,110.90993637445924,111.46981410554827,110.54720885771965,111.2253646850586,100124400
2012-11-27 00:00:00-05:00,111.1149624067963,111.49346432883739,110.58663354851667,110.65760040283203,128646200
2012-11-28 00:00:00-05:00,110.20808856898114,111.61171099908815,109.6087930250963,111.54863739013672,177086500
2012-11-29 00:00:00-05:00,111.96663387525258,112.37667273193644,111.47772288095611,112.06913757324219,151085900
2012-11-30 00:00:00-05:00,112.08489224130948,112.30568605825017,111.70639027403408,112.0927734375,136568300
2012-12-03 00:00:00-05:00,112.60530698517618,112.69992944119058,111.45401496345372,111.54075622558594,124656300
2012-12-04 00:00:00-05:00,111.53294467960312,111.87201671362979,111.08346366813753,111.38311767578125,127512200
2012-12-05 00:00:00-05:00,111.47772261218,112.10068615800915,110.68916969103311,111.58023834228516,147300500
2012-12-06 00:00:00-05:00,111.47770727855523,112.0060362191691,111.3121179260141,111.95872497558594,103220600
2012-12-07 00:00:00-05:00,112.39242063481706,112.51859196049534,111.71426479974613,112.29779815673828,108726400
2012-12-10 00:00:00-05:00,112.14007342381441,112.6131977765657,112.09275015941701,112.3450927734375,98840700
2012-12-11 00:00:00-05:00,112.81035434477616,113.63833713768359,112.75516190917436,113.1100082397461,152570400
2012-12-12 00:00:00-05:00,113.55163273089592,113.98533929016033,113.00752923221546,113.16523742675781,145880100
2012-12-13 00:00:00-05:00,113.09425735428496,113.4175669364269,112.18742631715403,112.47130584716797,135715000
2012-12-14 00:00:00-05:00,112.22684256748957,112.431861968034,111.87987740321357,112.05335998535156,137701700
2012-12-17 00:00:00-05:00,112.34511065244493,113.43331729196277,112.31356180449252,113.37023162841797,143238200
2012-12-18 00:00:00-05:00,113.55159878777803,114.73442794181739,113.38599741197396,114.63191223144531,177762800
2012-12-19 00:00:00-05:00,114.7580678101484,114.79749784967612,113.74084017154193,113.78025817871094,150895400
2012-12-20 00:00:00-05:00,113.85124735548584,114.45054310046672,113.53581904310659,114.43476867675781,168487000
2012-12-21 00:00:00-05:00,112.9036299112973,114.42838735301416,112.72097989485437,113.39599609375,245883800
2012-12-24 00:00:00-05:00,113.14986154720398,113.21339464924499,112.91956465529297,113.046630859375,53874600
2012-12-26 00:00:00-05:00,113.27692611206642,113.33252211968535,112.25248363601763,112.57013702392578,106947700
2012-12-27 00:00:00-05:00,112.60187766005235,112.83218662571937,111.11682955101182,112.41922760009766,167920600
2012-12-28 00:00:00-05:00,111.68859936583165,112.30803175736177,111.07710406527636,111.20417022705078,148806700
2012-12-31 00:00:00-05:00,110.91034612652409,113.21336286997239,110.81504044136501,113.09424591064453,243935200
2013-01-02 00:00:00-05:00,115.23844602558113,116.06435195671537,114.93666687877351,115.99288177490234,192059000
2013-01-03 00:00:00-05:00,115.93734350140362,116.23911064922004,115.42114148839991,115.7308578491211,144761800
2013-01-04 00:00:00-05:00,115.9214365664197,116.42968927608095,115.68319045801901,116.23908996582031,116817700
2013-01-07 00:00:00-05:00,115.82610840969286,116.03258184592524,115.49255668683753,115.92140197753906,110002500
2013-01-08 00:00:00-05:00,115.7149491872028,115.87377586784997,115.1352142321771,115.58788299560547,121265100
2013-01-09 00:00:00-05:00,115.84200416729033,116.1993793486658,115.65935408900222,115.8817138671875,90745600
2013-01-10 00:00:00-05:00,116.52497694065629,116.81086983264363,115.92143066543846,116.80293273925781,130735400
2013-01-11 00:00:00-05:00,116.77116265287329,116.85851915280377,116.42968586440874,116.79499816894531,113917300
2013-01-14 00:00:00-05:00,116.65203544648516,116.79498794189938,116.28672317393682,116.71556854248047,89567200
2013-01-15 00:00:00-05:00,116.17555345817459,116.90617806724774,116.10408326305877,116.79499816894531,93172600
2013-01-16 00:00:00-05:00,116.55674635443097,116.96175622460227,116.42968015754212,116.77910614013672,104849500
2013-01-17 00:00:00-05:00,117.29532319077013,117.86710909209089,116.85854061091369,117.5335693359375,133833500
2013-01-18 00:00:00-05:00,117.50975369792903,117.92271290232624,117.08090818475031,117.79564666748047,169906000
2013-01-22 00:00:00-05:00,117.79560463210193,118.43092346191406,117.51764885727825,118.43092346191406,111797300
2013-01-23 00:00:00-05:00,118.43094143001828,118.72477143483495,118.2165187174139,118.62152862548828,104596100
2013-01-24 00:00:00-05:00,118.44678896390468,119.23299732140079,118.33560908566564,118.65327453613281,146426400
2013-01-25 00:00:00-05:00,119.02652832666124,119.32035827636719,118.62150637685211,119.32035827636719,147211600
2013-01-28 00:00:00-05:00,119.35213007295293,119.38390268104969,118.73269750976061,119.17742919921875,113357700
2013-01-29 00:00:00-05:00,118.93917655620406,119.7968551620693,118.85975715803735,119.64596557617188,105694400
2013-01-30 00:00:00-05:00,119.63008586415182,119.86833195407952,119.06623718857959,119.17742919921875,137447700
2013-01-31 00:00:00-05:00,119.03446501885912,119.4236006648168,118.80416816240144,118.88357543945312,108975800
2013-02-01 00:00:00-05:00,119.63805033587776,120.24954594583326,119.43157680679641,120.10660552978516,131173000
2013-02-04 00:00:00-05:00,119.37599083239404,120.1304268452899,118.66918950631764,118.75654602050781,159073600
2013-02-05 00:00:00-05:00,119.3997586355868,120.29713464417988,119.3520997355558,119.95565795898438,113912400
2013-02-06 00:00:00-05:00,119.53479237327589,120.12245232885331,119.44743587748742,120.04304504394531,138762800
2013-02-07 00:00:00-05:00,120.08273740996304,120.1939172869438,119.01063621802885,119.88420104980469,162490000
2013-02-08 00:00:00-05:00,120.09067896323695,120.62275497410366,120.09067896323695,120.55128479003906,103133700
2013-02-11 00:00:00-05:00,120.50363479686315,120.63068885925617,120.22567904262654,120.52745819091797,73775000
2013-02-12 00:00:00-05:00,120.53539103199586,120.94835004387811,120.40038776454728,120.72599029541016,65392700
2013-02-13 00:00:00-05:00,120.97219138980131,121.19455117126826,120.48776212638421,120.82923889160156,82322600
2013-02-14 00:00:00-05:00,120.4639343931624,121.08336692176468,120.32893111053872,120.94041442871094,80834300
2013-02-15 00:00:00-05:00,121.05154447386133,121.17861061143577,120.3527049525895,120.79742431640625,215226500
2013-02-19 00:00:00-05:00,121.00389192467267,121.72656691521954,120.83712823005001,121.70274353027344,95105400
2013-02-20 00:00:00-05:00,121.61548473047873,121.65519444317147,120.12248678069315,120.18601989746094,160574800
2013-02-21 00:00:00-05:00,119.88422106684371,120.2495212446184,119.07418918919144,119.45537567138672,183257000
2013-02-22 00:00:00-05:00,120.03511530696797,120.62278747558592,119.5109883649049,120.62278747558594,106356600
2013-02-25 00:00:00-05:00,121.21039553442282,121.39304555220694,118.32764434814453,118.32764434814453,245824800
2013-02-26 00:00:00-05:00,118.89941881438676,119.28060511262659,118.11321071392904,119.13766479492188,186596200
2013-02-27 00:00:00-05:00,119.03447916960427,120.97219630195495,118.93123636769549,120.63865661621094,150781900
2013-02-28 00:00:00-05:00,120.63071040274151,121.40103259528014,120.241586818554,120.4004135131836,126866000
2013-03-01 00:00:00-05:00,119.9873928364864,120.98007431561088,119.44737992833574,120.79742431640625,170634800
2013-03-04 00:00:00-05:00,120.5195231260497,121.44073486328126,120.3289359512427,121.44073486328125,99010200
2013-03-05 00:00:00-05:00,122.02839836575865,122.85430433994432,122.01251206307282,122.52870178222656,121431900
2013-03-06 00:00:00-05:00,122.96549455592903,123.02902765431242,122.4254813962194,122.69548797607422,94469900
2013-03-07 00:00:00-05:00,122.85426782915675,123.07662752988179,122.71132750055989,122.91780090332031,86101400
2013-03-08 00:00:00-05:00,123.45783423603936,123.60871166486706,122.82251556958627,123.44194793701172,123477800
2013-03-11 00:00:00-04:00,123.34667834232292,123.91845192375098,123.19578876648437,123.91051483154297,83746800
2013-03-12 00:00:00-04:00,123.82319056943368,123.96614309026528,123.25935393348432,123.6325912475586,105755800
2013-03-13 00:00:00-04:00,123.6960787386224,123.98197155715384,123.27518266102012,123.80725860595703,92550900
2013-03-14 00:00:00-04:00,124.13290619971136,124.52204193555882,123.81525278273052,124.46644592285156,126329900
2013-03-15 00:00:00-04:00,124.31805046483223,124.46959897449726,123.88729777371941,124.30209350585938,138601100
2013-03-18 00:00:00-04:00,123.11357851754434,124.15056200583759,123.00190412167254,123.61611938476562,126704300
2013-03-19 00:00:00-04:00,123.8793715222297,124.04687705325952,122.51533705442573,123.32897186279297,167567300
2013-03-20 00:00:00-04:00,124.05481071156548,124.39780620112288,123.84740676756057,124.19041442871094,113759300
2013-03-21 00:00:00-04:00,123.44858277753396,124.15054297058445,122.9221248043405,123.1295166015625,128605000
2013-03-22 00:00:00-04:00,123.5203940814985,124.11865234375,123.4246644828533,124.11865234375,111163600
2013-03-25 00:00:00-04:00,124.44568743469918,124.6530914162532,123.12155176866162,123.60015106201172,151322300
2013-03-26 00:00:00-04:00,124.11066009658933,124.621173295254,123.97505635946219,124.58927154541016,86856600
2013-03-27 00:00:00-04:00,123.84742501689733,124.62915786141102,123.6400332139255,124.58927154541016,99950600
2013-03-28 00:00:00-04:00,124.5094906232695,125.1157333742901,124.23828316707288,124.9721450805664,102932800
2013-04-01 00:00:00-04:00,124.90840192083377,125.1636647371434,124.17453958134506,124.4776611328125,99194100
2013-04-02 00:00:00-04:00,124.92430209468979,125.40291357187594,124.73285506949624,125.0918197631836,101504300
2013-04-03 00:00:00-04:00,125.16359098085292,125.25930839476426,123.49644777339665,123.823486328125,154167400
2013-04-04 00:00:00-04:00,123.98304205619242,124.57332795019072,123.71183455284024,124.3260498046875,131885000
2013-04-05 00:00:00-04:00,122.80244406600421,123.9191998269034,122.65886796377572,123.76763916015625,159666000
2013-04-08 00:00:00-04:00,123.85540570974885,124.61319700368796,123.44060994518226,124.605224609375,86571200
2013-04-09 00:00:00-04:00,124.83652271228163,125.49062407301052,124.42172702429727,125.03594207763672,101922200
2013-04-10 00:00:00-04:00,125.37102625449326,126.72707616550446,125.33912449598861,126.56754302978516,135711100
2013-04-11 00:00:00-04:00,126.59143339671816,127.3970955670637,126.46380205881866,126.9822998046875,110142500
2013-04-12 00:00:00-04:00,126.57548164951145,126.86264608581483,125.96925102691308,126.67121124267578,116359900
2013-04-15 00:00:00-04:00,126.03302487206304,126.13672682541112,123.71976536013615,123.73571014404297,217259000
2013-04-16 00:00:00-04:00,124.66900901505802,125.62623173617406,124.36589984685763,125.56241607666016,147507800
2013-04-17 00:00:00-04:00,124.66899856903156,124.69294008948665,123.0656713372124,123.72774505615234,226834800
2013-04-18 00:00:00-04:00,123.93515762215465,123.96707154039468,122.48339080366456,122.95401763916016,167583200
2013-04-19 00:00:00-04:00,123.24115251752852,124.07871618254829,122.93803122484178,124.02287292480469,149687600
2013-04-22 00:00:00-04:00,124.26221707111709,124.8684476727433,123.44061010681544,124.57331085205078,106553500
2013-04-23 00:00:00-04:00,125.19547021774976,125.97719069118881,124.57328279600965,125.8575439453125,166141300
2013-04-24 00:00:00-04:00,125.89745346953625,126.27236290454617,125.66612015605664,125.93733978271484,96781200
2013-04-25 00:00:00-04:00,126.30428003655406,127.04612660293596,126.11284518452935,126.44786834716797,131060600
2013-04-26 00:00:00-04:00,126.29631352451335,126.51168991466884,125.8177020289669,126.22452545166016,95918800
2013-04-29 00:00:00-04:00,126.5674970836935,127.34921768505926,126.36807769353737,127.07003784179688,88572800
2013-04-30 00:00:00-04:00,127.0460922905917,127.4050447127883,126.51962224652092,127.37313079833984,116010700
2013-05-01 00:00:00-04:00,127.0939879600143,127.15780363588196,126.11284780818981,126.25642395019531,138874200
2013-05-02 00:00:00-04:00,126.57553299967964,127.5407286879216,126.45588617417845,127.4290542602539,96407600
2013-05-03 00:00:00-04:00,128.53780520710322,129.12809118384885,127.45296287002338,128.7212677001953,144202300
2013-05-06 00:00:00-04:00,128.81692720142502,129.23171068424895,128.76108394128076,129.04824829101562,66882100
2013-05-07 00:00:00-04:00,129.32745267427217,129.74223619694828,128.96051568095925,129.70236206054688,90359200
2013-05-08 00:00:00-04:00,129.55878642878395,130.3325346273156,129.4869983703454,130.2926483154297,97419200
2013-05-09 00:00:00-04:00,130.2368139652392,130.579809461391,129.59866950577353,129.92572021484375,106738600
2013-05-10 00:00:00-04:00,130.01345714283806,130.4601545851998,129.6305631880202,130.34848022460938,103203000
2013-05-13 00:00:00-04:00,130.1809867409348,130.66757058194628,129.87787751831408,130.4521942138672,81843200
2013-05-14 00:00:00-04:00,130.55582692138577,131.8959309574713,130.55582692138577,131.80020141601562,119000900
2013-05-15 00:00:00-04:00,131.58489614842185,132.77342792747586,131.54500983595298,132.51019287109375,120718500
2013-05-16 00:00:00-04:00,132.2390570475095,132.70171174523702,131.68865728346128,131.88807678222656,109913600
2013-05-17 00:00:00-04:00,132.3746013983846,133.2440671013516,132.19911134455342,133.164306640625,129801000
2013-05-20 00:00:00-04:00,133.03667951326665,133.67482407727505,132.90107577129908,133.1563262939453,85071200
2013-05-21 00:00:00-04:00,133.27592924691263,133.85025789604174,132.8132749366925,133.34771728515625,95804200
2013-05-22 00:00:00-04:00,133.48338633989536,134.86337755487074,131.7524271533222,132.35865783691406,244031800
2013-05-23 00:00:00-04:00,130.94673991692628,132.34267552695644,130.77124989508079,131.97573852539062,211064400
2013-05-24 00:00:00-04:00,131.19399811931555,131.91988744775995,130.80313182593991,131.86404418945312,151573900
2013-05-28 00:00:00-04:00,133.244097649304,133.8343836176665,132.2629573391047,132.65382385253906,143679800
2013-05-29 00:00:00-04:00,131.95181517571862,132.25493653116402,131.09032198518418,131.7922821044922,160363400
2013-05-30 00:00:00-04:00,131.89597259818004,132.8850848566504,131.79227063369186,132.2788543701172,107793800
2013-05-31 00:00:00-04:00,131.9119102705031,132.6617289883241,130.12512065008684,130.38037109375,176850100
2013-06-03 00:00:00-04:00,130.68354705804813,131.18608793474743,129.7502655524612,131.0983428955078,168390700
2013-06-04 00:00:00-04:00,131.17013047728656,131.69660071073977,129.80609617635716,130.46817016601562,157631500
2013-06-05 00:00:00-04:00,130.0932156405519,130.35645066620137,128.5297746156907,128.64144897460938,211737800
2013-06-06 00:00:00-04:00,128.58560003094243,129.81403009639175,127.82780890234515,129.80604553222656,200225500
2013-06-07 00:00:00-04:00,130.69951442079818,131.57695271141537,130.1331578185328,131.45730590820312,188337800
2013-06-10 00:00:00-04:00,131.8641172107222,131.93590529264955,131.1142981196656,131.45730590820312,105667100
2013-06-11 00:00:00-04:00,130.2607598989164,131.2498723739831,129.81406237190632,130.10122680664062,159505400
2013-06-12 00:00:00-04:00,130.99461769181343,131.13022142451206,128.90470625484332,129.02435302734375,177361500
2013-06-13 00:00:00-04:00,128.95249306606286,131.2178932873504,128.6653288005766,130.986572265625,163587800
2013-06-14 00:00:00-04:00,130.8430392882323,131.3535524011226,129.9496443835724,130.16500854492188,141197500
2013-06-17 00:00:00-04:00,131.0504155491519,131.79226186523994,130.19690705478706,131.17007446289062,136295600
2013-06-18 00:00:00-04:00,131.24186672077317,132.40648112528567,131.23389432823788,132.20706176757812,114695600
2013-06-19 00:00:00-04:00,132.0953848395641,132.32670593449606,130.32454000390769,130.38037109375,206149500
2013-06-20 00:00:00-04:00,129.11211088564284,130.39637244838724,126.81479525251105,127.14981842041016,321255900
2013-06-21 00:00:00-04:00,128.0150667770009,128.11129067451031,126.27494862637708,127.55799102783203,271956800
2013-06-24 00:00:00-04:00,126.22678281573019,127.04471006754298,124.8795876454606,125.94611358642578,222329000
2013-06-25 00:00:00-04:00,127.08484804683584,128.38393170417785,126.23483774714163,127.15702819824219,162262200
2013-06-26 00:00:00-04:00,128.19943868798563,128.70463838032344,127.70226580726798,128.41595458984375,134848000
2013-06-27 00:00:00-04:00,129.1858259385878,129.76319371543048,129.06553384741375,129.16978454589844,129483700
2013-06-28 00:00:00-04:00,128.80899860176817,129.4264518220292,128.1915331455034,128.64059448242188,160402900
2013-07-01 00:00:00-04:00,129.31410764860522,130.29242449444106,129.1697718365948,129.39430236816406,131954800
2013-07-02 00:00:00-04:00,129.20185244515054,130.1480988184549,128.70467940595506,129.27403259277344,154863700
2013-07-03 00:00:00-04:00,128.68863334378054,129.72308898353296,128.48014419465062,129.3301544189453,75216400
2013-07-05 00:00:00-04:00,130.28438694180485,130.77354527846185,129.34616762119927,130.72543334960938,122416900
2013-07-08 00:00:00-04:00,131.39905401451804,131.824059128451,130.7735743285036,131.47122192382812,108092500
2013-07-09 00:00:00-04:00,132.2972341076009,132.57790352580338,131.7278929257646,132.4175262451172,119298000
2013-07-10 00:00:00-04:00,132.28920329033855,132.9146831734512,132.01656072303317,132.4656219482422,121410100
2013-07-11 00:00:00-04:00,134.0052694666018,134.4062187484436,132.45759887597197,134.2698974609375,135592200
2013-07-12 00:00:00-04:00,134.2297648826451,134.66278460963062,134.0212757157258,134.32598876953125,104212700
2013-07-15 00:00:00-04:00,134.6948975358111,135.0316934512733,134.46234010913443,134.8392333984375,69450600
2013-07-16 00:00:00-04:00,134.92744249236935,135.00763723991193,133.97319351821577,134.33404541015625,88702100
2013-07-17 00:00:00-04:00,134.84720649888263,135.10380756444695,134.50238390441078,134.67880249023438,92873900
2013-07-18 00:00:00-04:00,134.96751904961852,135.73734690489206,134.87930973532673,135.4165802001953,103620100
2013-07-19 00:00:00-04:00,135.13592120522534,135.70526221458528,134.96751715811982,135.6571502685547,103831700
2013-07-22 00:00:00-04:00,135.84958502406303,136.1142129140156,135.52881838351618,135.9217529296875,79428600
2013-07-23 00:00:00-04:00,136.16229705369403,136.1863530173245,135.5608734909445,135.63304138183594,80829700
2013-07-24 00:00:00-04:00,136.15431210363658,136.21045086003053,134.86325530254797,135.1359100341797,112914000
2013-07-25 00:00:00-04:00,134.8953349542511,135.58496799165687,134.67080440588617,135.4646759033203,111088600
2013-07-26 00:00:00-04:00,134.8953502180112,135.6491366739566,134.33402378358335,135.60903930664062,107814600
2013-07-29 00:00:00-04:00,135.2641997709258,135.56892504134643,134.80712410129192,135.19203186035156,79695000
2013-07-30 00:00:00-04:00,135.60100782559968,135.74534364674818,134.87127743380137,135.19203186035156,85209600
2013-07-31 00:00:00-04:00,135.4727022278883,136.20243262543573,135.11185043617712,135.28826904296875,142388700
2013-08-01 00:00:00-04:00,136.3147496611547,136.97230016124968,136.24256948660621,136.85202026367188,110438400
2013-08-02 00:00:00-04:00,136.5472480144819,137.10055982545634,136.36281482282297,137.0845184326172,91116700
2013-08-05 00:00:00-04:00,136.7798252421093,137.09256514988948,136.603406603259,136.88406372070312,54072700
2013-08-06 00:00:00-04:00,136.61944625023372,136.9161570216227,135.80151857386485,136.10623168945312,87495000
2013-08-07 00:00:00-04:00,135.6731879475968,135.8656357264496,135.1599734773258,135.6651611328125,84854700
2013-08-08 00:00:00-04:00,136.3066588073315,136.4670360074242,135.46466321184968,136.16232299804688,102181300
2013-08-09 00:00:00-04:00,135.98590987953455,136.4029004053531,135.29627687898696,135.76939392089844,91757700
2013-08-12 00:00:00-04:00,135.08781023952872,135.76941653990593,135.02365689902288,135.60903930664062,68593300
2013-08-13 00:00:00-04:00,135.84958678490372,136.24250910017176,135.04768852713698,136.0099639892578,80806000
2013-08-14 00:00:00-04:00,135.94588778767988,136.16240386619384,135.2803103878061,135.31239318847656,79829200
2013-08-15 00:00:00-04:00,134.24581521997368,134.26184437819077,133.18730344971087,133.41986083984375,152931800
2013-08-16 00:00:00-04:00,133.1632387373742,133.62032667253578,132.71417761679305,132.9788055419922,130868200
2013-08-19 00:00:00-04:00,132.8264624525956,133.28355045505293,132.12078788150345,132.12881469726562,96437600
2013-08-20 00:00:00-04:00,132.34525796573678,133.27546270488085,132.20092218000445,132.77828979492188,89294400
2013-08-21 00:00:00-04:00,132.40947991531874,133.13921050630756,131.66372016382493,131.96041870117188,159530500
2013-08-22 00:00:00-04:00,132.23303349938314,133.35569853504668,132.2250189208133,133.16323852539062,101471400
2013-08-23 00:00:00-04:00,133.55617816339753,133.78070873180397,132.93069840340837,133.6123046875,90888900
2013-08-26 00:00:00-04:00,133.74859122029108,134.15756712056535,133.02688775721134,133.11509704589844,89702100
2013-08-27 00:00:00-04:00,131.80004509708417,133.11515821896404,130.87786666647358,130.97409057617188,158619400
2013-08-28 00:00:00-04:00,130.91793713035497,131.90428103820685,130.74954530725785,131.43917846679688,108113000
2013-08-29 00:00:00-04:00,131.15048620760783,132.345306996581,131.03019410560475,131.6476593017578,119200500
2013-08-30 00:00:00-04:00,131.920330899599,131.93637229726826,130.8457897397825,131.23069763183594,134928900
2013-09-03 00:00:00-04:00,132.49767316036238,132.77834250313848,131.27076955062486,131.82408142089844,142375100
2013-09-04 00:00:00-04:00,131.85614584907213,133.1391881621649,131.6155861218658,132.91465759277344,97389400
2013-09-05 00:00:00-04:00,132.99484428222704,133.4358785794302,132.89860816116658,133.0830535888672,63090500
2013-09-06 00:00:00-04:00,133.52406415133905,133.90095728217025,131.89621179306604,133.1471710205078,159756500
2013-09-09 00:00:00-04:00,133.47602497911356,134.50245425019241,133.47602497911356,134.42227172851562,87559300
2013-09-10 00:00:00-04:00,135.23214699249382,135.44063617354774,134.9274216820316,135.4165802001953,105847200
2013-09-11 00:00:00-04:00,135.23217525722728,135.84161376953125,134.99963005421694,135.84161376953125,94545900
2013-09-12 00:00:00-04:00,135.79349861457217,135.96991727587383,135.29632542508628,135.4807586669922,83209000
2013-09-13 00:00:00-04:00,135.625068947625,135.88969686577974,135.3123290872599,135.7854461669922,72727800
2013-09-16 00:00:00-04:00,137.2529534745458,137.3171068243979,136.3548188126163,136.5713348388672,106299200
2013-09-17 00:00:00-04:00,136.6916427489717,137.21287195223226,136.6916427489717,137.18080139160156,82523300
2013-09-18 00:00:00-04:00,137.1326596182019,139.1454327068184,136.78784913261433,138.76853942871094,203460600
2013-09-19 00:00:00-04:00,139.1454309146357,139.209584262849,138.39965894815614,138.53598022460938,146616900
2013-09-20 00:00:00-04:00,138.8647326760714,138.8647326760714,137.45457031547815,137.5673828125,132867100
2013-09-23 00:00:00-04:00,137.38207902739327,137.51099883946577,136.49568615640555,136.93081665039062,104616500
2013-09-24 00:00:00-04:00,136.90665000377106,137.41431251754625,136.35065331683055,136.60850524902344,106333100
2013-09-25 00:00:00-04:00,136.69717346370214,136.97114504201434,136.09281788443639,136.21368408203125,117306500
2013-09-26 00:00:00-04:00,136.43925157515142,137.124180170023,136.22168023530307,136.73739624023438,77146900
2013-09-27 00:00:00-04:00,136.05252007454015,136.29426475652903,135.75437526761957,136.1089324951172,99141800
2013-09-30 00:00:00-04:00,134.95655972671153,135.81071322250722,134.69064192781744,135.38363647460938,143937000
2013-10-01 00:00:00-04:00,135.4883868539939,136.5842848526014,135.3514011411228,136.45535278320312,127160000
2013-10-02 00:00:00-04:00,135.6576222408335,136.45536335380012,135.2385991306487,136.32643127441406,113350000
2013-10-03 00:00:00-04:00,136.01217454222467,136.13305298420312,134.44085316162887,135.0693817138672,176698000
2013-10-04 00:00:00-04:00,135.17409312568466,136.22969808532562,134.99681464285254,136.09271240234375,96878000
2013-10-07 00:00:00-04:00,134.9082213799537,135.73820169806507,134.77123565028526,134.91627502441406,96295000
2013-10-08 00:00:00-04:00,134.8920881647861,135.06936669012342,133.24824727923166,133.34494018554688,178015000
2013-10-09 00:00:00-04:00,133.60282461628967,133.9251425500409,132.579446118386,133.44166564941406,168973000
2013-10-10 00:00:00-04:00,134.80346856261957,136.39090958289123,134.75512210241084,136.31838989257812,195955000
2013-10-11 00:00:00-04:00,136.1088992079442,137.24509032847007,135.9960866900252,137.1967315673828,105040000
2013-10-14 00:00:00-04:00,136.3506166667723,137.85747191927243,136.24585781541697,137.74465942382812,112106000
2013-10-15 00:00:00-04:00,137.3981852823111,137.91390141363706,136.56015117977225,136.7454833984375,155485000
2013-10-16 00:00:00-04:00,137.56739834353596,138.72776261284324,137.5029322957254,138.65524291992188,161676000
2013-10-17 00:00:00-04:00,138.0911460056798,139.66247954169273,138.0669727785694,139.58189392089844,129389000
2013-10-18 00:00:00-04:00,140.0976576118984,140.62142743842438,139.81562013875757,140.5247344970703,138316000
2013-10-21 00:00:00-04:00,140.57306869950185,140.8148133274328,140.21851155128874,140.53277587890625,104104000
2013-10-22 00:00:00-04:00,140.94373033961415,141.76564477265055,140.55693405809455,141.3466339111328,126663000
2013-10-23 00:00:00-04:00,140.86312458702778,140.9275906247398,140.17819599066178,140.66973876953125,105484000
2013-10-24 00:00:00-04:00,140.95182899558054,141.31443986661375,140.6214450104779,141.1371612548828,70350000
2013-10-25 00:00:00-04:00,141.42721167748454,141.82206161637018,141.15324019122508,141.78176879882812,93625000
2013-10-28 00:00:00-04:00,141.73341378417757,142.200783389054,141.58030846414073,142.00738525390625,84979000
2013-10-29 00:00:00-04:00,142.3297163645197,142.82125920239216,142.12826458335297,142.7648468017578,87401000
2013-10-30 00:00:00-04:00,142.9340795149937,143.03882608588577,141.54809020121345,142.0557403564453,140002000
2013-10-31 00:00:00-04:00,141.94286193394126,142.53916338830447,141.44326565595117,141.65277099609375,133795000
2013-11-01 00:00:00-04:00,141.83810568973638,142.31352871495545,141.1934578391904,141.9912109375,142805000
2013-11-04 00:00:00-05:00,142.3780474918727,142.54726008427116,141.80591908489023,142.49085998535156,85677000
2013-11-05 00:00:00-05:00,141.93486821308,142.42641105706866,141.4755645400381,142.0396270751953,85825000
2013-11-06 00:00:00-05:00,142.6520342961301,143.0307646283748,142.25718437861258,142.7648468017578,87348000
2013-11-07 00:00:00-05:00,143.03080011081443,143.14361264442817,140.82288361506636,140.95986938476562,157000000
2013-11-08 00:00:00-05:00,140.91152005519095,142.8776918545698,140.89541276188987,142.861572265625,136713000
2013-11-11 00:00:00-05:00,142.72450994063615,143.05489371074472,142.55529738223518,142.88568115234375,62614000
2013-11-12 00:00:00-05:00,142.57952250367805,142.91796003930807,142.12020651526768,142.59564208984375,83990000
2013-11-13 00:00:00-05:00,141.89457816287776,143.78016394385847,141.89457816287776,143.73988342285156,103844000
2013-11-14 00:00:00-05:00,143.86878325897206,144.57789738753198,143.6351046278637,144.45703125,103435000
2013-11-15 00:00:00-05:00,144.69070616507705,145.14195612779332,144.50537399374127,145.08555603027344,102818000
2013-11-18 00:00:00-05:00,145.32731838908316,145.44818453831022,144.25559344858715,144.57791137695312,104796000
2013-11-19 00:00:00-05:00,144.50538594190505,144.94051635746246,144.01384312852406,144.26364135742188,93891000
2013-11-20 00:00:00-05:00,144.55367289040694,144.98880312683173,143.4174824180266,143.8123321533203,124909000
2013-11-21 00:00:00-05:00,144.2153327535336,145.08560610871956,144.12669345914492,144.97279357910156,92841000
2013-11-22 00:00:00-05:00,145.0291917833058,145.7141328941522,144.85997913893235,145.69801330566406,81296000
2013-11-25 00:00:00-05:00,145.9558821711114,145.98810905346704,145.34346074556004,145.552978515625,79486000
2013-11-26 00:00:00-05:00,145.62547037300584,146.0283739514403,145.3756721216791,145.59323120117188,86994000
2013-11-27 00:00:00-05:00,145.74631740225797,146.04447437220907,145.56903886735944,145.94776916503906,58800000
2013-11-29 00:00:00-05:00,146.1089842307191,146.45547546471022,145.68996099568776,145.8511199951172,55870900
2013-12-02 00:00:00-05:00,145.92363168366563,146.1976031972084,145.2467565458625,145.47238159179688,99726000
2013-12-03 00:00:00-05:00,144.99691633540252,145.35952703324722,144.37644149069266,144.84381103515625,116563000
2013-12-04 00:00:00-05:00,144.32006287839408,145.43206836428718,143.71570752680222,144.8277130126953,123033000
2013-12-05 00:00:00-05:00,144.56981603462677,144.83573378186966,144.05410012060224,144.1910858154297,106934000
2013-12-06 00:00:00-05:00,145.58514778556753,145.9397048293897,145.1661247069014,145.80271911621094,127728000
2013-12-09 00:00:00-05:00,146.22984380634244,146.39100279849802,145.98004552415486,146.17343139648438,70124000
2013-12-10 00:00:00-05:00,145.83491403397616,146.14112455848564,145.56094266764464,145.6495819091797,80976000
2013-12-11 00:00:00-05:00,145.70602403930639,145.7301972650576,143.83654594362275,144.01382446289062,130591000
2013-12-12 00:00:00-05:00,143.94936352001346,144.1266420455511,143.2402494178629,143.5384063720703,115565000
2013-12-13 00:00:00-05:00,143.83655734613754,143.96548942412403,143.2483216468288,143.5222930908203,107808000
2013-12-16 00:00:00-05:00,144.19920716080478,144.89220189835913,144.1589143385524,144.41677856445312,96195000
2013-12-17 00:00:00-05:00,144.5456913129684,144.56986454395278,143.63512529375197,143.9574432373047,89886000
2013-12-18 00:00:00-05:00,144.17500314624834,146.43931910308544,142.88571917892682,146.41514587402344,234906000
2013-12-19 00:00:00-05:00,145.99616108770417,146.41518432756243,145.61744296772193,146.2459716796875,136531200
2013-12-20 00:00:00-05:00,146.39177956558183,147.44501858055847,146.29456168685633,147.0966339111328,197087000
2013-12-23 00:00:00-05:00,147.81767603395383,147.97161256340974,147.509815337436,147.8824920654297,85598000
2013-12-24 00:00:00-05:00,147.89064870910352,148.27143532014992,147.8825513378213,148.2066192626953,45368800
2013-12-26 00:00:00-05:00,148.53875441852878,149.04107562946845,148.52255968059828,148.96005249023438,63365000
2013-12-27 00:00:00-05:00,149.1545413906818,149.21934508491407,148.79805926041055,148.95199584960938,61814000
2013-12-30 00:00:00-05:00,148.96818781617367,149.08972255599173,148.733240432363,148.9276885986328,56857000
2013-12-31 00:00:00-05:00,149.1301984678259,149.63250732421875,149.01676112616758,149.63250732421875,86119900
2014-01-02 00:00:00-05:00,149.05721586026854,149.13014160386993,147.8419433905294,148.19842529296875,119636900
2014-01-03 00:00:00-05:00,148.44963797826006,148.74941371172457,147.96353621672114,148.17417907714844,81390600
2014-01-06 00:00:00-05:00,148.66027570396943,148.71698200639668,147.51791630085418,147.74476623535156,108028200
2014-01-07 00:00:00-05:00,148.33619022120848,148.90331503712193,148.2227652580258,148.65216064453125,86144200
2014-01-08 00:00:00-05:00,148.62785165143927,148.9357246974411,148.17415181252719,148.6845703125,96582300
2014-01-09 00:00:00-05:00,149.162631680905,149.17883878489306,148.10129507405247,148.78184509277344,90683400
2014-01-10 00:00:00-05:00,149.03295311453414,149.25170568178598,148.27138017568237,149.1868896484375,102026400
2014-01-13 00:00:00-05:00,148.80609133435902,149.21927960637308,146.91836623642428,147.20193481445312,149892000
2014-01-14 00:00:00-05:00,147.6880364567109,148.88711443441463,147.41257760874925,148.80609130859375,105016100
2014-01-15 00:00:00-05:00,149.1545001646257,149.83505002755044,148.8385297023824,149.6082000732422,98525800
2014-01-16 00:00:00-05:00,149.30034759019586,149.60822072599845,148.93576813918583,149.4137725830078,72290600
2014-01-17 00:00:00-05:00,149.15453431011005,149.43809063671137,148.52259324095513,148.78184509277344,107848700
2014-01-21 00:00:00-05:00,149.640612675958,149.69733134981286,148.3038173231638,149.2193145751953,88621200
2014-01-22 00:00:00-05:00,149.47043431198546,149.53525033495393,149.00052741725827,149.31649780273438,61270900
2014-01-23 00:00:00-05:00,148.56301600550992,148.58732046778564,147.3072442466243,148.09310913085938,132496900
2014-01-24 00:00:00-05:00,147.12905506422504,147.1776640058846,144.88484747923889,144.93345642089844,208677100
2014-01-27 00:00:00-05:00,145.0711677028252,145.44385681285388,143.49941285328634,144.22047424316406,180843100
2014-01-28 00:00:00-05:00,144.32579386233442,145.26560777269015,144.3095867639093,145.0792694091797,110463200
2014-01-29 00:00:00-05:00,143.87212942500952,144.65800699978388,143.30500446444992,143.685791015625,216597300
2014-01-30 00:00:00-05:00,144.88484024457557,145.67881509762626,144.42303059707754,145.2089080810547,118938100
2014-01-31 00:00:00-05:00,143.41027360753938,145.2574870921497,143.33736021371362,144.35818481445312,194677900
2014-02-03 00:00:00-05:00,144.18805299082595,144.51212075925156,140.83390090180987,141.10935974121094,254837100
2014-02-04 00:00:00-05:00,141.7413115886185,142.46237293758875,141.06076180445658,142.09779357910156,165012400
2014-02-05 00:00:00-05:00,141.60357000671317,142.2355108038337,140.73668193369616,141.91954040527344,164230500
2014-02-06 00:00:00-05:00,142.25175112791763,143.7910919189453,141.96008512555076,143.7910919189453,132877600
2014-02-07 00:00:00-05:00,144.46351073161745,145.72739232621592,143.99360381729878,145.57345581054688,170787200
2014-02-10 00:00:00-05:00,145.58968116681152,145.88945686843468,145.1926999580803,145.84083557128906,92218800
2014-02-11 00:00:00-05:00,145.96235000322815,147.80956344164937,145.86511978483205,147.43687438964844,117814100
2014-02-12 00:00:00-05:00,147.65565347037497,148.12556046284902,147.2181606773239,147.50982666015625,94717700
2014-02-13 00:00:00-05:00,146.51332964653807,148.4253599185605,146.50523227591012,148.27142333984375,100542200
2014-02-14 00:00:00-05:00,148.13371548175533,149.36519592879972,147.99598598659375,149.08973693847656,96498400
2014-02-18 00:00:00-05:00,149.2192772673955,149.4704440085894,148.78988190446648,149.2678985595703,80460900
2014-02-19 00:00:00-05:00,148.87900661461964,149.84312495724913,148.15794529017805,148.27947998046875,126524300
2014-02-20 00:00:00-05:00,148.4820579574759,149.4947854530835,147.93923750331774,149.15451049804688,104998100
2014-02-21 00:00:00-05:00,149.43805965964395,149.7945416990972,148.91144633197612,148.98435974121094,118116400
2014-02-24 00:00:00-05:00,149.3003114551527,150.81534757011426,149.2354954231765,149.81072998046875,114063900
2014-02-25 00:00:00-05:00,149.93223878398578,150.36163413998432,149.2597864206087,149.75399780273438,117085000
2014-02-26 00:00:00-05:00,149.97278886331196,150.36978248940375,149.34084789926126,149.76214599609375,98677200
2014-02-27 00:00:00-05:00,149.54337416022142,150.58850335481804,149.3732305245271,150.54800415039062,93880800
2014-02-28 00:00:00-05:00,150.5236810461113,151.62552886080928,149.92415438675698,150.92877197265625,150842000
2014-03-03 00:00:00-05:00,149.60011584760392,150.24826398287271,148.8709569219249,149.8674774169922,167748500
2014-03-04 00:00:00-05:00,151.3338113255795,152.29792938017403,151.3014095019516,151.97386169433594,167545900
2014-03-05 00:00:00-05:00,152.10355119120092,152.37091269612452,151.8685915221494,152.1116485595703,88376900
2014-03-06 00:00:00-05:00,152.4843540639575,152.80842190710717,152.13596938829565,152.4600372314453,82516500
2014-03-07 00:00:00-05:00,153.09197853321342,153.09197853321342,151.852388842529,152.52484130859375,114513500
2014-03-10 00:00:00-04:00,152.28988061193982,152.50052343871363,151.56881927282157,152.44381713867188,74939200
2014-03-11 00:00:00-04:00,152.67066357278438,152.88941612484356,151.34196588740602,151.69033813476562,99009100
2014-03-12 00:00:00-04:00,150.95308259567648,151.78756888106017,150.6127953524619,151.73085021972656,104824400
2014-03-13 00:00:00-04:00,152.18453586952128,152.30607054859146,149.60816385681258,150.02944946289062,155014300
2014-03-14 00:00:00-04:00,149.76213661989323,150.531806990753,149.4299590573721,149.6082000732422,153919600
2014-03-17 00:00:00-04:00,150.36164263686388,151.3176636232725,150.296826607074,150.961181640625,98359500
2014-03-18 00:00:00-04:00,151.26902616932088,152.24124170806772,151.10697994420366,152.0386962890625,101804600
2014-03-19 00:00:00-04:00,152.0549073813189,152.26556255167927,150.2644126076116,151.22853088378906,176267300
2014-03-20 00:00:00-04:00,150.89637573486004,152.22507352871418,150.62901422993644,152.1116485595703,117241000
2014-03-21 00:00:00-04:00,152.750480207666,153.8165009257361,151.383360663797,151.52169799804688,163128000
2014-03-24 00:00:00-04:00,152.0424511250663,152.2296242937265,150.23590844837983,150.89505004882812,121411000
2014-03-25 00:00:00-04:00,151.65999900609629,152.123846795383,150.76487310177328,151.61117553710938,103852000
2014-03-26 00:00:00-04:00,152.20520838479206,152.44933813590373,150.48004633299152,150.52073669433594,119843000
2014-03-27 00:00:00-04:00,150.34169116039294,150.8218050830826,149.6499923506544,150.20335388183594,142383000
2014-03-28 00:00:00-04:00,150.63463113305818,151.7006513284735,150.54511732337699,150.94386291503906,101642000
2014-03-31 00:00:00-04:00,151.90414202401686,152.41681332702916,150.9683256748882,152.18081665039062,99745000
2014-04-01 00:00:00-04:00,152.6772090689357,153.27939421088394,152.17268329027638,153.18988037109375,89193000
2014-04-02 00:00:00-04:00,153.38518018691502,153.90598457356617,153.10036004956183,153.70254516601562,78774000
2014-04-03 00:00:00-04:00,153.93847746362852,153.9791678147975,153.02707319881182,153.49905395507812,77435000
2014-04-04 00:00:00-04:00,154.33729107895064,154.36983592406241,151.4403156026668,151.68443298339844,169381000
2014-04-07 00:00:00-04:00,151.31819133833105,151.57045415444048,149.69882200255,150.00804138183594,140803000
2014-04-08 00:00:00-04:00,149.94302086541887,150.87070434183556,149.39780458179288,150.6265869140625,112660000
2014-04-09 00:00:00-04:00,151.03341973361054,152.29473411517827,150.59398366387555,152.24591064453125,100254000
2014-04-10 00:00:00-04:00,152.23781117571698,152.311046397869,148.8607088453003,149.04788208007812,172959000
2014-04-11 00:00:00-04:00,148.21782573907478,149.25943459298824,147.54240536370077,147.7051544189453,167251000
2014-04-14 00:00:00-04:00,148.86067466742165,149.21873000501265,147.6481837669817,148.8688201904297,132382000
2014-04-15 00:00:00-04:00,149.17808189639138,149.9999727824702,147.7051698872428,149.89418029785156,157093000
2014-04-16 00:00:00-04:00,150.9276690376019,151.47288530563895,150.26038164220893,151.46475219726562,105197000
2014-04-17 00:00:00-04:00,151.2612880841551,152.09945753750634,151.0008796551355,151.67630004882812,105255000
2014-04-21 00:00:00-04:00,151.7169531363145,152.25403607647112,151.52979238454628,152.2052001953125,68329000
2014-04-22 00:00:00-04:00,152.35982863677876,153.311923517907,152.27846032873288,152.89691162109375,85790000
2014-04-23 00:00:00-04:00,152.83996290015287,152.9213312123795,152.41680545892427,152.5388641357422,73869000
2014-04-24 00:00:00-04:00,153.28756832425498,153.30384695865067,152.1157549869619,152.84814453125,88170000
2014-04-25 00:00:00-04:00,152.3517567567259,152.44127062341806,151.25317861250056,151.59495544433594,100380000
2014-04-28 00:00:00-04:00,152.21336477070057,152.7341691489963,150.51261433093316,152.0750274658203,135121000
2014-04-29 00:00:00-04:00,152.5633171835949,153.0190195897222,152.23781901263519,152.7830352783203,84098000
2014-04-30 00:00:00-04:00,152.53071290319298,153.3932938954147,152.31912799924498,153.23867797851562,101508000
2014-05-01 00:00:00-04:00,153.1654757800572,153.6700015822539,152.76673003566995,153.25498962402344,93019000
2014-05-02 00:00:00-04:00,153.2387330340173,153.91415351437263,152.80744238295264,153.03529357910156,98122000
2014-05-05 00:00:00-04:00,152.28662289815043,153.43402429110213,151.86346539679337,153.32823181152344,75883000
2014-05-06 00:00:00-04:00,152.98642230818965,153.09221476512624,151.9610922458024,151.99363708496094,85454000
2014-05-07 00:00:00-04:00,152.50632684972697,152.96202915503147,151.3670586695092,152.8887939453125,106500000
2014-05-08 00:00:00-04:00,152.75045259526684,153.84088485656233,152.23778130687074,152.7260284423828,93618000
2014-05-09 00:00:00-04:00,152.75044853415946,153.01897762222592,152.03433785409985,152.95388793945312,83679000
2014-05-12 00:00:00-04:00,153.6374117388568,154.5162712903102,152.98640328404463,154.44302368164062,86940000
2014-05-13 00:00:00-04:00,154.64652585388436,154.95575778932218,154.42682018950765,154.58143615722656,66454000
2014-05-14 00:00:00-04:00,154.4430385528121,154.51628616853463,153.62928101017934,153.8489990234375,72367000
2014-05-15 00:00:00-04:00,153.53974695169393,153.57230420260376,151.74948307719802,152.49813842773438,154956000
2014-05-16 00:00:00-04:00,152.5876940379748,153.092232229652,151.9448309513776,153.02713012695312,97458000
2014-05-19 00:00:00-04:00,152.73422055426795,153.7107275401128,152.59588320282793,153.5886688232422,63839000
2014-05-20 00:00:00-04:00,153.51531911630684,153.53159774005394,152.2295934301776,152.6201934814453,111644000
2014-05-21 00:00:00-04:00,153.05969085342065,153.97924107615248,153.0352791144948,153.906005859375,89093000
2014-05-22 00:00:00-04:00,153.94664512553845,154.59765363952744,153.68624917011562,154.28028869628906,61549000
2014-05-23 00:00:00-04:00,154.41866195586297,155.0045685132304,154.2803246321731,154.89878845214844,61092800
2014-05-27 00:00:00-04:00,155.47652663247905,155.89968406548113,155.38701279890086,155.85086059570312,72010000
2014-05-28 00:00:00-04:00,155.85084877760173,156.0949785249351,155.4765148427632,155.73692321777344,66723000
2014-05-29 00:00:00-04:00,156.09496955384185,156.56693797675206,155.6962239088822,156.5425262451172,64377000
2014-05-30 00:00:00-04:00,156.3960969893883,156.89248969144475,156.265892775121,156.79483032226562,76316000
2014-06-02 00:00:00-04:00,157.01449101339085,157.04704826354092,156.21701222205346,156.9738006591797,64656000
2014-06-03 00:00:00-04:00,156.59137255113365,156.9738396251444,156.44490213995806,156.89247131347656,65047000
2014-06-04 00:00:00-04:00,156.62394758088195,157.29936797083704,156.46119852212394,157.20985412597656,55529000
2014-06-05 00:00:00-04:00,157.3888659864315,158.39791749942088,156.81109260644888,158.23516845703125,92103000
2014-06-06 00:00:00-04:00,158.5769038710826,159.0326060378721,158.50366868362417,158.99192810058594,78696000
2014-06-09 00:00:00-04:00,158.96750237326245,159.53713003158975,158.8210195942916,159.1546630859375,65119000
2014-06-10 00:00:00-04:00,158.95938983091966,159.2035195685508,158.6176131650178,159.1709747314453,57129000
2014-06-11 00:00:00-04:00,158.6013361189016,158.780363767152,158.25955944959293,158.61761474609375,68772000
2014-06-12 00:00:00-04:00,158.43044217843058,158.51995599588065,157.14470389912648,157.49461364746094,106350000
2014-06-13 00:00:00-04:00,157.8038826510117,158.12939316253255,157.2993568793498,157.9747772216797,82017000
2014-06-16 00:00:00-04:00,157.77945189584332,158.43859352890433,157.59229113487714,158.10494995117188,87424000
2014-06-17 00:00:00-04:00,157.8852765674043,158.65834391926754,157.71438198246568,158.54441833496094,84834000
2014-06-18 00:00:00-04:00,158.54440139067302,159.79758268411314,158.19447915108483,159.70806884765625,105267000
2014-06-19 00:00:00-04:00,159.84642510858217,159.98477484974745,159.33376618168467,159.88711547851562,85929000
2014-06-20 00:00:00-04:00,160.28530183440816,160.34254381350777,160.0154735253438,160.2117156982422,100587000
2014-06-23 00:00:00-04:00,160.25257092661278,160.3016283415038,159.8682712080287,160.16262817382812,70611000
2014-06-24 00:00:00-04:00,159.87639512742115,160.6695230331307,159.01785319607632,159.19773864746094,96237000
2014-06-25 00:00:00-04:00,158.86251324349357,160.08082620643683,158.82981246544284,159.91729736328125,82782000
2014-06-26 00:00:00-04:00,159.94185661236418,159.95821324273888,158.7317279701559,159.8028564453125,84312000
2014-06-27 00:00:00-04:00,159.42674512074063,160.16264384547245,159.35315899120386,160.11358642578125,71445100
2014-06-30 00:00:00-04:00,160.0154121715775,160.39971181503557,159.87641203107472,160.03176879882812,70201200
2014-07-01 00:00:00-04:00,160.42429427069445,161.59355022009925,160.36706477081802,161.1029510498047,90470000
2014-07-02 00:00:00-04:00,161.119307227388,161.47089373315694,161.04572109498824,161.2664794921875,52475000
2014-07-03 00:00:00-04:00,161.7244041765166,162.13323275649068,161.6017605931076,162.0596466064453,52938800
2014-07-07 00:00:00-04:00,161.74892178491837,161.87973742932755,161.25832256990083,161.4954376220703,61696000
2014-07-08 00:00:00-04:00,161.20110504663452,161.25834703686934,160.06456208664272,160.45704650878906,108143000
2014-07-09 00:00:00-04:00,160.85764322923512,161.3237136647991,160.51422881819278,161.17652893066406,72992000
2014-07-10 00:00:00-04:00,159.62300073434784,160.9639577169381,159.49217261983762,160.5387725830078,99040000
2014-07-11 00:00:00-04:00,160.4407119392529,160.8740692980763,160.08094074103124,160.7595977783203,64243000
2014-07-14 00:00:00-04:00,161.57717232120305,161.78158653584572,161.43817215242046,161.56900024414062,58658000
2014-07-15 00:00:00-04:00,161.66713589601142,161.9778495347506,160.55512192607958,161.2664794921875,111307000
2014-07-16 00:00:00-04:00,161.9860010824008,162.10864462085627,161.42181585259846,161.8633575439453,79986400
2014-07-17 00:00:00-04:00,161.3646080550795,161.9778507827125,159.7946956930584,160.02365112304688,145398000
2014-07-18 00:00:00-04:00,160.54692177141285,161.82246441576146,160.45697902205734,161.658935546875,124330000
2014-07-21 00:00:00-04:00,161.15200056340612,161.48724289744106,160.61234399785548,161.35641479492188,67592000
2014-07-22 00:00:00-04:00,161.90428974982186,162.35400368308498,161.7898182464874,162.0596466064453,67678000
2014-07-23 00:00:00-04:00,162.3049468312164,162.59113182880685,161.9778889566486,162.41941833496094,65612000
2014-07-24 00:00:00-04:00,162.57476655636734,162.7628242004315,162.26405285851195,162.42758178710938,56888000
2014-07-25 00:00:00-04:00,161.9697044508617,162.1087046714195,161.34828949840482,161.66717529296875,76837000
2014-07-28 00:00:00-04:00,161.69981542545443,161.96964368523302,160.7676871082436,161.73252868652344,69259000
2014-07-29 00:00:00-04:00,162.03503305571306,162.26397594251802,161.01296214088686,161.03749084472656,80466000
2014-07-30 00:00:00-04:00,161.60991675873854,161.82251558432273,160.39161569532038,161.0620880126953,104222000
2014-07-31 00:00:00-04:00,159.94189264820605,160.0808928465753,157.78327858116978,157.8813934326172,183479000
2014-08-01 00:00:00-04:00,157.4480137175457,158.4291995212605,156.63854135579683,157.39895629882812,189261000
2014-08-04 00:00:00-04:00,157.7015239680114,158.87078013163116,157.03105162065967,158.53553771972656,91340000
2014-08-05 00:00:00-04:00,157.88959252168598,158.29842107562465,156.42597931176957,156.9983367919922,152690000
2014-08-06 00:00:00-04:00,156.26242236757858,157.71785076052473,156.23789365685684,157.04737854003906,94818000
2014-08-07 00:00:00-04:00,157.75878022914688,157.91413709147466,155.80458004417568,156.19705200195312,135733000
2014-08-08 00:00:00-04:00,156.54859999522847,158.11031523633244,156.13158697949297,158.0040283203125,117014000
2014-08-11 00:00:00-04:00,158.6009906030079,159.16517614735403,158.38840419234637,158.4619903564453,74544000
2014-08-12 00:00:00-04:00,158.30654869098663,158.74807791558507,157.75872007975454,158.2411346435547,73632000
2014-08-13 00:00:00-04:00,158.86257253309796,159.4921719144952,158.59275670324052,159.31228637695312,69047000
2014-08-14 00:00:00-04:00,159.57392749405196,160.06451416015625,159.42674276070255,160.06451416015625,57371000
2014-08-15 00:00:00-04:00,160.64501131799088,160.79218353389345,158.8788698684539,160.03176879882812,139951000
2014-08-18 00:00:00-04:00,160.9148863321929,161.44635834615366,160.82494357082751,161.37277221679688,75424000
2014-08-19 00:00:00-04:00,161.76522155843435,162.33757883461035,161.43816382246317,162.21493530273438,59135000
2014-08-20 00:00:00-04:00,161.99423298100947,162.8446034165057,161.9615321841634,162.6483612060547,72763000
2014-08-21 00:00:00-04:00,162.78730102849514,163.33512962673134,162.6564729367348,163.12254333496094,67791000
2014-08-22 00:00:00-04:00,162.99170786374387,163.2778927419559,162.5011212565342,162.8690643310547,76107000
2014-08-25 00:00:00-04:00,163.6458278432208,164.01377089981412,162.83634313755357,163.69488525390625,63855000
2014-08-26 00:00:00-04:00,163.8012237548828,164.20188016527197,163.76033841072794,163.8012237548828,47298000
2014-08-27 00:00:00-04:00,163.88296632054315,163.99745026382894,163.4823224248595,163.7357940673828,47874000
2014-08-28 00:00:00-04:00,163.19617538801586,163.75218869625556,163.03264646551844,163.64588928222656,58330000
2014-08-29 00:00:00-04:00,163.8993853932092,164.12832841409366,163.38426983444867,164.1119842529297,65907000
2014-09-02 00:00:00-04:00,164.3244930643598,164.3490217709855,163.41689348985,164.03013610839844,72426000
2014-09-03 00:00:00-04:00,164.65980413962072,164.68433285649272,163.7113188323762,163.9402618408203,57462000
2014-09-04 00:00:00-04:00,164.21828638273266,164.8233572661077,163.2534567736195,163.7031707763672,85236000
2014-09-05 00:00:00-04:00,163.67042618063405,164.50443994646744,163.049011253489,164.43902587890625,102177000
2014-09-08 00:00:00-04:00,164.2836375023405,164.52076501130287,163.53139458442675,164.01380920410156,64146000
2014-09-09 00:00:00-04:00,163.86664598738696,163.98111747085966,162.64016046026978,162.97540283203125,88591000
2014-09-10 00:00:00-04:00,163.06535627997027,163.69495576669377,162.52571205352214,163.5886688232422,67251000
2014-09-11 00:00:00-04:00,162.9345171520805,163.801231593235,162.81186111374646,163.77670288085938,66774400
2014-09-12 00:00:00-04:00,163.6131507745798,163.6294949295422,162.35395216104206,162.8200225830078,117409300
2014-09-15 00:00:00-04:00,162.84452662649255,162.9753547051007,162.20675533884315,162.6973419189453,76401000
2014-09-16 00:00:00-04:00,162.39485928485348,164.21823092407925,162.30491651467878,163.9238739013672,116201000
2014-09-17 00:00:00-04:00,164.16099469446382,164.9050530611049,163.32698108487824,164.14463806152344,151266000
2014-09-18 00:00:00-04:00,164.64337311622384,165.04402943821168,164.43078684056132,165.01950073242188,94990000
2014-09-19 00:00:00-04:00,165.54448379590644,165.8566373529881,164.53405540429287,164.87086486816406,121649000
2014-09-22 00:00:00-04:00,164.58336503767555,164.60800841123827,163.2525601913986,163.5975799560547,125553000
2014-09-23 00:00:00-04:00,163.00609149453186,163.68792065044275,162.6117850369992,162.66107177734375,111393000
2014-09-24 00:00:00-04:00,162.68572017026568,164.04116824547012,162.2585600509073,163.9343719482422,107276000
2014-09-25 00:00:00-04:00,163.50720631048515,163.51542912433348,161.23171806483828,161.28921508789062,150300000
2014-09-26 00:00:00-04:00,161.58486098200862,162.97316201805663,161.35484794423658,162.5706329345703,103547000
2014-09-29 00:00:00-04:00,161.17415416761492,162.56245548398402,161.0509373492041,162.27493286132812,95112000
2014-09-30 00:00:00-04:00,162.39822892842787,162.8993317537754,161.5110298670857,161.84783935546875,131302000
2014-10-01 00:00:00-04:00,161.584933044978,161.64244259745408,159.29301191976143,159.6544647216797,177798000
2014-10-02 00:00:00-04:00,159.51475609284344,160.23766148751366,158.0114608372116,159.67906188964844,157285000
2014-10-03 00:00:00-04:00,160.74702079838477,161.78209246427897,160.25414086989917,161.43707275390625,121569000
2014-10-06 00:00:00-04:00,162.11069405069262,162.32428665405547,160.6648952449601,161.24813842773438,104778000
2014-10-07 00:00:00-04:00,160.41845519396728,160.7799080430721,158.72621006841072,158.75906372070312,147913000
2014-10-08 00:00:00-04:00,158.84941945588642,161.76567294959213,158.01973002569693,161.53565979003906,186461000
2014-10-09 00:00:00-04:00,161.28096993849408,161.50277277323102,158.20042375793733,158.3318634033203,210705000
2014-10-10 00:00:00-04:00,158.2908307642907,159.07944378533804,156.48357901171443,156.52464294433594,221909000
2014-10-13 00:00:00-04:00,156.45888238181726,157.0256923137955,153.86300595701567,153.953369140625,230939000
2014-10-14 00:00:00-04:00,154.78310112715903,155.93317946685488,153.6494558803269,154.19163513183594,215847000
2014-10-15 00:00:00-04:00,152.10506133763343,154.18340229625286,149.4434647480626,153.14833068847656,380715000
2014-10-16 00:00:00-04:00,150.37996845823096,154.09305765843254,150.24031850944425,153.0169219970703,270391000
2014-10-17 00:00:00-04:00,154.78314227430957,155.87571134681664,154.12595626760404,154.82421875,214625000
2014-10-20 00:00:00-04:00,154.54483063223748,156.45065517651102,154.49554390342996,156.3274383544922,130011000
2014-10-21 00:00:00-04:00,157.46110666797045,159.53123749388763,157.29681335618127,159.42445373535156,154949000
2014-10-22 00:00:00-04:00,159.70374698726562,160.11448651707096,158.22508217301117,158.29080200195312,151822000
2014-10-23 00:00:00-04:00,159.87623341698531,161.1741716960859,159.580500485864,160.13088989257812,154944000
2014-10-24 00:00:00-04:00,160.39380453756925,161.41244319926489,159.76948489414252,161.36314392089844,117927000
2014-10-27 00:00:00-04:00,160.78813008509604,161.37959614785012,160.21309711707917,161.14137268066406,82954000
2014-10-28 00:00:00-04:00,161.6834756411575,162.99783429953962,161.60953301714767,162.9896240234375,106736000
2014-10-29 00:00:00-04:00,163.1046932001109,163.5729298132031,161.6671046394812,162.7432403564453,142557000
2014-10-30 00:00:00-04:00,162.30781908718325,164.25472026722727,162.15994635204947,163.78648376464844,113330000
2014-10-31 00:00:00-04:00,165.75805834804967,165.7909245328237,164.92836893676946,165.65948486328125,146903000
2014-11-03 00:00:00-05:00,165.8730031870522,166.30838596243183,165.37190060136237,165.74978637695312,93600000
2014-11-04 00:00:00-05:00,165.30620127205367,165.61015699924428,164.34507242988303,165.17477416992188,93343000
2014-11-05 00:00:00-05:00,166.38235665297634,166.4234331112912,165.48694752167876,166.2180633544922,91709000
2014-11-06 00:00:00-05:00,166.25914904511157,166.9738318273301,165.64303974050227,166.8834686279297,107089000
2014-11-07 00:00:00-05:00,166.8998703517129,167.25311280471678,166.4398441629601,167.03952026367188,89540000
2014-11-10 00:00:00-05:00,167.07245809319204,167.6146248854451,166.8670882755083,167.56533813476562,66319000
2014-11-11 00:00:00-05:00,167.63101026693292,167.8363800261612,167.29420085345245,167.72958374023438,54499400
2014-11-12 00:00:00-05:00,167.04783202805757,167.77894815338183,167.01496583434624,167.54893493652344,90120300
2014-11-13 00:00:00-05:00,167.71314960242034,168.26353900840627,166.9327470875082,167.73779296875,85357900
2014-11-14 00:00:00-05:00,167.66389357096222,167.98426992668655,167.3517274939264,167.77890014648438,80417500
2014-11-17 00:00:00-05:00,167.45852104157512,168.05819728018307,167.29421519228953,167.88568115234375,80441000
2014-11-18 00:00:00-05:00,167.94318397116785,169.15896949150834,167.94318397116785,168.8550262451172,76068100
2014-11-19 00:00:00-05:00,168.65785344235604,168.85501291716375,167.82816415524326,168.58392333984375,82373000
2014-11-20 00:00:00-05:00,167.79532595812685,168.98648074842,167.72960612223105,168.8796844482422,72840300
2014-11-21 00:00:00-05:00,170.57188947113022,170.7361827549407,169.20823139943258,169.78326416015625,142327300
2014-11-24 00:00:00-05:00,170.18580500486468,170.36653138985446,169.97222497477443,170.25973510742188,65880800
2014-11-25 00:00:00-05:00,170.4897809286958,170.69515072059616,169.88189436692826,170.1365509033203,79108300
2014-11-26 00:00:00-05:00,170.28437674955342,170.67047288313998,170.07079672162726,170.5718994140625,62167800
2014-11-28 00:00:00-05:00,170.44868515231886,170.76083865403754,169.97222581995615,170.21044921875,57890100
2014-12-01 00:00:00-05:00,169.5532882586732,169.6682948360523,168.71538856695847,169.0275421142578,103968400
2014-12-02 00:00:00-05:00,169.06857936617251,170.32544114701997,169.043936000648,170.1200714111328,74507200
2014-12-03 00:00:00-05:00,170.29255221178636,170.9908016482275,170.12825896408086,170.7772216796875,68952000
2014-12-04 00:00:00-05:00,170.48977762561017,171.08946643138046,169.79973814654045,170.58836364746094,91316600
2014-12-05 00:00:00-05:00,170.76083372500187,171.2537261331566,170.4979669661541,170.8676300048828,91025500
2014-12-08 00:00:00-05:00,170.47328725563628,170.9661670239382,169.1671264129221,169.72573852539062,108588200
2014-12-09 00:00:00-05:00,167.8856375992583,169.71754455839078,167.50776432739312,169.61074829101562,125180100
2014-12-10 00:00:00-05:00,169.1507760534663,169.20827307631345,166.70275914306686,166.89170837402344,159856400
2014-12-11 00:00:00-05:00,167.48313649349413,169.38075090952267,167.34348657270138,167.73779296875,159012800
2014-12-12 00:00:00-05:00,166.46452015167512,167.4338719834707,164.99407811482007,165.0269317626953,202330200
2014-12-15 00:00:00-05:00,165.92236517201553,166.37418123860553,163.29363424109798,163.893310546875,189965800
2014-12-16 00:00:00-05:00,163.1292619737248,166.26730447867547,162.53779623361766,162.57887268066406,259543800
2014-12-17 00:00:00-05:00,163.01430333652465,166.21806659106207,162.8910739591806,165.76625061035156,253910100
2014-12-18 00:00:00-05:00,168.18968146717395,174.9504528003427,167.5160624041633,169.86549377441406,257633900
2014-12-19 00:00:00-05:00,170.5138908136317,171.25731022107504,169.83656657551904,170.58824157714844,245084600
2014-12-22 00:00:00-05:00,170.77816400149624,171.37289428710938,170.53862581054813,171.37289428710938,148318900
2014-12-23 00:00:00-05:00,171.95112622110676,172.0006849849126,171.3150926763629,171.6042022705078,122167900
2014-12-24 00:00:00-05:00,171.82721551552294,172.09153310258455,171.57940911243207,171.62071228027344,42963400
2014-12-26 00:00:00-05:00,172.06682383537364,172.51287806348398,172.01726505535302,172.17420959472656,57326700
2014-12-29 00:00:00-05:00,171.992465212084,172.61197509659473,171.92638264526087,172.4054718017578,79643900
2014-12-30 00:00:00-05:00,171.984169328845,172.11632182757245,171.4059501555861,171.4803009033203,73540800
2014-12-31 00:00:00-05:00,171.80241277812058,171.9676128230689,169.65477438192607,169.77867126464844,130333800
2015-01-02 00:00:00-05:00,170.47258874432092,170.88559529706598,168.65534982907482,169.6878662109375,121465900
2015-01-05 00:00:00-05:00,168.64703515309722,168.81223519552856,166.31768556571836,166.62330627441406,169632600
2015-01-06 00:00:00-05:00,166.928980437492,167.44937271154942,164.26096171619886,165.05393981933594,209151400
2015-01-07 00:00:00-05:00,166.37553619335011,167.44935560927416,165.9294947211136,167.11068725585938,125346700
2015-01-08 00:00:00-05:00,168.51491617689666,170.2908517797395,168.4984049909054,170.07608032226562,147217800
2015-01-09 00:00:00-05:00,170.48904203900992,170.50556582461752,168.10186547890984,168.71311950683594,158567300
2015-01-12 00:00:00-05:00,168.84534696175578,169.00229147312052,166.78856973022198,167.3915557861328,144396100
2015-01-13 00:00:00-05:00,168.60577637472915,169.72915460451395,165.62386881945937,166.92071533203125,214553300
2015-01-14 00:00:00-05:00,164.91349780540452,166.11122679229365,164.0214148168744,165.91297912597656,192991100
2015-01-15 00:00:00-05:00,166.54900663505038,166.86288300701946,164.27747086579527,164.3931121826172,176613900
2015-01-16 00:00:00-05:00,164.18661346110187,166.70595572276284,164.0048895862307,166.54901123046875,211879600
2015-01-20 00:00:00-05:00,167.1850008985163,167.4493310684787,165.34299571593226,166.90415954589844,130991100
2015-01-21 00:00:00-05:00,166.44164760507718,168.22583901130292,165.9790822636024,167.7467498779297,122942700
2015-01-22 00:00:00-05:00,168.49835395998116,170.3733939227786,167.12716970045457,170.24124145507812,174356000
2015-01-23 00:00:00-05:00,169.98520065672528,170.24127526039032,169.17571148901422,169.30787658691406,117516800
2015-01-26 00:00:00-05:00,169.09313463881273,169.79523815908667,168.3827629216211,169.70437622070312,92009700
2015-01-27 00:00:00-05:00,167.6558608098982,168.60577072506626,166.63986834178553,167.46588134765625,134044600
2015-01-28 00:00:00-05:00,168.64706860560267,168.74618612993115,165.1282578484053,165.3182373046875,168514300
2015-01-29 00:00:00-05:00,165.51650818201227,167.1024518135914,164.1122758358799,166.8463897705078,173585400
2015-01-30 00:00:00-05:00,165.67340346122168,166.99501645954078,164.4839429399654,164.74826049804688,197729700
2015-02-02 00:00:00-05:00,165.24390342208943,166.87940563546837,163.4349329327051,166.78854370117188,163107000
2015-02-03 00:00:00-05:00,167.68065470962785,169.20878394437813,167.3089513455954,169.2005157470703,124212900
2015-02-04 00:00:00-05:00,168.44057206127013,169.64655660572535,168.10190370106497,168.55621337890625,134306700
2015-02-05 00:00:00-05:00,169.21697989161538,170.40644032042204,169.1426417658037,170.25775146484375,97953200
2015-02-06 00:00:00-05:00,170.62125595934074,171.18295139519486,169.26659504269838,169.7869873046875,125672000
2015-02-09 00:00:00-05:00,169.14272569388106,169.86135314121785,168.62233334707244,169.02708435058594,87219000
2015-02-10 00:00:00-05:00,170.05951193306993,171.08375969418503,169.06828653282952,170.82769775390625,96164200
2015-02-11 00:00:00-05:00,170.6625470171787,171.3563949145991,170.01825788329432,170.92686462402344,91087800
2015-02-12 00:00:00-05:00,171.7198709274691,172.62849042176754,170.95994035221958,172.57066345214844,97545900
2015-02-13 00:00:00-05:00,172.69454368851316,173.33056462266381,172.43846907159076,173.281005859375,93670400
2015-02-17 00:00:00-05:00,172.96709889458353,173.72704186582325,172.7193051039149,173.55357360839844,76968200
2015-02-18 00:00:00-05:00,173.18190224563585,173.64446754543653,172.91757201491595,173.57012939453125,80652900
2015-02-19 00:00:00-05:00,172.97536146007414,173.80962993740306,172.83494078194687,173.44618225097656,91462500
2015-02-20 00:00:00-05:00,173.03316309644572,174.56129186467138,172.41365347753623,174.48695373535156,140896400
2015-02-23 00:00:00-05:00,174.23920742827661,174.4622344970703,173.85923585195994,174.4622344970703,74411100
2015-02-24 00:00:00-05:00,174.38788888649893,175.1560876554852,174.0905236539817,174.9578399658203,72472300
2015-02-25 00:00:00-05:00,174.83392244920137,175.31301152317158,174.4704746962613,174.80914306640625,73061700
2015-02-26 00:00:00-05:00,174.71828719907174,174.87523169819997,173.99964726116664,174.60264587402344,72697900
2015-02-27 00:00:00-05:00,174.5035195995795,174.7678498363769,173.95836054311377,174.00791931152344,108076000
2015-03-02 00:00:00-05:00,174.10697952292608,175.16427491407825,174.05742077083383,175.10646057128906,87491400
2015-03-03 00:00:00-05:00,174.67692690286944,175.15601583681678,173.52876962108434,174.3878173828125,110325800
2015-03-04 00:00:00-05:00,173.79310011661133,173.86745085276726,172.68624591289165,173.65267944335938,114497200
2015-03-05 00:00:00-05:00,173.9748343708267,174.12352324808586,173.338813507535,173.84268188476562,76873000
2015-03-06 00:00:00-05:00,172.98363319579175,173.41316346565193,171.06728967572505,171.39768981933594,188128000
2015-03-09 00:00:00-04:00,171.59592352318504,172.46322698067183,171.43897905633878,172.10804748535156,89818900
2015-03-10 00:00:00-04:00,170.74512768789077,170.8277214133803,169.27481316828494,169.3161163330078,157121300
2015-03-11 00:00:00-04:00,169.57217657973325,169.7456448282181,168.8370256294043,168.9196319580078,110145700
2015-03-12 00:00:00-04:00,169.54738756835224,171.13333067656885,169.49782881558852,171.0672607421875,93993500
2015-03-13 00:00:00-04:00,170.79468838429833,171.75285375539067,168.98571814290895,170.0182342529297,162410900
2015-03-16 00:00:00-04:00,170.74509414042774,172.38059578967432,170.04297828995703,172.28973388671875,136099200
2015-03-17 00:00:00-04:00,171.5546219127697,172.15760780310515,170.96814720565243,171.77764892578125,94510400
2015-03-18 00:00:00-04:00,171.30681621137117,174.51175032254008,170.67078274412282,173.84268188476562,228808500
2015-03-19 00:00:00-04:00,173.42971522233455,173.8509773639673,172.66151648881646,173.04974365234375,117917300
2015-03-20 00:00:00-04:00,173.9964219067773,175.08332706439776,173.813886863184,174.57720947265625,177715100
2015-03-23 00:00:00-04:00,174.58553314874214,175.15802837331734,174.237060546875,174.237060546875,71784500
2015-03-24 00:00:00-04:00,174.11261643600022,174.56894148177798,173.1916485785176,173.25802612304688,77805300
2015-03-25 00:00:00-04:00,173.46543463004932,173.6977496835964,170.6776413272634,170.7191162109375,159521700
2015-03-26 00:00:00-04:00,170.05532553117254,171.22519296417158,169.35836787678124,170.31253051757812,153067200
2015-03-27 00:00:00-04:00,170.19636661978635,170.87671404274337,170.00552650267113,170.70248413085938,118939000
2015-03-30 00:00:00-04:00,171.7313419103126,173.08375727229875,171.71475702185867,172.78506469726562,96180400
2015-03-31 00:00:00-04:00,171.96361589192352,172.66057350740502,171.2168909627428,171.27496337890625,126768700
2015-04-01 00:00:00-04:00,171.24182193973758,171.26671193265366,169.6819815291534,170.66932678222656,137303600
2015-04-02 00:00:00-04:00,170.60294970108774,171.73134247042432,170.4204146457377,171.28330993652344,86900900
2015-04-06 00:00:00-04:00,170.39556175846903,172.9510404296362,170.26281932039745,172.43663024902344,114368200
2015-04-07 00:00:00-04:00,172.46148275849654,173.20820786869345,171.94707268970402,171.98025512695312,81236300
2015-04-08 00:00:00-04:00,172.20425493830373,173.0007599290921,171.81429488606952,172.56101989746094,89351900
2015-04-09 00:00:00-04:00,172.39506560943883,173.5566405495446,171.90554564612407,173.32432556152344,85548900
2015-04-10 00:00:00-04:00,173.57325759435778,174.31169017357283,173.37413767380824,174.27020263671875,72722900
2015-04-13 00:00:00-04:00,174.12914439239796,174.75972452913572,173.4321993930522,173.4819793701172,74436600
2015-04-14 00:00:00-04:00,173.28288096153133,173.99642359516923,172.6606058505757,173.8138885498047,75099900
2015-04-15 00:00:00-04:00,174.27851832960081,175.09991337221425,174.195543250851,174.5937957763672,99529300
2015-04-16 00:00:00-04:00,174.26191135152382,175.05012391611444,174.06277876943213,174.54400634765625,68934900
2015-04-17 00:00:00-04:00,173.35754046703426,173.5981479249098,171.7562126949012,172.5361328125,191113200
2015-04-20 00:00:00-04:00,173.45715474978277,174.444500201051,173.37419231014897,174.1126251220703,92189500
2015-04-21 00:00:00-04:00,174.7928932447818,174.95053826659614,173.6064283504393,173.90512084960938,72559800
2015-04-22 00:00:00-04:00,174.24531243943684,174.94227014118775,173.3243448273341,174.75973510742188,78264600
2015-04-23 00:00:00-04:00,174.36151849374383,175.8466891674251,174.24536095448013,175.19952392578125,102585900
2015-04-24 00:00:00-04:00,175.6143536888242,175.87155873444283,175.1580160303617,175.60604858398438,61327400
2015-04-27 00:00:00-04:00,176.17021507638887,176.29466502117256,174.68504488080637,174.87588500976562,79358100
2015-04-28 00:00:00-04:00,174.85103608471604,175.4816037200731,173.68115568812917,175.43182373046875,86863500
2015-04-29 00:00:00-04:00,174.54399554046685,175.30731806756097,173.9051356170558,174.70994567871094,125684900
2015-04-30 00:00:00-04:00,174.13746218128156,174.52742224365647,172.26233184044423,172.95928955078125,161304900
2015-05-01 00:00:00-04:00,173.73920137750798,174.87589915945125,173.63964141362536,174.83441162109375,103399700
2015-05-04 00:00:00-04:00,175.25757748874994,175.9130477655993,175.1497250669073,175.33226013183594,70927200
2015-05-05 00:00:00-04:00,175.09159061917188,175.44836820377265,173.1832780802404,173.32432556152344,113326200
2015-05-06 00:00:00-04:00,173.8719416972736,174.1789266667018,171.54877900859634,172.6107940673828,135060200
2015-05-07 00:00:00-04:00,172.51128675011236,173.72265477190496,172.17941169055874,173.29949951171875,88244900
2015-05-08 00:00:00-04:00,174.9671305995728,175.7802330107883,174.8841555399682,175.5811004638672,155877300
2015-05-11 00:00:00-04:00,175.53972783023445,175.80522538720754,174.6685398378645,174.7432098388672,75708100
2015-05-12 00:00:00-04:00,173.91341300842794,174.7597105314007,173.09200547199407,174.22039794921875,119727600
2015-05-13 00:00:00-04:00,174.62697884122056,175.2492539083147,174.02130132077684,174.2536163330078,94667900
2015-05-14 00:00:00-04:00,175.26583815484017,176.1619157026827,174.99203562687012,176.07064819335938,95934000
2015-05-15 00:00:00-04:00,176.26144409179688,176.40249155181812,175.78021664337516,176.26144409179688,76510100
2015-05-18 00:00:00-04:00,176.0955850883532,177.05802775369216,176.02920754932617,176.8091278076172,74549700
2015-05-19 00:00:00-04:00,176.92524966742405,177.1990522131285,176.46891209125,176.75100708007812,72114600
2015-05-20 00:00:00-04:00,176.85058157999936,177.37329672479893,176.31128154758866,176.62657165527344,76857500
2015-05-21 00:00:00-04:00,176.48548802195896,177.3483704292244,176.31953789806212,177.1409454345703,64764600
2015-05-22 00:00:00-04:00,176.75930935079924,177.17415941398292,176.65145694332057,176.71783447265625,57433500
2015-05-26 00:00:00-04:00,176.22829770881899,176.65145286603982,174.4029600049852,174.81781005859375,124308600
2015-05-27 00:00:00-04:00,175.2741711023209,176.70954893500715,174.86761343770593,176.47723388671875,93214000
2015-05-28 00:00:00-04:00,176.17021111534228,176.38592856818985,175.58942361904656,176.278076171875,74974600
2015-05-29 00:00:00-04:00,176.2117859987381,176.2532608931474,174.9174553196087,175.18295288085938,124919600
2015-06-01 00:00:00-04:00,175.84665786635355,176.17853287368334,174.75144755376922,175.5396728515625,93338800
2015-06-02 00:00:00-04:00,175.08327677601656,176.05402414163785,174.46100184983246,175.36537170410156,91531000
2015-06-03 00:00:00-04:00,175.8964556652323,176.45235332192888,175.3405580085357,175.830078125,87820900
2015-06-04 00:00:00-04:00,175.12482989319332,175.78028749043622,174.02961953601317,174.34490966796875,151882800
2015-06-05 00:00:00-04:00,174.19554356303513,174.71825870761285,173.39073340655372,174.04620361328125,121704700
2015-06-08 00:00:00-04:00,173.93833102314068,174.08768362665737,172.90120588284333,172.9758758544922,89063300
2015-06-09 00:00:00-04:00,172.95098876953125,173.49030144767775,172.32042123131572,172.95098876953125,105034700
2015-06-10 00:00:00-04:00,173.71431032637201,175.40690566336218,173.65623790120128,175.02523803710938,134551300
2015-06-11 00:00:00-04:00,175.46498440269264,175.971102001252,175.23266937321156,175.58944702148438,73876400
2015-06-12 00:00:00-04:00,174.76800006322568,175.4649449951425,173.97148252659449,174.2452850341797,135382400
2015-06-15 00:00:00-04:00,173.1086361141157,173.78069119959363,172.40338593342784,173.49859619140625,124384200
2015-06-16 00:00:00-04:00,173.34926288666625,174.52744835364663,173.17503292818068,174.44447326660156,85308200
2015-06-17 00:00:00-04:00,174.7265625,175.33225276281615,173.70603479640596,174.7265625,126708600
2015-06-18 00:00:00-04:00,175.3238886844893,177.00817851517942,174.7596988138142,176.54354858398438,165867900
2015-06-19 00:00:00-04:00,176.30185435107938,176.37688755239955,175.3847394844856,175.75991821289062,130478700
2015-06-22 00:00:00-04:00,176.67698711889116,177.24392145490066,176.45187485168697,176.66030883789062,70696000
2015-06-23 00:00:00-04:00,176.8687485589522,177.11887189486686,176.39352567033555,176.78536987304688,68476800
2015-06-24 00:00:00-04:00,176.51856260613104,176.89374121005542,175.47639274978548,175.50140380859375,92307300
2015-06-25 00:00:00-04:00,176.00168702375012,176.1267423437939,174.89281653941904,174.9678497314453,97107400
2015-06-26 00:00:00-04:00,175.3263229424074,175.56811348606794,174.38420999329747,174.93447875976562,104174800
2015-06-29 00:00:00-04:00,173.45872024004615,174.94276881373864,171.19095804887158,171.2659912109375,202621300
2015-06-30 00:00:00-04:00,172.8001309279785,172.85016577780942,171.1493370940324,171.62457275390625,182925100
2015-07-01 00:00:00-04:00,173.1919387824699,173.44206207348822,172.21646939711758,173.00018310546875,135979900
2015-07-02 00:00:00-04:00,173.4754443357118,173.6421889804988,172.4249289021321,172.841796875,104373700
2015-07-06 00:00:00-04:00,171.5578222941568,173.12523697625988,171.35772111861647,172.34986877441406,117975400
2015-07-07 00:00:00-04:00,172.55000349604325,173.55881690458054,170.17385087151584,173.4337615966797,173820200
2015-07-08 00:00:00-04:00,172.0997778121791,172.3832449894244,170.29057227957045,170.52401733398438,164020100
2015-07-09 00:00:00-04:00,172.61666799820853,172.8751368028293,170.72409674318993,170.8324737548828,144113100
2015-07-10 00:00:00-04:00,172.82516963101017,173.40044963894204,170.8742299950883,172.98358154296875,129456900
2015-07-13 00:00:00-04:00,174.2425243385516,175.00121457418837,174.20083498626724,174.89283752441406,106069400
2015-07-14 00:00:00-04:00,174.85114022385267,175.96001079082825,174.79277258894697,175.65151977539062,81709600
2015-07-15 00:00:00-04:00,175.69318389756324,176.15174124239255,175.11790402148668,175.5931396484375,97914100
2015-07-16 00:00:00-04:00,176.6436384017293,177.0021514892578,176.401860564588,177.0021514892578,106683300
2015-07-17 00:00:00-04:00,176.99382504937782,177.21060456995625,176.58530251623148,177.15223693847656,89030000
2015-07-20 00:00:00-04:00,177.37731254025718,177.73581287041966,176.92710075231818,177.24391174316406,70446800
2015-07-21 00:00:00-04:00,177.1104827988299,177.3689515727958,176.2434031991255,176.54354858398438,77965000
2015-07-22 00:00:00-04:00,175.8599150166322,176.56026287200874,175.82657117675748,176.2267608642578,88667900
2015-07-23 00:00:00-04:00,176.36019849648346,176.4602427588005,174.87614923703148,175.23464965820312,90509100
2015-07-24 00:00:00-04:00,175.33470989252405,175.3930648060229,173.08362489603817,173.4171142578125,117755000
2015-07-27 00:00:00-04:00,172.53331692506057,173.04189635575844,171.96636987227896,172.4082489013672,132361100
2015-07-28 00:00:00-04:00,173.24199465957545,174.66768879097515,172.4166041766928,174.5259552001953,123544800
2015-07-29 00:00:00-04:00,174.65099030361242,175.95161625375798,174.5092567292299,175.7265167236328,105791300
2015-07-30 00:00:00-04:00,175.21798063623257,175.93499418622278,174.60101134658413,175.76824951171875,91304400
2015-07-31 00:00:00-04:00,176.2684392962481,176.2934503550564,175.21793666089977,175.50140380859375,103266900
2015-08-03 00:00:00-04:00,175.4680839189179,175.52643882350162,173.9590110746571,174.9094696044922,113965700
2015-08-04 00:00:00-04:00,174.83441582600307,175.29297311573126,174.08405860412074,174.567626953125,81820800
2015-08-05 00:00:00-04:00,175.4596942497766,176.1767075371848,174.85940346395583,175.14288330078125,85786800
2015-08-06 00:00:00-04:00,175.32629910097288,175.43468882799883,173.1252370562084,173.7088623046875,116030800
2015-08-07 00:00:00-04:00,173.55047160996344,173.7005379686232,172.4749451523665,173.37538146972656,117858000
2015-08-10 00:00:00-04:00,174.48421194703076,175.64310409880983,174.48421194703076,175.5597381591797,80270700
2015-08-11 00:00:00-04:00,174.22581609792064,174.64268410548195,173.21698992202937,173.97569274902344,126081400
2015-08-12 00:00:00-04:00,172.67502226681563,174.36750492522754,171.2159846149572,174.18408203125,172123700
2015-08-13 00:00:00-04:00,174.025685828599,174.7093553533563,173.42539498015836,173.9673309326172,89383300
2015-08-14 00:00:00-04:00,173.77562504833537,174.6760616449859,173.63389142503914,174.6010284423828,72786500
2015-08-17 00:00:00-04:00,174.00904675741438,175.5764617919922,173.55048941147336,175.5764617919922,79072600
2015-08-18 00:00:00-04:00,175.30131614183904,175.6514837139726,174.83442604566096,175.06787109375,71692700
2015-08-19 00:00:00-04:00,174.32583589007928,175.09287138975742,172.87514356925766,173.68386840820312,172946000
2015-08-20 00:00:00-04:00,172.17478180084714,173.6588305616013,169.99873077406508,170.05709838867188,194327900
2015-08-21 00:00:00-04:00,168.18955347177467,170.0321155609395,164.67953216633668,164.93798828125,346588500
2015-08-24 00:00:00-04:00,156.31714588799085,164.64615924941685,152.07342055854252,157.99295043945312,507244300
2015-08-25 00:00:00-04:00,162.93701933416563,162.9536976161637,155.84193059927358,156.1337432861328,369833100
2015-08-26 00:00:00-04:00,160.1440002975013,162.4034175624489,157.0508343737949,162.1282958984375,339257000
2015-08-27 00:00:00-04:00,164.2626591901485,166.26362036631141,162.75359916753715,166.13856506347656,274143900
2015-08-28 00:00:00-04:00,165.49659854882236,166.61380175279606,165.0130301347587,166.14691162109375,160414400
2015-08-31 00:00:00-04:00,165.1714418279935,166.02185612224434,164.2543271261738,164.80459594726562,163298800
2015-09-01 00:00:00-04:00,161.01111043486603,162.38678262332616,159.01848167867516,159.8855743408203,256000400
2015-09-02 00:00:00-04:00,162.26170577699753,162.96205372669115,160.42748901365306,162.9203643798828,160269300
2015-09-03 00:00:00-04:00,163.62902429870644,165.12141887676555,162.54517766608922,163.03707885742188,152087800
2015-09-04 00:00:00-04:00,160.78599337005926,161.62806215377893,159.75215614582967,160.5692138671875,207081000
2015-09-08 00:00:00-04:00,163.36226397812123,164.75460182807,162.72028357771953,164.60452270507812,116025700
2015-09-09 00:00:00-04:00,166.18021600392544,166.30527127786237,162.03654830350857,162.40338134765625,149347700
2015-09-10 00:00:00-04:00,162.2116895202348,164.42943054395593,161.95323337119268,163.28721618652344,158611100
2015-09-11 00:00:00-04:00,162.8953391442491,164.0959209857846,162.1866584755701,164.0292205810547,119691200
2015-09-14 00:00:00-04:00,164.2042918267338,164.25431394794666,162.93700962820373,163.4205780029297,79452000
2015-09-15 00:00:00-04:00,163.92082498705662,165.90512061114862,163.37890171043026,165.46324157714844,113806200
2015-09-16 00:00:00-04:00,165.76337869686665,167.0890157322511,165.42154392267057,166.89724731445312,99581600
2015-09-17 00:00:00-04:00,166.7638853009481,169.1567036506817,166.14691605513212,166.5220947265625,276046600
2015-09-18 00:00:00-04:00,164.01873347461128,166.5077903403786,163.39018079009878,163.8008270263672,223657500
2015-09-21 00:00:00-04:00,164.6306196479839,165.6698191903658,163.59979620941505,164.6473846435547,105726200
2015-09-22 00:00:00-04:00,162.48508230140018,162.97116463521715,161.3788233096915,162.51022338867188,153890900
2015-09-23 00:00:00-04:00,162.67785382616628,163.1471712270909,161.67217185447925,162.2504425048828,92790600
2015-09-24 00:00:00-04:00,161.03526539096694,162.1247597604628,159.70273616704816,161.663818359375,159378800
2015-09-25 00:00:00-04:00,163.12208924861264,163.4237952282441,160.7503475063878,161.6219482421875,155054800
2015-09-28 00:00:00-04:00,160.72514181152218,160.83409505669493,157.25553083417196,157.56561279296875,178515900
2015-09-29 00:00:00-04:00,157.78355517661606,159.0155199795745,156.66053085567307,157.6578369140625,159045600
2015-09-30 00:00:00-04:00,159.54344943762996,160.76703778299435,158.764050145454,160.59942626953125,163452000
2015-10-01 00:00:00-04:00,160.97654180415807,161.3201536899569,159.08250756457684,161.01844787597656,131079000
2015-10-02 00:00:00-04:00,159.04061688143545,163.44886240141275,158.4958634709605,163.42372131347656,211003300
2015-10-05 00:00:00-04:00,164.647331093964,166.5581307533342,164.5383778401069,166.33184814453125,126320800
2015-10-06 00:00:00-04:00,166.19774784370665,166.7592535071073,165.09987760721134,165.76194763183594,110274500
2015-10-07 00:00:00-04:00,166.69218957934794,167.4716016642994,165.50213120205433,167.11961364746094,124307300
2015-10-08 00:00:00-04:00,166.73412628130978,168.91311473391343,166.4324203846099,168.628173828125,153055200
2015-10-09 00:00:00-04:00,168.77060480397452,169.2063921622075,168.1001459916969,168.72869873046875,107069200
2015-10-12 00:00:00-04:00,168.80414255469205,169.08908342854323,168.3767312439153,168.88795471191406,56395600
2015-10-13 00:00:00-04:00,168.15878559702708,169.42427982155294,167.65595113459193,167.8235626220703,88038700
2015-10-14 00:00:00-04:00,167.76490977995587,168.34318034427724,166.72571077201667,167.01902770996094,99106200
2015-10-15 00:00:00-04:00,167.68110349131211,169.59190271048726,167.3123505213068,169.58352661132812,134142200
2015-10-16 00:00:00-04:00,169.98584592238217,170.37135120218616,169.22319867641423,170.35459899902344,114580100
2015-10-19 00:00:00-04:00,169.7092678031965,170.43838500976562,169.39918582577107,170.43838500976562,76523900
2015-10-20 00:00:00-04:00,170.00258054949444,170.83226203580736,169.75115687960545,170.22047424316406,78448500
2015-10-21 00:00:00-04:00,170.6395042149771,170.79035073953665,168.99688070478732,169.1645050048828,102038000
2015-10-22 00:00:00-04:00,170.1114939640774,172.231810651103,169.16448328739693,172.0222930908203,174911700
2015-10-23 00:00:00-04:00,173.69006531550164,174.27671195318962,172.89390110807238,173.907958984375,144442300
2015-10-26 00:00:00-04:00,173.73196868130663,173.7906269501931,173.11179208087373,173.4805450439453,69033000
2015-10-27 00:00:00-04:00,172.81011938125604,173.48057828002285,172.46650743729634,173.14535522460938,77905800
2015-10-28 00:00:00-04:00,173.4805724101665,175.1399482178146,172.81850242234762,175.11480712890625,135906700
2015-10-29 00:00:00-04:00,174.61198147797265,175.3830047490535,174.49465212776337,175.01425170898438,90525500
2015-10-30 00:00:00-04:00,175.20695690570935,175.52542767919257,174.10071087287469,174.2599334716797,131076900
2015-11-02 00:00:00-05:00,174.58687106445788,176.51442318688035,174.46115280346794,176.32167053222656,86270800
2015-11-03 00:00:00-05:00,175.96962854731606,177.38596945377594,175.74334597716359,176.8328399658203,95246100
2015-11-04 00:00:00-05:00,177.1262338390279,177.25193931911244,175.76017461170807,176.29653930664062,96224500
2015-11-05 00:00:00-05:00,176.3551726375853,176.816113979219,175.23216121465313,176.12051391601562,78408700
2015-11-06 00:00:00-05:00,175.77695510652651,176.2630376522921,174.70422562205908,176.0283660888672,110471500
2015-11-09 00:00:00-05:00,175.41656550519926,175.56742487175757,173.43871826193913,174.3857421875,131008700
2015-11-10 00:00:00-05:00,173.9079873730397,174.82149384506457,173.63981148972155,174.7879638671875,75874600
2015-11-11 00:00:00-05:00,175.05616889469752,175.10645107827153,174.03372186888976,174.10076904296875,67846000
2015-11-12 00:00:00-05:00,173.0615183821333,173.53083570794695,171.6535664046923,171.67031860351562,121315200
2015-11-13 00:00:00-05:00,171.25970084267732,171.52787673580528,169.65898322089475,169.74278259277344,153577100
2015-11-16 00:00:00-05:00,169.55841348926387,172.38270671213425,169.44107135405784,172.32403564453125,117645200
2015-11-17 00:00:00-05:00,172.63413394816544,173.51409767680042,171.703875251433,172.19833374023438,121123700
2015-11-18 00:00:00-05:00,172.67599358057856,175.07287507507408,172.63410029724014,174.93040466308594,121342500
2015-11-19 00:00:00-05:00,174.8131192434579,175.1986372929131,174.48627226611268,174.77960205078125,88220500
2015-11-20 00:00:00-05:00,175.5338332443972,176.09533884752574,175.03937480420112,175.41650390625,94011500
2015-11-23 00:00:00-05:00,175.47520813820526,175.97804277333833,174.75446698536746,175.2154083251953,64931200
2015-11-24 00:00:00-05:00,174.2096893297508,175.85231293454058,173.82418410838238,175.45004272460938,98874400
2015-11-25 00:00:00-05:00,175.57574276884174,175.77688426159057,175.16508368329,175.42489624023438,51980100
2015-11-27 00:00:00-05:00,175.51713009737782,175.82722493369,175.03943647659173,175.62608337402344,37317800
2015-11-30 00:00:00-05:00,175.78529486042987,175.90262422390845,174.78798887689123,174.89694213867188,112822700
2015-12-01 00:00:00-05:00,175.5254827993396,176.68202415007264,175.24891800729733,176.56468200683594,97858400
2015-12-02 00:00:00-05:00,176.51435060515686,176.83282138984717,174.5113632345808,174.76278686523438,108441300
2015-12-03 00:00:00-05:00,175.01424632913574,175.28242221225327,171.59491750079425,172.31565856933594,166224200
2015-12-04 00:00:00-05:00,172.31570246678578,175.96969091918655,172.31570246678578,175.67636108398438,192913900
2015-12-07 00:00:00-05:00,175.34947755684817,175.76851278396063,173.6481955578069,174.6119842529297,102027100
2015-12-08 00:00:00-05:00,173.05309356140256,174.56160945882849,172.45805818431188,173.4385986328125,103372400
2015-12-09 00:00:00-05:00,172.8017509958119,174.88853826661926,171.11722117910855,172.08938598632812,162401500
2015-12-10 00:00:00-05:00,172.15639449310737,173.84091114354192,171.9217358389554,172.5335235595703,116128900
2015-12-11 00:00:00-05:00,170.42158522442,171.08365507491644,168.8795262928956,169.1896209716797,211173300
2015-12-14 00:00:00-05:00,169.3489225829156,170.1702281432619,167.57220431685354,170.0445098876953,182385200
2015-12-15 00:00:00-05:00,171.55300981600035,172.7346921593939,170.01933943609507,171.82957458496094,154069600
2015-12-16 00:00:00-05:00,172.95259575159645,174.645501651764,171.6368317866301,174.3437957763672,197017000
2015-12-17 00:00:00-05:00,174.65386687143496,174.72091403822824,171.6703382828012,171.68710327148438,173092500
2015-12-18 00:00:00-05:00,170.94690416829022,171.08178369521318,168.46831115642496,168.6284942626953,251393500
2015-12-21 00:00:00-05:00,169.80035600673932,170.1965943918638,168.6875130023776,170.01954650878906,99094300
2015-12-22 00:00:00-05:00,170.9047326303982,171.85739236404658,169.9183562341986,171.56231689453125,111026200
2015-12-23 00:00:00-05:00,172.56559014783053,173.7290146149224,172.47285322851093,173.68685913085938,110987200
2015-12-24 00:00:00-05:00,173.43390652848993,173.94817246379162,173.18098653564485,173.40017700195312,48539600
2015-12-28 00:00:00-05:00,172.70889178931722,173.0461099010935,171.93327984099471,173.00396728515625,65899900
2015-12-29 00:00:00-05:00,174.09992902631632,175.17904239882662,174.06621236144557,174.85025024414062,92640700
2015-12-30 00:00:00-05:00,174.6057312003707,174.6900421403417,173.46759783097934,173.6109161376953,63317700
2015-12-31 00:00:00-05:00,172.9365137681449,173.57723329901134,171.87425231933594,171.87425231933594,114877900
2016-01-04 00:00:00-05:00,169.0247378144135,169.47998356786456,167.42291956654066,169.4715576171875,222353500
2016-01-05 00:00:00-05:00,169.7918953745946,170.21342442255937,168.65377466351708,169.7581787109375,110845800
2016-01-06 00:00:00-05:00,167.21214413008352,168.6622051229766,166.58828935540473,167.6168212890625,152112600
2016-01-07 00:00:00-05:00,164.67460325391284,166.4534570404176,163.20767696731886,163.59548950195312,213436100
2016-01-08 00:00:00-05:00,164.5565478315544,165.1129693840645,161.513106924341,161.79974365234375,209817200
2016-01-11 00:00:00-05:00,162.71864708325168,163.0558780579135,160.02930242058451,161.95989990234375,187941300
2016-01-12 00:00:00-05:00,163.40155500404893,164.01698392014976,161.14215222113893,163.26666259765625,172330500
2016-01-13 00:00:00-05:00,163.93262288028626,164.27827974207577,158.81526759221558,159.19464111328125,221168900
2016-01-14 00:00:00-05:00,159.80171165185732,162.92945090371774,158.20833189652004,161.8081817626953,240795600
2016-01-15 00:00:00-05:00,157.45794215989585,159.13561930320137,156.40411968734966,158.334716796875,324846400
2016-01-19 00:00:00-05:00,160.14735061786772,160.27380420958087,156.97744336907945,158.5455322265625,195244400
2016-01-20 00:00:00-05:00,155.99105620650136,158.07341096946286,152.61039748829143,156.5137481689453,286547800
2016-01-21 00:00:00-05:00,156.98586912340346,159.22839410217688,155.66226160803873,157.39053344726562,195772900
2016-01-22 00:00:00-05:00,159.99559332480396,160.82178680616093,159.2368460469932,160.6194610595703,168319600
2016-01-25 00:00:00-05:00,160.11359294935863,160.30749271059665,157.99752174755105,158.19142150878906,130371700
2016-01-26 00:00:00-05:00,158.84899758001725,160.62785059511515,158.51177950278483,160.34963989257812,141036800
2016-01-27 00:00:00-05:00,159.82700049285475,161.49625239213077,157.7024898893812,158.6045684814453,185681700
2016-01-28 00:00:00-05:00,160.1473756431723,160.34970142152963,157.78680960462017,159.43077087402344,143798800
2016-01-29 00:00:00-05:00,160.19787265675834,163.4520768054198,160.07984506023874,163.3171844482422,210529300
2016-02-01 00:00:00-05:00,162.31398819603547,164.04226001473677,161.73227600136582,163.25820922851562,136061600
2016-02-02 00:00:00-05:00,161.83347120425384,161.84189715589827,159.7932588700517,160.3159637451172,182564900
2016-02-03 00:00:00-05:00,161.3697602245639,161.68168761708515,157.7361817318406,161.2770233154297,205054900
2016-02-04 00:00:00-05:00,160.77963173464707,162.49946476772794,160.14733809741855,161.5299530029297,139531800
2016-02-05 00:00:00-05:00,161.01572450128157,161.58899802448906,157.82052603971346,158.45281982421875,180788300
2016-02-08 00:00:00-05:00,156.61496083625997,156.91002355456357,154.11107638685309,156.31988525390625,191526700
2016-02-09 00:00:00-05:00,154.58316887226096,157.60131910006854,154.44827645822463,156.3282928466797,184513100
2016-02-10 00:00:00-05:00,157.15442962845486,158.7815252359378,156.0668777100476,156.19334411621094,148214100
2016-02-11 00:00:00-05:00,153.72321201774534,155.20700251784558,152.66938938485407,154.16160583496094,219058900
2016-02-12 00:00:00-05:00,155.93207520421836,157.3568329836755,155.08901686974585,157.33998107910156,127632400
2016-02-16 00:00:00-05:00,159.14407567169118,160.02085040539032,158.18298998527018,159.9955596923828,120250700
2016-02-17 00:00:00-05:00,161.15900869027703,162.98001749067555,161.03254224177735,162.60906982421875,136009500
2016-02-18 00:00:00-05:00,162.87888005390369,162.93790031655604,161.63115722577803,161.94308471679688,102343000
2016-02-19 00:00:00-05:00,161.16740201520466,162.0188859942573,160.56039920461745,161.8671417236328,114793000
2016-02-22 00:00:00-05:00,163.4436752219077,164.35417954418443,163.37622902795616,164.2108612060547,103640300
2016-02-23 00:00:00-05:00,163.55332530829386,163.82311016395872,162.01895288581227,162.13699340820312,111455300
2016-02-24 00:00:00-05:00,160.71222239458268,163.15708654029385,159.60781797985007,162.87887573242188,150812200
2016-02-25 00:00:00-05:00,163.3256446324791,164.86001657290862,162.5668974763839,164.85157775878906,110728300
2016-02-26 00:00:00-05:00,165.71994908705076,165.81267313539044,164.312030636082,164.4722137451172,129833700
2016-02-29 00:00:00-05:00,164.48913145020424,165.4333527790871,162.98848846792222,163.18238830566406,125918100
2016-03-01 00:00:00-05:00,164.40473407826056,167.10252993879897,163.93262366187955,167.01821899414062,141799700
2016-03-02 00:00:00-05:00,166.7063516447515,167.81918190324672,166.29324844973772,167.7686004638672,102415000
2016-03-03 00:00:00-05:00,167.59151530457737,168.44301222499766,167.0182419669896,168.4261474609375,95172200
2016-03-04 00:00:00-05:00,168.6200687052301,169.74977648835898,167.79387525766805,168.97415161132812,129293600
2016-03-07 00:00:00-05:00,168.05521656875482,169.5137165001027,167.97934441899835,169.10903930664062,100219000
2016-03-08 00:00:00-05:00,168.038381279782,168.54420852554634,167.1025860814623,167.26275634765625,123974900
2016-03-09 00:00:00-05:00,168.07210923048493,168.43461813774294,167.2880582940595,168.08897399902344,94801200
2016-03-10 00:00:00-05:00,168.57788107599362,169.51367595798664,166.40278992152216,168.22378540039062,156838700
2016-03-11 00:00:00-05:00,169.67390440425157,170.980647308,168.2069912334791,170.93849182128906,137964500
2016-03-14 00:00:00-04:00,170.43264735941028,171.17452982159008,170.10385517875008,170.7192840576172,73612000
2016-03-15 00:00:00-04:00,169.75818029203575,170.74455672977479,169.49683433811077,170.44105529785156,93169100
2016-03-16 00:00:00-04:00,169.96056173798843,171.83215222958782,169.9184062493571,171.42747497558594,129303200
2016-03-17 00:00:00-04:00,171.34313387955126,173.02081127539734,170.94689554110465,172.51498413085938,134278500
2016-03-18 00:00:00-04:00,173.01497108735393,173.531889532325,172.70143484267174,173.19293212890625,138372400
2016-03-21 00:00:00-04:00,172.93022360575443,173.66746300768244,172.70142026604074,173.43865966796875,72926700
2016-03-22 00:00:00-04:00,172.66753124752051,173.91321974650177,172.5065348857441,173.345458984375,97471900
2016-03-23 00:00:00-04:00,172.96407640763144,173.15050680219161,172.0319244348305,172.201416015625,81052500
2016-03-24 00:00:00-04:00,171.17607690453912,172.15907134055288,170.95575591594056,172.1251678466797,84360900
2016-03-28 00:00:00-04:00,172.54040388108646,172.7522554642158,171.77774335397856,172.22686767578125,62408200
2016-03-29 00:00:00-04:00,171.82009741350487,173.930143763803,171.515030627081,173.81997680664062,92922900
2016-03-30 00:00:00-04:00,174.8199295998602,175.3029444872904,174.21826541228114,174.58265686035156,86365300
2016-03-31 00:00:00-04:00,174.4894540415597,174.91315723940892,173.99795678040715,174.15896606445312,94584100
2016-04-01 00:00:00-04:00,173.16749404386812,175.5317520880499,172.85394489943778,175.34532165527344,114423500
2016-04-04 00:00:00-04:00,175.26903929948693,175.4724214579797,174.47247534171535,174.7775421142578,63497000
2016-04-05 00:00:00-04:00,173.43864226417537,174.7860151498737,172.77766639834624,173.03189086914062,99662200
2016-04-06 00:00:00-04:00,173.03191817198646,174.98095551509184,172.8539571352317,174.921630859375,91839800
2016-04-07 00:00:00-04:00,173.83695269721892,174.1928618424129,172.09976694798488,172.8285369873047,113859000
2016-04-08 00:00:00-04:00,174.0064043614394,174.4385898444838,172.76071608159464,173.29458618164062,95040600
2016-04-11 00:00:00-04:00,173.9301694457003,174.62504892364467,172.79464793483095,172.8878631591797,83757500
2016-04-12 00:00:00-04:00,173.05732137408188,174.7775551858431,172.61666646292107,174.49790954589844,115350600
2016-04-13 00:00:00-04:00,175.41310699169452,176.34525910921872,175.2775188781648,176.26051330566406,96336400
2016-04-14 00:00:00-04:00,176.3198982265034,176.76902269200207,175.92161608835949,176.26904296875,65212900
2016-04-15 00:00:00-04:00,176.26893542394563,176.40452350109942,175.7520171938887,176.07403564453125,75761600
2016-04-18 00:00:00-04:00,176.0740908506917,177.34520037917224,175.4131149303134,177.31130981445312,82531000
2016-04-19 00:00:00-04:00,177.73501501914237,178.12481470463754,177.0570873434698,177.87059020996094,88316100
2016-04-20 00:00:00-04:00,177.9129813720752,178.7349666619935,177.43843582952366,178.04010009765625,81100300
2016-04-21 00:00:00-04:00,178.057001050569,178.16716800323152,176.8113128010852,177.08248901367188,85695000
2016-04-22 00:00:00-04:00,176.72657993244698,177.35365229586503,176.18424043766717,177.08248901367188,99251700
2016-04-25 00:00:00-04:00,176.4808836141633,176.81985399272102,175.87074986315722,176.77748107910156,66166500
2016-04-26 00:00:00-04:00,177.14181523808645,177.54857959028388,176.56558513473195,177.04013061523438,75864200
2016-04-27 00:00:00-04:00,176.65878883136563,177.7943101471621,176.30287974419332,177.40451049804688,77329400
2016-04-28 00:00:00-04:00,176.65035289468423,177.75197092687552,175.37924322948243,175.79446411132812,97216200
2016-04-29 00:00:00-04:00,175.1758554167909,175.52329515077844,173.74373650434114,174.84536743164062,142424100
2016-05-02 00:00:00-04:00,175.34531294727643,176.41304024801133,174.91314038206343,176.23509216308594,62188000
2016-05-03 00:00:00-04:00,175.00639131542593,175.24366409735376,173.95560261660503,174.70132446289062,106422100
2016-05-04 00:00:00-04:00,173.70980679084445,174.43857666186707,173.22677903580248,173.72674560546875,92243800
2016-05-05 00:00:00-04:00,174.19289892045248,174.54880814140395,173.2692288281928,173.69293212890625,67619200
2016-05-06 00:00:00-04:00,172.92168716630363,174.37075729060723,172.76916027447746,174.32838439941406,89315000
2016-05-09 00:00:00-04:00,174.20132510208984,174.90466097577874,174.0233640837867,174.4724884033203,74374900
2016-05-10 00:00:00-04:00,175.1758515148401,176.65881271037375,175.1080574513968,176.64186096191406,77472200
2016-05-11 00:00:00-04:00,176.18425645121343,176.71811365637674,174.98941040039062,174.98941040039062,81727000
2016-05-12 00:00:00-04:00,175.65885569735008,175.82834731079288,174.03183706537783,175.04025268554688,89586300
2016-05-13 00:00:00-04:00,174.74367267247877,175.29448163900955,173.1929174688306,173.51492309570312,96474600
2016-05-16 00:00:00-04:00,173.68445710572408,175.70127595928142,173.62513243894978,175.2267303466797,77486800
2016-05-17 00:00:00-04:00,174.9555419473399,175.24365703801797,173.06581624757146,173.59121704101562,114924900
2016-05-18 00:00:00-04:00,173.24379248276094,174.81996914050632,172.55739526461974,173.64207458496094,120062100
2016-05-19 00:00:00-04:00,172.92176888026978,173.32852038107382,171.83708959119429,173.0404052734375,115430500
2016-05-20 00:00:00-04:00,173.65054750262146,174.65049394868106,173.59970517882817,174.13357543945312,104990400
2016-05-23 00:00:00-04:00,174.15046704320636,174.4301126786471,173.7098250695369,173.89625549316406,58682600
2016-05-24 00:00:00-04:00,174.70977184721838,176.4639092607521,174.684350690245,176.15036010742188,93537800
2016-05-25 00:00:00-04:00,176.82828119514468,177.76043335068047,176.1503535302454,177.34519958496094,76621400
2016-05-26 00:00:00-04:00,177.48080294319328,177.7096062974516,177.08252089075677,177.39605712890625,55280700
2016-05-27 00:00:00-04:00,177.55704249760646,178.16717607316846,177.50620018804196,178.15870666503906,64211200
2016-05-31 00:00:00-04:00,178.4298509176758,178.54001786357134,177.26042620091602,177.81971740722656,109879400
2016-06-01 00:00:00-04:00,177.20961797158864,178.36209116510832,177.0147181247832,178.18414306640625,69936200
2016-06-02 00:00:00-04:00,177.7858494101513,178.74340976386634,177.3113039374439,178.72647094726562,63044700
2016-06-03 00:00:00-04:00,178.16720579410213,178.5400667002992,176.98931134792298,178.192626953125,101757100
2016-06-06 00:00:00-04:00,178.54851283883448,179.45524382712608,178.38750356574386,179.09933471679688,64887000
2016-06-07 00:00:00-04:00,179.25184625873365,179.9382432647417,179.22642510520694,179.3789520263672,60974800
2016-06-08 00:00:00-04:00,179.5145293053772,180.09077225481346,179.38742354540955,179.96365356445312,66170900
2016-06-09 00:00:00-04:00,179.2349286731146,179.836592925502,178.96376534035116,179.71795654296875,73786900
2016-06-10 00:00:00-04:00,178.3451210916334,178.68407841192564,177.47228077761466,178.01463317871094,113829200
2016-06-13 00:00:00-04:00,177.41300388688646,178.26887969336636,176.55712808040656,176.64186096191406,117751200
2016-06-14 00:00:00-04:00,176.26052776899468,176.8876131477305,175.34532732316208,176.29441833496094,125059300
2016-06-15 00:00:00-04:00,176.29443297815249,177.41301570387913,175.86226034161066,176.04869079589844,109124500
2016-06-16 00:00:00-04:00,176.0487391891583,176.74361887895176,174.2183376423072,176.57412719726562,149533100
2016-06-17 00:00:00-04:00,176.4701621006193,176.49571546014107,175.26058875857578,175.91648864746094,117055700
2016-06-20 00:00:00-04:00,177.87562194878873,178.54854859459653,176.96417567156655,177.0493621826172,82789600
2016-06-21 00:00:00-04:00,177.43264184732215,177.9607617223261,176.98969546958392,177.55189514160156,72461700
2016-06-22 00:00:00-04:00,177.73087715194336,178.4549238079777,177.11757040739812,177.26239013671875,95560500
2016-06-23 00:00:00-04:00,178.7189417271232,179.62186172192614,178.2589682760942,179.5707550048828,102731400
2016-06-24 00:00:00-04:00,173.4547347208247,179.6048273711775,172.67958155075527,173.12252807617188,333444400
2016-06-27 00:00:00-04:00,171.71701148787568,171.72553793794785,169.2126787224782,170.02191162109375,230775800
2016-06-28 00:00:00-04:00,171.62328993578808,173.11396277555616,171.3166367174161,173.08840942382812,159382400
2016-06-29 00:00:00-04:00,174.48539942212344,176.26568575451566,174.3831860051859,176.03570556640625,137328600
2016-06-30 00:00:00-04:00,176.504213883724,178.4889271454984,175.9505275208487,178.4378204345703,165021900
2016-07-01 00:00:00-04:00,178.43782218963668,179.29816182418008,178.27597560501414,178.8126220703125,106055300
2016-07-05 00:00:00-04:00,177.986355830234,178.09709569943664,176.9301158383466,177.52638244628906,109803700
2016-07-06 00:00:00-04:00,177.03236656426765,178.71043987015673,176.37646665849195,178.5911865234375,96021500
2016-07-07 00:00:00-04:00,178.77003634904318,179.43444962093204,177.71379627457281,178.4804229736328,85593800
2016-07-08 00:00:00-04:00,179.77519856716046,181.38512517532322,179.54520533809736,181.13809204101562,133971000
2016-07-11 00:00:00-04:00,181.5980735130661,182.34767335157056,181.39363364866333,181.77694702148438,73633900
2016-07-12 00:00:00-04:00,182.73951473729417,183.39541464824282,181.80251486451039,183.09727478027344,101275600
2016-07-13 00:00:00-04:00,183.5146322808212,183.52314573341144,182.58615904062134,183.07168579101562,87324100
2016-07-14 00:00:00-04:00,184.3323481790319,184.56234135354606,183.7020148085183,184.09384155273438,91230900
2016-07-15 00:00:00-04:00,184.65603683603393,184.8519502033913,183.40387057951722,183.84681701660156,107155400
2016-07-18 00:00:00-04:00,183.96609672111055,184.50274319307965,183.7105501631425,184.3408966064453,58725900
2016-07-19 00:00:00-04:00,183.92351020759827,184.18757022804962,183.6764900910065,184.15350341796875,54345700
2016-07-20 00:00:00-04:00,184.15347838031607,185.1586116115223,184.15347838031607,184.92010498046875,58159500
2016-07-21 00:00:00-04:00,184.8094176802233,185.03088445714766,183.77871787722287,184.22166442871094,67777300
2016-07-22 00:00:00-04:00,184.34089084954488,185.0990040493372,184.07683084702495,185.0478973388672,62787500
2016-07-25 00:00:00-04:00,184.84347369635424,184.89458041130248,183.96610709603976,184.5453338623047,55873100
2016-07-26 00:00:00-04:00,184.44307799515505,184.98823782523522,183.78717830974068,184.63047790527344,70080500
2016-07-27 00:00:00-04:00,185.00534473604847,185.07349136419623,183.66799152922408,184.43463134765625,84083900
2016-07-28 00:00:00-04:00,184.23870324264314,184.93719642657732,183.77872975387785,184.6475830078125,65035700
2016-07-29 00:00:00-04:00,184.3835222992612,185.30346927354668,184.10242233581388,184.94570922851562,79519400
2016-08-01 00:00:00-04:00,185.00531169925665,185.3971384940866,184.34089844051198,184.7923583984375,73311400
2016-08-02 00:00:00-04:00,184.54538546805765,184.69871865341864,182.77362486542154,183.6083984375,92295500
2016-08-03 00:00:00-04:00,183.548691897201,184.20459165480156,183.25056509657313,184.14495849609375,53993600
2016-08-04 00:00:00-04:00,184.25571008791,184.65606332927777,182.50097698624077,184.3408966064453,46585500
2016-08-05 00:00:00-04:00,184.3409325222498,185.89122608006628,184.3409325222498,185.8486328125,71892200
2016-08-08 00:00:00-04:00,186.03599608154948,186.1382225030644,185.47380925258756,185.7378692626953,39906500
2016-08-09 00:00:00-04:00,185.80605254257415,186.34268612145965,185.52495257380536,185.8486328125,51251700
2016-08-10 00:00:00-04:00,185.9593393883668,186.03599945766584,185.03937956386426,185.3886260986328,57941100
2016-08-11 00:00:00-04:00,185.91671005916,186.49594968708675,185.65265009548986,186.24891662597656,72504300
2016-08-12 00:00:00-04:00,185.942323242528,186.30009627357856,185.68678964554863,186.08714294433594,61313500
2016-08-15 00:00:00-04:00,186.45343447531178,186.97304116885294,186.44492102046848,186.62379455566406,49813500
2016-08-16 00:00:00-04:00,186.2063996367809,186.27453326544062,185.66123962402344,185.66123962402344,53213600
2016-08-17 00:00:00-04:00,185.69527029935375,186.14673023779346,184.86049703551163,186.01043701171875,75134300
2016-08-18 00:00:00-04:00,185.98487945182433,186.46189273466416,185.87415258107467,186.42782592773438,52989300
2016-08-19 00:00:00-04:00,185.9593752599649,186.33417522346545,185.47384839644144,186.15528869628906,75443000
2016-08-22 00:00:00-04:00,185.91676580332864,186.37675226307763,185.5504923239354,186.14675903320312,61368800
2016-08-23 00:00:00-04:00,186.76003679823123,187.05817660563002,186.46189699083246,186.5215301513672,53399200
2016-08-24 00:00:00-04:00,186.37675544805694,186.47045543237448,185.15014219795066,185.56753540039062,71728900
2016-08-25 00:00:00-04:00,185.1842117036874,185.85715150928922,185.03089154401502,185.43975830078125,69224800
2016-08-26 00:00:00-04:00,185.62716170076396,186.64933511037958,184.20463498108924,185.09051513671875,122506300
2016-08-29 00:00:00-04:00,185.2183016414599,186.2660284494212,185.1842218279096,186.00196838378906,70502200
2016-08-30 00:00:00-04:00,185.9167640174861,186.19786396293492,185.14162380170342,185.69529724121094,58114500
2016-08-31 00:00:00-04:00,185.3631039833095,185.48235733264187,184.39203728227727,185.1671905517578,85269500
2016-09-01 00:00:00-04:00,185.15857350528435,185.4652266817625,184.01714729191772,185.1756134033203,97844200
2016-09-02 00:00:00-04:00,186.02747691438745,186.43634359497415,185.43972374987302,186.01043701171875,79293900
2016-09-06 00:00:00-04:00,186.29154717458266,186.64930716450087,185.57602719474625,186.57264709472656,56702100
2016-09-07 00:00:00-04:00,186.41082683790157,186.73452006397048,185.95085335663944,186.55563354492188,76554900
2016-09-08 00:00:00-04:00,186.22341494644138,186.4960014346624,185.82306166539124,186.1297149658203,74102900
2016-09-09 00:00:00-04:00,184.81792135656548,184.86902807179513,181.64917503593986,181.6747283935547,221589100
2016-09-12 00:00:00-04:00,180.91657574533482,184.6815879202217,180.84842914064834,184.28123474121094,168110900
2016-09-13 00:00:00-04:00,183.00357638087698,183.26763643886903,181.0103362679948,181.6321563720703,182828800
2016-09-14 00:00:00-04:00,181.6832181629531,182.88427780483661,181.0102915040864,181.56396484375,134185500
2016-09-15 00:00:00-04:00,181.40214184170566,183.76165500904514,181.22325535365334,183.3783416748047,134427900
2016-09-16 00:00:00-04:00,182.76363739250482,182.94342749776695,181.9845817718176,182.66946411132812,155236400
2016-09-19 00:00:00-04:00,183.32013997282112,183.96222703135763,182.3784070616497,182.7037353515625,80250500
2016-09-20 00:00:00-04:00,183.55980918083637,183.71390376903676,182.67801086846762,182.71224975585938,69665300
2016-09-21 00:00:00-04:00,183.4143331732737,184.94677537147538,182.72943762383147,184.76699829101562,110284400
2016-09-22 00:00:00-04:00,185.77721029026128,186.23095081871756,185.52894234694025,185.93130493164062,76678700
2016-09-23 00:00:00-04:00,185.537528389408,185.67451013467294,184.81839382171452,184.91256713867188,73630900
2016-09-26 00:00:00-04:00,184.0820454836398,184.26182250818067,183.2173600593985,183.41427612304688,89827300
2016-09-27 00:00:00-04:00,183.25163275907568,184.6470929586741,182.88349608546716,184.5529327392578,78494800
2016-09-28 00:00:00-04:00,184.7755573811738,185.62311710529872,183.8167114362782,185.46900939941406,87411000
2016-09-29 00:00:00-04:00,185.26350574056914,185.66588132423695,183.24307136462014,183.79098510742188,128070600
2016-09-30 00:00:00-04:00,184.62141895723138,185.87991058216204,184.37315105327025,185.1779022216797,117202900
2016-10-03 00:00:00-04:00,184.7669484862553,184.95528197487212,184.09916603466326,184.73269653320312,83512100
2016-10-04 00:00:00-04:00,184.8440172416814,185.06660270918726,183.2002760132762,183.79098510742188,119948100
2016-10-05 00:00:00-04:00,184.4159472616854,185.0323518152725,184.34745641536537,184.6042938232422,72816000
2016-10-06 00:00:00-04:00,184.3816858625273,184.95528197487212,183.84234170323464,184.73269653320312,62927400
2016-10-07 00:00:00-04:00,185.00670674603865,185.17792736477304,183.37152175103935,184.09921264648438,89788300
2016-10-10 00:00:00-04:00,185.05807495117188,185.52037193639262,184.9125367694673,185.05807495117188,51855000
2016-10-11 00:00:00-04:00,184.63003488674283,184.69852575481207,181.99319525091576,182.72088623046875,130367400
2016-10-12 00:00:00-04:00,182.85782847749783,183.48280261492656,182.3612795887013,182.9605712890625,73866100
2016-10-13 00:00:00-04:00,181.63359151521533,182.85783124494432,180.82028384808063,182.3612823486328,101357000
2016-10-14 00:00:00-04:00,183.3372888003553,183.7995988885025,182.37844278537924,182.4554901123047,93346200
2016-10-17 00:00:00-04:00,182.4297956281271,182.68663309755578,181.64217030162976,181.82196044921875,58275700
2016-10-18 00:00:00-04:00,183.4143117616483,183.47423309370768,182.58387812767933,182.9605712890625,76869700
2016-10-19 00:00:00-04:00,183.22597713186872,183.75676495027773,182.86640992617598,183.4485626220703,66519200
2016-10-20 00:00:00-04:00,183.09758587213884,183.66262575598407,182.44694219768837,183.1061553955078,73639800
2016-10-21 00:00:00-04:00,183.10609240583523,183.2773129914425,182.14723361250657,183.1916961669922,89089100
2016-10-24 00:00:00-04:00,184.06496797457876,184.33893140659717,183.6197839291966,183.97079467773438,60146600
2016-10-25 00:00:00-04:00,183.79099988849228,184.04783733368188,183.19172122524665,183.35438537597656,66542300
2016-10-26 00:00:00-04:00,182.53249614221528,183.56838917561575,182.29277164656682,182.98623657226562,75705500
2016-10-27 00:00:00-04:00,183.70540264784358,183.73964154554864,182.42122843952794,182.49827575683594,77220200
2016-10-28 00:00:00-04:00,182.4725523568128,183.14887820685595,181.24831282341424,181.95887756347656,140623200
2016-10-31 00:00:00-04:00,182.2927376180824,182.5153360946408,181.8047583873407,181.96742248535156,61272500
2016-11-01 00:00:00-04:00,182.29274295115147,182.3441208756771,179.44188864631383,180.6490020751953,122781800
2016-11-02 00:00:00-04:00,180.34083850479635,180.72610117322677,179.12515529623803,179.56178283691406,103330800
2016-11-03 00:00:00-04:00,179.77578944949215,179.98981843271363,178.46593311724016,178.73988342285156,88939300
2016-11-04 00:00:00-04:00,178.85121684361937,179.69020696041335,178.39747635756683,178.5430145263672,109122100
2016-11-07 00:00:00-05:00,178.54298408491587,182.51536157260367,178.54298408491587,182.48110961914062,109794900
2016-11-08 00:00:00-05:00,182.08729548768414,183.8680181529656,181.82190164498263,183.302978515625,106772100
2016-11-09 00:00:00-05:00,181.81341006151595,185.86284946833143,181.7877276181998,185.24644470214844,258429000
2016-11-10 00:00:00-05:00,186.03405331261018,186.8987259738683,184.25333004480336,185.70872497558594,172113300
2016-11-11 00:00:00-05:00,184.98957855253008,185.52036638324668,184.33893498380345,185.28065490722656,100552700
2016-11-14 00:00:00-05:00,185.80285585272793,186.00832839708144,184.68134597429705,185.42616271972656,94580000
2016-11-15 00:00:00-05:00,185.81139737428916,186.87298583984375,185.60593790974423,186.87298583984375,91652600
2016-11-16 00:00:00-05:00,186.25656357218344,186.7531123363409,186.13670787485518,186.52195739746094,65617700
2016-11-17 00:00:00-05:00,186.676099078109,187.54077154766955,186.5647998162659,187.48085021972656,69797200
2016-11-18 00:00:00-05:00,187.54937860341124,187.72059922746448,186.88159596199995,187.06138610839844,86265800
2016-11-21 00:00:00-05:00,187.63497832185362,188.49965094574657,187.48944014139417,188.47396850585938,72402600
2016-11-22 00:00:00-05:00,188.78218290380866,189.02189440026163,188.11441329750448,188.8421173095703,67429000
2016-11-23 00:00:00-05:00,188.32840436105832,188.9961738326538,188.13150132797097,188.94480895996094,56620200
2016-11-25 00:00:00-05:00,189.28728337550007,189.6810894836144,189.2102229949598,189.6468505859375,37872300
2016-11-28 00:00:00-05:00,189.33866606577988,189.61261646285374,188.65377047815005,188.75650024414062,76572500
2016-11-29 00:00:00-05:00,188.79068806458108,189.57831315059707,188.49104226452081,189.12457275390625,69886700
2016-11-30 00:00:00-05:00,189.74101303143192,189.90367717850862,188.61093352329578,188.67086791992188,113291800
2016-12-01 00:00:00-05:00,188.97048639352258,188.97048639352258,187.6178215074796,187.97740173339844,79040500
2016-12-02 00:00:00-05:00,188.0630225212601,188.55957142791652,187.71201178431926,188.0715789794922,74840300
2016-12-05 00:00:00-05:00,188.90198382342916,189.54407080184095,188.7050808077716,189.20162963867188,67837800
2016-12-06 00:00:00-05:00,189.39000177393402,189.83518579680896,188.91057885543555,189.80093383789062,59877400
2016-12-07 00:00:00-05:00,189.6468220127813,192.34358221640227,189.5269662940269,192.28366088867188,110738100
2016-12-08 00:00:00-05:00,192.2579808058571,193.2253830250353,191.99257386659514,192.7545166015625,99714400
2016-12-09 00:00:00-05:00,192.9771035152016,193.93594921927246,192.94285156103166,193.9188232421875,88005800
2016-12-12 00:00:00-05:00,193.82468599748915,194.30412200195045,193.27677219854309,193.69627380371094,102016100
2016-12-13 00:00:00-05:00,194.35545044058355,195.48551672384679,194.33832446352554,194.9889678955078,110477500
2016-12-14 00:00:00-05:00,194.68934251772694,195.39135084417444,192.94285856387455,193.37948608398438,142501800
2016-12-15 00:00:00-05:00,193.61923467509018,195.03182111956679,193.38807965321905,194.1757049560547,124972600
2016-12-16 00:00:00-05:00,194.6312879603211,194.69157562905485,193.47733362447477,193.79595947265625,156420200
2016-12-19 00:00:00-05:00,193.97677116092234,194.63986968501598,193.830375174617,194.2178955078125,90341100
2016-12-20 00:00:00-05:00,194.75173530739585,195.11343482590706,194.51923108300662,194.96702575683594,89838800
2016-12-21 00:00:00-05:00,194.83788407091805,195.01011382656955,194.42453002929688,194.42453002929688,67909000
2016-12-22 00:00:00-05:00,194.27817130921775,194.39873347530573,193.6925742594399,194.08871459960938,56219100
2016-12-23 00:00:00-05:00,194.13175682131336,194.38150117720235,193.94231325723612,194.37289428710938,36697800
2016-12-27 00:00:00-05:00,194.63982731069177,195.25124493566398,194.62260039243822,194.85511779785156,42672500
2016-12-28 00:00:00-05:00,195.1134687068661,195.13068248480434,193.13279360002076,193.24473571777344,64095000
2016-12-29 00:00:00-05:00,193.31370913120364,193.66678882733805,192.76256578565219,193.20176696777344,48696100
2016-12-30 00:00:00-05:00,193.52895156569957,193.61507303026372,191.80662739674145,192.4955596923828,108998300
2017-01-03 00:00:00-05:00,193.79591197608372,194.476237389342,192.79697393302524,193.96815490722656,91366500
2017-01-04 00:00:00-05:00,194.2953794720281,195.26849680321703,194.28677258194588,195.12210083007812,78744400
2017-01-05 00:00:00-05:00,194.85508365852172,195.12204171338163,194.1747584797307,194.96702575683594,78379000
2017-01-06 00:00:00-05:00,195.07909092493435,196.12970996146183,194.53655448172768,195.66468811035156,71559900
2017-01-09 00:00:00-05:00,195.4062733251903,195.54406239938967,194.98429921306328,195.0187530517578,46939700
2017-01-10 00:00:00-05:00,195.0359668308157,195.87129502525147,194.63121963803593,195.0187530517578,63771900
2017-01-11 00:00:00-05:00,194.9326358857143,195.5699005126953,194.2695374492885,195.5699005126953,74650000
2017-01-12 00:00:00-05:00,195.05322197351856,195.26851250549817,193.72703807825238,195.0790557861328,72113200
2017-01-13 00:00:00-05:00,195.2512620548958,195.82823903423753,195.2168213556575,195.52684020996094,62717900
2017-01-17 00:00:00-05:00,194.88960402791093,195.29435128955922,194.45041606199737,194.8379364013672,61240800
2017-01-18 00:00:00-05:00,195.08768957518473,195.31160016910223,194.53654626293812,195.26853942871094,54793300
2017-01-19 00:00:00-05:00,195.34602527491714,195.48381437704683,194.1145696678997,194.54515075683594,66608800
2017-01-20 00:00:00-05:00,195.2254033426013,195.75071263593273,194.59675882444665,195.25985717773438,129168600
2017-01-23 00:00:00-05:00,195.25989615458587,195.3201706676685,193.99398683665453,194.75180053710938,75061600
2017-01-24 00:00:00-05:00,194.9670681283333,196.41382709593856,194.8551260056911,196.00047302246094,95555300
2017-01-25 00:00:00-05:00,196.94774059731128,197.69696044921875,196.78411771999484,197.69696044921875,84437700
2017-01-26 00:00:00-05:00,197.55056992098218,197.8175411955517,197.21471724555164,197.49029541015625,59970700
2017-01-27 00:00:00-05:00,197.56781818965763,197.71421417781394,196.99944801896262,197.1802978515625,59711100
2017-01-30 00:00:00-05:00,196.49137484772928,196.5172086621444,194.97573412744237,195.95745849609375,79737300
2017-01-31 00:00:00-05:00,195.4665590486064,196.0004884566942,194.89820208042732,195.94020080566406,75880800
2017-02-01 00:00:00-05:00,195.94022927055596,196.85305907660958,195.43214673930603,196.01773071289062,79117700
2017-02-02 00:00:00-05:00,196.0176989136226,196.43106615293237,195.32877979535274,196.14688110351562,69657600
2017-02-03 00:00:00-05:00,197.05109133806323,197.67973590662965,196.74107249844477,197.49888610839844,80563200
2017-02-06 00:00:00-05:00,197.09416062482688,197.4903009625108,196.80997556219742,197.1458282470703,57790100
2017-02-07 00:00:00-05:00,197.53336288200782,197.7744872141205,196.964992753332,197.15444946289062,57931200
2017-02-08 00:00:00-05:00,197.1544600124119,197.54198034259372,196.61192366598257,197.41281127929688,51566200
2017-02-09 00:00:00-05:00,197.4128034001183,198.8853832240936,197.4128034001183,198.583984375,65955200
2017-02-10 00:00:00-05:00,198.92841162072386,199.5915100054071,198.60116587290565,199.3675994873047,66015900
2017-02-13 00:00:00-05:00,199.85850903956066,200.71106428018317,199.83267522684102,200.4527130126953,55182100
2017-02-14 00:00:00-05:00,200.27186151936579,201.26220584645884,199.92740192577156,201.2535858154297,71109000
2017-02-15 00:00:00-05:00,201.0382443889537,202.49361011298362,200.98657677702403,202.3041534423828,86785800
2017-02-16 00:00:00-05:00,202.3300216006002,202.51087141334727,201.38275122705335,202.1319580078125,84722400
2017-02-17 00:00:00-05:00,201.46886778666237,202.45059204101562,201.4516408656272,202.45059204101562,77204100
2017-02-21 00:00:00-05:00,202.82089123635168,203.8284492656725,202.81227120600053,203.65621948242188,88946100
2017-02-22 00:00:00-05:00,203.25144442334758,203.69923917040245,203.0878215525709,203.475341796875,62115200
2017-02-23 00:00:00-05:00,203.9921337365492,204.00934752186734,202.85539317143284,203.61322021484375,74615900
2017-02-24 00:00:00-05:00,202.76921937918132,203.91455332700036,202.72615864919575,203.8715057373047,82381600
2017-02-27 00:00:00-05:00,203.78539254474492,204.36236955714747,203.535661325161,204.1901397705078,56515400
2017-02-28 00:00:00-05:00,203.81123736430177,204.05236170667933,203.2514872424162,203.63900756835938,96961900
2017-03-01 00:00:00-05:00,205.29244133183443,206.95449108934181,205.27521440981133,206.4894561767578,149158200
2017-03-02 00:00:00-05:00,206.29999552679604,206.30861555778915,205.13743454805757,205.18910217285156,70246000
2017-03-03 00:00:00-05:00,205.1029620528857,205.48187545397204,204.72404865179934,205.31825256347656,81974300
2017-03-06 00:00:00-05:00,204.52601356749014,205.05992990327823,204.1040393774143,204.7068634033203,55391500
2017-03-07 00:00:00-05:00,204.40543208279615,204.75851168969493,203.88872957805205,204.0954132080078,65103700
2017-03-08 00:00:00-05:00,204.38818173543348,204.64653295819397,203.57868736958557,203.7164764404297,78168800
2017-03-09 00:00:00-05:00,203.83706442731702,204.30209931528373,203.01035617805067,203.974853515625,90683900
2017-03-10 00:00:00-05:00,204.93076058441957,204.97382132054474,203.74235259688214,204.68963623046875,81991700
2017-03-13 00:00:00-04:00,204.62930009929119,204.83598369955777,204.3020674908966,204.7929229736328,57256800
2017-03-14 00:00:00-04:00,204.25043221184765,204.3021129786375,203.39789009404342,204.00930786132812,59880800
2017-03-15 00:00:00-04:00,204.5776435433198,206.1966323155387,204.34512612298658,205.774658203125,96081800
2017-03-16 00:00:00-04:00,205.91250100852733,205.99000245543195,205.0427318881367,205.36996459960938,78344000
2017-03-17 00:00:00-04:00,205.6320125701059,205.82229351135118,205.00927734375,205.00927734375,89002100
2017-03-20 00:00:00-04:00,205.0092494983875,205.2946708714881,204.3951718875136,204.7843780517578,52537000
2017-03-21 00:00:00-04:00,205.38982235241298,205.51090901439778,202.02532881856098,202.15505981445312,131809300
2017-03-22 00:00:00-04:00,202.18963877523575,202.91615865814032,201.5669036763305,202.6307373046875,97569200
2017-03-23 00:00:00-04:00,202.63074737271714,203.54754820347628,202.04261597089257,202.41452026367188,100410300
2017-03-24 00:00:00-04:00,202.71725794521547,203.28808752371825,201.4890894619878,202.2675018310547,112504900
2017-03-27 00:00:00-04:00,200.5982389240359,202.3194117347293,200.32147504346014,202.0599365234375,87454500
2017-03-28 00:00:00-04:00,201.75720838274196,203.9540701538015,201.6447660551732,203.5302734375,93483900
2017-03-29 00:00:00-04:00,203.24490707028033,203.95412536570043,203.0200223542648,203.72059631347656,61950400
2017-03-30 00:00:00-04:00,203.65998362917261,204.56814009591145,203.48700458728308,204.36920166015625,56737900
2017-03-31 00:00:00-04:00,204.0318994928165,204.55949417887837,203.84161857669875,203.89352416992188,73733100
2017-04-03 00:00:00-04:00,203.94538736645,204.14431258756326,202.31071114653665,203.53887939453125,85546500
2017-04-04 00:00:00-04:00,203.25350299956253,203.75515152683073,202.8729411376724,203.6686553955078,56466200
2017-04-05 00:00:00-04:00,204.34326269653357,205.32061345411282,202.85561912820899,203.06320190429688,108800600
2017-04-06 00:00:00-04:00,203.20163991419298,204.15303150871202,202.76052805724942,203.63409423828125,69135800
2017-04-07 00:00:00-04:00,203.38325034394884,204.11842792690598,202.94215171264923,203.42649841308594,74412300
2017-04-10 00:00:00-04:00,203.56484825057547,204.34326055720862,203.0199517174591,203.54754638671875,67615300
2017-04-11 00:00:00-04:00,203.16698562884116,203.40915893428013,201.81773058497976,203.3053741455078,88045300
2017-04-12 00:00:00-04:00,203.02861106024082,203.21889197199712,202.1896488213487,202.41452026367188,81864400
2017-04-13 00:00:00-04:00,202.07720426085868,202.81238170244328,201.099853515625,201.099853515625,92880400
2017-04-17 00:00:00-04:00,201.61881958860167,202.881591796875,201.41989433024537,202.881591796875,68405400
2017-04-18 00:00:00-04:00,202.14645306202056,202.81243642547943,201.59291204754348,202.27618408203125,83225800
2017-04-19 00:00:00-04:00,202.83833857341216,203.21024288163855,201.6793511907246,201.90423583984375,68699900
2017-04-20 00:00:00-04:00,202.51830324525685,203.98865813160546,202.1982913499118,203.54754638671875,92572200
2017-04-21 00:00:00-04:00,203.46970747536926,203.52159986940245,202.5010142602025,202.89886474609375,110389800
2017-04-24 00:00:00-04:00,205.13900016923373,205.33793863462017,202.87294402881207,205.13035583496094,119209900
2017-04-25 00:00:00-04:00,205.770403129318,206.66990224429958,205.68390699246353,206.32394409179688,76698300
2017-04-26 00:00:00-04:00,206.28927801604698,207.1714881950138,206.1509027153384,206.1941375732422,84702500
2017-04-27 00:00:00-04:00,206.5142203713662,206.66989757723962,205.83093521903572,206.3671875,57410300
2017-04-28 00:00:00-04:00,206.62666817107635,206.65261437439855,205.78770573710236,205.91744995117188,63532800
2017-05-01 00:00:00-04:00,206.43638610839844,206.86019608948664,206.0212336600102,206.43638610839844,66882500
2017-05-02 00:00:00-04:00,206.57472740158775,206.6958140545623,206.10768265367307,206.51419067382812,57375700
2017-05-03 00:00:00-04:00,206.51419754423213,206.60933800312412,205.58873915342298,206.26336669921875,73137700
2017-05-04 00:00:00-04:00,206.5661041306076,206.64394273028756,205.65794754197145,206.50555419921875,61462700
2017-05-05 00:00:00-04:00,206.87742871773935,207.33582908383048,206.43631701634504,207.3185272216797,62001300
2017-05-08 00:00:00-04:00,207.3618046589795,207.50883751445906,206.8601561651609,207.28396606445312,48385700
2017-05-09 00:00:00-04:00,207.54346036253196,207.7423856326874,206.74773288699615,207.0937042236328,51363200
2017-05-10 00:00:00-04:00,207.05049997146165,207.4656524658203,206.8429171255524,207.4656524658203,54293800
2017-05-11 00:00:00-04:00,207.01586288180906,207.20614381507636,205.96067341458388,207.04180908203125,62358300
2017-05-12 00:00:00-04:00,206.79097176249238,207.08503748747037,206.4277117732625,206.69583129882812,53912700
2017-05-15 00:00:00-04:00,207.11963353742098,207.95859581385963,207.10233167263556,207.83750915527344,61918900
2017-05-16 00:00:00-04:00,208.13157869892072,208.1575248978483,207.258025874294,207.64723205566406,51241800
2017-05-17 00:00:00-04:00,207.64721259393744,207.64721259393744,203.9021575960711,203.96270751953125,172174100
2017-05-18 00:00:00-04:00,203.8848658703277,205.63198464016048,203.625390695013,204.7843780517578,107047700
2017-05-19 00:00:00-04:00,205.268726412231,206.7823162173544,205.21683401621968,206.1163330078125,115011400
2017-05-22 00:00:00-04:00,206.6266353290807,207.32722229980186,206.55745426285634,207.1628875732422,61010600
2017-05-23 00:00:00-04:00,207.5348112360203,207.78564211492287,207.15424934903544,207.62130737304688,48341700
2017-05-24 00:00:00-04:00,207.85483417668863,208.20943666083193,207.5175071643434,208.10565185546875,46927700
2017-05-25 00:00:00-04:00,208.61594932157783,209.37707310415792,208.40837970629798,209.1002960205078,64071700
2017-05-26 00:00:00-04:00,208.91002179226535,209.22138942265474,208.83218318403254,209.05706787109375,46629900
2017-05-30 00:00:00-04:00,208.7369472103976,209.12615327095693,208.58127006515474,208.87533569335938,35201900
2017-05-31 00:00:00-04:00,209.1694902615477,209.2040939957279,208.13160259292346,208.8235321044922,91796000
2017-06-01 00:00:00-04:00,209.28190858500193,210.5014327244796,208.9964871993291,210.484130859375,68962000
2017-06-02 00:00:00-04:00,210.53604147612447,211.34041330489234,210.24197573118028,211.18472290039062,88666100
2017-06-05 00:00:00-04:00,211.01170509458183,211.29712645256342,210.83006852224628,211.0290069580078,44698800
2017-06-06 00:00:00-04:00,210.4668297647165,211.0203706729839,210.27654884023806,210.35440063476562,50375400
2017-06-07 00:00:00-04:00,210.69169891436508,210.9684627494031,210.02571572770137,210.74359130859375,54144300
2017-06-08 00:00:00-04:00,210.83872200018845,211.32306858716709,210.31977168702295,210.8473663330078,65950700
2017-06-09 00:00:00-04:00,211.11552099498175,211.91123526293748,209.2646172592581,210.5273895263672,132256400
2017-06-12 00:00:00-04:00,210.28520560176892,210.53602325723256,209.63652423363692,210.484130859375,86108100
2017-06-13 00:00:00-04:00,211.0203777650746,211.56527435779938,210.67441963482645,211.5133819580078,60067000
2017-06-14 00:00:00-04:00,211.78147826011883,211.79012259331708,210.423565693046,211.2452392578125,78602300
2017-06-15 00:00:00-04:00,209.8960152194408,210.95986231231313,209.61925132681426,210.83877563476562,66464900
2017-06-16 00:00:00-04:00,210.99783260155976,211.04997806682266,210.00702897611282,210.8848419189453,84553100
2017-06-19 00:00:00-04:00,211.71048558799038,212.7012891020136,211.61488115848746,212.6404571533203,65123800
2017-06-20 00:00:00-04:00,212.2841118334075,212.2927983226885,211.18901740229742,211.20639038085938,56906400
2017-06-21 00:00:00-04:00,211.59748345778655,211.7104608526788,210.68489823948386,211.1542205810547,55977600
2017-06-22 00:00:00-04:00,211.16294370634014,211.65833882940308,210.8848169088331,211.0586395263672,44148100
2017-06-23 00:00:00-04:00,211.1194753547663,211.64094318419558,210.73705765609583,211.31068420410156,66986800
2017-06-26 00:00:00-04:00,211.97992043403343,212.39711064820162,211.2411709623493,211.4497528076172,56700500
2017-06-27 00:00:00-04:00,211.23241411338174,211.52792708399247,209.72882958396772,209.7462158203125,82247700
2017-06-28 00:00:00-04:00,210.7631562637456,211.82349155414153,210.5284884176897,211.62359619140625,70042600
2017-06-29 00:00:00-04:00,211.77133642732028,211.82348188810502,208.55557148137194,209.76365661621094,106949700
2017-06-30 00:00:00-04:00,210.57191628538862,210.9456474858864,209.96353053531456,210.1547393798828,86820700
2017-07-03 00:00:00-04:00,211.0934061863297,211.52796934909023,210.51109313964844,210.51109313964844,39153800
2017-07-05 00:00:00-04:00,210.87614082870252,211.20639983977458,210.06784638763787,210.99781799316406,54427600
2017-07-06 00:00:00-04:00,210.23295488728553,210.35463203575168,208.88580650381542,209.06832885742188,65400800
2017-07-07 00:00:00-04:00,209.64195547243426,210.5719136942868,209.07701543431983,210.42416381835938,57972300
2017-07-10 00:00:00-04:00,210.42414792570648,211.02384713446918,210.1199484464805,210.65011596679688,36663300
2017-07-11 00:00:00-04:00,210.65013448651465,210.80658411472686,209.3290720753313,210.4936981201172,50354600
2017-07-12 00:00:00-04:00,211.45839782242825,212.2406060633384,211.45839782242825,212.07546997070312,59610400
2017-07-13 00:00:00-04:00,212.0842090236191,212.54484491380276,211.85822769210736,212.43185424804688,39471600
2017-07-14 00:00:00-04:00,212.43181936574274,213.7789675973689,212.3362149554515,213.42262268066406,60262700
2017-07-17 00:00:00-04:00,213.3444457275283,213.72686344258008,213.2227685692678,213.39659118652344,33531900
2017-07-18 00:00:00-04:00,212.98813184736824,213.56175850371997,212.64917305258177,213.50961303710938,42742500
2017-07-19 00:00:00-04:00,213.8224585033008,214.6741985738077,213.81375875263902,214.66551208496094,51034300
2017-07-20 00:00:00-04:00,214.91757530246852,215.0392524680929,214.21358503979766,214.76113891601562,47135200
2017-07-21 00:00:00-04:00,214.18751329032523,214.5960037614684,213.96153193754682,214.56993103027344,82340800
2017-07-24 00:00:00-04:00,214.4916752404168,214.65681136046095,214.04842559857326,214.51776123046875,46622300
2017-07-25 00:00:00-04:00,215.26524423783036,215.36954843542247,214.81330800826342,215.03927612304688,54915600
2017-07-26 00:00:00-04:00,215.32603937745765,215.36079859402545,214.7871853188609,215.04791259765625,47575400
2017-07-27 00:00:00-04:00,215.50858225374023,215.54334147361757,213.52696191351524,214.84803771972656,70766600
2017-07-28 00:00:00-04:00,214.3700269432227,214.72637195951367,213.91809075173916,214.59600830078125,50088400
2017-07-31 00:00:00-04:00,214.9957873263703,215.09139175817583,214.26572435357318,214.4743194580078,65838700
2017-08-01 00:00:00-04:00,215.0740392342521,215.10879845738904,214.43088088077172,214.95236206054688,55050400
2017-08-02 00:00:00-04:00,215.0827286169467,215.19571930184148,214.12668419510814,215.05665588378906,47211200
2017-08-03 00:00:00-04:00,214.9436210594324,214.9696937872359,214.36130803546263,214.63943481445312,40856000
2017-08-04 00:00:00-04:00,215.12619831902103,215.36085292913972,214.64817608426753,215.0305938720703,60191800
2017-08-07 00:00:00-04:00,215.10005416294103,215.43031311035156,214.99574999792543,215.43031311035156,31995000
2017-08-08 00:00:00-04:00,215.11750441258442,216.33428952155455,214.52650473305894,214.9002227783203,61719400
2017-08-09 00:00:00-04:00,214.2135620334,214.94362494873806,213.85721706455107,214.8914794921875,62632600
2017-08-10 00:00:00-04:00,214.05711915685916,214.18749606416483,211.8060851326242,211.8582305908203,120479500
2017-08-11 00:00:00-04:00,212.08417688094036,212.76209424910257,211.8495090960186,212.17108154296875,74869900
2017-08-14 00:00:00-04:00,213.4487466454919,214.491695659703,213.41398742513857,214.2744140625,73291900
2017-08-15 00:00:00-04:00,214.65684253490522,214.67422877685988,213.94416575656814,214.24835205078125,55242700
2017-08-16 00:00:00-04:00,214.76980493632897,215.16960887774223,214.19617838370715,214.62205505371094,56715500
2017-08-17 00:00:00-04:00,214.01369614334953,214.32658218751973,211.27593994140625,211.27593994140625,128490400
2017-08-18 00:00:00-04:00,211.11072523673622,212.23190533687284,210.50233961664483,210.9456024169922,136748000
2017-08-21 00:00:00-04:00,210.88485646596178,211.37156519107882,210.18086611271622,211.11082458496094,65469700
2017-08-22 00:00:00-04:00,211.69308230910568,213.47478047201594,211.6756960711894,213.31834411621094,63140100
2017-08-23 00:00:00-04:00,212.35361724999515,212.9793892079819,212.20586737961136,212.5535125732422,50203800
2017-08-24 00:00:00-04:00,212.93591815300553,213.09235450271285,211.84951040732693,212.05810546875,50741700
2017-08-25 00:00:00-04:00,212.8490123140098,213.46609778379067,212.4057627028584,212.5535125732422,64445900
2017-08-28 00:00:00-04:00,213.08370846040347,213.10978119030355,212.14505039855294,212.56224060058594,40565600
2017-08-29 00:00:00-04:00,211.24982905988216,213.06629978130863,211.13683840100393,212.80557250976562,51135700
2017-08-30 00:00:00-04:00,212.7882189478831,214.08322206327634,212.60569656795954,213.81378173828125,62030800
2017-08-31 00:00:00-04:00,214.430836191857,215.34342143536554,213.84852317749608,215.10006713867188,103803900
2017-09-01 00:00:00-04:00,215.47382858264075,215.83017361111806,215.25654696944488,215.404296875,62007000
2017-09-05 00:00:00-04:00,214.9002184582473,215.126199840903,212.89253831989768,213.85726928710938,91398800
2017-09-06 00:00:00-04:00,214.53518058205896,214.91759836128475,214.00501289028102,214.5873260498047,57916900
2017-09-07 00:00:00-04:00,214.89150580151696,214.90889204310074,214.1527430450965,214.5612335205078,58034700
2017-09-08 00:00:00-04:00,214.2743705912912,214.76977889807915,214.06578878785504,214.30914306640625,63832800
2017-09-11 00:00:00-04:00,215.57808126339495,216.67318888716122,215.56070828593013,216.594970703125,71364800
2017-09-12 00:00:00-04:00,216.9599655558394,217.35975615912275,216.77744322873167,217.3249969482422,56896000
2017-09-13 00:00:00-04:00,217.03820188154188,217.46407850587528,216.92521122855646,217.42930603027344,59228000
2017-09-14 00:00:00-04:00,217.10774620268882,217.55969557911206,216.93392360000743,217.3597869873047,95446300
2017-09-15 00:00:00-04:00,217.21566977959978,217.7397254791433,217.11086130521687,217.6523895263672,95432400
2017-09-18 00:00:00-04:00,218.01924704393736,218.46469641738005,217.7310103925462,218.11532592773438,46235200
2017-09-19 00:00:00-04:00,218.3598660581464,218.42101321790437,218.01049560350478,218.3336639404297,47108100
2017-09-20 00:00:00-04:00,218.42105066508134,218.525859153917,217.41658711242658,218.4123077392578,59574100
2017-09-21 00:00:00-04:00,218.25510815450258,218.34244412458347,217.65243265212848,217.82711791992188,48211400
2017-09-22 00:00:00-04:00,217.53011717373215,218.03671369942697,217.5039150540953,217.87075805664062,51214000
2017-09-25 00:00:00-04:00,217.61748127360232,217.96686512666057,216.68290778788798,217.42532348632812,57064400
2017-09-26 00:00:00-04:00,217.85328643262474,218.09784843533004,217.32048778509616,217.5563201904297,54082000
2017-09-27 00:00:00-04:00,218.25503558212424,218.78783413469284,217.37285328251144,218.4035186767578,81001400
2017-09-28 00:00:00-04:00,218.12407725765934,218.74422526534195,218.0367412903613,218.66561889648438,44778800
2017-09-29 00:00:00-04:00,218.65682826696917,219.5128085221101,218.47341344631633,219.43418884277344,85578000
2017-10-02 00:00:00-04:00,219.66131981077575,220.3862762451172,219.48662123661734,220.3862762451172,59023000
2017-10-03 00:00:00-04:00,220.3862130168088,220.88406649296323,220.3075933499413,220.8578643798828,66810200
2017-10-04 00:00:00-04:00,220.70946216621985,221.3645418885094,220.5959107495144,221.11997985839844,55953600
2017-10-05 00:00:00-04:00,221.4518382143416,222.44755868087944,221.1548719920263,222.4300994873047,63522800
2017-10-06 00:00:00-04:00,221.98466107631256,222.46505550467177,221.7226398677804,222.17681884765625,80646000
2017-10-09 00:00:00-04:00,222.40389755498163,222.46503138780173,221.54791727447073,221.80995178222656,35803100
2017-10-10 00:00:00-04:00,222.3777281817695,222.7707733374642,221.83618656529862,222.3951873779297,43057400
2017-10-11 00:00:00-04:00,222.29910515071512,222.74456787109375,222.13316282390105,222.74456787109375,47674300
2017-10-12 00:00:00-04:00,222.43013121510202,222.77950172323375,222.1768262682205,222.41265869140625,47065100
2017-10-13 00:00:00-04:00,222.84938156164074,222.96293297578225,222.41266175664202,222.6834259033203,54800400
2017-10-16 00:00:00-04:00,222.91054426948924,223.17256550864792,222.56990333095123,222.98040771484375,38221700
2017-10-17 00:00:00-04:00,222.92798871346952,223.1812936647346,222.70962881020068,223.1376190185547,31561000
2017-10-18 00:00:00-04:00,223.51320028799114,223.55687493585796,223.1638297603191,223.35598754882812,40888300
2017-10-19 00:00:00-04:00,222.57858928408425,223.45202878369093,222.1593420560092,223.41708374023438,61903800
2017-10-20 00:00:00-04:00,224.21196630472966,224.59628187884428,223.3996605089635,224.57005310058594,89176400
2017-10-23 00:00:00-04:00,224.89325951379504,224.91946163811397,223.6180183829025,223.69662475585938,63915300
2017-10-24 00:00:00-04:00,224.12457516951147,224.3254491898928,223.7315167426879,224.08963012695312,66935900
2017-10-25 00:00:00-04:00,223.75776848882185,223.8713199108784,221.85367640356625,222.98040771484375,103715300
2017-10-26 00:00:00-04:00,223.59176686040058,223.86251762653012,223.14630421668343,223.26858520507812,69798000
2017-10-27 00:00:00-04:00,224.01105961565028,225.2513555999806,223.27737353607554,225.0941162109375,85562500
2017-10-30 00:00:00-04:00,224.01103797268954,224.99802890928333,223.95863373315882,224.25559997558594,54285700
2017-10-31 00:00:00-04:00,224.63116732911413,224.85827013194742,224.307998974472,224.60496520996094,60304800
2017-11-01 00:00:00-04:00,225.38237007095873,225.7229976666513,224.5351325618353,224.90196228027344,54202700
2017-11-02 00:00:00-04:00,224.83212135422747,225.12908766017168,223.76652383042074,224.9893341064453,56449500
2017-11-03 00:00:00-04:00,225.14647366519628,225.78409404892494,224.73595606435163,225.7404327392578,59589700
2017-11-06 00:00:00-05:00,225.60942075481384,226.2208390901341,225.53955732047456,226.08982849121094,49652600
2017-11-07 00:00:00-05:00,226.19465366347248,226.5265649754122,225.42602255271962,225.93263244628906,57502200
2017-11-08 00:00:00-05:00,225.75793755793842,226.41301726687485,225.47843048486277,226.31692504882812,50469600
2017-11-09 00:00:00-05:00,225.11165602370173,225.6881295076804,223.91502107126936,225.4959716796875,95085500
2017-11-10 00:00:00-05:00,225.1115999260466,225.600723974454,224.7971478062067,225.426025390625,59984700
2017-11-13 00:00:00-05:00,224.7447214001383,225.8627229227184,224.7097763557661,225.6356201171875,50228600
2017-11-14 00:00:00-05:00,224.83214142716326,225.2164570704061,224.05476721301883,225.1116485595703,61315200
2017-11-15 00:00:00-05:00,224.14203021059666,224.66609921823314,223.27733367391352,223.9848175048828,80811500
2017-11-16 00:00:00-05:00,224.92817282988813,226.25581817943672,224.8845115087638,225.8889617919922,67777000
2017-11-17 00:00:00-05:00,225.53964141891095,225.86280990184304,225.14658282032,225.22518920898438,75756800
2017-11-20 00:00:00-05:00,225.46966340899763,225.80154799632177,225.22507478372367,225.60939025878906,48075500
2017-11-21 00:00:00-05:00,226.37802644373392,227.26895172710366,225.5744770902016,227.08551025390625,69176800
2017-11-22 00:00:00-05:00,227.09430631489215,227.22531692979058,226.7187336670959,226.8846893310547,45033400
2017-11-24 00:00:00-05:00,227.3738035315452,227.5135570664607,227.23404999662972,227.40872192382812,27856500
2017-11-27 00:00:00-05:00,227.45242453316544,227.749390818247,227.09431107476212,227.2952117919922,52274900
2017-11-28 00:00:00-05:00,227.75812937033317,229.62727634177566,227.6620371490641,229.60107421875,98971700
2017-11-29 00:00:00-05:00,229.73208312406396,230.26489516197006,229.01588288160568,229.46131896972656,77512100
2017-11-30 00:00:00-05:00,230.37841544790612,232.37857274930585,230.2998090900364,231.47021484375,127894400
2017-12-01 00:00:00-05:00,231.25185497707815,231.73223604917192,227.75809691018895,230.98980712890625,164390900
2017-12-04 00:00:00-05:00,232.60569136026692,233.03366822283851,230.65791150982508,230.71034240722656,94040600
2017-12-05 00:00:00-05:00,229.8805694580078,231.59250360309943,229.74955884962907,229.8805694580078,77994500
2017-12-06 00:00:00-05:00,229.97664435778418,230.35224365740348,229.4613181737277,229.9242401123047,75898600
2017-12-07 00:00:00-05:00,230.6492462158203,230.96367173815798,229.66225501192756,230.6492462158203,77218600
2017-12-08 00:00:00-05:00,231.60127319694897,231.91569869326315,230.61428207474475,231.906982421875,76563900
2017-12-11 00:00:00-05:00,232.60565185546875,232.6667990126684,231.8807088587994,232.60565185546875,83077500
2017-12-12 00:00:00-05:00,233.3917468808904,233.48783908067503,232.64060175192208,233.01617431640625,85195800
2017-12-13 00:00:00-05:00,233.26073907462717,233.69745880279135,232.90262569890172,232.98997497558594,102905400
2017-12-14 00:00:00-05:00,233.28697607926028,233.40052749040524,231.9855596243915,232.0379638671875,100666700
2017-12-15 00:00:00-05:00,233.03968429670263,234.43554878182445,232.9870121871894,233.9702606201172,144610300
2017-12-18 00:00:00-05:00,235.36612267824435,235.8050747806687,235.26077846030412,235.45391845703125,83653600
2017-12-19 00:00:00-05:00,235.69970433667532,235.74358882543072,234.47940476779215,234.54965209960938,82382900
2017-12-20 00:00:00-05:00,235.51535044887996,235.56802255763964,234.12827359902516,234.4267578125,76751500
2017-12-21 00:00:00-05:00,235.05009009619357,235.62074932777256,234.66381005859233,234.9096221923828,67032300
2017-12-22 00:00:00-05:00,234.92719848045695,234.96232215444573,234.3126547474633,234.8481903076172,78720900
2017-12-26 00:00:00-05:00,234.44431077412563,234.7867062791785,234.30386967573068,234.56723022460938,45244400
2017-12-27 00:00:00-05:00,234.73399229080826,235.04126407068716,234.40917207463843,234.6813201904297,57751000
2017-12-28 00:00:00-05:00,235.18174454026212,235.20808059186288,234.79546458911238,235.16416931152344,45116100
2017-12-29 00:00:00-05:00,235.74356204218506,235.76111047739207,234.0843373997339,234.27745056152344,96007400
2018-01-02 00:00:00-05:00,235.1378250465664,235.98939307392297,234.75154510890943,235.9542694091797,86655700
2018-01-03 00:00:00-05:00,236.12114844966464,237.5960481315541,236.12114844966464,237.44679260253906,90070400
2018-01-04 00:00:00-05:00,238.08763838347974,238.93041894439426,237.50821837550382,238.4475555419922,80636400
2018-01-05 00:00:00-05:00,239.2377401218542,240.15952903875095,238.74611579397373,240.03663635253906,83524000
2018-01-08 00:00:00-05:00,239.94006554471255,240.63361756894395,239.65036886151196,240.47560119628906,57319200
2018-01-09 00:00:00-05:00,240.89690172182273,241.64312563339757,240.6159659541577,241.0198211669922,57254000
2018-01-10 00:00:00-05:00,240.26481254196977,240.91447986147978,239.5976235750946,240.65109252929688,69574300
2018-01-11 00:00:00-05:00,241.20412091479793,242.40684509277344,241.03731701361116,242.40684509277344,62361500
2018-01-12 00:00:00-05:00,242.67025024306636,244.1538834452127,242.3717392883683,243.9871063232422,90816100
2018-01-16 00:00:00-05:00,245.24250740468787,245.89214784344935,242.4595397134825,243.15309143066406,106555100
2018-01-17 00:00:00-05:00,244.0837329224632,245.85708997416316,243.1531565021984,245.47080993652344,113258800
2018-01-18 00:00:00-05:00,245.35665068678648,245.7780275136728,244.56651555336,245.05816650390625,100728000
2018-01-19 00:00:00-05:00,245.63759071344802,246.1731262207031,245.05819750318747,246.17312622070312,140920100
2018-01-22 00:00:00-05:00,245.96237419359392,248.1746826171875,245.9096753056834,248.1746826171875,91322400
2018-01-23 00:00:00-05:00,248.21859845859058,248.99115835882742,247.89377822587898,248.7014617919922,97084700
2018-01-24 00:00:00-05:00,249.34241700585102,249.9394124048055,247.42859169826613,248.60498046875,134816100
2018-01-25 00:00:00-05:00,249.4652317930512,249.56178838394288,247.92011200672914,248.71022033691406,84587300
2018-01-26 00:00:00-05:00,249.54417170190402,251.63358717113158,249.2895720813974,251.5896759033203,107743100
2018-01-29 00:00:00-05:00,251.01908716589267,251.45803917092164,249.7636908614709,249.9217071533203,90118300
2018-01-30 00:00:00-05:00,248.0957279260588,249.97442894951632,246.88421586467027,247.35829162597656,131796400
2018-01-31 00:00:00-05:00,248.2098613943564,248.71024642133222,246.41014172914782,247.48118591308594,108364800
2018-02-01 00:00:00-05:00,246.75251295523756,248.4995335490144,246.41011749473475,247.20022583007812,90102500
2018-02-02 00:00:00-05:00,245.88344612295938,246.01515321272228,241.78364768560024,241.8187713623047,173174800
2018-02-05 00:00:00-05:00,240.0628951810938,242.16985973581026,231.1609344386689,231.70523071289062,294681800
2018-02-06 00:00:00-05:00,228.2024284398502,236.77078232610643,227.11383576435438,236.27037048339844,355026800
2018-02-07 00:00:00-05:00,235.7172502975997,239.10594725573497,234.9095667392294,234.9886016845703,167376100
2018-02-08 00:00:00-05:00,235.2870873577438,235.4275552292879,226.1393148107997,226.1744384765625,246449500
2018-02-09 00:00:00-05:00,228.95738632420708,231.42429478550562,222.039510890829,229.57192993164062,283565300
2018-02-12 00:00:00-05:00,231.61747121653497,234.40922715006334,229.71243395839974,232.943115234375,143736000
2018-02-13 00:00:00-05:00,231.7403623395533,234.06680300678443,231.16094237859048,233.5225067138672,81223600
2018-02-14 00:00:00-05:00,232.03892098767645,237.0341994073982,232.03013336996838,236.67425537109375,120735700
2018-02-15 00:00:00-05:00,238.41239000673542,239.70290992752416,235.9542427906361,239.69412231445312,111200300
2018-02-16 00:00:00-05:00,239.07083362163766,241.70454573082915,239.0269223449148,239.7643585205078,160420100
2018-02-20 00:00:00-05:00,238.81628279523392,240.2560585693291,237.4730904164795,238.26319885253906,86369700
2018-02-21 00:00:00-05:00,238.70211558804763,241.17781154014494,236.98143108137657,237.07798767089844,98883700
2018-02-22 00:00:00-05:00,237.99984336345477,239.71174054605476,236.71811068253444,237.3852996826172,110511300
2018-02-23 00:00:00-05:00,238.60560199341734,241.1690673828125,238.1315262000043,241.1690673828125,92766400
2018-02-26 00:00:00-05:00,242.2400410112022,244.06609630972784,241.6518603424057,243.96951293945312,86491400
2018-02-27 00:00:00-05:00,244.15392938564298,244.86505645092993,240.8617885657484,240.92324829101562,99099200
2018-02-28 00:00:00-05:00,242.02060331721685,242.4683429952986,238.166618131019,238.48265075683594,121907800
2018-03-01 00:00:00-05:00,238.27198600532518,239.81710599569337,233.52252099123643,235.0149688720703,176855100
2018-03-02 00:00:00-05:00,233.34693091903503,236.78832724910447,232.48660193015064,236.22645568847656,139083200
2018-03-05 00:00:00-05:00,235.0413262022246,239.5713155727941,234.93595518210756,238.95677185058594,97307400
2018-03-06 00:00:00-05:00,239.93118947481386,240.01022442352252,238.0700369945111,239.56248474121094,79213200
2018-03-07 00:00:00-05:00,237.40287505154694,239.8258725222724,237.20973504815836,239.47471618652344,87063500
2018-03-08 00:00:00-05:00,240.1506206276118,240.75637651111668,239.1586116449256,240.63348388671875,66901200
2018-03-09 00:00:00-05:00,242.0381046915257,244.821044921875,241.72204537064238,244.821044921875,113625300
2018-03-12 00:00:00-04:00,245.11081957380026,245.73412394284,244.1275445405689,244.51382446289062,71924800
2018-03-13 00:00:00-04:00,245.67272707268907,246.1731389352705,242.32791395587557,242.9336700439453,91968900
2018-03-14 00:00:00-04:00,243.89059059498044,244.0749429957183,241.13398503411454,241.68704223632812,105895100
2018-03-15 00:00:00-04:00,242.19622027785263,242.8370732112974,240.92324844341726,241.4236602783203,83433000
2018-03-16 00:00:00-04:00,241.9498400999178,242.73431697378314,241.63254174564145,241.6854248046875,100343700
2018-03-19 00:00:00-04:00,240.93620460870457,241.86168501139227,236.7670775944114,238.4153289794922,109208400
2018-03-20 00:00:00-04:00,238.81206952146945,239.45551616222946,238.14218134198336,238.82089233398438,59757300
2018-03-21 00:00:00-04:00,238.77675641430042,240.8657182435724,238.15095552635282,238.36248779296875,78709600
2018-03-22 00:00:00-04:00,236.14124989695927,236.9874056171408,232.13077251194272,232.40403747558594,148785900
2018-03-23 00:00:00-04:00,232.844799765795,233.1709209551684,227.25657169813346,227.4504852294922,183534800
2018-03-26 00:00:00-04:00,231.04667911183574,233.95535498438946,228.64921511489823,233.6732940673828,141956100
2018-03-27 00:00:00-04:00,234.60762172890932,235.13645231917573,228.1467967301256,229.69810485839844,129941400
2018-03-28 00:00:00-04:00,229.83037357461598,231.49627107303166,227.91767943556277,229.0194549560547,146452300
2018-03-29 00:00:00-04:00,230.1564273834921,233.80551974952124,229.0282106570557,231.94570922851562,111601600
2018-04-02 00:00:00-04:00,231.41685743848606,231.92809620608446,224.4712755675117,226.9392547607422,186286300
2018-04-03 00:00:00-04:00,228.17320764889604,230.32387475681935,226.3839259950457,229.847900390625,119956900
2018-04-04 00:00:00-04:00,226.30464403356794,233.01223907187764,226.17243637884116,232.30711364746094,123715300
2018-04-05 00:00:00-04:00,234.06113617759715,235.02190791920242,232.97700648742247,234.14048767089844,82652600
2018-04-06 00:00:00-04:00,232.18372032516052,233.67329571244264,227.40641101791257,228.92245483398438,179521200
2018-04-09 00:00:00-04:00,230.37676505100026,233.43529384498132,229.11634077565296,230.05064392089844,105442900
2018-04-10 00:00:00-04:00,232.93287264449012,234.49300338650028,231.79586011923547,233.70852661132812,103529000
2018-04-11 00:00:00-04:00,232.22777905016653,234.1404727021837,232.15727727028641,232.4833984375,91140200
2018-04-12 00:00:00-04:00,233.80556634497947,235.33922911812886,233.62927151869874,234.39610290527344,68890500
2018-04-13 00:00:00-04:00,235.70054458081614,235.8151334939362,232.70372171705588,233.70852661132812,85079200
2018-04-16 00:00:00-04:00,235.33916334821905,236.3968782126774,234.5194491226073,235.63002014160156,63405300
2018-04-17 00:00:00-04:00,237.3928893273972,238.75028395961277,236.88167744967973,238.1509246826172,64682000
2018-04-18 00:00:00-04:00,238.59165531201305,239.1293087659003,237.8688842340687,238.32723999023438,57303900
2018-04-19 00:00:00-04:00,237.67500341890963,237.87773979272504,235.97386851737917,237.00514221191406,77655900
2018-04-20 00:00:00-04:00,236.93457291245892,237.15492797278438,234.1140173807684,234.9954376220703,99953100
2018-04-23 00:00:00-04:00,235.56838720920786,236.123686276615,233.88487128536516,234.960205078125,65558000
2018-04-24 00:00:00-04:00,235.98270660741227,236.20306171976785,230.29753394911134,231.79595947265625,112885500
2018-04-25 00:00:00-04:00,231.73419654709733,232.80953030666575,229.91847302010967,232.3688201904297,103840900
2018-04-26 00:00:00-04:00,233.39120832062306,235.5594939795651,232.9504983225322,234.73095703125,67731900
2018-04-27 00:00:00-04:00,235.33921256954207,235.6388922340953,234.01708216184804,234.95138549804688,57053600
2018-04-30 00:00:00-04:00,235.56836039425437,236.1236593984513,233.07392627997427,233.1444549560547,82182300
2018-05-01 00:00:00-04:00,232.58035587799654,233.6645124635416,231.02904763828548,233.55874633789062,74203400
2018-05-02 00:00:00-04:00,233.36480513816895,234.17569660455436,231.60196485617357,231.9897918701172,86368900
2018-05-03 00:00:00-04:00,231.1612325749448,232.13077311783923,228.3318548270563,231.47853088378906,136311500
2018-05-04 00:00:00-04:00,230.50901174745036,235.15411363285418,230.18289056208346,234.47540283203125,91222100
2018-05-07 00:00:00-04:00,235.24221997236103,236.23820207584941,234.55468648152564,235.26866149902344,55304900
2018-05-08 00:00:00-04:00,234.89845322694333,235.6300200638076,233.70853072952212,235.26866149902344,67499200
2018-05-09 00:00:00-04:00,235.9385486756778,237.86886103281918,235.41851399436158,237.54273986816406,59666100
2018-05-10 00:00:00-04:00,238.28310618835678,240.09003352947272,238.1773400803513,239.76388549804688,72063900
2018-05-11 00:00:00-04:00,239.88730136809096,240.75989867301982,239.37606263882225,240.4954833984375,59871500
2018-05-14 00:00:00-04:00,240.9273294031114,241.57957156796445,240.0635281560013,240.6100311279297,54790600
2018-05-15 00:00:00-04:00,239.3849054726918,239.40252419286875,238.00989213222624,238.95301818847656,87036100
2018-05-16 00:00:00-04:00,238.98828401389073,240.41618042257653,238.96181558524657,239.95782470703125,53942600
2018-05-17 00:00:00-04:00,239.69336006145537,240.83039940787125,238.97941200409758,239.75506591796875,56536400
2018-05-18 00:00:00-04:00,239.4113047657262,239.77269020666907,238.80312279179847,239.1556854248047,64368000
2018-05-21 00:00:00-04:00,240.6365437940962,241.49152248673255,240.24871674390172,240.95384216308594,58025900
2018-05-22 00:00:00-04:00,241.473904138964,241.72952356428226,239.95786010756726,240.2839813232422,52966400
2018-05-23 00:00:00-04:00,239.01478242446296,240.97153679431813,238.85610630888422,240.945068359375,64694200
2018-05-24 00:00:00-04:00,240.54847781313586,240.82171602296654,238.67104779804026,240.45150756835938,76043800
2018-05-25 00:00:00-04:00,239.8784637451172,240.50426445551912,239.37604785563138,239.8784637451172,56374800
2018-05-29 00:00:00-04:00,238.25669904659816,239.01473442804837,236.0090882306861,237.11965942382812,115908600
2018-05-30 00:00:00-04:00,238.42419735328477,240.7246914847085,238.35369556292812,240.2839813232422,69678400
2018-05-31 00:00:00-04:00,239.8785687017863,240.17824842519676,238.2126980482963,238.8120574951172,93519900
2018-06-01 00:00:00-04:00,240.10769344433027,241.45626535039463,240.0371647610212,241.15658569335938,71258400
2018-06-04 00:00:00-04:00,241.97621657044652,242.55795696235268,241.73824286872212,242.30233764648438,45385200
2018-06-05 00:00:00-04:00,242.43464209387946,242.8577335202975,241.66781073878218,242.47872924804688,51135000
2018-06-06 00:00:00-04:00,243.08687735879116,244.6117170448222,242.4698724773669,244.50595092773438,62732200
2018-06-07 00:00:00-04:00,244.99076149724047,245.2816183350628,243.57166095224892,244.47952270507812,72969400
2018-06-08 00:00:00-04:00,244.0211859352413,245.25516882630356,243.85371394658182,245.20228576660156,72139700
2018-06-11 00:00:00-04:00,245.42264574370634,246.24236008435872,245.30805681244757,245.52841186523438,58892500
2018-06-12 00:00:00-04:00,245.94267695300078,246.2070922530715,245.20228721399303,245.84573364257812,72329000
2018-06-13 00:00:00-04:00,246.08377601657364,246.33939547711083,244.85858868746203,245.0613250732422,79070600
2018-06-14 00:00:00-04:00,245.92504974497967,246.20708375571797,245.0876898256393,245.67825317382812,77097600
2018-06-15 00:00:00-04:00,244.89555787415404,245.7012550888403,243.78883538468264,245.36480712890625,120041600
2018-06-18 00:00:00-04:00,243.91286819163997,244.98419542815554,243.43478334616947,244.8602294921875,52917600
2018-06-19 00:00:00-04:00,242.5936397822496,244.14305171516543,242.17751092519677,243.9217071533203,97531500
2018-06-20 00:00:00-04:00,244.60335587235951,245.00178675664176,244.001305352654,244.33775329589844,53785500
2018-06-21 00:00:00-04:00,244.32892742841975,244.34665228256307,242.31026648649697,242.8060760498047,71061400
2018-06-22 00:00:00-04:00,244.06330844702353,244.17841191285814,243.0274042741051,243.24874877929688,54898500
2018-06-25 00:00:00-04:00,242.09779424744752,242.25715582365535,238.2552564656156,239.93746948242188,137854200
2018-06-26 00:00:00-04:00,240.50411165309322,241.31864434566987,239.7515348904601,240.46868896484375,68547400
2018-06-27 00:00:00-04:00,241.05312361001518,242.47856981599526,238.3261431000306,238.47666931152344,105110700
2018-06-28 00:00:00-04:00,238.42343201237466,240.6014541700107,237.7151134516379,239.8400421142578,76650500
2018-06-29 00:00:00-04:00,240.92907811223688,242.29256791699456,240.07026029632775,240.18536376953125,97592500
2018-07-02 00:00:00-04:00,238.61826608752668,240.85827165334734,238.3791967022646,240.69888305664062,63554800
2018-07-03 00:00:00-04:00,241.59310330365744,241.69050893899274,239.42394330078528,239.84890747070312,42187100
2018-07-05 00:00:00-04:00,240.97334204813754,241.8675554544419,239.90201521447784,241.80557250976562,56925900
2018-07-06 00:00:00-04:00,241.8321692408488,244.2226737215322,241.45143615123604,243.850830078125,66493700
2018-07-09 00:00:00-04:00,244.85134953327582,246.09973613516857,244.80709142765713,246.04661560058594,50550400
2018-07-10 00:00:00-04:00,246.49808871564431,247.0293209120054,246.20589884882935,246.93191528320312,51966800
2018-07-11 00:00:00-04:00,245.38257597316954,246.17057558311728,244.8247833539211,245.1258087158203,77054700
2018-07-12 00:00:00-04:00,246.38307017591055,247.40124980844712,245.78101942166649,247.34812927246094,60124700
2018-07-13 00:00:00-04:00,247.17095732066952,247.84382614342442,246.7194059507189,247.5428009033203,48216000
2018-07-16 00:00:00-04:00,247.58714758902812,247.7287843093492,246.87882888944463,247.32151794433594,48201000
2018-07-17 00:00:00-04:00,246.5512651082664,248.71159004868673,246.49814457855098,248.322021484375,52315500
2018-07-18 00:00:00-04:00,248.40174747094176,248.9506777242672,247.95905829637567,248.8444366455078,44593500
2018-07-19 00:00:00-04:00,248.18039468302325,248.56110087586566,247.4278177072078,247.9059295654297,61412100
2018-07-20 00:00:00-04:00,247.70220885881517,248.33084673232435,247.46316651088532,247.62252807617188,82337700
2018-07-23 00:00:00-04:00,247.41891322282152,248.28656644152343,247.0736028050646,248.08294677734375,47047600
2018-07-24 00:00:00-04:00,249.49073321709503,250.1724647113452,248.46369125173717,249.3313446044922,68026900
2018-07-25 00:00:00-04:00,249.08335865317733,251.7749150987928,249.03910056495852,251.45619201660156,78882900
2018-07-26 00:00:00-04:00,250.73918972837498,251.54486034666417,250.6417840479493,250.86312866210938,57919500
2018-07-27 00:00:00-04:00,251.19059746428582,251.28800309937907,248.24230046443236,249.16310119628906,76768700
2018-07-30 00:00:00-04:00,249.24279041796194,249.40215198668153,247.33920594196468,247.86160278320312,63742500
2018-07-31 00:00:00-04:00,248.62300243369685,249.69430228447183,248.24229636551306,249.08338928222656,68570500
2018-08-01 00:00:00-04:00,249.2871187743651,249.79179090381137,248.02103425559477,248.66734313964844,53853300
2018-08-02 00:00:00-04:00,247.36574737214292,250.1900780484802,247.16210072568546,250.02188110351562,63426400
2018-08-03 00:00:00-04:00,250.14590056459343,251.14638224892715,249.96881411760404,251.09326171875,53935400
2018-08-06 00:00:00-04:00,251.12867518151927,252.3239140861713,250.7391066281403,252.01405334472656,39400900
2018-08-07 00:00:00-04:00,252.67811646394784,253.2270466660811,252.545288108283,252.8463134765625,43196600
2018-08-08 00:00:00-04:00,252.67815635114414,253.13854339537662,252.279725260455,252.7401123046875,42114600
2018-08-09 00:00:00-04:00,252.80199595567012,253.19156446296677,252.26192830940533,252.3947296142578,35717000
2018-08-10 00:00:00-04:00,250.9603957161205,251.5004633069356,249.99530995422668,250.70362854003906,77076000
2018-08-13 00:00:00-04:00,250.97813090933042,251.58904395946368,249.4729773325625,249.76516723632812,65732900
2018-08-14 00:00:00-04:00,250.49120289007564,251.5979255987983,250.10163433503746,251.35885620117188,43842000
2018-08-15 00:00:00-04:00,250.01305901813416,250.15472274901578,248.0475186589918,249.48182678222656,102925400
2018-08-16 00:00:00-04:00,250.91616596894616,252.36819912554938,250.88074327694193,251.50051879882812,69967900
2018-08-17 00:00:00-04:00,251.2969003032694,252.82861442412454,250.88963386809417,252.38592529296875,65618500
2018-08-20 00:00:00-04:00,252.83742114482646,253.19156696780135,252.38586968426674,252.92596435546875,39807500
2018-08-21 00:00:00-04:00,253.439484251431,254.37798288744068,252.9613725060463,253.5191650390625,67272000
2018-08-22 00:00:00-04:00,253.1119156264762,253.891052739408,252.8462859636508,253.36868286132812,44993300
2018-08-23 00:00:00-04:00,253.19160341162674,254.0504213412442,252.71349162101544,253.03224182128906,49204900
2018-08-24 00:00:00-04:00,253.60758629161984,254.69661057138558,253.55446579207836,254.55494689941406,57487400
2018-08-27 00:00:00-04:00,255.75029016014744,256.67109089621715,255.59092859609513,256.5648498535156,57072400
2018-08-28 00:00:00-04:00,257.02523321330386,257.13150127415275,256.22839838429445,256.6888122558594,46943500
2018-08-29 00:00:00-04:00,256.9013929354146,258.30027888148373,256.6623505008469,258.0700988769531,61485500
2018-08-30 00:00:00-04:00,257.5918929605646,257.96373661193746,256.4320498724357,257.0252380371094,61229500
2018-08-31 00:00:00-04:00,256.617989857108,257.4768077102713,256.13104270122597,257.03411865234375,66140800
2018-09-04 00:00:00-04:00,256.61799092686505,256.94557650796173,255.59094906584016,256.5914306640625,57594400
2018-09-05 00:00:00-04:00,256.23728113360505,256.4409278252253,254.89151613831157,255.9008331298828,72452400
2018-09-06 00:00:00-04:00,256.00708517512356,256.30811050201584,254.1035275676476,255.1305694580078,65909900
2018-09-07 00:00:00-04:00,254.08583548590653,255.60868701029355,253.84676608884516,254.634765625,73524800
2018-09-10 00:00:00-04:00,255.64412746424145,255.90975717199615,254.88271507846915,255.07749938964844,50210900
2018-09-11 00:00:00-04:00,254.43105906643362,256.3611765271306,254.085775713545,255.91848754882812,50530500
2018-09-12 00:00:00-04:00,255.92743976826773,256.5826110397569,255.19258769507857,255.98056030273438,59810800
2018-09-13 00:00:00-04:00,257.0429823679138,257.68045569530796,256.75965488471724,257.4945068359375,51034200
2018-09-14 00:00:00-04:00,257.69814941620206,257.8840712530081,256.75965078524433,257.5387878417969,55079900
2018-09-17 00:00:00-04:00,257.4856929408959,257.5210886145558,255.90085840767378,256.1753234863281,68244000
2018-09-18 00:00:00-04:00,256.38777016818403,258.15852631195645,256.36120990681127,257.5653381347656,61930400
2018-09-19 00:00:00-04:00,257.6184077230567,258.2558808895619,257.4944418480969,257.8397521972656,49080600
2018-09-20 00:00:00-04:00,259.0970906351815,260.2480714927518,257.8575395336768,259.9293212890625,100360600
2018-09-21 00:00:00-04:00,260.670163615046,260.78578814845525,259.53175051533134,259.69183349609375,105479700
2018-09-24 00:00:00-04:00,259.1136810427981,259.25598604173615,258.25097564679436,258.8290710449219,53409600
2018-09-25 00:00:00-04:00,259.2827704772097,259.38949248372154,258.3489257783172,258.58905029296875,44370000
2018-09-26 00:00:00-04:00,258.7312825518188,259.91415398039527,257.3972035619519,257.8152160644531,79739700
2018-09-27 00:00:00-04:00,258.2865870236804,259.6206660004718,258.0108795398294,258.5356140136719,59249500
2018-09-28 00:00:00-04:00,257.9130552985251,259.060370917637,257.877499398238,258.56231689453125,70091400
2018-10-01 00:00:00-04:00,259.7985762633335,260.52787942324136,258.79359270911283,259.46063232421875,62078900
2018-10-02 00:00:00-04:00,259.3093566894531,260.02085456876165,258.93582980248266,259.3093566894531,47258200
2018-10-03 00:00:00-04:00,260.3589771396874,260.77698985116797,259.0960635973725,259.4518127441406,64694600
2018-10-04 00:00:00-04:00,258.9714428347122,259.0248038303383,255.84081347636905,257.4239196777344,111545900
2018-10-05 00:00:00-04:00,257.64610257112724,258.1619342485358,254.55993362191734,255.9829559326172,105951700
2018-10-08 00:00:00-04:00,255.29811168718854,256.3387047248189,253.91957493919705,255.9829559326172,87742200
2018-10-09 00:00:00-04:00,255.60063692624544,256.9080081946637,255.04919484726244,255.60951232910156,74339000
2018-10-10 00:00:00-04:00,255.10254333298064,255.17370940377114,247.1425558886837,247.51608276367188,214731000
2018-10-11 00:00:00-04:00,246.43110159758785,248.04979089872194,240.45442560578684,242.06423950195312,274840500
2018-10-12 00:00:00-04:00,246.155331736026,246.4399417449787,242.24203910959136,245.42605590820312,183186500
2018-10-15 00:00:00-04:00,245.07028903016487,246.3954925595385,243.9585565864753,244.04750061035156,102263700
2018-10-16 00:00:00-04:00,246.00416376411522,249.75737362844944,245.53279028754295,249.38381958007812,118255800
2018-10-17 00:00:00-04:00,249.41945743831997,250.05091401359377,246.8580209490984,249.42835998535156,110626000
2018-10-18 00:00:00-04:00,248.49446746711695,249.0903680882972,244.55449361278917,245.82630920410156,134557500
2018-10-19 00:00:00-04:00,246.47553508012004,248.40548741105457,244.99915113163212,245.69287109375,139901600
2018-10-22 00:00:00-04:00,246.35995760097512,246.68012357912642,244.05645078512885,244.590087890625,82415800
2018-10-23 00:00:00-04:00,240.97916660583792,244.4655448019636,238.89797931644497,243.34490966796875,146352700
2018-10-24 00:00:00-04:00,243.09590366941856,243.47836034056346,235.42052401836114,235.97193908691406,177806700
2018-10-25 00:00:00-04:00,237.80399671737732,241.7439695818075,236.78120840190687,240.205322265625,138061500
2018-10-26 00:00:00-04:00,236.50561201090113,241.0236823802355,233.27713546509412,235.98085021972656,201574600
2018-10-29 00:00:00-04:00,239.06693924966632,240.35655977032127,231.10695105767994,234.67337036132812,160749100
2018-10-30 00:00:00-04:00,234.5044931538506,238.46224582759228,234.01531441310811,238.1509552001953,157116000
2018-10-31 00:00:00-04:00,240.71235803018175,243.00698951534628,240.24098445251798,240.694580078125,128296300
2018-11-01 00:00:00-04:00,241.55729632981314,243.45169327053114,240.47224408471195,243.2560272216797,99495000
2018-11-02 00:00:00-04:00,244.3588166152821,244.78573168928202,239.76958135193883,241.815185546875,122634100
2018-11-05 00:00:00-05:00,242.30428826612493,243.70063059419127,241.33486092616565,243.1492156982422,65622500
2018-11-06 00:00:00-05:00,243.08701262334208,244.8479797106511,243.02474908298626,244.68789672851562,60085900
2018-11-07 00:00:00-05:00,246.85798369028106,250.0064178282418,246.43106862587547,249.92637634277344,102752100
2018-11-08 00:00:00-05:00,249.12588950722693,250.11312204168914,248.3343501125517,249.47276306152344,65584900
2018-11-09 00:00:00-05:00,248.16536857627477,248.35213203208713,245.63061310834027,247.03585815429688,98812600
2018-11-12 00:00:00-05:00,246.528911435274,246.76903588800957,241.9040933048996,242.41995239257812,99673600
2018-11-13 00:00:00-05:00,242.88240555311336,244.8746213934451,241.24593866399726,241.96633911132812,98176600
2018-11-14 00:00:00-05:00,243.8340951264555,244.23430258416514,238.75570812240255,240.3121337890625,125335900
2018-11-15 00:00:00-05:00,239.0492319832538,243.2827191618879,237.4750281129558,242.82022094726562,135101400
2018-11-16 00:00:00-05:00,241.72621869757143,244.3587935506492,241.21035963910745,243.45162963867188,126668000
2018-11-19 00:00:00-05:00,242.84689099106228,243.14040363645833,238.41776508702043,239.33383178710938,103061700
2018-11-20 00:00:00-05:00,236.00743189304094,237.46603781258796,234.04189663297697,234.90460205078125,136021300
2018-11-21 00:00:00-05:00,236.45211321876684,237.59942858521316,235.6961569464699,235.7050323486328,75563700
2018-11-23 00:00:00-05:00,234.06859584230529,235.5272018784924,233.97077641256175,234.130859375,42807900
2018-11-26 00:00:00-05:00,236.3810366819656,238.13312838545468,235.98970462643132,237.91078186035156,79981400
2018-11-27 00:00:00-05:00,236.87907905299704,238.71121215820312,236.27430304857938,238.71121215820312,75502400
2018-11-28 00:00:00-05:00,239.7784559360089,244.20758056640625,238.64891841628506,244.20758056640625,127629600
2018-11-29 00:00:00-05:00,243.43385961483304,245.07032676690406,242.29544650287454,243.67401123046875,82346400
2018-11-30 00:00:00-05:00,243.52278892831978,245.71957352817088,243.20262298270973,245.1592559814453,98204200
2018-12-03 00:00:00-05:00,249.27706444528062,249.3837864043592,246.81347541687646,248.40545654296875,103176300
2018-12-04 00:00:00-05:00,247.57840882114908,248.00532392800807,240.04530733134203,240.35659790039062,177986000
2018-12-06 00:00:00-05:00,236.5055048781223,240.10750683118934,233.41043224822184,239.99188232421875,204185400
2018-12-07 00:00:00-05:00,239.65396675054097,241.2192949448085,233.5794717353162,234.41549682617188,161018900
2018-12-10 00:00:00-05:00,234.2376330528424,235.82964190912955,230.0130487128308,234.86021423339844,151445900
2018-12-11 00:00:00-05:00,238.05307539835013,238.2398388706836,233.44606213473483,234.91354370117188,121504400
2018-12-12 00:00:00-05:00,237.88407961308872,239.24483913662817,236.01636354460717,236.09640502929688,97976700
2018-12-13 00:00:00-05:00,237.03920718857503,237.90191291349396,234.90468567450245,236.01641845703125,96662700
2018-12-14 00:00:00-05:00,233.87297962557628,234.82462934138096,231.1070016654421,231.65841674804688,116961100
2018-12-17 00:00:00-05:00,230.70669952946483,231.81843191650148,225.48600858264535,227.11358642578125,165492300
2018-12-18 00:00:00-05:00,228.75007037429378,229.41710981689934,225.26366561183747,226.86456298828125,134515100
2018-12-19 00:00:00-05:00,226.94466625050688,230.7067659311748,221.7684458235465,223.4671630859375,214992800
2018-12-20 00:00:00-05:00,222.22199466662704,223.7873091985889,217.58828746517864,219.8295440673828,252053400
2018-12-21 00:00:00-05:00,220.7285704300328,223.38547287400803,214.6812037345627,215.32530212402344,255345600
2018-12-24 00:00:00-05:00,213.8403873339039,215.45063398969825,209.57325075880746,209.6358642578125,147311600
2018-12-26 00:00:00-05:00,211.0939499958353,220.22760009765625,209.11692306726735,220.22760009765625,218485400
2018-12-27 00:00:00-05:00,216.99822249418898,222.1152062471228,213.76878896161634,221.9184112548828,186267300
2018-12-28 00:00:00-05:00,223.2691930102769,224.89732089212802,220.469154308551,221.63211059570312,153100200
2018-12-31 00:00:00-05:00,223.25136071975757,223.81495043254782,221.3816919791821,223.5734100341797,144299400
2019-01-02 00:00:00-05:00,220.0487217817502,224.72738367473102,220.02188548142522,223.8059539794922,126925200
2019-01-03 00:00:00-05:00,222.06154839494693,222.36571591269447,217.98226653551384,218.46534729003906,144140700
2019-01-04 00:00:00-05:00,221.4890188084166,226.42710333610125,221.11329691449131,225.7830047607422,142628800
2019-01-07 00:00:00-05:00,226.05135993790628,228.967685018204,225.1567801850317,227.56320190429688,103139100
2019-01-08 00:00:00-05:00,229.74597827796512,230.18431361996602,227.22325682723428,229.70123291015625,102512600
2019-01-09 00:00:00-05:00,230.40796876553281,231.61565694335764,229.18239882003667,230.77474975585938,95006600
2019-01-10 00:00:00-05:00,229.24502671919808,231.83930266140655,228.56513733970846,231.5888214111328,96823900
2019-01-11 00:00:00-05:00,230.51532876711232,231.70513525362898,229.93385732577602,231.6782989501953,73858100
2019-01-14 00:00:00-05:00,229.78168990712413,231.06988664202555,229.37914549021824,230.2647705078125,70908200
2019-01-15 00:00:00-05:00,230.6405685877629,233.2169627574834,230.6316140537097,232.9038543701172,85208300
2019-01-16 00:00:00-05:00,233.3331831885252,234.35301702855713,233.12744735442945,233.46739196777344,77636700
2019-01-17 00:00:00-05:00,232.59974450769994,236.0975554329432,232.5549991293801,235.23873901367188,96118400
2019-01-18 00:00:00-05:00,237.04574468322795,238.83490412813006,235.2744670046285,238.3697052001953,127900300
2019-01-22 00:00:00-05:00,236.9026116326025,237.11730203256215,233.53898309773086,235.1492156982422,115531200
2019-01-23 00:00:00-05:00,236.1779733228326,236.87574433178852,233.1811261470387,235.64122009277344,86030300
2019-01-24 00:00:00-05:00,235.46223422209425,236.34788638481206,234.45135514065058,235.76638793945312,59204100
2019-01-25 00:00:00-05:00,237.60929250091039,238.5844083633359,235.86487852864417,237.76138305664062,96883400
2019-01-28 00:00:00-05:00,235.62337082617444,236.01696079540557,234.1920377820725,235.95436096191406,85613700
2019-01-29 00:00:00-05:00,236.09746443338423,236.66102665952286,234.80926760140358,235.64122009277344,66136300
2019-01-30 00:00:00-05:00,237.15310270700996,240.2125502350187,236.3927044417232,239.37164306640625,92473700
2019-01-31 00:00:00-05:00,239.309069989038,241.95701876265906,239.0943522557528,241.47393798828125,104012100
2019-02-01 00:00:00-05:00,241.67067307238622,242.60999803104392,240.80292976983338,241.5901641845703,85782500
2019-02-04 00:00:00-05:00,241.63495404193895,243.3525593935762,240.96401914371378,243.28993225097656,60744800
2019-02-05 00:00:00-05:00,243.71932746285626,244.61390727961893,243.2183649495019,244.30975341796875,79552800
2019-02-06 00:00:00-05:00,244.03238574275397,244.52439362076777,243.25410583006848,243.98764038085938,58347800
2019-02-07 00:00:00-05:00,242.37744182669658,242.92312237490376,240.0068109279789,241.6617889404297,95482000
2019-02-08 00:00:00-05:00,240.4183678624528,242.0554372016688,239.5953422747042,241.95704650878906,75788900
2019-02-11 00:00:00-05:00,242.61002752428735,242.86943598309523,241.56335725463512,242.09115600585938,68021400
2019-02-12 00:00:00-05:00,243.70142775610952,245.5800233927025,243.62984608780823,245.20431518554688,72270200
2019-02-13 00:00:00-05:00,246.03630963906483,246.84142609171184,245.61585599262298,246.00051879882812,65277200
2019-02-14 00:00:00-05:00,244.91806536618728,246.58199805028215,244.1039944428411,245.45481872558594,83234400
2019-02-15 00:00:00-05:00,247.22601295848074,248.16533794838358,247.02027711624203,248.12954711914062,97088700
2019-02-19 00:00:00-05:00,247.3334661324364,249.21206212427865,247.32451159710354,248.5590362548828,59120800
2019-02-20 00:00:00-05:00,248.5232746010028,249.51627262512798,248.02231197095585,249.06002807617188,76610800
2019-02-21 00:00:00-05:00,248.42485873104997,248.78268524476772,247.21717035939122,248.17437744140625,64214700
2019-02-22 00:00:00-05:00,248.79153890928347,249.90976349673753,248.15639498772296,249.71298217773438,78114600
2019-02-25 00:00:00-05:00,251.13543991453858,251.6542842748501,249.9724695959429,250.052978515625,69030700
2019-02-26 00:00:00-05:00,249.7039901065705,250.75063287485753,249.49822698526583,249.87396240234375,56844100
2019-02-27 00:00:00-05:00,249.15831243309327,250.11551920355708,248.22796926031745,249.7666473388672,56921600
2019-02-28 00:00:00-05:00,249.55196439728053,249.99032704780788,248.97944754206418,249.30148315429688,69268300
2019-03-01 00:00:00-05:00,250.87599029042724,251.26960763195135,249.4267752150031,250.8581085205078,78880500
2019-03-04 00:00:00-05:00,251.91368898973167,252.1552157189455,247.6554802053009,249.9456024169922,106494600
2019-03-05 00:00:00-05:00,250.070835547476,250.2676441881034,249.05995604336294,249.6056365966797,59114600
2019-03-06 00:00:00-05:00,249.72189143423049,249.73084596641513,247.77171444618895,248.09375,75039800
2019-03-07 00:00:00-05:00,247.646501244507,247.78963728117097,245.17747968817417,246.0183868408203,94885100
2019-03-08 00:00:00-05:00,244.1666005291717,245.6963242662043,243.701428884689,245.52635192871094,85795800
2019-03-11 00:00:00-04:00,246.24203489111082,249.24780979781647,246.21519859017263,249.0867919921875,65098900
2019-03-12 00:00:00-04:00,249.64144501353428,250.54497937737827,249.45359089347113,250.02610778808594,79667500
2019-03-13 00:00:00-04:00,250.91178095520416,252.61147731037204,250.7507358243936,251.6811065673828,80639200
2019-03-14 00:00:00-04:00,251.7078583448414,252.1283118499615,251.08166900343892,251.52000427246094,67518400
2019-03-15 00:00:00-04:00,252.07087511860678,253.57138855973614,251.88216612584606,252.76272583007812,81309000
2019-03-18 00:00:00-04:00,252.97821760098674,253.97558875445486,252.75358766974074,253.67906188964844,62199800
2019-03-19 00:00:00-04:00,254.73954420985623,255.50326466378385,252.8526457610511,253.74217224121094,90268100
2019-03-20 00:00:00-04:00,253.52642876764455,254.73044238296177,251.87315511285124,252.9783172607422,84609200
2019-03-21 00:00:00-04:00,252.16068848642908,256.2399499079423,252.115746030022,255.83563232421875,79550400
2019-03-22 00:00:00-04:00,254.47883818093473,254.99996772134344,250.8488096648639,250.91171264648438,122659300
2019-03-25 00:00:00-04:00,250.57026199951557,251.75631495200972,249.46509997525595,250.7230224609375,85575200
2019-03-26 00:00:00-04:00,252.47518322548854,253.5444244613853,251.1903059153472,252.5919952392578,68125900
2019-03-27 00:00:00-04:00,252.582980392671,253.16704041325895,249.72569296237506,251.27114868164062,72224700
2019-03-28 00:00:00-04:00,251.90013293967937,252.67284711720208,250.75002822896835,252.2235870361328,56238500
2019-03-29 00:00:00-04:00,253.73313183400046,254.1374494706387,252.60998158668255,253.81399536132812,82186800
2019-04-01 00:00:00-04:00,255.80863958619787,257.1204710295328,255.539067150015,256.8239440917969,77617900
2019-04-02 00:00:00-04:00,257.0127320980904,257.1834531340026,256.1591269185293,256.9498291015625,40070400
2019-04-03 00:00:00-04:00,258.16278854117206,258.55813955865335,256.75210547518907,257.3541259765625,68243200
2019-04-04 00:00:00-04:00,257.6775542854916,258.28854128030713,256.9857037843611,258.0369567871094,48997500
2019-04-05 00:00:00-04:00,258.7019475798009,259.33988924285876,258.41441453536396,259.2859802246094,58621700
2019-04-08 00:00:00-04:00,258.8636919237671,259.59149113940293,258.2077622637104,259.4836730957031,53566300
2019-04-09 00:00:00-04:00,258.522205126451,258.8456592016085,257.60572449284734,258.15380859375,66142300
2019-04-10 00:00:00-04:00,258.5671452624204,259.1242508136989,258.1538336527132,259.0343933105469,52601500
2019-04-11 00:00:00-04:00,259.5195108553922,259.52850482970075,258.39636089295544,258.9624328613281,55093100
2019-04-12 00:00:00-04:00,260.5708636013834,260.99316920128797,259.0074471943866,260.7146301269531,69727800
2019-04-15 00:00:00-04:00,260.78653593400213,260.88538743061287,259.74424904421835,260.5439453125,49596700
2019-04-16 00:00:00-04:00,261.42446877799716,261.4783777975032,260.12160349172586,260.7146301269531,52153200
2019-04-17 00:00:00-04:00,261.82872721774316,261.855681721401,259.6632906883781,260.0766296386719,58268300
2019-04-18 00:00:00-04:00,260.6607336464958,260.85840920108075,259.3668622747877,260.5888366699219,68708500
2019-04-22 00:00:00-04:00,259.8250957710666,260.96620654252615,259.73523826780877,260.8134460449219,40160100
2019-04-23 00:00:00-04:00,261.1817232972202,263.3921017008141,260.94812680025683,263.1584777832031,52246600
2019-04-24 00:00:00-04:00,263.07775411194496,263.41020222021825,262.4308184291265,262.5745849609375,50392900
2019-04-25 00:00:00-04:00,262.47565322395,263.06867970360906,261.2267247054764,262.4127502441406,57770900
2019-04-26 00:00:00-04:00,262.45776734051964,263.70669621419734,261.68502567610466,263.63482666015625,50916400
2019-04-29 00:00:00-04:00,263.72467211131345,264.56928329115584,263.634814607374,264.0481262207031,57197700
2019-04-30 00:00:00-04:00,263.706646787458,264.47039433172,262.29599111609195,264.182861328125,81111700
2019-05-01 00:00:00-04:00,264.8118402899683,265.0185097807534,262.1881495792361,262.1971435546875,71671900
2019-05-02 00:00:00-04:00,262.0803330426567,262.99684108288136,260.1395263594633,261.6310729980469,65030200
2019-05-03 00:00:00-04:00,263.10466237001356,264.4704030511326,261.7388942682371,264.1918640136719,56543700
2019-05-06 00:00:00-04:00,259.8968915051246,263.54488025187277,259.5824040433734,263.1046142578125,107198100
2019-05-07 00:00:00-04:00,260.70559211160116,261.29861864665406,256.80601830897126,258.71087646484375,144729900
2019-05-08 00:00:00-04:00,258.3515319824219,260.0587150102727,257.7585053140955,258.3515319824219,91568300
2019-05-09 00:00:00-04:00,256.2849164466201,258.1717868559465,254.5507516890629,257.5697937011719,103471100
2019-05-10 00:00:00-04:00,256.6353077314568,259.6184010578606,253.652214405053,258.8636474609375,112429300
2019-05-13 00:00:00-04:00,253.7601306768394,254.7215266168045,251.52279634725463,252.35841369628906,127290500
2019-05-14 00:00:00-04:00,253.37370819864339,256.168120343081,253.24792962651986,254.640625,77003200
2019-05-15 00:00:00-04:00,253.01433551780383,256.7701439026409,252.8076659712132,256.1322021484375,73956400
2019-05-16 00:00:00-04:00,256.83298031022184,259.8609886388919,256.76111076781007,258.5042419433594,76749600
2019-05-17 00:00:00-04:00,256.2040296890674,259.312901499198,256.1860417381828,256.8329772949219,100353000
2019-05-20 00:00:00-04:00,255.23362019273912,256.9408029172049,254.38900909588577,255.13479614257812,62877600
2019-05-21 00:00:00-04:00,256.82395261777503,257.81233007528556,256.5723681213772,257.4349670410156,46847100
2019-05-22 00:00:00-04:00,256.482621077497,257.59677743350494,256.1681335000444,256.64434814453125,49482500
2019-05-23 00:00:00-04:00,254.42494923843603,254.46986427419012,252.09778552084444,253.5084686279297,98733800
2019-05-24 00:00:00-04:00,254.94612889767544,255.3594679586929,253.46357595804218,254.08355712890625,55268100
2019-05-28 00:00:00-04:00,254.3621108854613,255.314540218978,251.70249844964093,251.720458984375,70029400
2019-05-29 00:00:00-04:00,250.60630089681214,251.01061858059722,248.62954526276232,250.03123474121094,104972900
2019-05-30 00:00:00-04:00,250.7859350955703,251.6215796387543,249.6178699191781,250.7140655517578,62523800
2019-05-31 00:00:00-04:00,248.171261594784,248.99788472790675,247.30866255936388,247.3356170654297,86862800
2019-06-03 00:00:00-04:00,247.3715764238145,248.48573261773257,245.37686062526726,246.70668029785156,96428000
2019-06-04 00:00:00-04:00,248.99796239114443,252.19669273838062,248.54870220281725,252.06192016601562,77231900
2019-06-05 00:00:00-04:00,253.6792433328334,254.27227006596064,251.87323603991442,254.2453155517578,71169700
2019-06-06 00:00:00-04:00,254.541842976939,256.5724803645483,253.89490721452097,255.89859008789062,69430400
2019-06-07 00:00:00-04:00,256.913773281898,259.53746330032743,256.7430523173093,258.459228515625,74272200
2019-06-10 00:00:00-04:00,260.0047883414486,261.3076536120134,259.55552823720706,259.6453857421875,60799100
2019-06-11 00:00:00-04:00,261.46042374261225,261.82882037077394,258.93558379264056,259.58251953125,58641300
2019-06-12 00:00:00-04:00,259.3488976402078,259.90597580686716,258.61210445561744,259.124267578125,47096300
2019-06-13 00:00:00-04:00,260.0317238829631,260.55288092143763,259.3308792682955,260.1934509277344,48945200
2019-06-14 00:00:00-04:00,259.9059143066406,260.50790737500523,259.14216679214854,259.9059143066406,52324700
2019-06-17 00:00:00-04:00,260.13953327502185,260.7685083224592,259.83403972704474,260.0047607421875,39205700
2019-06-18 00:00:00-04:00,261.81980818690425,263.778575596661,261.4603781786856,262.727294921875,85434800
2019-06-19 00:00:00-04:00,262.8621193786363,263.85049725511794,261.89172945851396,263.32037353515625,78674400
2019-06-20 00:00:00-04:00,265.9978750491621,266.24046558371964,263.3831784940885,265.83612060546875,116570000
2019-06-21 00:00:00-04:00,265.5671482228351,266.8221515056671,265.23308319547755,265.44976806640625,83309500
2019-06-24 00:00:00-04:00,265.6573967423069,265.97338627298683,264.9711913645555,265.12469482421875,47582700
2019-06-25 00:00:00-04:00,265.1788523150936,265.2059379178657,262.4160106162554,262.52435302734375,82028700
2019-06-26 00:00:00-04:00,263.41824118962137,263.92385754593755,262.1542002988309,262.2625427246094,51584900
2019-06-27 00:00:00-04:00,263.02092303525444,263.6980906365372,262.64172460878746,263.1924743652344,40355200
2019-06-28 00:00:00-04:00,264.167557504222,265.04336195090093,263.65293111911507,264.5467834472656,59350900
2019-07-01 00:00:00-04:00,267.86945491993043,268.08616730223594,265.7476574629136,266.9485168457031,78705600
2019-07-02 00:00:00-04:00,266.9033003429931,267.697847953627,266.0636192538525,267.6436767578125,61504500
2019-07-03 00:00:00-04:00,268.32086133027957,269.80161425412496,268.17639561424454,269.7835388183594,40898900
2019-07-05 00:00:00-04:00,268.55562454830994,269.6391036536074,267.26449836154364,269.4765625,51677300
2019-07-08 00:00:00-04:00,268.16737039783294,269.29598290911434,267.45407957557853,267.9958190917969,45841800
2019-07-09 00:00:00-04:00,266.84019265047795,268.6278977139199,266.7860214397084,268.3299560546875,41101300
2019-07-10 00:00:00-04:00,269.39534519807506,270.5600812739369,268.8626432853066,269.6120300292969,58448500
2019-07-11 00:00:00-04:00,270.25314782826575,270.4878805839635,269.2419150387237,270.2441101074219,50826100
2019-07-12 00:00:00-04:00,270.7317086667794,271.52625667648226,270.42472921830876,271.4540100097656,40326000
2019-07-15 00:00:00-04:00,271.88735320178154,271.88735320178154,271.03863413807807,271.54425048828125,33900000
2019-07-16 00:00:00-04:00,271.45393658906914,271.6616112571717,270.3614471482306,270.6684265136719,36650100
2019-07-17 00:00:00-04:00,270.64135633183906,270.80386996621183,268.8265380859375,268.8265380859375,36036300
2019-07-18 00:00:00-04:00,268.32988263092403,270.1898338357982,267.887475346022,269.81060791015625,51392600
2019-07-19 00:00:00-04:00,270.903180082799,270.93026568631416,268.1403383081677,268.3118896484375,58678600
2019-07-22 00:00:00-04:00,268.7091319171699,269.5127173993327,268.19450545816716,268.9709777832031,43638100
2019-07-23 00:00:00-04:00,270.0905766044497,270.8941345214844,269.25990553066293,270.8941345214844,44564500
2019-07-24 00:00:00-04:00,270.1356727072155,272.16717529296875,270.0453781926008,272.16717529296875,47213200
2019-07-25 00:00:00-04:00,271.71578443902234,271.76995564778645,270.0634799096485,270.8670654296875,55394100
2019-07-26 00:00:00-04:00,271.55327198811625,272.88052171662747,271.4268541311043,272.681884765625,45084100
2019-07-29 00:00:00-04:00,272.5644676648038,272.68184778639005,271.63449196441434,272.18524169921875,38126500
2019-07-30 00:00:00-04:00,270.78584243281495,271.923493066979,270.40661637008486,271.5171813964844,45849000
2019-07-31 00:00:00-04:00,271.76085606462857,271.9504828061591,266.53314273076955,268.54656982421875,104245200
2019-08-01 00:00:00-04:00,268.70017713336995,271.6526186964665,265.4136429910856,266.20819091796875,142646600
2019-08-02 00:00:00-04:00,265.31426961081803,265.55804002591907,262.6507327117384,264.2037048339844,116749700
2019-08-05 00:00:00-04:00,260.11357002634685,260.2219124148856,254.3621652846192,256.25823974609375,178745400
2019-08-06 00:00:00-04:00,258.14529773750104,260.06845795439847,256.6735825460155,259.85174560546875,120711700
2019-08-07 00:00:00-04:00,256.78201534695285,260.7728029003708,254.65120730275834,260.0053405761719,140572300
2019-08-08 00:00:00-04:00,261.4950674503696,265.10662841796875,260.94431762874206,265.10662841796875,87713900
2019-08-09 00:00:00-04:00,264.1675785656176,264.76348934990085,261.5221171331934,263.3008117675781,93730000
2019-08-12 00:00:00-04:00,261.8019984508938,263.29176156394834,259.14749942587946,260.0955505371094,65527600
2019-08-13 00:00:00-04:00,259.79760350315723,265.58513268360247,259.4545008367751,264.1405029296875,94299800
2019-08-14 00:00:00-04:00,260.09563131231886,260.7005524202266,256.20417608457865,256.33056640625,135622100
2019-08-15 00:00:00-04:00,257.2153345533102,257.901539842479,254.96714703508582,257.0076599121094,99556600
2019-08-16 00:00:00-04:00,258.66008067881546,261.2332965637675,257.0619468572622,260.7999267578125,83018300
2019-08-19 00:00:00-04:00,263.8154737214388,264.6190316225491,263.13830611256157,263.9418640136719,53571800
2019-08-20 00:00:00-04:00,263.43628262555785,263.9689845752752,261.7930432847781,261.91943359375,51596400
2019-08-21 00:00:00-04:00,264.0772564941614,264.4203315219926,263.39105133047104,264.0501708984375,49524700
2019-08-22 00:00:00-04:00,264.75453184479977,265.3865385206094,262.1993368727227,263.968994140625,51666400
2019-08-23 00:00:00-04:00,262.6688438924776,264.33015864750445,255.94230050225514,257.18829345703125,149161500
2019-08-26 00:00:00-04:00,259.37325938101276,260.0323791503906,257.8473727295932,260.0323791503906,72423800
2019-08-27 00:00:00-04:00,261.42275210787636,261.79294027724745,258.2535997082941,259.01202392578125,66668900
2019-08-28 00:00:00-04:00,258.3530199208042,260.99848164367427,257.5494344017355,260.8359680175781,59696700
2019-08-29 00:00:00-04:00,263.3911606210267,264.6913248632864,262.3889380553566,264.1676330566406,57899400
2019-08-30 00:00:00-04:00,265.64827615417454,265.66632403331914,263.12019537323226,264.0501708984375,62901200
2019-09-03 00:00:00-04:00,262.35278021837604,263.2646804730789,261.1790065682752,262.5062561035156,69101400
2019-09-04 00:00:00-04:00,264.6732441815311,265.50388772814705,263.9238298917129,265.48583984375,46887300
2019-09-05 00:00:00-04:00,267.96876695252837,269.81064296202624,265.44969579769,268.89874267578125,83258100
2019-09-06 00:00:00-04:00,269.2147237052525,269.7474254993275,268.53755620454444,269.1063537597656,49584300
2019-09-09 00:00:00-04:00,270.0906319733859,270.1808989649801,268.3028991645869,269.2419128417969,51260300
2019-09-10 00:00:00-04:00,268.4834068391647,269.2418588270002,267.22840383509777,269.17864990234375,57947100
2019-09-11 00:00:00-04:00,269.4857210476575,271.17412182646217,268.83563880380444,271.0928649902344,68821100
2019-09-12 00:00:00-04:00,271.99573701990073,273.088226704919,271.23731237917514,272.0318603515625,72908700
2019-09-13 00:00:00-04:00,272.4742232943265,272.8263637238987,271.4810384912023,271.8512268066406,62104800
2019-09-16 00:00:00-04:00,270.72254318691955,271.8963167578884,270.3704304034408,271.011474609375,58191200
2019-09-17 00:00:00-04:00,270.81300277112695,271.78811247375785,270.6414513566032,271.6978454589844,41475500
2019-09-18 00:00:00-04:00,271.30948262871954,271.9686024312111,269.27797956454594,271.8602600097656,73375800
2019-09-19 00:00:00-04:00,272.2485052514616,273.24169007108816,271.5081286082832,271.8421936035156,76560500
2019-09-20 00:00:00-04:00,272.44456471804665,272.72577882239597,269.7687539692595,270.5578918457031,89565000
2019-09-23 00:00:00-04:00,269.89566087758845,271.2109087987867,269.6416852140578,270.49432373046875,43476800
2019-09-24 00:00:00-04:00,271.58264088757267,271.97266976109944,267.4101623784659,268.37164306640625,94869400
2019-09-25 00:00:00-04:00,268.45338400504926,270.40355684518136,266.9748722488337,269.9591064453125,71854000
2019-09-26 00:00:00-04:00,269.9681805505696,270.17678656371356,267.9907970655747,269.396728515625,56179700
2019-09-27 00:00:00-04:00,270.1496138053091,270.2584842358922,266.394400547626,267.9454650878906,84746600
2019-09-30 00:00:00-04:00,268.4624431933133,269.89558524708093,268.4171012837451,269.1880798339844,51662400
2019-10-01 00:00:00-04:00,270.06797514180766,270.7210593029976,265.7685205613803,265.9862060546875,88242400
2019-10-02 00:00:00-04:00,264.4078850320209,264.41696448642426,259.99958846909385,261.28759765625,122539500
2019-10-03 00:00:00-04:00,261.0608435391244,263.4554943744778,258.3487439616913,263.42828369140625,85278800
2019-10-04 00:00:00-04:00,264.081418140647,267.2470481606347,264.02696908285304,266.9930725097656,65091200
2019-10-07 00:00:00-04:00,266.1948921658021,267.818537273,265.5599391103268,265.84112548828125,59610500
2019-10-08 00:00:00-04:00,263.9907492254181,264.7254656083408,261.677729624761,261.7140197753906,95708100
2019-10-09 00:00:00-04:00,263.72771007618655,265.13364208404795,263.1018364259061,264.1993713378906,62359400
2019-10-10 00:00:00-04:00,264.1176650870851,266.8660551651619,263.9544009671046,265.9862060546875,55296300
2019-10-11 00:00:00-04:00,268.7346644381994,270.97510381384257,268.61676988687105,268.7437438964844,98720400
2019-10-14 00:00:00-04:00,268.42617702704035,269.09742004492904,268.0996488139588,268.4443359375,40394800
2019-10-15 00:00:00-04:00,269.48742469346604,271.84578529470946,269.3695025112143,271.10198974609375,46754500
2019-10-16 00:00:00-04:00,270.63938477659065,271.35596965464424,270.2312245406846,270.6665954589844,48928200
2019-10-17 00:00:00-04:00,271.8276926759577,272.33564398394304,270.7754999147679,271.4648742675781,45736600
2019-10-18 00:00:00-04:00,270.92972608659727,271.5737308704061,269.4240033178338,270.2766418457031,64304000
2019-10-21 00:00:00-04:00,271.5919140803774,272.30847154115486,271.15651532040795,272.1089172363281,39048600
2019-10-22 00:00:00-04:00,272.6440336093649,272.93429940069217,271.12925918317654,271.219970703125,48594700
2019-10-23 00:00:00-04:00,270.965950615548,272.0634850874928,270.75731692201106,272.0090637207031,34352200
2019-10-24 00:00:00-04:00,272.94334172458434,273.0884746005034,271.62809406743776,272.4535217285156,35453100
2019-10-25 00:00:00-04:00,271.8821290723367,274.11351638561285,271.8277076921369,273.56927490234375,45205400
2019-10-28 00:00:00-04:00,274.78479976311456,275.6102278084741,274.7575890662908,275.111328125,42147000
2019-10-29 00:00:00-04:00,274.83912723810425,275.95482078917917,274.7121255754735,275.02960205078125,44284900
2019-10-30 00:00:00-04:00,275.22916703094626,276.24506964645207,273.92299861636155,275.8731994628906,49643900
2019-10-31 00:00:00-04:00,275.864092158819,275.864092158819,273.68715424802167,275.138427734375,69053800
2019-11-01 00:00:00-04:00,276.5806723698209,277.73262829214644,276.41738057633785,277.6872863769531,71141500
2019-11-04 00:00:00-05:00,279.2384077691996,279.3744612238009,278.4311111364447,278.8030090332031,60606900
2019-11-05 00:00:00-05:00,279.0026108617293,279.3019561941251,278.2043935503768,278.4946594238281,42933200
2019-11-06 00:00:00-05:00,278.4946351418078,278.83024291816537,277.6147858205009,278.5581359863281,46487100
2019-11-07 00:00:00-05:00,279.89142527025837,280.8710375909936,279.0659976008694,279.53765869140625,54272300
2019-11-08 00:00:00-05:00,279.19298934454866,280.2814721535745,278.4945632788722,280.22705078125,49032100
2019-11-11 00:00:00-05:00,278.8483964128372,279.8642991803106,278.71231526828956,279.69195556640625,35797300
2019-11-12 00:00:00-05:00,280.054668191953,281.1794133049867,279.5104268632624,280.28143310546875,46484600
2019-11-13 00:00:00-05:00,279.2927585959564,280.77127035209,279.0659936684823,280.3721618652344,53917700
2019-11-14 00:00:00-05:00,280.09095744342886,280.8619636831978,279.4560046150865,280.7803039550781,51219900
2019-11-15 00:00:00-05:00,282.1138323591222,282.85762831105296,281.4244854819012,282.8122863769531,62023600
2019-11-18 00:00:00-05:00,282.5763929760045,283.25668795742666,282.1228629883897,283.0208435058594,49228000
2019-11-19 00:00:00-05:00,283.61947336896316,283.6285528256652,282.2951737101685,282.9391784667969,67804700
2019-11-20 00:00:00-05:00,282.34957224467774,282.86660297199927,280.3358983899287,281.886962890625,79406200
2019-11-21 00:00:00-05:00,281.9958415043259,282.10468425402297,280.6352517705745,281.4334411621094,54664700
2019-11-22 00:00:00-05:00,282.1772789129553,282.31333237035267,281.0525334234393,282.0593566894531,44850200
2019-11-25 00:00:00-05:00,282.984501675249,284.24530029296875,282.984501675249,284.24530029296875,48647200
2019-11-26 00:00:00-05:00,284.2815982160428,285.07073576578375,283.9641217688007,284.8893127441406,37569000
2019-11-27 00:00:00-05:00,285.3700145636202,286.1591796875,285.1523291122122,286.1591796875,44444600
2019-11-29 00:00:00-05:00,285.5968026686247,285.84172650261706,284.87116598414514,285.0979309082031,36592700
2019-12-02 00:00:00-05:00,285.3518958206147,285.4153966404745,282.24976727728045,282.67608642578125,75767800
2019-12-03 00:00:00-05:00,279.9639558052549,280.8619636831978,278.5852351006926,280.7803039550781,73941700
2019-12-04 00:00:00-05:00,281.8235316935288,283.1115412943075,281.4788444906727,282.51287841796875,49080000
2019-12-05 00:00:00-05:00,283.2113460311746,283.2294772654207,281.714674927027,283.0208435058594,40709000
2019-12-06 00:00:00-05:00,284.92557074598903,286.00497393609896,284.91649129155104,285.6058654785156,48927000
2019-12-09 00:00:00-05:00,285.21583692878045,285.887052207936,284.63530546909504,284.7078857421875,34838500
2019-12-10 00:00:00-05:00,284.6534969724014,285.3156328729228,283.73735776823526,284.39044189453125,52649800
2019-12-11 00:00:00-05:00,284.84392633852576,285.4516684529647,284.3087644939141,285.19769287109375,53429100
2019-12-12 00:00:00-05:00,285.2067809563498,288.43591134323987,284.9709642525427,287.6558532714844,96389600
2019-12-13 00:00:00-05:00,287.42002857849036,289.0527527941986,286.6490222278449,287.8282165527344,81503900
2019-12-16 00:00:00-05:00,289.5516883749544,290.3952475141658,287.7647791043134,289.8056640625,82749700
2019-12-17 00:00:00-05:00,290.18655602615394,290.48587355216506,289.7874475372953,289.86907958984375,61097700
2019-12-18 00:00:00-05:00,290.2591965012545,290.4859614985211,289.83287719914233,289.8872985839844,48133000
2019-12-19 00:00:00-05:00,290.07766829054526,291.14801972745664,289.8236926929126,291.075439453125,85310500
2019-12-20 00:00:00-05:00,292.10543451333706,293.48183740439526,291.13013011229833,292.3515625,147142100
2019-12-23 00:00:00-05:00,293.13553655427705,293.1902254958816,292.6524323585263,292.79827880859375,52990000
2019-12-24 00:00:00-05:00,293.02612879098643,293.0716936318886,292.50655608135855,292.807373046875,20270000
2019-12-26 00:00:00-05:00,293.1902210059652,294.3752129631039,293.18112472741444,294.3660888671875,30911200
2019-12-27 00:00:00-05:00,295.09517100716806,295.14985992527306,293.7643609710234,294.29302978515625,42528800
2019-12-30 00:00:00-05:00,294.37524973919426,294.5119721081925,292.18758056574677,292.6706848144531,49729100
2019-12-31 00:00:00-05:00,292.1693441370268,293.62778090007464,291.82296227634913,293.38165283203125,57077300
2020-01-02 00:00:00-05:00,294.91290542669935,296.1434618086508,293.99226220909725,296.1252136230469,59151200
2020-01-03 00:00:00-05:00,292.74365706670307,295.00423583561826,292.6889681125446,293.883056640625,77709700
2020-01-06 00:00:00-05:00,292.1328118215423,295.08615327203825,292.0143098616565,295.0041198730469,55653900
2020-01-07 00:00:00-05:00,294.4390032296372,294.91301114756425,293.7280191701127,294.1746826171875,40496400
2020-01-08 00:00:00-05:00,294.3660286722624,296.9547400028766,294.1199284891358,295.742431640625,68296000
2020-01-09 00:00:00-05:00,297.3011061918994,297.82067881308217,296.71772055042567,297.74774169921875,48473300
2020-01-10 00:00:00-05:00,298.33120751452185,298.48615024274386,296.4261352089056,296.8909912109375,53029300
2020-01-13 00:00:00-05:00,297.51086261756024,298.94192708972656,297.0824473403548,298.9328308105469,47086800
2020-01-14 00:00:00-05:00,298.49524063629786,299.54348231822837,297.9209789989077,298.4770202636719,62832800
2020-01-15 00:00:00-05:00,298.38587734482564,299.90809914567166,298.30384393795646,299.15155029296875,72056600
2020-01-16 00:00:00-05:00,300.52795985830204,301.6400146484375,300.30008000636747,301.6400146484375,54050300
2020-01-17 00:00:00-05:00,302.35097758583424,302.7884890679203,301.5761805798231,302.578857421875,95846000
2020-01-21 00:00:00-05:00,301.621817416512,302.7885613428453,301.5489080912153,301.9864196777344,77742400
2020-01-22 00:00:00-05:00,302.84318902456715,303.49038781097767,301.8678844320141,302.0228271484375,48914900
2020-01-23 00:00:00-05:00,301.3756489009387,302.77939649699647,300.2635941747511,302.36920166015625,51963000
2020-01-24 00:00:00-05:00,303.0254328321711,303.1074662187742,298.3948999055085,299.6801452636719,87578400
2020-01-27 00:00:00-05:00,294.4480497017618,296.3531215152195,294.1107920443717,294.87646484375,84062500
2020-01-28 00:00:00-05:00,296.2985479035743,298.8416952816207,294.9677371260553,297.9666442871094,63834000
2020-01-29 00:00:00-05:00,299.3247726958283,299.55265256689614,297.5199541027187,297.7204895019531,53888900
2020-01-30 00:00:00-05:00,295.66042488337473,298.89633550564963,294.9130001022843,298.6866760253906,75491800
2020-01-31 00:00:00-05:00,298.0668193889295,298.22178991387807,292.3516032332454,293.26312255859375,113845600
2020-02-03 00:00:00-05:00,294.73985138812446,297.30121909243115,294.6213493961139,295.44171142578125,69083000
2020-02-04 00:00:00-05:00,299.04215432222543,300.81050405404096,298.7231169921296,299.9445495605469,62573200
2020-02-05 00:00:00-05:00,302.87059303020703,303.618045742721,301.4121839936726,303.40838623046875,65951100
2020-02-06 00:00:00-05:00,304.3654167083422,304.6206410029242,303.35361580732535,304.4292297363281,50359700
2020-02-07 00:00:00-05:00,303.3718697108561,304.4383317479117,302.25981501693957,302.8067321777344,64139400
2020-02-10 00:00:00-05:00,301.9224755643438,305.1310127189405,301.8860070122021,305.06719970703125,42070000
2020-02-11 00:00:00-05:00,306.41633961218275,307.2002328793031,305.0672809970112,305.5959777832031,54864500
2020-02-12 00:00:00-05:00,307.0271508521227,307.77460363978815,306.6625485563307,307.5649719238281,43992700
2020-02-13 00:00:00-05:00,306.1428904532812,308.20293318619815,305.8694457619048,307.2367248535156,54501900
2020-02-14 00:00:00-05:00,307.64693997585454,307.84747536853007,306.4528517159032,307.7289733886719,64582200
2020-02-18 00:00:00-05:00,306.7353777212436,307.79274347896046,305.550385905375,306.9359130859375,57226200
2020-02-19 00:00:00-05:00,307.9021483533661,309.077988360176,307.6195795625174,308.4034729003906,48814700
2020-02-20 00:00:00-05:00,307.8565854998732,308.6769752996938,304.1558185736376,307.1365051269531,74163400
2020-02-21 00:00:00-05:00,305.7874255135602,306.0973387829116,303.1531209980254,303.9735107421875,113788200
2020-02-24 00:00:00-05:00,294.5483543223174,304.0463696689848,292.8164454315438,293.8920593261719,161088400
2020-02-25 00:00:00-05:00,295.2776038121276,295.8883062471929,284.11149089171784,284.9865417480469,218913200
2020-02-26 00:00:00-05:00,286.38118955607183,289.9634545114292,283.2091195022636,283.9383239746094,194773800
2020-02-27 00:00:00-05:00,278.43265741082325,283.99293030133657,271.18609619140625,271.18609619140625,284353500
2020-02-28 00:00:00-05:00,263.15566832306206,271.5325340386913,260.27526361074985,270.0467529296875,384975800
2020-03-02 00:00:00-05:00,271.82421045255126,281.80535966924487,268.40601247661044,281.7415466308594,238703600
2020-03-03 00:00:00-05:00,282.1152386233994,286.0712292614889,271.2408194618374,273.674560546875,300139100
2020-03-04 00:00:00-05:00,279.0342265229959,285.39663994831454,276.4910804079347,285.1778564453125,176613400
2020-03-05 00:00:00-05:00,277.9951665598652,281.1763600202487,273.4649145191371,275.6981201171875,186366800
2020-03-06 00:00:00-05:00,267.21185726562237,272.343714991951,264.5502366862195,271.1405029296875,228667200
2020-03-09 00:00:00-04:00,250.94132346367905,259.04474569545937,249.25503453343848,249.9660186767578,309417300
2020-03-10 00:00:00-04:00,259.4548490211814,262.9915202948296,249.3005113667445,262.900390625,276444100
2020-03-11 00:00:00-04:00,255.8634838386491,256.9937588920719,246.91235745450595,250.0844268798828,255316300
2020-03-12 00:00:00-04:00,233.34892983989002,243.0657284595874,225.76508294392715,226.15704345703125,392220700
2020-03-13 00:00:00-04:00,239.81161165387473,247.45927200830852,226.5307825549705,245.49038696289062,329566100
2020-03-16 00:00:00-04:00,219.84023822786799,234.16932404862888,216.35824141554718,218.6279296875,297240000
2020-03-17 00:00:00-04:00,223.35871400097514,233.5039435706242,216.0939169725968,230.43211364746094,262070500
2020-03-18 00:00:00-04:00,215.34645080566406,226.39406110097966,207.8446502974257,218.7646484375,327597100
2020-03-19 00:00:00-04:00,218.08099810602204,225.49165465544974,211.6730183757266,219.22950744628906,289322000
2020-03-20 00:00:00-04:00,222.37074721498362,224.14949538908877,209.50693107809147,209.78199768066406,347158800
2020-03-23 00:00:00-04:00,209.22272735900054,210.5888688079637,200.11810699641129,204.41827392578125,326025200
2020-03-24 00:00:00-04:00,214.93488557553914,223.81028619851725,214.3664247760725,222.93923950195312,235494500
2020-03-25 00:00:00-04:00,224.51628064557806,235.04206747049008,219.8218620415987,226.2766876220703,299430300
2020-03-26 00:00:00-04:00,228.77973377835932,240.95587614121874,228.34879937507776,239.4888916015625,257632800
2020-03-27 00:00:00-04:00,232.21801874837786,239.13128235143066,230.18254563117415,232.3555450439453,224341200
2020-03-30 00:00:00-04:00,234.4461192766529,240.61671528721664,232.456492152607,239.90155029296875,171369500
2020-03-31 00:00:00-04:00,238.90208181788717,241.4418275508448,234.92282878626662,236.32565307617188,194881100
2020-04-01 00:00:00-04:00,227.36772539626958,236.24312431481496,223.62685616519354,225.68983459472656,189554600
2020-04-02 00:00:00-04:00,224.8096570813122,231.67707467324524,224.25952385795503,230.89773559570312,177660400
2020-04-03 00:00:00-04:00,229.91664470662855,232.26386743063676,224.83713961830722,227.56027221679688,135561200
2020-04-06 00:00:00-04:00,236.40816732964865,244.80678550079665,227.5419457283824,242.8446502685547,188061200
2020-04-07 00:00:00-04:00,251.41749200591784,252.16933982804701,242.87219727816253,243.0922393798828,201427200
2020-04-08 00:00:00-04:00,245.6870219261838,253.05874090906812,243.20228632655915,251.2524871826172,153774500
2020-04-09 00:00:00-04:00,254.5073322785615,257.8264586985217,252.57273047385536,255.07582092285156,189999200
2020-04-13 00:00:00-04:00,254.10400102631928,254.44324196832764,248.8502713568677,252.74700927734375,114839100
2020-04-14 00:00:00-04:00,257.6247434043118,261.2188944182337,252.60941275513804,260.201171875,134143400
2020-04-15 00:00:00-04:00,254.49818449986756,260.338700945521,252.56355469912342,254.67239379882812,121775000
2020-04-16 00:00:00-04:00,255.9469100537086,256.7537685008256,252.83870305963532,255.9010772705078,131798300
2020-04-17 00:00:00-04:00,261.659114795478,263.4195080259015,258.92680340917883,262.81439208984375,146684800
2020-04-20 00:00:00-04:00,259.1192277447229,262.95180422099605,257.9639789331066,258.18402099609375,100109300
2020-04-21 00:00:00-04:00,253.72799788074695,254.9291074264228,249.40947658688037,250.34471130371094,126385700
2020-04-22 00:00:00-04:00,255.2134176368434,257.64314274626923,253.89310890173235,255.9010772705078,92951600
2020-04-23 00:00:00-04:00,257.17543239680975,260.33867676205836,255.58007157656192,255.88262939453125,104709700
2020-04-24 00:00:00-04:00,257.39560066112443,260.11873398584896,255.3509492350438,259.44940185546875,85063200
2020-04-27 00:00:00-04:00,261.4206455682229,264.3088100325091,260.9622058760842,263.1902160644531,77896600
2020-04-28 00:00:00-04:00,266.83019054311086,267.1786091367333,261.6773336103177,261.97991943359375,105270000
2020-04-29 00:00:00-04:00,267.2978148114988,270.36936598916276,266.27091449702925,268.8381652832031,118745600
2020-04-30 00:00:00-04:00,267.462857175173,268.9390474225819,264.60219818898923,266.3351135253906,122901700
2020-05-01 00:00:00-04:00,261.594889070107,266.50020001311435,258.11990791498647,259.28436279296875,125180000
2020-05-04 00:00:00-04:00,257.4046969992286,260.30203907180845,255.92853469244014,259.9994812011719,80873200
2020-05-05 00:00:00-04:00,262.8142792143297,265.2073206037957,260.12780177122573,262.40167236328125,79569900
2020-05-06 00:00:00-04:00,264.09793589455825,264.4830095523587,260.192020908388,260.6229553222656,73632600
2020-05-07 00:00:00-04:00,263.8319800050877,265.6932435927499,263.26351939914133,263.7677917480469,75250400
2020-05-08 00:00:00-04:00,266.8944094168429,268.5998195757135,265.7666377314456,268.1322021484375,76452400
2020-05-11 00:00:00-04:00,266.206792766085,269.5625751201923,265.7850360274315,268.187255859375,79514200
2020-05-12 00:00:00-04:00,269.37009800773325,269.78267708892804,262.70436460396604,262.8419189453125,95870800
2020-05-13 00:00:00-04:00,262.2825424788248,263.3186207708161,255.77269255804435,258.1932678222656,144721100
2020-05-14 00:00:00-04:00,255.76341829570492,261.4113685344945,250.29879909463915,261.28302001953125,121977900
2020-05-15 00:00:00-04:00,258.89919065123917,262.53002466488874,257.95480613821377,262.48419189453125,111146300
2020-05-18 00:00:00-04:00,268.6914141285281,272.0838780548613,268.3705288222218,270.4793395996094,119703800
2020-05-19 00:00:00-04:00,269.88344074536735,271.58882289589167,267.6829359139752,267.7012634277344,95189300
2020-05-20 00:00:00-04:00,271.2312398155431,273.1108311782877,271.00201999174817,272.24896240234375,85861700
2020-05-21 00:00:00-04:00,272.1205969507901,272.9274551573874,269.2782657160711,270.3693542480469,78293900
2020-05-22 00:00:00-04:00,270.0851928712047,271.05708287336876,268.84739998740986,270.88287353515625,63958200
2020-05-26 00:00:00-04:00,276.83335693039163,277.07175449936034,270.90114681308035,274.2202453613281,88951400
2020-05-27 00:00:00-04:00,277.00761167218025,278.33709805129075,272.1939946167621,278.3004150390625,104817400
2020-05-28 00:00:00-04:00,279.3273381718324,281.3353065447308,277.11765518674065,277.7869873046875,90405200
2020-05-29 00:00:00-04:00,277.31936982817837,279.61156861200794,274.57790903661964,279.0247802734375,119090800
2020-06-01 00:00:00-04:00,278.38295609279857,280.7576706979194,277.8695057987693,280.15252685546875,55758300
2020-06-02 00:00:00-04:00,281.069313365472,282.5179982006775,279.73985528660774,282.4721374511719,74267200
2020-06-03 00:00:00-04:00,284.4526057998422,287.1849160018017,284.17755322085765,286.2313537597656,92567600
2020-06-04 00:00:00-04:00,285.2503028822557,286.98321817364206,283.3890390401753,285.4795227050781,75794400
2020-06-05 00:00:00-04:00,290.86163222663976,294.56580447547407,290.79744395981476,292.7962341308594,150524700
2020-06-08 00:00:00-04:00,293.60313838658124,296.52798606844794,293.062182869184,296.33544921875,73641200
2020-06-09 00:00:00-04:00,293.67647298750563,296.4087837876376,292.8146040767573,294.1257629394531,77479200
2020-06-10 00:00:00-04:00,294.7033572907335,295.59273133209695,291.76933233464445,292.4844970703125,95000800
2020-06-11 00:00:00-04:00,285.57119193533765,286.2038408309795,275.0729417317749,275.623046875,209243600
2020-06-12 00:00:00-04:00,282.6188812960742,283.38905659074294,273.7801789307393,278.9238586425781,194678900
2020-06-15 00:00:00-04:00,273.24841147874247,282.65560386034076,272.07480686820895,281.52783203125,135782700
2020-06-16 00:00:00-04:00,289.25717919909346,289.403883289215,282.0963519368916,286.9466247558594,137627500
2020-06-17 00:00:00-04:00,287.9643213952654,288.25772952024136,285.02111835943526,285.754638671875,83398900
2020-06-18 00:00:00-04:00,284.2418487856552,286.341482886705,283.78340899366174,285.8647155761719,80828700
2020-06-19 00:00:00-04:00,289.32364222607004,289.5170263493881,282.2878438676283,284.2309875488281,135549600
2020-06-22 00:00:00-04:00,283.6323733290194,286.45036871018254,282.4904486423991,286.05438232421875,74649400
2020-06-23 00:00:00-04:00,288.6973956071107,289.627527981212,286.9660723422408,287.37127685546875,68471200
2020-06-24 00:00:00-04:00,285.3360276763805,285.95305250280444,278.20816137818287,280.040771484375,132813500
2020-06-25 00:00:00-04:00,279.4697872300513,283.3100111754416,277.45298321689944,283.0429382324219,89468000
2020-06-26 00:00:00-04:00,281.94708210428337,282.1589024781775,275.7401296700566,276.3202819824219,127961000
2020-06-29 00:00:00-04:00,277.57281410406017,280.51972333676997,275.28893626284633,280.381591796875,79773300
2020-06-30 00:00:00-04:00,279.9486930198918,285.6675903215087,279.792153347328,283.97308349609375,113394800
2020-07-01 00:00:00-04:00,285.087337333443,287.2238644355757,284.62688035991766,285.9621887207031,72396500
2020-07-02 00:00:00-04:00,289.38812818341444,290.73268342432607,286.8740498917253,287.537109375,69344200
2020-07-06 00:00:00-04:00,291.3495847273951,292.5559799310515,290.6036465664798,291.9757995605469,61713800
2020-07-07 00:00:00-04:00,290.43788464051073,292.4086261412663,288.58683836174674,288.96441650390625,82910000
2020-07-08 00:00:00-04:00,289.7288100254336,291.28515730964824,287.9698885921955,291.1746520996094,54638600
2020-07-09 00:00:00-04:00,291.78247001320926,292.0219167134949,286.10963481375455,289.51702880859375,83354200
2020-07-10 00:00:00-04:00,289.4525470058198,292.74021752489676,288.02514120267125,292.47314453125,57550400
2020-07-13 00:00:00-04:00,294.8123186633165,297.18826534712787,289.2868325014448,289.940673828125,102997500
2020-07-14 00:00:00-04:00,288.522406144319,294.4715320808562,287.32522893206374,293.6979675292969,93657000
2020-07-15 00:00:00-04:00,296.91194993690715,297.4921303782736,294.0202658653574,296.396240234375,87196500
2020-07-16 00:00:00-04:00,294.4991602617193,295.87131342816184,293.85450907927094,295.4200744628906,54622500
2020-07-17 00:00:00-04:00,296.4238694209868,297.0593024720893,294.45309952821765,296.2765197753906,62774900
2020-07-20 00:00:00-04:00,296.00938243299004,299.4167754994566,295.26344433587724,298.67083740234375,56308800
2020-07-21 00:00:00-04:00,300.6323928502155,301.07441359288947,298.3208896684092,299.3062744140625,57292200
2020-07-22 00:00:00-04:00,298.94711028029644,301.323084234717,298.8366050924752,301.00994873046875,57792900
2020-07-23 00:00:00-04:00,300.65081332964456,301.35071700630476,296.05546117826077,297.41839599609375,75738000
2020-07-24 00:00:00-04:00,295.56746146986495,296.5251921252175,294.00189588834417,295.50299072265625,73766600
2020-07-27 00:00:00-04:00,296.1936780663919,297.8329044364121,295.40167713485863,297.6579284667969,48293000
2020-07-28 00:00:00-04:00,296.93038292448483,298.04470943209714,295.4753507358692,295.7700500488281,57495000
2020-07-29 00:00:00-04:00,296.64488066256155,299.9693955729184,296.60803622504216,299.4076232910156,48454200
2020-07-30 00:00:00-04:00,296.44230479428404,298.7538086591065,294.3610576063959,298.3393859863281,61861700
2020-07-31 00:00:00-04:00,300.12590663768805,300.7981840639859,295.9173223565921,300.6968688964844,84986800
2020-08-03 00:00:00-04:00,302.3544922923563,303.5516692549566,301.811156402926,302.7873229980469,53077900
2020-08-04 00:00:00-04:00,301.9308868941844,303.9569091796875,301.9308868941844,303.9569091796875,41917900
2020-08-05 00:00:00-04:00,305.2554171505095,306.10267054186585,304.98834417548517,305.84478759765625,42697700
2020-08-06 00:00:00-04:00,305.264638297825,308.00894452980793,304.942312718452,307.88922119140625,43679400
2020-08-07 00:00:00-04:00,306.922272863609,308.3957411535914,306.0197668612782,308.1102600097656,57308300
2020-08-10 00:00:00-04:00,308.56148325207386,309.21532440909493,306.62755797641967,309.0311584472656,44282100
2020-08-11 00:00:00-04:00,310.21000563915504,310.84543879148185,305.7527835401026,306.48028564453125,69601100
2020-08-12 00:00:00-04:00,308.9114977995642,311.52689106243633,308.8838714944804,310.7533264160156,53774400
2020-08-13 00:00:00-04:00,309.98883457222433,311.4991469565095,309.270522807618,310.1914367675781,41816100
2020-08-14 00:00:00-04:00,309.8046363420722,310.73476833795564,309.07710652041897,310.20062255859375,47260400
2020-08-17 00:00:00-04:00,311.2136919707807,311.5820519648369,310.2098990427494,311.1860656738281,35481000
2020-08-18 00:00:00-04:00,311.58210731482745,312.2820111007127,309.98891563003593,311.8583984375,38733900
2020-08-19 00:00:00-04:00,312.23591780968894,312.7516274630557,309.9981032669653,310.55987548828125,68054200
2020-08-20 00:00:00-04:00,308.8377736301808,312.0057207368476,308.7088602558769,311.52685546875,42207800
2020-08-21 00:00:00-04:00,311.19527337116966,312.8529073408649,310.8545115814278,312.63189697265625,55106600
2020-08-24 00:00:00-04:00,315.0631480494956,315.87355700727335,312.604322979584,315.7998962402344,48588700
2020-08-25 00:00:00-04:00,316.36163229349035,316.9878471615432,315.2012714878101,316.90496826171875,38463400
2020-08-26 00:00:00-04:00,317.49438668215004,320.3491982017806,316.95105067989545,320.0821533203125,50790200
2020-08-27 00:00:00-04:00,320.94779884525434,322.2278548973866,319.1243787139967,320.7820129394531,58034100
2020-08-28 00:00:00-04:00,321.80426786042483,322.9830369399693,320.616280645361,322.8540954589844,48588900
2020-08-31 00:00:00-04:00,322.64226783208227,323.51711938437126,321.4542807471516,321.68450927734375,66099200
2020-09-01 00:00:00-04:00,322.5132963995055,324.81558148751446,321.6200086611954,324.71429443359375,54908700
2020-09-02 00:00:00-04:00,326.62058140555735,330.3778981673585,325.47862893248646,329.41094970703125,69540000
2020-09-03 00:00:00-04:00,327.7256539431089,328.19532906675,315.495917398797,318.0744934082031,148011100
2020-09-04 00:00:00-04:00,318.7559908966991,320.3215279500711,308.386489496312,315.4775390625,139156300
2020-09-08 00:00:00-04:00,310.08104920352173,315.5420924165605,306.553959764829,306.85784912109375,114465300
2020-09-09 00:00:00-04:00,310.8545829924272,315.37627517454166,309.98892137932586,312.9174499511719,91462300
2020-09-10 00:00:00-04:00,314.78688177765224,315.4407229555937,306.5262807206502,307.4840393066406,90569500
2020-09-11 00:00:00-04:00,309.2613511061483,310.32039660205055,304.8225388111135,307.6405334472656,84680200
2020-09-14 00:00:00-04:00,310.7992781526269,313.46073328485505,307.78789928384793,311.69256591796875,65605700
2020-09-15 00:00:00-04:00,314.14218543935834,314.9710024350509,311.70176891157143,313.267333984375,52920900
2020-09-16 00:00:00-04:00,314.50143147881846,315.92883731092843,311.74787878709503,312.024169921875,82096000
2020-09-17 00:00:00-04:00,307.18016277231743,310.9927613539666,306.65523489152685,309.27984619140625,91523300
2020-09-18 00:00:00-04:00,310.08323122180803,310.1941787550104,303.24119391420174,305.7191162109375,105877900
2020-09-21 00:00:00-04:00,301.142417821237,302.4645898682485,297.4717524188794,302.316650390625,99450800
2020-09-22 00:00:00-04:00,303.7960278580259,305.9503348545205,301.2903399000604,305.39556884765625,63612100
2020-09-23 00:00:00-04:00,305.9503536740996,306.22775080288056,297.8138791281714,298.31317138671875,93112200
2020-09-24 00:00:00-04:00,297.0001579503366,302.15941605078405,295.68721289484193,299.1082458496094,76681300
2020-09-25 00:00:00-04:00,298.25759348900306,304.72979648153216,297.38849504638966,303.94390869140625,71069400
2020-09-28 00:00:00-04:00,308.09544576444915,309.7042419499173,307.1061162454565,308.9923095703125,64584600
2020-09-29 00:00:00-04:00,308.78884527571864,309.52851442541044,306.616028350716,307.3094787597656,51304000
2020-09-30 00:00:00-04:00,307.97516755399596,312.78310129067506,307.78100935569034,309.63946533203125,104081100
2020-10-01 00:00:00-04:00,312.22836509125534,313.1991843917802,309.7504423645945,311.62738037109375,88698700
2020-10-02 00:00:00-04:00,306.69000965854815,311.59963625667905,306.2184543549931,308.66864013671875,89431100
2020-10-05 00:00:00-04:00,310.72123983393703,314.32717611812427,310.67502109585257,314.14227294921875,45713100
2020-10-06 00:00:00-04:00,314.28097349200937,316.37057974539914,309.16793362544905,309.67645263671875,90128900
2020-10-07 00:00:00-04:00,312.6259052380061,315.87126190492677,312.598168352672,315.0668640136719,56999600
2020-10-08 00:00:00-04:00,316.9992592418316,317.92385966066934,316.0838856399177,317.859130859375,45242500
2020-10-09 00:00:00-04:00,319.5049503113114,321.15999312657567,318.8854837702439,320.69769287109375,59528600
2020-10-12 00:00:00-04:00,323.2311624863126,327.3271369060572,322.74112523312164,325.8570251464844,80388500
2020-10-13 00:00:00-04:00,325.7183240365502,325.89400042178966,322.7688456316229,323.7304382324219,73255500
2020-10-14 00:00:00-04:00,324.30363883511666,325.39466069842285,320.96584443553525,321.6962585449219,57727900
2020-10-15 00:00:00-04:00,317.79452227619373,321.7795493315503,317.25826624569703,321.29876708984375,60357700
2020-10-16 00:00:00-04:00,322.6486204375523,324.30366342738694,320.9288768497177,321.10455322265625,89501900
2020-10-19 00:00:00-04:00,322.3620205940744,322.99074228284945,315.325822981665,316.2226867675781,68425600
2020-10-20 00:00:00-04:00,317.56336604517907,320.7255130289656,316.805214873939,317.4894104003906,60051900
2020-10-21 00:00:00-04:00,317.443073902537,319.6066638803036,316.5832022185799,316.8883361816406,63575000
2020-10-22 00:00:00-04:00,317.10106236922707,319.2091509309516,314.96523691392366,318.62664794921875,55399300
2020-10-23 00:00:00-04:00,319.8470889921267,319.9025627725712,317.25821851614603,319.7084045410156,49143900
2020-10-26 00:00:00-04:00,316.333567187947,317.1194832403807,310.31440902526583,313.8001708984375,91473000
2020-10-27 00:00:00-04:00,314.142337779827,314.4751804824875,312.5057765086921,312.71844482421875,65994100
2020-10-28 00:00:00-04:00,307.059827691063,312.7461150486337,301.5399616493468,302.0299987792969,127094300
2020-10-29 00:00:00-04:00,302.26114022168764,308.2617881868608,300.57836060996675,305.09967041015625,90597700
2020-10-30 00:00:00-04:00,303.52789396877716,304.8315842442729,298.27616915749184,301.9190979003906,120287300
2020-11-02 00:00:00-05:00,305.3031311035156,307.3002435800331,302.566292996373,305.3031311035156,86068300
2020-11-03 00:00:00-05:00,308.5300107397287,312.7461876866935,305.38637399387943,310.6935729980469,93294200
2020-11-04 00:00:00-05:00,315.1593778065313,321.7055664962755,313.9851450876126,317.6373291015625,126959700
2020-11-05 00:00:00-05:00,322.9074612913422,325.63504398286517,322.55610859572175,323.8320617675781,82039700
2020-11-06 00:00:00-05:00,323.5454494007083,325.0063340064699,321.4373613684711,323.75811767578125,74973000
2020-11-09 00:00:00-05:00,336.52684917649657,336.9059387720614,327.36405472488747,327.82635498046875,172304200
2020-11-10 00:00:00-05:00,326.83694242039314,328.3995191436152,324.0816516574695,327.3454895019531,85552000
2020-11-11 00:00:00-05:00,329.5275920192219,330.60013191836515,328.2886308124271,329.7772521972656,58649000
2020-11-12 00:00:00-05:00,328.76945432758134,329.8235125087104,324.7752013576145,326.5781555175781,67546200
2020-11-13 00:00:00-05:00,328.48276092245214,331.83906475599196,327.9649869763122,331.0993957519531,62892200
2020-11-16 00:00:00-05:00,333.76224964666625,335.4265190156994,332.4770415964014,335.23236083984375,74541100
2020-11-17 00:00:00-05:00,332.82848911220765,334.63147162301595,331.3213855742676,333.4294738769531,66111000
2020-11-18 00:00:00-05:00,333.69765395560677,334.2431650021247,329.37975611691144,329.416748046875,70591300
2020-11-19 00:00:00-05:00,328.7878754134838,331.17333179461673,327.4471936792584,330.8034973144531,59940900
2020-11-20 00:00:00-05:00,330.5447258643978,330.7481391320541,328.4643744428736,328.538330078125,70417300
2020-11-23 00:00:00-05:00,330.34126910985094,331.7651617960009,328.1129784945893,330.5076904296875,63230600
2020-11-24 00:00:00-05:00,333.0503176608031,336.37888489880055,332.1997010545498,335.8333740234375,62415900
2020-11-25 00:00:00-05:00,335.75020670349176,335.77794359169803,334.2246214190069,335.3156433105469,45330900
2020-11-27 00:00:00-05:00,336.4066780190502,336.7210388362217,335.24167223686067,336.24951171875,28514100
2020-11-30 00:00:00-05:00,335.4727659225405,335.7409079513326,332.0887531357319,334.7608337402344,83872700
2020-12-01 00:00:00-05:00,338.00618794494244,339.9570813197066,337.4144301223281,338.4222412109375,74231400
2020-12-02 00:00:00-05:00,337.3127825968703,339.2914131198718,336.73953476512753,339.1342468261719,45927000
2020-12-03 00:00:00-05:00,339.03252352963375,340.4286793920205,337.94150165059074,339.0417785644531,62882000
2020-12-04 00:00:00-05:00,339.62432345507125,341.96356201171875,339.53185774514355,341.96356201171875,50749900
2020-12-07 00:00:00-05:00,341.1960744141505,341.75084037057263,339.99410502237635,341.26080322265625,48944300
2020-12-08 00:00:00-05:00,339.9941470862278,342.82342277579136,339.94792834104476,342.2594299316406,42458900
2020-12-09 00:00:00-05:00,342.9158669849853,343.0730332820125,338.3575929060704,339.1897277832031,74098300
2020-12-10 00:00:00-05:00,337.8212640589187,340.1235101648178,336.9521373730438,339.0787353515625,57735400
2020-12-11 00:00:00-05:00,337.38674768616795,339.08800937588853,335.8704174000004,338.6811828613281,57698600
2020-12-14 00:00:00-05:00,340.8447147774003,341.91722644158915,336.98911858351033,337.164794921875,69216200
2020-12-15 00:00:00-05:00,339.6982365511047,341.7231140136719,338.329845795208,341.7231140136719,63865300
2020-12-16 00:00:00-05:00,341.9358140656428,343.17477553221346,341.05743217458746,342.2594299316406,58420500
2020-12-17 00:00:00-05:00,343.8959404400441,344.3767225815223,343.07303238358134,344.1733093261719,64119500
2020-12-18 00:00:00-05:00,344.461170106029,344.62830083764095,340.79341847573585,342.799072265625,136542300
2020-12-21 00:00:00-05:00,338.8898629814059,351.41588135786776,336.15994813580005,341.5733337402344,96386700
2020-12-22 00:00:00-05:00,341.8983673411588,342.0097878229692,339.87415302334546,340.9976806640625,47949000
2020-12-23 00:00:00-05:00,341.9633643931626,343.20760697353194,340.979112376798,341.3041076660156,46201400
2020-12-24 00:00:00-05:00,341.7776869993081,342.6598131310871,341.19272941054123,342.6319580078125,26457900
2020-12-28 00:00:00-05:00,345.1760534669629,345.9653195129683,344.5539464489038,345.5753479003906,39000400
2020-12-29 00:00:00-05:00,347.09821664709926,347.27464186044676,344.3311518128284,344.9161376953125,53680500
2020-12-30 00:00:00-05:00,345.7332289197448,346.4389297116673,345.0182619794542,345.4082336425781,49455300
2020-12-31 00:00:00-05:00,345.2133252792332,347.8875306310018,344.7026385411162,347.16326904296875,78520700
2021-01-04 00:00:00-05:00,348.49106429337866,348.62107376333165,338.75066866047587,342.4369812011719,110210800
2021-01-05 00:00:00-05:00,341.7962685644844,345.8818471316903,341.7498244688002,344.7954406738281,66426200
2021-01-06 00:00:00-05:00,343.291214067815,350.04173174075373,342.74337775337597,346.8568115234375,107997700
2021-01-07 00:00:00-05:00,349.22459781978796,352.75304553896814,349.0481726001441,352.0102233886719,68766800
2021-01-08 00:00:00-05:00,353.3937336428552,354.22941562712896,350.1531317059406,354.015869140625,71677200
2021-01-11 00:00:00-05:00,350.8495752953006,353.384476638568,350.72886031003054,351.6295471191406,51034700
2021-01-12 00:00:00-05:00,351.81515363311456,352.7158118155588,349.46591609355505,351.7037048339844,52547700
2021-01-13 00:00:00-05:00,351.62950774382404,353.64442764556827,350.8495360073249,352.6509094238281,45303600
2021-01-14 00:00:00-05:00,353.39375334288167,353.8951738961369,351.08169311224,351.41595458984375,49989100
2021-01-15 00:00:00-05:00,349.800282405299,350.59881478443,346.9960962553196,348.8531799316406,107160000
2021-01-19 00:00:00-05:00,351.3045005009363,352.13091630295105,349.8281224423444,351.59234619140625,51233300
2021-01-20 00:00:00-05:00,353.876603510318,357.2936593696755,353.4866317659634,356.4579772949219,61836100
2021-01-21 00:00:00-05:00,357.0150334029827,357.44218304043847,355.86365062010475,356.78289794921875,47840100
2021-01-22 00:00:00-05:00,354.93503377752586,356.6806965547213,354.5543283134063,355.52001953125,52860500
2021-01-25 00:00:00-05:00,356.25368989697324,357.2750633365752,351.4159661050598,356.9222412109375,70402000
2021-01-26 00:00:00-05:00,357.8693456849632,358.2779063977357,356.1329768241054,356.3651123046875,42665300
2021-01-27 00:00:00-05:00,353.05019098865546,353.1430508430368,345.4268701693278,347.6553649902344,123351100
2021-01-28 00:00:00-05:00,349.46593655582046,354.6379205656578,349.02954916525357,350.64520263671875,94198100
2021-01-29 00:00:00-05:00,348.7882096621224,349.7539012035363,341.9541263228981,343.6255187988281,126765100
2021-02-01 00:00:00-05:00,347.01468762606163,350.3760048440203,343.91336101234145,349.3453369140625,75817600
2021-02-02 00:00:00-05:00,352.52090191367535,355.83580306474755,349.42887007201125,354.2851257324219,64450700
2021-02-03 00:00:00-05:00,355.11152644432576,356.2814981741382,353.2915924599428,354.5636901855469,52427100
2021-02-04 00:00:00-05:00,355.59439688401244,358.64001317221204,354.6751494739212,358.5935974121094,47142600
2021-02-05 00:00:00-05:00,360.4599791681368,360.710675281438,358.54718510912704,360.0049743652344,48669800
2021-02-08 00:00:00-05:00,361.4534473259199,362.6512741525483,360.59920475972706,362.6048583984375,38365200
2021-02-09 00:00:00-05:00,361.769153490128,362.95771418565323,361.3606211720995,362.3634338378906,35551100
2021-02-10 00:00:00-05:00,364.09986093308623,364.24843104388964,359.81000170472225,362.20562744140625,59154400
2021-02-11 00:00:00-05:00,363.28265332168206,363.700508430255,360.3670470571915,362.79052734375,42913300
2021-02-12 00:00:00-05:00,361.99209312046787,364.8241347977366,361.9177938941386,364.5827331542969,50593300
2021-02-16 00:00:00-05:00,365.80828939947554,366.0033035639086,363.5519398125603,364.26690673828125,50972400
2021-02-17 00:00:00-05:00,362.52129645099154,364.6012209832248,361.5091609681263,364.35052490234375,52290600
2021-02-18 00:00:00-05:00,361.7505480599932,363.542626693373,360.0327402924635,362.7998046875,59712800
2021-02-19 00:00:00-05:00,364.0532903030635,364.34113591503007,361.71334747438164,362.1590576171875,83241000
2021-02-22 00:00:00-05:00,359.401420796986,361.77848576262124,359.1042805920692,359.3735656738281,67414200
2021-02-23 00:00:00-05:00,357.1729115862207,361.15636405887625,353.0316228676275,359.8099670410156,107284100
2021-02-24 00:00:00-05:00,358.7235110381606,364.2019298681405,357.7392590796617,363.7747802734375,72433900
2021-02-25 00:00:00-05:00,362.51206472788135,363.87702252268934,353.5702012493284,355.0094299316406,146670500
2021-02-26 00:00:00-05:00,356.88510798823404,358.02719646343246,351.20243572701213,353.1802062988281,152701600
2021-03-01 00:00:00-05:00,358.0363693607086,362.9855121953321,353.37510050582176,361.7412414550781,105348800
2021-03-02 00:00:00-05:00,361.9641644974679,362.19629994312015,358.41712808705853,358.9185485839844,79595300
2021-03-03 00:00:00-05:00,358.22212100889243,359.1877840030245,354.06224386816876,354.1643981933594,119940200
2021-03-04 00:00:00-05:00,353.9787373865895,356.5600826850542,345.3061596092031,349.78173828125,183433000
2021-03-05 00:00:00-05:00,353.27297148908974,357.26571784913307,346.01179684391315,356.2164611816406,152039600
2021-03-08 00:00:00-05:00,357.1728776946545,359.9770636155982,354.1644114525265,354.4429626464844,123149200
2021-03-09 00:00:00-05:00,358.27788847962165,362.04776622878813,357.77646793232316,359.5035705566406,113633600
2021-03-10 00:00:00-05:00,361.8433957711477,363.43119404918576,360.43202267254077,361.7412414550781,109899400
2021-03-11 00:00:00-05:00,364.201964598063,367.3775617218999,363.7469598417814,365.4090576171875,86245000
2021-03-12 00:00:00-05:00,364.0534253078508,366.04049021562264,363.2455983981242,365.9012145996094,64653600
2021-03-15 00:00:00-04:00,366.151838816547,368.3432119800072,364.0162042253978,368.0832214355469,73427200
2021-03-16 00:00:00-04:00,368.6960693202915,369.401741761804,366.84825201962127,367.61895751953125,73722500
2021-03-17 00:00:00-04:00,366.3375684287189,369.67102984650717,365.19545189698175,368.87249755859375,97959300
2021-03-18 00:00:00-04:00,366.2911796002453,368.37110416522074,362.8277084837041,363.50555419921875,115349100
2021-03-19 00:00:00-04:00,363.205513182998,364.77989041785,360.6622818583176,362.8328857421875,113624500
2021-03-22 00:00:00-04:00,363.3453133880508,367.10891663764517,363.28942068287944,365.73016357421875,73778600
2021-03-23 00:00:00-04:00,365.096619429753,366.54056140133423,362.0689753225367,362.85150146484375,90686600
2021-03-24 00:00:00-04:00,364.2489379839986,365.87920816679144,360.9604512667513,361.00701904296875,97588600
2021-03-25 00:00:00-04:00,359.5723525170637,363.8296644620866,357.6346443016574,363.037841796875,116128600
2021-03-26 00:00:00-04:00,364.18379370268866,369.2888795951097,363.5875952706098,368.8883056640625,114409100
2021-03-29 00:00:00-04:00,367.41640649152026,369.6056326861167,365.93519262274987,368.7019958496094,108107600
2021-03-30 00:00:00-04:00,367.43499693096027,368.39452632963565,366.13075792489735,367.7237854003906,76262200
2021-03-31 00:00:00-04:00,368.2920667610857,370.7700812685605,368.26412040470916,369.2143249511719,112734200
2021-04-01 00:00:00-04:00,371.14265609357545,373.25736766767085,370.93770669938243,373.2014465332031,99682900
2021-04-05 00:00:00-04:00,375.8564897892532,379.09840904135075,375.7819756542243,378.5580749511719,91684800
2021-04-06 00:00:00-04:00,377.9990859414913,379.3778104361055,377.66370131465686,378.3344421386719,62021000
2021-04-07 00:00:00-04:00,378.16678511784755,379.1169894924743,377.7103185696919,378.7723083496094,55836300
2021-04-08 00:00:00-04:00,380.0206514166771,380.626174688792,379.089068404298,380.5702819824219,57863100
2021-04-09 00:00:00-04:00,380.44924276681104,383.5048342531352,380.3281324128653,383.3371276855469,61104600
2021-04-12 00:00:00-04:00,382.74084817389485,383.7469452179368,382.13532496213276,383.476806640625,56704900
2021-04-13 00:00:00-04:00,383.3743798281407,385.2375459689583,382.992427357714,384.6133728027344,56551000
2021-04-14 00:00:00-04:00,384.58539585907903,385.63808919365846,382.7595011466084,383.2998352050781,61659900
2021-04-15 00:00:00-04:00,385.4331734470441,387.68761700399335,385.3866056650256,387.4174499511719,60229800
2021-04-16 00:00:00-04:00,388.7029248303344,389.31777289231314,387.2869292034339,388.7122497558594,82037300
2021-04-19 00:00:00-04:00,387.78069983654575,388.22784142524785,385.4796889791716,386.8025207519531,78498500
2021-04-20 00:00:00-04:00,385.59152639170094,386.6907875184191,382.4986639809094,383.9705810546875,81851800
2021-04-21 00:00:00-04:00,383.35574340510965,387.808709170284,383.2159832062883,387.603759765625,66793000
2021-04-22 00:00:00-04:00,387.43604432459205,388.2651383615414,383.0017004125384,384.0636901855469,97582800
2021-04-23 00:00:00-04:00,384.6226230049808,389.63454349879055,384.548108882875,388.22784423828125,73209200
2021-04-26 00:00:00-04:00,388.8800379124394,389.60667156779255,388.2931360312582,389.03839111328125,52182400
2021-04-27 00:00:00-04:00,389.3365118024942,389.5321647196547,387.81802682554365,388.9545593261719,51303100
2021-04-28 00:00:00-04:00,389.2246648182536,390.342575715046,388.3769209336228,388.84271240234375,51238900
2021-04-29 00:00:00-04:00,391.5629909520302,391.93561848281814,387.9484442011052,391.3207702636719,78544300
2021-04-30 00:00:00-04:00,389.05704160482367,389.9047856090629,387.85529148566474,388.7496032714844,85527000
2021-05-03 00:00:00-04:00,390.7338415630485,391.1157939955126,389.0942748542552,389.5880126953125,68128300
2021-05-04 00:00:00-04:00,387.6037940867692,388.0975320013042,383.504834060297,387.1845703125,101591200
2021-05-05 00:00:00-04:00,388.8241183887439,389.0570141395226,386.7466780571217,387.3056335449219,60162200
2021-05-06 00:00:00-04:00,387.38008968955535,390.5288443174939,385.3771922186021,390.3984375,74321400
2021-05-07 00:00:00-04:00,391.16239525650957,393.8919265936675,390.4823294392389,393.23980712890625,67733800
2021-05-10 00:00:00-04:00,393.59381081117,393.81738162988034,389.2246843410474,389.3457946777344,81852400
2021-05-11 00:00:00-04:00,384.8368673639602,386.85838615611584,382.00484764015937,385.87091064453125,116888000
2021-05-12 00:00:00-04:00,383.09482312490945,384.36176214635805,376.3594689289566,377.6730041503906,134811000
2021-05-13 00:00:00-04:00,379.2194656575238,384.1382223326197,379.17286945378146,382.2098388671875,106394000
2021-05-14 00:00:00-04:00,384.9393967974584,388.9265708311616,384.9114504451291,388.0788269042969,82201600
2021-05-17 00:00:00-04:00,386.97025720812496,387.9018401628468,385.07911651757036,387.0913391113281,65129200
2021-05-18 00:00:00-04:00,387.3521831986254,387.59440386559174,383.597905008926,383.75628662109375,59810200
2021-05-19 00:00:00-04:00,379.07974196431326,382.92715562063444,377.5985000735296,382.7501525878906,106467100
2021-05-20 00:00:00-04:00,383.62593921049927,388.1255018560077,383.5048572789442,386.86785888671875,78022200
2021-05-21 00:00:00-04:00,388.3490042918943,389.5880256140857,386.0945893314259,386.5510559082031,76578700
2021-05-24 00:00:00-04:00,388.7868254622032,391.56295289159766,388.544604797389,390.49163818359375,51376700
2021-05-25 00:00:00-04:00,391.572218425638,391.9262244678643,389.0476367876896,389.6252136230469,57451400
2021-05-26 00:00:00-04:00,390.2121095554055,390.9014717770301,389.1780662229686,390.3984375,43088600
2021-05-27 00:00:00-04:00,391.4232522007512,391.9356114927395,390.3239626244938,390.60345458984375,56707700
2021-05-28 00:00:00-04:00,392.1684587891069,392.42930086674016,391.069197778342,391.3020935058594,58520200
2021-06-01 00:00:00-04:00,393.65901283958925,393.7987445957446,390.5195828561252,390.9574279785156,54216600
2021-06-02 00:00:00-04:00,391.60953690489885,392.4107130596126,390.6034397848831,391.572265625,49097100
2021-06-03 00:00:00-04:00,389.2619476298755,391.2555203916502,387.79935555163786,390.1189880371094,58138800
2021-06-04 00:00:00-04:00,391.9635773504691,393.985125124761,390.1842502722685,393.68701171875,55938800
2021-06-07 00:00:00-04:00,393.6776201553933,393.85462318339853,392.37340976192394,393.30499267578125,51555000
2021-06-08 00:00:00-04:00,394.162117490748,394.2552814880263,391.563021073544,393.388916015625,47134300
2021-06-09 00:00:00-04:00,394.2272923071258,394.3018348687151,392.57840061009364,392.8019714355469,48436300
2021-06-10 00:00:00-04:00,394.0222844350054,395.57804034366546,392.7087491710795,394.6278076171875,51020100
2021-06-11 00:00:00-04:00,395.1775688004502,395.39181472194224,393.89197955285624,395.280029296875,45570800
2021-06-14 00:00:00-04:00,395.3918091672138,396.2674995574854,394.1528161505777,396.1650390625,42358500
2021-06-15 00:00:00-04:00,396.3140447697688,396.3512876197017,394.56266421460623,395.4383544921875,51508500
2021-06-16 00:00:00-04:00,395.57807599910893,395.8016468115362,391.19032822728997,393.23046875,80386100
2021-06-17 00:00:00-04:00,392.82060361942723,394.0782178856841,390.63137795315737,393.1000671386719,90949700
2021-06-18 00:00:00-04:00,389.82509911514796,390.51671667728624,387.5913466663332,387.7969665527344,118676300
2021-06-21 00:00:00-04:00,389.55403474074245,393.53557034735695,388.7409106571749,393.3486328125,72822000
2021-06-22 00:00:00-04:00,393.339353041914,396.28343417143736,392.61966911686017,395.45159912109375,57700300
2021-06-23 00:00:00-04:00,395.52640432656335,396.33017311106846,394.8908622379778,394.9749755859375,49445400
2021-06-24 00:00:00-04:00,397.115319978314,397.7321512462469,396.86295139148933,397.31158447265625,45110300
2021-06-25 00:00:00-04:00,398.0592899281921,399.1715029679371,397.73216341250156,398.7228698730469,58129500
2021-06-28 00:00:00-04:00,399.2462335097463,399.69483801915226,398.04990728021846,399.526611328125,53159600
2021-06-29 00:00:00-04:00,399.9098954267207,400.5454376272428,399.20892221426084,399.7416687011719,35970500
2021-06-30 00:00:00-04:00,399.28353069746186,400.7509075851133,399.2554929203643,400.0779724121094,64827900
2021-07-01 00:00:00-04:00,400.83506919032,402.4519905914438,400.76963819499144,402.2930908203125,53441000
2021-07-02 00:00:00-04:00,403.45209077508554,405.72323677808726,402.37724253484845,405.3680725097656,57697700
2021-07-06 00:00:00-04:00,405.4241415803903,405.6391169295271,401.9005937821132,404.62969970703125,68710400
2021-07-07 00:00:00-04:00,405.3119077621989,406.3400071225295,403.3024576849441,406.0596008300781,63549500
2021-07-08 00:00:00-04:00,400.75088402251015,403.5080555398632,399.57324040832856,402.7510070800781,97595200
2021-07-09 00:00:00-04:00,404.25584763381096,407.349473214676,402.55481277928465,407.0503845214844,76238600
2021-07-12 00:00:00-04:00,406.9662877159468,408.76079142536776,406.53636552867664,408.5084228515625,52889600
2021-07-13 00:00:00-04:00,407.72328794262097,409.2187027689948,406.85408823599073,407.11578369140625,52911300
2021-07-14 00:00:00-04:00,408.80744158086895,409.2934677745335,406.48022038406873,407.7232666015625,64130400
2021-07-15 00:00:00-04:00,406.38676403559714,407.0596992666777,404.43338933545084,406.3306884765625,55126400
2021-07-16 00:00:00-04:00,407.50829208648764,407.55501220685557,402.75102581295585,403.1435546875,75874700
2021-07-19 00:00:00-04:00,398.3302836206056,403.20905730096297,394.38614069493224,397.1900329589844,147987000
2021-07-20 00:00:00-04:00,397.85357937142714,404.15300952398457,397.05913759218004,402.88189697265625,99608200
2021-07-21 00:00:00-04:00,404.0782727663207,406.28401626491234,402.83522636423976,406.143798828125,64724400
2021-07-22 00:00:00-04:00,406.3213884076943,407.23733686784163,405.34003746820474,406.99432373046875,47878500
2021-07-23 00:00:00-04:00,408.91960818789283,411.51788035862415,408.2373460404216,411.1814270019531,63766600
2021-07-26 00:00:00-04:00,410.5926766830411,412.200242886932,410.54595654958047,412.1908874511719,43719200
2021-07-27 00:00:00-04:00,411.15341783224966,411.1814556139232,407.48965273178777,410.312255859375,67397100
2021-07-28 00:00:00-04:00,410.9384237416545,411.51789021824817,408.72335352250394,410.14398193359375,52472400
2021-07-29 00:00:00-04:00,411.06927031045103,412.91982079238494,411.05991487644866,411.8450012207031,47435300
2021-07-30 00:00:00-04:00,409.28415602981516,411.29360644207577,409.1532940336554,409.8449401855469,68951200
2021-08-02 00:00:00-04:00,411.5552501136449,412.10667876520074,408.6298516644557,408.9850158691406,58783300
2021-08-03 00:00:00-04:00,409.7795364098606,412.4338844991458,407.5925037276187,412.3123779296875,58053900
2021-08-04 00:00:00-04:00,411.0319645301903,412.2843664783354,410.0506135217893,410.2842712402344,46732200
2021-08-05 00:00:00-04:00,411.4431375086628,412.96659014888616,411.12536648595767,412.8824768066406,38969700
2021-08-06 00:00:00-04:00,413.20023664333985,413.9853230057107,412.9198303207797,413.5647277832031,46930000
2021-08-09 00:00:00-04:00,413.5366870620658,413.85445807390835,412.46186747322616,413.228271484375,41222600
2021-08-10 00:00:00-04:00,413.6768480634151,414.45260745639985,412.99458596031207,413.7422790527344,43339300
2021-08-11 00:00:00-04:00,414.8077789542653,414.86385451105014,413.6862107732414,414.7703857421875,44034300
2021-08-12 00:00:00-04:00,414.62089804805976,416.15370620330873,413.72366049428854,416.01348876953125,38909400
2021-08-13 00:00:00-04:00,416.46212471839107,416.7892511950456,415.9761269822574,416.77056884765625,39470300
2021-08-16 00:00:00-04:00,415.4713301600155,417.8826645039691,413.91983997608867,417.7518310546875,73740000
2021-08-17 00:00:00-04:00,415.2003978250957,415.87333317500145,412.032014089514,415.01348876953125,92673900
2021-08-18 00:00:00-04:00,414.00409506381163,415.5649412152269,410.2282067679095,410.47119140625,89351900
2021-08-19 00:00:00-04:00,407.7513683082851,412.30304425730367,407.6111793930043,411.106689453125,92812200
2021-08-20 00:00:00-04:00,411.45252871527185,414.7050256555393,410.96650244315384,414.3778991699219,72008700
2021-08-23 00:00:00-04:00,416.0601886079049,418.92951158354134,414.4526227295589,418.0229187011719,54973000
2021-08-24 00:00:00-04:00,418.6864929199219,419.2192392352231,418.17245747210313,418.6864929199219,38744700
2021-08-25 00:00:00-04:00,418.87350683269574,420.0791600532625,418.49963168684314,419.56512451171875,40529700
2021-08-26 00:00:00-04:00,419.2847079423929,419.5183656415265,416.99487960448477,417.0883483886719,57829600
2021-08-27 00:00:00-04:00,417.8921060042868,421.19135148689224,417.83603043980827,420.8175048828125,77235100
2021-08-30 00:00:00-04:00,421.49047733469286,423.4532078324658,421.2474641854184,422.6681213378906,48357400
2021-08-31 00:00:00-04:00,422.57455539172196,422.91100873089704,421.4436603048322,422.04180908203125,59300200
2021-09-01 00:00:00-04:00,422.9764722664043,423.4905077483613,422.03248612109024,422.2661437988281,48721400
2021-09-02 00:00:00-04:00,423.686814177093,424.36907636322894,422.3689814101181,423.5653076171875,42501000
2021-09-03 00:00:00-04:00,422.4344228744772,423.9765579301553,422.0325099688313,423.4624938964844,47170500
2021-09-07 00:00:00-04:00,423.1166832249812,423.2101520054819,421.27545948751975,421.9483947753906,51671500
2021-09-08 00:00:00-04:00,421.41564382630884,422.1446546206983,419.51831615140816,421.434326171875,56181900
2021-09-09 00:00:00-04:00,421.2381203442714,422.98587540724486,419.3875410597101,419.63055419921875,57970400
2021-09-10 00:00:00-04:00,421.5558988174952,421.9764655786585,416.2004538773262,416.32196044921875,89948200
2021-09-13 00:00:00-04:00,419.31278639177305,419.57448188147487,415.07888137909265,417.3874206542969,83738600
2021-09-14 00:00:00-04:00,418.82678462131764,419.032404555451,414.24709902216927,415.135009765625,78197100
2021-09-15 00:00:00-04:00,415.55554197274927,419.0978006931455,414.45268447355176,418.6024475097656,78792200
2021-09-16 00:00:00-04:00,418.0790622084627,419.05105771787464,414.99476341128366,417.9388732910156,77786700
2021-09-17 00:00:00-04:00,417.16810338516024,417.5900174422534,413.5113432060983,413.8676452636719,118425000
2021-09-20 00:00:00-04:00,407.75436793021106,409.3295710757895,402.10984707082173,406.9667663574219,166445500
2021-09-21 00:00:00-04:00,409.30141250201683,410.59533949300106,406.0572382327374,406.5823059082031,92526100
2021-09-22 00:00:00-04:00,408.85136298150707,412.5831207202877,406.69483696311266,410.5484619140625,102350100
2021-09-23 00:00:00-04:00,412.41434258074156,417.1399803704705,412.17993634176355,415.53662109375,76396000
2021-09-24 00:00:00-04:00,413.90516505538227,416.9337039803391,413.6895010133059,416.2210998535156,62094800
2021-09-27 00:00:00-04:00,415.1897452245322,416.35239112758217,414.33650299714867,415.0303649902344,61371100
2021-09-28 00:00:00-04:00,412.26433994291904,412.59251441684535,405.93537117136833,406.6667175292969,130436300
2021-09-29 00:00:00-04:00,408.045029638689,409.77964162679973,406.7886155612909,407.3511962890625,82329200
2021-09-30 00:00:00-04:00,408.82330398006496,409.52652283633495,402.03490711070083,402.3724670410156,140506000
2021-10-01 00:00:00-04:00,404.0976586371233,408.8326537442385,400.58156466232106,407.154296875,129240100
2021-10-04 00:00:00-04:00,405.9916262485337,406.89173823936943,399.7657824946463,401.9035949707031,128570000
2021-10-05 00:00:00-04:00,403.4037658375677,408.3262970264828,402.6068074886927,406.08538818359375,90682500
2021-10-06 00:00:00-04:00,402.49426854273986,407.97938044868795,400.8721956255004,407.7731018066406,113032200
2021-10-07 00:00:00-04:00,411.0453745390407,414.1301397145414,410.86722352719846,411.29852294921875,72437500
2021-10-08 00:00:00-04:00,412.06743842451107,412.45186810178103,409.92026919841044,410.5484619140625,74557400
2021-10-11 00:00:00-04:00,409.89216791478833,412.79881127574237,407.5105922896659,407.57623291015625,65233300
2021-10-12 00:00:00-04:00,408.4950853785661,408.89825725037673,405.7853354665387,406.57293701171875,71181200
2021-10-13 00:00:00-04:00,407.5949901170963,408.85140428938456,404.62273464026305,408.0356750488281,72974000
2021-10-14 00:00:00-04:00,411.6923881563111,415.04910180856405,411.2235756383798,414.8990783691406,70236800
2021-10-15 00:00:00-04:00,417.0087329506892,418.42455590539737,416.38989699593026,418.0588684082031,66260200
2021-10-18 00:00:00-04:00,416.27735526871015,419.6340400404351,415.621006350095,419.2965087890625,62213200
2021-10-19 00:00:00-04:00,420.91862541650084,422.59695355572194,420.3091462784129,422.5313415527344,46996800
2021-10-20 00:00:00-04:00,422.99078957769177,424.49099536699856,422.8782791509517,424.1909484863281,49571600
2021-10-21 00:00:00-04:00,423.5908483463569,425.5223536137635,423.1595488456662,425.2973327636719,41305400
2021-10-22 00:00:00-04:00,424.8660748608127,426.3100255563803,422.91579858892055,424.856689453125,58845100
2021-10-25 00:00:00-04:00,425.9442668817109,427.4632147429343,424.17217058163135,427.1350402832031,45214500
2021-10-26 00:00:00-04:00,428.68217522735085,429.89169091412384,427.1444564431734,427.5195007324219,56075100
2021-10-27 00:00:00-04:00,427.97890546543795,428.6446111455954,425.5504317463337,425.6254577636719,72438000
2021-10-28 00:00:00-04:00,427.05073806133873,429.80735826082883,427.04138126749586,429.73236083984375,51437900
2021-10-29 00:00:00-04:00,427.43501062705,430.8948484089836,427.1443492297852,430.60418701171875,70162400
2021-11-01 00:00:00-04:00,431.5887642564896,431.96383713747196,429.61977470154915,431.3450012207031,48433600
2021-11-02 00:00:00-04:00,431.51378609797507,433.398421537022,431.38250486096626,433.0889892578125,48908400
2021-11-03 00:00:00-04:00,432.52643344894864,436.1362956921223,432.0857485213813,435.7331237792969,52509800
2021-11-04 00:00:00-04:00,436.3332239148404,437.87094288799125,435.98630718930116,437.78656005859375,52847100
2021-11-05 00:00:00-04:00,440.0087303388537,441.29327221929213,437.7959487141084,439.3055114746094,66390600
2021-11-08 00:00:00-05:00,440.4024399467041,440.8993800137787,438.99600255528054,439.6804504394531,50405200
2021-11-09 00:00:00-05:00,440.0461369788913,440.28054321030675,436.8207049454919,438.2271423339844,51149100
2021-11-10 00:00:00-05:00,436.53945827784827,438.2272005366199,433.2202862022842,434.70172119140625,69429700
2021-11-11 00:00:00-05:00,436.1924978999976,436.2675239203641,434.8235734757579,434.8423156738281,34848500
2021-11-12 00:00:00-05:00,436.1081050332003,438.67718819768925,435.161094692695,438.1239929199219,53466700
2021-11-15 00:00:00-05:00,439.40859470618256,439.56797493267015,437.14891501750157,438.2740478515625,46980500
2021-11-16 00:00:00-05:00,438.01155150607127,441.14321584749956,437.93655408966225,440.0086975097656,48857500
2021-11-17 00:00:00-05:00,439.7461325975495,439.9242836397509,438.3209528739824,438.9397888183594,47858300
2021-11-18 00:00:00-05:00,439.97114731825366,440.69313688366196,437.25204053194824,440.43060302734375,50625600
2021-11-19 00:00:00-05:00,440.31803734544474,441.5650945480242,439.2772873896782,439.6429748535156,57315600
2021-11-22 00:00:00-05:00,441.518225650883,444.00292604113224,438.1990253218852,438.4053039550781,72762000
2021-11-23 00:00:00-05:00,438.0771968516729,439.83993660377723,435.47998564656854,438.9866943359375,73206500
2021-11-24 00:00:00-05:00,436.98945366666055,440.28052618496287,436.17372459112534,440.15863037109375,61858800
2021-11-26 00:00:00-05:00,433.50152742675596,434.96422009835896,429.21657442443677,430.34173583984375,112669600
2021-11-29 00:00:00-05:00,435.1236348523177,437.4583119148909,432.92959581507233,435.6205749511719,86268800
2021-11-30 00:00:00-05:00,433.1827469437874,435.08612453579684,426.90064804249147,427.1444396972656,148559600
2021-12-01 00:00:00-05:00,432.8452422514508,435.68624501124225,422.2031922004538,422.40008544921875,131939200
2021-12-02 00:00:00-05:00,422.6157168413784,430.43550572803196,422.22190176024696,428.8696594238281,127637800
2021-12-03 00:00:00-05:00,430.5292522904625,431.58874442702455,420.9185967447433,425.1379089355469,137331600
2021-12-06 00:00:00-05:00,427.6789180869,432.0482542479885,425.2692148441158,430.1730041503906,98977500
2021-12-07 00:00:00-05:00,435.4424103932935,439.633595102183,430.0416814760553,439.0710144042969,95484700
2021-12-08 00:00:00-05:00,439.46484235390875,440.68374339000826,437.7114595944113,440.2336730957031,72238800
2021-12-09 00:00:00-05:00,438.949249628007,440.3369452818781,437.0646423564044,437.26153564453125,61272600
2021-12-10 00:00:00-05:00,439.9617388281514,441.52755637554407,437.4113979747184,441.3775329589844,77159800
2021-12-13 00:00:00-05:00,440.86191039613635,441.2088270752524,437.18640772794674,437.46771240234375,87724700
2021-12-14 00:00:00-05:00,434.20476780499797,436.6894683893485,431.5419161774256,434.4579162597656,97264100
2021-12-15 00:00:00-05:00,434.5141971486355,441.49010093703475,432.00134036114184,441.246337890625,116899300
2021-12-16 00:00:00-05:00,443.0934545318682,443.3747305871484,435.80808994562267,437.3551940917969,116568600
2021-12-17 00:00:00-05:00,434.28117656754216,437.2827106378424,430.99737826772844,432.700439453125,135511600
2021-12-20 00:00:00-05:00,427.62890570329984,428.4945351603184,424.4862394814665,428.099365234375,107134800
2021-12-21 00:00:00-05:00,431.5148641473523,435.8430974441347,429.3507618562461,435.70196533203125,69806300
2021-12-22 00:00:00-05:00,435.4478830766361,440.1712858051097,435.250269425295,440.0583801269531,58890200
2021-12-23 00:00:00-05:00,441.0558028110541,444.2925666264492,440.9523154989883,442.7965087890625,56439700
2021-12-27 00:00:00-05:00,444.17028879957417,449.11011430535285,444.1232543282057,449.0630798339844,56808600
2021-12-28 00:00:00-05:00,449.4958012534843,450.52139946166386,447.9338723531307,448.6960144042969,47274600
2021-12-29 00:00:00-05:00,448.7995905115579,450.2862300149204,447.8022185897107,449.2700500488281,54503000
2021-12-30 00:00:00-05:00,449.6934621372565,450.70025247373695,447.56700448030426,448.0280456542969,55329000
2021-12-31 00:00:00-05:00,447.5387114670403,448.68660504135966,446.62601892001857,446.89886474609375,65237400
2022-01-03 00:00:00-05:00,448.15978126090016,449.6182231773568,445.8545465639054,449.4864807128906,72668200
2022-01-04 00:00:00-05:00,450.9072238974489,451.62233155714586,447.4822648058163,449.33587646484375,71178700
2022-01-05 00:00:00-05:00,448.9689713732978,449.7405319442751,440.61360498167255,440.70770263671875,104538900
2022-01-06 00:00:00-05:00,440.2466667010779,443.0035528678846,437.9319849605687,440.293701171875,86858900
2022-01-07 00:00:00-05:00,440.3031029677847,441.47925183914367,437.1980527186537,438.552978515625,85111600
2022-01-10 00:00:00-05:00,435.36328278709937,438.2236562011222,429.62367048499374,438.00726318359375,119362000
2022-01-11 00:00:00-05:00,437.7437907456816,442.0908322693714,434.75164626994354,441.9967346191406,74303100
2022-01-12 00:00:00-05:00,443.72804221308974,445.2429369205549,441.2346123000405,443.19171142578125,67605400
2022-01-13 00:00:00-05:00,444.29258772329274,444.9418241930247,436.05954567988096,437.08514404296875,91173100
2022-01-14 00:00:00-05:00,433.9424425259686,437.6120209390258,432.7286489573756,437.2638854980469,95890900
2022-01-18 00:00:00-05:00,432.57806714158636,432.7850704583351,428.4098031013755,429.52008056640625,109709100
2022-01-19 00:00:00-05:00,431.0632487949444,432.455790611051,424.7873060995941,425.0601806640625,109357600
2022-01-20 00:00:00-05:00,426.94202425230395,431.6372011815895,418.2385229314581,420.3555908203125,122379700
2022-01-21 00:00:00-05:00,419.2358828982697,421.58818048554997,412.0755028255823,412.1037292480469,202271200
2022-01-24 00:00:00-05:00,406.5053054589265,414.36198622480896,395.90115681307793,413.8538818359375,251783900
2022-01-25 00:00:00-05:00,407.47441758472695,413.7409421509055,401.9135823339121,408.8011169433594,167997300
2022-01-26 00:00:00-05:00,414.6818552495206,417.80571346524874,403.5225401054795,407.7755126953125,186391100
2022-01-27 00:00:00-05:00,412.36717163695266,415.5004192840026,404.0776775137982,405.76190185546875,149878300
2022-01-28 00:00:00-05:00,407.1168346707988,415.88620682845203,402.54398201671927,415.83917236328125,164457400
2022-01-31 00:00:00-05:00,415.17113717300543,423.677053931945,413.82562974282484,423.32891845703125,152251400
2022-02-01 00:00:00-05:00,424.053395889453,426.8291186076498,420.5343677869096,426.1893005371094,123155400
2022-02-02 00:00:00-05:00,428.58867006151223,431.05387362428513,426.28340667304684,430.3293762207031,117361000
2022-02-03 00:00:00-05:00,424.30745056905977,426.2080966836343,419.3770152968473,420.2144470214844,118024400
2022-02-04 00:00:00-05:00,419.97926396514714,426.0293671450485,417.6081293545503,422.1904296875,118454400
2022-02-07 00:00:00-05:00,422.95251700944823,424.3450587788941,419.5087499574974,420.83544921875,84472900
2022-02-08 00:00:00-05:00,420.3368340105605,425.2202068332441,418.9160368655322,424.298095703125,81012000
2022-02-09 00:00:00-05:00,428.32517855026134,430.82802671260504,428.1275935863995,430.50811767578125,92589900
2022-02-10 00:00:00-05:00,424.67438876665915,430.6680383540824,420.778998939607,422.77374267578125,140103700
2022-02-11 00:00:00-05:00,422.85846290665194,424.92846773085336,413.00703862428105,414.4372253417969,153214600
2022-02-14 00:00:00-05:00,413.9291560964369,415.50989334254666,409.61973040303707,413.0823059082031,123006300
2022-02-15 00:00:00-05:00,417.51407522523783,419.91340763201026,416.99655245102997,419.7440490722656,88482700
2022-02-16 00:00:00-05:00,417.7021805621434,421.58818077331404,415.82976087005267,420.2144470214844,84863600
2022-02-17 00:00:00-05:00,417.03413227878895,420.18621676202645,410.63589438127366,411.2380676269531,102259100
2022-02-18 00:00:00-05:00,411.4920821949047,412.7435205102697,406.30763817495443,408.57525634765625,132642900
2022-02-22 00:00:00-05:00,406.37352124987865,409.77022506154026,400.6997521061171,404.1905822753906,124391800
2022-02-23 00:00:00-05:00,407.0981420623061,407.66269937728737,396.4563472260344,397.0209045410156,132578000
2022-02-24 00:00:00-05:00,386.73646735129245,403.4283877924678,386.3789422974686,402.99554443359375,213942900
2022-02-25 00:00:00-05:00,404.22823397331,411.97200837339045,402.58162557598797,411.8873291015625,121804500
2022-02-28 00:00:00-05:00,406.5052324542038,412.31071529051957,405.2538228246702,410.8334655761719,145615000
2022-03-01 00:00:00-05:00,409.3374336179091,411.34159579885494,401.8759236906789,404.5763854980469,137785900
2022-03-02 00:00:00-05:00,406.825151607102,413.74091213892484,406.0724278778105,412.01904296875,117726500
2022-03-03 00:00:00-05:00,414.44664922565886,415.0488225356622,408.1707060110163,409.9678649902344,105501700
2022-03-04 00:00:00-05:00,406.2418252656333,407.7661096277124,402.60047290853925,406.63702392578125,113978200
2022-03-07 00:00:00-05:00,406.0536235461076,406.7593128666358,394.5838174926232,394.6496887207031,137896600
2022-03-08 00:00:00-05:00,394.82851645161617,401.97008984857894,390.5943799836052,391.6576232910156,164772700
2022-03-09 00:00:00-05:00,400.0224183462174,404.1342308190661,397.8394788240876,402.1582946777344,116990800
2022-03-10 00:00:00-05:00,397.55708322285636,401.2360799371363,395.5999843486872,400.34222412109375,93972700
2022-03-11 00:00:00-05:00,402.8262482347944,403.43783985789673,394.7437572588801,395.2518615722656,95636300
2022-03-14 00:00:00-04:00,396.02350128864606,399.46724033893065,391.2248075600843,392.3633117675781,95729200
2022-03-15 00:00:00-04:00,394.96964080123826,401.6219464123901,393.6994228575472,400.9915466308594,106219100
2022-03-16 00:00:00-04:00,404.4917305799787,409.9396315604553,399.7024270341616,409.8831787109375,144954800
2022-03-17 00:00:00-04:00,407.9730846505351,415.01116943359375,407.596722776026,415.01116943359375,102676900
2022-03-18 00:00:00-04:00,413.40292135860483,419.8776656161691,412.6667255275147,419.5567626953125,106345500
2022-03-21 00:00:00-04:00,419.3868421211315,421.3877829881189,415.9323761926658,419.4340515136719,88349800
2022-03-22 00:00:00-04:00,420.8214384644653,425.27637447242336,420.8214384644653,424.34197998046875,74650400
2022-03-23 00:00:00-04:00,421.8125003060186,423.303758234989,418.79219389310117,418.87713623046875,79426100
2022-03-24 00:00:00-04:00,420.89699675804104,425.2009149244502,419.78326986493045,425.19146728515625,64736900
2022-03-25 00:00:00-04:00,425.8238364518409,427.5416361124458,423.2471369609336,427.2679138183594,77101300
2022-03-28 00:00:00-04:00,426.6732396590378,430.3070373535156,424.7855555376232,430.3070373535156,68529800
2022-03-29 00:00:00-04:00,434.18626321308204,436.12115693733773,431.5057549157547,435.6303405761719,86581500
2022-03-30 00:00:00-04:00,434.4883159212036,435.30003519309184,430.83565120715195,432.9404296875,79666900
2022-03-31 00:00:00-04:00,432.17589947274035,432.9970375414447,425.823831381212,426.2768859863281,121699900
2022-04-01 00:00:00-04:00,427.8530688001301,427.99463935727147,423.9172632927216,427.4849853515625,89048800
2022-04-04 00:00:00-04:00,427.6832403411355,431.2509628688752,426.8621021980193,431.1471252441406,59601000
2022-04-05 00:00:00-04:00,429.6558732347616,432.1192876988634,424.5591308094842,425.701171875,74214500
2022-04-06 00:00:00-04:00,421.7936427720497,423.71906006741074,418.5656898647818,421.44439697265625,106898000
2022-04-07 00:00:00-04:00,420.5666126114327,425.3802132507673,418.62230012164184,423.5680236816406,78097200
2022-04-08 00:00:00-04:00,422.8129558921499,425.32357938924946,420.89695753959705,422.4354248046875,79272700
2022-04-11 00:00:00-04:00,419.16963711517997,420.009670281553,414.71473073594825,415.2149658203125,89770500
2022-04-12 00:00:00-04:00,418.19758861647455,420.71765996000386,412.12869019333453,413.6766052246094,84363600
2022-04-13 00:00:00-04:00,413.4311270048809,419.1696739257571,413.2517947132498,418.41461181640625,74070400
2022-04-14 00:00:00-04:00,418.64119283709516,419.7549485147844,413.1008437773758,413.2046813964844,97869500
2022-04-18 00:00:00-04:00,412.2796514632989,415.0545494478205,411.14702946006696,413.37451171875,66002500
2022-04-19 00:00:00-04:00,413.27067735850744,420.7647857423862,413.10079269782085,420.0474853515625,77821000
2022-04-20 00:00:00-04:00,421.82193478222695,422.4354264021452,418.57511557097627,419.73602294921875,65224400
2022-04-21 00:00:00-04:00,423.3509483444846,424.7383973991878,412.55339229515056,413.45947265625,85417300
2022-04-22 00:00:00-04:00,412.37409241070765,413.4783716367902,401.5482213990768,402.1145324707031,132471800
2022-04-25 00:00:00-04:00,399.87766866932645,404.61574651272133,395.3188943584106,404.44586181640625,119647700
2022-04-26 00:00:00-04:00,401.9163552608038,402.11458288317993,392.7044739689954,392.7327880859375,103996300
2022-04-27 00:00:00-04:00,393.80875253350604,399.1697986951689,391.7040026362605,393.8370666503906,122030000
2022-04-28 00:00:00-04:00,398.5751272035263,405.51237307337215,394.1485050200903,403.7851257324219,105449100
2022-04-29 00:00:00-04:00,399.8021348013602,401.95409397695,388.11736315002133,388.8630065917969,145491100
2022-05-02 00:00:00-04:00,388.9289811149941,392.5627785875403,382.2748777111381,391.2036437988281,158312500
2022-05-03 00:00:00-04:00,391.7039501067172,395.4037953011167,390.1465874755705,392.99700927734375,100028200
2022-05-04 00:00:00-04:00,393.6576062894881,405.5311547073063,390.47686337745813,404.96484375,144247900
2022-05-05 00:00:00-04:00,400.7082064100307,401.1329469341785,386.44676416954945,390.57135009765625,172929100
2022-05-06 00:00:00-04:00,388.0134773567565,391.50567570306237,382.9450500936246,388.239990234375,151770800
2022-05-09 00:00:00-04:00,382.35045035687074,383.5868812355381,374.23340232623997,375.80963134765625,155586100
2022-05-10 00:00:00-04:00,381.7747206128694,383.2754262479383,372.6477827083813,376.677978515625,132497200
2022-05-11 00:00:00-04:00,375.71521640762944,381.34995466803645,369.9483264327751,370.6939697265625,142361000
2022-05-12 00:00:00-04:00,367.5038249274551,373.5727232304534,363.5208097766853,370.3070373535156,125090800
2022-05-13 00:00:00-04:00,374.4315896864937,380.5382491972758,373.39335762056186,379.1602478027344,104174400
2022-05-16 00:00:00-04:00,377.51798684544667,381.28390774009296,375.271637959596,377.6217956542969,78622400
2022-05-17 00:00:00-04:00,383.7001932426954,385.6256395203469,379.9720047899369,385.3896789550781,83029700
2022-05-18 00:00:00-04:00,380.84034133335325,381.12348248197793,368.6175728842904,369.85400390625,117674500
2022-05-19 00:00:00-04:00,366.79589073865264,372.00591725890166,365.37068003419705,367.5887145996094,98510700
2022-05-20 00:00:00-04:00,371.1659411793916,374.7336635050742,359.1697150107811,367.7492370605469,131432200
2022-05-23 00:00:00-04:00,370.7695426186861,375.39439273940906,368.45714636210454,374.6298828125,76414900
2022-05-24 00:00:00-04:00,370.5146628553773,372.9592105064328,365.2291411864955,371.7699890136719,91448800
2022-05-25 00:00:00-04:00,370.2787563943249,377.0178039870792,369.8823587734453,375.0545959472656,91472900
2022-05-26 00:00:00-04:00,376.2815783765453,384.18153289436907,376.073931942696,382.5486755371094,82168300
2022-05-27 00:00:00-04:00,385.0026651402334,392.0531673410909,384.80446634850006,391.9399108886719,84768700
2022-05-31 00:00:00-04:00,390.3259001664865,393.07248421298215,387.00358624823434,389.74072265625,95937000
2022-06-01 00:00:00-04:00,391.8548496707177,392.8647386009314,384.0775729199675,386.58819580078125,86585800
2022-06-02 00:00:00-04:00,386.4278638148007,393.9974674509903,384.1815149003103,393.9502868652344,79609600
2022-06-03 00:00:00-04:00,389.2405486758481,390.7884638335638,386.5128594774759,387.4850158691406,71874300
2022-06-06 00:00:00-04:00,391.48681245747764,393.21403077110097,387.49435013390536,388.66473388671875,57508900
2022-06-07 00:00:00-04:00,385.18194504153405,392.84593785258215,384.7194428520581,392.39288330078125,59272400
2022-06-08 00:00:00-04:00,390.6845741806073,392.4684496696644,387.333946070098,388.12677001953125,64350000
2022-06-09 00:00:00-04:00,386.35240557578845,388.61762134646665,378.89605712890625,378.89605712890625,86289800
2022-06-10 00:00:00-04:00,372.7044332589276,373.55388552538324,367.86251789521714,367.9096984863281,132893900
2022-06-13 00:00:00-04:00,358.5184359528124,360.3683584476511,352.3362527688543,353.9407958984375,170004900
2022-06-14 00:00:00-04:00,355.68689685396777,356.71568127410126,349.7784361620524,352.8742370605469,104011800
2022-06-15 00:00:00-04:00,356.1682125540914,362.3409474596305,351.2224895627162,357.9049072265625,125666800
2022-06-16 00:00:00-04:00,349.70299946215493,350.1088447146559,343.63407193506487,346.05975341796875,134473300
2022-06-17 00:00:00-04:00,346.4739460122469,350.1423885814665,343.30789944734585,346.8056945800781,111113900
2022-06-21 00:00:00-04:00,352.521725834006,356.92005638665404,352.44587608946637,355.5361022949219,76811900
2022-06-22 00:00:00-04:00,351.3178056312109,358.99595685720385,350.90071887328156,354.8914794921875,90059400
2022-06-23 00:00:00-04:00,357.02430174493765,359.1002181811548,353.4696047412398,358.3703308105469,79292100
2022-06-24 00:00:00-04:00,361.5363809433128,369.77380119326506,361.507944524138,369.7643127441406,98050300
2022-06-27 00:00:00-04:00,370.683832618729,370.9776852889989,367.2618578134948,368.3519592285156,66009600
2022-06-28 00:00:00-04:00,369.90658420443964,372.68398100101825,360.71175479299797,360.82550048828125,86548900
2022-06-29 00:00:00-04:00,361.37524766838453,362.3610628098229,358.71159702593604,360.5315856933594,65676000
2022-06-30 00:00:00-04:00,356.64516179349505,360.834977987892,353.156825579061,357.6025695800781,112508300
2022-07-01 00:00:00-04:00,356.94850998659183,361.8208293565842,354.33224330989844,361.384765625,74839700
2022-07-05 00:00:00-04:00,356.30383382402914,362.08614608538556,353.4790245086268,362.0671691894531,81438000
2022-07-06 00:00:00-04:00,362.2093972721212,365.7735827766986,359.83013971421116,363.2900390625,70426200
2022-07-07 00:00:00-04:00,365.0626968664323,369.52738892243804,363.3090402764563,368.73114013671875,64525900
2022-07-08 00:00:00-04:00,367.100746104859,370.2952588737565,365.57460971282467,368.4278564453125,72397800
2022-07-11 00:00:00-04:00,365.7546492181339,366.7215164411496,363.5270331899998,364.2190246582031,58366900
2022-07-12 00:00:00-04:00,363.66926385832295,366.0485507559225,359.25195608212715,360.9961242675781,62219200
2022-07-13 00:00:00-04:00,355.56452982281553,362.02934629353234,355.14744302288534,359.1002502441406,84224600
2022-07-14 00:00:00-04:00,354.15207948496095,359.30876226262916,351.71594911911046,358.2281494140625,89704800
2022-07-15 00:00:00-04:00,362.6265260152687,365.185919762693,360.72122784420594,365.0721740722656,79060400
2022-07-18 00:00:00-04:00,368.1528836213448,368.825898190188,360.8349458407432,362.0577697753906,63203600
2022-07-19 00:00:00-04:00,365.97267860433266,372.40905889172745,365.31864088700104,371.8403015136719,78506000
2022-07-20 00:00:00-04:00,372.02988023942527,375.62250240338216,370.6648741646818,374.2100830078125,71843800
2022-07-21 00:00:00-04:00,373.63194122008764,378.06819739042936,371.2337061216237,378.02081298828125,64903900
2022-07-22 00:00:00-04:00,378.1440056178114,379.3383643459128,372.29533041038957,374.5134582519531,72197300
2022-07-25 00:00:00-04:00,375.1390328241593,375.8215358224329,372.7313098957775,374.9684143066406,53631500
2022-07-26 00:00:00-04:00,373.328540675696,373.5370840827539,369.64114957187473,370.5321960449219,52946400
2022-07-27 00:00:00-04:00,373.82147154826214,381.89776315262577,373.52761885571124,380.1535949707031,82342100
2022-07-28 00:00:00-04:00,380.9592441702565,385.61350177770953,377.4140068493156,384.9215393066406,73966600
2022-07-29 00:00:00-04:00,386.3529667558723,391.51913892921795,385.58515437514285,390.5332946777344,87003700
2022-08-01 00:00:00-04:00,387.84111510481983,391.8792599477975,387.13017574109546,389.3767395019531,69997500
2022-08-02 00:00:00-04:00,387.8127450392465,391.4906766053588,385.63254218875403,386.8079528808594,63435400
2022-08-03 00:00:00-04:00,388.93122459935086,394.03103437189844,388.64686041910363,392.8651123046875,67820600
2022-08-04 00:00:00-04:00,392.78929793981433,393.4718009620609,390.9598207163616,392.5997314453125,45656600
2022-08-05 00:00:00-04:00,388.3246175842232,392.5807659148732,388.26774474140564,391.9361877441406,56814900
2022-08-08 00:00:00-04:00,393.6234467801919,395.8700106498597,390.3815503961838,391.48114013671875,53886100
2022-08-09 00:00:00-04:00,390.75122921309026,391.25362520037476,388.85539093228897,389.9265441894531,44931800
2022-08-10 00:00:00-04:00,396.96963344138766,398.258818700046,395.01692204612334,398.1166076660156,68665700
2022-08-11 00:00:00-04:00,400.96036549541424,402.8183081055924,397.3772317875,398.1166076660156,59489700
2022-08-12 00:00:00-04:00,400.0503354779772,404.96054995020353,399.10241628589347,404.8562927246094,61694500
2022-08-15 00:00:00-04:00,402.6477019536426,407.0460617331619,402.5908291054767,406.5246887207031,54048300
2022-08-16 00:00:00-04:00,405.4535207281274,409.2451978170758,404.64778356108576,407.3209228515625,59289000
2022-08-17 00:00:00-04:00,403.7282975362389,407.1313242254354,402.42965277199465,404.42974853515625,63563400
2022-08-18 00:00:00-04:00,404.628809463559,406.28766820146114,403.33965312992564,405.6051940917969,49023200
2022-08-19 00:00:00-04:00,402.8467196760706,403.1121358999802,399.2825341593999,400.1546325683594,68016900
2022-08-22 00:00:00-04:00,395.3296712046477,395.50031863762473,390.9218529286444,391.8223876953125,77695600
2022-08-23 00:00:00-04:00,391.3958251809502,393.7846000380237,390.3246718748115,390.8744812011719,49105200
2022-08-24 00:00:00-04:00,390.64698231789686,393.49074002484474,389.9645082393007,392.1257629394531,49177800
2022-08-25 00:00:00-04:00,393.6139873082117,397.70900548583626,392.5238859364247,397.66162109375,50942300
2022-08-26 00:00:00-04:00,397.5479550682545,398.0882471734594,384.1443600569768,384.20123291015625,103087000
2022-08-29 00:00:00-04:00,381.2531987151374,384.70361032886984,380.3052793040388,381.6607971191406,65370800
2022-08-30 00:00:00-04:00,382.8172261577202,383.0542059895712,375.3760536519589,377.470947265625,85652400
2022-08-31 00:00:00-04:00,379.10137171228644,380.3431437236325,374.4660612189248,374.5987548828125,76029700
2022-09-01 00:00:00-04:00,372.42807654595646,376.1154680642841,369.7265004007181,375.77423095703125,78740100
2022-09-02 00:00:00-04:00,379.4331384469464,380.64647400085363,370.0013297859772,371.8118591308594,99632100
2022-09-06 00:00:00-04:00,372.6554995418325,373.5939303427136,368.19080797230174,370.408935546875,76637400
2022-09-07 00:00:00-04:00,370.0960816393788,377.83110568507885,369.8780787401788,377.06329345703125,70964200
2022-09-08 00:00:00-04:00,374.79781566335777,379.98290632149366,373.59393967123003,379.5279235839844,80821700
2022-09-09 00:00:00-04:00,381.7650275183075,386.28662130528346,381.49961125899546,385.42401123046875,76706900
2022-09-12 00:00:00-04:00,387.49046061347366,390.2868341942052,387.1871194866291,389.56640625,69256300
2022-09-13 00:00:00-04:00,380.9024232007864,382.1062993004574,371.5085678123265,372.6271057128906,122947100
2022-09-14 00:00:00-04:00,373.925777076594,375.5656880974877,370.75024121431795,374.04901123046875,85023700
2022-09-15 00:00:00-04:00,372.4943332407687,375.3380909362644,368.53203779447915,369.80224609375,87633800
2022-09-16 00:00:00-04:00,365.6295206827052,367.63783250475103,363.6973120856197,366.9810791015625,103084800
2022-09-19 00:00:00-04:00,363.84014194343365,369.8270263671875,363.763980617156,369.8270263671875,73278500
2022-09-20 00:00:00-04:00,366.5051996914192,367.5141193905518,362.83121456949,365.5819396972656,77274900
2022-09-21 00:00:00-04:00,367.504555601014,370.55036925173334,359.1952455228189,359.20477294921875,106746600
2022-09-22 00:00:00-04:00,358.4337649769324,360.0708846733697,355.44508694272207,356.1875,89472600
2022-09-23 00:00:00-04:00,352.7229097506912,352.7609904104437,345.78421269474035,350.21966552734375,122346900
2022-09-26 00:00:00-04:00,348.753848761664,352.37072699861113,345.53671576875286,346.7550354003906,92581200
2022-09-27 00:00:00-04:00,350.2863328489352,352.5516532322038,343.4808733177717,345.86993408203125,108294100
2022-09-28 00:00:00-04:00,346.8217084645166,354.3600529595543,345.127482081543,352.67535400390625,110802200
2022-09-29 00:00:00-04:00,349.13465941178436,349.42019180354833,342.367280303629,345.3083801269531,112952300
2022-09-30 00:00:00-04:00,344.36596930372804,348.2779362644351,339.83535868204586,339.9685974121094,153711200
2022-10-03 00:00:00-04:00,343.6806881754969,350.7907337489844,341.90080218718504,348.9442138671875,89756500
2022-10-04 00:00:00-04:00,354.4551993806732,359.7853586515844,348.90614168269303,359.7568054199219,103602800
2022-10-05 00:00:00-04:00,355.3975589353477,361.1750432151708,353.0751323104993,358.91925048828125,88065700
2022-10-06 00:00:00-04:00,357.5199849019228,360.47061093283736,354.7216524326003,355.21661376953125,82333500
2022-10-07 00:00:00-04:00,351.19057977360137,355.3024204972354,343.5475195856385,345.3083801269531,107789500
2022-10-10 00:00:00-04:00,346.4218681376383,346.65982139917173,340.43498499131846,342.6717224121094,76042800
2022-10-11 00:00:00-04:00,340.9774934330555,345.5366860181765,338.5694076088321,340.5015869140625,92482800
2022-10-12 00:00:00-04:00,340.91091321016154,342.48139902682294,339.1309983011124,339.37847900390625,76991800
2022-10-13 00:00:00-04:00,332.38271336985196,349.80091413619516,331.335712933563,348.3351135253906,147254500
2022-10-14 00:00:00-04:00,350.79069404097305,352.41831529855494,339.7591840858435,340.39691162109375,123737000
2022-10-17 00:00:00-04:00,346.4695719640728,350.2482719633379,340.0638579364615,349.1441650390625,93168200
2022-10-18 00:00:00-04:00,357.05371300233446,357.3583002169347,349.8103989866183,353.2464599609375,97162900
2022-10-19 00:00:00-04:00,351.2094821189524,353.9316825006344,347.93524295824557,350.74310302734375,79746900
2022-10-20 00:00:00-04:00,350.2958089110657,354.7122360773966,347.0405950042413,347.80206298828125,88283100
2022-10-21 00:00:00-04:00,347.5260110650035,356.7395553428867,346.0221590756883,356.254150390625,131038400
2022-10-24 00:00:00-04:00,357.77704931693273,361.7460937798273,355.1309809456278,360.6134338378906,85436900
2022-10-25 00:00:00-04:00,360.5372686391246,366.6859727287409,360.4230557221393,366.37188720703125,78846300
2022-10-26 00:00:00-04:00,363.2309138667366,368.90371186098525,362.9739347843384,363.61163330078125,104087300
2022-10-27 00:00:00-04:00,364.61105138754175,366.44804370025827,361.0512506396155,361.6699523925781,81971800
2022-10-28 00:00:00-04:00,361.5652682350303,370.75025961760167,361.3844214069697,370.27435302734375,100302000
2022-10-31 00:00:00-04:00,367.81868945232327,369.68423516133385,366.69555686556424,367.5997619628906,96631300
2022-11-01 00:00:00-04:00,371.3403327723844,371.5782860191867,364.8204080005957,365.9911193847656,85407600
2022-11-02 00:00:00-04:00,365.40111675587,369.90320408108596,356.7015583770088,356.8062438964844,126990400
2022-11-03 00:00:00-04:00,353.5700280593983,356.16848838692556,351.0191758170607,353.1322021484375,87100100
2022-11-04 00:00:00-04:00,358.8335164171756,360.6134021561234,352.17082513091503,358.21484375,103505200
2022-11-07 00:00:00-05:00,359.50936758378657,362.23156853069116,357.43442171013305,361.6414489746094,68286900
2022-11-08 00:00:00-05:00,362.7455541021946,366.56233474373306,359.5189221082523,363.5926818847656,84641100
2022-11-09 00:00:00-05:00,361.6224344512429,362.7741495038233,355.60696718518795,356.1019287109375,78495500
2022-11-10 00:00:00-05:00,369.3510291752628,376.00422190791596,367.0571853684895,375.67108154296875,141455800
2022-11-11 00:00:00-05:00,376.5277606911573,380.10658743180727,374.64316019638335,379.30706787109375,93839900
2022-11-14 00:00:00-05:00,377.54627550144517,380.8966479353896,375.80444085717625,376.0804748535156,71903500
2022-11-15 00:00:00-05:00,381.8197900048712,382.9238966019307,375.48071175885616,379.2879638671875,93194500
2022-11-16 00:00:00-05:00,377.66036875020325,378.6121817697911,375.76627013627234,376.39447021484375,68508500
2022-11-17 00:00:00-05:00,371.64500584373235,375.9186672305997,371.3404476693323,375.24285888671875,74496300
2022-11-18 00:00:00-05:00,378.5742173860638,378.6408512891868,374.1007122482851,376.9466247558594,92922500
2022-11-21 00:00:00-05:00,375.62353581760493,376.7466683045898,373.73893542221714,375.575927734375,51243200
2022-11-22 00:00:00-05:00,377.5176474312929,380.79188693120494,376.1089535381112,380.63006591796875,60429000
2022-11-23 00:00:00-05:00,380.29695819857307,383.51409151080327,380.06853232216565,383.0286865234375,68261600
2022-11-25 00:00:00-05:00,382.46708656258517,383.49506108811516,382.1910816475926,382.9429931640625,30545400
2022-11-28 00:00:00-05:00,379.8591259436192,381.4962458070925,376.0708989562592,376.8323669433594,67881600
2022-11-29 00:00:00-05:00,376.9654925891225,378.1552587304176,374.3480070782733,376.1850280761719,52310000
2022-11-30 00:00:00-05:00,376.4326410939259,388.0352478027344,374.5195160703624,388.0352478027344,144566700
2022-12-01 00:00:00-05:00,389.07270016589297,390.2434409456629,385.2464212750172,387.74969482421875,76398200
2022-12-02 00:00:00-05:00,382.8668240269508,388.20648163885994,382.7621385272809,387.3022766113281,85342700
2022-12-05 00:00:00-05:00,384.48494250767516,385.4177008262784,378.98346353454565,380.33502197265625,77289800
2022-12-06 00:00:00-05:00,380.17323078475664,380.7157422182558,372.7681254520418,374.8525695800781,77972200
2022-12-07 00:00:00-05:00,374.0054437050733,376.5753507067164,373.0821838315825,374.21484375,65927900
2022-12-08 00:00:00-05:00,376.0994521400108,378.212449392276,374.3195371968257,377.14642333984375,60737900
2022-12-09 00:00:00-05:00,375.9090843451082,378.45993659247966,374.205330689029,374.3290710449219,81447700
2022-12-12 00:00:00-05:00,375.119119770537,379.7259216308594,374.4528678993267,379.7259216308594,75405800
2022-12-13 00:00:00-05:00,390.45276931962,390.70974839855415,379.84005911089247,382.6003112792969,123782500
2022-12-14 00:00:00-05:00,382.2577044665144,385.9602719426471,377.2131058725146,380.1542053222656,108111300
2022-12-15 00:00:00-05:00,375.2999318308924,376.20416598654884,369.1988348015829,370.85498046875,117705900
2022-12-16 00:00:00-05:00,368.3029691083944,369.6416209558771,364.34438227509384,366.4766540527344,119858000
2022-12-19 00:00:00-05:00,366.6678340994925,367.00250429400353,361.70523742151596,363.3689880371094,79878100
2022-12-20 00:00:00-05:00,362.6136124267533,365.4821639806004,361.29407404311723,363.8662109375,74427200
2022-12-21 00:00:00-05:00,366.4574464966575,370.4351746621718,365.9219858955704,369.306884765625,78167400
2022-12-22 00:00:00-05:00,366.2662563964438,369.28780122976565,358.3490543275083,364.0383605957031,100120900
2022-12-23 00:00:00-05:00,363.01518610522345,366.27577647509355,361.466172965727,366.1323547363281,59857300
2022-12-27 00:00:00-05:00,366.0176778685383,366.36189009849295,363.01524613197586,364.6885681152344,51638200
2022-12-28 00:00:00-05:00,364.6216127041186,366.59137848650926,359.9267751898031,360.15625,70911500
2022-12-29 00:00:00-05:00,362.9960715854847,367.50926042450396,362.47015297141144,366.6391296386719,66970900
2022-12-30 00:00:00-05:00,363.9618223377231,365.8167920978852,361.8486350909296,365.6733703613281,84022200
2023-01-03 00:00:00-05:00,367.52835185196017,369.49808808826083,361.27490181125125,364.1339111328125,74850700
2023-01-04 00:00:00-05:00,366.3905568832152,368.9722652057651,363.34989894273167,366.9451599121094,85934100
2023-01-05 00:00:00-05:00,364.9945470716449,365.10928447945327,362.1642506841692,362.757080078125,76970500
2023-01-06 00:00:00-05:00,365.845539153224,372.1946147969525,362.7857679206914,371.07586669921875,104189600
2023-01-09 00:00:00-05:00,373.26550947515705,376.44961824670435,370.6838304181261,370.865478515625,73978100
2023-01-10 00:00:00-05:00,370.2822289287242,373.5332484725184,369.34515816722075,373.46630859375,65358100
2023-01-11 00:00:00-05:00,375.0439955334967,378.26633038365287,374.2312334389066,378.1898193359375,68881100
2023-01-12 00:00:00-05:00,379.2894696301709,381.0297021014003,375.2256881711222,379.5667419433594,90157700
2023-01-13 00:00:00-05:00,376.37315440820146,381.6130534140989,376.10542404617286,381.0393371582031,63903900
2023-01-17 00:00:00-05:00,381.0201591163604,382.69348088927234,379.66236518124305,380.34124755859375,62677300
2023-01-18 00:00:00-05:00,381.526947386791,382.58829750949707,374.1356353327088,374.33642578125,99632300
2023-01-19 00:00:00-05:00,372.2997525257694,373.94439001524745,370.29178966269103,371.611328125,86958900
2023-01-20 00:00:00-05:00,373.0073764154368,378.6871115907864,371.36273880270227,378.53411865234375,91806400
2023-01-23 00:00:00-05:00,379.3372757234957,385.0074392135379,378.3810918291715,383.0759582519531,84178800
2023-01-24 00:00:00-05:00,381.40259479828296,383.5731214964874,380.2169362364954,382.6647644042969,59524900
2023-01-25 00:00:00-05:00,378.6010544265812,383.14292828207675,376.3157607326886,382.8082580566406,84800300
2023-01-26 00:00:00-05:00,385.46642861189923,387.17800600043023,382.5022526217131,387.01544189453125,72287400
2023-01-27 00:00:00-05:00,385.97324291614746,390.2760709827511,385.7628812656745,387.90472412109375,68346200
2023-01-30 00:00:00-05:00,385.1508780562935,387.37880296998725,382.7413050405992,383.0377197265625,74202000
2023-01-31 00:00:00-05:00,383.5541779130283,388.7175668255743,383.20993642263113,388.6697692871094,86811800
2023-02-01 00:00:00-05:00,387.4552290338302,395.5445649835094,384.7205573752073,392.80029296875,101459200
2023-02-02 00:00:00-05:00,396.6824854385565,399.981331954011,394.7892597691829,398.51837158203125,101654500
2023-02-03 00:00:00-05:00,393.55573107794413,398.7000051703591,393.0776391240828,394.2824401855469,94736800
2023-02-06 00:00:00-05:00,391.8346069060138,393.26888274999055,390.21865378736663,391.8728332519531,60295300
2023-02-07 00:00:00-05:00,390.9548967397829,398.241013206568,389.7118693730586,396.99798583984375,90990700
2023-02-08 00:00:00-05:00,395.02826801613645,396.3669196696717,391.9684677962696,392.65692138671875,76227500
2023-02-09 00:00:00-05:00,396.25223443266196,396.40522738183785,388.0290457920925,389.2529602050781,78694900
2023-02-10 00:00:00-05:00,388.07678232835883,390.54375312300726,387.26404936045475,390.1612854003906,70769700
2023-02-13 00:00:00-05:00,390.81149214644563,394.875273798094,390.3525133608386,394.74139404296875,64913500
2023-02-14 00:00:00-05:00,393.22101173495633,396.8640696336887,390.61064866854656,394.5596923828125,88389300
2023-02-15 00:00:00-05:00,392.3700513500147,395.9174852871057,391.52860488743005,395.84100341796875,61555700
2023-02-16 00:00:00-05:00,390.87847129038914,394.8179447595729,390.25695751731473,390.39080810546875,76431500
2023-02-17 00:00:00-05:00,388.26800352329917,389.65448174842203,386.34606468801917,389.4154357910156,89257800
2023-02-21 00:00:00-05:00,385.39950609313314,386.4513142893378,381.34529542458307,381.60345458984375,82655900
2023-02-22 00:00:00-05:00,382.0145561334285,383.55402728513724,379.62409654042705,381.0775146484375,83742300
2023-02-23 00:00:00-05:00,383.96517386295295,384.57714551664407,378.8878400941684,383.1046142578125,96242400
2023-02-24 00:00:00-05:00,378.0942785897589,379.84408241701556,376.39227228887677,379.01220703125,108194400
2023-02-27 00:00:00-05:00,382.3492272761536,383.707021167783,379.3659383654355,380.3030090332031,80444700
2023-02-28 00:00:00-05:00,379.82489935060727,381.78506445797404,378.79220451109035,378.89739990234375,96438600
2023-03-01 00:00:00-05:00,378.08465625730815,379.3085704071732,376.14360422634064,377.4440002441406,99706800
2023-03-02 00:00:00-05:00,375.4742885040699,381.2209631061389,375.13961830151106,380.3795166015625,85127800
2023-03-03 00:00:00-05:00,382.1962961869598,386.7286281625777,381.54609807414363,386.4800109863281,90120000
2023-03-06 00:00:00-05:00,387.3023155770407,389.5971805098177,386.30790523195174,386.74774169921875,72795900
2023-03-07 00:00:00-05:00,386.69995200651795,386.9389980101572,380.2074543771584,380.81939697265625,108310600
2023-03-08 00:00:00-05:00,380.9341111603913,382.19625170885286,379.212962662717,381.4408874511719,74746600
2023-03-09 00:00:00-05:00,382.2249901315046,383.88877016600645,373.4185434936177,374.4034118652344,111945300
2023-03-10 00:00:00-05:00,373.8583475978051,375.93327957719293,367.4806170891498,369.0009460449219,189253000
2023-03-13 00:00:00-04:00,365.08059523708437,373.28466995051247,363.97141834242984,368.47503662109375,157790000
2023-03-14 00:00:00-04:00,373.38980130348455,376.21055539266825,370.0909552792131,374.56591796875,149752400
2023-03-15 00:00:00-04:00,368.9818486133687,372.42408758364206,366.8973453679593,372.2232971191406,172996900
2023-03-16 00:00:00-04:00,369.87107021323396,379.0982391870772,369.36429390384325,378.7539978027344,143254200
2023-03-17 00:00:00-04:00,377.4255889740926,378.55818505074,372.9431553160695,374.3253173828125,140553400
2023-03-20 00:00:00-04:00,375.10277090610924,378.33743311980123,374.4021114765073,377.9246826171875,93055800
2023-03-21 00:00:00-04:00,381.28412015653794,383.36697102971766,379.69079357481445,382.8870544433594,91524200
2023-03-22 00:00:00-04:00,382.71428861761933,386.3232414014182,376.3217962204962,376.36016845703125,111746600
2023-03-23 00:00:00-04:00,379.2204571484992,383.25176789780386,374.6708576136584,377.3775939941406,119351300
2023-03-24 00:00:00-04:00,376.10105243097433,379.94038538264834,373.7590569871103,379.85400390625,107682400
2023-03-27 00:00:00-04:00,382.1288028794633,382.8966870426311,379.6716321408978,380.56427001953125,74010400
2023-03-28 00:00:00-04:00,379.8731772141997,380.5642582938647,377.8767370350477,379.71002197265625,62871700
2023-03-29 00:00:00-04:00,383.86611930354206,385.4690537806492,382.6663276952182,385.2290954589844,77497900
2023-03-30 00:00:00-04:00,387.8590304445402,388.10859647318574,385.62263176835995,387.4847106933594,69840000
2023-03-31 00:00:00-04:00,388.4061147934353,393.24368242982905,388.30051790737826,392.9461364746094,112062600
2023-04-03 00:00:00-04:00,392.42779542260035,394.84656445369103,392.03426030988214,394.4434509277344,67391100
2023-04-04 00:00:00-04:00,395.0865256835199,395.3744932102715,390.8824517022873,392.2550354003906,66601500
2023-04-05 00:00:00-04:00,391.52560384016596,392.28388034677903,389.5771434182015,391.2280578613281,65200200
2023-04-06 00:00:00-04:00,390.4313411526847,393.0325102209904,389.3851264771968,392.754150390625,63743300
2023-04-10 00:00:00-04:00,390.2777272293107,393.23402961478297,389.66344926995697,393.1572265625,63681000
2023-04-11 00:00:00-04:00,393.78110489870676,394.66413487537017,392.4949321645028,393.2627868652344,59297900
2023-04-12 00:00:00-04:00,395.32651264091214,395.6144801885437,391.07445840947173,391.6599426269531,86420400
2023-04-13 00:00:00-04:00,392.744581127332,397.21740780284637,391.602377161458,396.8622741699219,85814800
2023-04-14 00:00:00-04:00,396.2287697684171,398.4171884519207,393.5892282764297,395.892822265625,78161500
2023-04-17 00:00:00-04:00,395.80637894641507,397.3325100919648,394.5777937246766,397.3133239746094,66436400
2023-04-18 00:00:00-04:00,398.8875072085601,399.0218979297028,396.1999857035815,397.5725402832031,63560000
2023-04-19 00:00:00-04:00,395.66241754419593,398.4075262603893,395.60482989922565,397.50531005859375,55227300
2023-04-20 00:00:00-04:00,394.6929585087422,397.0829628319808,393.79071305675006,395.3360595703125,75840400
2023-04-21 00:00:00-04:00,395.63367232336066,396.10398124565415,393.6948196903557,395.6432800292969,73457400
2023-04-24 00:00:00-04:00,395.44169241406223,396.47832873039835,394.1075394245126,396.0559997558594,64332100
2023-04-25 00:00:00-04:00,394.088292257947,394.6450119030647,389.7114553215701,389.76904296875,97766700
2023-04-26 00:00:00-04:00,390.3833857943013,391.4583943618871,387.56147365849546,388.1181640625,80447000
2023-04-27 00:00:00-04:00,390.652086810784,396.11353970438057,390.40252082176045,395.84478759765625,92968400
2023-04-28 00:00:00-04:00,394.9617272106124,399.2329963765921,394.904139565875,399.223388671875,89433100
2023-05-01 00:00:00-04:00,398.78194148395835,400.8455772162606,398.589963107647,398.8203430175781,62122300
2023-05-02 00:00:00-04:00,398.1099974743272,398.1580067083917,391.43917444922255,394.3378601074219,103998500
2023-05-03 00:00:00-04:00,394.837004192524,397.24619509986604,391.3912062306647,391.63116455078125,91531800
2023-05-04 00:00:00-04:00,390.5849268562114,390.91126663739385,387.52305652796423,388.85723876953125,94901900
2023-05-05 00:00:00-04:00,392.48541888407567,397.102214486308,392.2262744508848,396.0559997558594,87891800
2023-05-08 00:00:00-04:00,396.3823017131118,396.64144612156804,394.76018132750204,396.1615295410156,50046800
2023-05-09 00:00:00-04:00,394.61623373049684,395.53766541370464,394.1939047732381,394.42425537109375,49220100
2023-05-10 00:00:00-04:00,397.2557167367632,397.8892100796329,392.4469436701226,396.26708984375,96142900
2023-05-11 00:00:00-04:00,395.40334787228096,395.86404911911495,393.5028673537258,395.57611083984375,70157100
2023-05-12 00:00:00-04:00,396.8142503993596,397.0254148728848,392.63897016343816,395.0577392578125,70481500
2023-05-15 00:00:00-04:00,395.6624389099318,396.8238288685914,393.75238023444746,396.42071533203125,54289400
2023-05-16 00:00:00-04:00,395.31692397910456,396.2383850257728,393.7619987390595,393.7716064453125,57705500
2023-05-17 00:00:00-04:00,395.7872502342352,399.1562450551422,394.14594356293253,398.55157470703125,87287000
2023-05-18 00:00:00-04:00,398.23480532655367,402.8132286270494,398.0140624281471,402.3908996582031,97177200
2023-05-19 00:00:00-04:00,403.29311788250186,403.82101441184767,400.58638129995114,401.80535888671875,103793300
2023-05-22 00:00:00-04:00,401.8245977682805,403.50430592203884,400.58640469895295,401.96856689453125,60745400
2023-05-23 00:00:00-04:00,400.32722839371974,401.9013689419868,397.0638012887145,397.45733642578125,86383500
2023-05-24 00:00:00-04:00,395.85435312883413,396.2382804844256,393.41636901857,394.5777587890625,89213700
2023-05-25 00:00:00-04:00,398.0812240048889,399.4442000783956,395.84482546980115,397.9948425292969,90961600
2023-05-26 00:00:00-04:00,398.6475192492727,403.86901432087706,398.5707454798897,403.1491394042969,93830000
2023-05-30 00:00:00-04:00,405.07843177412394,405.60632835331285,401.920572129655,403.302734375,72216000
2023-05-31 00:00:00-04:00,401.4790054006544,402.38125089733444,399.5017514717894,401.0662841796875,110811800
2023-06-01 00:00:00-04:00,401.29664281865877,405.93265339027886,400.04887142591303,404.8768310546875,88865000
2023-06-02 00:00:00-04:00,407.44919955900986,411.5188830151562,406.92130300774403,410.7318420410156,91426200
2023-06-05 00:00:00-04:00,411.07732872105703,412.3635015907827,409.2440439412278,409.9447326660156,65460200
2023-06-06 00:00:00-04:00,409.5320736758542,411.3653294424387,408.87936479133043,410.8374328613281,64022200
2023-06-07 00:00:00-04:00,411.2309077542299,412.36350381538136,408.99448016231673,409.41680908203125,85373300
2023-06-08 00:00:00-04:00,409.4840283285931,412.344341762355,408.71617349799953,411.8932189941406,61952800
2023-06-09 00:00:00-04:00,412.6898203071148,414.6382802757191,411.6436057714387,412.6322326660156,85742800
2023-06-12 00:00:00-04:00,413.61134578902306,416.4524439304632,412.89147087099775,416.3756408691406,76104300
2023-06-13 00:00:00-04:00,417.8345851160925,419.76382988102273,417.1722978814529,419.1207580566406,95899700
2023-06-14 00:00:00-04:00,419.45674831132544,421.42439480568777,416.1741056268984,419.6199035644531,100612100
2023-06-15 00:00:00-04:00,418.8040313332803,426.06997610483035,418.7080714411939,424.82220458984375,110303100
2023-06-16 00:00:00-04:00,426.804818584776,427.37322020593024,422.9030661850773,423.3751220703125,114165800
2023-06-20 00:00:00-04:00,421.4387558395076,422.32506614292663,419.1073181445954,421.1786193847656,76160400
2023-06-21 00:00:00-04:00,420.1959468611093,420.99555478179644,418.4329109170005,419.0205993652344,76982300
2023-06-22 00:00:00-04:00,418.06681362984074,420.6390713007603,417.72961825633774,420.5331115722656,70637200
2023-06-23 00:00:00-04:00,417.08416191308544,419.1362056994903,416.64100677536294,417.3539123535156,92074500
2023-06-26 00:00:00-04:00,416.7854542967168,418.70260790321004,415.4078014980868,415.6486511230469,72823600
2023-06-27 00:00:00-04:00,416.52534656947205,420.82209563920264,416.07254809930254,420.2055358886719,72813700
2023-06-28 00:00:00-04:00,419.1265614695,421.4290983033547,418.5100016357142,420.41754150390625,75636000
2023-06-29 00:00:00-04:00,420.00325329466176,422.2383451446893,419.5986423394109,422.0745544433594,67882300
2023-06-30 00:00:00-04:00,425.2827088718478,428.0380149404403,424.9647708481831,427.05535888671875,104964000
2023-07-03 00:00:00-04:00,426.70850932168867,427.82602579498047,426.4291155030701,427.5466613769531,32793400
2023-07-05 00:00:00-04:00,425.7354497315169,427.6429894132442,425.7258063379871,426.9107971191406,58418400
2023-07-06 00:00:00-04:00,423.3366343156822,423.991738320798,421.06299828536083,423.5678405761719,80658300
2023-07-07 00:00:00-04:00,422.5755319557256,426.438769743823,422.2575939538954,422.4984436035156,86134200
2023-07-10 00:00:00-04:00,422.1420000351028,423.7412452715391,421.57359837767063,423.5678405761719,62443500
2023-07-11 00:00:00-04:00,424.32893908451956,426.7566930521444,423.3558970583311,426.2653503417969,64463800
2023-07-12 00:00:00-04:00,430.0515200243212,431.1016209821125,428.62567949600117,429.6950378417969,91924500
2023-07-13 00:00:00-04:00,431.5061931540125,433.8954320784897,431.0726814584312,433.1054382324219,72425200
2023-07-14 00:00:00-04:00,433.9917527644729,434.8395187204355,432.07456981935877,432.8356628417969,69815800
2023-07-17 00:00:00-04:00,432.6912196663996,435.3887239970372,432.6430320958501,434.338623046875,52680200
2023-07-18 00:00:00-04:00,434.01109662916457,438.2115006773749,433.5775554716282,437.5660400390625,80668200
2023-07-19 00:00:00-04:00,438.35601441060516,439.724023983291,437.48893213427476,438.5390625,65891700
2023-07-20 00:00:00-04:00,437.54673021651973,438.44268380742795,434.9166416038705,435.6295471191406,70591600
2023-07-21 00:00:00-04:00,437.34439535359957,437.54673021651973,435.6199331260899,435.6295471191406,71275600
2023-07-24 00:00:00-04:00,436.77598531715506,438.38487379289774,435.7451418375123,437.57562255859375,54023400
2023-07-25 00:00:00-04:00,437.30596920574715,440.0227313093904,437.25778162836633,438.77032470703125,55191200
2023-07-26 00:00:00-04:00,437.8357951870991,440.26354925381463,436.78569416377627,438.8377380371094,71052900
2023-07-27 00:00:00-04:00,442.21927624770876,442.62391665220645,435.0226865294984,435.92828369140625,92194400
2023-07-28 00:00:00-04:00,439.1941327220315,441.0245840745933,435.92819754722996,440.1960754394531,80011800
2023-07-31 00:00:00-04:00,440.66814456102355,441.39069349037516,439.35790721415856,441.03424072265625,62040400
2023-08-01 00:00:00-04:00,439.5698514127993,440.51399258801536,438.8184017102693,439.7721862792969,55291500
2023-08-02 00:00:00-04:00,436.66043160748643,436.9205386548979,432.9031828085776,433.6546325683594,93933400
2023-08-03 00:00:00-04:00,431.6410666517331,434.29041249284955,430.9955767287294,432.4117736816406,64276100
2023-08-04 00:00:00-04:00,434.2230384704291,436.3232404604835,429.9359027397443,430.4561462402344,100128900
2023-08-07 00:00:00-04:00,432.28661207007076,434.36755674020003,431.5929638466943,434.2134094238281,58357500
2023-08-08 00:00:00-04:00,431.67964426037906,434.2037733620173,428.9724964679823,432.32513427734375,71361300
2023-08-09 00:00:00-04:00,432.59491357535535,432.75870428928835,428.6738738420237,429.4349670410156,78789600
2023-08-10 00:00:00-04:00,431.7855671339231,435.1671052071516,428.42331584667255,429.5890197753906,93005500
2023-08-11 00:00:00-04:00,427.7200594884635,430.3501481391964,427.1227570858758,429.33856201171875,68690900
2023-08-14 00:00:00-04:00,428.4233935882657,431.70855712890625,428.11509896255956,431.70855712890625,47867400
2023-08-15 00:00:00-04:00,429.93582758422366,430.29230971707324,426.11113445595447,426.6795654296875,75707500
2023-08-16 00:00:00-04:00,426.26537646534126,427.9224233894094,423.4426253576642,423.5486145019531,80107200
2023-08-17 00:00:00-04:00,425.01294414487614,425.27305119137833,419.8009540161682,420.3211975097656,95711300
2023-08-18 00:00:00-04:00,417.5080258452247,421.5543115245304,417.1612164787308,420.5234680175781,98852000
2023-08-21 00:00:00-04:00,421.53502982303786,424.0013277942752,419.38666984217986,423.259521484375,68719000
2023-08-22 00:00:00-04:00,425.0321947779214,425.0321947779214,421.55433988295033,422.11309814453125,64994200
2023-08-23 00:00:00-04:00,423.1728380844883,427.43107286328376,423.0283341735705,426.8144836425781,68441000
2023-08-24 00:00:00-04:00,428.4137593836846,428.9243595057039,420.87033128977225,420.8992614746094,88517300
2023-08-25 00:00:00-04:00,422.62369316256587,425.1477928046301,419.0783933508206,423.8664855957031,102325100
2023-08-28 00:00:00-04:00,426.0534267072631,427.17097271429145,423.8665222680011,426.5544128417969,61595400
2023-08-29 00:00:00-04:00,426.4483287798158,432.9994560455783,426.265280717647,432.7200622558594,83081900
2023-08-30 00:00:00-04:00,433.05731299234867,435.1382574911251,432.35402143192493,434.5024108886719,69053900
2023-08-31 00:00:00-04:00,435.1190142078131,436.255817610441,433.6835595621321,433.8666076660156,66084600
2023-09-01 00:00:00-04:00,436.58338220970904,437.06508153807744,433.2211009052936,434.67584228515625,58944100
2023-09-05 00:00:00-04:00,434.23266409054196,434.55057269413254,432.72976461783867,432.79718017578125,55166200
2023-09-06 00:00:00-04:00,431.9879277285903,432.093916863234,427.56593166865076,429.8877258300781,70758500
2023-09-07 00:00:00-04:00,426.8915071469469,429.24220190465525,426.5446977895423,428.5678405761719,70355400
2023-09-08 00:00:00-04:00,428.61604594030854,430.74514868706615,428.25959315019446,429.2133483886719,61659700
2023-09-11 00:00:00-04:00,431.8338284325165,432.3444285728758,430.1286232997532,432.0361633300781,60180100
2023-09-12 00:00:00-04:00,430.59102153155527,432.11317840274216,429.0881220484013,429.6661376953125,67565400
2023-09-13 00:00:00-04:00,429.8877204342684,431.3231749266096,428.78943192828973,430.1671142578125,60199300
2023-09-14 00:00:00-04:00,432.6334271290332,434.5698383708397,431.332833106535,433.8761901855469,83430800
2023-09-15 00:00:00-04:00,432.2935551441486,432.6222625307114,428.2136712808251,428.6487121582031,111848900
2023-09-18 00:00:00-04:00,428.3393877167999,430.1956508895868,427.86566664070887,428.900146484375,55752200
2023-09-19 00:00:00-04:00,427.9815868766938,428.5713482483716,425.332573169419,428.0105895996094,66514600
2023-09-20 00:00:00-04:00,429.26743850526196,429.6831540306982,423.87269606637597,424.07574462890625,82562600
2023-09-21 00:00:00-04:00,421.23345141612367,421.4944759763419,416.9118677822532,417.0665588378906,104095800
2023-09-22 00:00:00-04:00,418.09131961695476,419.6865285568745,415.71297806578804,416.12872314453125,100829700
2023-09-25 00:00:00-04:00,414.92023546020613,417.91728222441265,414.4851650567311,417.8786315917969,70874500
2023-09-26 00:00:00-04:00,414.84285049792544,415.54862280920696,410.90798029741677,411.73944091796875,96168400
2023-09-27 00:00:00-04:00,412.9092856337623,413.4700443597365,408.26867230252077,411.90380859375,104705800
2023-09-28 00:00:00-04:00,411.3527373620953,415.964347748709,410.76297593705533,414.2917785644531,92258300
2023-09-29 00:00:00-04:00,417.3372277775056,417.5112441372113,411.76846823252566,413.2863464355469,115111300
2023-10-02 00:00:00-04:00,412.454856073705,414.3691244055631,410.36657139466814,413.1219482421875,83798600
2023-10-03 00:00:00-04:00,410.94664397430034,413.1799422139496,406.22867088652805,407.59185791015625,103760600
2023-10-04 00:00:00-04:00,408.0559666596498,411.3043900178651,406.59609392791054,410.5599670410156,87453000
2023-10-05 00:00:00-04:00,410.269877205424,411.2463514179395,407.1858225474584,410.4052429199219,70142700
2023-10-06 00:00:00-04:00,407.95917447310666,416.8150351299173,406.63466781286263,415.27783203125,113273300
2023-10-09 00:00:00-04:00,413.3829806224,418.5070215863633,412.8319288458573,417.9366149902344,80374400
2023-10-10 00:00:00-04:00,418.5650575162268,422.70294712015226,418.1686672417201,420.1119384765625,78607300
2023-10-11 00:00:00-04:00,421.17537943505704,422.08414129890025,418.79703802262225,421.8327941894531,62451700
2023-10-12 00:00:00-04:00,422.4419089154139,422.8189443567332,416.91182957643576,419.2611389160156,81154200
2023-10-13 00:00:00-04:00,420.75965970754623,421.95850789546967,415.60664534568787,417.1728515625,95143100
2023-10-16 00:00:00-04:00,419.4158131019472,422.6255856986061,419.1741138914331,421.5621032714844,75433200
2023-10-17 00:00:00-04:00,418.43937576892034,423.5924199141401,418.0913430371363,421.54278564453125,75324700
2023-10-18 00:00:00-04:00,419.77352121429993,420.73064064200355,414.8428514424272,415.9256591796875,93559800
2023-10-19 00:00:00-04:00,416.64108906158174,418.44899434083845,411.5944086302288,412.2711486816406,121323000
2023-10-20 00:00:00-04:00,411.8361348739324,412.3775387523352,407.09880668145956,407.2051696777344,123919900
2023-10-23 00:00:00-04:00,405.67757598059893,410.3568982821464,403.9276761980999,406.4993591308594,92035100
2023-10-24 00:00:00-04:00,408.6166155353714,410.714577336654,406.7700303151136,409.5640869140625,78564200
2023-10-25 00:00:00-04:00,407.8819596802007,407.9109624071266,403.17363397769196,403.68603515625,94223200
2023-10-26 00:00:00-04:00,402.6225515026816,403.47330792914914,397.9335809780985,398.8520202636719,115156800
2023-10-27 00:00:00-04:00,400.43759484678344,400.8339851009318,395.62293584989493,397.04412841796875,107367700
2023-10-30 00:00:00-04:00,399.82851071417565,402.84491222424634,398.53300645045545,401.7911071777344,86562700
2023-10-31 00:00:00-04:00,402.361504611754,404.63348310254605,400.45691364342605,404.314453125,79665200
2023-11-01 00:00:00-04:00,405.28129461149234,409.4385097088223,404.74953858461424,408.62640380859375,98068100
2023-11-02 00:00:00-04:00,412.41619465013827,416.61211901779166,412.39686933434086,416.4574279785156,94938900
2023-11-03 00:00:00-04:00,418.75837375712325,421.8037777300333,418.6326854543438,420.25689697265625,100167800
2023-11-06 00:00:00-05:00,421.0109973746679,421.66841210779677,419.2804228673673,421.22369384765625,67831700
2023-11-07 00:00:00-05:00,421.223666855701,423.0605747296388,420.08285380291056,422.4224853515625,64256100
2023-11-08 00:00:00-05:00,423.02196085453033,423.5440394282341,420.43095231056213,422.73193359375,61746000
2023-11-09 00:00:00-05:00,423.8727133946502,423.9113935278032,419.0097266771128,419.43511962890625,83174400
2023-11-10 00:00:00-05:00,421.5041020397778,426.28972875327344,419.42546520511473,425.9803466796875,89462200
2023-11-13 00:00:00-05:00,424.64616313137293,426.6764127794683,423.86306009469695,425.57427978515625,52236100
2023-11-14 00:00:00-05:00,431.50079597873554,435.1166069139446,431.2784220719966,433.8307800292969,97176900
2023-11-15 00:00:00-05:00,435.16489156652574,436.39274237985995,433.8983901244557,434.7491760253906,77327600
2023-11-16 00:00:00-05:00,434.30447059030485,435.59997479434537,433.24098818272,435.28094482421875,66665800
2023-11-17 00:00:00-05:00,435.2906012114316,436.43144390959674,434.37216191303287,435.8223571777344,83133200
2023-11-20 00:00:00-05:00,435.57099160312566,440.0182630951851,435.5613141930735,439.1771545410156,69936200
2023-11-21 00:00:00-05:00,438.13299304399567,439.0514618608499,436.9534996970191,438.2200012207031,49244600
2023-11-22 00:00:00-05:00,439.87321460582723,441.22672421241435,438.81940964411666,439.911865234375,59394900
2023-11-24 00:00:00-05:00,439.96027278304024,440.3759883694041,439.63156537724313,440.1826171875,29737400
2023-11-27 00:00:00-05:00,439.55417048077294,440.36627627306393,439.00308920962266,439.38983154296875,50506000
2023-11-28 00:00:00-05:00,439.00304598057033,441.1203331786689,438.44231685931027,439.8248291015625,62115000
2023-11-29 00:00:00-05:00,441.97114450802434,443.10230972873876,439.1191116939092,439.5154724121094,63146000
2023-11-30 00:00:00-05:00,440.35662667945024,441.59412543023933,438.28766732031204,441.2460632324219,79752700
2023-12-01 00:00:00-05:00,440.6369952391435,444.3881717849613,440.0472633152973,443.8564453125,89183400
2023-12-04 00:00:00-05:00,440.47265370720123,443.8757680204174,439.25448022667734,441.5264587402344,72430900
2023-12-05 00:00:00-05:00,440.14400972636804,442.3966337445715,439.7669447359603,441.43951416015625,69793500
2023-12-06 00:00:00-05:00,443.57603770145914,443.60504042530386,439.2254520989698,439.6605224609375,69124700
2023-12-07 00:00:00-05:00,441.73911050428126,443.6630266124851,441.13970123464765,443.0152893066406,66995400
2023-12-08 00:00:00-05:00,442.27087844484373,445.451648340426,442.02917923250493,444.919921875,83194400
2023-12-11 00:00:00-05:00,444.4268307846884,446.8244975103325,444.2141343049595,446.65045166015625,65002200
2023-12-12 00:00:00-05:00,446.30240990232363,448.78708475043413,445.30661038207074,448.6903991699219,68327600
2023-12-13 00:00:00-05:00,449.0674408996175,455.12927578193285,448.709730800554,454.8778991699219,93278000
2023-12-14 00:00:00-05:00,456.8115200961749,458.00069086527446,453.66943027540754,456.3377990722656,119026000
2023-12-15 00:00:00-05:00,455.7417134699126,456.9163018501235,453.7420397034311,455.5863952636719,141553700
2023-12-18 00:00:00-05:00,457.1880784913936,459.12951153664727,456.13000103660045,458.1490783691406,70375300
2023-12-19 00:00:00-05:00,458.69270565753243,461.012732509764,458.61506136543755,460.93505859375,55761800
2023-12-20 00:00:00-05:00,460.0808576886502,461.96405036999886,454.1206728290634,454.54779052734375,102921000
2023-12-21 00:00:00-05:00,457.5279117747337,459.12961810798345,455.11083655200457,458.8578186035156,86667500
2023-12-22 00:00:00-05:00,459.98377994700513,461.4592882220052,457.8870580411275,459.7799377441406,67160400
2023-12-26 00:00:00-05:00,460.18765521976536,462.62413389794295,460.109981297383,461.72137451171875,55387000
2023-12-27 00:00:00-05:00,461.5175394244562,462.70181495571654,460.9836571015111,462.55621337890625,68000300
2023-12-28 00:00:00-05:00,462.91530398929757,463.56566747559816,462.31346447997436,462.7308654785156,77158100
2023-12-29 00:00:00-05:00,462.5367654374911,463.06096072132885,459.4401769650659,461.3913269042969,122283100
2024-01-02 00:00:00-05:00,458.33359292378987,459.79938459581,456.7124830275094,458.8092346191406,123623700
2024-01-03 00:00:00-05:00,456.65418509885427,457.39193916554245,454.4603858132538,455.0622253417969,103585900
2024-01-04 00:00:00-05:00,454.5865557790852,457.1686653982138,453.3731600721968,453.596435546875,84232200
2024-01-05 00:00:00-05:00,453.80034274035296,456.66396886840727,452.7713854034213,454.2177734375,86118900
2024-01-08 00:00:00-05:00,454.71281340697016,460.8477500166702,454.5866154970485,460.7021484375,74879100
2024-01-09 00:00:00-05:00,458.05208481523704,461.02247554943773,457.54732279548995,460.00323486328125,65931400
2024-01-10 00:00:00-05:00,460.275022232607,463.4686883884697,459.99350610212235,462.604736328125,67310600
2024-01-11 00:00:00-05:00,463.6045274671268,464.1190060691037,458.43062113494074,462.4008483886719,77940700
2024-01-12 00:00:00-05:00,463.8472262405501,464.58498035155515,461.3136700813151,462.72119140625,58026400
2024-01-16 00:00:00-05:00,461.34278348918724,462.6532272077025,459.2071951071508,461.0224304199219,85014900
2024-01-17 00:00:00-05:00,458.0035093314712,458.9451056102245,456.11060012839494,458.4597473144531,68843900
2024-01-18 00:00:00-05:00,460.1294153145847,463.0900892897804,458.58597937392244,462.5367736816406,91856200
2024-01-19 00:00:00-05:00,463.66277131466796,468.5843115147551,462.5852901238366,468.30279541015625,110834500
2024-01-22 00:00:00-05:00,469.83656769535,471.0111265282756,468.6425755704272,469.29296875,75844900
2024-01-23 00:00:00-05:00,469.836566173897,470.9043307691421,468.7493682867175,470.6616516113281,49945300
2024-01-24 00:00:00-05:00,473.52526505734005,474.45714470411593,470.6810725123754,471.1761474609375,81765000
2024-01-25 00:00:00-05:00,473.30205721699724,474.0106911050473,471.17621480069516,473.7388916015625,72525000
2024-01-26 00:00:00-05:00,473.3117152908374,474.79691054106985,472.29247468488353,473.1369934082031,76641600
2024-01-29 00:00:00-05:00,473.4476261562877,477.0295728420406,472.9040272208165,476.8839416503906,61322800
2024-01-30 00:00:00-05:00,476.19475312019154,477.2237103899132,475.7579187820987,476.5151062011719,58618400
2024-01-31 00:00:00-05:00,474.3116203199268,474.7581417365117,468.7202822815869,468.7397155761719,126011100
2024-02-01 00:00:00-05:00,470.43839078044346,474.9036930669608,469.6326794127357,474.87457275390625,91891600
2024-02-02 00:00:00-05:00,475.3114294440355,481.52401044125736,474.9716726719537,479.8738098144531,99228200
2024-02-05 00:00:00-05:00,479.2428126687566,479.90289286822576,475.87442477356564,478.12646484375,75757100
2024-02-06 00:00:00-05:00,479.06809742412736,479.8446885622171,477.64114268330553,479.5146484375,55918600
2024-02-07 00:00:00-05:00,481.75695184930976,483.93134756331705,480.8541628931194,483.5139465332031,70556500
2024-02-08 00:00:00-05:00,483.51391920150996,484.1060420771884,482.6985208548494,483.72747802734375,52343600
2024-02-09 00:00:00-05:00,484.2322866772762,486.9599980744067,483.8925299274153,486.523193359375,63979400
2024-02-12 00:00:00-05:00,486.49406987855394,488.75582660767503,485.59128089218916,486.30963134765625,56502300
2024-02-13 00:00:00-05:00,480.04849815534635,482.53353038052535,476.3500701317823,479.6116638183594,113099200
2024-02-14 00:00:00-05:00,482.2423099561509,484.4555426281319,479.9222830533005,483.9701843261719,68387800
2024-02-15 00:00:00-05:00,484.66912826614583,487.49391729462275,484.1934569596569,487.3094787597656,61683000
2024-02-16 00:00:00-05:00,487.0085316428908,488.14425347916483,484.1449058140717,484.8826599121094,75532900
2024-02-20 00:00:00-05:00,483.14507545774694,483.8148722929186,479.970842787005,482.21319580078125,71736700
2024-02-21 00:00:00-05:00,480.9124629140013,482.8053426352379,479.1069145137689,482.6500244140625,59293400
2024-02-22 00:00:00-05:00,489.25088043870596,493.5996718242251,488.2898508655614,492.638671875,76402500
2024-02-23 00:00:00-05:00,494.35685563775104,495.1916873577398,492.25041710535265,492.97845458984375,61321800
2024-02-26 00:00:00-05:00,493.4152350521733,493.8520693709636,491.0466841824756,491.1728820800781,50386700
2024-02-27 00:00:00-05:00,491.8621728153631,492.3086942109039,489.96926336586625,492.0854187011719,48854500
2024-02-28 00:00:00-05:00,490.53220860244136,492.0174038220213,490.17304819868775,491.43499755859375,56506600
2024-02-29 00:00:00-05:00,493.19203416880555,494.8131144463538,490.5516835957709,493.20172119140625,83924800
2024-03-01 00:00:00-05:00,494.0753617325155,498.25911842016706,493.6676477127876,497.8320007324219,76844800
2024-03-04 00:00:00-05:00,497.03604251314806,499.1424809176813,497.00689257657365,497.298095703125,49799300
2024-03-05 00:00:00-05:00,495.2984852488147,495.7450362651965,490.1245782125844,492.3280944824219,72855600
2024-03-06 00:00:00-05:00,495.5993458504527,497.0748540345267,493.53174438668293,494.8227844238281,68382400
2024-03-07 00:00:00-05:00,498.1135085613306,500.78297909459656,494.88100583529064,499.7345886230469,58652100
2024-03-08 00:00:00-05:00,500.3655769656846,503.04470489035225,496.16235769149256,496.7350769042969,86532500
2024-03-11 00:00:00-04:00,495.53145243574386,496.8904498381802,493.6094227797772,496.3080139160156,62557200
2024-03-12 00:00:00-04:00,498.41443934118087,502.2293483869414,495.9002573325016,501.6469421386719,73114400
2024-03-13 00:00:00-04:00,501.9672879725168,502.14200986510485,499.4240150117718,500.86065673828125,55104100
2024-03-14 00:00:00-04:00,501.83132111592977,501.9866689472691,496.8321662856789,499.8705139160156,110171800
2024-03-15 00:00:00-04:00,496.80816405826874,498.2590460217431,494.77306623402836,496.4381408691406,107646300
2024-03-18 00:00:00-04:00,500.498619372016,501.93972478311895,498.9795987021718,499.3885498046875,88893300
2024-03-19 00:00:00-04:00,498.69724067048253,502.4460879024091,497.6942674328087,502.1637268066406,60755300
2024-03-20 00:00:00-04:00,502.22213711517423,506.94471696954355,501.5502591703246,506.8083801269531,69594600
2024-03-21 00:00:00-04:00,509.6418984195912,510.342957334889,508.200733818281,508.483154296875,60256100
2024-03-22 00:00:00-04:00,508.39551924735605,508.8823855528386,507.2854498071945,507.5191955566406,79070800
2024-03-25 00:00:00-04:00,506.1463075448143,507.26612405969263,505.9612959318849,506.11712646484375,48512100
2024-03-26 00:00:00-04:00,507.53866742888704,507.87950952715136,504.78304672651166,505.1822509765625,65463700
2024-03-27 00:00:00-04:00,508.00615306178463,509.466752240446,505.84443537276076,509.4277648925781,82999800
2024-03-28 00:00:00-04:00,509.46662856862366,510.82981847863687,509.04793070421056,509.3302917480469,96294900
2024-04-01 00:00:00-04:00,510.07039018205234,510.60593125263364,507.2854696375655,508.4442138671875,62477500
2024-04-02 00:00:00-04:00,504.62727251731803,505.34782527414643,502.9134932946272,505.2115478515625,74230300
2024-04-03 00:00:00-04:00,504.1208688391064,507.266065898289,504.0721940901131,505.7664794921875,59155800
2024-04-04 00:00:00-04:00,509.76853565111946,510.1093183056524,499.2911628340767,499.593017578125,96858100
2024-04-05 00:00:00-04:00,500.9465048519071,506.7694068986325,500.5083132867227,504.81219482421875,74546500
2024-04-08 00:00:00-04:00,505.5133313161047,506.51624504555883,504.28641866242464,505.0945739746094,48401800
2024-04-09 00:00:00-04:00,506.82779978442835,507.0712329255352,500.8393207404325,505.6788024902344,68049200
2024-04-10 00:00:00-04:00,499.9922448100833,502.6018412987628,498.6388015333815,500.6154479980469,82652800
2024-04-11 00:00:00-04:00,502.1343964769264,505.8345682969367,498.62898305416263,504.3934631347656,70099000
2024-04-12 00:00:00-04:00,500.85889444352966,502.27081877394835,495.70784003413945,497.4313659667969,92561100
2024-04-15 00:00:00-04:00,501.5989207934361,501.7644387082916,490.3522904966187,491.199462890625,92101400
2024-04-16 00:00:00-04:00,491.676555438244,493.19557596027215,489.018254666714,490.3035888671875,73484000
2024-04-17 00:00:00-04:00,492.7574466330574,492.92299427571044,486.0094858021586,487.40191650390625,75910300
2024-04-18 00:00:00-04:00,488.7943295112607,490.88784877913054,485.46415075166374,486.39892578125,74548100
2024-04-19 00:00:00-04:00,486.32110910602853,487.3143058583513,480.88766347352384,482.1535339355469,102212600
2024-04-22 00:00:00-04:00,484.75331996273405,489.18382142190774,482.4163675078979,486.59368896484375,67961000
2024-04-23 00:00:00-04:00,488.5995792337359,492.7963646750655,486.4086807205422,492.367919921875,64633600
2024-04-24 00:00:00-04:00,493.2540334865075,494.0427545951939,489.914137461728,492.1342468261719,55928100
2024-04-25 00:00:00-04:00,486.0678327855915,491.02412816029823,484.42222231211605,490.2646179199219,69122400
2024-04-26 00:00:00-04:00,493.0495298783495,496.4868049205615,492.4166096033967,494.90936279296875,64306100
2024-04-29 00:00:00-04:00,496.69128964862307,497.33395677101214,493.9258924563797,496.6620788574219,46415400
2024-04-30 00:00:00-04:00,495.20149000874,496.1752226900087,488.7943420410156,488.7943420410156,77483600
2024-05-01 00:00:00-04:00,488.2101273744075,494.84124497607075,486.7397814235659,487.2071838378906,80242800
2024-05-02 00:00:00-04:00,490.90730120185356,492.60161619088024,486.4281251448712,491.7641906738281,62550200
2024-05-03 00:00:00-04:00,497.73321224009646,499.08668524553275,495.20150126804214,497.85980224609375,72756700
2024-05-06 00:00:00-04:00,500.2551653379584,503.0400265445959,499.8169737447077,503.0010986328125,47264700
2024-05-07 00:00:00-04:00,503.9651034446084,504.9485829994704,502.8842743906612,503.55615234375,52561300
2024-05-08 00:00:00-04:00,501.72550045922026,504.14033844049237,501.6086572944442,503.60479736328125,42047200
2024-05-09 00:00:00-04:00,503.7897771689901,506.5454570669787,503.1373929681529,506.5064697265625,43643700
2024-05-10 00:00:00-04:00,508.1034582569593,508.9116730396104,505.94180018838176,507.1589660644531,52233200
2024-05-13 00:00:00-04:00,508.83376404779614,508.9408603825465,506.0878306657376,507.2270812988281,36716400
2024-05-14 00:00:00-04:00,507.4218746415022,510.07045870728615,506.8863334989738,509.5543518066406,57535900
2024-05-15 00:00:00-04:00,512.01781913004,516.1561825946173,511.3848691803367,515.8640747070312,59504900
2024-05-16 00:00:00-04:00,515.9614174721102,517.5583531460086,514.6565896819933,514.8026733398438,50244800
2024-05-17 00:00:00-04:00,514.9195824580145,515.6109540647997,513.4687302561026,515.5427856445312,59187600
2024-05-20 00:00:00-04:00,515.6596602461204,517.5973789121299,515.2701433728218,516.1367797851562,37764200
2024-05-21 00:00:00-04:00,515.3772666864285,517.5584184029028,515.1727614260365,517.402587890625,33437000
2024-05-22 00:00:00-04:00,516.7113097871478,517.4221156794935,513.7413773413039,515.912841796875,48390000
2024-05-23 00:00:00-04:00,518.9605990872589,519.0676954201629,510.93699174891134,512.1444702148438,57211200
2024-05-24 00:00:00-04:00,513.9846980938406,516.3411736344989,513.0402060562079,515.532958984375,41291100
2024-05-28 00:00:00-04:00,516.3412489766735,516.5749353115505,513.2642204156563,515.893310546875,36269600
2024-05-29 00:00:00-04:00,511.871810616093,513.4589997088932,511.56995584928654,512.28076171875,45190300
2024-05-30 00:00:00-04:00,510.7422784507473,511.4044095336918,507.6360688600374,508.8824157714844,46377600
2024-05-31 00:00:00-04:00,509.8367164200918,513.6439850215788,504.7440541264526,513.5173950195312,90785800
2024-06-03 00:00:00-04:00,515.1240809646227,515.4064420460951,508.87267437322015,513.9360961914062,46835700
2024-06-04 00:00:00-04:00,512.6312623824123,515.250605333056,511.17066354967966,514.5105590820312,34632700
2024-06-05 00:00:00-04:00,516.8280887412405,520.645104022442,514.8416361330836,520.6256103515625,47610400
2024-06-06 00:00:00-04:00,520.927446289771,521.3558910101924,518.6878732006264,520.6158447265625,30808500
2024-06-07 00:00:00-04:00,519.6421901069427,522.7873872843439,518.55161418802,519.9830322265625,43224500
2024-06-10 00:00:00-04:00,519.1747616812378,521.9109480214009,518.5807990347079,521.589599609375,35686100
2024-06-11 00:00:00-04:00,520.0414700499772,522.9042467845098,518.0745108271142,522.8458251953125,36383400
2024-06-12 00:00:00-04:00,527.4028194115604,529.8274041983666,526.1077383475028,527.139892578125,63251300
2024-06-13 00:00:00-04:00,528.882796466686,529.0580611733634,525.4163113712748,528.201171875,44760900
2024-06-14 00:00:00-04:00,526.6726498510748,528.5519471953481,525.6696764478946,528.5227661132812,40089900
2024-06-17 00:00:00-04:00,527.8410283318889,534.1216160104203,527.3833430672393,532.7291259765625,55839500
2024-06-18 00:00:00-04:00,532.7875604635906,534.2092316077063,532.3688625324717,534.0826416015625,41376400
2024-06-20 00:00:00-04:00,535.0077463215187,535.6698774866474,530.8596351285086,532.6318359375,70328200
2024-06-21 00:00:00-04:00,531.8102827682807,533.0313753907063,530.4621917432297,531.917724609375,64338600
2024-06-24 00:00:00-04:00,531.7418545665156,534.3012597413704,530.0713785197397,530.1885986328125,45528700
2024-06-25 00:00:00-04:00,531.4097461795637,532.5917853363576,529.8956032092343,532.2303466796875,37936200
2024-06-26 00:00:00-04:00,531.1166742934914,533.6076912884868,530.4719636310322,532.8945922851562,38550600
2024-06-27 00:00:00-04:00,532.7576842601343,534.3109399086211,532.0152505978965,533.7345581054688,35041500
2024-06-28 00:00:00-04:00,534.5063503169283,537.5542520433446,530.3937489459842,531.6343383789062,76144500
2024-07-01 00:00:00-04:00,533.0117876323043,533.2560061424955,529.9737236752046,532.728515625,40297800
2024-07-02 00:00:00-04:00,531.1264605772033,536.3136596679688,531.0776287968915,536.3136596679688,40434800
2024-07-03 00:00:00-04:00,536.0010100914286,539.068408833479,535.9619565950238,538.7069702148438,32789900
2024-07-05 00:00:00-04:00,539.0097918869257,542.2139076372644,538.3747999305978,541.8134155273438,41488400
2024-07-08 00:00:00-04:00,542.5949943367658,543.3862600338458,541.3739016175886,542.438720703125,36110500
2024-07-09 00:00:00-04:00,543.3959524424528,544.2946598471173,542.6730752067231,542.9661254882812,27289700
2024-07-10 00:00:00-04:00,544.1872136667199,548.6808102777995,543.894163387503,548.3389282226562,38701200
2024-07-11 00:00:00-04:00,548.4560949063842,549.3255270030801,542.9758465360856,543.6107788085938,53054200
2024-07-12 00:00:00-04:00,544.7341429184617,550.6344392173721,544.2652625731204,547.03955078125,53084400
2024-07-15 00:00:00-04:00,549.0325654558818,551.7775792240066,546.6880438244344,548.5441284179688,40584300
2024-07-16 00:00:00-04:00,549.8531491181022,552.090169461466,549.1009369415549,551.797119140625,36475300
2024-07-17 00:00:00-04:00,545.8771519032762,547.5476278240299,543.7377955656038,544.0601806640625,57119000
2024-07-18 00:00:00-04:00,545.5939606590898,546.5806130354061,537.7008012722223,539.8792114257812,56270400
2024-07-19 00:00:00-04:00,539.644738170822,541.2663824595259,535.2390267295067,536.2940673828125,65509100
2024-07-22 00:00:00-04:00,540.2113760766848,542.4288993582354,538.277184442637,541.8232421875,43346700
2024-07-23 00:00:00-04:00,541.7157018138391,543.8648365993427,540.484890622907,540.9733276367188,34439600
2024-07-24 00:00:00-04:00,536.1670544374522,536.4698829953903,527.7952370228695,528.7135009765625,74515300
2024-07-25 00:00:00-04:00,528.8308137450439,534.7995603016705,525.0210402154329,525.9588012695312,61158300
2024-07-26 00:00:00-04:00,529.7393433023149,534.535769150024,528.9675745637637,531.849365234375,53763800
2024-07-29 00:00:00-04:00,533.3927359573876,534.3988851266782,530.169004207153,532.161865234375,39515800
2024-07-30 00:00:00-04:00,533.6271909452782,534.6822315404584,526.0661958644091,529.4656982421875,46853600
2024-07-31 00:00:00-04:00,536.284203519186,540.6996925359946,534.9166158614872,538.0718994140625,65663400
2024-08-01 00:00:00-04:00,539.7912440920945,542.0380422456446,526.955106117804,530.4523315429688,76428700
2024-08-02 00:00:00-04:00,523.3603002519518,524.5716145988897,516.3756265717791,520.5762329101562,82789100
2024-08-05 00:00:00-04:00,499.80785259777787,511.4717311244644,498.4695101090915,505.41510009765625,146267400
2024-08-06 00:00:00-04:00,507.2125052074326,517.4990173620844,505.89374911647377,510.0747985839844,84826300
2024-08-07 00:00:00-04:00,516.2485672171777,519.2964689099484,506.06955696870784,506.6654357910156,70698300
2024-08-08 00:00:00-04:00,511.79399346845105,519.0033278281719,509.7719169059722,518.378173828125,63276600
2024-08-09 00:00:00-04:00,517.5576103421191,522.1489300560904,516.3365178449808,520.6640625,45619600
2024-08-12 00:00:00-04:00,521.8559471668351,523.3407552909962,518.6713279832952,520.9376831054688,42542100
2024-08-13 00:00:00-04:00,524.1222955084382,529.7393216479126,523.878076980635,529.5048217773438,52333100
2024-08-14 00:00:00-04:00,530.2960214933445,532.3572709257232,527.6291745808618,531.1752319335938,42446900
2024-08-15 00:00:00-04:00,536.7922766972661,540.5629961238054,536.1866195717042,540.2797241210938,60846800
2024-08-16 00:00:00-04:00,538.6678476452682,542.1846298407453,538.5115740387317,541.4910278320312,44430700
2024-08-19 00:00:00-04:00,541.9013070349608,546.66845703125,541.0514314058853,546.66845703125,39121800
2024-08-20 00:00:00-04:00,546.2190851764095,547.8700045132335,544.4411674580102,545.7794799804688,33732300
2024-08-21 00:00:00-04:00,546.8247103491519,549.110561836859,541.9012278396601,547.655029296875,41514600
2024-08-22 00:00:00-04:00,549.5502187339081,550.155875826028,542.1454973391976,543.3568115234375,56121500
2024-08-23 00:00:00-04:00,546.5904001832064,550.0680696349215,544.4021520897437,549.1302490234375,50639400
2024-08-26 00:00:00-04:00,550.1559715338451,550.8690705771505,546.1214765619129,547.8212280273438,35788600
2024-08-27 00:00:00-04:00,546.5512887213379,549.0618623501647,545.4083627021253,548.5734252929688,32693900
2024-08-28 00:00:00-04:00,548.2315309438809,548.661357929549,542.204174863817,545.3887939453125,41066000
2024-08-29 00:00:00-04:00,547.3523779928099,550.6444392611328,544.2947569915759,545.4376831054688,38715200
2024-08-30 00:00:00-04:00,547.8017316610252,551.1524028130747,544.2556737558524,550.6444091796875,62700100
2024-09-03 00:00:00-04:00,547.5084877669302,547.8406511283397,536.801987949737,539.3125610351562,60600100
2024-09-04 00:00:00-04:00,537.4761456891545,541.6083040829072,536.7532683896355,538.2088012695312,47224900
2024-09-05 00:00:00-04:00,538.1501466111926,540.9928237930679,534.4477558926965,536.8997192382812,44264300
2024-09-06 00:00:00-04:00,537.2220554393132,538.8436399407501,526.964879098129,527.8635864257812,68493800
2024-09-09 00:00:00-04:00,532.0544335310877,535.043665505135,530.1299607989381,533.773681640625,40445800
2024-09-10 00:00:00-04:00,535.6786451567546,536.4504138231891,530.8138314182086,536.0986938476562,36394600
2024-09-11 00:00:00-04:00,536.0108196239122,542.5167747623394,527.4729497044474,541.5985107421875,75248600
2024-09-12 00:00:00-04:00,542.1748597619055,546.4633510224045,539.9573366553728,546.1605224609375,51819600
2024-09-13 00:00:00-04:00,546.7662020730168,550.0094311099382,546.5122052774053,549.0130004882812,39310500
2024-09-16 00:00:00-04:00,548.7491943236346,550.0875069413107,546.9517795427174,549.8237915039062,36656100
2024-09-17 00:00:00-04:00,552.0315464267048,553.4773606816602,547.8212213158272,550.0485229492188,49321000
2024-09-18 00:00:00-04:00,550.7028435611916,555.5383809459731,547.8601669493836,548.4169921875,59044900
2024-09-19 00:00:00-04:00,557.8049085738365,559.6316584337985,554.9426745171918,557.7755737304688,75315500
2024-09-20 00:00:00-04:00,556.4096807844697,557.8500616857909,553.793383536953,556.8114013671875,77503100
2024-09-23 00:00:00-04:00,557.8794446150124,558.8495067502496,556.6643550711399,558.2027587890625,44116900
2024-09-24 00:00:00-04:00,558.9964258828836,559.8587165873663,556.1743944512203,559.7999267578125,46805700
2024-09-25 00:00:00-04:00,559.6431398003925,560.3780425284191,557.4579883539482,558.5652465820312,38428600
2024-09-26 00:00:00-04:00,562.8179934718497,563.1413674659622,558.428192996937,560.7798461914062,48336000
2024-09-27 00:00:00-04:00,561.8479471107624,562.6611965458859,558.9377006949258,559.966552734375,42100900
2024-09-30 00:00:00-04:00,558.9376557740085,562.8179640810873,556.6447925339722,562.21044921875,63557400
2024-10-01 00:00:00-04:00,561.8576367225866,562.5043247858904,554.6065728022052,557.173828125,72668800
2024-10-02 00:00:00-04:00,556.282242548741,558.4281611024765,553.8913563966638,557.4090576171875,38097800
2024-10-03 00:00:00-04:00,555.9391917508498,558.3300776437013,554.1068390984451,556.3899536132812,40846500
2024-10-04 00:00:00-04:00,560.828843806913,561.8185225581165,556.6643942780399,561.4461669921875,42939100
2024-10-07 00:00:00-04:00,559.7999074826037,560.446655391967,555.2239297880301,556.370361328125,49964700
2024-10-08 00:00:00-04:00,558.9376197622599,562.230029540932,558.0655806170524,561.6322631835938,37398700
2024-10-09 00:00:00-04:00,561.6224145456196,566.0808720947961,561.0247080377793,565.5223388671875,37912200
2024-10-10 00:00:00-04:00,564.1799758679994,565.9535388259317,562.9257131010544,564.53271484375,44138100
2024-10-11 00:00:00-04:00,564.4542980317323,568.6481717987969,564.3171018304082,567.9132690429688,42268000
2024-10-14 00:00:00-04:00,569.5202272995722,573.4887501402064,569.0401003876937,572.557861328125,36217200
2024-10-15 00:00:00-04:00,572.8224884018784,573.1262458468478,566.8942243784207,568.1093139648438,54203600
2024-10-16 00:00:00-04:00,568.1093193754714,571.097912292803,567.3058184280349,570.5785522460938,30725400
2024-10-17 00:00:00-04:00,574.1158386665669,574.3216329805343,570.4413246734956,570.6275024414062,34393700
2024-10-18 00:00:00-04:00,572.3129579783322,573.6063941876963,570.852960533333,572.822509765625,37416800
2024-10-21 00:00:00-04:00,572.0973176864316,573.0771881011084,568.912738838732,571.8817749023438,36439000
2024-10-22 00:00:00-04:00,569.3536780068462,572.7342428128154,568.697181591541,571.5780029296875,34183800
2024-10-23 00:00:00-04:00,569.5594196255329,570.0003732214365,562.8570804647936,566.355224609375,49314600
2024-10-24 00:00:00-04:00,568.3052337104026,568.3836400907534,564.9639018539431,567.5801391601562,34979900
2024-10-25 00:00:00-04:00,569.8044050522926,572.6950344865168,566.443456997856,567.3840942382812,47268200
2024-10-28 00:00:00-04:00,570.8528344834444,570.9802224021391,568.834304134212,569.1380615234375,30174700
2024-10-29 00:00:00-04:00,568.1778707648036,571.1762720247682,566.7864714367279,570.0592651367188,42899700
2024-10-30 00:00:00-04:00,569.5888588084969,571.5780244818477,567.6291179550885,568.3346557617188,41435800
2024-10-31 00:00:00-04:00,563.9741674152153,564.0427655154251,556.9974954170759,557.1934814453125,60182500
2024-11-01 00:00:00-04:00,559.8196194970722,563.9644525610958,559.1336981878939,559.5452270507812,45667500
2024-11-04 00:00:00-05:00,559.6822611574623,560.9756970155746,556.4585096866238,558.33984375,38217000
2024-11-05 00:00:00-05:00,559.251198693126,565.1304208425688,559.0356559214524,565.0912475585938,39478300
2024-11-06 00:00:00-05:00,577.3396500855225,580.0146771322202,573.6063462638446,579.142578125,68182000
2024-11-07 00:00:00-05:00,581.1415036340469,584.6396478381987,581.0630972629532,583.6205444335938,47233200
2024-11-08 00:00:00-05:00,584.1693851078007,587.5695668763649,584.1693851078007,586.1487426757812,46444900
2024-11-11 00:00:00-05:00,587.7361274635068,588.0888664930864,584.9826937261699,586.707275390625,37586800
2024-11-12 00:00:00-05:00,586.6287204841349,587.2264269895784,582.4054820528869,584.8845825195312,43006100
2024-11-13 00:00:00-05:00,585.3451316888757,587.1676761411395,582.9836705187753,585.1687622070312,47388600
2024-11-14 00:00:00-05:00,585.2961219646461,585.7762488320935,580.7201445096133,581.406005859375,38904100
2024-11-15 00:00:00-05:00,577.8491633593196,578.3195418358689,572.1071369723535,573.9591064453125,75988800
2024-11-18 00:00:00-05:00,574.4196493771738,577.6238450144261,573.5574183688442,576.3108520507812,37001700
2024-11-19 00:00:00-05:00,572.9400384688264,579.142574989824,572.2737337790142,578.41748046875,49412000
2024-11-20 00:00:00-05:00,578.495884693383,578.8976052377521,572.8616299600318,578.6134643554688,50032600
2024-11-21 00:00:00-05:00,581.455141177832,583.1404896221547,575.6249001169805,581.7196655273438,46750300
2024-11-22 00:00:00-05:00,581.7099087255345,584.1498365668012,581.210224996001,583.522705078125,38226400
2024-11-25 00:00:00-05:00,587.4518855330788,588.7648782973704,583.2188384863542,585.501953125,42441400
2024-11-26 00:00:00-05:00,586.7463470552605,589.2254477201681,586.0310608458545,588.5591430664062,45621300
2024-11-27 00:00:00-05:00,588.3730114334577,588.755115442667,585.2570306878304,586.7758178710938,34000200
2024-11-29 00:00:00-05:00,587.5890586237147,591.2047827973582,587.3147260107087,590.4208984375,30177400
2024-12-02 00:00:00-05:00,590.832500010613,592.1553610993941,590.342564749557,591.479248046875,31746000
2024-12-03 00:00:00-05:00,591.2439870884159,591.9984465923378,590.2151351783115,591.7534790039062,26906600
2024-12-04 00:00:00-05:00,593.438872844782,595.6729460981672,592.7725681970518,595.427978515625,42787600
2024-12-05 00:00:00-05:00,595.4280516027892,596.2315525489399,594.0954421437544,594.4481811523438,28762200
2024-12-06 00:00:00-05:00,595.212403953603,596.8095972909788,594.800875182747,595.574951171875,31241500
2024-12-09 00:00:00-05:00,595.457476264727,595.6240374954255,591.9201582931329,592.508056640625,34742700
2024-12-10 00:00:00-05:00,593.1841677805376,593.605504896008,590.0093971009587,590.6658935546875,37234500
2024-12-11 00:00:00-05:00,593.5859415432025,596.1825623151827,593.3115491139272,595.2321166992188,28677700
2024-12-12 00:00:00-05:00,594.3698085144841,594.9380902901107,592.1651000976562,592.1651000976562,31543800
2024-12-13 00:00:00-05:00,594.1934038090473,594.9086900260288,590.6756429397628,592.0474853515625,35904700
2024-12-16 00:00:00-05:00,593.8013634964105,595.5455612250375,593.0272875396962,594.575439453125,43695200
2024-12-17 00:00:00-05:00,592.0278303510687,592.9880840930309,590.7540109408761,592.1257934570312,55773500
2024-12-18 00:00:00-05:00,591.822175937033,594.2032541174319,574.0963517696575,574.478515625,108248700
2024-12-19 00:00:00-05:00,579.456191269411,581.0631932062172,574.0570953688857,574.3020629882812,85919500
2024-12-20 00:00:00-05:00,571.9778279294948,585.7225012446567,571.132257605004,581.199951171875,125716700
2024-12-23 00:00:00-05:00,580.9443313472664,585.2800771480029,577.7686569320756,584.6803588867188,57635800
2024-12-24 00:00:00-05:00,586.0272849416975,591.2184422848073,585.4471892507113,591.1790771484375,33160100
2024-12-26 00:00:00-05:00,589.4093887705021,592.3392110668057,588.0133066034633,591.2184448242188,41219100
2024-12-27 00:00:00-05:00,587.4823797773107,587.7183905820746,580.8165297326684,584.9949951171875,64969300
2024-12-30 00:00:00-05:00,577.9948115421023,581.7799853973963,574.5733451400716,578.3192138671875,56578800
2024-12-31 00:00:00-05:00,579.9807007946825,580.698454354243,574.583117216775,576.2152099609375,57052700
2025-01-02 00:00:00-05:00,579.4695486945864,581.180251846637,570.7291685588775,574.7994995117188,50204000
2025-01-03 00:00:00-05:00,577.6408633877121,582.6254735449975,576.5593423217554,581.9864501953125,37888500
2025-01-06 00:00:00-05:00,586.2337670283534,589.6060270134918,583.608664526265,585.3390502929688,47679400
2025-01-07 00:00:00-05:00,587.3643167301589,587.6887790314382,576.903452910936,578.7222900390625,60393100
2025-01-08 00:00:00-05:00,578.7911287868388,580.6394897953063,575.3500401020275,579.5678100585938,47304700
2025-01-10 00:00:00-05:00,576.0185903209236,576.0874192959229,568.8119506064235,570.7192993164062,73105000
2025-01-13 00:00:00-05:00,566.0788468496604,571.9581742427216,565.6658729466735,571.604248046875,47910100
2025-01-14 00:00:00-05:00,574.5242054496483,575.1534475548353,568.6153544470202,572.3907470703125,48420600
2025-01-15 00:00:00-05:00,580.3937768602567,583.9430001285099,579.2827918470954,582.8025512695312,56900200
2025-01-16 00:00:00-05:00,584.1691475266347,584.346110636513,580.9836915331506,581.6817626953125,43319700
2025-01-17 00:00:00-05:00,586.9121689712896,589.2717368825727,585.5848557638515,587.521728515625,58070600
2025-01-21 00:00:00-05:00,590.5596519481012,592.9094384516549,588.5933154613438,592.8995971679688,42532900
2025-01-22 00:00:00-05:00,595.7213382459036,597.5893820777127,595.1707663809229,596.2326049804688,48196000
2025-01-23 00:00:00-05:00,595.6033506126263,599.4868774414062,595.3280946897063,599.4868774414062,41152100
2025-01-24 00:00:00-05:00,599.5459337435196,600.4996383180872,596.5865871884719,597.7368774414062,34604700
2025-01-27 00:00:00-05:00,584.7984314522485,589.5962983553967,584.6313096156265,589.2816772460938,70361100
2025-01-28 00:00:00-05:00,590.5105293609671,595.1805787054238,587.1972570477369,594.3449096679688,44433300
2025-01-29 00:00:00-05:00,593.5583059073574,593.9614384934404,589.1340487911447,591.6804809570312,37177400
2025-01-30 00:00:00-05:00,593.7943615542468,596.3898803192325,590.6088457833347,594.8561401367188,39281300
2025-01-31 00:00:00-05:00,597.2746959271392,599.6933113603776,590.9332488823969,591.6903076171875,66566900
2025-02-03 00:00:00-05:00,582.6943625959686,590.1861005375324,580.5510628181718,587.7085571289062,65857200
2025-02-04 00:00:00-05:00,587.7674745011321,592.1622076462813,587.2267439810199,591.6510009765625,33457800
2025-02-05 00:00:00-05:00,590.5301060707824,594.1973039066477,588.5047821710853,594.0498046875,30653100
2025-02-06 00:00:00-05:00,595.7901006731433,596.2423796576439,592.4866698522919,596.1145629882812,35771500
2025-02-07 00:00:00-05:00,596.6750666805723,597.8941858585465,589.9501686239648,590.6580810546875,50788500
2025-02-10 00:00:00-05:00,593.8631663388722,595.3083949100401,592.5948408497425,594.6693115234375,26048700
2025-02-11 00:00:00-05:00,592.4080280097315,595.662312577201,592.2900526181724,595.12158203125,30056700
2025-02-12 00:00:00-05:00,589.1144530437037,594.3743794070193,588.4360645213627,593.2044067382812,45076100
2025-02-13 00:00:00-05:00,594.3055902381474,599.6737110792319,593.047165943141,599.4672241210938,40921300
2025-02-14 00:00:00-05:00,599.6736338799176,600.7059485220444,598.8182823186273,599.4376831054688,26910400
2025-02-18 00:00:00-05:00,600.5978525430173,601.1975708007812,598.1399318067746,601.1975708007812,26749000
2025-02-19 00:00:00-05:00,599.8113366176324,602.908280775238,599.3000698962699,602.6133422851562,31011100
2025-02-20 00:00:00-05:00,601.2467110134413,601.3843689751305,596.8028311734677,600.1062622070312,36554000
2025-02-21 00:00:00-05:00,599.8899309928074,600.0275889538111,589.3798596850504,589.8419799804688,76519800
2025-02-24 00:00:00-05:00,591.8869345556642,592.8799440315161,586.4499856464254,587.1578979492188,50737200
2025-02-25 00:00:00-05:00,587.0989070332523,587.8264418905826,579.636634088407,584.2378540039062,58266500
2025-02-26 00:00:00-05:00,585.8994552001853,589.488043359785,581.8979531727184,584.5328369140625,43321600
2025-02-27 00:00:00-05:00,586.8040113591791,587.9543615454245,574.8094053796542,575.20263671875,74196700
2025-02-28 00:00:00-05:00,575.7039886670112,584.70978328648,572.636508577737,584.1788940429688,88744100
2025-03-03 00:00:00-05:00,586.1452445030724,587.2857532860544,570.1392964764723,573.9441528320312,74249200
2025-03-04 00:00:00-05:00,569.9525173224438,575.5369060706639,562.6180601948478,567.1504516601562,109648200
2025-03-05 00:00:00-05:00,566.9832562516485,575.03540599116,563.4340335479696,573.2460327148438,71230500
2025-03-06 00:00:00-05:00,565.7937090893346,570.4047711019521,560.523941077153,563.0703735351562,80094900
2025-03-07 00:00:00-05:00,561.2907933786839,567.6715458955733,556.1094773560538,566.2262573242188,81158800
2025-03-10 00:00:00-04:00,558.0364891964213,559.9536192631458,546.2384702857362,551.1444702148438,99326600
2025-03-11 00:00:00-04:00,549.9843324603625,554.5265648872522,542.7285461144836,546.5628662109375,88102100
2025-03-12 00:00:00-04:00,552.7078229789611,553.6320037761908,544.3705732390795,549.46337890625,69588200
2025-03-13 00:00:00-04:00,549.0896174558009,549.6991769603108,540.4279077137791,542.1386108398438,74079400
2025-03-14 00:00:00-04:00,546.7496748611676,554.3397648685512,542.2074423986709,553.3369140625,62660300
2025-03-17 00:00:00-04:00,553.3172833424321,560.1208513978755,552.8846868765244,557.6039428710938,49008700
2025-03-18 00:00:00-04:00,555.2934322950165,555.5097605205915,549.6500559715837,551.5770874023438,66041400
2025-03-19 00:00:00-04:00,553.3566775077279,561.3399999727566,552.1768634471969,557.5842895507812,66556000
2025-03-20 00:00:00-04:00,553.848245552193,560.966374832501,553.1304918485869,555.9718627929688,62958200
2025-03-21 00:00:00-04:00,551.5205297947124,557.0526817242638,550.2878724028328,556.1552734375,83763000
2025-03-24 00:00:00-04:00,562.880651498493,567.1703352751009,562.2890000340255,566.1151733398438,58766800
2025-03-25 00:00:00-04:00,567.3181993393742,568.4127846067184,565.73055113845,567.4760131835938,38355700
2025-03-26 00:00:00-04:00,567.2098236237739,568.3340217234003,559.3208155225726,560.701416015625,51848300
2025-03-27 00:00:00-04:00,559.3109298319079,562.9793497998379,557.1020172521603,559.2123413085938,42164200
2025-03-28 00:00:00-04:00,557.6838014665011,558.4135249923543,547.3689030262066,547.95068359375,71662700
2025-03-31 00:00:00-04:00,542.201606334121,552.93066066187,539.2826520783074,551.6289672851562,95328200
2025-04-01 00:00:00-04:00,549.7158288612504,555.1296497708261,545.998115405224,553.1869506835938,54609600
2025-04-02 00:00:00-04:00,547.3491617248258,559.5475341360295,547.1125011420022,556.6878051757812,76014500
2025-04-03 00:00:00-04:00,537.5470145495102,540.3673198616506,529.2537231445312,529.2537231445312,125986000
2025-04-04 00:00:00-04:00,516.4044915082214,518.5739803507369,498.05270443606094,498.2696533203125,217965100
2025-04-07 00:00:00-04:00,482.40291724281104,515.9114550791749,475.115432610906,497.3821716308594,256611400
2025-04-08 00:00:00-04:00,514.6196468974629,517.6963548854247,482.3733480760591,489.591796875,165816600
2025-04-09 00:00:00-04:00,486.59399925019795,541.0084228515625,486.20939567811143,541.0084228515625,241867300
2025-04-10 00:00:00-04:00,524.7866027854379,526.0981670837639,502.25365007002944,517.3019409179688,162331200
2025-04-11 00:00:00-04:00,515.7536352571723,528.9874258955272,512.8544231608307,526.531982421875,97866300
2025-04-14 00:00:00-04:00,536.5017912856171,536.7286411738348,526.453165817952,531.6401977539062,68034000
2025-04-15 00:00:00-04:00,532.1825399641931,535.6931457102869,529.3622343758641,530.151123046875,56892900
2025-04-16 00:00:00-04:00,524.3033791384568,530.4272422697393,513.0713913810127,518.3668823242188,83484800
2025-04-17 00:00:00-04:00,520.3194209498447,523.8004136549424,516.6411308627585,519.1064453125,79868100
2025-04-21 00:00:00-04:00,513.9293002870572,514.4618467446136,501.40552056556845,506.7503356933594,69368100
2025-04-22 00:00:00-04:00,512.9235348557764,521.9564215250564,511.9867032226325,519.9348754882812,75948100
2025-04-23 00:00:00-04:00,532.9320165359907,537.8626460694973,526.4729038847668,527.9915161132812,90590700
2025-04-24 00:00:00-04:00,529.2734571828396,539.8348871004667,528.0211182344198,539.1051635742188,64150400
2025-04-25 00:00:00-04:00,539.0657336001437,543.4046513367819,536.1467793425768,543.0003662109375,61119600
2025-04-28 00:00:00-04:00,543.7400050325934,545.8700106135369,537.4583875113086,543.2074584960938,47613800
2025-04-29 00:00:00-04:00,541.2943585019403,547.7436606136026,540.9393676118534,546.6293334960938,47775100
2025-04-30 00:00:00-04:00,539.9729233205555,548.7987614609631,534.0068741379372,546.84619140625,93101500
2025-05-01 00:00:00-04:00,552.595342895286,556.2440206119321,550.1201573586014,550.7216796875,63186100
2025-05-02 00:00:00-04:00,556.894803218062,560.4941864598073,554.5774316657111,558.8966674804688,60717300
2025-05-05 00:00:00-04:00,554.7648117792631,558.7882219920989,553.9068871278389,555.6917724609375,38659200
2025-05-06 00:00:00-04:00,550.1892553966732,555.5340413030556,549.2327420958744,551.0471801757812,48264700
2025-05-07 00:00:00-04:00,552.3784371058738,555.9975022415719,548.3254139860352,553.3645629882812,55588000
2025-05-08 00:00:00-04:00,557.3977713110521,562.3974366423718,553.9069074354913,557.2202758789062,65130800
2025-05-09 00:00:00-04:00,558.6205786168767,559.6264462916283,554.9522191721212,556.5103149414062,37603400
2025-05-12 00:00:00-04:00,573.4026196086874,574.9114211824733,569.0340889310521,574.9015502929688,78993600
2025-05-13 00:00:00-04:00,575.3157161654024,580.907093658496,574.7536773375426,578.6981811523438,67947200
2025-05-14 00:00:00-04:00,579.6546629482465,580.8084133986617,577.4161378946785,579.437744140625,66283500
2025-05-15 00:00:00-04:00,577.4359031534708,582.77081800724,576.9822635531588,582.2679443359375,71268100
2025-05-16 00:00:00-04:00,583.0469103495059,586.2518193704545,581.1042713102905,585.9559936523438,76052100
2025-05-19 00:00:00-04:00,579.9405744991373,587.2773530559552,579.9405744991373,586.596923828125,68168500
2025-05-20 00:00:00-04:00,584.8614155899625,585.8080578995526,581.419785763877,584.6246948242188,60614500
2025-05-21 00:00:00-04:00,580.2759146876367,584.3584902721909,573.7477661832594,574.7733154296875,95197700
2025-05-22 00:00:00-04:00,574.5760350084579,578.4811148637216,573.3433777523152,575.0001220703125,70860400
2025-05-23 00:00:00-04:00,567.988738706783,573.7378691727489,567.6140060747297,571.0753173828125,76029000
2025-05-27 00:00:00-04:00,577.938827709351,583.1061179228353,570.4048112020747,582.9483642578125,72588500
2025-05-28 00:00:00-04:00,583.3526236048898,584.545857588394,578.8460211072919,579.5757446289062,68445500
2025-05-29 00:00:00-04:00,584.8318350718904,584.9699071457442,577.9388245287198,581.8635864257812,69973300
2025-05-30 00:00:00-04:00,580.7591289651484,582.9286180198035,575.1480700909575,581.2127685546875,90601200
2025-06-02 00:00:00-04:00,579.6052986473595,584.5654800276525,576.9427470010985,584.4866333007812,61630500
2025-06-03 00:00:00-04:00,584.121791379625,588.7960181097066,583.6385391723649,587.8197631835938,63606200
2025-06-04 00:00:00-04:00,588.6776647088699,589.6539195966438,587.2280285207049,587.6619262695312,57314200
2025-06-05 00:00:00-04:00,589.3384339818148,590.6894216670538,582.8497086239531,584.8219604492188,92278700
2025-06-06 00:00:00-04:00,590.3540722792903,592.4940086999786,588.5790577947733,590.8274536132812,66588700
2025-06-09 00:00:00-04:00,591.3994087206146,592.9082102708385,590.1864930975049,591.3599853515625,53016400
2025-06-10 00:00:00-04:00,591.8924030034493,595.0973118762876,590.7781362147839,594.7127685546875,66247000
2025-06-11 00:00:00-04:00,595.8074157747775,596.6653405011278,590.9556931519085,593.0166625976562,73658200
2025-06-12 00:00:00-04:00,591.6853731206485,595.3734741210938,591.2021810906274,595.3734741210938,64129000
2025-06-13 00:00:00-04:00,590.1962907494013,593.4997881009825,587.2181715759101,588.7171020507812,89506000
2025-06-16 00:00:00-04:00,592.0700235861916,596.0638215052488,591.8924679557008,594.318359375,79984100
2025-06-17 00:00:00-04:00,591.8826784891205,593.401290785268,588.480531921813,589.2398681640625,82209400
2025-06-18 00:00:00-04:00,590.1371879149127,592.8785866278505,588.1944885876793,589.1510620117188,76605000
2025-06-20 00:00:00-04:00,591.8224395288368,592.8906208578056,586.3629131433069,587.7673950195312,94051400
2025-06-23 00:00:00-04:00,588.5189525073708,593.9586781700418,585.403509483969,593.572998046875,87426000
2025-06-24 00:00:00-04:00,597.7072083922786,601.1885919192599,596.7972471416377,600.13037109375,67735300
2025-06-25 00:00:00-04:00,601.247995602986,601.940336500435,598.903972841808,600.4666748046875,62114800
2025-06-26 00:00:00-04:00,602.3161684365299,605.5997923429508,601.7029677445283,605.1646118164062,78548400
2025-06-27 00:00:00-04:00,606.1635425121184,609.6350865938839,604.1360202356653,608.1712646484375,86258400
2025-06-30 00:00:00-04:00,610.6142201701539,612.4340220516922,608.2998373553096,611.0790405273438,92502500
2025-07-01 00:00:00-04:00,609.6053849111585,612.0483479268365,608.7746241554748,610.8812866210938,70030100
2025-07-02 00:00:00-04:00,610.4757907292374,613.6901746824169,609.8526899336259,613.650634765625,66510400
2025-07-03 00:00:00-04:00,615.628656191773,619.4167005776212,615.6088560521965,618.4869995117188,51065800
2025-07-07 00:00:00-04:00,616.5286747873084,617.1913758193931,611.0988485499288,613.8780517578125,74814500
2025-07-08 00:00:00-04:00,614.5406899285775,615.2923708557059,612.7307881009865,613.5418090820312,59024600
2025-07-09 00:00:00-04:00,615.945166968477,617.8737488887257,614.1055045789822,617.2210083007812,66113300
2025-07-10 00:00:00-04:00,617.3595500232223,620.000273214104,616.1825885407072,618.9617919921875,57529000
2025-07-11 00:00:00-04:00,615.9154666088177,618.0122289852302,614.7187654701638,616.7858276367188,63670200
2025-07-14 00:00:00-04:00,616.3308265898004,618.3089087938923,614.9857451789246,617.9627685546875,51898500
2025-07-15 00:00:00-04:00,620.6431287961128,620.9793689858044,615.242942324076,615.3220825195312,74317300
2025-07-16 00:00:00-04:00,616.9045519994012,617.883693134462,611.2769051241828,617.3792724609375,88987500
2025-07-17 00:00:00-04:00,617.5573456006476,621.5135103761386,617.3397251475282,621.1574096679688,68885700
2025-07-18 00:00:00-04:00,622.4035753929759,622.5716954836944,619.5947323692288,620.7024536132812,65621600
2025-07-21 00:00:00-04:00,621.87939453125,624.6189973413707,621.4541141003111,621.87939453125,63375000
2025-07-22 00:00:00-04:00,622.2058050575365,622.828905853138,619.3277216791315,621.9684448242188,60046300
2025-07-23 00:00:00-04:00,624.6288825447934,627.259765625,622.8288205336723,627.259765625,70511000
2025-07-24 00:00:00-04:00,627.6454884244192,629.1785504969665,627.0421878119985,627.4674682617188,71307100
2025-07-25 00:00:00-04:00,628.1301809903662,630.5928838363332,627.8829206987424,630.1181030273438,56865400
2025-07-28 00:00:00-04:00,630.4939604147171,631.0478210681617,628.5752180855901,629.9598999023438,54917100
2025-07-29 00:00:00-04:00,631.3543820995848,631.6708825055948,627.3883778702398,628.2982788085938,60556300
2025-07-30 00:00:00-04:00,628.9509803708415,630.6917023127537,624.6189756546709,627.5070190429688,80418900
2025-07-31 00:00:00-04:00,632.4522038612699,632.8378839877031,623.8574348268075,625.153076171875,103385200
2025-08-01 00:00:00-04:00,619.436379958757,619.475980234049,612.5031927364548,614.9065551757812,140103600
2025-08-04 00:00:00-04:00,618.813325728958,624.3024917393647,618.7243458354196,624.2530517578125,73218000
2025-08-05 00:00:00-04:00,624.866279158634,625.6773001361546,620.1683337507773,621.088134765625,68051400
2025-08-06 00:00:00-04:00,622.1563552914652,626.4982606508958,621.2464542892866,625.8455200195312,64357500
2025-08-07 00:00:00-04:00,629.2675537310744,629.9994345491891,622.2156852544556,625.3212890625,74205800
2025-08-08 00:00:00-04:00,627.1114011688534,630.6620853000642,626.7949007710238,630.1972045898438,64051600
2025-08-11 00:00:00-04:00,630.474150672182,631.9478122276477,627.7047873460086,628.9509887695312,58742300
2025-08-12 00:00:00-04:00,631.2949848204768,635.8050095563038,629.8114232578196,635.6467895507812,64730800
2025-08-13 00:00:00-04:00,637.8424936799373,639.10849531226,635.6369512596368,637.82275390625,60092800
2025-08-14 00:00:00-04:00,635.7457174616427,638.5447207235369,635.300697252298,637.882080078125,59327500
2025-08-15 00:00:00-04:00,638.9107148606824,639.0096552004113,635.4787708739423,636.388671875,68592500
2025-08-18 00:00:00-04:00,635.8150025688236,636.9425240091701,635.1424618060598,636.2501831054688,43804900
2025-08-19 00:00:00-04:00,636.0721245937336,637.0512656505922,631.4829592777961,632.7984008789062,69750700
2025-08-20 00:00:00-04:00,632.3929672116759,632.6500672159099,626.0136394005863,631.1170654296875,88890300
2025-08-21 00:00:00-04:00,629.3071240874224,630.9785456585483,626.864161086776,628.5850830078125,54805800
2025-08-22 00:00:00-04:00,630.7708500494616,639.4150594466402,630.2664294390896,638.2380981445312,84083200
2025-08-25 00:00:00-04:00,636.9820621561176,638.218363635622,635.3105801411765,635.4292602539062,51274300
2025-08-26 00:00:00-04:00,635.1621986940528,638.4359222802034,634.5390979794016,638.0897216796875,51581600
2025-08-27 00:00:00-04:00,637.5062787617181,640.2755819843173,637.3578984386413,639.543701171875,48341100
2025-08-28 00:00:00-04:00,640.1470117905141,642.362454403162,638.2678697444891,641.80859375,61519500
2025-08-29 00:00:00-04:00,640.374419619015,640.7404203673219,636.0919150690585,637.98095703125,74522200
2025-09-02 00:00:00-04:00,630.5136938017484,633.4709169972102,627.9619508913343,633.2533569335938,81983500
2025-09-03 00:00:00-04:00,635.6270215222661,637.1501834379544,633.4412793439511,636.685302734375,70820900
2025-09-04 00:00:00-04:00,637.3579030521721,642.0361089027498,636.4579021356687,642.0064086914062,65219200
2025-09-05 00:00:00-04:00,644.3404359625918,645.062476969223,636.2797877246134,640.1469116210938,85178900
2025-09-08 00:00:00-04:00,641.5118841129237,642.7185457406785,640.1371023874503,641.7196044921875,63133100
2025-09-09 00:00:00-04:00,641.8580441132016,643.7273464852004,640.1272219983028,643.2031860351562,66133900
2025-09-10 00:00:00-04:00,646.4570213518696,647.3768223058731,643.4997982019892,645.0625,78034500
2025-09-11 00:00:00-04:00,647.0108918753651,651.115436538164,646.4273914384058,650.423095703125,69934400
2025-09-12 00:00:00-04:00,650.3934866540098,651.8869485652141,649.701206088218,650.20556640625,72780100
2025-09-15 00:00:00-04:00,652.4110731340584,653.7956944276398,652.114372883025,653.6671142578125,63772400
2025-09-16 00:00:00-04:00,654.2209512044083,654.5276118800496,651.9857691498868,652.76708984375,61169000
2025-09-17 00:00:00-04:00,652.7770367516476,654.4682584259048,647.1295902463727,651.9561157226562,101952200
2025-09-18 00:00:00-04:00,654.6364399867887,657.603563340362,653.0341982051615,655.0023803710938,90459200
2025-09-19 00:00:00-04:00,656.8877828567474,659.0895125014193,654.9438659954435,658.2465209960938,97945600
2025-09-22 00:00:00-04:00,656.7588293222589,661.8069717744121,656.7290467709187,661.3607177734375,69452200
2025-09-23 00:00:00-04:00,661.2416672722171,661.856628548307,656.5406245808955,657.7605590820312,81708900
2025-09-24 00:00:00-04:00,659.0498612769777,659.1490153831234,654.2496039734066,655.6678466796875,68082200
2025-09-25 00:00:00-04:00,652.5338627083877,653.9917550046746,649.0328388399253,652.6429443359375,89622100
2025-09-26 00:00:00-04:00,654.0908804383538,656.9273655696547,652.4742691464395,656.3818969726562,69179200
2025-09-29 00:00:00-04:00,658.9010899003678,659.8135740530697,656.4216318338509,658.2266845703125,73499000
2025-09-30 00:00:00-04:00,657.4827596300943,661.1722242194463,656.173598681204,660.7060546875,86288000
2025-10-01 00:00:00-04:00,657.7208144097488,663.8698820443607,657.6117327913598,662.9574584960938,72545400
2025-10-02 00:00:00-04:00,664.9410037342527,665.0600128657511,661.3011766397112,663.7210693359375,56896000
2025-10-03 00:00:00-04:00,664.4848631838105,667.1527626006609,662.6698828508305,663.7113037109375,70494400
2025-10-06 00:00:00-04:00,666.1014192164715,666.9841207809839,663.9591941673339,666.0914916992188,54623300
2025-10-07 00:00:00-04:00,667.0138910729768,667.4602056461605,662.1839114453724,663.6220092773438,72020100
2025-10-08 00:00:00-04:00,664.7426772273783,667.6783772359653,663.919480237528,667.5791625976562,60702200
2025-10-09 00:00:00-04:00,667.9957845708525,668.4023890582872,663.7112737749407,665.6452026367188,66501900
2025-10-10 00:00:00-04:00,666.6071968358344,668.4122493878771,647.4757221413303,647.6542358398438,159422600
2025-10-13 00:00:00-04:00,655.2216030747315,659.664772492732,654.3488290056752,657.5919189453125,79560500
2025-10-14 00:00:00-04:00,651.7701536094826,660.3590300864076,647.8030207789583,656.78857421875,88779600
2025-10-15 00:00:00-04:00,661.3408732132422,664.7228272522149,653.5156893256119,659.7044067382812,81702600
2025-10-16 00:00:00-04:00,661.3408828539109,663.215367636124,651.7106461582608,655.211669921875,110563300
2025-10-17 00:00:00-04:00,654.0810128478913,660.2895852935891,652.7322022395391,658.9308471679688,96500900
2025-10-20 00:00:00-04:00,661.8367798071084,666.6866142382812,661.7872027532737,665.7840576171875,60493400
2025-10-21 00:00:00-04:00,665.9229005771253,667.4601523988813,664.4748753427003,665.7741088867188,56249000
2025-10-22 00:00:00-04:00,666.4782452803545,666.4782452803545,657.8497201766941,662.312744140625,80564000
2025-10-23 00:00:00-04:00,662.6301900162397,667.1825015615415,662.3128121266341,666.2402954101562,65604500
2025-10-24 00:00:00-04:00,670.9016937183009,672.8951271271609,670.0983517375236,671.6851806640625,74356500
2025-10-27 00:00:00-04:00,677.1201116013259,679.9070199177999,676.5151383891614,679.6094970703125,63339800
2025-10-28 00:00:00-04:00,681.4046232640447,683.2493254549719,679.2028936555786,681.41455078125,61738100
2025-10-29 00:00:00-04:00,683.0608492697363,684.0328379014793,677.2589421639235,681.7418212890625,85657100
2025-10-30 00:00:00-04:00,678.2805836148408,680.3037996369978,674.2440185546875,674.2440185546875,76335800
2025-10-31 00:00:00-04:00,679.4111832231399,679.4508932951077,673.6588524169174,676.4556884765625,87164100
2025-11-03 00:00:00-05:00,680.0359699637585,680.1649066224819,674.3530715971103,677.7251586914062,57315000
2025-11-04 00:00:00-05:00,670.5544968959969,674.3728983771498,669.0371001406891,669.691650390625,78427000
2025-11-05 00:00:00-05:00,669.4337786331213,675.2654684624238,668.6304366940664,672.012451171875,74402400
2025-11-06 00:00:00-05:00,670.9116044462689,671.8141611273297,663.2252840482561,664.80224609375,85035300
2025-11-07 00:00:00-05:00,662.4218719882706,665.5658682287408,655.7769731606511,665.4567260742188,100592400
2025-11-10 00:00:00-05:00,671.6751969912248,676.5746080726943,669.4833950163819,675.8406982421875,75842900
2025-11-11 00:00:00-05:00,674.3630127379913,677.9532631527235,673.1530057317516,677.387939453125,58953400
2025-11-12 00:00:00-05:00,679.1631581075335,679.3318048264125,675.3547447293747,677.7647705078125,62312500
2025-11-13 00:00:00-05:00,674.9085136071693,675.265541055433,665.0105359672095,666.5180053710938,103457800
2025-11-14 00:00:00-05:00,659.9126462553079,670.1081450818862,657.8199984349773,666.4088134765625,96846700
2025-11-17 00:00:00-05:00,664.1972328051172,668.1742931923078,656.7290761218832,660.2003173828125,90456100
2025-11-18 00:00:00-05:00,656.6596108350068,659.6548153709225,650.4708935566339,654.65625,114467500
2025-11-19 00:00:00-05:00,655.3505280387882,661.856623370592,653.3371790986623,657.185302734375,94703000
2025-11-20 00:00:00-05:00,667.3808213360044,670.0090710879778,646.5335791707308,647.1683349609375,165293500
2025-11-21 00:00:00-05:00,649.6675301260088,659.0894699034471,645.5020288545189,653.6148681640625,123956200
2025-11-24 00:00:00-05:00,657.2448196444445,664.5542570793402,656.1538823239337,663.2351684570312,80437900
2025-11-25 00:00:00-05:00,663.1360016067486,670.6537351639657,659.0200771396823,669.4735107421875,81077100
2025-11-26 00:00:00-05:00,672.0620713400136,676.0986363282427,671.1595147067713,674.09521484375,71879600
2025-11-28 00:00:00-05:00,675.2654787466182,678.0523870500939,674.9084513312986,677.7747192382812,49212000
2025-12-01 00:00:00-05:00,673.2323336611282,677.3779800628074,673.1629015749381,674.6803588867188,61201200
2025-12-02 00:00:00-05:00,676.316742094939,678.2011542749951,673.748057660358,675.9299926757812,62953800
2025-12-03 00:00:00-05:00,674.9779023816353,679.2822075879724,674.105128319461,678.2706298828125,57238500
2025-12-04 00:00:00-05:00,679.6690366334618,679.7384687237238,675.7416137771377,678.7665405273438,61970300
2025-12-05 00:00:00-05:00,679.8375623637357,682.7336127271673,678.9549213715281,680.0557861328125,79241000
2025-12-08 00:00:00-05:00,680.9484564225444,680.9980334759979,675.9696853695019,678.0127563476562,55231500
2025-12-09 00:00:00-05:00,677.5367544682442,679.7583392727543,676.9813582671167,677.4276123046875,58310100
2025-12-10 00:00:00-05:00,676.951505843926,683.3088092137841,675.7117769038598,681.9203491210938,85671300
2025-12-11 00:00:00-05:00,679.51034738166,683.5865617528303,676.5647198382891,683.5072021484375,86173700
2025-12-12 00:00:00-05:00,682.5154459360199,683.2196338188487,673.5893968987631,676.1581420898438,113160300
2025-12-15 00:00:00-05:00,680.1054404790556,680.1252955149479,673.6687768311533,675.1365966796875,90811000
2025-12-16 00:00:00-05:00,673.6488975485244,675.4837328267965,669.4338188610296,673.2918701171875,122030600
2025-12-17 00:00:00-05:00,674.3034691132465,674.8489377460819,665.6848710067972,665.8832397460938,110625200
2025-12-18 00:00:00-05:00,672.0322187932205,675.1464323222394,669.3544527925658,670.9114990234375,108650100
2025-12-19 00:00:00-05:00,673.0134542661981,677.4896664833268,672.8940327515619,676.9923095703125,103599500
2025-12-22 00:00:00-05:00,680.3245290528953,681.7370055876305,676.9922622536055,681.2098388671875,69556700
2025-12-23 00:00:00-05:00,680.3046207584179,684.562024812114,680.2548972126992,684.3233032226562,64840000
2025-12-24 00:00:00-05:00,684.313382495532,687.1781631452748,684.164151137988,686.7305297851562,39445600
2025-12-26 00:00:00-05:00,686.989161229118,688.0037280321676,685.6264081645946,686.660888671875,41613300
2025-12-29 00:00:00-05:00,683.9055083361335,685.5567672531378,682.4433081832867,684.2138671875,62559500
2025-12-30 00:00:00-05:00,683.8159723723246,684.9200900521846,682.9505762759469,683.3782958984375,47160700
2025-12-31 00:00:00-05:00,683.5076844111845,683.726492314561,678.1063955310838,678.3152465820312,74144800
2026-01-02 00:00:00-05:00,682.0852055985325,683.2390468658663,676.2263268834449,679.55859375,89377200
2026-01-05 00:00:00-05:00,682.910839643419,685.7855773037328,682.7517121374489,684.0845947265625,71927200
2026-01-06 00:00:00-05:00,684.2934596862484,688.6602678554459,684.1442890432024,688.1529541015625,69273800
2026-01-07 00:00:00-05:00,688.5309418430683,690.2916046822218,685.6761181181482,685.9347534179688,75588300
2026-01-08 00:00:00-05:00,685.1787573638412,686.9692300361542,683.8557710289468,685.8651123046875,64019200
2026-01-09 00:00:00-05:00,686.9791831428475,691.6344363504869,685.5368360184962,690.4010009765625,80125500
2026-01-12 00:00:00-05:00,687.0289310253164,692.410366767912,686.979207477028,691.4852294921875,63976000
2026-01-13 00:00:00-05:00,691.813478661017,692.4103433578374,687.6953490317495,690.1026000976562,78309700
2026-01-14 00:00:00-05:00,687.347202661372,688.0633674208381,682.4134005947378,686.7105712890625,94676700
2026-01-15 00:00:00-05:00,690.8983886882239,691.7737417111902,687.5959315038539,688.5806884765625,77862000
2026-01-16 00:00:00-05:00,689.9931507530615,690.5800586110835,686.4519720383781,688.0037231445312,79289200
2026-01-20 00:00:00-05:00,677.8874730475171,681.1501633341576,672.9934983300664,673.9981689453125,111623300
2026-01-21 00:00:00-05:00,676.0572511802958,685.0991655259935,674.5452667925615,681.77685546875,127844500
2026-01-22 00:00:00-05:00,686.2033478813381,687.476610793547,683.2888434897402,685.3379516601562,77112200
2026-01-23 00:00:00-05:00,684.5123006998919,687.3074439470811,683.5274830754288,685.5865478515625,63059600
2026-01-26 00:00:00-05:00,686.8399658941375,690.4607389282814,686.2729717064406,689.068115234375,60473800
2026-01-27 00:00:00-05:00,690.5104039402848,692.8480177488461,689.9036431059924,691.8134765625,55506100
2026-01-28 00:00:00-05:00,693.3652237572153,694.1510864943795,690.271678492269,691.7438354492188,61172200
2026-01-29 00:00:00-05:00,692.7087686795362,693.375209936545,681.2098793986574,690.3711547851562,97486200
2026-01-30 00:00:00-05:00,688.1330925763239,690.540343876794,683.4877957603626,688.3121337890625,101835100
2026-02-02 00:00:00-05:00,685.9347490634862,693.2458711004026,685.7755608588325,691.73388671875,79286500
2026-02-03 00:00:00-05:00,692.529690413304,693.2757257351432,680.4140840721383,685.885009765625,107904600
2026-02-04 00:00:00-05:00,686.7006659106327,687.7948875474046,678.1561081391175,682.5626831054688,105204600
2026-02-05 00:00:00-05:00,677.3404209861714,680.0758839506523,672.2176206040476,674.0379638671875,113610800
2026-02-06 00:00:00-05:00,677.8576866055596,688.6503070282812,677.2508650473027,686.96923828125,89127600
2026-02-09 00:00:00-05:00,685.7755337993461,692.1914496038428,684.7012866666231,690.2816162109375,73885200
2026-02-10 00:00:00-05:00,691.276360737094,692.8579216647231,688.0037135108784,688.4613037109375,65185700
2026-02-11 00:00:00-05:00,692.7087599208829,693.4547952732178,685.5368515439336,688.3021850585938,76353900
2026-02-12 00:00:00-05:00,690.5701102294341,691.6742279947084,676.7734344520502,677.668701171875,118829000
2026-02-13 00:00:00-05:00,678.0864377658819,682.6522007204912,673.9384983110481,678.1461181640625,96267500
2026-02-17 00:00:00-05:00,676.5446598627462,681.31927396984,672.2077222570326,679.2402954101562,81354700
2026-02-18 00:00:00-05:00,680.4041503420104,685.507036973797,679.2204384959671,682.662109375,73570300
2026-02-19 00:00:00-05:00,680.2251236342836,682.5527199680946,677.9471901363287,680.8616943359375,58649400
2026-02-20 00:00:00-05:00,678.7131823752115,686.4122580979458,678.126274472082,685.7855834960938,100034000
2026-02-23 00:00:00-05:00,684.1940214696967,686.3525334522094,676.7734345413753,678.7827758789062,90558100
2026-02-24 00:00:00-05:00,678.295350173768,684.7112054782021,676.4053697086953,683.7164916992188,73798700
2026-02-25 00:00:00-05:00,686.53156929616,690.0130676270821,686.4519751919497,689.4859008789062,56369500
2026-02-26 00:00:00-05:00,689.615191050754,689.6350440416309,680.7323436648176,685.6561889648438,71671000
2026-02-27 00:00:00-05:00,679.4790749097389,683.2291046432514,678.0367277603054,682.3637084960938,83308900
2026-03-02 00:00:00-05:00,675.1122534180175,684.9797970984218,674.4358553343317,682.7516479492188,87477200
2026-03-03 00:00:00-05:00,671.4915420947397,679.0016196644848,666.1200629162043,676.7337036132812,105003100
2026-03-04 00:00:00-05:00,678.026802327329,683.4579617719511,676.027417786932,681.50830078125,79182200
2026-03-05 00:00:00-05:00,678.4743840881955,681.9061587313661,672.0385544367263,677.7084350585938,106606500
2026-03-06 00:00:00-05:00,669.8501461298736,672.5358853430707,666.2194774432897,668.8256225585938,100687000
2026-03-09 00:00:00-04:00,662.8673051642795,676.3257505242918,658.888450195908,674.6845092773438,102667700
2026-03-10 00:00:00-04:00,674.1374043547928,679.7476047325034,671.1930903760745,673.6002807617188,81505300
2026-03-11 00:00:00-04:00,673.9982140650914,676.4849986405864,669.7806371390539,672.7548217773438,68441700
2026-03-12 00:00:00-04:00,667.6120785283837,668.0995392824933,662.3500644519811,662.5390625,108882200
2026-03-13 00:00:00-04:00,665.7321452917186,668.7859240392634,657.863924887251,658.7890014648438,97200200
2026-03-16 00:00:00-04:00,664.8468199428278,668.5173163233716,663.5934708305671,665.493408203125,82023100
2026-03-17 00:00:00-04:00,668.8355969918504,670.8747480492216,666.1598145596139,667.2440185546875,87128000
2026-03-18 00:00:00-04:00,664.8268919718373,666.1796881508768,657.6948111200146,657.9335327148438,82062600
2026-03-19 00:00:00-04:00,653.497076818377,659.4753162945015,651.7066041735543,656.3121337890625,111272500
2026-03-20 00:00:00-04:00,654.8230422006715,655.0025723674255,643.063298812559,646.9034423828125,163617500
2026-03-23 00:00:00-04:00,656.3790129905765,660.9173090129275,652.2596206790361,653.6959228515625,134802700
2026-03-24 00:00:00-04:00,649.6463809650626,655.3417305137531,648.2100787416998,651.5015869140625,96457500
2026-03-25 00:00:00-04:00,656.9774239230809,659.1917509309695,652.5588148295345,655.1322021484375,90653800
2026-03-26 00:00:00-04:00,650.3844333840033,653.1672421520028,643.1630473705688,643.432373046875,96494400
2026-03-27 00:00:00-04:00,640.8489947137006,641.0085567819559,631.4831091918358,632.4606323242188,103649400
2026-03-30 00:00:00-04:00,638.4651675144013,638.7245091624994,627.6630399662237,630.3460693359375,99275900
2026-03-31 00:00:00-04:00,637.2981538716512,649.865752001465,636.3405988140365,648.6688842773438,152534100
2026-04-01 00:00:00-04:00,652.219751792706,656.8278752918841,651.3220400966815,653.5562744140625,97841500
2026-04-02 00:00:00-04:00,644.7589215344626,656.5086804928782,643.4522901873171,654.144775390625,68358700
2026-04-06 00:00:00-04:00,654.1746977251443,658.0247645183308,653.8356054757206,657.23681640625,39105800
2026-04-07 00:00:00-04:00,654.9626585699763,657.9150134208243,649.386996170508,657.5260009765625,69980400
2026-04-08 00:00:00-04:00,674.6519776493207,675.3402070755335,669.734652974974,674.27294921875,93606100
2026-04-09 00:00:00-04:00,673.1059235004034,679.4096297331154,672.0386657215836,678.162841796875,57134400
2026-04-10 00:00:00-04:00,679.5692561407437,680.2774536083281,676.7066358948267,677.7140502929688,42253500
2026-04-13 00:00:00-04:00,675.669302461078,684.536473353906,674.8414790590384,684.3369750976562,54185800
2026-04-14 00:00:00-04:00,685.9229138241225,692.7952238870419,685.8929616905456,692.675537109375,63480500
2026-04-15 00:00:00-04:00,693.4734516118131,698.480571570673,692.4161778504387,698.1414184570312,58240400
2026-04-16 00:00:00-04:00,699.2585607342904,700.9741726960574,696.7350934539525,699.8569946289062,49972400
2026-04-17 00:00:00-04:00,704.3255249385737,710.5594650064761,703.9464965121796,708.3152465820312,70661900
2026-04-20 00:00:00-04:00,706.9587079747221,708.0857482546458,704.3254772575062,706.8988037109375,43546800
2026-04-21 00:00:00-04:00,708.4548936431559,709.4523240430285,700.8345107773317,702.2708129882812,58941400
2026-04-22 00:00:00-04:00,707.3278031045794,709.6218808832724,706.4001392457644,709.3825073242188,42518500
2026-04-23 00:00:00-04:00,707.6768673789517,710.5295037064266,700.4754491270062,706.6295776367188,56174000
2026-04-24 00:00:00-04:00,708.9236633096505,712.6340752101273,707.1881441382454,712.10546875,45182000
2026-04-27 00:00:00-04:00,711.3374146094498,713.7911152864904,710.4696550399041,713.332275390625,33135900
2026-04-28 00:00:00-04:00,709.9908768700561,711.0481506026886,707.4274735730012,709.8612060546875,43117400
2026-04-29 00:00:00-04:00,709.1729992133655,710.3699278433978,706.5497524472755,709.7515258789062,41859200
2026-04-30 00:00:00-04:00,712.7936806635566,717.9403946619685,708.6244289610544,716.8132934570312,67240900
2026-05-01 00:00:00-04:00,719.3966516418469,723.0073446973263,718.6186267345964,718.7982177734375,43049800
2026-05-04 00:00:00-04:00,718.2196821209096,720.2644021704073,713.152718877996,716.1649780273438,51950600
2026-05-05 00:00:00-04:00,719.9153564929043,723.1769124909786,719.6360467603954,721.9102172851562,36933200
2026-05-06 00:00:00-04:00,726.288861980811,732.7023927493656,725.9497697512824,731.9443359375,53288900
2026-05-07 00:00:00-04:00,733.161188473549,734.238430329629,727.8748196364371,729.7001342773438,51724600
2026-05-08 00:00:00-04:00,733.0415191543954,736.1834492768152,732.6824588199246,735.724609375,47227100
2026-05-11 00:00:00-04:00,734.5576163199453,738.8864300819614,734.5576163199453,737.4002685546875,44024000
2026-05-12 00:00:00-04:00,734.9964788307154,736.9414802248905,729.9494836014034,736.2831420898438,54185300
2026-05-13 00:00:00-04:00,736.5723674930287,741.9983910774667,733.5800764180441,740.4025268554688,44200200
2026-05-14 00:00:00-04:00,741.7391534739264,747.6040491923611,741.649357949993,746.2474975585938,45307600
2026-05-15 00:00:00-04:00,739.8838927249178,741.5496453663399,736.0637780312098,737.2706298828125,60410800
2026-05-18 00:00:00-04:00,737.9289136337939,739.5147938000424,731.5054597381557,736.751953125,47843900
2026-05-19 00:00:00-04:00,732.8919551385734,735.7545755811656,729.650306265128,731.8446044921875,54255900
2026-05-20 00:00:00-04:00,733.8195334397973,739.9636778498481,732.0042028263388,739.3452758789062,45768000
2026-05-21 00:00:00-04:00,736.7419902854853,742.9559620700644,735.1361419849363,740.8114624023438,43332200
2026-05-22 00:00:00-04:00,744.3224328967863,747.015507083493,742.566945697205,743.7239990234375,41762000
2026-05-26 00:00:00-04:00,748.0827892360243,750.1973368284331,746.4469887578754,748.6613159179688,41123600
2026-05-27 00:00:00-04:00,748.9505199197505,749.4492351039673,746.2973210478585,748.5316162109375,42106300
2026-05-28 00:00:00-04:00,748.3221518516883,753.2095851254732,747.3047533704411,752.6609497070312,41562600
2026-05-29 00:00:00-04:00,753.9576670103595,756.1320579864754,752.7507543048832,754.5361328125,55075700
2026-06-01 00:00:00-04:00,753.4189990020213,758.3264003155792,752.7507376917755,756.5908203125,43634900
2026-06-02 00:00:00-04:00,755.0847737682097,758.4461093852723,754.805464031348,757.6182250976562,31581900
2026-06-03 00:00:00-04:00,756.2018667594974,756.8501599793441,751.6336185743088,752.3018798828125,51402500
2026-06-04 00:00:00-04:00,750.1673635570705,756.3614281257201,749.5389775481502,755.1445922851562,49923000
2026-06-05 00:00:00-04:00,750.3768677170906,750.8855669656407,733.6400171295905,735.65478515625,93989400
2026-06-08 00:00:00-04:00,741.4498108327123,743.4247643242134,736.2931129658897,737.3204345703125,49319100
2026-06-09 00:00:00-04:00,741.7191759970133,744.9807928982774,720.7332622187009,735.1560668945312,87683500
2026-06-10 00:00:00-04:00,731.5054857614351,736.4826536495077,723.4661992814284,723.56591796875,60341300
2026-06-11 00:00:00-04:00,726.8873842592473,738.0984921563339,722.5485255148498,735.8642578125,86330500
2026-06-12 00:00:00-04:00,738.8066884479139,742.5270843334097,733.1412911200548,739.843994140625,57079500
2026-06-15 00:00:00-04:00,749.9179969688896,754.7356026867302,749.8282623277308,752.890380859375,60176400
2026-06-16 00:00:00-04:00,752.6111046530555,753.4988323298886,747.9531216783239,748.4019775390625,67093100
2026-06-17 00:00:00-04:00,749.3594421826946,750.217278570044,737.3204502885575,739.0560302734375,85945200
2026-06-18 00:00:00-04:00,747.760009765625,748.22998046875,743.8599853515625,746.739990234375,80875700
2026-06-22 00:00:00-04:00,747.7000122070312,750.1799926757812,743.1300048828125,744.3900146484375,46628100
2026-06-23 00:00:00-04:00,733.8099975585938,739.6300048828125,732.2999877929688,733.5800170898438,66846800
2026-06-24 00:00:00-04:00,735.1699829101562,739.9500122070312,730.8400268554688,733.239990234375,57439500
2026-06-25 00:00:00-04:00,738.9099731445312,739.3699951171875,729.5999755859375,734.2999877929688,53934400
2026-06-26 00:00:00-04:00,728.9500122070312,736.530029296875,716.5800170898438,728.989990234375,71034000
2026-06-29 00:00:00-04:00,736.530029296875,741.5599975585938,732.0900268554688,741.0,58035200
2026-06-30 00:00:00-04:00,741.2899780273438,748.02001953125,740.8900146484375,746.77001953125,55626000
2026-07-01 00:00:00-04:00,745.0,749.4400024414062,742.3800048828125,745.760009765625,47100900
2026-07-02 00:00:00-04:00,747.4000244140625,751.3099975585938,740.030029296875,744.780029296875,57447800
2026-07-06 00:00:00-04:00,748.739990234375,752.4099731445312,747.4099731445312,751.280029296875,50673300
2026-07-07 00:00:00-04:00,750.219970703125,750.9600219726562,745.2100219726562,747.7100219726562,43721500
2026-07-08 00:00:00-04:00,743.1599731445312,746.1500244140625,739.510009765625,745.4000244140625,43767400
2026-07-09 00:00:00-04:00,747.3499755859375,751.969970703125,745.5900268554688,751.7100219726562,41441700
2026-07-10 00:00:00-04:00,752.0499877929688,755.4199829101562,748.0999755859375,754.9500122070312,42191300
2026-07-13 00:00:00-04:00,752.469970703125,753.9105224609375,748.030029296875,749.1699829101562,43420412
