Date,open,high,low,close,volume
2012-02-28 00:00:00-05:00,106.59308143524083,106.99708186522635,106.38331038536866,106.87277221679688,129355900
2012-02-29 00:00:00-05:00,107.02816614649532,107.36224688474056,106.08032570983022,106.45325469970703,185934700
2012-03-01 00:00:00-05:00,106.67857876658712,107.20688902293978,106.3833462158364,107.0048828125,145023500
2012-03-02 00:00:00-05:00,106.93495023895073,107.0748015874777,106.43772339218745,106.6785659790039,120638300
2012-03-05 00:00:00-05:00,106.51538745913709,106.5930720914804,105.87830945789656,106.24346160888672,140765000
2012-03-06 00:00:00-05:00,105.1558068129571,105.21794979161615,104.38665408529998,104.68965148925781,202129900
2012-03-07 00:00:00-05:00,104.93048291078729,105.59086757339115,104.8294798352589,105.4199447631836,143692200
2012-03-08 00:00:00-05:00,106.06480711017548,106.68634363754695,105.84727110381895,106.46879577636719,116968900
2012-03-09 00:00:00-05:00,106.67080598236288,107.16025608769007,106.53873139173024,106.88057708740234,122836800
2012-03-12 00:00:00-04:00,106.86504485501327,107.02819095292828,106.5076574539201,106.88835144042969,104003500
2012-03-13 00:00:00-04:00,107.46327981730987,108.8694991912858,107.2845801811329,108.81510925292969,184090500
2012-03-14 00:00:00-04:00,108.84615596851002,109.1180700042918,108.36445901529379,108.69853973388672,145163600
2012-03-15 00:00:00-04:00,108.86167222914459,109.37444060509618,108.58198146542733,109.32782745361328,165118500
2012-03-16 00:00:00-04:00,109.526065491327,109.61970038023101,109.24514891783865,109.479248046875,152893500
2012-03-19 00:00:00-04:00,109.40901847420638,110.24395732341958,109.33098146469818,109.9084243774414,125291100
2012-03-20 00:00:00-04:00,109.28418326612632,109.72116202005984,108.96424814028998,109.58850860595703,121729700
2012-03-21 00:00:00-04:00,109.65091753240607,109.75235135755901,109.18271928464651,109.40901947021484,122388400
2012-03-22 00:00:00-04:00,108.60525508782352,108.89398244364173,108.26192326774773,108.62086486816406,135216700
2012-03-23 00:00:00-04:00,108.71453469668222,109.09688509530108,108.11368304728315,108.97203063964844,120521000
2012-03-26 00:00:00-04:00,109.7523424600255,110.50145721435547,109.71333586485449,110.50145721435547,120164000
2012-03-27 00:00:00-04:00,110.60289339448207,110.67311954786041,110.08787778949275,110.1581039428711,119868500
2012-03-28 00:00:00-04:00,110.10352263212494,110.27519455512267,108.96424640739255,109.6119155883789,148562100
2012-03-29 00:00:00-04:00,108.96422656424524,109.62750541020128,108.53504683490755,109.42461395263672,164963700
2012-03-30 00:00:00-04:00,109.96307138425229,110.0645171435112,109.28419445820701,109.87723541259766,135486800
2012-04-02 00:00:00-04:00,109.74455411747013,110.969666137559,109.52606477360831,110.68093872070312,151741100
2012-04-03 00:00:00-04:00,110.52484352728725,110.7121251545956,109.58064836142006,110.22831726074219,155806700
2012-04-04 00:00:00-04:00,109.41684192063423,109.51047682759652,108.73015418483449,109.13592529296875,146896000
2012-04-05 00:00:00-04:00,108.76136037432452,109.40121867112448,108.66771357210767,109.08128356933594,137439400
2012-04-09 00:00:00-04:00,107.70792272061547,109.12030465852474,107.559659528145,107.85618591308594,127555900
2012-04-10 00:00:00-04:00,107.64546240373883,107.94978763436303,105.93655460608993,106.0457992553711,235360300
2012-04-11 00:00:00-04:00,107.13048601104882,107.32556666377303,106.70911704014688,106.9041976928711,154133000
2012-04-12 00:00:00-04:00,107.0055550175936,108.38671632466753,106.92751805827909,108.3008804321289,154321500
2012-04-13 00:00:00-04:00,108.0512657970108,108.32438345562383,106.91198962083715,107.01343536376953,169246700
2012-04-16 00:00:00-04:00,107.559664029822,107.71572616803613,106.57646184297283,106.9432144165039,147825300
2012-04-17 00:00:00-04:00,107.55964047202421,108.74573389487276,107.45039580852338,108.5272445678711,147877600
2012-04-18 00:00:00-04:00,108.04344834217032,108.52724443611878,107.98102111927774,108.16049194335938,123884200
2012-04-19 00:00:00-04:00,108.17608431013988,108.58184333345424,106.95878342665004,107.46598815917969,198666700
2012-04-20 00:00:00-04:00,107.9420189305728,108.33218020253751,107.58306532138333,107.64549255371094,143199600
2012-04-23 00:00:00-04:00,106.54523765732566,106.83396510263529,106.07705126295805,106.74031829833984,171844900
2012-04-24 00:00:00-04:00,106.83395578141084,107.41919765339125,106.74811983058265,107.14608001708984,137484200
2012-04-25 00:00:00-04:00,108.19169449839157,108.65989269461507,108.09805962185676,108.61307525634766,150252200
2012-04-26 00:00:00-04:00,108.37899741345238,109.49486484035917,108.31657018126107,109.37001037597656,136291600
2012-04-27 00:00:00-04:00,109.69773216569227,109.86159321346724,109.08908160326233,109.54946899414062,130725000
2012-04-30 00:00:00-04:00,109.33096603953817,109.40900303803637,108.84716998781724,109.14368438720703,115092200
2012-05-01 00:00:00-04:00,109.08129293925444,110.54050432360451,108.95645037020341,109.8226089477539,138832200
2012-05-02 00:00:00-04:00,109.18274447016971,109.60412537170976,108.8238027166284,109.49488067626953,121081000
2012-05-03 00:00:00-04:00,109.51043774059319,109.59627367693118,108.45700969292633,108.6598892211914,143759700
2012-05-04 00:00:00-04:00,108.0902913953322,108.69894207928951,106.84177045518597,106.9041976928711,193927300
2012-05-07 00:00:00-04:00,106.52178618657985,107.34112693139983,106.48277959945197,106.98218536376953,127765900
2012-05-08 00:00:00-04:00,106.34234914229035,106.72471145299215,105.28111006806674,106.55303955078125,213377700
2012-05-09 00:00:00-04:00,105.42157642803757,106.5998591380054,104.94557921811847,105.92098236083984,220752500
2012-05-10 00:00:00-04:00,106.65448444410696,106.78714976057795,105.89758249627494,106.13948059082031,150600000
2012-05-11 00:00:00-04:00,105.47619049796985,106.80273636160629,105.42937305323083,105.81953430175781,153032400
2012-05-14 00:00:00-04:00,104.8050946840403,105.81951613743642,104.49297050150658,104.64903259277344,163910000
2012-05-15 00:00:00-04:00,104.57883569090811,105.19528529121885,103.88434906974794,104.04821014404297,207629300
2012-05-16 00:00:00-04:00,104.51638878631653,104.99238594765214,103.62682168722093,103.65023040771484,207265500
2012-05-17 00:00:00-04:00,103.67362841135197,103.79848284559687,102.05835542359081,102.11298370361328,247992900
2012-05-18 00:00:00-04:00,102.51096947742512,102.69045223661927,101.09078862941648,101.23905181884766,319615900
2012-05-21 00:00:00-04:00,101.56676721507455,103.0181673663982,101.40289427084566,102.9791488647461,177861100
2012-05-22 00:00:00-04:00,103.24445868516793,103.96235389109928,102.487544976428,103.15862274169922,197531200
2012-05-23 00:00:00-04:00,102.41733215015331,103.36152765124322,101.43413004795153,103.21326446533203,204958400
2012-05-24 00:00:00-04:00,103.49417470630475,103.65803575990185,102.5499792631136,103.4161376953125,167357600
2012-05-25 00:00:00-04:00,103.3771189995399,103.66584641425888,102.83089564392799,103.08060455322266,135465600
2012-05-29 00:00:00-04:00,103.90771751210069,104.50855709395483,102.3548718907089,104.32908630371094,152883500
2012-05-30 00:00:00-04:00,103.43953741287727,104.32130555187223,102.60459862046687,102.81527709960938,162370400
2012-05-31 00:00:00-04:00,102.77627856791369,103.35370957990114,101.70722867903024,102.58899688720703,196186000
2012-06-01 00:00:00-04:00,100.98152945025622,102.61240048629054,100.0061264038086,100.0061264038086,253240900
2012-06-04 00:00:00-04:00,100.18560071462915,100.45871833984293,99.21019763425977,99.95931243896484,202545800
2012-06-05 00:00:00-04:00,99.76421681504726,100.86446829408496,99.70959448563953,100.71621704101562,164149400
2012-06-06 00:00:00-04:00,101.41850405286151,103.02596630401864,101.38728448882982,102.9791488647461,184202800
2012-06-07 00:00:00-04:00,104.14965205493623,104.19646950301095,102.83090503587084,103.04159545898438,184772700
2012-06-08 00:00:00-04:00,102.77626092892658,103.88431722602459,102.44851506724532,103.86090850830078,143915400
2012-06-11 00:00:00-04:00,104.69590769122992,104.75833494347363,102.4407752960923,102.54222106933594,169756100
2012-06-12 00:00:00-04:00,102.83870593172132,103.7907004166124,102.34711081080557,103.72047424316406,181931800
2012-06-13 00:00:00-04:00,103.4161469064674,104.06381605370652,102.70605052622939,103.05720520019531,172223900
2012-06-14 00:00:00-04:00,103.26789742120867,104.56323588759233,102.9869807888216,104.14966583251953,230615500
2012-06-15 00:00:00-04:00,104.61870720253098,105.3089409215795,104.39908575076943,105.2148208618164,169444500
2012-06-18 00:00:00-04:00,104.77558087059235,105.6775967176514,104.54026874617249,105.41875457763672,131360900
2012-06-19 00:00:00-04:00,105.95213544144652,106.86984200631153,105.39523044816646,106.43843841552734,137382600
2012-06-20 00:00:00-04:00,106.44626659688737,106.75216871868646,105.31677815686922,106.26585388183594,206451800
2012-06-21 00:00:00-04:00,106.39139249060474,106.50120324023284,103.79514322059651,103.88142395019531,205272200
2012-06-22 00:00:00-04:00,104.42260777711878,104.87754131195601,104.02257361678626,104.68144989013672,130029200
2012-06-25 00:00:00-04:00,103.57549039430481,103.61471107198247,102.6342539723932,103.0029067993164,146375700
2012-06-26 00:00:00-04:00,103.30097027610012,103.83434522723368,102.6970052775799,103.52059173583984,141634000
2012-06-27 00:00:00-04:00,103.86568245419414,104.65788733395605,103.51272035800194,104.4539566040039,108088000
2012-06-28 00:00:00-04:00,103.76374666449001,104.3128123005834,102.97154151324192,104.15592956542969,169242100
2012-06-29 00:00:00-04:00,106.04624565971709,106.88552274642618,105.7717248317859,106.75218200683594,212250900
2012-07-02 00:00:00-04:00,107.05022334429937,107.18356407205003,106.29723900306382,107.0737533569336,129524500
2012-07-03 00:00:00-04:00,107.05022727962769,107.85812299235609,106.94041656047443,107.77969360351562,80450000
2012-07-05 00:00:00-04:00,107.37966144457177,108.08559776815811,106.90119788035815,107.29338073730469,126177500
2012-07-06 00:00:00-04:00,106.25801386488774,106.49332594982125,105.77171099956966,106.2737045288086,151192100
2012-07-09 00:00:00-04:00,106.18741799189685,106.33644936977684,105.65404316414049,106.1403579711914,103780500
2012-07-10 00:00:00-04:00,106.68158097932493,106.85414240120492,104.85400735193872,105.2148208618164,167884800
2012-07-11 00:00:00-04:00,105.2696970473527,105.57559910787843,104.61867225834308,105.23047637939453,141733400
2012-07-12 00:00:00-04:00,104.61869794906488,105.28540159420305,104.00689367777552,104.72065734863281,143583200
2012-07-13 00:00:00-04:00,104.99519515053831,106.58745659544934,104.97950448505718,106.47764587402344,129642600
2012-07-16 00:00:00-04:00,106.23450537051995,106.54040755235157,105.81094113815479,106.22665405273438,97525200
2012-07-17 00:00:00-04:00,106.65019833924576,107.17572188828923,105.53640055297109,106.95610046386719,138860300
2012-07-18 00:00:00-04:00,106.70508340524731,107.96007306380636,106.64234469394091,107.748291015625,113349700
2012-07-19 00:00:00-04:00,107.96793473205673,108.38364759909999,107.62282387464921,108.03068542480469,129847300
2012-07-20 00:00:00-04:00,107.41888110393735,107.58360316841795,106.92473884743724,107.04238891601562,142904500
2012-07-23 00:00:00-04:00,105.47368081013776,106.97182251293194,104.9795264759712,105.9599838256836,145210900
2012-07-24 00:00:00-04:00,106.03839536535351,106.08545538994281,104.3441626693179,105.05008697509766,173301200
2012-07-25 00:00:00-04:00,105.26970741847421,105.54422818429207,104.51671121228203,105.07361602783203,129122300
2012-07-26 00:00:00-04:00,106.58745406285486,107.03454825491123,106.09329984394427,106.80707550048828,156526500
2012-07-27 00:00:00-04:00,107.37183127747873,109.08175490358659,106.78355694175544,108.77584075927734,236768900
2012-07-30 00:00:00-04:00,108.65035133036176,109.29352504714713,108.45425988512065,108.77584075927734,106782000
2012-07-31 00:00:00-04:00,108.62682665961158,108.92487753248328,108.01502227783203,108.01502227783203,120575900
2012-08-01 00:00:00-04:00,108.79149120546667,108.8150212127187,107.77181367349695,107.92084503173828,138293800
2012-08-02 00:00:00-04:00,107.10512255554148,107.90517879990273,106.34428698395197,107.17571258544922,199556600
2012-08-03 00:00:00-04:00,108.68172825973366,109.52884479835127,107.2071166589764,109.30138397216797,157825000
2012-08-06 00:00:00-04:00,109.59156390692442,109.94452603747368,109.4660625369831,109.51312255859375,86326200
2012-08-07 00:00:00-04:00,109.95239500776374,110.53283002376833,109.8347449220404,110.06221771240234,109545100
2012-08-08 00:00:00-04:00,109.69356300239853,110.32104607382732,109.66218166774365,110.195556640625,89754700
2012-08-09 00:00:00-04:00,110.03864722089541,110.5092713788172,109.92883651317626,110.2896499633789,90291700
2012-08-10 00:00:00-04:00,109.842536958273,110.5092524061194,109.66213624837839,110.47003173828125,99792700
2012-08-13 00:00:00-04:00,110.28183564257368,110.47007577368493,109.84258074354561,110.41517639160156,79426900
2012-08-14 00:00:00-04:00,110.82303003761182,110.8936320501858,110.10141499368513,110.43084716796875,102379400
2012-08-15 00:00:00-04:00,110.31320685167229,110.74461044013161,110.24261680132598,110.55635833740234,71085900
2012-08-16 00:00:00-04:00,110.71323206653436,111.50544921429501,110.43871120724341,111.37210845947266,112014200
2012-08-17 00:00:00-04:00,111.56036174204344,111.61527310145456,111.27015018079655,111.5211410522461,90813700
2012-08-20 00:00:00-04:00,111.36422388169413,111.5524759332356,111.05832177823245,111.52894592285156,78255700
2012-08-21 00:00:00-04:00,111.8034698737035,112.2348733571049,110.94851422289769,111.19166564941406,105581100
2012-08-22 00:00:00-04:00,110.90931773833547,111.41916268209003,110.65048756031166,111.23876190185547,133243500
2012-08-23 00:00:00-04:00,110.96421460102167,110.97205394923546,110.15631890159078,110.3288803100586,111466400
2012-08-24 00:00:00-04:00,110.05436885648825,111.246608281872,109.98377880347502,110.99560546875,99481200
2012-08-27 00:00:00-04:00,111.29366734989131,111.44269877282807,110.86226374888302,111.01913452148438,68785900
2012-08-28 00:00:00-04:00,110.7367098815825,111.25439395753816,110.5719998373484,110.90927124023438,75689600
2012-08-29 00:00:00-04:00,111.00345678695561,111.29366831721417,110.68970327055311,110.99560546875,65421300
2012-08-30 00:00:00-04:00,110.51713752576691,110.5485188604218,109.96024450460301,110.195556640625,96589900
2012-08-31 00:00:00-04:00,110.82305165155303,111.23877658544762,110.09359711661685,110.7210922241211,151970400
2012-09-04 00:00:00-04:00,110.62691893719335,110.95636302138469,109.9131553373634,110.61907958984375,120226200
2012-09-05 00:00:00-04:00,110.6661892817484,110.96425217338393,110.3053876462182,110.52500915527344,100660300
2012-09-06 00:00:00-04:00,111.19167446482294,112.77609648926227,111.18383511667396,112.76825714111328,158272500
2012-09-07 00:00:00-04:00,112.95653195050494,113.25459483033319,112.85457251935905,113.20753479003906,107272100
2012-09-10 00:00:00-04:00,113.0976523606557,113.29374371658486,112.5250689525132,112.56427764892578,86458500
2012-09-11 00:00:00-04:00,112.63491557261935,113.23886852429442,112.60353424331628,112.87806701660156,88760000
2012-09-12 00:00:00-04:00,113.2545700073242,113.38007139958403,112.87022648170534,113.25457000732422,87640900
2012-09-13 00:00:00-04:00,113.23888581341065,115.33314104649973,112.9408349503477,114.98017883300781,225470200
2012-09-14 00:00:00-04:00,115.20764859486877,116.17241514471038,115.11351656352606,115.49002075195312,169777000
2012-09-17 00:00:00-04:00,115.25466427968432,115.45075564752958,114.80757021613283,115.09779357910156,119427800
2012-09-18 00:00:00-04:00,114.90171798144841,115.15270874313569,114.71346593383126,115.00367736816406,98326600
2012-09-19 00:00:00-04:00,115.13701153445636,115.43507426745376,114.83896076992723,115.06642150878906,128318300
2012-09-20 00:00:00-04:00,114.5408897778036,115.13700323234656,114.22714837403727,115.07426452636719,154009800
2012-09-21 00:00:00-04:00,115.63338839890056,115.6570440215981,114.97888809542525,115.02619934082031,108737500
2012-09-24 00:00:00-04:00,114.45848374395655,115.11298429567533,114.37174241704524,114.8527603149414,95682000
2012-09-25 00:00:00-04:00,115.09714041594441,115.31793417680113,113.59888328743669,113.63043212890625,133165200
2012-09-26 00:00:00-04:00,113.60678900083086,113.63832581340917,112.72360182797284,112.99170684814453,146502200
2012-09-27 00:00:00-04:00,113.46490536393775,114.31654415796999,113.16525133482489,114.05632019042969,111830300
2012-09-28 00:00:00-04:00,113.6225613211369,113.99318207120703,113.1257812773688,113.52793884277344,150696100
2012-10-01 00:00:00-04:00,113.96168165397191,114.88428720976543,113.5595119277588,113.82762908935547,135911200
2012-10-02 00:00:00-04:00,114.277044845264,114.45840857975398,113.41752537272654,113.94585418701172,113422200
2012-10-03 00:00:00-04:00,114.25343226413706,114.67924554731852,113.65413637571359,114.41114044189453,121283100
2012-10-04 00:00:00-04:00,114.84479844268596,115.39678284785126,114.68709033154695,115.23119354248047,124311600
2012-10-05 00:00:00-04:00,115.84630191670263,116.04344012892258,114.89214767531894,115.2391128540039,124842100
2012-10-08 00:00:00-04:00,114.81327367324799,115.2233123987364,114.58458666061131,114.84481048583984,78415400
2012-10-09 00:00:00-04:00,114.75808141709665,114.85270389729567,113.66987476536734,113.70930480957031,148872900
2012-10-10 00:00:00-04:00,113.69347988761893,113.80388877529239,112.8339606546126,112.9837875366211,124247500
2012-10-11 00:00:00-04:00,113.77238017164721,113.93798152936031,113.02325752906494,113.04691314697266,123601500
2012-10-12 00:00:00-04:00,113.12577322438308,113.51215633843539,112.43184301282277,112.6762924194336,124181900
2012-10-15 00:00:00-04:00,112.94441038812248,113.73296316168377,112.58168285040612,113.61468505859375,107689100
2012-10-16 00:00:00-04:00,114.15092846016339,114.84485895363117,114.07208037922818,114.76599884033203,108815500
2012-10-17 00:00:00-04:00,114.84481226403217,115.38103434526715,114.6713297111937,115.2863998413086,128834100
2012-10-18 00:00:00-04:00,114.98677062988281,115.53875516208886,114.60037544115839,114.98677062988281,148108500
2012-10-19 00:00:00-04:00,114.77386411878736,114.7817453152523,112.8024820900633,113.07058715820312,185645200
2012-10-22 00:00:00-04:00,112.88127999972714,113.29133064858127,112.19524320888624,113.08631134033203,125578600
2012-10-23 00:00:00-04:00,111.86409312443674,112.02180126729948,111.05188475795154,111.51712799072266,192056300
2012-10-24 00:00:00-04:00,111.91933350063202,112.0533981134701,111.02827669721042,111.2017593383789,120179400
2012-10-25 00:00:00-04:00,111.99026442027414,112.19528380270224,110.84686534438973,111.52500915527344,134457400
2012-10-26 00:00:00-04:00,111.4225450398623,111.84835837988975,110.7049588980511,111.46197509765625,146023500
2012-10-31 00:00:00-04:00,111.8562516108671,111.99818538008816,110.93363398147311,111.46197509765625,103438500
2012-11-01 00:00:00-04:00,111.69848410971831,112.77091625310106,111.59598044167,112.62898254394531,100995600
2012-11-02 00:00:00-04:00,113.29927653966281,113.33082539424329,111.50927009400297,111.62754821777344,137702200
2012-11-05 00:00:00-05:00,111.46191723395197,112.10852412311253,111.13071454631294,111.85619354248047,98378500
2012-11-06 00:00:00-05:00,112.19531459365813,113.1731245992599,112.07703646217391,112.73153686523438,107068100
2012-11-07 00:00:00-05:00,111.70637647363618,111.72213886406993,109.65613467549375,110.17658233642578,264304500
2012-11-08 00:00:00-05:00,110.16079153475876,110.7206691532499,108.76505011791075,108.85179138183594,181517300
2012-11-09 00:00:00-05:00,108.52065446101184,109.95582662316654,108.46546201066303,108.94647979736328,201055300
2012-11-12 00:00:00-05:00,109.28556436186425,109.459046995533,108.78878412214434,109.03323364257812,97677500
2012-11-13 00:00:00-05:00,108.45757061904222,109.80600149719747,108.31563685942771,108.65470886230469,123018300
2012-11-14 00:00:00-05:00,108.98588442077981,109.15935496165747,106.94352358717823,107.18797302246094,191505000
2012-11-15 00:00:00-05:00,107.22740851086785,107.62957814758985,106.5965638518295,107.0066146850586,178128400
2012-11-16 00:00:00-05:00,107.16429143203189,107.74782467627281,106.21803073700252,107.534912109375,239483900
2012-11-19 00:00:00-05:00,108.74136799436825,109.72705846579056,107.56643265313966,109.71129608154297,151495800
2012-11-20 00:00:00-05:00,109.53786555504963,109.94002312650498,108.88336532768183,109.75865936279297,119807400
2012-11-21 00:00:00-05:00,109.85331003800822,110.05834150665137,109.63251617359495,109.96370697021484,81710800
2012-11-23 00:00:00-05:00,110.4999394428326,111.50139312308589,110.42896052585778,111.46197509765625,65409200
2012-11-26 00:00:00-05:00,110.90993637445924,111.46981410554827,110.54720885771965,111.2253646850586,100124400
2012-11-27 00:00:00-05:00,111.11500071143526,111.49350276395725,110.58667167102493,110.65763854980469,128646200
2012-11-28 00:00:00-05:00,110.20812625751809,111.61174916763049,109.60883050868848,111.54867553710938,177086500
2012-11-29 00:00:00-05:00,111.96664912008524,112.376688032598,111.47773805922101,112.06915283203125,151085900
2012-11-30 00:00:00-05:00,112.0849074990257,112.30570134602226,111.70640548022618,112.09278869628906,136568300
2012-12-03 00:00:00-05:00,112.6053531984354,112.6999756932829,111.45406070422227,111.54080200195312,124656300
2012-12-04 00:00:00-05:00,111.5329294002887,111.87200138786461,111.08344845039919,111.38310241699219,127512200
2012-12-05 00:00:00-05:00,111.47767687787041,112.10064016812557,110.68912428023141,111.58019256591797,147300500
2012-12-06 00:00:00-05:00,111.47770727855523,112.0060362191691,111.3121179260141,111.95872497558594,103220600
2012-12-07 00:00:00-05:00,112.39238245570164,112.51855373852018,111.71422685099668,112.29776000976562,108726400
2012-12-10 00:00:00-05:00,112.14010388570081,112.61322836697225,112.09278060844844,112.34512329101562,98840700
2012-12-11 00:00:00-05:00,112.81037717232378,113.63836013277627,112.75518472555362,113.11003112792969,152570400
2012-12-12 00:00:00-05:00,113.55157914278372,113.98528549737019,113.00747590088056,113.1651840209961,145880100
2012-12-13 00:00:00-05:00,113.0942189960254,113.41752846851018,112.18738826646499,112.47126770019531,135715000
2012-12-14 00:00:00-05:00,112.22682728507664,112.43184665770268,111.87986216804836,112.0533447265625,137701700
2012-12-17 00:00:00-05:00,112.34509553162952,113.43330202468286,112.31354668792335,113.3702163696289,143238200
2012-12-18 00:00:00-05:00,113.55162901775255,114.73445848668747,113.38602759786168,114.63194274902344,177762800
2012-12-19 00:00:00-05:00,114.75810628495013,114.79753633769752,113.74087830529896,113.7802963256836,150895400
2012-12-20 00:00:00-05:00,113.85124735548584,114.45054310046672,113.53581904310659,114.43476867675781,168487000
2012-12-21 00:00:00-05:00,112.9036602963679,114.4284181484335,112.72101023076948,113.39602661132812,245883800
2012-12-24 00:00:00-05:00,113.14988445628836,113.2134175711927,112.91958751774989,113.0466537475586,53874600
2012-12-26 00:00:00-05:00,113.27691075747268,113.33250675755562,112.25246842028623,112.57012176513672,106947700
2012-12-27 00:00:00-05:00,112.60188530184254,112.83219428313961,111.11683709201837,112.41923522949219,167920600
2012-12-28 00:00:00-05:00,111.68863001635086,112.3080625778708,111.07713454798392,111.2042007446289,148806700
2012-12-31 00:00:00-05:00,110.91037605479431,113.21339341969328,110.81507034391777,113.09427642822266,243935200
2013-01-02 00:00:00-05:00,115.238385387407,116.06429088395167,114.9366063993948,115.9928207397461,192059000
2013-01-03 00:00:00-05:00,115.93732057238319,116.23908766051886,115.42111866146915,115.7308349609375,144761800
2013-01-04 00:00:00-05:00,115.92139852369351,116.42965106655801,115.68315249347967,116.23905181884766,116817700
2013-01-07 00:00:00-05:00,115.82614652530668,116.03262002948453,115.49259469268742,115.92144012451172,110002500
2013-01-08 00:00:00-05:00,115.71497210054746,115.87379881264476,115.13523703072529,115.58790588378906,121265100
2013-01-09 00:00:00-05:00,115.84201942085059,116.19939464928365,115.65936931851193,115.88172912597656,90745600
2013-01-10 00:00:00-05:00,116.52498455189516,116.81087746255662,115.92143823725459,116.80294036865234,130735400
2013-01-11 00:00:00-05:00,116.77116265287329,116.85851915280377,116.42968586440874,116.79499816894531,113917300
2013-01-14 00:00:00-05:00,116.65198969503592,116.79494213438355,116.28667756576469,116.71552276611328,89567200
2013-01-15 00:00:00-05:00,116.17555345817459,116.90617806724774,116.10408326305877,116.79499816894531,93172600
2013-01-16 00:00:00-05:00,116.55673873956361,116.96174858327485,116.42967255097622,116.77909851074219,104849500
2013-01-17 00:00:00-05:00,117.29530034898198,117.86708613895462,116.85851785418345,117.5335464477539,133833500
2013-01-18 00:00:00-05:00,117.50969281090663,117.92265180133133,117.08084751993182,117.79558563232422,169906000
2013-01-22 00:00:00-05:00,117.7956273975026,118.43094635009766,117.51767156896067,118.43094635009766,111797300
2013-01-23 00:00:00-05:00,118.43095666429132,118.72478670690457,118.21653392410484,118.62154388427734,104596100
2013-01-24 00:00:00-05:00,118.44675088331704,119.23295898804753,118.33557104082227,118.65323638916016,146426400
2013-01-25 00:00:00-05:00,119.02652832666124,119.32035827636719,118.62150637685211,119.32035827636719,147211600
2013-01-28 00:00:00-05:00,119.3521682758448,119.38394089411152,118.73273551438109,119.1774673461914,113357700
2013-01-29 00:00:00-05:00,118.93917655620406,119.7968551620693,118.85975715803735,119.64596557617188,105694400
2013-01-30 00:00:00-05:00,119.63012415601334,119.86837032220016,119.06627529996129,119.1774673461914,137447700
2013-01-31 00:00:00-05:00,119.03441154531367,119.42354701646094,118.80411479231165,118.8835220336914,108975800
2013-02-01 00:00:00-05:00,119.63798953882947,120.24948483803827,119.43151611467279,120.1065444946289,131173000
2013-02-04 00:00:00-05:00,119.3759831632039,120.13041912763178,118.66918188253523,118.75653839111328,159073600
2013-02-05 00:00:00-05:00,119.39978901174015,120.29716524863211,119.35213009958439,119.9556884765625,113912400
2013-02-06 00:00:00-05:00,119.53480756746048,120.12246759773593,119.44745106056804,120.04306030273438,138762800
2013-02-07 00:00:00-05:00,120.08273740996304,120.1939172869438,119.01063621802885,119.88420104980469,162490000
2013-02-08 00:00:00-05:00,120.09063336177343,120.62270917059742,120.09063336177343,120.55123901367188,103133700
2013-02-11 00:00:00-05:00,120.50365005263617,120.63070413111424,120.22569426321033,120.52747344970703,73775000
2013-02-12 00:00:00-05:00,120.53541388404413,120.9483729742184,120.40041059100058,120.72601318359375,65392700
2013-02-13 00:00:00-05:00,120.9721837513805,121.19454351880721,120.4877545185512,120.82923126220703,82322600
2013-02-14 00:00:00-05:00,120.46396479050762,121.08339747541481,120.32896147381778,120.94044494628906,80834300
2013-02-15 00:00:00-05:00,121.05160563741653,121.17867183919353,120.35276576304298,120.7974853515625,215226500
2013-02-19 00:00:00-05:00,121.00400570843848,121.72668137853938,120.83724185700268,121.7028579711914,95105400
2013-02-20 00:00:00-05:00,121.61548473047873,121.65519444317147,120.12248678069315,120.18601989746094,160574800
2013-02-21 00:00:00-05:00,119.884244037196,120.24954428496385,119.07421200433801,119.45539855957031,183257000
2013-02-22 00:00:00-05:00,120.03505456917398,120.62272644042969,119.51092789231926,120.62272644042969,106356600
2013-02-25 00:00:00-05:00,121.21045805654494,121.39310816854267,118.32770538330078,118.32770538330078,245824800
2013-02-26 00:00:00-05:00,118.89948734162535,119.2806738595605,118.11327878803951,119.13773345947266,186596200
2013-02-27 00:00:00-05:00,119.03449422549149,120.97221160293124,118.93125141052421,120.638671875,150781900
2013-02-28 00:00:00-05:00,120.63072569071696,121.40104798088136,120.24160205721437,120.40042877197266,126866000
2013-03-01 00:00:00-05:00,119.98745346235911,120.98013544305446,119.44744028135683,120.7974853515625,170634800
2013-03-04 00:00:00-05:00,120.51955341213095,121.44076538085938,120.32896618943013,121.44076538085938,99010200
2013-03-05 00:00:00-05:00,122.0284059640012,122.85431198961288,122.01251966032619,122.5287094116211,121431900
2013-03-06 00:00:00-05:00,122.96545632500924,123.02898940363971,122.42544333319387,122.69544982910156,94469900
2013-03-07 00:00:00-05:00,122.85429833096111,123.0766580868928,122.71135796687555,122.91783142089844,86101400
2013-03-08 00:00:00-05:00,123.45783423603936,123.60871166486706,122.82251556958627,123.44194793701172,123477800
2013-03-11 00:00:00-04:00,123.34670872103533,123.91848244328392,123.19581910803458,123.9105453491211,83746800
2013-03-12 00:00:00-04:00,123.82313708133847,123.96608954041865,123.2593006889505,123.63253784179688,105755800
2013-03-13 00:00:00-04:00,123.69608636116567,123.98197919731473,123.27519025762645,123.80726623535156,92550900
2013-03-14 00:00:00-04:00,124.13291380866097,124.5220495683612,123.81526037220901,124.4664535522461,126329900
2013-03-15 00:00:00-04:00,124.31808098632796,124.46962953319988,123.88732818946045,124.3021240234375,138601100
2013-03-18 00:00:00-04:00,123.11360891105831,124.15059265535558,123.00193448761702,123.61614990234375,126704300
2013-03-19 00:00:00-04:00,123.87938684911657,124.04689240087089,122.51535221254841,123.32898712158203,167567300
2013-03-20 00:00:00-04:00,124.05479546943752,124.39779091685241,123.84739155091552,124.19039916992188,113759300
2013-03-21 00:00:00-04:00,123.44855983004008,124.15051989260527,122.92210195470835,123.1294937133789,128605000
2013-03-22 00:00:00-04:00,123.52036371101666,124.11862182617188,123.42463413590892,124.11862182617188,111163600
2013-03-25 00:00:00-04:00,124.44564902676687,124.65305294430937,123.12151376940008,123.60011291503906,151322300
2013-03-26 00:00:00-04:00,124.11061449607269,124.62112750716553,123.97501080876884,124.58922576904297,86856600
2013-03-27 00:00:00-04:00,123.84737951309806,124.62911207038887,123.63998778632576,124.58922576904297,99950600
2013-03-28 00:00:00-04:00,124.50948302211944,125.11572573612968,124.2382755824797,124.97213745117188,102932800
2013-04-01 00:00:00-04:00,124.90835598606266,125.1636187085,124.1744939164501,124.47761535644531,99194100
2013-04-02 00:00:00-04:00,124.92433257140007,125.40294416534896,124.73288549950084,125.09185028076172,101504300
2013-04-03 00:00:00-04:00,125.16362182871367,125.25933926621556,123.49647821037274,123.82351684570312,154167400
2013-04-04 00:00:00-04:00,123.98301923115588,124.5733050164837,123.71181177773248,124.3260269165039,131885000
2013-04-05 00:00:00-04:00,122.80244406600421,123.9191998269034,122.65886796377572,123.76763916015625,159666000
2013-04-08 00:00:00-04:00,123.8553981262646,124.61318937380527,123.44060238709535,124.60521697998047,86571200
2013-04-09 00:00:00-04:00,124.83653032950808,125.49063173014868,124.42173461621387,125.03594970703125,101922200
2013-04-10 00:00:00-04:00,125.37101869722385,126.7270685264934,125.33911694064221,126.56753540039062,135711100
2013-04-11 00:00:00-04:00,126.59144100262853,127.39710322138014,126.46380965706064,126.98230743408203,110142500
2013-04-12 00:00:00-04:00,126.57549689676894,126.8626613676641,125.96926620114415,126.67122650146484,116359900
2013-04-15 00:00:00-04:00,126.03303264310722,126.13673460284944,123.71977298854756,123.7357177734375,217259000
2013-04-16 00:00:00-04:00,124.66903931549618,125.6262622692624,124.36593007362598,125.56244659423828,147507800
2013-04-17 00:00:00-04:00,124.66901394390119,124.69295546730889,123.06568651435086,123.7277603149414,226834800
2013-04-18 00:00:00-04:00,123.93518838325483,123.967102309416,122.48342120443161,122.95404815673828,167583200
2013-04-19 00:00:00-04:00,123.2411980053657,124.07876197952702,122.93807660079806,124.02291870117188,149687600
2013-04-22 00:00:00-04:00,124.26220185043343,124.8684323778034,123.44059498676911,124.57329559326172,106553500
2013-04-23 00:00:00-04:00,125.19548539626994,125.97720596448367,124.57329789909673,125.85755920410156,166141300
2013-04-24 00:00:00-04:00,125.89740770766714,126.27231700640301,125.66607447827379,125.93729400634766,96781200
2013-04-25 00:00:00-04:00,126.30422669143744,127.04607294449748,126.11279192026599,126.44781494140625,131060600
2013-04-26 00:00:00-04:00,126.29629062331249,126.51166697441396,125.81767921455226,126.22450256347656,95918800
2013-04-29 00:00:00-04:00,126.5674970836935,127.34921768505926,126.36807769353737,127.07003784179688,88572800
2013-04-30 00:00:00-04:00,127.04611512000845,127.40506760670664,126.51964498133418,127.37315368652344,116010700
2013-05-01 00:00:00-04:00,127.09394187997435,127.15775753270458,126.11280208387855,126.25637817382812,138874200
2013-05-02 00:00:00-04:00,126.57547237333755,127.54066759927623,126.45582560514404,127.42899322509766,96407600
2013-05-03 00:00:00-04:00,128.53774425893852,129.12802995579105,127.45290243625325,128.72120666503906,144202300
2013-05-06 00:00:00-04:00,128.81694243286245,129.23172596473077,128.76109916611523,129.0482635498047,66882100
2013-05-07 00:00:00-04:00,129.3274983183211,129.7422819873884,128.96056119550366,129.70240783691406,90359200
2013-05-08 00:00:00-04:00,129.5588319473198,130.33258041769625,129.48704386365955,130.29269409179688,97419200
2013-05-09 00:00:00-04:00,130.2367833745899,130.57977879017724,129.59863906501465,129.92568969726562,106738600
2013-05-10 00:00:00-04:00,130.0134723624088,130.46016985706163,129.6305783627688,130.34849548339844,103203000
2013-05-13 00:00:00-04:00,130.18097151386846,130.667555297965,129.87786232670194,130.45217895507812,81843200
2013-05-14 00:00:00-04:00,130.55588738028652,131.8959920369588,130.55588738028652,131.80026245117188,119000900
2013-05-15 00:00:00-04:00,131.5848658439429,132.77339734927378,131.54497954066002,132.51016235351562,120718500
2013-05-16 00:00:00-04:00,132.23894995173947,132.70160427477916,131.68855063344068,131.88796997070312,109913600
2013-05-17 00:00:00-04:00,132.37461656668438,133.2440823692801,132.19912649274443,133.16432189941406,129801000
2013-05-20 00:00:00-04:00,133.03667951326665,133.67482407727505,132.90107577129908,133.1563262939453,85071200
2013-05-21 00:00:00-04:00,133.27595974806155,133.85028852862987,132.81330533195967,133.34774780273438,95804200
2013-05-22 00:00:00-04:00,133.48334017453976,134.86333091224387,131.75238158662046,132.35861206054688,244031800
2013-05-23 00:00:00-04:00,130.94675505674442,132.34269082817005,130.7712650146091,131.9757537841797,211064400
2013-05-24 00:00:00-04:00,131.19404366307742,131.91993324351304,130.80317723401328,131.8640899658203,151573900
2013-05-28 00:00:00-04:00,133.24403634255773,133.83432203932463,132.2628964837895,132.6537628173828,143679800
2013-05-29 00:00:00-04:00,131.95186100749757,132.2549824682283,131.09036751773445,131.79232788085938,160363400
2013-05-30 00:00:00-04:00,131.89603345666973,132.88514617152913,131.79233144433212,132.27891540527344,107793800
2013-05-31 00:00:00-04:00,131.9119565845916,132.6617755656729,130.12516633683597,130.3804168701172,176850100
2013-06-03 00:00:00-04:00,130.6835014265176,131.18604212774179,129.75022024681,131.09829711914062,168390700
2013-06-04 00:00:00-04:00,131.170161159059,131.6966315156579,129.80612653907073,130.46820068359375,157631500
2013-06-05 00:00:00-04:00,130.09324650253228,130.3564815906289,128.52980510677637,128.6414794921875,211737800
2013-06-06 00:00:00-04:00,128.5856151462673,129.81404535611938,127.82782392859114,129.80606079101562,200225500
2013-06-07 00:00:00-04:00,130.69948407913998,131.57692216606145,130.13312760835328,131.457275390625,188337800
2013-06-10 00:00:00-04:00,131.86408659870358,131.93587466396545,131.1142676817161,131.457275390625,105667100
2013-06-11 00:00:00-04:00,130.26074462141668,131.24985698047632,129.81404714679704,130.10121154785156,159505400
2013-06-12 00:00:00-04:00,130.99463318361163,131.13023693234715,128.9047214994826,129.0243682861328,177361500
2013-06-13 00:00:00-04:00,128.95256817524606,131.21796971603007,128.66540374249917,130.9866485595703,163587800
2013-06-14 00:00:00-04:00,130.84306996477676,131.35358319735843,129.94967485065774,130.1650390625,141197500
2013-06-17 00:00:00-04:00,131.0504155491519,131.79226186523994,130.19690705478706,131.17007446289062,136295600
2013-06-18 00:00:00-04:00,131.24189701555372,132.4065116888961,131.23392462117815,132.20709228515625,114695600
2013-06-19 00:00:00-04:00,132.09543121807025,132.32675239421872,130.32458576067268,130.3804168701172,206149500
2013-06-20 00:00:00-04:00,129.11209539136615,130.396356799991,126.8147800339269,127.1498031616211,321255900
2013-06-21 00:00:00-04:00,128.01505146353534,128.11127534953422,126.27493352106859,127.55797576904297,271956800
2013-06-24 00:00:00-04:00,126.226851633299,127.04477933103747,124.87965572855221,125.94618225097656,222329000
2013-06-25 00:00:00-04:00,127.08483279670835,128.3839162981609,126.23482259901502,127.15701293945312,162262200
2013-06-26 00:00:00-04:00,128.1994843871715,128.7046842595976,127.7023113292269,128.41600036621094,134848000
2013-06-27 00:00:00-04:00,129.1858106779038,129.76317838654214,129.06551860093975,129.16976928710938,129483700
2013-06-28 00:00:00-04:00,128.808922207946,129.42637506200893,128.1914571178866,128.64051818847656,160402900
2013-07-01 00:00:00-04:00,129.31410764860522,130.29242449444106,129.1697718365948,129.39430236816406,131954800
2013-07-02 00:00:00-04:00,129.20183719488122,130.14808345649593,128.70466421436927,129.27401733398438,154863700
2013-07-03 00:00:00-04:00,128.68861816068022,129.7230736783842,128.48012903614853,129.33013916015625,75216400
2013-07-05 00:00:00-04:00,130.2844477710384,130.77360633608137,129.34622801238214,130.72549438476562,122416900
2013-07-08 00:00:00-04:00,131.39911501617053,131.82412032741095,130.77363503977887,131.47128295898438,108092500
2013-07-09 00:00:00-04:00,132.29720361774588,132.57787297126393,131.72786256712266,132.41749572753906,119298000
2013-07-10 00:00:00-04:00,132.28918805187124,132.91466786293452,132.0165455159717,132.46560668945312,121410100
2013-07-11 00:00:00-04:00,134.0052694666018,134.4062187484436,132.45759887597197,134.2698974609375,135592200
2013-07-12 00:00:00-04:00,134.22979537836207,134.66281520372556,134.02130616407607,134.32601928710938,104212700
2013-07-15 00:00:00-04:00,134.69485180844424,135.03164760956813,134.46229446071817,134.8391876220703,69450600
2013-07-16 00:00:00-04:00,134.9274884709456,135.00768324581574,133.97323917161717,134.33409118652344,88702100
2013-07-17 00:00:00-04:00,134.84722177675144,135.10382287138808,134.50239914321205,134.67881774902344,92873900
2013-07-18 00:00:00-04:00,134.9675342578072,135.73736219982524,134.87932493357596,135.41659545898438,103620100
2013-07-19 00:00:00-04:00,135.13587560474255,135.70521642198312,134.96747161446353,135.6571044921875,103831700
2013-07-22 00:00:00-04:00,135.84963077612517,136.11425875520035,135.52886402754905,135.9217987060547,79428600
2013-07-23 00:00:00-04:00,136.16231237202464,136.18636833836143,135.56088874161463,135.633056640625,80829700
2013-07-24 00:00:00-04:00,136.15437359876182,136.21051238051126,134.86331621455764,135.13597106933594,112914000
2013-07-25 00:00:00-04:00,134.89541092754257,135.5850443533509,134.67088025272164,135.46475219726562,111088600
2013-07-26 00:00:00-04:00,134.89539575346458,135.64918246385912,134.33406912955462,135.6090850830078,107814600
2013-07-29 00:00:00-04:00,135.2641997709258,135.56892504134643,134.80712410129192,135.19203186035156,79695000
2013-07-30 00:00:00-04:00,135.60100782559968,135.74534364674818,134.87127743380137,135.19203186035156,85209600
2013-07-31 00:00:00-04:00,135.47268694829754,136.2024172635407,135.11183519728584,135.2882537841797,142388700
2013-08-01 00:00:00-04:00,136.31470406450202,136.97225434464943,136.2425239140975,136.8519744873047,110438400
2013-08-02 00:00:00-04:00,136.5472024175244,137.1005140437325,136.36276928745286,137.08447265625,91116700
2013-08-05 00:00:00-04:00,136.77987098361737,137.0926109959831,136.60345228576966,136.8841094970703,54072700
2013-08-06 00:00:00-04:00,136.61941561758323,136.9161263224441,135.80148812460914,136.106201171875,87495000
2013-08-07 00:00:00-04:00,135.6731879475968,135.8656357264496,135.1599734773258,135.6651611328125,84854700
2013-08-08 00:00:00-04:00,136.3066588073315,136.4670360074242,135.46466321184968,136.16232299804688,102181300
2013-08-09 00:00:00-04:00,135.98592516265728,136.4029157353404,135.29629208460355,135.7694091796875,91757700
2013-08-12 00:00:00-04:00,135.08785583994916,135.76946237041028,135.02370247778762,135.6090850830078,68593300
2013-08-13 00:00:00-04:00,135.84960202570028,136.2425243850498,135.04770367796957,136.00997924804688,80806000
2013-08-14 00:00:00-04:00,135.94584179700064,136.1623578022669,135.28026462229258,135.31234741210938,79829200
2013-08-15 00:00:00-04:00,134.24581521997368,134.26184437819077,133.18730344971087,133.41986083984375,152931800
2013-08-16 00:00:00-04:00,133.16329985718235,133.62038800214,132.71423853048927,132.97886657714844,130868200
2013-08-19 00:00:00-04:00,132.82641643452655,133.28350427862458,132.12074210791718,132.12876892089844,96437600
2013-08-20 00:00:00-04:00,132.34531880183818,133.27552396857615,132.20098294975796,132.77835083007812,89294400
2013-08-21 00:00:00-04:00,132.409464604604,133.13919511121296,131.66370493934357,131.9604034423828,159530500
2013-08-22 00:00:00-04:00,132.23303349938314,133.35569853504668,132.2250189208133,133.16323852539062,101471400
2013-08-23 00:00:00-04:00,133.55623917291473,133.78076984388852,132.9307591272015,133.61236572265625,90888900
2013-08-26 00:00:00-04:00,133.74866787731895,134.15764401199476,133.02696400060015,133.11517333984375,89702100
2013-08-27 00:00:00-04:00,131.79999903204006,133.11511169427862,130.87782092373732,130.9740447998047,158619400
2013-08-28 00:00:00-04:00,130.91789153552068,131.90423509985823,130.74949977106945,131.4391326904297,108113000
2013-08-29 00:00:00-04:00,131.15048620760783,132.345306996581,131.03019410560475,131.6476593017578,119200500
2013-08-30 00:00:00-04:00,131.92028488267144,131.93632627474508,130.8457440976803,131.23065185546875,134928900
2013-09-03 00:00:00-04:00,132.49767316036238,132.77834250313848,131.27076955062486,131.82408142089844,142375100
2013-09-04 00:00:00-04:00,131.85614584907213,133.1391881621649,131.6155861218658,132.91465759277344,97389400
2013-09-05 00:00:00-04:00,132.99484428222704,133.4358785794302,132.89860816116658,133.0830535888672,63090500
2013-09-06 00:00:00-04:00,133.52415596322723,133.90104935321227,131.89630248563392,133.1472625732422,159756500
2013-09-09 00:00:00-04:00,133.4760098277366,134.50243898230153,133.4760098277366,134.42225646972656,87559300
2013-09-10 00:00:00-04:00,135.2321622305009,135.44065143504744,134.9274368857021,135.41659545898438,105847200
2013-09-11 00:00:00-04:00,135.23220563789164,135.84164428710938,134.9996603826387,135.84164428710938,94545900
2013-09-12 00:00:00-04:00,135.7934527325361,135.96987133422925,135.29627971103557,135.480712890625,83209000
2013-09-13 00:00:00-04:00,135.6250994291586,135.88972740678804,135.31235949850569,135.7854766845703,72727800
2013-09-16 00:00:00-04:00,137.25298414443515,137.3171375086227,136.35484928181276,136.5713653564453,106299200
2013-09-17 00:00:00-04:00,136.69161234021303,137.2128414275196,136.69161234021303,137.18077087402344,82523300
2013-09-18 00:00:00-04:00,137.13262946038176,139.145402106355,136.7878190506239,138.7685089111328,203460600
2013-09-19 00:00:00-04:00,139.14538493688804,139.2095382639032,138.3996132168335,138.5359344482422,146616900
2013-09-20 00:00:00-04:00,138.86474807876078,138.86474807876078,137.4545855617542,137.56739807128906,132867100
2013-09-23 00:00:00-04:00,137.38207902739327,137.51099883946577,136.49568615640555,136.93081665039062,104616500
2013-09-24 00:00:00-04:00,136.90663471168008,137.41429716875078,136.35063808684285,136.60848999023438,106333100
2013-09-25 00:00:00-04:00,136.69712752485214,136.9710990110926,136.09277214868786,136.21363830566406,117306500
2013-09-26 00:00:00-04:00,136.43920589859584,137.12413426416992,136.2216346315851,136.7373504638672,77146900
2013-09-27 00:00:00-04:00,136.05248956961051,136.29423419739675,135.75434482953827,136.10890197753906,99141800
2013-09-30 00:00:00-04:00,134.95657493736573,135.81072852943117,134.69065710850063,135.38365173339844,143937000
2013-10-01 00:00:00-04:00,135.4883868539939,136.5842848526014,135.3514011411228,136.45535278320312,127160000
2013-10-02 00:00:00-04:00,135.65759187297272,136.4553328073597,135.23856885658904,136.32640075683594,113350000
2013-10-03 00:00:00-04:00,136.0122206381138,136.1330991210592,134.44089872498142,135.06942749023438,176698000
2013-10-04 00:00:00-04:00,135.17415374885655,136.22975918191753,134.99687518651817,136.0927734375,96878000
2013-10-07 00:00:00-04:00,134.90823663783192,135.73821704981256,134.77125089267065,134.91629028320312,96295000
2013-10-08 00:00:00-04:00,134.89213447227812,135.0694130584739,133.24829302240485,133.34498596191406,178015000
2013-10-09 00:00:00-04:00,133.60279406185512,133.92511192189352,132.57941579799402,133.44163513183594,168973000
2013-10-10 00:00:00-04:00,134.80343838418665,136.3908790490781,134.75509193480124,136.318359375,195955000
2013-10-11 00:00:00-04:00,136.10885379453765,137.24504453596774,135.9960413142591,137.19668579101562,105040000
2013-10-14 00:00:00-04:00,136.3506166667723,137.85747191927243,136.24585781541697,137.74465942382812,112106000
2013-10-15 00:00:00-04:00,137.39815461906903,137.91387063530235,136.56012070355484,136.74545288085938,155485000
2013-10-16 00:00:00-04:00,137.56739834353596,138.72776261284324,137.5029322957254,138.65524291992188,161676000
2013-10-17 00:00:00-04:00,138.0911460056798,139.66247954169273,138.0669727785694,139.58189392089844,129389000
2013-10-18 00:00:00-04:00,140.09767282431358,140.6214427077128,139.8156353205479,140.52474975585938,138316000
2013-10-21 00:00:00-04:00,140.57300764684592,140.81475216978413,140.21845065262147,140.53271484375,104104000
2013-10-22 00:00:00-04:00,140.9437151243197,141.76562946862802,140.55691888455593,141.34661865234375,126663000
2013-10-23 00:00:00-04:00,140.8631398667939,140.92760591149866,140.178211196132,140.6697540283203,105484000
2013-10-24 00:00:00-04:00,140.95178327932393,141.31439403274808,140.62139940137791,141.13711547851562,70350000
2013-10-25 00:00:00-04:00,141.42718123622248,141.8220310901193,141.15320980893355,141.78173828125,93625000
2013-10-28 00:00:00-04:00,141.7333833254763,142.20075282991436,141.580278038342,142.00735473632812,84979000
2013-10-29 00:00:00-04:00,142.3296707276735,142.8212134079368,142.1282190111006,142.76480102539062,87401000
2013-10-30 00:00:00-04:00,142.93411022126384,143.0388568146584,141.548120609734,142.05577087402344,140002000
2013-10-31 00:00:00-04:00,141.9428925140164,142.5391940968464,141.4432961283936,141.65280151367188,133795000
2013-11-01 00:00:00-04:00,141.8381666590801,142.31358988866052,141.19351853143115,141.99127197265625,142805000
2013-11-04 00:00:00-05:00,142.3780474918727,142.54726008427116,141.80591908489023,142.49085998535156,85677000
2013-11-05 00:00:00-05:00,141.93489870815043,142.4264416577483,141.47559493642595,142.03965759277344,85825000
2013-11-06 00:00:00-05:00,142.6519885559353,143.03071876674326,142.25713876502314,142.76480102539062,87348000
2013-11-07 00:00:00-05:00,143.03075366191763,143.1435661588958,140.82283788318495,140.95982360839844,157000000
2013-11-08 00:00:00-05:00,140.91147490366853,142.8776460730375,140.89536761552864,142.8615264892578,136713000
2013-11-11 00:00:00-05:00,142.7245251822137,143.05490898760402,142.5553126057425,142.8856964111328,62614000
2013-11-12 00:00:00-05:00,142.57946147542145,142.9178988661902,142.12014568361192,142.5955810546875,83990000
2013-11-13 00:00:00-05:00,141.89465347737595,143.78024025918378,141.89465347737595,143.73995971679688,103844000
2013-11-14 00:00:00-05:00,143.86879845562532,144.57791265908796,143.63511979983383,144.45704650878906,103435000
2013-11-15 00:00:00-05:00,144.69069094781472,145.1419408630726,144.50535879597052,145.08554077148438,102818000
2013-11-18 00:00:00-05:00,145.32733372696484,145.44819988894812,144.2556086733587,144.5779266357422,104796000
2013-11-19 00:00:00-05:00,144.5054317949803,144.94056234860918,144.01388882562765,144.26368713378906,93891000
2013-11-20 00:00:00-05:00,144.55374957764127,144.98888004490718,143.41755850250001,143.81240844726562,124909000
2013-11-21 00:00:00-05:00,144.21528721634095,145.08556029673085,144.1266479499409,144.97274780273438,92841000
2013-11-22 00:00:00-05:00,145.02914621707342,145.71408711272045,144.8599336258643,145.69796752929688,81296000
2013-11-25 00:00:00-05:00,145.9558515690579,145.98807844465665,145.3434302719108,145.55294799804688,79486000
2013-11-26 00:00:00-05:00,145.62547037300584,146.0283739514403,145.3756721216791,145.59323120117188,86994000
2013-11-27 00:00:00-05:00,145.74631740225797,146.04447437220907,145.56903886735944,145.94776916503906,58800000
2013-11-29 00:00:00-05:00,146.10893837341948,146.45542949866194,145.6899152699014,145.85107421875,55870900
2013-12-02 00:00:00-05:00,145.9236469897869,146.1976185320669,145.24677178098545,145.47239685058594,99726000
2013-12-03 00:00:00-05:00,144.99699270999335,145.3596035988369,144.37651753845924,144.84388732910156,116563000
2013-12-04 00:00:00-05:00,144.32006287839408,145.43206836428718,143.71570752680222,144.8277130126953,123033000
2013-12-05 00:00:00-05:00,144.56981603462677,144.83573378186966,144.05410012060224,144.1910858154297,106934000
2013-12-06 00:00:00-05:00,145.58516302158694,145.93972010251483,145.16613989906853,145.802734375,127728000
2013-12-09 00:00:00-05:00,146.22984380634244,146.39100279849802,145.98004552415486,146.17343139648438,70124000
2013-12-10 00:00:00-05:00,145.83494459038644,146.14115517905543,145.56097316665043,145.6496124267578,80976000
2013-12-11 00:00:00-05:00,145.70608579164144,145.7302590276376,143.83660690364576,144.01388549804688,130591000
2013-12-12 00:00:00-05:00,143.94937882248914,144.1266573668723,143.24026464495654,143.53842163085938,115565000
2013-12-13 00:00:00-05:00,143.83655734613754,143.96548942412403,143.2483216468288,143.5222930908203,107808000
2013-12-16 00:00:00-05:00,144.19916145340207,144.8921559712951,144.15886864392147,144.41673278808594,96195000
2013-12-17 00:00:00-05:00,144.54570663410888,144.56987986765552,143.63514051837691,143.95745849609375,89886000
2013-12-18 00:00:00-05:00,144.175078272901,146.4393954096269,142.88579363375987,146.41522216796875,234906000
2013-12-19 00:00:00-05:00,145.99611538953005,146.41513849823008,145.61739738809015,146.2459259033203,136531200
2013-12-20 00:00:00-05:00,146.39177956558183,147.44501858055847,146.29456168685633,147.0966339111328,197087000
2013-12-23 00:00:00-05:00,147.81766078185262,147.97159729542506,147.50980011710044,147.88247680664062,85598000
2013-12-24 00:00:00-05:00,147.89057257781383,148.27135899283851,147.88247521069997,148.20654296875,45368800
2013-12-26 00:00:00-05:00,148.5387239872624,149.04104509529105,148.5225292526497,148.96002197265625,63365000
2013-12-27 00:00:00-05:00,149.1545413906818,149.21934508491407,148.79805926041055,148.95199584960938,61814000
2013-12-30 00:00:00-05:00,148.96815729029663,149.08969200521037,148.7332099546303,148.9276580810547,56857000
2013-12-31 00:00:00-05:00,149.13022888295802,149.63253784179688,149.01679151816413,149.63253784179688,86119900
2014-01-02 00:00:00-05:00,149.05718516584503,149.13011089442927,147.84191294635937,148.19839477539062,119636900
2014-01-03 00:00:00-05:00,148.44963797826006,148.74941371172457,147.96353621672114,148.17417907714844,81390600
2014-01-06 00:00:00-05:00,148.6603064106516,148.71701272479186,147.51794677157508,147.7447967529297,108028200
2014-01-07 00:00:00-05:00,148.33623590027486,148.90336089083033,148.22281090216376,148.65220642089844,86144200
2014-01-08 00:00:00-05:00,148.62782114550268,148.9356941283134,148.1741213997127,148.68453979492188,96582300
2014-01-09 00:00:00-05:00,149.1625704895377,149.1787775868771,148.10123431808,148.7817840576172,90683400
2014-01-10 00:00:00-05:00,149.03295311453414,149.25170568178598,148.27138017568237,149.1868896484375,102026400
2014-01-13 00:00:00-05:00,148.8061221845073,149.21931054218263,146.9183966952136,147.20196533203125,149892000
2014-01-14 00:00:00-05:00,147.68808188913727,148.8871602357065,147.4126229564378,148.80613708496094,105016100
2014-01-15 00:00:00-05:00,149.1545305896566,149.83508059140217,148.8385600629606,149.6082305908203,98525800
2014-01-16 00:00:00-05:00,149.30031709578466,149.60819016870454,148.9357377192395,149.4137420654297,72290600
2014-01-17 00:00:00-05:00,149.15447312206453,149.4380293323418,148.52253231215244,148.7817840576172,107848700
2014-01-21 00:00:00-05:00,149.64059737408806,149.697316042143,148.30380215799119,149.21929931640625,88621200
2014-01-22 00:00:00-05:00,149.47044958650542,149.53526561609752,149.00054264375805,149.31651306152344,61270900
2014-01-23 00:00:00-05:00,148.5630772343338,148.5873817066264,147.30730495789385,148.09317016601562,132496900
2014-01-24 00:00:00-05:00,147.12900859439114,147.17761752069785,144.88480171822454,144.93341064453125,208677100
2014-01-27 00:00:00-05:00,145.07121374920715,145.4439029775294,143.4994584007847,144.22052001953125,180843100
2014-01-28 00:00:00-05:00,144.32580904187628,145.26562305107743,144.30960194174656,145.07928466796875,110463200
2014-01-29 00:00:00-05:00,143.87208358927742,144.65796091368173,143.30495880939623,143.6857452392578,216597300
2014-01-30 00:00:00-05:00,144.8848250198401,145.6787997894586,144.42301542086977,145.20889282226562,118938100
2014-01-31 00:00:00-05:00,143.4102887661334,145.25750244599578,143.33737536460063,144.3582000732422,194677900
2014-02-03 00:00:00-05:00,144.18806858252796,144.51213638599648,140.83391613081236,141.109375,254837100
2014-02-04 00:00:00-05:00,141.7412963681093,142.4623576396503,141.06074665702639,142.0977783203125,165012400
2014-02-05 00:00:00-05:00,141.6036004563468,142.2355413893563,140.73671219691906,141.91957092285156,164230500
2014-02-06 00:00:00-05:00,142.2516756507293,143.791015625,141.96000980311717,143.791015625,132877600
2014-02-07 00:00:00-05:00,144.46349558917115,145.72737705129146,143.9935887241074,145.5734405517578,170787200
2014-02-10 00:00:00-05:00,145.58972686434663,145.88950266006307,145.19274553101138,145.84088134765625,92218800
2014-02-11 00:00:00-05:00,145.9623802155983,147.80959403636945,145.86514997707675,147.43690490722656,117814100
2014-02-12 00:00:00-05:00,147.65562292262746,148.12552981788477,147.21813022008712,147.50979614257812,94717700
2014-02-13 00:00:00-05:00,146.51329949081497,148.42532936929877,146.50520212185364,148.27139282226562,100542200
2014-02-14 00:00:00-05:00,148.13366999892406,149.3651500678559,147.9959405460508,149.08969116210938,96498400
2014-02-18 00:00:00-05:00,149.21932302885187,149.47048984707172,148.7899275342391,149.2679443359375,80460900
2014-02-19 00:00:00-05:00,148.8790525760708,149.8431712163398,148.15799102902545,148.27952575683594,126524300
2014-02-20 00:00:00-05:00,148.4820731474718,149.49480074668332,147.9392526377821,149.15452575683594,104998100
2014-02-21 00:00:00-05:00,149.43810557541326,149.79458772439781,148.9114920859402,148.98440551757812,118116400
2014-02-24 00:00:00-05:00,149.3003114551527,150.81534757011426,149.2354954231765,149.81072998046875,114063900
2014-02-25 00:00:00-05:00,149.9322693378867,150.36166478138946,149.2598168374741,149.7540283203125,117085000
2014-02-26 00:00:00-05:00,149.97275830281035,150.3697518480053,149.34081746753256,149.76211547851562,98677200
2014-02-27 00:00:00-05:00,149.54338931718624,150.5885186177119,149.37324566424704,150.5480194091797,93880800
2014-02-28 00:00:00-05:00,150.523696263946,151.62554419003996,149.92416954397996,150.9287872314453,150842000
2014-03-03 00:00:00-05:00,149.60010061603631,150.2482486853138,148.87094176459675,149.86746215820312,167748500
2014-03-04 00:00:00-05:00,151.3338872982066,152.29800583680787,151.30148545831236,151.97393798828125,167545900
2014-03-05 00:00:00-05:00,152.10352067524732,152.3708821265312,151.86856105333484,152.1116180419922,88376900
2014-03-06 00:00:00-05:00,152.48430828028918,152.80837602613695,152.13592370923035,152.45999145507812,82516500
2014-03-07 00:00:00-05:00,153.09199384873963,153.09199384873963,151.852404034045,152.5248565673828,114513500
2014-03-10 00:00:00-04:00,152.28991109870154,152.50055396764373,151.56884961523474,152.44384765625,74939200
2014-03-11 00:00:00-04:00,152.6706942875877,152.8894468836563,151.34199633489743,151.69036865234375,99009100
2014-03-12 00:00:00-04:00,150.95309777624945,151.78758414555313,150.61281049881393,151.73086547851562,104824400
2014-03-13 00:00:00-04:00,152.18455134749405,152.30608603892492,149.60817907275467,150.0294647216797,155014300
2014-03-14 00:00:00-04:00,149.76216716887183,150.53183769673154,149.42998953859203,149.6082305908203,153919600
2014-03-17 00:00:00-04:00,150.3616730332421,151.3176942129153,150.29685699034934,150.96121215820312,98359500
2014-03-18 00:00:00-04:00,151.26907171395297,152.24128754541803,151.10702544004627,152.0387420654297,101804600
2014-03-19 00:00:00-04:00,152.05493806565795,152.26559327852806,150.26444293063284,151.2285614013672,176267300
2014-03-20 00:00:00-04:00,150.89634546109744,152.22504298838,150.62898400981356,152.1116180419922,117241000
2014-03-21 00:00:00-04:00,152.750480207666,153.8165009257361,151.383360663797,151.52169799804688,163128000
2014-03-24 00:00:00-04:00,152.04248187469906,152.22965508121388,150.23593883265067,150.89508056640625,121411000
2014-03-25 00:00:00-04:00,151.66006006090774,152.12390803692887,150.76493379622775,151.61123657226562,103852000
2014-03-26 00:00:00-04:00,152.20520838479206,152.44933813590373,150.48004633299152,150.52073669433594,119843000
2014-03-27 00:00:00-04:00,150.34173697892018,150.8218510479306,149.65003795837768,150.20339965820312,142383000
2014-03-28 00:00:00-04:00,150.63472249823263,151.70074334022652,150.54520863425822,150.94395446777344,101642000
2014-03-31 00:00:00-04:00,151.90414202401686,152.41681332702916,150.9683256748882,152.18081665039062,99745000
2014-04-01 00:00:00-04:00,152.6772090689357,153.27939421088394,152.17268329027638,153.18988037109375,89193000
2014-04-02 00:00:00-04:00,153.38521064148046,153.90601513153712,153.10039044757636,153.70257568359375,78774000
2014-04-03 00:00:00-04:00,153.93855397598136,153.9792443473748,153.02714925816758,153.49913024902344,77435000
2014-04-04 00:00:00-04:00,154.3373066046056,154.36985145299124,151.4403308368987,151.6844482421875,169381000
2014-04-07 00:00:00-04:00,151.31826829861737,151.57053124302743,149.69889813922663,150.00811767578125,140803000
2014-04-08 00:00:00-04:00,149.94292972816453,150.87061264072352,149.39771377592788,150.62649536132812,112660000
2014-04-09 00:00:00-04:00,151.03341973361054,152.29473411517827,150.59398366387555,152.24591064453125,100254000
2014-04-10 00:00:00-04:00,152.23778000500036,152.31101521215746,148.8606783660459,149.0478515625,172959000
2014-04-11 00:00:00-04:00,148.21779511557287,149.25940375427803,147.54237487974848,147.7051239013672,167251000
2014-04-14 00:00:00-04:00,148.86067466742165,149.21873000501265,147.6481837669817,148.8688201904297,132382000
2014-04-15 00:00:00-04:00,149.178021152822,149.99991170423647,147.70510974342594,149.8941192626953,157093000
2014-04-16 00:00:00-04:00,150.92765383291942,151.47287004603055,150.26036650474998,151.46473693847656,105197000
2014-04-17 00:00:00-04:00,151.26130330119355,152.09947283886547,151.00089484597657,151.6763153076172,105255000
2014-04-21 00:00:00-04:00,151.7169683461561,152.25405134015608,151.52980757562477,152.20521545410156,68329000
2014-04-22 00:00:00-04:00,152.35984384196806,153.31193881811336,152.2784755258018,152.8969268798828,85790000
2014-04-23 00:00:00-04:00,152.83996290015287,152.9213312123795,152.41680545892427,152.5388641357422,73869000
2014-04-24 00:00:00-04:00,153.2875836269116,153.3038622629324,152.1157701726367,152.84815979003906,88170000
2014-04-25 00:00:00-04:00,152.35169541686636,152.44120924751843,151.2531177149505,151.5948944091797,100380000
2014-04-28 00:00:00-04:00,152.2134105887089,152.73421512377286,150.51265963699566,152.0750732421875,135121000
2014-04-29 00:00:00-04:00,152.56325623621365,153.0189584602928,152.2377581952869,152.78297424316406,84098000
2014-04-30 00:00:00-04:00,152.53074327977941,153.39332444378468,152.3191583336942,153.23870849609375,101508000
2014-05-01 00:00:00-04:00,153.1655062798105,153.6700321824731,152.76676045602125,153.25502014160156,93019000
2014-05-02 00:00:00-04:00,153.2386871967967,153.91410747511827,152.80739667474097,153.03524780273438,98122000
2014-05-05 00:00:00-04:00,152.28663805328154,153.43403956041934,151.86348050981306,153.3282470703125,75883000
2014-05-06 00:00:00-04:00,152.9864069497339,153.0921993960499,151.96107699028053,151.99362182617188,85454000
2014-05-07 00:00:00-04:00,152.50628118787407,152.96198335673694,151.3670133487641,152.8887481689453,106500000
2014-05-08 00:00:00-04:00,152.750406811579,153.8408387460407,152.2377356768452,152.72598266601562,93618000
2014-05-09 00:00:00-04:00,152.75043329566563,153.01896235694346,152.03432268704574,152.95387268066406,83679000
2014-05-12 00:00:00-04:00,153.6374117388568,154.5162712903102,152.98640328404463,154.44302368164062,86940000
2014-05-13 00:00:00-04:00,154.64654111909843,154.95577308506066,154.4268354330345,154.58145141601562,66454000
2014-05-14 00:00:00-04:00,154.4430385528121,154.51628616853463,153.62928101017934,153.8489990234375,72367000
2014-05-15 00:00:00-04:00,153.5397930407276,153.57235030141035,151.74952862883643,152.49818420410156,154956000
2014-05-16 00:00:00-04:00,152.58770925294638,153.0922474949326,151.9448461022474,153.0271453857422,97458000
2014-05-19 00:00:00-04:00,152.73412951086198,153.71063591462038,152.59579224188354,153.5885772705078,63839000
2014-05-20 00:00:00-04:00,153.51541120600294,153.5316898395151,152.22968474860153,152.6202850341797,111644000
2014-05-21 00:00:00-04:00,153.0597212031854,153.9792716082522,153.03530945941904,153.90603637695312,89093000
2014-05-22 00:00:00-04:00,153.94669080291055,154.5976995100597,153.68629477022586,154.28033447265625,61549000
2014-05-23 00:00:00-04:00,154.41867716735567,155.00458378243965,154.28033983003843,154.8988037109375,61092800
2014-05-27 00:00:00-04:00,155.4764961882003,155.89965353834273,155.38698237215002,155.850830078125,72010000
2014-05-28 00:00:00-04:00,155.850925127358,156.0950549942881,155.4765910091371,155.73699951171875,66723000
2014-05-29 00:00:00-04:00,156.09504562966197,156.5670142825949,155.69629979036614,156.5426025390625,64377000
2014-05-30 00:00:00-04:00,156.39606654941716,156.8924591548588,156.26586236049198,156.7947998046875,76316000
2014-06-02 00:00:00-04:00,157.01459785260172,157.0471551249051,156.21711851862645,156.97390747070312,64656000
2014-06-03 00:00:00-04:00,156.59135732162838,156.97382435844173,156.44488692469795,156.8924560546875,65047000
2014-06-04 00:00:00-04:00,156.62390197511903,157.2993221684052,156.4611529637503,157.20980834960938,55529000
2014-06-05 00:00:00-04:00,157.38889634078993,158.39794804838715,156.81112284937666,158.23519897460938,92103000
2014-06-06 00:00:00-04:00,158.5769799658742,159.03268235133714,158.50374474327307,158.99200439453125,78696000
2014-06-09 00:00:00-04:00,158.9675328549529,159.53716062250513,158.8210500478943,159.15469360351562,65119000
2014-06-10 00:00:00-04:00,158.95943554643665,159.20356535427766,158.6176587822424,159.1710205078125,57129000
2014-06-11 00:00:00-04:00,158.60138189057085,158.78040959048786,158.2596051226269,158.61766052246094,68772000
2014-06-12 00:00:00-04:00,158.4304882267996,158.5200020702672,157.14474957379113,157.49465942382812,106350000
2014-06-13 00:00:00-04:00,157.80385216644697,158.1293626150857,157.29932649224943,157.97474670410156,82017000
2014-06-16 00:00:00-04:00,157.77943666846824,158.43857823791515,157.59227592556505,158.1049346923828,87424000
2014-06-17 00:00:00-04:00,157.8852765674043,158.65834391926754,157.71438198246568,158.54441833496094,84834000
2014-06-18 00:00:00-04:00,158.5444468335037,159.79762848613726,158.19452449361899,159.70811462402344,105267000
2014-06-19 00:00:00-04:00,159.84644036348794,159.98479011785662,159.33378138766497,159.8871307373047,85929000
2014-06-20 00:00:00-04:00,160.28530183440816,160.34254381350777,160.0154735253438,160.2117156982422,100587000
2014-06-23 00:00:00-04:00,160.25261672868666,160.30167415759885,159.86831690026517,160.1626739501953,70611000
2014-06-24 00:00:00-04:00,159.8764717466059,160.66960003241414,159.0179294038133,159.19781494140625,96237000
2014-06-25 00:00:00-04:00,158.86255871792852,160.08087202961417,158.8298579305172,159.91734313964844,82782000
2014-06-26 00:00:00-04:00,159.94187188442567,159.95822851636223,158.73174312666816,159.80287170410156,84312000
2014-06-27 00:00:00-04:00,159.4267755074071,160.1626743724009,159.35318936384482,160.11361694335938,71445100
2014-06-30 00:00:00-04:00,160.01553422941336,160.3998341660106,159.87653398288296,160.03189086914062,70201200
2014-07-01 00:00:00-04:00,160.42433985422568,161.59359613586705,160.36711033808785,161.10299682617188,90470000
2014-07-02 00:00:00-04:00,161.119307227388,161.47089373315694,161.04572109498824,161.2664794921875,52475000
2014-07-03 00:00:00-04:00,161.72437372206824,162.13320222505553,161.60173016175438,162.0596160888672,52938800
2014-07-07 00:00:00-04:00,161.74892178491837,161.87973742932755,161.25832256990083,161.4954376220703,61696000
2014-07-08 00:00:00-04:00,161.20104372845094,161.25828569691188,160.0645012007809,160.4569854736328,108143000
2014-07-09 00:00:00-04:00,160.8576280006354,161.32369839207587,160.51421362210453,161.176513671875,72992000
2014-07-10 00:00:00-04:00,159.62297039085314,160.9639271185345,159.49214230121268,160.5387420654297,99040000
2014-07-11 00:00:00-04:00,160.44065102516717,160.87400821945897,160.08087996353885,160.75953674316406,64243000
2014-07-14 00:00:00-04:00,161.57720284032473,161.7816170935777,161.43820264528745,161.56903076171875,58658000
2014-07-15 00:00:00-04:00,161.66713589601142,161.9778495347506,160.55512192607958,161.2664794921875,111307000
2014-07-16 00:00:00-04:00,161.9859858120502,162.1086293389441,161.42180063543336,161.86334228515625,79986400
2014-07-17 00:00:00-04:00,161.3646080550795,161.9778507827125,159.7946956930584,160.02365112304688,145398000
2014-07-18 00:00:00-04:00,160.54698238672265,161.8225255126589,160.4570396034088,161.65899658203125,124330000
2014-07-21 00:00:00-04:00,161.15206152124003,161.4873039820847,160.61240475155728,161.35647583007812,67592000
2014-07-22 00:00:00-04:00,161.9042592614991,162.35397311007625,161.78978777972088,162.0596160888672,67678000
2014-07-23 00:00:00-04:00,162.30487059104223,162.59105545420184,161.97781287010469,162.41934204101562,65612000
2014-07-24 00:00:00-04:00,162.57476655636734,162.7628242004315,162.26405285851195,162.42758178710938,56888000
2014-07-25 00:00:00-04:00,161.96961272680392,162.10861286864537,161.34819812625668,161.66708374023438,76837000
2014-07-28 00:00:00-04:00,161.69986119256254,161.96968952871265,160.76773261152442,161.73257446289062,69259000
2014-07-29 00:00:00-04:00,162.03503305571306,162.26397594251802,161.01296214088686,161.03749084472656,80466000
2014-07-30 00:00:00-04:00,161.60987082666983,161.8224695918301,160.39157010951192,161.06204223632812,104222000
2014-07-31 00:00:00-04:00,159.94183081648418,160.0808309611175,157.7832175839436,157.88133239746094,183479000
2014-08-01 00:00:00-04:00,157.4479526633663,158.42913808660316,156.63848061550942,157.39889526367188,189261000
2014-08-04 00:00:00-04:00,157.7015239680114,158.87078013163116,157.03105162065967,158.53553771972656,91340000
2014-08-05 00:00:00-04:00,157.88953114004244,158.29835953504363,156.42591849912478,156.99827575683594,152690000
2014-08-06 00:00:00-04:00,156.26243755010094,157.71786608445714,156.237908836996,157.04739379882812,94818000
2014-08-07 00:00:00-04:00,157.75878022914688,157.91413709147466,155.80458004417568,156.19705200195312,135733000
2014-08-08 00:00:00-04:00,156.5486453499341,158.1103610434927,156.13163221338309,158.0040740966797,117014000
2014-08-11 00:00:00-04:00,158.6009142421388,159.1650995148492,158.38832793383025,158.4619140625,74544000
2014-08-12 00:00:00-04:00,158.3065639560834,158.74809322325737,157.75873529202562,158.24114990234375,73632000
2014-08-13 00:00:00-04:00,158.86255731738208,159.49215663847684,158.59274151336737,159.31227111816406,69047000
2014-08-14 00:00:00-04:00,159.57392749405196,160.06451416015625,159.42674276070255,160.06451416015625,57371000
2014-08-15 00:00:00-04:00,160.64513385607742,160.7923061842412,158.87899105934895,160.03189086914062,139951000
2014-08-18 00:00:00-04:00,160.91490154768604,161.44637361190075,160.824958777816,161.37278747558594,75424000
2014-08-19 00:00:00-04:00,161.7652672078942,162.337624645587,161.43820937962872,162.21498107910156,59135000
2014-08-20 00:00:00-04:00,161.9941417964757,162.84451175330904,161.96144101803648,162.6482696533203,72763000
2014-08-21 00:00:00-04:00,162.7874076205042,163.33523657745482,162.65657944307853,163.12265014648438,67791000
2014-08-22 00:00:00-04:00,162.99169259346465,163.27787744486474,162.5011060322168,162.86904907226562,76107000
2014-08-25 00:00:00-04:00,163.64587360586935,164.01381676535593,162.8363886738342,163.69493103027344,63855000
2014-08-26 00:00:00-04:00,163.8012237548828,164.20188016527197,163.76033841072794,163.8012237548828,47298000
2014-08-27 00:00:00-04:00,163.88298159304742,163.99746554700212,163.48233766002713,163.73580932617188,47874000
2014-08-28 00:00:00-04:00,163.19616017115933,163.75217342755485,163.03263126390982,163.6458740234375,58330000
2014-08-29 00:00:00-04:00,163.89932443712095,164.12826737285883,163.3842090699379,164.11192321777344,65907000
2014-09-02 00:00:00-04:00,164.32450835053123,164.34903705943867,163.41690869159257,164.0301513671875,72426000
2014-09-03 00:00:00-04:00,164.65980413962072,164.68433285649272,163.7113188323762,163.9402618408203,57462000
2014-09-04 00:00:00-04:00,164.21819454191441,164.82326508689715,163.25336547239246,163.7030792236328,85236000
2014-09-05 00:00:00-04:00,163.67045655557084,164.50447047618553,163.0490415130999,164.43905639648438,102177000
2014-09-08 00:00:00-04:00,164.2836375023405,164.52076501130287,163.53139458442675,164.01380920410156,64146000
2014-09-09 00:00:00-04:00,163.8666153029212,163.9810867649588,162.6401300054667,162.97537231445312,88591000
2014-09-10 00:00:00-04:00,163.06532586001646,163.69492522928775,162.52568173423936,163.58863830566406,67251000
2014-09-11 00:00:00-04:00,162.93447161110825,163.8011858100119,162.81181560705713,163.7766571044922,66774400
2014-09-12 00:00:00-04:00,163.6131507745798,163.6294949295422,162.35395216104206,162.8200225830078,117409300
2014-09-15 00:00:00-04:00,162.84451135389958,162.97533942023784,162.20674012606443,162.69732666015625,76401000
2014-09-16 00:00:00-04:00,162.39485928485348,164.21823092407925,162.30491651467878,163.9238739013672,116201000
2014-09-17 00:00:00-04:00,164.16097943415429,164.9050377316281,163.3269659020981,164.14462280273438,151266000
2014-09-18 00:00:00-04:00,164.64340356424353,165.044059960326,164.43081724926674,165.01953125,94990000
2014-09-19 00:00:00-04:00,165.54448379590644,165.8566373529881,164.53405540429287,164.87086486816406,121649000
2014-09-22 00:00:00-04:00,164.58330363474155,164.6079469991103,163.25249928496268,163.59751892089844,125553000
2014-09-23 00:00:00-04:00,163.00610678568628,163.68793600555767,162.61180029116483,162.6610870361328,111393000
2014-09-24 00:00:00-04:00,162.6857050276994,164.0411529767406,162.25854494810054,163.93435668945312,107276000
2014-09-25 00:00:00-04:00,163.5072217791076,163.51544459373386,161.23173331818785,161.2892303466797,150300000
2014-09-26 00:00:00-04:00,161.58489131453874,162.97319261119705,161.3548782335889,162.57066345214844,103547000
2014-09-29 00:00:00-04:00,161.1742299440265,162.56253191310876,161.051013067685,162.27500915527344,95112000
2014-09-30 00:00:00-04:00,162.39821361774884,162.8993163958531,161.51101464005058,161.8478240966797,131302000
2014-10-01 00:00:00-04:00,161.5849484882693,161.6424580462418,159.29302714400507,159.65447998046875,177798000
2014-10-02 00:00:00-04:00,159.51478657901976,160.23769211185038,158.01149103608077,159.67909240722656,157285000
2014-10-03 00:00:00-04:00,160.74705118551753,161.78212304707858,160.2541711638594,161.43710327148438,121569000
2014-10-06 00:00:00-04:00,162.11070939110465,162.32430201467963,160.6649104485573,161.24815368652344,104778000
2014-10-07 00:00:00-04:00,160.41840893913346,160.77986168401748,158.7261643015165,158.75901794433594,147913000
2014-10-08 00:00:00-04:00,158.84941945588642,161.76567294959213,158.01973002569693,161.53565979003906,186461000
2014-10-09 00:00:00-04:00,161.28100102449594,161.50280390198415,158.20045425018122,158.33189392089844,210705000
2014-10-10 00:00:00-04:00,158.29079990235928,159.0794127696509,156.4835485021425,156.5246124267578,221909000
2014-10-13 00:00:00-04:00,156.45891339605353,157.0257234403883,153.86303645668144,153.95339965820312,230939000
2014-10-14 00:00:00-04:00,154.78308580983855,155.93316403572277,153.64944067519184,154.19161987304688,215847000
2014-10-15 00:00:00-04:00,152.10509164732125,154.18343302008776,149.44349452737913,153.1483612060547,380715000
2014-10-16 00:00:00-04:00,150.37998345406402,154.09307302453345,150.24033349135146,153.01693725585938,270391000
2014-10-17 00:00:00-04:00,154.78311176482805,155.8756806219776,154.12592588766123,154.82418823242188,214625000
2014-10-20 00:00:00-04:00,154.54484571703,156.450670447327,154.49555898341168,156.32745361328125,130011000
2014-10-21 00:00:00-04:00,157.46110666797045,159.53123749388763,157.29681335618127,159.42445373535156,154949000
2014-10-22 00:00:00-04:00,159.70374698726562,160.11448651707096,158.22508217301117,158.29080200195312,151822000
2014-10-23 00:00:00-04:00,159.87621818246237,161.17415633788306,159.58048527952127,160.13087463378906,154944000
2014-10-24 00:00:00-04:00,160.39378937044268,161.41242793581398,159.76946978605272,161.36312866210938,117927000
2014-10-27 00:00:00-04:00,160.7881148597562,161.37958086650323,160.21308194619033,161.141357421875,82954000
2014-10-28 00:00:00-04:00,161.6835361871969,162.9978953377704,161.6095935354976,162.98968505859375,106736000
2014-10-29 00:00:00-04:00,163.1046320293955,163.57286846688046,161.66704400791843,162.74317932128906,142557000
2014-10-30 00:00:00-04:00,162.30784932924865,164.25475087204973,162.15997656656242,163.78651428222656,113330000
2014-10-31 00:00:00-04:00,165.75801254444386,165.79087872013602,164.92832336243012,165.65943908691406,146903000
2014-11-03 00:00:00-05:00,165.8730642675814,166.30844720328497,165.3719614973672,165.74984741210938,93600000
2014-11-04 00:00:00-05:00,165.3061860011234,165.6101417002347,164.34505724774155,165.1747589111328,93343000
2014-11-05 00:00:00-05:00,166.3823719268475,166.42344838893314,165.48696271335152,166.21807861328125,91709000
2014-11-06 00:00:00-05:00,166.25919465022704,166.97387762848402,165.6430851766181,166.88351440429688,107089000
2014-11-07 00:00:00-05:00,166.89983985964835,167.253082248116,166.43981375494084,167.03948974609375,89540000
2014-11-10 00:00:00-05:00,167.0724733070986,167.6146401487223,166.86710347071352,167.5653533935547,66319000
2014-11-11 00:00:00-05:00,167.63104076657606,167.83641056317038,167.29423129181475,167.7296142578125,54499400
2014-11-12 00:00:00-05:00,167.0477863885977,167.7789023141723,167.0149202038658,167.54888916015625,90120300
2014-11-13 00:00:00-05:00,167.71313434587307,168.26352370179112,166.93273190195265,167.73777770996094,85357900
2014-11-14 00:00:00-05:00,167.66387832263254,167.98425464921996,167.35171227398692,167.7788848876953,80417500
2014-11-17 00:00:00-05:00,167.45850582160978,168.05818200571437,167.2941999872576,167.8856658935547,80441000
2014-11-18 00:00:00-05:00,167.9431687947785,169.15895420525305,167.9431687947785,168.85501098632812,76068100
2014-11-19 00:00:00-05:00,168.65782291139487,168.85498235051216,167.82813377447496,168.58389282226562,82373000
2014-11-20 00:00:00-05:00,167.79528047568485,168.9864349431047,167.72956065760297,168.879638671875,72840300
2014-11-21 00:00:00-05:00,170.57192013045926,170.73621344380052,169.2082618136518,169.78329467773438,142327300
2014-11-24 00:00:00-05:00,170.18580500486468,170.36653138985446,169.97222497477443,170.25973510742188,65880800
2014-11-25 00:00:00-05:00,170.48975034775842,170.69512010282136,169.88186389502815,170.1365203857422,79108300
2014-11-26 00:00:00-05:00,170.28442244875816,170.67051868596133,170.07084236351358,170.5719451904297,62167800
2014-11-28 00:00:00-05:00,170.44874627290326,170.76089988655596,169.9722867696887,170.21051025390625,57890100
2014-12-01 00:00:00-05:00,169.55327295242296,169.66827951941994,168.71537333634876,169.02752685546875,103968400
2014-12-02 00:00:00-05:00,169.06862485960139,170.32548697864857,169.04398148744573,170.1201171875,74507200
2014-12-03 00:00:00-05:00,170.29268915114494,170.99093914907763,170.12839577132436,170.77735900878906,68952000
2014-12-04 00:00:00-05:00,170.48970137575648,171.08938991332195,169.79966220530005,170.58828735351562,91316600
2014-12-05 00:00:00-05:00,170.76092522051366,171.25381789276545,170.49805832081898,170.8677215576172,91025500
2014-12-08 00:00:00-05:00,170.47336388561456,170.9662438754724,169.16720245576394,169.72581481933594,108588200
2014-12-09 00:00:00-05:00,167.88566780644217,169.71757509518446,167.50779446658734,169.61077880859375,125180100
2014-12-10 00:00:00-05:00,169.15072965746432,169.20822666454072,166.70271341852614,166.89166259765625,159856400
2014-12-11 00:00:00-05:00,167.4831212578707,169.38073550127686,167.34347134978162,167.73777770996094,159012800
2014-12-12 00:00:00-05:00,166.46455093509903,167.43390294615187,164.99410862632274,165.02696228027344,202330200
2014-12-15 00:00:00-05:00,165.92233427661947,166.37415025907953,163.29360383518193,163.89328002929688,189965800
2014-12-16 00:00:00-05:00,163.12929259461615,166.2673356886068,162.53782674348534,162.5789031982422,259543800
2014-12-17 00:00:00-05:00,163.01425832010796,166.21802068992585,162.89102897679376,165.76620483398438,253910100
2014-12-18 00:00:00-05:00,168.18960592590847,174.9503742225222,167.5159871654493,169.86541748046875,257633900
2014-12-19 00:00:00-05:00,170.5137993008005,171.2572183092593,169.83647542619994,170.58815002441406,245084600
2014-12-22 00:00:00-05:00,170.7781792073314,171.37290954589844,170.53864099505515,171.37290954589844,148318900
2014-12-23 00:00:00-05:00,171.95109564183275,172.00065439682518,171.31506221019916,171.6041717529297,122167900
2014-12-24 00:00:00-05:00,171.82721551552294,172.09153310258455,171.57940911243207,171.62071228027344,42963400
2014-12-26 00:00:00-05:00,172.06674758901318,172.5128016194677,172.01718883095307,172.17413330078125,57326700
2014-12-29 00:00:00-05:00,171.99238910090492,172.6118987112663,171.92630656332508,172.4053955078125,79643900
2014-12-30 00:00:00-05:00,171.98415402522033,172.11630651218846,171.40593490341297,171.48028564453125,73540800
2014-12-31 00:00:00-05:00,171.80245910013662,171.96765918962677,169.65482012488775,169.77871704101562,130333800
2015-01-02 00:00:00-05:00,170.47254275626065,170.88554919758974,168.6553043312476,169.6878204345703,121465900
2015-01-05 00:00:00-05:00,168.64711237367317,168.81231249174675,166.3177617197252,166.62338256835938,169632600
2015-01-06 00:00:00-05:00,166.928980437492,167.44937271154942,164.26096171619886,165.05393981933594,209151400
2015-01-07 00:00:00-05:00,166.3755058100245,167.44932502984875,165.9294644192436,167.11065673828125,125346700
2015-01-08 00:00:00-05:00,168.51490105817123,170.2908365016817,168.49838987366132,170.07606506347656,147217800
2015-01-09 00:00:00-05:00,170.48908829723226,170.5056120873232,168.10191108942752,168.71316528320312,158567300
2015-01-12 00:00:00-05:00,168.84534696175578,169.00229147312052,166.78856973022198,167.3915557861328,144396100
2015-01-13 00:00:00-05:00,168.60574554907672,169.72912357347792,165.62383853897953,166.92068481445312,214553300
2015-01-14 00:00:00-05:00,164.91352813914077,166.11125734633688,164.02144498652336,165.9130096435547,192991100
2015-01-15 00:00:00-05:00,166.54900663505038,166.86288300701946,164.27747086579527,164.3931121826172,176613900
2015-01-16 00:00:00-05:00,164.18659841874955,166.70594044959492,164.00487456052744,166.5489959716797,211879600
2015-01-20 00:00:00-05:00,167.1850467519091,167.44937699436866,165.34304106412313,166.90420532226562,130991100
2015-01-21 00:00:00-05:00,166.44164760507718,168.22583901130292,165.9790822636024,167.7467498779297,122942700
2015-01-22 00:00:00-05:00,168.4983992677013,170.37343973468046,167.12721463947537,170.2412872314453,174356000
2015-01-23 00:00:00-05:00,169.98513937739506,170.24121388874568,169.1756505015032,169.3078155517578,117516800
2015-01-26 00:00:00-05:00,169.09314984264265,169.7952534260455,168.3827780615787,169.7043914794922,92009700
2015-01-27 00:00:00-05:00,167.65579970550144,168.60570927446224,166.63980760768064,167.4658203125,134044600
2015-01-28 00:00:00-05:00,168.64705303956416,168.74617055474414,165.12824260715124,165.31822204589844,168514300
2015-01-29 00:00:00-05:00,165.51647790768044,167.1024212491774,164.11224581839372,166.8463592529297,173585400
2015-01-30 00:00:00-05:00,165.67343415017112,166.99504739330268,164.48397340858196,164.748291015625,197729700
2015-02-02 00:00:00-05:00,165.243842952184,166.87934456706182,163.43487312478038,166.78848266601562,163107000
2015-02-03 00:00:00-05:00,167.68065470962785,169.20878394437813,167.3089513455954,169.2005157470703,124212900
2015-02-04 00:00:00-05:00,168.4405873095906,169.64657196321926,168.101918918727,168.5562286376953,134306700
2015-02-05 00:00:00-05:00,169.21704055366874,170.40650140888124,169.1427024012078,170.2578125,97953200
2015-02-06 00:00:00-05:00,170.6212406255758,171.18293601095024,169.26657983067707,169.78697204589844,125672000
2015-02-09 00:00:00-05:00,169.14269515542406,169.8613224730138,168.62230290257145,169.0270538330078,87219000
2015-02-10 00:00:00-05:00,170.05952712324256,171.0837749758462,169.06830163446324,170.8277130126953,96164200
2015-02-11 00:00:00-05:00,170.6625317819855,171.35637961746548,170.01824270561735,170.92684936523438,91087800
2015-02-12 00:00:00-05:00,171.7198861110306,172.6285056856697,170.95995546858762,172.5706787109375,97545900
2015-02-13 00:00:00-05:00,172.69451327422047,173.33053409635758,172.43843870239692,173.28097534179688,93670400
2015-02-17 00:00:00-05:00,172.9671141018099,173.72705713986363,172.7193202893553,173.5535888671875,76968200
2015-02-18 00:00:00-05:00,173.1818717963169,173.64443701478808,172.91754161207228,173.57009887695312,80652900
2015-02-19 00:00:00-05:00,172.97536146007414,173.80962993740306,172.83494078194687,173.44618225097656,91462500
2015-02-20 00:00:00-05:00,173.03320849141335,174.56133766054108,172.4136987099765,174.48699951171875,140896400
2015-02-23 00:00:00-05:00,174.23920742827661,174.4622344970703,173.85923585195994,174.4622344970703,74411100
2015-02-24 00:00:00-05:00,174.38788888649893,175.1560876554852,174.0905236539817,174.9578399658203,72472300
2015-02-25 00:00:00-05:00,174.83389192729734,175.31298091762983,174.47044423780673,174.80911254882812,73061700
2015-02-26 00:00:00-05:00,174.7182719301766,174.87521641558922,173.99963205507456,174.60263061523438,72697900
2015-02-27 00:00:00-05:00,174.50350429733115,174.76783451094943,173.95834528867053,174.00790405273438,108076000
2015-03-02 00:00:00-05:00,174.1070098663145,175.16430544173227,174.05745110558516,175.1064910888672,87491400
2015-03-03 00:00:00-05:00,174.67700332329895,175.1560924668457,173.52884553919984,174.3878936767578,110325800
2015-03-04 00:00:00-05:00,173.79310011661133,173.86745085276726,172.68624591289165,173.65267944335938,114497200
2015-03-05 00:00:00-05:00,173.9748343708267,174.12352324808586,173.338813507535,173.84268188476562,76873000
2015-03-06 00:00:00-05:00,172.98363319579175,173.41316346565193,171.06728967572505,171.39768981933594,188128000
2015-03-09 00:00:00-04:00,171.5959539499552,172.46325756122909,171.4390094552801,172.1080780029297,89818900
2015-03-10 00:00:00-04:00,170.74515846303427,170.82775220341048,169.27484367841856,169.31614685058594,157121300
2015-03-11 00:00:00-04:00,169.57220721520224,169.74567549502646,168.83705613205854,168.91966247558594,110145700
2015-03-12 00:00:00-04:00,169.5474329380123,171.13337647061587,169.497874171987,171.0673065185547,93993500
2015-03-13 00:00:00-04:00,170.79467305582406,171.75283834092306,168.9857029767861,170.01821899414062,162410900
2015-03-16 00:00:00-04:00,170.74515462838175,172.3806568570192,170.0430385291803,172.289794921875,136099200
2015-03-17 00:00:00-04:00,171.5546219127697,172.15760780310515,170.96814720565243,171.77764892578125,94510400
2015-03-18 00:00:00-04:00,171.30681621137117,174.51175032254008,170.67078274412282,173.84268188476562,228808500
2015-03-19 00:00:00-04:00,173.42966934545456,173.850931375652,172.66147081514595,173.04969787597656,117917300
2015-03-20 00:00:00-04:00,173.9964371148031,175.08334236742368,173.81390205525543,174.5772247314453,177715100
2015-03-23 00:00:00-04:00,174.5854719915161,175.15796701554652,174.23699951171875,174.23699951171875,71784500
2015-03-24 00:00:00-04:00,174.11257043384242,174.5688953590549,173.191602819688,173.2579803466797,77805300
2015-03-25 00:00:00-04:00,173.46543463004932,173.6977496835964,170.6776413272634,170.7191162109375,159521700
2015-03-26 00:00:00-04:00,170.05534076691788,171.22520830472868,169.35838305008411,170.3125457763672,153067200
2015-03-27 00:00:00-04:00,170.1963970468826,170.8767445914697,170.00555689564965,170.7025146484375,118939000
2015-03-30 00:00:00-04:00,171.73135707604655,173.0837725574656,171.71477218612802,172.7850799560547,96180400
2015-03-31 00:00:00-04:00,171.96367717248643,172.66063503633413,171.2169519772045,171.2750244140625,126768700
2015-04-01 00:00:00-04:00,171.24183724971087,171.2667272448523,169.68199669966828,170.66934204101562,137303600
2015-04-02 00:00:00-04:00,170.60293450290862,171.73132717172223,170.42039946381973,171.28329467773438,86900900
2015-04-06 00:00:00-04:00,170.3955014457633,172.95097921240085,170.26275905467685,172.4365692138672,114368200
2015-04-07 00:00:00-04:00,172.4614980599821,173.20822323643148,171.94708794554901,171.9802703857422,81236300
2015-04-08 00:00:00-04:00,172.20425493830373,173.0007599290921,171.81429488606952,172.56101989746094,89351900
2015-04-09 00:00:00-04:00,172.39506560943883,173.5566405495446,171.90554564612407,173.32432556152344,85548900
2015-04-10 00:00:00-04:00,173.5732271988262,174.31165964872955,173.3741073131458,174.27017211914062,72722900
2015-04-13 00:00:00-04:00,174.12911376097568,174.75969378678676,173.43216888423098,173.48194885253906,74436600
2015-04-14 00:00:00-04:00,173.28289617370427,173.9964388699827,172.6606210081203,173.81390380859375,75099900
2015-04-15 00:00:00-04:00,174.2785335608359,175.09992867523593,174.1955584748344,174.59381103515625,99529300
2015-04-16 00:00:00-04:00,174.26189611739576,175.05010861308017,174.0627635527124,174.5439910888672,68934900
2015-04-17 00:00:00-04:00,173.35757112990004,173.5981786303334,171.75624307452983,172.53616333007812,191113200
2015-04-20 00:00:00-04:00,173.45707874305626,174.44442376168223,173.37411633977555,174.112548828125,92189500
2015-04-21 00:00:00-04:00,174.79293925483387,174.95058431814448,173.60647404818283,173.90516662597656,72559800
2015-04-22 00:00:00-04:00,174.24534286718344,174.94230069064122,173.32437509425588,174.759765625,78264600
2015-04-23 00:00:00-04:00,174.36145775052785,175.84662790681259,174.24530025173053,175.199462890625,102585900
2015-04-24 00:00:00-04:00,175.6143536888242,175.87155873444283,175.1580160303617,175.60604858398438,61327400
2015-04-27 00:00:00-04:00,176.17021507638887,176.29466502117256,174.68504488080637,174.87588500976562,79358100
2015-04-28 00:00:00-04:00,174.8509904598969,175.48155793071655,173.68111036857317,175.43177795410156,86863500
2015-04-29 00:00:00-04:00,174.54404127335286,175.3073640004478,173.90518118255187,174.70999145507812,125684900
2015-04-30 00:00:00-04:00,174.13746218128156,174.52742224365647,172.26233184044423,172.95928955078125,161304900
2015-05-01 00:00:00-04:00,173.73920137750798,174.87589915945125,173.63964141362536,174.83441162109375,103399700
2015-05-04 00:00:00-04:00,175.25756223646033,175.91303245626554,175.14970982400388,175.33224487304688,70927200
2015-05-05 00:00:00-04:00,175.09159061917188,175.44836820377265,173.1832780802404,173.32432556152344,113326200
2015-05-06 00:00:00-04:00,173.8719416972736,174.1789266667018,171.54877900859634,172.6107940673828,135060200
2015-05-07 00:00:00-04:00,172.51122599256044,173.7225935877157,172.1793510498914,173.2994384765625,88244900
2015-05-08 00:00:00-04:00,174.96716101043745,175.78026356297747,174.884185936411,175.5811309814453,155877300
2015-05-11 00:00:00-04:00,175.53963586018259,175.80513327805429,174.66844832425178,174.7431182861328,75708100
2015-05-12 00:00:00-04:00,173.91344347223256,174.7597411434483,173.0920357919156,174.22042846679688,119727600
2015-05-13 00:00:00-04:00,174.62702471566996,175.24929994623557,174.02134703611495,174.253662109375,94667900
2015-05-14 00:00:00-04:00,175.26585334388207,176.1619309693813,174.99205079218353,176.07066345214844,95934000
2015-05-15 00:00:00-04:00,176.261474609375,176.4025220938169,175.78024707763444,176.261474609375,76510100
2015-05-18 00:00:00-04:00,176.09550910230482,177.05795135234536,176.02913159192002,176.80905151367188,74549700
2015-05-19 00:00:00-04:00,176.92523439359275,177.19903691566,176.46889685681396,176.75099182128906,72114600
2015-05-20 00:00:00-04:00,176.85055102371675,177.3732660782015,176.31125108448646,176.6265411376953,76857500
2015-05-21 00:00:00-04:00,176.48548802195896,177.3483704292244,176.31953789806212,177.1409454345703,64764600
2015-05-22 00:00:00-04:00,176.75930935079924,177.17415941398292,176.65145694332057,176.71783447265625,57433500
2015-05-26 00:00:00-04:00,176.22829770881899,176.65145286603982,174.4029600049852,174.81781005859375,124308600
2015-05-27 00:00:00-04:00,175.27414079278412,176.7095183772556,174.8675831984737,176.47720336914062,93214000
2015-05-28 00:00:00-04:00,176.1702416142466,176.38595910443956,175.5894540174039,176.27810668945312,74974600
2015-05-29 00:00:00-04:00,176.2117246051281,176.2531994850872,174.91739437695398,175.18289184570312,124919600
2015-06-01 00:00:00-04:00,175.84662729540608,176.17850224503937,174.7514171732241,175.53964233398438,93338800
2015-06-02 00:00:00-04:00,175.08329201026015,176.05403946034752,174.46101702993104,175.36538696289062,91531000
2015-06-03 00:00:00-04:00,175.8964251361335,176.45232269634687,175.34052757592013,175.83004760742188,87820900
2015-06-04 00:00:00-04:00,175.12482989319332,175.78028749043622,174.02961953601317,174.34490966796875,151882800
2015-06-05 00:00:00-04:00,174.19558937868064,174.71830466073908,173.3907790105239,174.04624938964844,121704700
2015-06-08 00:00:00-04:00,173.93833102314068,174.08768362665737,172.90120588284333,172.9758758544922,89063300
2015-06-09 00:00:00-04:00,172.95098876953125,173.49030144767775,172.32042123131572,172.95098876953125,105034700
2015-06-10 00:00:00-04:00,173.71429518187028,175.40689037129914,173.65622276176234,175.0252227783203,134551300
2015-06-11 00:00:00-04:00,175.46501489863908,175.97113258516208,175.23269982878148,175.5894775390625,73876400
2015-06-12 00:00:00-04:00,174.7680306723529,175.46497572633368,173.97151299621842,174.2453155517578,135382400
2015-06-15 00:00:00-04:00,173.1086513386087,173.7807064831923,172.40340109589576,173.4986114501953,124384200
2015-06-16 00:00:00-04:00,173.3492477236761,174.5274330875997,173.17501778043052,174.4444580078125,85308200
2015-06-17 00:00:00-04:00,174.72653198242188,175.33222213944873,173.70600445707223,174.72653198242188,126708600
2015-06-18 00:00:00-04:00,175.3238886844893,177.00817851517942,174.7596988138142,176.54354858398438,165867900
2015-06-19 00:00:00-04:00,176.30185435107938,176.37688755239955,175.3847394844856,175.75991821289062,130478700
2015-06-22 00:00:00-04:00,176.67703289958004,177.24396738249402,176.45192057404458,176.6603546142578,70696000
2015-06-23 00:00:00-04:00,176.8687638249379,177.1188871824413,176.39354089530357,176.78538513183594,68476800
2015-06-24 00:00:00-04:00,176.5185779533559,176.89375658989982,175.47640800639996,175.5014190673828,92307300
2015-06-25 00:00:00-04:00,176.00164097690288,176.12669626422877,174.8927707826826,174.96780395507812,97107400
2015-06-26 00:00:00-04:00,175.32633823537532,175.56812880012623,174.38422520408892,174.9344940185547,104174800
2015-06-29 00:00:00-04:00,173.45876660249095,174.94281557284336,171.19100380518373,171.2660369873047,202621300
2015-06-30 00:00:00-04:00,172.8001309279785,172.85016577780942,171.1493370940324,171.62457275390625,182925100
2015-07-01 00:00:00-04:00,173.1919998852783,173.44212326454112,172.2165301557765,173.000244140625,135979900
2015-07-02 00:00:00-04:00,173.4754443357118,173.6421889804988,172.4249289021321,172.841796875,104373700
2015-07-06 00:00:00-04:00,171.55783748282298,173.12525230369525,171.35773628956693,172.34988403320312,117975400
2015-07-07 00:00:00-04:00,172.55004903915003,173.55886271395502,170.17389578745733,173.43380737304688,173820200
2015-07-08 00:00:00-04:00,172.09979321197,172.38326041458043,170.29058751747044,170.52403259277344,164020100
2015-07-09 00:00:00-04:00,172.6166988345158,172.87516768530955,170.72412724140756,170.83250427246094,144113100
2015-07-10 00:00:00-04:00,172.82512389656327,173.4004037522597,170.87418477691543,172.98353576660156,129456900
2015-07-13 00:00:00-04:00,174.24253954060308,175.00122984243293,174.20085018468149,174.89285278320312,106069400
2015-07-14 00:00:00-04:00,174.85114022385267,175.96001079082825,174.79277258894697,175.65151977539062,81709600
2015-07-15 00:00:00-04:00,175.69318389756324,176.15174124239255,175.11790402148668,175.5931396484375,97914100
2015-07-16 00:00:00-04:00,176.6436688574949,177.00218200683594,176.40189097866778,177.00218200683594,106683300
2015-07-17 00:00:00-04:00,176.99379455908894,177.21057404232326,176.58527209631774,177.15220642089844,89030000
2015-07-20 00:00:00-04:00,177.37738889162435,177.7358893761019,176.92717690989346,177.24398803710938,70446800
2015-07-21 00:00:00-04:00,177.1104827988299,177.3689515727958,176.2434031991255,176.54354858398438,77965000
2015-07-22 00:00:00-04:00,175.8599150166322,176.56026287200874,175.82657117675748,176.2267608642578,88667900
2015-07-23 00:00:00-04:00,176.36012171249487,176.46016593125447,174.87607309917067,175.2345733642578,90509100
2015-07-24 00:00:00-04:00,175.3346790374915,175.39303394072115,173.08359443714681,173.41708374023438,117755000
2015-07-27 00:00:00-04:00,172.53336273463475,173.0419423003663,171.96641553132218,172.40829467773438,132361100
2015-07-28 00:00:00-04:00,173.24200980610797,174.66770406215596,172.41661925106152,174.52597045898438,123544800
2015-07-29 00:00:00-04:00,174.65100546901073,175.95163153209302,174.50927188232112,175.72653198242188,105791300
2015-07-30 00:00:00-04:00,175.21796542521344,175.9349789129583,174.6009961891253,175.7682342529297,91304400
2015-07-31 00:00:00-04:00,176.26845462172625,176.2934656827091,175.21795189504306,175.5014190673828,103266900
2015-08-03 00:00:00-04:00,175.46806861139632,175.52642351088926,173.9589958987843,174.90945434570312,113965700
2015-08-04 00:00:00-04:00,174.83441582600307,175.29297311573126,174.08405860412074,174.567626953125,81820800
2015-08-05 00:00:00-04:00,175.4597248225571,176.1767382349005,174.85943393213935,175.14291381835938,85786800
2015-08-06 00:00:00-04:00,175.32631450183948,175.4347042383865,173.1252522637311,173.70887756347656,116030800
2015-08-07 00:00:00-04:00,173.5504868841622,173.70055325602934,172.47496033190805,173.37539672851562,117858000
2015-08-10 00:00:00-04:00,174.48430293888842,175.64319569501873,174.48430293888842,175.55982971191406,80270700
2015-08-11 00:00:00-04:00,174.22581609792064,174.64268410548195,173.21698992202937,173.97569274902344,126081400
2015-08-12 00:00:00-04:00,172.67505252000194,174.36753547494192,171.2160146125157,174.18411254882812,172123700
2015-08-13 00:00:00-04:00,174.0257163564138,174.7093860011013,173.4254254026694,173.9673614501953,89383300
2015-08-14 00:00:00-04:00,173.7755643017148,174.67600058360037,173.6338307279643,174.60096740722656,72786500
2015-08-17 00:00:00-04:00,174.00903163484438,175.57644653320312,173.5504743287551,175.57644653320312,79072600
2015-08-18 00:00:00-04:00,175.30134670011097,175.65151433328523,174.83445652254528,175.06790161132812,71692700
2015-08-19 00:00:00-04:00,174.32583589007928,175.09287138975742,172.87514356925766,173.68386840820312,172946000
2015-08-20 00:00:00-04:00,172.17475090324038,173.6587993976747,169.99870026696132,170.05706787109375,194327900
2015-08-21 00:00:00-04:00,168.18955347177467,170.0321155609395,164.67953216633668,164.93798828125,346588500
2015-08-24 00:00:00-04:00,156.31717608187415,164.64619105211446,152.07344993271698,157.99298095703125,507244300
2015-08-25 00:00:00-04:00,162.93698748683326,162.95366576557146,155.84190013873254,156.1337127685547,369833100
2015-08-26 00:00:00-04:00,160.14401536953736,162.4034328471312,157.05084915471605,162.12831115722656,339257000
2015-08-27 00:00:00-04:00,164.26270444964496,166.26366617713524,162.75364401124043,166.13861083984375,274143900
2015-08-28 00:00:00-04:00,165.496644146017,166.61384765779962,165.0130755987218,166.14695739746094,160414400
2015-08-31 00:00:00-04:00,165.17141124248494,166.02182537926092,164.2542967104913,164.8045654296875,163298800
2015-09-01 00:00:00-04:00,161.01106433624992,162.3867361308454,159.0184361505627,159.88552856445312,256000400
2015-09-02 00:00:00-04:00,162.26167538279665,162.96202320130396,160.42745896303018,162.9203338623047,160269300
2015-09-03 00:00:00-04:00,163.62899367032688,165.12138796903685,162.54514724058606,163.03704833984375,152087800
2015-09-04 00:00:00-04:00,160.78591697311185,161.62798535672525,159.7520802401067,160.5691375732422,207081000
2015-09-08 00:00:00-04:00,163.3622791217533,164.75461710077136,162.72029866184022,164.6045379638672,116025700
2015-09-09 00:00:00-04:00,166.18026284486263,166.3053181540487,162.03659397647715,162.40342712402344,149347700
2015-09-10 00:00:00-04:00,162.2116895202348,164.42943054395593,161.95323337119268,163.28721618652344,158611100
2015-09-11 00:00:00-04:00,162.8953391442491,164.0959209857846,162.1866584755701,164.0292205810547,119691200
2015-09-14 00:00:00-04:00,164.20426116280294,164.25428327467455,162.93697920092842,163.42054748535156,79452000
2015-09-15 00:00:00-04:00,163.92082498705662,165.90512061114862,163.37890171043026,165.46324157714844,113806200
2015-09-16 00:00:00-04:00,165.76340900711406,167.08904628489455,165.42157417041264,166.89727783203125,99581600
2015-09-17 00:00:00-04:00,166.7638853009481,169.1567036506817,166.14691605513212,166.5220947265625,276046600
2015-09-18 00:00:00-04:00,164.01877931187536,166.50783687324343,163.39022645170527,163.80087280273438,223657500
2015-09-21 00:00:00-04:00,164.63055861904252,165.66975777619078,163.5997355626022,164.64732360839844,105726200
2015-09-22 00:00:00-04:00,162.48512807068556,162.97121054142366,161.37886876736252,162.51026916503906,153890900
2015-09-23 00:00:00-04:00,162.67782322819664,163.14714054084763,161.67214144566768,162.2504119873047,92790600
2015-09-24 00:00:00-04:00,161.03523499204192,162.12472915587193,159.70270601966715,161.66378784179688,159378800
2015-09-25 00:00:00-04:00,163.1220738481947,163.423779799342,160.7503323298869,161.62193298339844,155054800
2015-09-28 00:00:00-04:00,160.72520407056442,160.83415735794168,157.2555917492138,157.565673828125,178515900
2015-09-29 00:00:00-04:00,157.78350936374622,159.01547380900044,156.6604853688763,157.6577911376953,159045600
2015-09-30 00:00:00-04:00,159.5434342791708,160.7670225082803,158.76403506104677,160.5994110107422,163452000
2015-10-01 00:00:00-04:00,160.97663333306528,161.32024541423678,159.08259801656388,161.01853942871094,131079000
2015-10-02 00:00:00-04:00,159.0405723328129,163.44881661800335,158.495819074928,163.42367553710938,211003300
2015-10-05 00:00:00-04:00,164.647331093964,166.5581307533342,164.5383778401069,166.33184814453125,126320800
2015-10-06 00:00:00-04:00,166.197671349179,166.75917675413984,165.09980161799177,165.76187133789062,110274500
2015-10-07 00:00:00-04:00,166.6921591398214,167.47157108244505,165.5021009798434,167.1195831298828,124307300
2015-10-08 00:00:00-04:00,166.7341111939089,168.9130994493407,166.43240532450972,168.62815856933594,153055200
2015-10-09 00:00:00-04:00,168.77063532913212,169.20642276618494,168.10017639559013,168.72872924804688,107069200
2015-10-12 00:00:00-04:00,168.80420355955906,169.08914453638627,168.37679209431826,168.8880157470703,56395600
2015-10-13 00:00:00-04:00,168.15884675409936,169.42434143886834,167.65601210879015,167.82362365722656,88038700
2015-10-14 00:00:00-04:00,167.76490977995587,168.34318034427724,166.72571077201667,167.01902770996094,99106200
2015-10-15 00:00:00-04:00,167.68113366653773,169.59193322957273,167.3123806301731,169.58355712890625,134142200
2015-10-16 00:00:00-04:00,169.98581547086303,170.37132068160702,169.22316836151685,170.3545684814453,114580100
2015-10-19 00:00:00-04:00,169.70923741616932,170.4383544921875,169.39915549426513,170.4383544921875,76523900
2015-10-20 00:00:00-04:00,170.00261102800798,170.8322926630684,169.7511873130431,170.2205047607422,78448500
2015-10-21 00:00:00-04:00,170.6395196068124,170.79036614497844,168.9968959484565,169.16452026367188,102038000
2015-10-22 00:00:00-04:00,170.111509053374,172.23182592847675,169.16449829269143,172.02230834960938,174911700
2015-10-23 00:00:00-04:00,173.6900957948435,174.27674253547696,172.89393144770239,173.90798950195312,144442300
2015-10-26 00:00:00-04:00,173.73201452401705,173.79067280838166,173.1118377599379,173.4805908203125,69033000
2015-10-27 00:00:00-04:00,172.81013461050176,173.48059356835412,172.46652263626052,173.14537048339844,77905800
2015-10-28 00:00:00-04:00,173.48054217738942,175.13991769585508,172.8184723049507,175.11477661132812,135906700
2015-10-29 00:00:00-04:00,174.61198147797265,175.3830047490535,174.49465212776337,175.01425170898438,90525500
2015-10-30 00:00:00-04:00,175.20700293085025,175.5254737879926,174.10075660741566,174.25997924804688,131076900
2015-11-02 00:00:00-05:00,174.5868408471371,176.51439263594077,174.46112260790636,176.32164001464844,86270800
2015-11-03 00:00:00-05:00,175.9696589159223,177.38600006681244,175.7433763067183,176.83287048339844,95246100
2015-11-04 00:00:00-05:00,177.1261725166253,177.2518779531897,175.76011376224523,176.29647827148438,96224500
2015-11-05 00:00:00-05:00,176.3551879167048,176.81612929827372,175.2321763964768,176.1205291748047,78408700
2015-11-06 00:00:00-05:00,175.77687892154736,176.2629612566358,174.70414990202073,176.02828979492188,110471500
2015-11-09 00:00:00-05:00,175.41647341128134,175.5673326986383,173.43862720639353,174.38565063476562,131008700
2015-11-10 00:00:00-05:00,173.9079873730397,174.82149384506457,173.63981148972155,174.7879638671875,75874600
2015-11-11 00:00:00-05:00,175.05615355217398,175.10643573134107,174.03370661597697,174.1007537841797,67846000
2015-11-12 00:00:00-05:00,173.0615952943574,173.5309128287457,171.65364269119257,171.67039489746094,121315200
2015-11-13 00:00:00-05:00,171.25973163297792,171.5279075743205,169.65901372340684,169.74281311035156,153577100
2015-11-16 00:00:00-05:00,169.5584435170665,172.3827372401027,169.4411013610799,172.32406616210938,117645200
2015-11-17 00:00:00-05:00,172.6341492455715,173.51411305218159,171.70389046640724,172.19834899902344,121123700
2015-11-18 00:00:00-05:00,172.67602370486216,175.07290561750696,172.63413041421526,174.93043518066406,121342500
2015-11-19 00:00:00-05:00,174.81310398174264,175.19862199754098,174.48625703293217,174.7795867919922,88220500
2015-11-20 00:00:00-05:00,175.53381797540212,176.0953235296875,175.03935957821705,175.41648864746094,94011500
2015-11-23 00:00:00-05:00,175.47520813820526,175.97804277333833,174.75446698536746,175.2154083251953,64931200
2015-11-24 00:00:00-05:00,174.2096893297508,175.85231293454058,173.82418410838238,175.45004272460938,98874400
2015-11-25 00:00:00-05:00,175.57580385648166,175.77694541921318,175.16514462805029,175.42495727539062,51980100
2015-11-27 00:00:00-05:00,175.51705385076303,175.8271485523665,175.03936043749243,175.62600708007812,37317800
2015-11-30 00:00:00-05:00,175.78527952413694,175.90260887737918,174.78797362760773,174.8969268798828,112822700
2015-12-01 00:00:00-05:00,175.52549796832068,176.68203941900245,175.24893315237756,176.564697265625,97858400
2015-12-02 00:00:00-05:00,176.51441225203928,176.83288314795413,174.51142418192845,174.76284790039062,108441300
2015-12-03 00:00:00-05:00,175.01424632913574,175.28242221225327,171.59491750079425,172.31565856933594,166224200
2015-12-04 00:00:00-05:00,172.31568749989472,175.96967563491964,172.31568749989472,175.6763458251953,192913900
2015-12-07 00:00:00-05:00,175.34946223361192,175.7684974241062,173.6481803832403,174.61196899414062,102027100
2015-12-08 00:00:00-05:00,173.05315446089486,174.5616708891859,172.458118874404,173.43865966796875,103372400
2015-12-09 00:00:00-05:00,172.8017663177648,174.88855377360304,171.11723635169787,172.0894012451172,162401500
2015-12-10 00:00:00-05:00,172.1564097185433,173.84092651795578,171.92175104363824,172.53353881835938,116128900
2015-12-11 00:00:00-05:00,170.42158522442,171.08365507491644,168.8795262928956,169.1896209716797,211173300
2015-12-14 00:00:00-05:00,169.34883140468858,170.17013652284027,167.5721140952197,170.04441833496094,182385200
2015-12-15 00:00:00-05:00,171.55302505022993,172.73470749855906,170.01935453413182,171.82958984375,154069600
2015-12-16 00:00:00-05:00,172.952550340508,174.64545579617976,171.6367867210136,174.34375,197017000
2015-12-17 00:00:00-05:00,174.6538513489731,174.7208985098075,171.6703230255021,171.6870880126953,173092500
2015-12-18 00:00:00-05:00,170.94691963686665,171.08179917599455,168.46832640071943,168.62850952148438,251393500
2015-12-21 00:00:00-05:00,169.80038648497396,170.19662494122107,168.687543280863,170.0195770263672,99094300
2015-12-22 00:00:00-05:00,170.9047174300948,171.85737707901342,169.91834112162374,171.5623016357422,111026200
2015-12-23 00:00:00-05:00,172.56560530811353,173.72902987741492,172.4728683806468,173.68687438964844,110987200
2015-12-24 00:00:00-05:00,173.43395231376144,173.94821838482557,173.18103225414737,173.4002227783203,48539600
2015-12-28 00:00:00-05:00,172.70887655655358,173.0460946385875,171.9332646766393,173.0039520263672,65899900
2015-12-29 00:00:00-05:00,174.0999897995572,175.1791035487547,174.0662731229169,174.85031127929688,92640700
2015-12-30 00:00:00-05:00,174.60576189281886,174.69007284761014,173.46762832336478,173.61094665527344,63317700
2015-12-31 00:00:00-05:00,172.9365137681449,173.57723329901134,171.87425231933594,171.87425231933594,114877900
2016-01-04 00:00:00-05:00,169.02472259585497,169.47996830831684,167.42290449220576,169.47154235839844,222353500
2016-01-05 00:00:00-05:00,169.7918953745946,170.21342442255937,168.65377466351708,169.7581787109375,110845800
2016-01-06 00:00:00-05:00,167.21212890813374,168.66218976902232,166.58827419024678,167.61680603027344,152112600
2016-01-07 00:00:00-05:00,164.6745725350337,166.45342598970592,163.20764652208442,163.595458984375,213436100
2016-01-08 00:00:00-05:00,164.55650127523245,165.11292267031985,161.51306122906905,161.79969787597656,209817200
2016-01-11 00:00:00-05:00,162.71864708325168,163.0558780579135,160.02930242058451,161.95989990234375,187941300
2016-01-12 00:00:00-05:00,163.4015244612569,164.0169532623226,161.14212210067134,163.26663208007812,172330500
2016-01-13 00:00:00-05:00,163.93268573198264,164.27834272629687,158.81532848192018,159.1947021484375,221168900
2016-01-14 00:00:00-05:00,159.80166644313084,162.92940481013775,158.20828713856892,161.80813598632812,240795600
2016-01-15 00:00:00-05:00,157.45797250848364,159.13564997514615,156.40414983282272,158.33474731445312,324846400
2016-01-19 00:00:00-05:00,160.14733520491595,160.27378878445893,156.9774282612069,158.54551696777344,195244400
2016-01-20 00:00:00-05:00,155.99108662216324,158.0734417911493,152.61042724478108,156.51377868652344,286547800
2016-01-21 00:00:00-05:00,156.98583868428858,159.22836322824276,155.6622314255676,157.3905029296875,195772900
2016-01-22 00:00:00-05:00,159.99560852432583,160.82180208417086,159.23686117443438,160.61947631835938,168319600
2016-01-25 00:00:00-05:00,160.11360839355606,160.3075081734972,157.997536987637,158.19143676757812,130371700
2016-01-26 00:00:00-05:00,158.84902781199466,160.62788116564204,158.51180967058326,160.34967041015625,141036800
2016-01-27 00:00:00-05:00,159.82698511645978,161.49623685514294,157.70247471737795,158.60455322265625,185681700
2016-01-28 00:00:00-05:00,160.14728367892937,160.3496093411016,157.78671899592658,159.43067932128906,143798800
2016-01-29 00:00:00-05:00,160.19793252616049,163.45213789098824,160.07990488553142,163.31724548339844,210529300
2016-02-01 00:00:00-05:00,162.31400336657373,164.0422753468065,161.73229111753486,163.2582244873047,136061600
2016-02-02 00:00:00-05:00,161.8334403978046,161.84186634784507,159.79322845197512,160.31593322753906,182564900
2016-02-03 00:00:00-05:00,161.36974495700076,161.68167232000985,157.73616680805867,161.27700805664062,205054900
2016-02-04 00:00:00-05:00,160.77960135882586,162.49943406698162,160.1473078410555,161.52992248535156,139531800
2016-02-05 00:00:00-05:00,161.0156624789085,161.58893578129417,157.8204652481133,158.4527587890625,180788300
2016-02-08 00:00:00-05:00,156.61489968589137,156.9099622889876,154.1110162141271,156.31982421875,191526700
2016-02-09 00:00:00-05:00,154.5831537838088,157.60130371702277,154.44826138293897,156.32827758789062,184513100
2016-02-10 00:00:00-05:00,157.15446033381306,158.7815562592034,156.0669082029163,156.19337463378906,148214100
2016-02-11 00:00:00-05:00,153.72321201774534,155.20700251784558,152.66938938485407,154.16160583496094,219058900
2016-02-12 00:00:00-05:00,155.9320298374662,157.35678720240546,155.0889717482724,157.33993530273438,127632400
2016-02-16 00:00:00-05:00,159.14409084927416,160.02086566659136,158.18300507119434,159.99557495117188,120250700
2016-02-17 00:00:00-05:00,161.15902381299634,162.98003278427333,161.03255735262937,162.6090850830078,136009500
2016-02-18 00:00:00-05:00,162.87886470694102,162.93788496403232,161.63114199637977,161.9430694580078,102343000
2016-02-19 00:00:00-05:00,161.16746278651044,162.01894708663167,160.56045974704102,161.86720275878906,114793000
2016-02-22 00:00:00-05:00,163.44369040940836,164.3541948162909,163.37624420918957,164.21087646484375,103640300
2016-02-23 00:00:00-05:00,163.55330991621312,163.8230947464884,162.01893763813206,162.13697814941406,111455300
2016-02-24 00:00:00-05:00,160.7121922829566,163.1570559705891,159.60778807514922,162.87884521484375,150812200
2016-02-25 00:00:00-05:00,163.32568998512167,164.8600623516191,162.5669426183358,164.85162353515625,110728300
2016-02-26 00:00:00-05:00,165.71994908705076,165.81267313539044,164.312030636082,164.4722137451172,129833700
2016-02-29 00:00:00-05:00,164.48905454530703,165.43327543273068,162.98841226463242,163.18231201171875,125918100
2016-03-01 00:00:00-05:00,164.40474909828157,167.10254520529068,163.93263863876854,167.0182342529297,141799700
2016-03-02 00:00:00-05:00,166.7062909960473,167.81912084968863,166.29318795132278,167.76853942871094,102415000
2016-03-03 00:00:00-05:00,167.59148493822846,168.44298170436377,167.0182117045136,168.42611694335938,95172200
2016-03-04 00:00:00-05:00,168.6200687052301,169.74977648835898,167.79387525766805,168.97415161132812,129293600
2016-03-07 00:00:00-05:00,168.05523173245695,169.51373179540596,167.9793595758545,169.1090545654297,100219000
2016-03-08 00:00:00-05:00,168.038381279782,168.54420852554634,167.1025860814623,167.26275634765625,123974900
2016-03-09 00:00:00-05:00,168.0720787159687,168.43458755741102,167.2880279218925,168.0889434814453,94801200
2016-03-10 00:00:00-05:00,168.57792694871588,169.51372208535355,166.40283520236756,168.2238311767578,156838700
2016-03-11 00:00:00-05:00,169.67388925834564,170.98063204544795,168.20697621851687,170.9384765625,137964500
2016-03-14 00:00:00-04:00,170.43261689307099,171.17449922263276,170.1038247711853,170.71925354003906,73612000
2016-03-15 00:00:00-04:00,169.75819548969022,170.74457201573492,169.49684951236813,170.44107055664062,93169100
2016-03-16 00:00:00-04:00,169.96047096867525,171.8320604607311,169.91831550255753,171.42738342285156,129303200
2016-03-17 00:00:00-04:00,171.34316418983127,173.02084188245536,170.94692578129084,172.5150146484375,134278500
2016-03-18 00:00:00-04:00,173.01497108735393,173.531889532325,172.70143484267174,173.19293212890625,138372400
2016-03-21 00:00:00-04:00,172.9301931776387,173.667432449845,172.70138987818433,173.43862915039062,72926700
2016-03-22 00:00:00-04:00,172.66754644663476,173.91323505526816,172.50655007068661,173.34547424316406,97471900
2016-03-23 00:00:00-04:00,172.9641377131054,173.1505681737441,172.03198540991207,172.20147705078125,81052500
2016-03-24 00:00:00-04:00,171.17609207919185,172.15908660234746,170.955771071062,172.12518310546875,84360900
2016-03-28 00:00:00-04:00,172.54043445422136,172.75228607488955,171.77777379197454,172.22689819335938,62408200
2016-03-29 00:00:00-04:00,171.82015774642338,173.9302048376433,171.51509085287833,173.82003784179688,92922900
2016-03-30 00:00:00-04:00,174.8199295998602,175.3029444872904,174.21826541228114,174.58265686035156,86365300
2016-03-31 00:00:00-04:00,174.48943875381522,174.91314191454202,173.99794153572478,174.15895080566406,94584100
2016-04-01 00:00:00-04:00,173.16749404386812,175.5317520880499,172.85394489943778,175.34532165527344,114423500
2016-04-04 00:00:00-04:00,175.2690546011857,175.47243677743458,174.47249057387086,174.77755737304688,63497000
2016-04-05 00:00:00-04:00,173.43862696951703,174.78599973639749,172.77765116197594,173.03187561035156,99662200
2016-04-06 00:00:00-04:00,173.03193326593185,174.98097077905592,172.85397221365315,174.92164611816406,91839800
2016-04-07 00:00:00-04:00,173.8369066537569,174.19281570468272,172.09972136464393,172.8284912109375,113859000
2016-04-08 00:00:00-04:00,174.00643500437033,174.4386205635236,172.760746505157,173.29461669921875,95040600
2016-04-11 00:00:00-04:00,173.93012339335658,174.6250026873143,172.79460218314483,172.8878173828125,83757500
2016-04-12 00:00:00-04:00,173.05735163971852,174.7775857523279,172.6166966514925,174.49794006347656,115350600
2016-04-13 00:00:00-04:00,175.41310699169452,176.34525910921872,175.2775188781648,176.26051330566406,96336400
2016-04-14 00:00:00-04:00,176.31983717373794,176.76896148372217,175.92155517350372,176.26898193359375,65212900
2016-04-15 00:00:00-04:00,176.2690423537008,176.40463051310618,175.75212381006656,176.0741424560547,75761600
2016-04-18 00:00:00-04:00,176.07412115532838,177.34523090258335,175.41314512118754,177.31134033203125,82531000
2016-04-19 00:00:00-04:00,177.73499977198375,178.12479942403957,177.0570721544678,177.87057495117188,88316100
2016-04-20 00:00:00-04:00,177.91299661996968,178.73498198033556,177.43845103674758,178.0401153564453,81100300
2016-04-21 00:00:00-04:00,178.05701639332952,178.16718335548487,176.81132803650763,177.08250427246094,85695000
2016-04-22 00:00:00-04:00,176.7265951605682,177.3536675780196,176.18425561905624,177.08250427246094,99251700
2016-04-25 00:00:00-04:00,176.48083791459973,176.81980820538138,175.87070432158723,176.77743530273438,66166500
2016-04-26 00:00:00-04:00,177.14184577319264,177.5486101955067,176.56561557050952,177.0401611328125,75864200
2016-04-27 00:00:00-04:00,176.65886480460856,177.79438660874322,176.30295556437525,177.4045867919922,77329400
2016-04-28 00:00:00-04:00,176.65036822776358,177.75198635557425,175.37925845223072,175.7944793701172,97216200
2016-04-29 00:00:00-04:00,175.17580955389846,175.5232491969226,173.74369101639257,174.84532165527344,142424100
2016-05-02 00:00:00-04:00,175.34528258377605,176.41300969961898,174.9131100933998,176.2350616455078,62188000
2016-05-03 00:00:00-04:00,175.0063301736889,175.24360287272106,173.95554184198056,174.70126342773438,106422100
2016-05-04 00:00:00-04:00,173.70983730544705,174.43860730448847,173.22680946555437,173.72677612304688,92243800
2016-05-05 00:00:00-04:00,174.19286831503095,174.54877747344975,173.26919838505867,173.69290161132812,67619200
2016-05-06 00:00:00-04:00,172.9217023019659,174.37077255310513,172.7691753967892,174.32839965820312,89315000
2016-05-09 00:00:00-04:00,174.20135557223787,174.90469156894966,174.02339452280697,174.47251892089844,74374900
2016-05-10 00:00:00-04:00,175.1758666469914,176.65882797062716,175.1080725776919,176.64187622070312,77472200
2016-05-11 00:00:00-04:00,176.1842718141911,176.71812906590588,174.9894256591797,174.9894256591797,81727000
2016-05-12 00:00:00-04:00,175.65885569735008,175.82834731079288,174.03183706537783,175.04025268554688,89586300
2016-05-13 00:00:00-04:00,174.74364193878978,175.29445080844502,173.19288700788638,173.514892578125,96474600
2016-05-16 00:00:00-04:00,173.68439660777403,175.70121475883096,173.62507196166376,175.22666931152344,77486800
2016-05-17 00:00:00-04:00,174.9555419473399,175.24365703801797,173.06581624757146,173.59121704101562,114924900
2016-05-18 00:00:00-04:00,173.24374681139082,174.81992305361686,172.557349774201,173.64202880859375,120062100
2016-05-19 00:00:00-04:00,172.92175363194215,173.32850509687862,171.8370744385142,173.04039001464844,115430500
2016-05-20 00:00:00-04:00,173.65050185323304,174.65044803642593,173.59965954280523,174.13352966308594,104990400
2016-05-23 00:00:00-04:00,174.1504823243016,174.4301279842803,173.70984031196735,173.89627075195312,58682600
2016-05-24 00:00:00-04:00,174.70975671321835,176.4638939748023,174.68433555844706,176.1503448486328,93537800
2016-05-25 00:00:00-04:00,176.82832683808482,177.76047923422786,176.1503989981988,177.34524536132812,76621400
2016-05-26 00:00:00-04:00,177.48078767711476,177.70959101169245,177.08250565893664,177.3960418701172,55280700
2016-05-27 00:00:00-04:00,177.55707291212292,178.16720659219732,177.5062305938494,178.1587371826172,64211200
2016-05-31 00:00:00-04:00,178.42983560653087,178.54000254297296,177.26041099011996,177.8197021484375,109879400
2016-06-01 00:00:00-04:00,177.209602796253,178.3620758910807,177.01470296613778,178.1841278076172,69936200
2016-06-02 00:00:00-04:00,177.78583423166788,178.74339450363115,177.31128879947488,178.72645568847656,63044700
2016-06-03 00:00:00-04:00,178.16717528087767,178.54003612321796,176.98928103642675,178.19259643554688,101757100
2016-06-06 00:00:00-04:00,178.54851283883448,179.45524382712608,178.38750356574386,179.09933471679688,64887000
2016-06-07 00:00:00-04:00,179.25186150671053,179.93825857110662,179.22644035102138,179.37896728515625,60974800
2016-06-08 00:00:00-04:00,179.5145749675031,180.09081806351512,179.38746917520425,179.9636993408203,66170900
2016-06-09 00:00:00-04:00,179.23489823755855,179.83656238777846,178.96373495084086,179.71792602539062,73786900
2016-06-10 00:00:00-04:00,178.3451363787507,178.6840937280972,177.47229598991518,178.0146484375,113829200
2016-06-13 00:00:00-04:00,177.4130192122889,178.2688950927016,176.55714333187618,176.64187622070312,117751200
2016-06-14 00:00:00-04:00,176.2604972572832,176.88758252746695,175.34529696987707,176.2943878173828,125059300
2016-06-15 00:00:00-04:00,176.29441769806408,177.413000326839,175.86224509898022,176.04867553710938,109124500
2016-06-16 00:00:00-04:00,176.0486783356093,176.74355778520848,174.2182774214604,176.57406616210938,149533100
2016-06-17 00:00:00-04:00,176.47014679380524,176.49570015111058,175.2605735566787,175.91647338867188,117055700
2016-06-20 00:00:00-04:00,177.87571392878442,178.5486409225645,176.96426718025074,177.04945373535156,82789600
2016-06-21 00:00:00-04:00,177.43270284148394,177.96082289803414,176.98975631147866,177.5519561767578,72461700
2016-06-22 00:00:00-04:00,177.73084655371028,178.4548930850924,177.11753991475223,177.26235961914062,95560500
2016-06-23 00:00:00-04:00,178.71897209993787,179.6218922481897,178.25899857073762,179.57078552246094,102731400
2016-06-24 00:00:00-04:00,173.4547347208247,179.6048273711775,172.67958155075527,173.12252807617188,333444400
2016-06-27 00:00:00-04:00,171.71704230971076,171.72556876131333,169.2127090948055,170.02194213867188,230775800
2016-06-28 00:00:00-04:00,171.62332019504794,173.11399329763964,171.31666692260927,173.08843994140625,159382400
2016-06-29 00:00:00-04:00,174.48544479534866,176.26573159068695,174.3832313518315,176.03575134277344,137328600
2016-06-30 00:00:00-04:00,176.5041987902838,178.48891188233904,175.950512474756,178.43780517578125,165021900
2016-07-01 00:00:00-04:00,178.43782218963668,179.29816182418008,178.27597560501414,178.8126220703125,106055300
2016-07-05 00:00:00-04:00,177.98641702353322,178.09715693080918,176.93017666850108,177.5264434814453,109803700
2016-07-06 00:00:00-04:00,177.03230606185224,178.71037879424458,176.37640638023626,178.59112548828125,96021500
2016-07-07 00:00:00-04:00,178.77003634904318,179.43444962093204,177.71379627457281,178.4804229736328,85593800
2016-07-08 00:00:00-04:00,179.77519856716046,181.38512517532322,179.54520533809736,181.13809204101562,133971000
2016-07-11 00:00:00-04:00,181.59805826929212,182.34765804487338,181.3936184220505,181.7769317626953,73633900
2016-07-12 00:00:00-04:00,182.7394538213966,183.3953535137022,181.8024542609601,183.0972137451172,101275600
2016-07-13 00:00:00-04:00,183.51461698511312,183.52313043699377,182.5861438223003,183.07167053222656,87324100
2016-07-14 00:00:00-04:00,184.33239401470564,184.56238724640937,183.70206048745473,184.09388732910156,91230900
2016-07-15 00:00:00-04:00,184.65603683603393,184.8519502033913,183.40387057951722,183.84681701660156,107155400
2016-07-18 00:00:00-04:00,183.96608149334548,184.5027279208938,183.71053495653027,184.34088134765625,58725900
2016-07-19 00:00:00-04:00,183.92351020759827,184.18757022804962,183.6764900910065,184.15350341796875,54345700
2016-07-20 00:00:00-04:00,184.15352396690736,185.15865744693104,184.15352396690736,184.92015075683594,58159500
2016-07-21 00:00:00-04:00,184.80940237275158,185.0308691313322,183.77870265512237,184.22164916992188,67777300
2016-07-22 00:00:00-04:00,184.3409060500352,185.09901931234043,184.07684602574125,185.04791259765625,62787500
2016-07-25 00:00:00-04:00,184.84347369635424,184.89458041130248,183.96610709603976,184.5453338623047,55873100
2016-07-26 00:00:00-04:00,184.44307799515505,184.98823782523522,183.78717830974068,184.63047790527344,70080500
2016-07-27 00:00:00-04:00,185.00531412403691,185.07346074090879,183.6679611384984,184.43460083007812,84083900
2016-07-28 00:00:00-04:00,184.23871846764345,184.93721170929925,183.77874494086717,184.64759826660156,65035700
2016-07-29 00:00:00-04:00,184.38346144963597,185.3034081203237,184.10236157895633,184.94564819335938,79519400
2016-08-01 00:00:00-04:00,185.00529642288348,185.39712318535925,184.34088321900114,184.79234313964844,73311400
2016-08-02 00:00:00-04:00,184.5453241214279,184.69865725581784,182.77356410776096,183.60833740234375,92295500
2016-08-03 00:00:00-04:00,183.548691897201,184.20459165480156,183.25056509657313,184.14495849609375,53993600
2016-08-04 00:00:00-04:00,184.25569483617224,184.65604804440085,182.50096187975078,184.34088134765625,46585500
2016-08-05 00:00:00-04:00,184.34090225224605,185.89119555549402,184.34090225224605,185.84860229492188,71892200
2016-08-08 00:00:00-04:00,186.03599608154948,186.1382225030644,185.47380925258756,185.7378692626953,39906500
2016-08-09 00:00:00-04:00,185.806022031988,186.34265552275468,185.52492210937768,185.84860229492188,51251700
2016-08-10 00:00:00-04:00,185.9593393883668,186.03599945766584,185.03937956386426,185.3886260986328,57941100
2016-08-11 00:00:00-04:00,185.91672529073242,186.49596496611446,185.65266530542866,186.24893188476562,72504300
2016-08-12 00:00:00-04:00,185.94230799561387,186.30008099732774,185.68677441958778,186.08712768554688,61313500
2016-08-15 00:00:00-04:00,186.45338874073167,186.97299530682014,186.44487528797663,186.62374877929688,49813500
2016-08-16 00:00:00-04:00,186.20641494037457,186.27454857463394,185.6612548828125,185.6612548828125,53213600
2016-08-17 00:00:00-04:00,185.69533123109508,186.14679131767127,184.86055769334084,186.010498046875,75134300
2016-08-18 00:00:00-04:00,185.984894674359,186.46190799624154,185.87416779454654,186.42784118652344,52989300
2016-08-19 00:00:00-04:00,185.95934477450407,186.33414467656135,185.47381799057598,186.15525817871094,75443000
2016-08-22 00:00:00-04:00,185.91670484358423,186.37669115250952,185.5504314842874,186.14669799804688,61368800
2016-08-23 00:00:00-04:00,186.76005207653185,187.0581919083206,186.4619122447431,186.52154541015625,53399200
2016-08-24 00:00:00-04:00,186.37672479739823,186.4704247663063,185.1501117490151,185.5675048828125,71728900
2016-08-25 00:00:00-04:00,185.18422694144897,185.8571668024232,185.0309067691607,185.4397735595703,69224800
2016-08-26 00:00:00-04:00,185.62716170076396,186.64933511037958,184.20463498108924,185.09051513671875,122506300
2016-08-29 00:00:00-04:00,185.21827125245898,186.26599788851843,185.18419144450021,186.00193786621094,70502200
2016-08-30 00:00:00-04:00,185.9167640174861,186.19786396293492,185.14162380170342,185.69529724121094,58114500
2016-08-31 00:00:00-04:00,185.3630734334427,185.48232676312082,184.3920068924529,185.1671600341797,85269500
2016-09-01 00:00:00-04:00,185.1586040200542,185.46525724706987,184.01717761857662,185.17564392089844,97844200
2016-09-02 00:00:00-04:00,186.02753795513496,186.4364047698821,185.4397845977625,186.010498046875,79293900
2016-09-06 00:00:00-04:00,186.29151670298387,186.64927663438348,185.57599684018467,186.57261657714844,56702100
2016-09-07 00:00:00-04:00,186.41076585012152,186.73445897028816,185.9507925193483,186.55557250976562,76554900
2016-09-08 00:00:00-04:00,186.22343021291192,186.49601672347939,185.8230768990411,186.12973022460938,74102900
2016-09-09 00:00:00-04:00,184.81792135656548,184.86902807179513,181.64917503593986,181.6747283935547,221589100
2016-09-12 00:00:00-04:00,180.91660570571437,184.68161850409962,180.8484590897426,184.28126525878906,168110900
2016-09-13 00:00:00-04:00,183.00356100687588,183.26762104268442,181.01032106144442,181.63214111328125,182828800
2016-09-14 00:00:00-04:00,181.6832181629531,182.88427780483661,181.0102915040864,181.56396484375,134185500
2016-09-15 00:00:00-04:00,181.40212674735488,183.76163971836084,181.22324027418756,183.37832641601562,134427900
2016-09-16 00:00:00-04:00,182.76362212584925,182.94341221609312,181.98456657023831,182.66944885253906,155236400
2016-09-19 00:00:00-04:00,183.32012466255208,183.9622116674637,182.37839183003095,182.70372009277344,80250500
2016-09-20 00:00:00-04:00,183.5599011582625,183.713995823676,182.67810240404572,182.71234130859375,69665300
2016-09-21 00:00:00-04:00,183.41431802619306,184.94676009783961,182.7294225333122,184.76698303222656,110284400
2016-09-22 00:00:00-04:00,185.77721029026128,186.23095081871756,185.52894234694025,185.93130493164062,76678700
2016-09-23 00:00:00-04:00,185.5374671479672,185.67444884801776,184.81833281764258,184.91250610351562,73630900
2016-09-26 00:00:00-04:00,184.08206079798262,184.26183783747967,183.2173753018055,183.41429138183594,89827300
2016-09-27 00:00:00-04:00,183.25163275907568,184.6470929586741,182.88349608546716,184.5529327392578,78494800
2016-09-28 00:00:00-04:00,184.77551177596033,185.62307129089558,183.81666606772146,185.46896362304688,87411000
2016-09-29 00:00:00-04:00,185.26350574056914,185.66588132423695,183.24307136462014,183.79098510742188,128070600
2016-09-30 00:00:00-04:00,184.62144938310027,185.87994121543213,184.37318143822424,185.1779327392578,117202900
2016-10-03 00:00:00-04:00,184.7669790094918,184.95531252922103,184.09919644758304,184.73272705078125,83512100
2016-10-04 00:00:00-04:00,184.8440172416814,185.06660270918726,183.2002760132762,183.79098510742188,119948100
2016-10-05 00:00:00-04:00,184.4159472616854,185.0323518152725,184.34745641536537,184.6042938232422,72816000
2016-10-06 00:00:00-04:00,184.38171632211893,184.95531252922103,183.8423720737274,184.73272705078125,62927400
2016-10-07 00:00:00-04:00,185.0066914120333,185.1779120165763,183.37150655256386,184.0991973876953,89788300
2016-10-10 00:00:00-04:00,185.05809020996094,185.52038723329994,184.91255201625611,185.05809020996094,51855000
2016-10-11 00:00:00-04:00,184.62998863208392,184.6984794829944,181.99314965685426,182.72084045410156,130367400
2016-10-12 00:00:00-04:00,182.8577827268367,183.48275670789812,182.3612339622757,182.9605255126953,73866100
2016-10-13 00:00:00-04:00,181.63359151521533,182.85783124494432,180.82028384808063,182.3612823486328,101357000
2016-10-14 00:00:00-04:00,183.3372734678212,183.7995835173053,182.37842753303363,182.45547485351562,93346200
2016-10-17 00:00:00-04:00,182.42978031832754,182.686617766202,181.642155057929,181.8219451904297,58275700
2016-10-18 00:00:00-04:00,183.41426587175613,183.47418718882332,182.58383244555998,182.9605255126953,76869700
2016-10-19 00:00:00-04:00,183.2259466513188,183.75673438142863,182.86637950544184,183.4485321044922,66519200
2016-10-20 00:00:00-04:00,183.097540097914,183.6625798404998,182.44689658612387,183.10610961914062,73639800
2016-10-21 00:00:00-04:00,183.10612290915276,183.27734352328338,182.14726395608955,183.1917266845703,89089100
2016-10-24 00:00:00-04:00,184.0649985077786,184.3389619852428,183.6198143885481,183.9708251953125,60146600
2016-10-25 00:00:00-04:00,183.79098459336805,184.0478220171836,183.1917059799945,183.3543701171875,66542300
2016-10-26 00:00:00-04:00,182.53254180507346,183.56843509761592,182.29281724945483,182.9862823486328,75705500
2016-10-27 00:00:00-04:00,183.70537192840828,183.73961082038784,182.42119793483377,182.4982452392578,77220200
2016-10-28 00:00:00-04:00,182.4725676586778,183.1488935654366,181.24832802261642,181.95889282226562,140623200
2016-10-31 00:00:00-04:00,182.2927529041506,182.51535139937488,181.80477363248966,181.96743774414062,61272500
2016-11-01 00:00:00-04:00,182.2927583487816,182.34413627764692,179.44190380314225,180.64901733398438,122781800
2016-11-02 00:00:00-04:00,180.34086915477957,180.72613188868763,179.12518573960872,179.5618133544922,103330800
2016-11-03 00:00:00-04:00,179.77582014393815,179.98984916370236,178.4659635880447,178.7399139404297,88939300
2016-11-04 00:00:00-04:00,178.85118627336155,179.69017624675064,178.39744586486492,178.54298400878906,109122100
2016-11-07 00:00:00-05:00,178.54298408491587,182.51536157260367,178.54298408491587,182.48110961914062,109794900
2016-11-08 00:00:00-05:00,182.08729548768414,183.8680181529656,181.82190164498263,183.302978515625,106772100
2016-11-09 00:00:00-05:00,181.81336513348813,185.86280353964403,181.78768269651837,185.24639892578125,258429000
2016-11-10 00:00:00-05:00,186.03405331261018,186.8987259738683,184.25333004480336,185.70872497558594,172113300
2016-11-11 00:00:00-05:00,184.98956331771262,185.52035110471618,184.33891980256973,185.2806396484375,100552700
2016-11-14 00:00:00-05:00,185.80287114251522,186.00834370377714,184.68136117179486,185.42617797851562,94580000
2016-11-15 00:00:00-05:00,185.81136703007533,186.87295532226562,185.60590759908328,186.87295532226562,91652600
2016-11-16 00:00:00-05:00,186.25660928341745,186.7531581694383,186.1367535566741,186.52200317382812,65617700
2016-11-17 00:00:00-05:00,186.67608388481742,187.54075628400358,186.56478463203283,187.4808349609375,69797200
2016-11-18 00:00:00-05:00,187.54933270762592,187.72055328977922,186.88155022962977,187.06134033203125,86265800
2016-11-21 00:00:00-05:00,187.63499351271832,188.49966620661488,187.48945532047617,188.47398376464844,72402600
2016-11-22 00:00:00-05:00,188.7821371419699,189.02184858031546,188.11436769753672,188.84207153320312,67429000
2016-11-23 00:00:00-05:00,188.32837394303928,188.99614330677943,188.1314709417549,188.9447784423828,56620200
2016-11-25 00:00:00-05:00,189.28725291578274,189.68105896052663,189.2101925476429,189.64682006835938,37872300
2016-11-28 00:00:00-05:00,189.33858953652754,189.61253982287272,188.65369422572732,188.7564239501953,76572500
2016-11-29 00:00:00-05:00,188.79070329643193,189.5783284459944,188.49105747219588,189.1245880126953,69886700
2016-11-30 00:00:00-05:00,189.74102837676915,189.90369253700135,188.61094877723767,188.67088317871094,113291800
2016-12-01 00:00:00-05:00,188.97050173292382,188.97050173292382,187.61783673708024,187.9774169921875,79040500
2016-12-02 00:00:00-05:00,188.06300726316525,188.55955612953525,187.71199655470292,188.07156372070312,74840300
2016-12-05 00:00:00-05:00,188.90202952729857,189.54411666106003,188.70512646400132,189.20167541503906,67837800
2016-12-06 00:00:00-05:00,189.39004745119223,189.83523158143706,188.91062441706606,189.8009796142578,59877400
2016-12-07 00:00:00-05:00,189.6468220127813,192.34358221640227,189.5269662940269,192.28366088867188,110738100
2016-12-08 00:00:00-05:00,192.25801124482192,193.22541361716267,191.9926042635398,192.75454711914062,99714400
2016-12-09 00:00:00-05:00,192.9771338845785,193.93597973954576,192.94288192501824,193.91885375976562,88005800
2016-12-12 00:00:00-05:00,193.82470126639413,194.30413730862392,193.27678742428512,193.6962890625,102016100
2016-12-13 00:00:00-05:00,194.35546564979694,195.48553202149307,194.33833967139873,194.98898315429688,110477500
2016-12-14 00:00:00-05:00,194.6893117934379,195.39132000910016,192.94282811520142,193.37945556640625,142501800
2016-12-15 00:00:00-05:00,193.61917381484898,195.03175981530796,193.3880188656367,194.17564392089844,124972600
2016-12-16 00:00:00-05:00,194.6312573112015,194.6915449704416,193.47730315707153,193.79592895507812,156420200
2016-12-19 00:00:00-05:00,193.97672544138717,194.63982380919117,193.83032948958675,194.2178497314453,90341100
2016-12-20 00:00:00-05:00,194.75179627515462,195.11349590689724,194.51929197797907,194.9670867919922,89838800
2016-12-21 00:00:00-05:00,194.83788407091805,195.01011382656955,194.42453002929688,194.42453002929688,67909000
2016-12-22 00:00:00-05:00,194.27814076185035,194.39870290898173,193.69254380414898,194.08868408203125,56219100
2016-12-23 00:00:00-05:00,194.13180254089076,194.38154695559655,193.94235893219806,194.37294006347656,36697800
2016-12-27 00:00:00-05:00,194.63988827841183,195.2513060949005,194.62266135476222,194.8551788330078,42672500
2016-12-28 00:00:00-05:00,195.11354573859612,195.13075952333045,193.1328698497708,193.24481201171875,64095000
2016-12-29 00:00:00-05:00,193.3136175254231,193.66669705424326,192.76247444104257,193.20167541503906,48696100
2016-12-30 00:00:00-05:00,193.52889020288262,193.61501164013995,191.80656658002707,192.49549865722656,108998300
2017-01-03 00:00:00-05:00,193.79591197608372,194.476237389342,192.79697393302524,193.96815490722656,91366500
2017-01-04 00:00:00-05:00,194.29536427788966,195.26848153297962,194.2867573884805,195.12208557128906,78744400
2017-01-05 00:00:00-05:00,194.85514465863406,195.12210279706622,194.17481926686474,194.9670867919922,78379000
2017-01-06 00:00:00-05:00,195.07907571181272,196.12969466640834,194.53653931091543,195.6646728515625,71559900
2017-01-09 00:00:00-05:00,195.4062733251903,195.54406239938967,194.98429921306328,195.0187530517578,46939700
2017-01-10 00:00:00-05:00,195.0359668308157,195.87129502525147,194.63121963803593,195.0187530517578,63771900
2017-01-11 00:00:00-05:00,194.93265109478259,195.56991577148438,194.26955260662038,195.56991577148438,74650000
2017-01-12 00:00:00-05:00,195.05320671675017,195.26849723189008,193.7270229252161,195.07904052734375,72113200
2017-01-13 00:00:00-05:00,195.25123158032957,195.82820846961746,195.21679088646673,195.5268096923828,62717900
2017-01-17 00:00:00-05:00,194.88960402791093,195.29435128955922,194.45041606199737,194.8379364013672,61240800
2017-01-18 00:00:00-05:00,195.08767433052773,195.3115849069483,194.5365310613489,195.26852416992188,54793300
2017-01-19 00:00:00-05:00,195.34596398850047,195.4837530474012,194.11450876783078,194.5450897216797,66608800
2017-01-20 00:00:00-05:00,195.22543385479455,195.75074323022767,194.59678923838771,195.2598876953125,129168600
2017-01-23 00:00:00-05:00,195.25989615458587,195.3201706676685,193.99398683665453,194.75180053710938,75061600
2017-01-24 00:00:00-05:00,194.967083306671,196.41384238690753,194.855141175314,196.00048828125,95555300
2017-01-25 00:00:00-05:00,196.94777099923576,197.69699096679688,196.7841480966616,197.69699096679688,84437700
2017-01-26 00:00:00-05:00,197.55056992098218,197.8175411955517,197.21471724555164,197.49029541015625,59970700
2017-01-27 00:00:00-05:00,197.56781818965763,197.71421417781394,196.99944801896262,197.1802978515625,59711100
2017-01-30 00:00:00-05:00,196.4913442470013,196.5171780573932,194.97570376275382,195.95742797851562,79737300
2017-01-31 00:00:00-05:00,195.4665590486064,196.0004884566942,194.89820208042732,195.94020080566406,75880800
2017-02-01 00:00:00-05:00,195.9401682595318,196.8529977813524,195.43208588648642,196.01766967773438,79117700
2017-02-02 00:00:00-05:00,196.01766841614332,196.43103559113922,195.3287494050592,196.1468505859375,69657600
2017-02-03 00:00:00-05:00,197.05106088967847,197.67970536110656,196.7410420979642,197.4988555908203,80563200
2017-02-06 00:00:00-05:00,197.09417587961693,197.49031624796152,196.809990794992,197.14584350585938,57790100
2017-02-07 00:00:00-05:00,197.53337817012294,197.77450252089744,196.96500799745806,197.1544647216797,57931200
2017-02-08 00:00:00-05:00,197.1544600124119,197.54198034259372,196.61192366598257,197.41281127929688,51566200
2017-02-09 00:00:00-05:00,197.4127730625225,198.88535266019773,197.4127730625225,198.58395385742188,65955200
2017-02-10 00:00:00-05:00,198.92842684589928,199.59152528133336,198.60118107303498,199.36761474609375,66015900
2017-02-13 00:00:00-05:00,199.8584786124461,200.7110337232728,199.8326448036595,200.4526824951172,55182100
2017-02-14 00:00:00-05:00,200.27186151936579,201.26220584645884,199.92740192577156,201.2535858154297,71109000
2017-02-15 00:00:00-05:00,201.03832020549314,202.49368647837778,200.98665257407828,202.30422973632812,86785800
2017-02-16 00:00:00-05:00,202.3299910531187,202.51084083856136,201.38272082258933,202.13192749023438,84722400
2017-02-17 00:00:00-05:00,201.46882223227414,202.45054626464844,201.4515953151342,202.45054626464844,77204100
2017-02-21 00:00:00-05:00,202.82087604014896,203.82843399397925,202.81225601044366,203.6562042236328,88946100
2017-02-22 00:00:00-05:00,203.25139869735114,203.6991933436645,203.0877758633851,203.4752960205078,62115200
2017-02-23 00:00:00-05:00,203.99204201344,204.00925579101815,202.85530195944816,203.61312866210938,74615900
2017-02-24 00:00:00-05:00,202.76921937918132,203.91455332700036,202.72615864919575,203.8715057373047,82381600
2017-02-27 00:00:00-05:00,203.78539254474492,204.36236955714747,203.535661325161,204.1901397705078,56515400
2017-02-28 00:00:00-05:00,203.81120682091307,204.0523311271555,203.25145678291233,203.63897705078125,96961900
2017-03-01 00:00:00-05:00,205.29241099116604,206.95446050303505,205.27518407168895,206.4894256591797,149158200
2017-03-02 00:00:00-05:00,206.29998018539592,206.308600215748,205.13741929311072,205.1890869140625,70246000
2017-03-03 00:00:00-05:00,205.10297729567483,205.4818907249212,204.7240638664285,205.31826782226562,81974300
2017-03-06 00:00:00-05:00,204.52601356749014,205.05992990327823,204.1040393774143,204.7068634033203,55391500
2017-03-07 00:00:00-05:00,204.40546264673017,204.75854230642355,203.88876006472563,204.09544372558594,65103700
2017-03-08 00:00:00-05:00,204.38819704453468,204.6465482866462,203.57870261805394,203.71649169921875,78168800
2017-03-09 00:00:00-05:00,203.83706442731702,204.30209931528373,203.01035617805067,203.974853515625,90683900
2017-03-10 00:00:00-05:00,204.93076058441957,204.97382132054474,203.74235259688214,204.68963623046875,81991700
2017-03-13 00:00:00-04:00,204.62936108568235,204.83604474754756,204.30212837976146,204.79298400878906,57256800
2017-03-14 00:00:00-04:00,204.25046276549537,204.30214354001606,203.39792052016008,204.00933837890625,59880800
2017-03-15 00:00:00-04:00,204.5776435433198,206.1966323155387,204.34512612298658,205.774658203125,96081800
2017-03-16 00:00:00-04:00,205.91245511123034,205.9899565408601,205.04268618470874,205.3699188232422,78344000
2017-03-17 00:00:00-04:00,205.63199726496683,205.82227819204954,205.00926208496094,205.00926208496094,89002100
2017-03-20 00:00:00-04:00,205.0092494983875,205.2946708714881,204.3951718875136,204.7843780517578,52537000
2017-03-21 00:00:00-04:00,205.38983785536394,205.51092452648842,202.02534406755785,202.1550750732422,131809300
2017-03-22 00:00:00-04:00,202.18966922638143,202.91618921870486,201.56693403368797,202.63076782226562,97569200
2017-03-23 00:00:00-04:00,202.63074737271714,203.54754820347628,202.04261597089257,202.41452026367188,100410300
2017-03-24 00:00:00-04:00,202.7172732379335,203.2881028594989,201.48910466205444,202.26751708984375,112504900
2017-03-27 00:00:00-04:00,200.5982389240359,202.3194117347293,200.32147504346014,202.0599365234375,87454500
2017-03-28 00:00:00-04:00,201.75722350860326,203.95408544436285,201.6447811726046,203.53028869628906,93483900
2017-03-29 00:00:00-04:00,203.24484617764165,203.95406426057835,203.0199615290021,203.7205352783203,61950400
2017-03-30 00:00:00-04:00,203.66001404084622,204.56817064319617,203.48703497312647,204.36923217773438,56737900
2017-03-31 00:00:00-04:00,204.03193003110582,204.55952479613492,203.84164908650794,203.8935546875,73733100
2017-04-03 00:00:00-04:00,203.94540265571393,204.14432789174012,202.31072631325307,203.5388946533203,85546500
2017-04-04 00:00:00-04:00,203.25356391030647,203.75521258790803,202.87300193437008,203.66871643066406,56466200
2017-04-05 00:00:00-04:00,204.34327805151034,205.32062888253068,202.85563437139967,203.06321716308594,108800600
2017-04-06 00:00:00-04:00,203.20162468780876,204.15301621103774,202.76051286391876,203.6340789794922,69135800
2017-04-07 00:00:00-04:00,203.3832198328587,204.11839730552617,202.9421212677317,203.4264678955078,74412300
2017-04-10 00:00:00-04:00,203.56489403083373,204.34330651252617,203.01999737517406,203.54759216308594,67615300
2017-04-11 00:00:00-04:00,203.1670161256462,203.40918946743707,201.81776087925203,203.30540466308594,88045300
2017-04-12 00:00:00-04:00,203.02861106024082,203.21889197199712,202.1896488213487,202.41452026367188,81864400
2017-04-13 00:00:00-04:00,202.0771889279115,202.81236631371326,201.09983825683594,201.09983825683594,92880400
2017-04-17 00:00:00-04:00,201.6188347524172,202.88160705566406,201.4199094790997,202.88160705566406,68405400
2017-04-18 00:00:00-04:00,202.1463768170068,202.81235992927202,201.59283601131273,202.27610778808594,83225800
2017-04-19 00:00:00-04:00,202.83833857341216,203.21024288163855,201.6793511907246,201.90423583984375,68699900
2017-04-20 00:00:00-04:00,202.5183487901547,203.98870400717547,202.19833682284133,203.54759216308594,92572200
2017-04-21 00:00:00-04:00,203.46973807880664,203.52163048064483,202.5010447179408,202.89889526367188,110389800
2017-04-24 00:00:00-04:00,205.13898490980165,205.3379233603899,202.87292893794245,205.13034057617188,119209900
2017-04-25 00:00:00-04:00,205.77038791146632,206.669886959925,205.68389178100873,206.3239288330078,76698300
2017-04-26 00:00:00-04:00,206.28930854770627,207.17151885724383,206.15093322651757,206.1941680908203,84702500
2017-04-27 00:00:00-04:00,206.5141745623842,206.6698517337253,205.83088956162,206.3671417236328,57410300
2017-04-28 00:00:00-04:00,206.62666817107635,206.65261437439855,205.78770573710236,205.91744995117188,63532800
2017-05-01 00:00:00-04:00,206.4363250732422,206.86013492902634,206.02117274759829,206.4363250732422,66882500
2017-05-02 00:00:00-04:00,206.57472740158775,206.6958140545623,206.10768265367307,206.51419067382812,57375700
2017-05-03 00:00:00-04:00,206.51424337626662,206.6093838562733,205.58878478006898,206.26341247558594,73137700
2017-05-04 00:00:00-04:00,206.5660888673445,206.6439274612729,205.65793234581244,206.5055389404297,61462700
2017-05-05 00:00:00-04:00,206.87745917038717,207.33585960395547,206.4363474040606,207.3185577392578,62001300
2017-05-08 00:00:00-04:00,207.3618504525365,207.5088833404866,206.86020184793435,207.2840118408203,48385700
2017-05-09 00:00:00-04:00,207.5434450706046,207.7423703261031,206.74771765369846,207.09368896484375,51363200
2017-05-10 00:00:00-04:00,207.05043905844082,207.46559143066406,206.8428562736012,207.46559143066406,54293800
2017-05-11 00:00:00-04:00,207.01589339556276,207.2061743568771,205.9607037728046,207.04183959960938,62358300
2017-05-12 00:00:00-04:00,206.79098702830493,207.0850527749916,206.42772701225834,206.6958465576172,53912700
2017-05-15 00:00:00-04:00,207.11967915567553,207.95864161689624,207.10237728707935,207.83755493164062,61918900
2017-05-16 00:00:00-04:00,208.13156340453983,208.15750960156078,207.25801064410544,207.647216796875,51241800
2017-05-17 00:00:00-04:00,207.64721259393744,207.64721259393744,203.9021575960711,203.96270751953125,172174100
2017-05-18 00:00:00-04:00,203.8848658703277,205.63198464016048,203.625390695013,204.7843780517578,107047700
2017-05-19 00:00:00-04:00,205.26871121619024,206.7823009092626,205.21681882402052,206.11631774902344,115011400
2017-05-22 00:00:00-04:00,206.62666576766244,207.32725284158846,206.55748469124688,207.1629180908203,61010600
2017-05-23 00:00:00-04:00,207.53478073115593,207.78561157318967,207.15421890010862,207.62127685546875,48341700
2017-05-24 00:00:00-04:00,207.85481893629006,208.2094213944331,207.51749194867847,208.1056365966797,46927700
2017-05-25 00:00:00-04:00,208.61588842779958,209.37701198821208,208.40831887310807,209.10023498535156,64071700
2017-05-26 00:00:00-04:00,208.91000654420898,209.22137415187208,208.8321679416575,209.0570526123047,46629900
2017-05-30 00:00:00-04:00,208.7369777077566,209.1261838251806,208.58130053976862,208.8753662109375,35201900
2017-05-31 00:00:00-04:00,209.16944440934273,209.20404813593743,208.13155696823463,208.823486328125,91796000
2017-06-01 00:00:00-04:00,209.28193892827278,210.50146324456628,208.9965175012174,210.48416137695312,68962000
2017-06-02 00:00:00-04:00,210.5359958403654,211.34036749477772,210.2419301591628,211.18467712402344,88666100
2017-06-05 00:00:00-04:00,211.01172035211985,211.2971417307393,210.8300837666508,211.02902221679688,44698800
2017-06-06 00:00:00-04:00,210.4667992308275,211.02034005878886,210.27651833395444,210.3543701171875,50375400
2017-06-07 00:00:00-04:00,210.69174467946053,210.96850857461544,210.02576134813626,210.74363708496094,54144300
2017-06-08 00:00:00-04:00,210.83875251651543,211.32309917359729,210.3198021282382,210.84739685058594,65950700
2017-06-09 00:00:00-04:00,211.11550569356558,211.91121990384883,209.26460209199337,210.52737426757812,132256400
2017-06-12 00:00:00-04:00,210.28523609050535,210.53605378233445,209.6365546283226,210.48416137695312,86108100
2017-06-13 00:00:00-04:00,211.02031687218164,211.5652133076688,210.67435884176453,211.51332092285156,60067000
2017-06-14 00:00:00-04:00,211.78147826011883,211.79012259331708,210.423565693046,211.2452392578125,78602300
2017-06-15 00:00:00-04:00,209.89596964776152,210.95981650965615,209.6192058152247,210.83872985839844,66464900
2017-06-16 00:00:00-04:00,210.99783260155976,211.04997806682266,210.00702897611282,210.8848419189453,84553100
2017-06-19 00:00:00-04:00,211.71045520387923,212.70125857570505,211.61485078809721,212.6404266357422,65123800
2017-06-20 00:00:00-04:00,212.2841118334075,212.2927983226885,211.18901740229742,211.20639038085938,56906400
2017-06-21 00:00:00-04:00,211.59749874860742,211.71047615166384,210.68491346435795,211.15423583984375,55977600
2017-06-22 00:00:00-04:00,211.1629742389999,211.65836943369348,210.8848474012777,211.0586700439453,44148100
2017-06-23 00:00:00-04:00,211.11949059974816,211.64095846683273,210.7370728734632,211.31069946289062,66986800
2017-06-26 00:00:00-04:00,211.97992043403343,212.39711064820162,211.2411709623493,211.4497528076172,56700500
2017-06-27 00:00:00-04:00,211.23246021410642,211.5279732492118,209.72887535654044,209.7462615966797,82247700
2017-06-28 00:00:00-04:00,210.76312587024884,211.82346100773714,210.52845805803364,211.62356567382812,70042600
2017-06-29 00:00:00-04:00,211.77127480798728,211.8234202535992,208.55551079773352,209.7635955810547,106949700
2017-06-30 00:00:00-04:00,210.5719621526262,210.94569343453097,209.96357627003223,210.15478515625,86820700
2017-07-03 00:00:00-04:00,211.0934061863297,211.52796934909023,210.51109313964844,210.51109313964844,39153800
2017-07-05 00:00:00-04:00,210.87614082870252,211.20639983977458,210.06784638763787,210.99781799316406,54427600
2017-07-06 00:00:00-04:00,210.23297023107446,210.35464738842117,208.88582174928314,209.06834411621094,65400800
2017-07-07 00:00:00-04:00,209.64197067450192,210.57192896378987,209.0770305954212,210.42417907714844,57972300
2017-07-10 00:00:00-04:00,210.42414792570648,211.02384713446918,210.1199484464805,210.65011596679688,36663300
2017-07-11 00:00:00-04:00,210.65014975664388,210.80659939619719,209.3290872496961,210.49371337890625,50354600
2017-07-12 00:00:00-04:00,211.45844346560077,212.24065187535012,211.45844346560077,212.0755157470703,59610400
2017-07-13 00:00:00-04:00,212.08422425743714,212.54486018070784,211.85824290969333,212.43186950683594,39471600
2017-07-14 00:00:00-04:00,212.4318497416446,213.77899816590127,212.3362453176828,213.4226531982422,60262700
2017-07-17 00:00:00-04:00,213.34447623764916,213.72689400739,213.22279906198776,213.39662170410156,33531900
2017-07-18 00:00:00-04:00,212.98808618280643,213.56171271617282,212.64912746069257,213.5095672607422,42742500
2017-07-19 00:00:00-04:00,213.8224433044374,214.67418331440118,213.81374355439402,214.66549682617188,51034300
2017-07-20 00:00:00-04:00,214.91756003256464,215.03923718954388,214.21356981991232,214.76112365722656,47135200
2017-07-21 00:00:00-04:00,214.18755898510736,214.59604954339795,213.9615775841181,214.56997680664062,82340800
2017-07-24 00:00:00-04:00,214.49172101121746,214.65685716650034,214.048471274788,214.51780700683594,46622300
2017-07-25 00:00:00-04:00,215.26519841336034,215.36950258874876,214.81326227999904,215.0392303466797,54915600
2017-07-26 00:00:00-04:00,215.32606993450494,215.36082915600542,214.78721579943908,215.04794311523438,47575400
2017-07-27 00:00:00-04:00,215.50861286514385,215.54337208995847,213.5269922434443,214.8480682373047,70766600
2017-07-28 00:00:00-04:00,214.3700269432227,214.72637195951367,213.91809075173916,214.59600830078125,50088400
2017-07-31 00:00:00-04:00,214.9957720304814,215.09137645548512,214.26570910962465,214.47430419921875,65838700
2017-08-01 00:00:00-04:00,215.07402396682556,215.10878318749505,214.430865659001,214.9523468017578,55050400
2017-08-02 00:00:00-04:00,215.08271335630772,215.19570403318554,214.1266690023028,215.056640625,47211200
2017-08-03 00:00:00-04:00,214.9436210594324,214.9696937872359,214.36130803546263,214.63943481445312,40856000
2017-08-04 00:00:00-04:00,215.12618305344776,215.36083764691514,214.6481608526152,215.03057861328125,60191800
2017-08-07 00:00:00-04:00,215.1000846337351,215.4303436279297,214.9957804539439,215.4303436279297,31995000
2017-08-08 00:00:00-04:00,215.11745858993362,216.33424343971365,214.52645903629823,214.90017700195312,61719400
2017-08-09 00:00:00-04:00,214.21359245470444,214.94365547372158,213.85724743524958,214.89151000976562,62632600
2017-08-10 00:00:00-04:00,214.05711915685916,214.18749606416483,211.8060851326242,211.8582305908203,120479500
2017-08-11 00:00:00-04:00,212.0842073860186,212.76212485168887,211.84953956734344,212.17111206054688,74869900
2017-08-14 00:00:00-04:00,213.4487010455156,214.491649836917,213.41394183258802,214.2743682861328,73291900
2017-08-15 00:00:00-04:00,214.65684253490522,214.67422877685988,213.94416575656814,214.24835205078125,55242700
2017-08-16 00:00:00-04:00,214.76983547491596,215.16963947317822,214.19620884072893,214.62208557128906,56715500
2017-08-17 00:00:00-04:00,214.01366523031848,214.3265512292941,211.27590942382812,211.27590942382812,128490400
2017-08-18 00:00:00-04:00,211.11072523673622,212.23190533687284,210.50233961664483,210.9456024169922,136748000
2017-08-21 00:00:00-04:00,210.88481073859253,211.37151935817374,210.18082053799722,211.11077880859375,65469700
2017-08-22 00:00:00-04:00,211.6930974516388,213.47479574199497,211.6757112124789,213.318359375,63140100
2017-08-23 00:00:00-04:00,212.35367822775106,212.97945036542944,212.2059283149406,212.55357360839844,50203800
2017-08-24 00:00:00-04:00,212.93596411886358,213.09240050234038,211.8495561386653,212.0581512451172,50741700
2017-08-25 00:00:00-04:00,212.84907343401937,213.46615908099753,212.40582369558797,212.55357360839844,64445900
2017-08-28 00:00:00-04:00,213.0837237566261,213.10979648839782,212.14506562739396,212.562255859375,40565600
2017-08-29 00:00:00-04:00,211.24979876540687,213.06626922634067,211.13680812273213,212.8055419921875,51135700
2017-08-30 00:00:00-04:00,212.78817339108335,214.08317622922343,212.60565105023682,213.81373596191406,62030800
2017-08-31 00:00:00-04:00,214.43086661448717,215.34345198746985,213.84855351750988,215.10009765625,103803900
2017-09-01 00:00:00-04:00,215.4738438463553,215.83018890007534,215.25656221776765,215.40431213378906,62007000
2017-09-05 00:00:00-04:00,214.90012645902428,215.12610774493686,212.8924471801666,213.857177734375,91398800
2017-09-06 00:00:00-04:00,214.53516532697782,214.9175830790108,214.0049976728988,214.58731079101562,57916900
2017-09-07 00:00:00-04:00,214.89149051924016,214.9088767595875,214.15272781535776,214.56121826171875,58034700
2017-09-08 00:00:00-04:00,214.27440110391774,214.76980948125174,214.06581927077957,214.30917358398438,63832800
2017-09-11 00:00:00-04:00,215.57808126339495,216.67318888716122,215.56070828593013,216.594970703125,71364800
2017-09-12 00:00:00-04:00,216.96002648847752,217.35981720404104,216.7775041101089,217.32505798339844,56896000
2017-09-13 00:00:00-04:00,217.03821711288396,217.4640937671046,216.92522645196908,217.4293212890625,59228000
2017-09-14 00:00:00-04:00,217.10774620268882,217.55969557911206,216.93392360000743,217.3597869873047,95446300
2017-09-15 00:00:00-04:00,217.21570023594433,217.739756008967,217.11089174686597,217.6524200439453,95432400
2017-09-18 00:00:00-04:00,218.01923179186971,218.4646811341499,217.7309951606429,218.1153106689453,46235200
2017-09-19 00:00:00-04:00,218.35992710062743,218.4210742774791,218.01055654831933,218.33372497558594,47108100
2017-09-20 00:00:00-04:00,218.42103540568147,218.52584388719498,217.41657192320085,218.41229248046875,59574100
2017-09-21 00:00:00-04:00,218.25509286573282,218.34242882969582,217.65241740557613,217.8271026611328,48211400
2017-09-22 00:00:00-04:00,217.53016287852802,218.03675951066276,217.50396075338588,217.8708038330078,51214000
2017-09-25 00:00:00-04:00,217.61746600132773,217.9668498298664,216.68289258120123,217.42530822753906,57064400
2017-09-26 00:00:00-04:00,217.85325587338986,218.09781784178938,217.3204573005993,217.55628967285156,54082000
2017-09-27 00:00:00-04:00,218.25506607895477,218.78786470597146,217.37288365607444,218.40354919433594,81001400
2017-09-28 00:00:00-04:00,218.1240620366598,218.74421000106764,218.03672607545622,218.6656036376953,44778800
2017-09-29 00:00:00-04:00,218.65687388117044,219.5128543148782,218.47345902225527,219.43423461914062,85578000
2017-10-02 00:00:00-04:00,219.6612893935846,220.38624572753906,219.48659084361725,220.38624572753906,59023000
2017-10-03 00:00:00-04:00,220.38628914782512,220.8841427959599,220.30766945379898,220.85794067382812,66810200
2017-10-04 00:00:00-04:00,220.70947739668037,221.3645571641749,220.59592597213907,221.1199951171875,55953600
2017-10-05 00:00:00-04:00,221.45186859770155,222.447589200853,221.15490233464226,222.4301300048828,63522800
2017-10-06 00:00:00-04:00,221.9846305851287,222.4650249475023,221.72260941258702,222.17678833007812,80646000
2017-10-09 00:00:00-04:00,222.40394345392528,222.46507729936198,221.54796299676016,221.80999755859375,35803100
2017-10-10 00:00:00-04:00,222.37774343936067,222.77078862202265,221.836201785734,222.39520263671875,43057400
2017-10-11 00:00:00-04:00,222.29910515071512,222.74456787109375,222.13316282390105,222.74456787109375,47674300
2017-10-12 00:00:00-04:00,222.43013121510202,222.77950172323375,222.1768262682205,222.41265869140625,47065100
2017-10-13 00:00:00-04:00,222.8493968318015,222.9629482537238,222.4126769968777,222.68344116210938,54800400
2017-10-16 00:00:00-04:00,222.91051376147277,223.17253496477068,222.56987286955564,222.98037719726562,38221700
2017-10-17 00:00:00-04:00,222.9279734690156,223.18127840295898,222.70961358067885,223.13760375976562,31561000
2017-10-18 00:00:00-04:00,223.5131544794035,223.5568291183193,223.16378402333427,223.35594177246094,40888300
2017-10-19 00:00:00-04:00,222.57858928408425,223.45202878369093,222.1593420560092,223.41708374023438,61903800
2017-10-20 00:00:00-04:00,224.2119206013549,224.59623609713063,223.3996149711692,224.57000732421875,89176400
2017-10-23 00:00:00-04:00,224.89324417338113,224.9194462959128,223.61800312947534,223.6966094970703,63915300
2017-10-24 00:00:00-04:00,224.12462095301717,224.32549501443242,223.73156244590075,224.0896759033203,66935900
2017-10-25 00:00:00-04:00,223.75773786485246,223.87128927136814,221.85364604019503,222.98037719726562,103715300
2017-10-26 00:00:00-04:00,223.59181270302912,223.86256352467024,223.14634996797955,223.2686309814453,69798000
2017-10-27 00:00:00-04:00,224.01108998639089,225.25138613887677,223.27740380734522,225.09414672851562,85562500
2017-10-30 00:00:00-04:00,224.0110684569867,224.99805952789407,223.9586642103246,224.25563049316406,54285700
2017-10-31 00:00:00-04:00,224.63121311082153,224.85831595994026,224.308044690315,224.60501098632812,60304800
2017-11-01 00:00:00-04:00,225.38235477957573,225.72298235215794,224.5351173279343,224.90194702148438,54202700
2017-11-02 00:00:00-04:00,224.83212135422747,225.12908766017168,223.76652383042074,224.9893341064453,56449500
2017-11-03 00:00:00-04:00,225.14650410247782,225.7841245724056,224.73598644613577,225.74046325683594,59589700
2017-11-06 00:00:00-05:00,225.6094359811802,226.22085435776503,225.53957254212585,226.08984375,49652600
2017-11-07 00:00:00-05:00,226.1946383869873,226.5265496765108,225.4260073281454,225.9326171875,57502200
2017-11-08 00:00:00-05:00,225.75790711573666,226.4129867363392,225.47840008035098,226.31689453125,50469600
2017-11-09 00:00:00-05:00,225.11157985978514,225.68805314872068,223.91494531222034,225.4958953857422,95085500
2017-11-10 00:00:00-05:00,225.1116151635526,225.60073924506818,224.79716302242787,225.42604064941406,59984700
2017-11-13 00:00:00-05:00,224.74478219430358,225.86278401930667,224.70983714047864,225.63568115234375,50228600
2017-11-14 00:00:00-05:00,224.83209570763378,225.2164112727262,224.0547216515681,225.11160278320312,61315200
2017-11-15 00:00:00-05:00,224.14201494109759,224.66608391303228,223.27731846332122,223.98480224609375,80811500
2017-11-16 00:00:00-05:00,224.92817282988813,226.25581817943672,224.8845115087638,225.8889617919922,67777000
2017-11-17 00:00:00-05:00,225.53956501844647,225.86273339190677,225.1465065530022,225.22511291503906,75756800
2017-11-20 00:00:00-05:00,225.4697091570141,225.80159381167795,225.22512048211286,225.60943603515625,48075500
2017-11-21 00:00:00-05:00,226.3780416549843,227.2689669982189,225.57449224745827,227.0855255126953,69176800
2017-11-22 00:00:00-05:00,227.09426049623252,227.22527108469816,226.718687924212,226.8846435546875,45033400
2017-11-24 00:00:00-05:00,227.37374250576087,227.51349600316732,227.2339890083544,227.40866088867188,27856500
2017-11-27 00:00:00-05:00,227.45240926382237,227.74937552896802,227.09429582945995,227.29519653320312,52274900
2017-11-28 00:00:00-05:00,227.75808396140033,229.62723056018447,227.66199175928952,229.6010284423828,98971700
2017-11-29 00:00:00-05:00,229.73209840085838,230.26491047419557,229.015898110774,229.46133422851562,77512100
2017-11-30 00:00:00-05:00,230.37841544790612,232.37857274930585,230.2998090900364,231.47021484375,127894400
2017-12-01 00:00:00-05:00,231.25183970097865,231.7322207413393,227.75808186488112,230.9897918701172,164390900
2017-12-04 00:00:00-05:00,232.6056605919785,233.03363739793878,230.65788099918234,230.71031188964844,94040600
2017-12-05 00:00:00-05:00,229.88055419921875,231.59248823067725,229.74954359953608,229.88055419921875,77994500
2017-12-06 00:00:00-05:00,229.9766138332505,230.35221308301692,229.46128771759268,229.92420959472656,75898600
2017-12-07 00:00:00-05:00,230.64918518066406,230.9636106197974,229.66219423795215,230.64918518066406,77218600
2017-12-08 00:00:00-05:00,231.60121224225176,231.91563765581287,230.61422137981182,231.90692138671875,76563900
2017-12-11 00:00:00-05:00,232.60568237304688,232.66682953826898,231.8807392812659,232.60568237304688,83077500
2017-12-12 00:00:00-05:00,233.39182329780536,233.4879155290524,232.64067792289777,233.01625061035156,85195800
2017-12-13 00:00:00-05:00,233.26072379810546,233.69744349766833,232.9026104458333,232.98995971679688,102905400
2017-12-14 00:00:00-05:00,233.28697607926028,233.40052749040524,231.9855596243915,232.0379638671875,100666700
2017-12-15 00:00:00-05:00,233.03963870240307,234.43550291442347,232.98696660319516,233.97021484375,144610300
2017-12-18 00:00:00-05:00,235.36616843754248,235.80512062530684,235.26082419912152,235.45396423339844,83653600
2017-12-19 00:00:00-05:00,235.69968900306878,235.74357348896925,234.47938951357304,234.5496368408203,82382900
2017-12-20 00:00:00-05:00,235.51535044887996,235.56802255763964,234.12827359902516,234.4267578125,76751500
2017-12-21 00:00:00-05:00,235.05001375662707,235.62067280286735,234.66373384448187,234.9095458984375,67032300
2017-12-22 00:00:00-05:00,234.92710689692217,234.96223055721842,234.312563403501,234.8480987548828,78720900
2017-12-26 00:00:00-05:00,234.44424977095338,234.78664518691386,234.30380870910167,234.56716918945312,45244400
2017-12-27 00:00:00-05:00,234.73403807744953,235.04130991726413,234.40921779792106,234.68136596679688,57751000
2017-12-28 00:00:00-05:00,235.18180557997988,235.20814163841598,234.795525528574,235.1642303466797,45116100
2017-12-29 00:00:00-05:00,235.74357739646385,235.76112583281383,234.08435264594527,234.2774658203125,96007400
2018-01-02 00:00:00-05:00,235.13787066453907,235.98943885710432,234.75159065194177,235.95431518554688,86655700
2018-01-03 00:00:00-05:00,236.12107258166156,237.59597178965154,236.12107258166156,237.44671630859375,90070400
2018-01-04 00:00:00-05:00,238.08756220469394,238.93034249595146,237.5081423821099,238.44747924804688,80636400
2018-01-05 00:00:00-05:00,239.2376944978411,240.1594832389474,238.74607026371623,240.03659057617188,83524000
2018-01-08 00:00:00-05:00,239.93994374624884,240.6334954184191,239.65024721010417,240.47547912597656,57319200
2018-01-09 00:00:00-05:00,240.89690172182273,241.64312563339757,240.6159659541577,241.0198211669922,57254000
2018-01-10 00:00:00-05:00,240.26482777626626,240.91449513696924,239.5976387670871,240.65110778808594,69574300
2018-01-11 00:00:00-05:00,241.20416646404138,242.40689086914062,241.0373625313552,242.40689086914062,62361500
2018-01-12 00:00:00-05:00,242.67031094880144,244.15394452208946,242.37179991942867,243.98716735839844,90816100
2018-01-16 00:00:00-05:00,245.24252279459583,245.89216327412473,242.45955492874856,243.15310668945312,106555100
2018-01-17 00:00:00-05:00,244.0836722321971,245.8570288429602,243.15309604331574,245.4707489013672,113258800
2018-01-18 00:00:00-05:00,245.35660485466306,245.77798160283706,244.56646986883223,245.05812072753906,100728000
2018-01-19 00:00:00-05:00,245.6376059390425,246.1731414794922,245.05821269286884,246.1731414794922,140920100
2018-01-22 00:00:00-05:00,245.96234394805924,248.17465209960938,245.90964506662903,248.17465209960938,91322400
2018-01-23 00:00:00-05:00,248.2185375419364,248.9910972525752,247.89371738894067,248.70140075683594,97084700
2018-01-24 00:00:00-05:00,249.3422333572368,249.9392283164852,247.42840945924507,248.60479736328125,134816100
2018-01-25 00:00:00-05:00,249.46520118283064,249.5617577618745,247.92008158609997,248.71018981933594,84587300
2018-01-26 00:00:00-05:00,249.544292779746,251.63370926274965,249.28969303570867,251.5897979736328,107743100
2018-01-29 00:00:00-05:00,251.0191484690479,251.45810058127645,249.76375185803687,249.92176818847656,90118300
2018-01-30 00:00:00-05:00,248.09574323033812,249.97444436968703,246.88423109421504,247.35830688476562,131796400
2018-01-31 00:00:00-05:00,248.20980017949023,248.71018508305838,246.4100809581383,247.4811248779297,108364800
2018-02-01 00:00:00-05:00,246.7525281863909,248.49954888800508,246.41013270475324,247.2002410888672,90102500
2018-02-02 00:00:00-05:00,245.88335303133664,246.01506007123515,241.78355614616368,241.8186798095703,173174800
2018-02-05 00:00:00-05:00,240.06286356273918,242.1698278399502,231.16090399277928,231.7052001953125,294681800
2018-02-06 00:00:00-05:00,228.20238422661203,236.7707364527866,227.11379176202638,236.27032470703125,355026800
2018-02-07 00:00:00-05:00,235.7172502975997,239.10594725573497,234.9095667392294,234.9886016845703,167376100
2018-02-08 00:00:00-05:00,235.28710323131492,235.42757111233564,226.13933006721916,226.17445373535156,246449500
2018-02-09 00:00:00-05:00,228.957431978035,231.42434093123214,222.0395551652409,229.5719757080078,283565300
2018-02-12 00:00:00-05:00,231.6174560445814,234.40921179523755,229.71241891123438,232.94309997558594,143736000
2018-02-13 00:00:00-05:00,231.74037748189377,234.0668183011388,231.16095748307058,233.52252197265625,81223600
2018-02-14 00:00:00-05:00,232.03886114791155,237.03413827941714,232.0300735324697,236.6741943359375,120735700
2018-02-15 00:00:00-05:00,238.41242036112484,239.7029404462211,235.9542728320571,239.69415283203125,111200300
2018-02-16 00:00:00-05:00,239.07087926559547,241.70459187762137,239.02696798048893,239.764404296875,160420100
2018-02-20 00:00:00-05:00,238.8162675010244,240.25604318291386,237.47307520829037,238.26318359375,86369700
2018-02-21 00:00:00-05:00,238.70210022472662,241.17779601748344,236.98141582880206,237.07797241210938,98883700
2018-02-22 00:00:00-05:00,237.999904556619,239.71180217937226,236.71817154614686,237.38536071777344,110511300
2018-02-23 00:00:00-05:00,238.6055114138271,241.16897583007812,238.13143580038297,241.16897583007812,92766400
2018-02-26 00:00:00-05:00,242.24010161368724,244.0661573690469,241.65192079774243,243.96957397460938,86491400
2018-02-27 00:00:00-05:00,244.1538211418212,244.86494789183527,240.86168178147267,240.9231414794922,99099200
2018-02-28 00:00:00-05:00,242.02061880237406,242.46835850910344,238.1666333695874,238.482666015625,121907800
2018-03-01 00:00:00-05:00,238.2719550648111,239.81707485453967,233.52249066745827,235.0149383544922,176855100
2018-03-02 00:00:00-05:00,233.34693091903503,236.78832724910447,232.48660193015064,236.22645568847656,139083200
2018-03-05 00:00:00-05:00,235.04129618469474,239.57128497673156,234.9359251780348,238.9567413330078,97307400
2018-03-06 00:00:00-05:00,239.93120475708733,240.01023971083006,238.0700521582396,239.5625,79213200
2018-03-07 00:00:00-05:00,237.40289017832296,239.8258878034363,237.20975016262793,239.4747314453125,87063500
2018-03-08 00:00:00-05:00,240.15068154029282,240.75643757744385,239.15867230598982,240.633544921875,66901200
2018-03-09 00:00:00-05:00,242.0382253742353,244.8211669921875,241.72216589576155,244.8211669921875,113625300
2018-03-12 00:00:00-04:00,245.11089605402182,245.7342006175469,244.12762071398598,244.51390075683594,71924800
2018-03-13 00:00:00-04:00,245.67268078019714,246.17309254848522,242.32786829365196,242.93362426757812,91968900
2018-03-14 00:00:00-04:00,243.89052900334457,244.07488135752644,241.13392413862624,241.68698120117188,105895100
2018-03-15 00:00:00-04:00,242.19617435500027,242.8370271669328,240.9232027619332,241.42361450195312,83433000
2018-03-16 00:00:00-04:00,241.9498553754007,242.73433229879393,241.63255700109175,241.68544006347656,100343700
2018-03-19 00:00:00-04:00,240.93620460870457,241.86168501139227,236.7670775944114,238.4153289794922,109208400
2018-03-20 00:00:00-04:00,238.8119932303427,239.45543966554663,238.1421052648597,238.82081604003906,59757300
2018-03-21 00:00:00-04:00,238.77674112899192,240.86570282453886,238.150940281105,238.3624725341797,78709600
2018-03-22 00:00:00-04:00,236.14129640944108,236.98745229628895,232.13081823448522,232.40408325195312,148785900
2018-03-23 00:00:00-04:00,232.84481538646813,233.17093659771976,227.25658694391362,227.45050048828125,183534800
2018-03-26 00:00:00-04:00,231.04672437365164,233.95540081601212,228.64925990705333,233.67333984375,141956100
2018-03-27 00:00:00-04:00,234.6076373138364,235.13646793923286,228.14681188586164,229.6981201171875,129941400
2018-03-28 00:00:00-04:00,229.8303123233447,231.496209377788,227.91761869403678,229.01939392089844,146452300
2018-03-29 00:00:00-04:00,230.15641224241278,233.8055043683826,229.0281955901973,231.94569396972656,111601600
2018-04-02 00:00:00-04:00,231.41688855818825,231.92812739453532,224.47130575320918,226.9392852783203,186286300
2018-04-03 00:00:00-04:00,228.17325309173245,230.3239206279813,226.38397108152986,229.8479461669922,119956900
2018-04-04 00:00:00-04:00,226.30464403356794,233.01223907187764,226.17243637884116,232.30711364746094,123715300
2018-04-05 00:00:00-04:00,234.06113617759715,235.02190791920242,232.97700648742247,234.14048767089844,82652600
2018-04-06 00:00:00-04:00,232.1837048489923,233.67328013698705,227.40639586017514,228.9224395751953,179521200
2018-04-09 00:00:00-04:00,230.3768261726803,233.4353557781252,229.11640156292754,230.0507049560547,105442900
2018-04-10 00:00:00-04:00,232.93288785263687,234.49301869650768,231.79587525314687,233.7085418701172,103529000
2018-04-11 00:00:00-04:00,232.22779429217832,234.140488069733,232.1572925076709,232.48341369628906,91140200
2018-04-12 00:00:00-04:00,233.80552068394104,235.3391831575739,233.6292258920898,234.39605712890625,68890500
2018-04-13 00:00:00-04:00,235.70055996966371,235.81514889026525,232.70373691024142,233.7085418701172,85079200
2018-04-16 00:00:00-04:00,235.33922430803474,236.3969394464726,234.51950987009275,235.6300811767578,63405300
2018-04-17 00:00:00-04:00,237.39285890695663,238.7502533652304,236.88164709474782,238.15089416503906,64682000
2018-04-18 00:00:00-04:00,238.5916400362949,239.12929345575915,237.86886900462565,238.3272247314453,57303900
2018-04-19 00:00:00-04:00,237.67495751316204,237.87769384781993,235.97382294019738,237.00509643554688,77655900
2018-04-20 00:00:00-04:00,236.93454214305586,237.154897174765,234.11398697765554,234.9954071044922,99953100
2018-04-23 00:00:00-04:00,235.5684025074935,236.12370161096285,233.88488647431987,234.96022033691406,65558000
2018-04-24 00:00:00-04:00,235.98261340103326,236.20296842635491,230.29744298821194,231.79586791992188,112885500
2018-04-25 00:00:00-04:00,231.73425741556017,232.8095914575811,229.91853341164548,232.36888122558594,103840900
2018-04-26 00:00:00-04:00,233.39129935081172,235.5595858554559,232.95058918082958,234.73104858398438,67731900
2018-04-27 00:00:00-04:00,235.3391972855658,235.6388769306565,234.0170669637368,234.9513702392578,57053600
2018-04-30 00:00:00-04:00,235.56834497682607,236.1236439446799,233.07391102580115,233.14443969726562,82182300
2018-05-01 00:00:00-04:00,232.58035587799654,233.6645124635416,231.02904763828548,233.55874633789062,74203400
2018-05-02 00:00:00-04:00,233.36480513816895,234.17569660455436,231.60196485617357,231.9897918701172,86368900
2018-05-03 00:00:00-04:00,231.16132400218362,232.1308649285438,228.3319451352399,231.47862243652344,136311500
2018-05-04 00:00:00-04:00,230.5089667454372,235.15406772398305,230.1828456237386,234.47535705566406,91222100
2018-05-07 00:00:00-04:00,235.2422810006576,236.23826336253111,234.55474733145712,235.2687225341797,55304900
2018-05-08 00:00:00-04:00,234.89851416605737,235.63008119271018,233.70859135993757,235.2687225341797,67499200
2018-05-09 00:00:00-04:00,235.93860929864692,237.8689221517703,235.41857448371096,237.5428009033203,59666100
2018-05-10 00:00:00-04:00,238.28310618835678,240.09003352947272,238.1773400803513,239.76388549804688,72063900
2018-05-11 00:00:00-04:00,239.88734702869564,240.75994449971634,239.37610820211677,240.4955291748047,59871500
2018-05-14 00:00:00-04:00,240.9273599609338,241.57960220851348,240.06355860426416,240.6100616455078,54790600
2018-05-15 00:00:00-04:00,239.38492075905984,239.40253948036187,238.00990733079024,238.95303344726562,87036100
2018-05-16 00:00:00-04:00,238.9883296053002,240.41622628638353,238.9618611716067,239.95787048339844,53942600
2018-05-17 00:00:00-04:00,239.69336006145537,240.83039940787125,238.97941200409758,239.75506591796875,56536400
2018-05-18 00:00:00-04:00,239.41132004082448,239.77270550482476,238.8031380280931,239.15570068359375,64368000
2018-05-21 00:00:00-04:00,240.63651331670496,241.49149190105553,240.24868631563004,240.9538116455078,58025900
2018-05-22 00:00:00-04:00,241.4739348076698,241.72955426545334,239.95789058372594,240.2840118408203,52966400
2018-05-23 00:00:00-04:00,239.0146764686399,240.97142997106116,238.85600042340263,240.94496154785156,64694200
2018-05-24 00:00:00-04:00,240.54838622347975,240.82162432927402,238.67095692322204,240.451416015625,76043800
2018-05-25 00:00:00-04:00,239.8784942626953,240.50429505271225,239.37607830929167,239.8784942626953,56374800
2018-05-29 00:00:00-04:00,238.25671437855638,239.01474980878663,236.00910341800926,237.1196746826172,115908600
2018-05-30 00:00:00-04:00,238.42422763465862,240.7247220582596,238.3537258353478,240.2840118408203,69678400
2018-05-31 00:00:00-04:00,239.87852272098635,240.1782023869531,238.21265238681653,238.81201171875,93519900
2018-06-01 00:00:00-04:00,240.10760228979757,241.45617368388983,240.03707363326401,241.156494140625,71258400
2018-06-04 00:00:00-04:00,241.97621657044652,242.55795696235268,241.73824286872212,242.30233764648438,45385200
2018-06-05 00:00:00-04:00,242.4347031179384,242.85779465085423,241.66787156981934,242.47879028320312,51135000
2018-06-06 00:00:00-04:00,243.0868470183322,244.61168651404307,242.4698422139183,244.50592041015625,62732200
2018-06-07 00:00:00-04:00,244.99076149724047,245.2816183350628,243.57166095224892,244.47952270507812,72969400
2018-06-08 00:00:00-04:00,244.02124667640106,245.25522987462332,243.85377464605486,245.2023468017578,72139700
2018-06-11 00:00:00-04:00,245.4226915003545,246.24240599383455,245.30810254773175,245.52845764160156,58892500
2018-06-12 00:00:00-04:00,245.9427227474188,246.2071380967235,245.2023328705508,245.8457794189453,72329000
2018-06-13 00:00:00-04:00,246.08373004921717,246.33934946200577,244.85854294896512,245.061279296875,79070600
2018-06-14 00:00:00-04:00,245.9251108414489,246.20714492225446,245.08775071407877,245.67831420898438,77097600
2018-06-15 00:00:00-04:00,244.89555787415404,245.7012550888403,243.78883538468264,245.36480712890625,120041600
2018-06-18 00:00:00-04:00,243.912837792134,244.98416489512724,243.43475300624846,244.86019897460938,52917600
2018-06-19 00:00:00-04:00,242.5935790794082,244.14299062462337,242.17745032648094,243.92164611816406,97531500
2018-06-20 00:00:00-04:00,244.60344752461447,245.00187855818777,244.00139677932216,244.3378448486328,53785500
2018-06-21 00:00:00-04:00,244.32888136494853,244.34660621575017,242.31022080360503,242.8060302734375,71061400
2018-06-22 00:00:00-04:00,244.06335437668065,244.17845786417627,243.02745000881802,243.24879455566406,54898500
2018-06-25 00:00:00-04:00,242.09771726657445,242.2570787921094,238.25518070657074,239.93739318847656,137854200
2018-06-26 00:00:00-04:00,240.50411165309322,241.31864434566987,239.7515348904601,240.46868896484375,68547400
2018-06-27 00:00:00-04:00,241.05304649180533,242.47849224175374,238.326066854242,238.47659301757812,105110700
2018-06-28 00:00:00-04:00,238.4233865063846,240.60140824831882,237.715068080839,239.83999633789062,76650500
2018-06-29 00:00:00-04:00,240.92907811223688,242.29256791699456,240.07026029632775,240.18536376953125,97592500
2018-07-02 00:00:00-04:00,238.61835684887322,240.8583632667071,238.3792873726782,240.698974609375,63554800
2018-07-03 00:00:00-04:00,241.59314941291314,241.6905550668388,239.42398899604595,239.8489532470703,42187100
2018-07-05 00:00:00-04:00,240.9733116355928,241.8675249290411,239.90198493714215,241.8055419921875,56925900
2018-07-06 00:00:00-04:00,241.83215410837596,244.22265843947528,241.4514210425873,243.85081481933594,66493700
2018-07-09 00:00:00-04:00,244.8513343486122,246.09972087308518,244.80707624573822,246.04660034179688,50550400
2018-07-10 00:00:00-04:00,246.49808871564431,247.0293209120054,246.20589884882935,246.93191528320312,51966800
2018-07-11 00:00:00-04:00,245.38259124794206,246.17059090694184,244.8247985939717,245.12582397460938,77054700
2018-07-12 00:00:00-04:00,246.38305497665553,247.40123454638106,245.78100425955168,247.34811401367188,60124700
2018-07-13 00:00:00-04:00,247.17095732066952,247.84382614342442,246.7194059507189,247.5428009033203,48216000
2018-07-16 00:00:00-04:00,247.58726979044724,247.72890658067584,246.87895074125936,247.32164001464844,48201000
2018-07-17 00:00:00-04:00,246.5512651082664,248.71159004868673,246.49814457855098,248.322021484375,52315500
2018-07-18 00:00:00-04:00,248.40171700765376,248.95064719365996,247.95902788737786,248.8444061279297,44593500
2018-07-19 00:00:00-04:00,248.18028775324512,248.56099378205835,247.42771110168124,247.90582275390625,61412100
2018-07-20 00:00:00-04:00,247.70223938621334,248.33087733719734,247.46319700882336,247.62255859375,82337700
2018-07-23 00:00:00-04:00,247.41897409460745,248.28662752677565,247.07366359189476,248.0830078125,47047600
2018-07-24 00:00:00-04:00,249.49071794855155,250.17244940108057,248.46367604604748,249.33132934570312,68026900
2018-07-25 00:00:00-04:00,249.08335865317733,251.7749150987928,249.03910056495852,251.45619201660156,78882900
2018-07-26 00:00:00-04:00,250.73909822087222,251.54476854513118,250.64169257599485,250.863037109375,57919500
2018-07-27 00:00:00-04:00,251.1906436131456,251.28804926613427,248.24234607162958,249.16314697265625,76768700
2018-07-30 00:00:00-04:00,249.24280576177932,249.40216734030946,247.3392211685941,247.8616180419922,63742500
2018-07-31 00:00:00-04:00,248.62300243369685,249.69430228447183,248.24229636551306,249.08338928222656,68570500
2018-08-01 00:00:00-04:00,249.28710347754523,249.79177557602364,248.02101903646468,248.66732788085938,53853300
2018-08-02 00:00:00-04:00,247.3658681456286,250.1902002009129,247.162221399743,250.02200317382812,63426400
2018-08-03 00:00:00-04:00,250.14587016215646,251.14635172489284,249.96878373668994,251.09323120117188,53935400
2018-08-06 00:00:00-04:00,251.12864477115582,252.3238835310707,250.73907626495154,252.01402282714844,39400900
2018-08-07 00:00:00-04:00,252.67807071803176,253.22700082078438,252.5452423864147,252.8462677001953,43196600
2018-08-08 00:00:00-04:00,252.67806482085274,253.13845169831436,252.27963387449154,252.74002075195312,42114600
2018-08-09 00:00:00-04:00,252.80204180590246,253.19161038385442,252.2619740616866,252.394775390625,35717000
2018-08-10 00:00:00-04:00,250.96050263703881,251.50057045794807,249.99541646397313,250.7037353515625,77076000
2018-08-13 00:00:00-04:00,250.97816157511463,251.58907469989234,249.47300781443937,249.76519775390625,65732900
2018-08-14 00:00:00-04:00,250.49123330231163,251.59795614540195,250.1016646999758,251.35888671875,43842000
2018-08-15 00:00:00-04:00,250.01308960069466,250.15475334890513,248.04754900111985,249.4818572998047,102925400
2018-08-16 00:00:00-04:00,250.91615074561037,252.36818381411726,250.88072805575527,251.50050354003906,69967900
2018-08-17 00:00:00-04:00,251.29683953147494,252.8285532819116,250.88957319479002,252.3858642578125,65618500
2018-08-20 00:00:00-04:00,252.83746690516844,253.1916127922392,252.38591536288368,252.92601013183594,39807500
2018-08-21 00:00:00-04:00,253.43945374344452,254.37795226648169,252.96134205561293,253.51913452148438,67272000
2018-08-22 00:00:00-04:00,253.11185465317376,253.89099157841562,252.84622505433717,253.36862182617188,44993300
2018-08-23 00:00:00-04:00,253.19160341162674,254.0504213412442,252.71349162101544,253.03224182128906,49204900
2018-08-24 00:00:00-04:00,253.60769270562974,254.69671744235123,253.55457218379885,254.5550537109375,57487400
2018-08-27 00:00:00-04:00,255.75038142221396,256.6711824868627,255.59101980129498,256.56494140625,57072400
2018-08-28 00:00:00-04:00,257.0252637708789,257.1315318443619,256.2284288471343,256.6888427734375,46943500
2018-08-29 00:00:00-04:00,256.9013321766645,258.3002177918885,256.6622897986318,258.0700378417969,61485500
2018-08-30 00:00:00-04:00,257.5919235454238,257.96376724094705,256.4320803195823,257.0252685546875,61229500
2018-08-31 00:00:00-04:00,256.6180203252793,257.4768382804098,256.1310731115822,257.0341491699219,66140800
2018-09-04 00:00:00-04:00,256.61799092686505,256.94557650796173,255.59094906584016,256.5914306640625,57594400
2018-09-05 00:00:00-04:00,256.23723529705296,256.4408819522442,254.89147054249426,255.90078735351562,72452400
2018-09-06 00:00:00-04:00,256.00716173118104,256.30818714809163,254.1036035544675,255.13064575195312,65909900
2018-09-07 00:00:00-04:00,254.08577458232713,255.60862574169138,253.84670524256993,254.63470458984375,73524800
2018-09-10 00:00:00-04:00,255.64412746424145,255.90975717199615,254.88271507846915,255.07749938964844,50210900
2018-09-11 00:00:00-04:00,254.43102872622725,256.36114595676304,254.08574541451273,255.91845703125,50530500
2018-09-12 00:00:00-04:00,255.92737874577733,256.58254986104964,255.1925268478039,255.98049926757812,59810800
2018-09-13 00:00:00-04:00,257.0429823679138,257.68045569530796,256.75965488471724,257.4945068359375,51034200
2018-09-14 00:00:00-04:00,257.69821048912604,257.8841323699944,256.75971163574974,257.5388488769531,55079900
2018-09-17 00:00:00-04:00,257.4857542882548,257.52114997034784,255.90091937743722,256.1753845214844,68244000
2018-09-18 00:00:00-04:00,256.3878309242925,258.1585874876803,256.3612706566257,257.5653991699219,61930400
2018-09-19 00:00:00-04:00,257.61849919719697,258.2559725900537,257.4945332782199,257.83984375,49080600
2018-09-20 00:00:00-04:00,259.097029795445,260.2480103827484,257.8574789850048,259.92926025390625,100360600
2018-09-21 00:00:00-04:00,260.670163615046,260.78578814845525,259.53175051533134,259.69183349609375,105479700
2018-09-24 00:00:00-04:00,259.11374214506895,259.25604717756437,258.25103654562844,258.8291320800781,53409600
2018-09-25 00:00:00-04:00,259.2827398777616,259.3894618716786,258.3488952890775,258.5890197753906,44370000
2018-09-26 00:00:00-04:00,258.7312825518188,259.91415398039527,257.3972035619519,257.8152160644531,79739700
2018-09-27 00:00:00-04:00,258.2865565354975,259.62063535481394,258.01084908419097,258.53558349609375,59249500
2018-09-28 00:00:00-04:00,257.9130552985251,259.060370917637,257.877499398238,258.56231689453125,70091400
2018-10-01 00:00:00-04:00,259.79851514867977,260.5278181370274,258.79353183087005,259.4605712890625,62078900
2018-10-02 00:00:00-04:00,259.3094482421875,260.0209463727001,258.9359212233382,259.3094482421875,47258200
2018-10-03 00:00:00-04:00,260.3588240182784,260.7768364839188,259.0959112187038,259.45166015625,64694600
2018-10-04 00:00:00-04:00,258.971473535749,259.02483453770105,255.8408438062701,257.4239501953125,111545900
2018-10-05 00:00:00-04:00,257.6462715083235,258.1621035239601,254.5601005355288,255.98312377929688,105951700
2018-10-08 00:00:00-04:00,255.29827908481946,256.3388728047612,253.91974143292867,255.98312377929688,87742200
2018-10-09 00:00:00-04:00,255.60062166798622,256.90799285836005,255.04917962192192,255.6094970703125,74339000
2018-10-10 00:00:00-04:00,255.10260623888726,255.17377232722666,247.1426168317317,247.51614379882812,214731000
2018-10-11 00:00:00-04:00,246.43105499541062,248.04974399043707,240.4543801338489,242.06419372558594,274840500
2018-10-12 00:00:00-04:00,246.1554388649365,246.44004899775393,242.24214453540336,245.42616271972656,183186500
2018-10-15 00:00:00-04:00,245.0703349983781,246.39553877632216,243.95860234615915,244.04754638671875,102263700
2018-10-16 00:00:00-04:00,246.00416376411522,249.75737362844944,245.53279028754295,249.38381958007812,118255800
2018-10-17 00:00:00-04:00,249.41944218007552,250.05089871671996,246.85800584754992,249.4283447265625,110626000
2018-10-18 00:00:00-04:00,248.49448289152238,249.090383549691,244.5545087926348,245.82632446289062,134557500
2018-10-19 00:00:00-04:00,246.47558100230958,248.40553369282395,244.99919677874857,245.6929168701172,139901600
2018-10-22 00:00:00-04:00,246.35985001655655,246.68001585489264,244.0563442066426,244.58998107910156,82415800
2018-10-23 00:00:00-04:00,240.97909105360475,244.4654681566747,238.89790441670948,243.34483337402344,146352700
2018-10-24 00:00:00-04:00,243.09588794996847,243.47834459638236,235.42050879522853,235.971923828125,177806700
2018-10-25 00:00:00-04:00,237.80399671737732,241.7439695818075,236.78120840190687,240.205322265625,138061500
2018-10-26 00:00:00-04:00,236.50550496185588,241.02357328618538,233.2770298773475,235.98074340820312,201574600
2018-10-29 00:00:00-04:00,239.0669858830614,240.3566066552751,231.10699613836647,234.6734161376953,160749100
2018-10-30 00:00:00-04:00,234.50444807839088,238.46219999139012,234.01526943167627,238.15090942382812,157116000
2018-10-31 00:00:00-04:00,240.71235803018175,243.00698951534628,240.24098445251798,240.694580078125,128296300
2018-11-01 00:00:00-04:00,241.55729632981314,243.45169327053114,240.47224408471195,243.2560272216797,99495000
2018-11-02 00:00:00-04:00,244.35883203457692,244.78574713551563,239.76959648164814,241.81520080566406,122634100
2018-11-05 00:00:00-05:00,242.30433388342226,243.70067647437028,241.33490636095422,243.14926147460938,65622500
2018-11-06 00:00:00-05:00,243.08702778229969,244.84799497942296,243.0247642380611,244.6879119873047,60085900
2018-11-07 00:00:00-05:00,246.8580138331892,250.0064483555935,246.43109871665462,249.92640686035156,102752100
2018-11-08 00:00:00-05:00,249.1259199823726,250.1131526376013,248.33438049086973,249.47279357910156,65584900
2018-11-09 00:00:00-05:00,248.16546054761142,248.35222407263922,245.6307041402837,247.03594970703125,98812600
2018-11-12 00:00:00-05:00,246.528911435274,246.76903588800957,241.9040933048996,242.41995239257812,99673600
2018-11-13 00:00:00-05:00,242.88248213590185,244.87469860439538,241.24601473079449,241.96641540527344,98176600
2018-11-14 00:00:00-05:00,243.83415705612947,244.23436461548494,238.75576876225338,240.31219482421875,125335900
2018-11-15 00:00:00-05:00,239.04918691779187,243.28267329833074,237.47498334426214,242.82017517089844,135101400
2018-11-16 00:00:00-05:00,241.72624899886281,244.35882418194376,241.21038987573397,243.45166015625,126668000
2018-11-19 00:00:00-05:00,242.84684454276717,243.1403571320243,238.41771948586543,239.3337860107422,103061700
2018-11-20 00:00:00-05:00,236.00747788431894,237.46608408810766,234.0419422412269,234.90464782714844,136021300
2018-11-21 00:00:00-05:00,236.4521591402249,237.5994747294918,235.6962027211134,235.705078125,75563700
2018-11-23 00:00:00-05:00,234.06858058757408,235.52718652870087,233.9707611642056,234.13084411621094,42807900
2018-11-26 00:00:00-05:00,236.3810366819656,238.13312838545468,235.98970462643132,237.91078186035156,79981400
2018-11-27 00:00:00-05:00,236.87912447802594,238.7112579345703,236.2743483576336,238.7112579345703,75502400
2018-11-28 00:00:00-05:00,239.77848590009825,244.20761108398438,238.6489482392209,244.20761108398438,127629600
2018-11-29 00:00:00-05:00,243.43381388358048,245.07028072822635,242.29540098548318,243.67396545410156,82346400
2018-11-30 00:00:00-05:00,243.52283439912432,245.71961940916108,243.20266839373255,245.1593017578125,98204200
2018-12-03 00:00:00-05:00,249.277141006927,249.3838629987836,246.81355122186906,248.40553283691406,103176300
2018-12-04 00:00:00-05:00,247.57839310389085,248.00530818364757,240.04529209231492,240.35658264160156,177986000
2018-12-06 00:00:00-05:00,236.50553495236963,240.10753736347036,233.410461928897,239.99191284179688,204185400
2018-12-07 00:00:00-05:00,239.65393555098828,241.21926354147223,233.5794413265767,234.41546630859375,161018900
2018-12-10 00:00:00-05:00,234.23764827118256,235.829657230902,230.01306365670115,234.8602294921875,151445900
2018-12-11 00:00:00-05:00,238.0530908610672,238.23985434553188,233.44607729820376,234.91355895996094,121504400
2018-12-12 00:00:00-05:00,237.8840488644376,239.2448082120867,236.01633303737512,236.09637451171875,97976700
2018-12-13 00:00:00-05:00,237.03922251348882,237.90192829418285,234.90470086141644,236.0164337158203,96662700
2018-12-14 00:00:00-05:00,233.87299503023334,234.82464480872093,231.1070168879108,231.65843200683594,116961100
2018-12-17 00:00:00-05:00,230.70674603004963,231.8184786411639,225.48605403096258,227.11363220214844,165492300
2018-12-18 00:00:00-05:00,228.75010114550832,229.41714067784332,225.26369591406458,226.86459350585938,134515100
2018-12-19 00:00:00-05:00,226.9446507542669,230.70675017805107,221.7684306807493,223.46714782714844,214992800
2018-12-20 00:00:00-05:00,222.22201009148066,223.78732473209402,217.58830256839778,219.82955932617188,252053400
2018-12-21 00:00:00-05:00,220.72858607171847,223.38548870397216,214.68121894770843,215.3253173828125,255345600
2018-12-24 00:00:00-05:00,213.84035620425558,215.45060262563953,209.57322025034426,209.63583374023438,147311600
2018-12-26 00:00:00-05:00,211.09399387368785,220.22764587402344,209.11696653417636,220.22764587402344,218485400
2018-12-27 00:00:00-05:00,216.99823741467299,222.11522151944322,213.76880366004917,221.91842651367188,186267300
2018-12-28 00:00:00-05:00,223.26922375327266,224.89735185930846,220.46918466599615,221.63214111328125,153100200
2018-12-31 00:00:00-05:00,223.25134548294824,223.81493515727374,221.38167686997687,223.57339477539062,144299400
2019-01-02 00:00:00-05:00,220.04869177649815,224.72735303150918,220.02185547983245,223.80592346191406,126925200
2019-01-03 00:00:00-05:00,222.06156390491395,222.36573144390618,217.98228176056196,218.46536254882812,144140700
2019-01-04 00:00:00-05:00,221.4890038398222,226.42708803378295,221.1132819712888,225.78298950195312,142628800
2019-01-07 00:00:00-05:00,226.05137509532184,228.96770037116784,225.15679528246304,227.56321716308594,103139100
2019-01-08 00:00:00-05:00,229.7459630162037,230.1842983290865,227.22324173305432,229.7012176513672,102512600
2019-01-09 00:00:00-05:00,230.40792306192012,231.61561100018852,229.18235335952744,230.7747039794922,95006600
2019-01-10 00:00:00-05:00,229.2450116148356,231.83928738611394,228.56512228014213,231.58880615234375,96823900
2019-01-11 00:00:00-05:00,230.5152680383381,231.70507421140275,229.9337967501892,231.67823791503906,73858100
2019-01-14 00:00:00-05:00,229.78170513390126,231.06990195416668,229.37916069032022,230.26478576660156,70908200
2019-01-15 00:00:00-05:00,230.64053836674492,233.21693219887842,230.63158383386505,232.90382385253906,85208300
2019-01-16 00:00:00-05:00,233.3332441885954,234.3530782952415,233.1275083007143,233.4674530029297,77636700
2019-01-17 00:00:00-05:00,232.59969924486884,236.09750948945432,232.55495387525625,235.2386932373047,96118400
2019-01-18 00:00:00-05:00,237.04574468322795,238.83490412813006,235.2744670046285,238.3697052001953,127900300
2019-01-22 00:00:00-05:00,236.90262700516908,237.11731741906,233.53899825203223,235.14923095703125,115531200
2019-01-23 00:00:00-05:00,236.17794273574026,236.8757136543288,233.181095948064,235.6411895751953,86030300
2019-01-24 00:00:00-05:00,235.46234089582398,236.34799345977734,234.451461356412,235.76649475097656,59204100
2019-01-25 00:00:00-05:00,237.60926200285365,238.58437774011935,235.86484825448963,237.7613525390625,96883400
2019-01-28 00:00:00-05:00,235.62335558879,236.0169455325683,234.19202263725006,235.954345703125,85613700
2019-01-29 00:00:00-05:00,236.09743385671848,236.66099600987093,234.80923719157047,235.6411895751953,66136300
2019-01-30 00:00:00-05:00,237.15308758964215,240.21253492262588,236.3926893728271,239.3716278076172,92473700
2019-01-31 00:00:00-05:00,239.3090246230662,241.9569728947139,239.09430693048517,241.47389221191406,104012100
2019-02-01 00:00:00-05:00,241.67065780851223,242.60998270784233,240.8029145607659,241.59014892578125,85782500
2019-02-04 00:00:00-05:00,241.63490857696522,243.35251360542537,240.9639738049802,243.28988647460938,60744800
2019-02-05 00:00:00-05:00,243.71929701903028,244.61387672404788,243.21833456825289,244.30972290039062,79552800
2019-02-06 00:00:00-05:00,244.03237048116657,244.52437832841062,243.25409061715408,243.9876251220703,58347800
2019-02-07 00:00:00-05:00,242.37750304260123,242.92318372862786,240.00687154514668,241.66184997558594,95482000
2019-02-08 00:00:00-05:00,240.41835270069902,242.05542193667483,239.59532716485373,241.95703125,75788900
2019-02-11 00:00:00-05:00,242.61004281578042,242.86945129093857,241.56337248015748,242.09117126464844,68021400
2019-02-12 00:00:00-05:00,243.70145808664165,245.58005395704043,243.62987640943152,245.204345703125,72270200
2019-02-13 00:00:00-05:00,246.03634016108296,246.84145671360864,245.61588646248177,246.00054931640625,65277200
2019-02-14 00:00:00-05:00,244.91805014076567,246.58198272142158,244.10397926802654,245.45480346679688,83234400
2019-02-15 00:00:00-05:00,247.22598255202874,248.16530742640353,247.02024673509356,248.1295166015625,97088700
2019-02-19 00:00:00-05:00,247.33345094888386,249.212046825401,247.3244964141007,248.55902099609375,59120800
2019-02-20 00:00:00-05:00,248.52322892328903,249.51622676490462,248.02226638531727,249.0599822998047,76610800
2019-02-21 00:00:00-05:00,248.42484345686026,248.78266994857734,247.21715515945522,248.1743621826172,64214700
2019-02-22 00:00:00-05:00,248.79153890928347,249.90976349673753,248.15639498772296,249.71298217773438,78114600
2019-02-25 00:00:00-05:00,251.13540926485206,251.65425356184153,249.97243908819044,250.05294799804688,69030700
2019-02-26 00:00:00-05:00,249.7039901065705,250.75063287485753,249.49822698526583,249.87396240234375,56844100
2019-02-27 00:00:00-05:00,249.15832765471785,250.1155344836595,248.22798442510532,249.76666259765625,56921600
2019-02-28 00:00:00-05:00,249.5519338490404,249.99029644590678,248.9794170639072,249.30145263671875,69268300
2019-03-01 00:00:00-05:00,250.87588347129002,251.2695006452179,249.42666901291935,250.85800170898438,78880500
2019-03-04 00:00:00-05:00,251.91368898973167,252.1552157189455,247.6554802053009,249.9456024169922,106494600
2019-03-05 00:00:00-05:00,250.0708202602486,250.26762888884477,249.05994081793222,249.60562133789062,59114600
2019-03-06 00:00:00-05:00,249.721876075304,249.73083060693793,247.7716992072064,248.09373474121094,75039800
2019-03-07 00:00:00-05:00,247.6464551651984,247.7895911752292,245.17743406827364,246.01834106445312,94885100
2019-03-08 00:00:00-05:00,244.16661570345593,245.69633953555666,243.7014440300641,245.5263671875,85795800
2019-03-11 00:00:00-04:00,246.241944383977,249.24771818589943,246.2151080929026,249.08670043945312,65098900
2019-03-12 00:00:00-04:00,249.64141454290714,250.54494879646793,249.453560445773,250.0260772705078,79667500
2019-03-13 00:00:00-04:00,250.91170489447018,252.6114007343966,250.7506598124784,251.6810302734375,80639200
2019-03-14 00:00:00-04:00,251.70794996595424,252.1284036241185,251.0817603966202,251.5200958251953,67518400
2019-03-15 00:00:00-04:00,252.0708142505132,253.57132732931038,251.88210530332043,252.76266479492188,81309000
2019-03-18 00:00:00-04:00,252.97829368415324,253.97566513758062,252.75366368534984,253.67913818359375,62199800
2019-03-19 00:00:00-04:00,254.73951357232417,255.5032339343991,252.85261535045638,253.7421417236328,90268100
2019-03-20 00:00:00-04:00,253.52642876764455,254.73044238296177,251.87315511285124,252.9783172607422,84609200
2019-03-21 00:00:00-04:00,252.16076368445215,256.240026322461,252.11582121464255,255.83570861816406,79550400
2019-03-22 00:00:00-04:00,254.4789155595248,255.00004525839176,250.8488859396825,250.9117889404297,122659300
2019-03-25 00:00:00-04:00,250.57033824697652,251.75639156038153,249.46517588642084,250.7230987548828,85575200
2019-03-26 00:00:00-04:00,252.47513747029075,253.54437851241264,251.19026039300329,252.59194946289062,68125900
2019-03-27 00:00:00-04:00,252.58299573112288,253.16705578717867,249.7257081273142,251.2711639404297,72224700
2019-03-28 00:00:00-04:00,251.90011770045834,252.6728318312341,250.7500130593253,252.22357177734375,56238500
2019-03-29 00:00:00-04:00,253.73305556436193,254.13737307946633,252.60990565465173,253.8139190673828,82186800
2019-04-01 00:00:00-04:00,255.8087003800633,257.12053213515975,255.53912787981554,256.8240051269531,77617900
2019-04-02 00:00:00-04:00,257.0127320980904,257.1834531340026,256.1591269185293,256.9498291015625,40070400
2019-04-03 00:00:00-04:00,258.1627579277011,258.5581088983009,256.7520750289998,257.3540954589844,68243200
2019-04-04 00:00:00-04:00,257.67758476056383,258.2885718276397,256.9857341776094,258.0369873046875,48997500
2019-04-05 00:00:00-04:00,258.70191713096256,259.3398587189356,258.41438412036786,259.28594970703125,58621700
2019-04-08 00:00:00-04:00,258.8637528130928,259.5915521999199,258.2078229987498,259.4837341308594,53566300
2019-04-09 00:00:00-04:00,258.522205126451,258.8456592016085,257.60572449284734,258.15380859375,66142300
2019-04-10 00:00:00-04:00,258.56711479989013,259.1242202855344,258.1538032388763,259.03436279296875,52601500
2019-04-11 00:00:00-04:00,259.5195108553922,259.52850482970075,258.39636089295544,258.9624328613281,55093100
2019-04-12 00:00:00-04:00,260.5708636013834,260.99316920128797,259.0074471943866,260.7146301269531,69727800
2019-04-15 00:00:00-04:00,260.7865664799949,260.8854179881842,259.74427946812784,260.5439758300781,49596700
2019-04-16 00:00:00-04:00,261.42446877799716,261.4783777975032,260.12160349172586,260.7146301269531,52153200
2019-04-17 00:00:00-04:00,261.8287579409137,261.8557124477344,259.6633211574548,260.07666015625,58268300
2019-04-18 00:00:00-04:00,260.6607336464958,260.85840920108075,259.3668622747877,260.5888366699219,68708500
2019-04-22 00:00:00-04:00,259.8250653691345,260.9661760070736,259.7352078763909,260.81341552734375,40160100
2019-04-23 00:00:00-04:00,261.1818141622424,263.3921933348262,260.94821758401093,263.1585693359375,52246600
2019-04-24 00:00:00-04:00,263.0777235358863,263.410171605521,262.43078792825753,262.5745544433594,50392900
2019-04-25 00:00:00-04:00,262.47577532352403,263.0688020790497,261.2268462240683,262.4128723144531,57770900
2019-04-26 00:00:00-04:00,262.45770657786915,263.7066351624023,261.6849650923547,263.634765625,50916400
2019-04-29 00:00:00-04:00,263.7246416311188,264.56925271334455,263.6347841375647,264.048095703125,57197700
2019-04-30 00:00:00-04:00,263.7066163248907,264.47036378092696,262.29596081647924,264.1828308105469,81111700
2019-05-01 00:00:00-04:00,264.8118711118755,265.0185406267152,262.18818009576734,262.1971740722656,71671900
2019-05-02 00:00:00-04:00,262.08036361263817,262.99687175976754,260.13955670306206,261.631103515625,65030200
2019-05-03 00:00:00-04:00,263.1046927620058,264.4704336008856,261.7389245024655,264.19189453125,56543700
2019-05-06 00:00:00-04:00,259.896981941665,263.54497195780687,259.5824943704813,263.1047058105469,107198100
2019-05-07 00:00:00-04:00,260.705561358726,261.2985878238254,256.8059880160905,258.7108459472656,144729900
2019-05-08 00:00:00-04:00,258.3515319824219,260.0587150102727,257.7585053140955,258.3515319824219,91568300
2019-05-09 00:00:00-04:00,256.28485571593546,258.1717256781386,254.5506913693155,257.5697326660156,103471100
2019-05-10 00:00:00-04:00,256.63536824121263,259.6184622709735,253.6522742114518,258.86370849609375,112429300
2019-05-13 00:00:00-04:00,253.7599925849476,254.72138800173758,251.52265947288163,252.3582763671875,127290500
2019-05-14 00:00:00-04:00,253.3737233815152,256.16813569340195,253.24794480185466,254.64064025878906,77003200
2019-05-15 00:00:00-04:00,253.01418478734732,256.76999093470357,252.80751536387777,256.1320495605469,73956400
2019-05-16 00:00:00-04:00,256.8330106305001,259.86101931664007,256.7611410796038,258.5042724609375,76749600
2019-05-17 00:00:00-04:00,256.2040601319123,259.3129323114473,256.1860721788903,256.8330078125,100353000
2019-05-20 00:00:00-04:00,255.2335743986409,256.9407568168034,254.38896345332793,255.13475036621094,62877600
2019-05-21 00:00:00-04:00,256.82398306292055,257.8123606375981,256.57239853669876,257.43499755859375,46847100
2019-05-22 00:00:00-04:00,256.48259057914987,257.59674680267347,256.16810303909295,256.6443176269531,49482500
2019-05-23 00:00:00-04:00,254.42491861053117,254.46983364087836,252.09775517308566,253.50843811035156,98733800
2019-05-24 00:00:00-04:00,254.9461135870853,255.35945262328002,253.4635607364856,254.0835418701172,55268100
2019-05-28 00:00:00-04:00,254.3620800476199,255.3145092656679,251.70246793424027,251.72042846679688,70029400
2019-05-29 00:00:00-04:00,250.6062703090443,251.01058794348035,248.6295149162675,250.0312042236328,104972900
2019-05-30 00:00:00-04:00,250.7859350955703,251.6215796387543,249.6178699191781,250.7140655517578,62523800
2019-05-31 00:00:00-04:00,248.17130752581056,248.99793081192303,247.30870833074238,247.33566284179688,86862800
2019-06-03 00:00:00-04:00,247.37165292337866,248.48580946184913,245.37693650796638,246.70675659179688,96428000
2019-06-04 00:00:00-04:00,248.99787195128627,252.1966011366948,248.54861192613726,252.06182861328125,77231900
2019-06-05 00:00:00-04:00,253.67916720875505,254.2721937639268,251.87316045778283,254.2452392578125,71169700
2019-06-06 00:00:00-04:00,254.54173673171888,256.57237327174454,253.89480123933046,255.8984832763672,69430400
2019-06-07 00:00:00-04:00,256.91383395209493,259.53752459010883,256.74311294719047,258.45928955078125,74272200
2019-06-10 00:00:00-04:00,260.0047272218072,261.3075921861058,259.5554672231737,259.64532470703125,60799100
2019-06-11 00:00:00-04:00,261.46036226590786,261.8287588074491,258.93552290959707,259.58245849609375,58641300
2019-06-12 00:00:00-04:00,259.348806008108,259.90588397794284,258.61201308383846,259.1241760253906,47096300
2019-06-13 00:00:00-04:00,260.0316933843536,260.55285036170267,259.33084885188674,260.19342041015625,48945200
2019-06-14 00:00:00-04:00,259.906005859375,260.5079991397937,259.1422580758503,259.906005859375,52324700
2019-06-17 00:00:00-04:00,260.13953327502185,260.7685083224592,259.83403972704474,260.0047607421875,39205700
2019-06-18 00:00:00-04:00,261.81977777473696,263.7785449569694,261.4603478082686,262.7272644042969,85434800
2019-06-19 00:00:00-04:00,262.8620279852303,263.85040551806713,261.8916384024987,263.3202819824219,78674400
2019-06-20 00:00:00-04:00,265.9979361214567,266.2405267117123,263.38323896605675,265.836181640625,116570000
2019-06-21 00:00:00-04:00,265.5671482228351,266.8221515056671,265.23308319547755,265.44976806640625,83309500
2019-06-24 00:00:00-04:00,265.6574273212025,265.97341688825486,264.9712218644644,265.1247253417969,47582700
2019-06-25 00:00:00-04:00,265.17897561971273,265.2060612350793,262.41613263619007,262.52447509765625,82028700
2019-06-26 00:00:00-04:00,263.4182718416797,263.92388825683076,262.154230803802,262.2625732421875,51584900
2019-06-27 00:00:00-04:00,263.0210145283139,263.6981823651526,262.6418159699409,263.19256591796875,40355200
2019-06-28 00:00:00-04:00,264.16764892571615,265.0434536754882,263.6530223625105,264.546875,59350900
2019-07-01 00:00:00-04:00,267.8693936742107,268.0861060069671,265.747596702322,266.9484558105469,78705600
2019-07-02 00:00:00-04:00,266.90333077615117,267.6978784773819,266.0636495912675,267.6437072753906,61504500
2019-07-03 00:00:00-04:00,268.3208916824014,269.80164477374774,268.1764259500246,269.7835693359375,40898900
2019-07-05 00:00:00-04:00,268.55574620144637,269.6392257975495,267.26461942981217,269.4766845703125,51677300
2019-07-08 00:00:00-04:00,268.1674620091727,269.2960749060107,267.45417094324387,267.99591064453125,45841800
2019-07-09 00:00:00-04:00,266.840222998623,268.6279282653834,266.7860517816925,268.3299865722656,41101300
2019-07-10 00:00:00-04:00,269.39537569112645,270.56011189882554,268.8626737180611,269.612060546875,58448500
2019-07-11 00:00:00-04:00,270.25314782826575,270.4878805839635,269.2419150387237,270.2441101074219,50826100
2019-07-12 00:00:00-04:00,270.73161735765416,271.52616509938144,270.4246380127178,271.45391845703125,40326000
2019-07-15 00:00:00-04:00,271.8873226456437,271.8873226456437,271.03860367732375,271.5442199707031,33900000
2019-07-16 00:00:00-04:00,271.4539059829256,271.6615806276131,270.3614166652641,270.66839599609375,36650100
2019-07-17 00:00:00-04:00,270.64132560824015,270.8038392241641,268.8265075683594,268.8265075683594,36036300
2019-07-18 00:00:00-04:00,268.3300343814097,270.1899866381552,267.8876268463099,269.8107604980469,51392600
2019-07-19 00:00:00-04:00,270.90321089510843,270.9302965017042,268.1403688062337,268.3119201660156,58678600
2019-07-22 00:00:00-04:00,268.7091928929078,269.51277855742103,268.1945663171256,268.9710388183594,43638100
2019-07-23 00:00:00-04:00,270.0905766044497,270.8941345214844,269.25990553066293,270.8941345214844,44564500
2019-07-24 00:00:00-04:00,270.13573328679485,272.167236328125,270.04543875193104,272.167236328125,47213200
2019-07-25 00:00:00-04:00,271.7157538258222,271.76992502848304,270.0634494826073,270.8670349121094,55394100
2019-07-26 00:00:00-04:00,271.55327198811625,272.88052171662747,271.4268541311043,272.681884765625,45084100
2019-07-29 00:00:00-04:00,272.56458990519246,272.68197007942166,271.63461378772524,272.18536376953125,38126500
2019-07-30 00:00:00-04:00,270.78587286819317,271.92352363022513,270.4066467628394,271.5172119140625,45849000
2019-07-31 00:00:00-04:00,271.76097959602436,271.9506064237515,266.53326388586026,268.54669189453125,104245200
2019-08-01 00:00:00-04:00,268.70017713336995,271.6526186964665,265.4136429910856,266.20819091796875,142646600
2019-08-02 00:00:00-04:00,265.31430025667504,265.55807069993347,262.6507630499362,264.2037353515625,116749700
2019-08-05 00:00:00-04:00,260.1136319797592,260.22197439410274,254.36222586817163,256.25830078125,178745400
2019-08-06 00:00:00-04:00,258.14535837183905,260.0685190404571,256.6736428346704,259.851806640625,120711700
2019-08-07 00:00:00-04:00,256.7820454862,260.77283350802816,254.65123719190635,260.00537109375,140572300
2019-08-08 00:00:00-04:00,261.49509755220527,265.1066589355469,260.9443476671785,265.1066589355469,87713900
2019-08-09 00:00:00-04:00,264.1675785656176,264.76348934990085,261.5221171331934,263.3008117675781,93730000
2019-08-12 00:00:00-04:00,261.80209060429195,263.29185424173795,259.1475906449031,260.09564208984375,65527600
2019-08-13 00:00:00-04:00,259.79760350315723,265.58513268360247,259.4545008367751,264.1405029296875,94299800
2019-08-14 00:00:00-04:00,260.09556938065884,260.70049034452813,256.20411507951735,256.33050537109375,135622100
2019-08-15 00:00:00-04:00,257.215365095548,257.9015704661981,254.96717731036955,257.0076904296875,99556600
2019-08-16 00:00:00-04:00,258.6599898772652,261.2332048589005,257.0618566167302,260.7998352050781,83018300
2019-08-19 00:00:00-04:00,263.8154737214388,264.6190316225491,263.13830611256157,263.9418640136719,53571800
2019-08-20 00:00:00-04:00,263.4362519312439,263.9689538188934,261.79301278192634,261.9194030761719,51596400
2019-08-21 00:00:00-04:00,264.07731753557846,264.42039264271136,263.3911122132719,264.05023193359375,49524700
2019-08-22 00:00:00-04:00,264.7545930615888,265.38659988353163,262.1993974986972,263.96905517578125,51666400
2019-08-23 00:00:00-04:00,262.66887506036954,264.33019001252563,255.94233087198558,257.1883239746094,149161500
2019-08-26 00:00:00-04:00,259.373198500566,260.0323181152344,257.84731220730464,260.0323181152344,72423800
2019-08-27 00:00:00-04:00,261.4229369175807,261.793125348652,258.2537822776039,259.01220703125,66668900
2019-08-28 00:00:00-04:00,258.3530803749549,260.99854271685837,257.54949466784865,260.8360290527344,59696700
2019-08-29 00:00:00-04:00,263.39109976527214,264.6912637071327,262.3888774311626,264.1675720214844,57899400
2019-08-30 00:00:00-04:00,265.6483375587326,265.6663854420489,263.1202561934248,264.05023193359375,62901200
2019-09-03 00:00:00-04:00,262.3527497186402,263.2646498673304,261.17897620499605,262.5062255859375,69101400
2019-09-04 00:00:00-04:00,264.67330502987176,265.50394876745247,263.9238905677633,265.48590087890625,46887300
2019-09-05 00:00:00-04:00,267.96879736456265,269.8106735830968,265.44972592383255,268.8987731933594,83258100
2019-09-06 00:00:00-04:00,269.2148152948554,269.74751727016104,268.5376475637681,269.1064453125,49584300
2019-09-09 00:00:00-04:00,270.09057074583126,270.1808377169626,268.3028383422982,269.2418518066406,51260300
2019-09-10 00:00:00-04:00,268.48343727792104,269.24188935174453,267.2284341315708,269.1786804199219,57947100
2019-09-11 00:00:00-04:00,269.4855693643672,271.17396919283516,268.83548748642085,271.09271240234375,68821100
2019-09-12 00:00:00-04:00,271.995614965798,273.08810416057753,271.2371906654044,272.03173828125,72908700
2019-09-13 00:00:00-04:00,272.4742232943265,272.8263637238987,271.4810384912023,271.8512268066406,62104800
2019-09-16 00:00:00-04:00,270.7225736719622,271.8963473751053,270.3704608488334,271.0115051269531,58191200
2019-09-17 00:00:00-04:00,270.8128506801717,271.7879598351725,270.6412993619928,271.69769287109375,41475500
2019-09-18 00:00:00-04:00,271.3095130844703,271.96863296095114,269.2780097922511,271.86029052734375,73375800
2019-09-19 00:00:00-04:00,272.2485052514616,273.24169007108816,271.5081286082832,271.8421936035156,76560500
2019-09-20 00:00:00-04:00,272.44444179650503,272.7256557739762,269.7686322549902,270.5577697753906,89565000
2019-09-23 00:00:00-04:00,269.89559997751627,271.21084760193804,269.6416243712935,270.4942626953125,43476800
2019-09-24 00:00:00-04:00,271.5827644184251,271.97279346935863,267.4102840114436,268.37176513671875,94869400
2019-09-25 00:00:00-04:00,268.4534750471396,270.4036485486447,266.97496278950814,269.9591979980469,71854000
2019-09-26 00:00:00-04:00,269.9682111328825,270.17681716965757,267.99082742388725,269.3967590332031,56179700
2019-09-27 00:00:00-04:00,270.1495830366901,270.2584534548734,266.39437020670596,267.9454345703125,84746600
2019-09-30 00:00:00-04:00,268.4625344992536,269.8956770404428,268.41719257426433,269.18817138671875,51662400
2019-10-01 00:00:00-04:00,270.06797514180766,270.7210593029976,265.7685205613803,265.9862060546875,88242400
2019-10-02 00:00:00-04:00,264.4078850320209,264.41696448642426,259.99958846909385,261.28759765625,122539500
2019-10-03 00:00:00-04:00,261.0608737824399,263.4555248952082,258.3487738908161,263.4283142089844,85278800
2019-10-04 00:00:00-04:00,264.0813879558739,267.2470176140269,264.0269389043035,266.9930419921875,65091200
2019-10-07 00:00:00-04:00,266.19480049123445,267.818445039267,265.5598476544299,265.8410339355469,59610500
2019-10-08 00:00:00-04:00,263.99065687623875,264.72537300214316,261.67763808472165,261.71392822265625,95708100
2019-10-09 00:00:00-04:00,263.72761868689645,265.13355020756165,263.10174525349936,264.19927978515625,62359400
2019-10-10 00:00:00-04:00,264.1176650870851,266.8660551651619,263.9544009671046,265.9862060546875,55296300
2019-10-11 00:00:00-04:00,268.7346339216523,270.97507304287916,268.6167393837116,268.74371337890625,98720400
2019-10-14 00:00:00-04:00,268.42617702704035,269.09742004492904,268.0996488139588,268.4443359375,40394800
2019-10-15 00:00:00-04:00,269.48751570095226,271.84587709862797,269.36959347887756,271.1020812988281,46754500
2019-10-16 00:00:00-04:00,270.63941529110076,271.3560002499491,270.23125500917473,270.6666259765625,48928200
2019-10-17 00:00:00-04:00,271.8276926759577,272.33564398394304,270.7754999147679,271.4648742675781,45736600
2019-10-18 00:00:00-04:00,270.92960372131955,271.57360821426397,269.42388163261506,270.2765197753906,64304000
2019-10-21 00:00:00-04:00,271.59176178240165,272.3083188413621,271.1563632665866,272.1087646484375,39048600
2019-10-22 00:00:00-04:00,272.64412564280445,272.9343915321136,271.12935070529045,271.2200622558594,48594700
2019-10-23 00:00:00-04:00,270.96592021500015,272.063454563809,270.75728654487045,272.009033203125,34352200
2019-10-24 00:00:00-04:00,272.94334172458434,273.0884746005034,271.62809406743776,272.4535217285156,35453100
2019-10-25 00:00:00-04:00,271.8820077548515,274.1133940724524,271.8275863989353,273.56915283203125,45205400
2019-10-28 00:00:00-04:00,274.7847083190437,275.61013608971376,274.75749763127527,275.1112365722656,42147000
2019-10-29 00:00:00-04:00,274.83921872743275,275.95491264990335,274.7122170225253,275.0296936035156,44284900
2019-10-30 00:00:00-04:00,275.2290756919439,276.24497797030693,273.9229077108311,275.87310791015625,49643900
2019-10-31 00:00:00-04:00,275.8641227568858,275.8641227568858,273.68718460462867,275.1384582519531,69053800
2019-11-01 00:00:00-04:00,276.58064197385863,277.73259776958525,276.41735019832123,277.687255859375,71141500
2019-11-04 00:00:00-05:00,279.23837720396307,279.374430643672,278.43108065957426,278.802978515625,60606900
2019-11-05 00:00:00-05:00,279.00251914201027,279.30186437599883,278.2043020930648,278.49456787109375,42933200
2019-11-06 00:00:00-05:00,278.49445207808026,278.83005963383175,277.6146033351274,278.5579528808594,46487100
2019-11-07 00:00:00-05:00,279.89142527025837,280.8710375909936,279.0659976008694,279.53765869140625,54272300
2019-11-08 00:00:00-05:00,279.19295893958304,280.28144163006976,278.49453294996727,280.2270202636719,49032100
2019-11-11 00:00:00-05:00,278.8483051362286,279.8642075711623,278.71222403622494,279.6918640136719,35797300
2019-11-12 00:00:00-05:00,280.0546986848405,281.1794439203386,279.5104572968919,280.2814636230469,46484600
2019-11-13 00:00:00-05:00,279.29278899604503,280.77130091310977,279.0660240438884,280.3721923828125,53917700
2019-11-14 00:00:00-05:00,280.090987886083,280.8619942096514,279.45603498872856,280.78033447265625,51219900
2019-11-15 00:00:00-05:00,282.1137105902836,282.8575062211695,281.4243640106054,282.8121643066406,62023600
2019-11-18 00:00:00-05:00,282.5763929760045,283.25668795742666,282.1228629883897,283.0208435058594,49228000
2019-11-19 00:00:00-05:00,283.6193815961007,283.6284610498649,282.29508236581955,282.9390869140625,67804700
2019-11-20 00:00:00-05:00,282.34951110935566,282.8665417247279,280.33583769061437,281.88690185546875,79406200
2019-11-21 00:00:00-05:00,281.9958415043259,282.10468425402297,280.6352517705745,281.4334411621094,54664700
2019-11-22 00:00:00-05:00,282.17715679160807,282.3132101901239,281.0524117888621,282.0592346191406,44850200
2019-11-25 00:00:00-05:00,282.9846232041064,284.24542236328125,282.9846232041064,284.24542236328125,48647200
2019-11-26 00:00:00-05:00,284.28162866852205,285.0707663027961,283.96415218727157,284.88934326171875,37569000
2019-11-27 00:00:00-05:00,285.3700754304547,286.15924072265625,285.15238993261636,286.15924072265625,44444600
2019-11-29 00:00:00-05:00,285.5968026686247,285.84172650261706,284.87116598414514,285.0979309082031,36592700
2019-12-02 00:00:00-05:00,285.351926627072,285.4154274537873,282.2497977488334,282.6761169433594,75767800
2019-12-03 00:00:00-05:00,279.9639862341054,280.8619942096514,278.5852653796921,280.78033447265625,73941700
2019-12-04 00:00:00-05:00,281.82344036418806,283.11144954756696,281.47875327303325,282.5127868652344,49080000
2019-12-05 00:00:00-05:00,283.2113460311746,283.2294772654207,281.714674927027,283.0208435058594,40709000
2019-12-06 00:00:00-05:00,284.92569252553795,286.00509617699373,284.9166130672193,285.6059875488281,48927000
2019-12-09 00:00:00-05:00,285.21583692878045,285.887052207936,284.63530546909504,284.7078857421875,34838500
2019-12-10 00:00:00-05:00,284.6534664265952,285.3156022560636,283.73732732073876,284.3904113769531,52649800
2019-12-11 00:00:00-05:00,284.8440177776958,285.4517600872291,284.3088557612892,285.1977844238281,53429100
2019-12-12 00:00:00-05:00,285.20687172961357,288.43600314424464,284.97105495075266,287.65594482421875,96389600
2019-12-13 00:00:00-05:00,287.42005905278955,289.0527834416107,286.6490526203965,287.8282470703125,81503900
2019-12-16 00:00:00-05:00,289.55159690245364,290.3951557751756,287.76468819631657,289.8055725097656,82749700
2019-12-17 00:00:00-05:00,290.1865865771561,290.4859041346796,289.78747804627915,289.8691101074219,61097700
2019-12-18 00:00:00-05:00,290.25913538779594,290.4859003373177,289.8328161754444,289.8872375488281,48133000
2019-12-19 00:00:00-05:00,290.0776378775777,291.1479892022689,289.8236623065729,291.0754089355469,85310500
2019-12-20 00:00:00-05:00,292.1055564808797,293.4819599466499,291.1302516726063,292.3516845703125,147142100
2019-12-23 00:00:00-05:00,293.1354754488179,293.19016437902224,292.6523713537724,292.7982177734375,52990000
2019-12-24 00:00:00-05:00,293.0260982506087,293.07166308676193,292.5065255951328,292.8073425292969,20270000
2019-12-26 00:00:00-05:00,293.19025140163853,294.37524348162793,293.18115512214473,294.3661193847656,30911200
2019-12-27 00:00:00-05:00,295.0952322086851,295.1499211381323,293.7644218965359,294.2930908203125,42528800
2019-12-30 00:00:00-05:00,294.37512695792304,294.51184926989555,292.1874586969327,292.6705627441406,49729100
2019-12-31 00:00:00-05:00,292.16925296260575,293.6276892705335,291.82287121002,293.3815612792969,57077300
2020-01-02 00:00:00-05:00,294.91296621198353,296.1435228475682,293.9923228046252,296.1252746582031,59151200
2020-01-03 00:00:00-05:00,292.74359626818324,295.0041745676097,292.68890732538284,293.88299560546875,77709700
2020-01-06 00:00:00-05:00,292.1328118215423,295.08615327203825,292.0143098616565,295.0041198730469,55653900
2020-01-07 00:00:00-05:00,294.43897268463854,294.9129805533922,293.7279886988713,294.1746520996094,40496400
2020-01-08 00:00:00-05:00,294.3660894233574,296.95480128822834,294.1199891894408,295.74249267578125,68296000
2020-01-09 00:00:00-05:00,297.3011061918994,297.82067881308217,296.71772055042567,297.74774169921875,48473300
2020-01-10 00:00:00-05:00,298.33117684890317,298.4861195611985,296.42610473911026,296.8909606933594,53029300
2020-01-13 00:00:00-05:00,297.5107715003253,298.9418355342063,297.0823563543286,298.9327392578125,47086800
2020-01-14 00:00:00-05:00,298.4952711557389,299.54351294484616,297.92100945963375,298.47705078125,62832800
2020-01-15 00:00:00-05:00,298.38587734482564,299.90809914567166,298.30384393795646,299.15155029296875,72056600
2020-01-16 00:00:00-05:00,300.52792945323296,301.6399841308594,300.30004962435345,301.6399841308594,54050300
2020-01-17 00:00:00-05:00,302.35109956421246,302.7886112228051,301.57630224562257,302.5789794921875,95846000
2020-01-21 00:00:00-05:00,301.6217259743135,302.78846954692693,301.5488166711206,301.986328125,77742400
2020-01-22 00:00:00-05:00,302.84318902456715,303.49038781097767,301.8678844320141,302.0228271484375,48914900
2020-01-23 00:00:00-05:00,301.3756489009387,302.77939649699647,300.2635941747511,302.36920166015625,51963000
2020-01-24 00:00:00-05:00,303.0254945486543,303.1075279519649,298.39496067890184,299.6802062988281,87578400
2020-01-27 00:00:00-05:00,294.4480497017618,296.3531215152195,294.1107920443717,294.87646484375,84062500
2020-01-28 00:00:00-05:00,296.2985479035743,298.8416952816207,294.9677371260553,297.9666442871094,63834000
2020-01-29 00:00:00-05:00,299.32471133178075,299.55259115613137,297.5198931086739,297.7204284667969,53888900
2020-01-30 00:00:00-05:00,295.6603946749964,298.89630496665,294.91296997027223,298.6866455078125,75491800
2020-01-31 00:00:00-05:00,298.06685040639036,298.2218209474655,292.35163365596884,293.2631530761719,113845600
2020-02-03 00:00:00-05:00,294.73976005288546,297.30112696346464,294.6212580975968,295.4416198730469,69083000
2020-02-04 00:00:00-05:00,299.0422151737549,300.8105652654087,298.72317777873883,299.9446105957031,62573200
2020-02-05 00:00:00-05:00,302.870532103236,303.6179846653886,301.41212336008243,303.4083251953125,65951100
2020-02-06 00:00:00-05:00,304.365386197161,304.6206104661579,303.3535853975724,304.42919921875,50359700
2020-02-07 00:00:00-05:00,303.3718697108561,304.4383317479117,302.25981501693957,302.8067321777344,64139400
2020-02-10 00:00:00-05:00,301.92265678230643,305.1311958627106,301.8861882082759,305.0673828125,42070000
2020-02-11 00:00:00-05:00,306.41633961218275,307.2002328793031,305.0672809970112,305.5959777832031,54864500
2020-02-12 00:00:00-05:00,307.02708992369514,307.7745425630313,306.66248770025715,307.5649108886719,43992700
2020-02-13 00:00:00-05:00,306.1428904532812,308.20293318619815,305.8694457619048,307.2367248535156,54501900
2020-02-14 00:00:00-05:00,307.64690946641167,307.8474448392001,306.4528213248784,307.72894287109375,64582200
2020-02-18 00:00:00-05:00,306.7353777212436,307.79274347896046,305.550385905375,306.9359130859375,57226200
2020-02-19 00:00:00-05:00,307.90211788539574,309.07795777585227,307.61954912250815,308.4034423828125,48814700
2020-02-20 00:00:00-05:00,307.8565243216202,308.67691395841035,304.15575813081296,307.1364440917969,74163400
2020-02-21 00:00:00-05:00,305.78739481387316,306.09730805211063,303.1530905628107,303.9734802246094,113788200
2020-02-24 00:00:00-05:00,294.5483849080448,304.0464012409805,292.8164758374308,293.89208984375,161088400
2020-02-25 00:00:00-05:00,295.2776354317167,295.8883379321786,284.1115213155918,284.986572265625,218913200
2020-02-26 00:00:00-05:00,286.38118955607183,289.9634545114292,283.2091195022636,283.9383239746094,194773800
2020-02-27 00:00:00-05:00,278.43268874388383,283.9929622601153,271.1861267089844,271.1861267089844,284353500
2020-02-28 00:00:00-05:00,263.155727800716,271.53259540965934,260.2753224373834,270.04681396484375,384975800
2020-03-02 00:00:00-05:00,271.8241810091955,281.80532914475464,268.40598340350584,281.74151611328125,238703600
2020-03-03 00:00:00-05:00,282.1152700822015,286.07126116142535,271.24084970802795,273.6745910644531,300139100
2020-03-04 00:00:00-05:00,279.0342265229959,285.39663994831454,276.4910804079347,285.1778564453125,176613400
2020-03-05 00:00:00-05:00,277.9951665598652,281.1763600202487,273.4649145191371,275.6981201171875,186366800
2020-03-06 00:00:00-05:00,267.21185726562237,272.343714991951,264.5502366862195,271.1405029296875,228667200
2020-03-09 00:00:00-04:00,250.9412162354038,259.04463500455796,249.2549280257215,249.96591186523438,309417300
2020-03-10 00:00:00-04:00,259.4548189035631,262.99148976667317,249.3004824278456,262.9003601074219,276444100
2020-03-11 00:00:00-04:00,255.86349945004477,256.9937745724308,246.91237251975267,250.08444213867188,255316300
2020-03-12 00:00:00-04:00,233.34894558391483,243.06574485920348,225.7650981762707,226.1570587158203,392220700
2020-03-13 00:00:00-04:00,239.8115818422406,247.45924124597292,226.53075439431242,245.4903564453125,329566100
2020-03-16 00:00:00-04:00,219.84023822786799,234.16932404862888,216.35824141554718,218.6279296875,297240000
2020-03-17 00:00:00-04:00,223.35866962977036,233.50389718402428,216.09387404457632,230.43206787109375,262070500
2020-03-18 00:00:00-04:00,215.34648084640503,226.3940926828577,207.84467929166857,218.76467895507812,327597100
2020-03-19 00:00:00-04:00,218.08099810602204,225.49165465544974,211.6730183757266,219.22950744628906,289322000
2020-03-20 00:00:00-04:00,222.3707795638826,224.14952799674725,209.50696155565487,209.7820281982422,347158800
2020-03-23 00:00:00-04:00,209.22269612416616,210.58883736917826,200.11807712080454,204.41824340820312,326025200
2020-03-24 00:00:00-04:00,214.9348561536564,223.81025556170377,214.3663954320049,222.939208984375,235494500
2020-03-25 00:00:00-04:00,224.51625036542322,235.04203577073906,219.82183239457268,226.2766571044922,299430300
2020-03-26 00:00:00-04:00,228.77971920189324,240.95586078896224,228.34878482606823,239.48887634277344,257632800
2020-03-27 00:00:00-04:00,232.2180034986201,239.1312666476789,230.18253051508594,232.35552978515625,224341200
2020-03-30 00:00:00-04:00,234.44607454125364,240.6166693743866,232.45644779685475,239.90150451660156,171369500
2020-03-31 00:00:00-04:00,238.90208181788717,241.4418275508448,234.92282878626662,236.32565307617188,194881100
2020-04-01 00:00:00-04:00,227.36771002403904,236.2431083425227,223.62684104588152,225.6898193359375,189554600
2020-04-02 00:00:00-04:00,224.80962736839078,231.67704405266247,224.2594942177443,230.897705078125,177660400
2020-04-03 00:00:00-04:00,229.9166755402143,232.2638985790031,224.83716977069236,227.560302734375,135561200
2020-04-06 00:00:00-04:00,236.40812276656246,244.80673935456574,227.54190283658446,242.8446044921875,188061200
2020-04-07 00:00:00-04:00,251.41747622455648,252.16932399949252,242.87218203318542,243.09222412109375,201427200
2020-04-08 00:00:00-04:00,245.68699208459705,253.05871017209918,243.20225678677284,251.25245666503906,153774500
2020-04-09 00:00:00-04:00,254.50734750334323,257.8264741218556,252.57274558290803,255.07583618164062,189999200
2020-04-13 00:00:00-04:00,254.10393966346695,254.443180523553,248.8502112627236,252.7469482421875,114839100
2020-04-14 00:00:00-04:00,257.6247434043118,261.2188944182337,252.60941275513804,260.201171875,134143400
2020-04-15 00:00:00-04:00,254.49824549327255,260.3387633386726,252.56361522887224,254.67245483398438,121775000
2020-04-16 00:00:00-04:00,255.9468642691427,256.7537225719264,252.83865783107498,255.90103149414062,131798300
2020-04-17 00:00:00-04:00,261.658962878332,263.4193550866855,258.9266530783905,262.8142395019531,146684800
2020-04-20 00:00:00-04:00,259.1192277447229,262.95180422099605,257.9639789331066,258.18402099609375,100109300
2020-04-21 00:00:00-04:00,253.72805974076354,254.92916957927525,249.4095373940222,250.3447723388672,126385700
2020-04-22 00:00:00-04:00,255.21337198348687,257.6430966582761,253.89306348455668,255.90103149414062,92951600
2020-04-23 00:00:00-04:00,257.17550907621705,260.3387543846184,255.58014778029658,255.88270568847656,104709700
2020-04-24 00:00:00-04:00,257.3955098331214,260.1186421969253,255.35085912854342,259.4493103027344,85063200
2020-04-27 00:00:00-04:00,261.420615255831,264.3087793852271,260.96217561684955,263.190185546875,77896600
2020-04-28 00:00:00-04:00,266.83019054311086,267.1786091367333,261.6773336103177,261.97991943359375,105270000
2020-04-29 00:00:00-04:00,267.29778446877594,270.369335297768,266.27088427087654,268.838134765625,118745600
2020-04-30 00:00:00-04:00,267.4628265283742,268.9390166066362,264.6021678699744,266.3350830078125,122901700
2020-05-01 00:00:00-04:00,261.59485828058166,266.5001686462375,258.11987753446385,259.2843322753906,125180000
2020-05-04 00:00:00-04:00,257.4047876382704,260.3021307310815,255.92862481168595,259.99957275390625,80873200
2020-05-05 00:00:00-04:00,262.81430977989436,265.20735144767355,260.1278320243504,262.4017028808594,79569900
2020-05-06 00:00:00-04:00,264.09796681903833,264.48304052192884,260.1920513755059,260.62298583984375,73632600
2020-05-07 00:00:00-04:00,263.8320410550969,265.6933050734505,263.2635803176103,263.7678527832031,75250400
2020-05-08 00:00:00-04:00,266.8944094168429,268.5998195757135,265.7666377314456,268.1322021484375,76452400
2020-05-11 00:00:00-04:00,266.2068230583022,269.56260579427084,265.7850662716561,268.1872863769531,79514200
2020-05-12 00:00:00-04:00,269.37000418111256,269.7825831185984,262.7042730991444,262.8418273925781,95870800
2020-05-13 00:00:00-04:00,262.2824804769914,263.31855852406073,255.77263209509584,258.1932067871094,144721100
2020-05-14 00:00:00-04:00,255.76353778728304,261.4114906647709,250.29891603317049,261.28314208984375,121977900
2020-05-15 00:00:00-04:00,258.8992207520091,262.5300551877956,257.95483612918537,262.4842224121094,111146300
2020-05-18 00:00:00-04:00,268.6915050760796,272.0839701507051,268.3706196611589,270.47943115234375,119703800
2020-05-19 00:00:00-04:00,269.8834715117107,271.58885385664627,267.68296642946405,267.7012939453125,95189300
2020-05-20 00:00:00-04:00,271.23127021904025,273.1108617924765,271.00205036955106,272.2489929199219,85861700
2020-05-21 00:00:00-04:00,272.1205969507901,272.9274551573874,269.2782657160711,270.3693542480469,78293900
2020-05-22 00:00:00-04:00,270.08513201578137,271.05702179895974,268.8473394108852,270.8828125,63958200
2020-05-26 00:00:00-04:00,276.8334493555543,277.0718470041158,270.9012372576816,274.2203369140625,88951400
2020-05-27 00:00:00-04:00,277.007581296367,278.3370675296901,272.19396476879547,278.3003845214844,104817400
2020-05-28 00:00:00-04:00,279.32736885863295,281.335337452126,277.1176856307862,277.7870178222656,90405200
2020-05-29 00:00:00-04:00,277.3192788350179,279.6114768667384,274.57781894297864,279.0246887207031,119090800
2020-06-01 00:00:00-04:00,278.38289544316814,280.7576095309241,277.86944526100126,280.1524658203125,55758300
2020-06-02 00:00:00-04:00,281.0693740975131,282.5180592457431,279.73991573138625,282.4721984863281,74267200
2020-06-03 00:00:00-04:00,284.45263612777273,287.18494662104723,284.1775835194625,286.23138427734375,92567600
2020-06-04 00:00:00-04:00,285.2502723891811,286.98318749531984,283.3890087460685,285.4794921875,75794400
2020-06-05 00:00:00-04:00,290.8616019107014,294.56577377345707,290.7974136505666,292.79620361328125,150524700
2020-06-08 00:00:00-04:00,293.60313838658124,296.52798606844794,293.062182869184,296.33544921875,73641200
2020-06-09 00:00:00-04:00,293.67647298750563,296.4087837876376,292.8146040767573,294.1257629394531,77479200
2020-06-10 00:00:00-04:00,294.7034187889176,295.5927930158741,291.76939322056137,292.48455810546875,95000800
2020-06-11 00:00:00-04:00,285.57119193533765,286.2038408309795,275.0729417317749,275.623046875,209243600
2020-06-12 00:00:00-04:00,282.61894313978905,283.38911860299044,273.7802388403364,278.9239196777344,194678900
2020-06-15 00:00:00-04:00,273.24835223856235,282.6555425806839,272.07474788246594,281.52777099609375,135782700
2020-06-16 00:00:00-04:00,289.25708690915724,289.4037909524716,282.0962619316776,286.946533203125,137627500
2020-06-17 00:00:00-04:00,287.9643213952654,288.25772952024136,285.02111835943526,285.754638671875,83398900
2020-06-18 00:00:00-04:00,284.2417577526698,286.34139118127837,283.78331810749904,285.8646240234375,80828700
2020-06-19 00:00:00-04:00,289.3235800973279,289.5169641791191,282.28778324973854,284.2309265136719,135549600
2020-06-22 00:00:00-04:00,283.6323430698322,286.4503381503588,282.49041850503755,286.0543518066406,74649400
2020-06-23 00:00:00-04:00,288.6973956071107,289.627527981212,286.9660723422408,287.37127685546875,68471200
2020-06-24 00:00:00-04:00,285.3359965817493,285.95302134093265,278.2081310603143,280.0407409667969,132813500
2020-06-25 00:00:00-04:00,279.46981736237365,283.3100417218154,277.45301313177083,283.04296875,89468000
2020-06-26 00:00:00-04:00,281.9470509652658,282.1588713157659,275.7400992165521,276.32025146484375,127961000
2020-06-29 00:00:00-04:00,277.5727536803356,280.5196622715444,275.28887633629,280.38153076171875,79773300
2020-06-30 00:00:00-04:00,279.9486930198918,285.6675903215087,279.792153347328,283.97308349609375,113394800
2020-07-01 00:00:00-04:00,285.08736775765794,287.2238950877985,284.62691073499315,285.96221923828125,72396500
2020-07-02 00:00:00-04:00,289.38806675534465,290.7326217108491,286.8739889973159,287.53704833984375,69344200
2020-07-06 00:00:00-04:00,291.3495847273951,292.5559799310515,290.6036465664798,291.9757995605469,61713800
2020-07-07 00:00:00-04:00,290.4379459868934,292.4086879039096,288.5868993171508,288.9644775390625,82910000
2020-07-08 00:00:00-04:00,289.7288100254336,291.28515730964824,287.9698885921955,291.1746520996094,54638600
2020-07-09 00:00:00-04:00,291.7824392568342,292.0218859318801,286.109604655345,289.5169982910156,83354200
2020-07-10 00:00:00-04:00,289.4525470058198,292.74021752489676,288.02514120267125,292.47314453125,57550400
2020-07-13 00:00:00-04:00,294.81228763297554,297.1882340667077,289.2868020526864,289.9406433105469,102997500
2020-07-14 00:00:00-04:00,288.522406144319,294.4715320808562,287.32522893206374,293.6979675292969,93657000
2020-07-15 00:00:00-04:00,296.9118887955538,297.49206911744704,294.0202053194717,296.39617919921875,87196500
2020-07-16 00:00:00-04:00,294.49919068416483,295.871343992354,293.85453943512255,295.42010498046875,54622500
2020-07-17 00:00:00-04:00,296.42383888823116,297.0592718738817,294.4530691984586,296.2764892578125,62774900
2020-07-20 00:00:00-04:00,296.0094429242622,299.4168366870497,295.26350467471246,298.6708984375,56308800
2020-07-21 00:00:00-04:00,300.63245415579655,301.0744749886083,298.32095050262376,299.30633544921875,57292200
2020-07-22 00:00:00-04:00,298.94711028029644,301.323084234717,298.8366050924752,301.00994873046875,57792900
2020-07-23 00:00:00-04:00,300.6507824803938,301.35068608523807,296.055430800531,297.4183654785156,75738000
2020-07-24 00:00:00-04:00,295.5674004213925,296.5251308789289,294.00183516323403,295.5029296875,73766600
2020-07-27 00:00:00-04:00,296.193647698937,297.8328739008944,295.40164684860423,297.65789794921875,48293000
2020-07-28 00:00:00-04:00,296.93038292448483,298.04470943209714,295.4753507358692,295.7700500488281,57495000
2020-07-29 00:00:00-04:00,296.64485042658015,299.9693649980808,296.60800599281623,299.4075927734375,48454200
2020-07-30 00:00:00-04:00,296.4422441472383,298.7537475391664,294.36099738513786,298.3393249511719,61861700
2020-07-31 00:00:00-04:00,300.1258457184252,300.7981230082648,295.9172622915835,300.6968078613281,84986800
2020-08-03 00:00:00-04:00,302.35455324026356,303.551730444188,301.8112172413089,302.7873840332031,53077900
2020-08-04 00:00:00-04:00,301.93082626585755,303.95684814453125,301.93082626585755,303.95684814453125,41917900
2020-08-05 00:00:00-04:00,305.2554780680495,306.10273162848586,304.9884050397274,305.8448486328125,42697700
2020-08-06 00:00:00-04:00,305.26466855525786,308.00897505925286,304.9423429439364,307.8892517089844,43679400
2020-08-07 00:00:00-04:00,306.9222424636981,308.39571060773704,306.0197365507583,308.1102294921875,57308300
2020-08-10 00:00:00-04:00,308.56148325207386,309.21532440909493,306.62755797641967,309.0311584472656,44282100
2020-08-11 00:00:00-04:00,310.2099438612299,310.84537688701096,305.7527226498275,306.480224609375,69601100
2020-08-12 00:00:00-04:00,308.911406789461,311.5267992817978,308.88378049251634,310.75323486328125,53774400
2020-08-13 00:00:00-04:00,309.98883457222433,311.4991469565095,309.270522807618,310.1914367675781,41816100
2020-08-14 00:00:00-04:00,309.80472777793506,310.734860048338,309.0771977415584,310.2007141113281,47260400
2020-08-17 00:00:00-04:00,311.2137835316429,311.58214363407274,310.2099903082899,311.1861572265625,35481000
2020-08-18 00:00:00-04:00,311.58207682428633,312.281980541681,309.98888529540005,311.8583679199219,38733900
2020-08-19 00:00:00-04:00,312.2359484919656,312.7516581960092,309.99813372934017,310.5599060058594,68054200
2020-08-20 00:00:00-04:00,308.8377736301808,312.0057207368476,308.7088602558769,311.52685546875,42207800
2020-08-21 00:00:00-04:00,311.1953341258538,312.85296841916903,310.85457226958493,312.6319580078125,55106600
2020-08-24 00:00:00-04:00,315.06311760311377,315.87352648257695,312.6042927708127,315.79986572265625,48588700
2020-08-25 00:00:00-04:00,316.3616627587458,316.9878776871024,315.2013018413242,316.9049987792969,38463400
2020-08-26 00:00:00-04:00,317.49438668215004,320.3491982017806,316.95105067989545,320.0821533203125,50790200
2020-08-27 00:00:00-04:00,320.94779884525434,322.2278548973866,319.1243787139967,320.7820129394531,58034100
2020-08-28 00:00:00-04:00,321.8041766053933,322.98294535067055,320.6161897272106,322.85400390625,48588900
2020-08-31 00:00:00-04:00,322.64223722364346,323.517088692937,321.4542502514148,321.6844787597656,66099200
2020-09-01 00:00:00-04:00,322.5132963995055,324.81558148751446,321.6200086611954,324.71429443359375,54908700
2020-09-02 00:00:00-04:00,326.6206419236981,330.37795938167653,325.4786892390397,329.4110107421875,69540000
2020-09-03 00:00:00-04:00,327.7257482737778,328.19542353260755,315.49600820932886,318.0745849609375,148011100
2020-09-04 00:00:00-04:00,318.7560217314167,320.32155893623025,308.3865193279406,315.4775695800781,139156300
2020-09-08 00:00:00-04:00,310.0810183653904,315.54206103531834,306.5539292774732,306.8578186035156,114465300
2020-09-09 00:00:00-04:00,310.8545829924272,315.37627517454166,309.98892137932586,312.9174499511719,91462300
2020-09-10 00:00:00-04:00,314.7869755047928,315.4408168774141,306.526371988214,307.484130859375,90569500
2020-09-11 00:00:00-04:00,309.2614738195936,310.32051973572015,304.822659763259,307.6406555175781,84680200
2020-09-14 00:00:00-04:00,310.79936944297793,313.4608253569491,307.78798968967357,311.6926574707031,65605700
2020-09-15 00:00:00-04:00,314.1422160421619,314.97103311859536,311.70179927663685,313.2673645019531,52920900
2020-09-16 00:00:00-04:00,314.50136995908423,315.9287755119788,311.7478178059842,312.02410888671875,82096000
2020-09-17 00:00:00-04:00,307.1801021515254,310.99269998077335,306.6551743743273,309.27978515625,91523300
2020-09-18 00:00:00-04:00,310.0833240814501,310.1942716478776,303.2412847248806,305.7192077636719,105877900
2020-09-21 00:00:00-04:00,301.142417821237,302.4645898682485,297.4717524188794,302.316650390625,99450800
2020-09-22 00:00:00-04:00,303.7960278580259,305.9503348545205,301.2903399000604,305.39556884765625,63612100
2020-09-23 00:00:00-04:00,305.9503223752341,306.22771947563723,297.8138486616711,298.3131408691406,93112200
2020-09-24 00:00:00-04:00,297.0002185553226,302.1594777085532,295.68727323191223,299.1083068847656,76681300
2020-09-25 00:00:00-04:00,298.25762343564503,304.7298270780176,297.38852490576954,303.9439392089844,71069400
2020-09-28 00:00:00-04:00,308.0953544774506,309.70415018624124,307.1060252515909,308.9922180175781,64584600
2020-09-29 00:00:00-04:00,308.788814611231,309.5284836874694,306.6159979020015,307.3094482421875,51304000
2020-09-30 00:00:00-04:00,307.9752586146386,312.7831937729049,307.78110035892524,309.6395568847656,104081100
2020-10-01 00:00:00-04:00,312.2284262441201,313.19924573478903,309.75050303213476,311.62744140625,88698700
2020-10-02 00:00:00-04:00,306.68997933659404,311.59960544931795,306.21842407966096,308.6686096191406,89431100
2020-10-05 00:00:00-04:00,310.7213002044158,314.3272371892056,310.6750814573515,314.142333984375,45713100
2020-10-06 00:00:00-04:00,314.28103543468586,316.37064209992303,309.16799456037955,309.676513671875,90128900
2020-10-07 00:00:00-04:00,312.6259052380061,315.87126190492677,312.598168352672,315.0668640136719,56999600
2020-10-08 00:00:00-04:00,316.99932011187576,317.9239207082548,316.08394633419226,317.85919189453125,45242500
2020-10-09 00:00:00-04:00,319.50501111946494,321.16005424971684,318.8855444605007,320.69775390625,59528600
2020-10-12 00:00:00-04:00,323.23107167134015,327.3270449402805,322.74103455582997,325.85693359375,80388500
2020-10-13 00:00:00-04:00,325.7183547415233,325.89403114332345,322.76887605855313,323.73046875,73255500
2020-10-14 00:00:00-04:00,324.30363883511666,325.39466069842285,320.96584443553525,321.6962585449219,57727900
2020-10-15 00:00:00-04:00,317.7944619067174,321.7794882050628,317.25820597808996,321.2987060546875,60357700
2020-10-16 00:00:00-04:00,322.64849778025103,324.3035401409086,320.92875484618986,321.10443115234375,89501900
2020-10-19 00:00:00-04:00,322.3620205940744,322.99074228284945,315.325822981665,316.2226867675781,68425600
2020-10-20 00:00:00-04:00,317.5633049958053,320.7254513716909,316.8051539703146,317.4893493652344,60051900
2020-10-21 00:00:00-04:00,317.44313504454004,319.60672543903087,316.583263194965,316.8883972167969,63575000
2020-10-22 00:00:00-04:00,317.1010016263074,319.20908978421284,314.96517658013624,318.6265869140625,55399300
2020-10-23 00:00:00-04:00,319.8470889921267,319.9025627725712,317.25821851614603,319.7084045410156,49143900
2020-10-26 00:00:00-04:00,316.333536423992,317.11945239999403,310.3143788466837,313.8001403808594,91473000
2020-10-27 00:00:00-04:00,314.142337779827,314.4751804824875,312.5057765086921,312.71844482421875,65994100
2020-10-28 00:00:00-04:00,307.0597966652632,312.74608344828266,301.5399311812828,302.02996826171875,127094300
2020-10-29 00:00:00-04:00,302.26110998803335,308.26175735299205,300.5783305446324,305.0996398925781,90597700
2020-10-30 00:00:00-04:00,303.52780192819796,304.8314918083679,298.27607870942455,301.91900634765625,120287300
2020-11-02 00:00:00-05:00,305.3031005859375,307.30021286282704,302.56626275236454,305.3031005859375,86068300
2020-11-03 00:00:00-05:00,308.5300107397287,312.7461876866935,305.38637399387943,310.6935729980469,93294200
2020-11-04 00:00:00-05:00,315.1592566885133,321.70544286251004,313.9850244208607,317.63720703125,126959700
2020-11-05 00:00:00-05:00,322.907491721787,325.63507467035436,322.55613899305547,323.83209228515625,82039700
2020-11-06 00:00:00-05:00,323.5454189031764,325.00630337123437,321.43733106964845,323.7580871582031,74973000
2020-11-09 00:00:00-05:00,336.52688050400957,336.90597013486416,327.3640851994297,327.8263854980469,172304200
2020-11-10 00:00:00-05:00,326.8369728905607,328.3995497594577,324.08168187076836,327.34552001953125,85552000
2020-11-11 00:00:00-05:00,329.52768350264563,330.6002236995473,328.28872195189047,329.77734375,58649000
2020-11-12 00:00:00-05:00,328.76945432758134,329.8235125087104,324.7752013576145,326.5781555175781,67546200
2020-11-13 00:00:00-05:00,328.48282147525566,331.8391259274995,327.96504743366876,331.0994567871094,62892200
2020-11-16 00:00:00-05:00,333.7622800304141,335.42654955095253,332.47707186315154,335.2323913574219,74541100
2020-11-17 00:00:00-05:00,332.8284586496354,334.63144099542336,331.3213552496351,333.429443359375,66111000
2020-11-18 00:00:00-05:00,333.6976230414402,334.24313403742127,329.3797256027603,329.4167175292969,70591300
2020-11-19 00:00:00-05:00,328.7878754134838,331.17333179461673,327.4471936792584,330.8034973144531,59940900
2020-11-20 00:00:00-05:00,330.5447565683479,330.7481698548991,328.46440495358206,328.5383605957031,70417300
2020-11-23 00:00:00-05:00,330.34129961206247,331.7651924296882,328.1130087910506,330.5077209472656,63230600
2020-11-24 00:00:00-05:00,333.05037819016013,336.3789460330993,332.19976142931375,335.83343505859375,62415900
2020-11-25 00:00:00-05:00,335.7502372606201,335.7779741513508,334.2246518372895,335.315673828125,45330900
2020-11-27 00:00:00-05:00,336.4067085508926,336.721069396595,335.2417026629686,336.2495422363281,28514100
2020-11-30 00:00:00-05:00,335.47282708749947,335.74096916518056,332.08881368370197,334.7608947753906,83872700
2020-12-01 00:00:00-05:00,338.00624890506265,339.95714263167446,337.41449097572354,338.42230224609375,74231400
2020-12-02 00:00:00-05:00,337.3127522431998,339.2913825881508,336.7395044630417,339.13421630859375,45927000
2020-12-03 00:00:00-05:00,339.0324624961436,340.42861810719086,337.94144081350913,339.0417175292969,62882000
2020-12-04 00:00:00-05:00,339.62423252861316,341.9634704589844,339.53176684344106,341.9634704589844,50749900
2020-12-07 00:00:00-05:00,341.1960744141505,341.75084037057263,339.99410502237635,341.26080322265625,48944300
2020-12-08 00:00:00-05:00,339.99411677063375,342.8233922079248,339.9478980295718,342.2593994140625,42458900
2020-12-09 00:00:00-05:00,342.9158669849853,343.0730332820125,338.3575929060704,339.1897277832031,74098300
2020-12-10 00:00:00-05:00,337.82132486772645,340.12357138803657,336.95219802540623,339.07879638671875,57735400
2020-12-11 00:00:00-05:00,337.38668688428726,339.0879482674164,335.870356871384,338.6811218261719,57698600
2020-12-14 00:00:00-05:00,340.8447147774003,341.91722644158915,336.98911858351033,337.164794921875,69216200
2020-12-15 00:00:00-05:00,339.69817587761173,341.7230529785156,338.3297853661233,341.7230529785156,63865300
2020-12-16 00:00:00-05:00,341.93578357691985,343.17474493301853,341.05740176418556,342.2593994140625,58420500
2020-12-17 00:00:00-05:00,343.8959404400441,344.3767225815223,343.07303238358134,344.1733093261719,64119500
2020-12-18 00:00:00-05:00,344.4612007715748,344.6283315180656,340.79344881476123,342.7991027832031,136542300
2020-12-21 00:00:00-05:00,338.8898024257544,351.41581856396346,336.15988806795247,341.5732727050781,96386700
2020-12-22 00:00:00-05:00,341.8983367429737,342.0097572148125,339.87412260631737,340.9976501464844,47949000
2020-12-23 00:00:00-05:00,341.96330324011194,343.2075455979744,340.9790513997604,341.3040466308594,46201400
2020-12-24 00:00:00-05:00,341.77762611632846,342.6597520909689,341.1926686317637,342.63189697265625,26457900
2020-12-28 00:00:00-05:00,345.1761449139129,345.9654111690172,344.5540377310399,345.575439453125,39000400
2020-12-29 00:00:00-05:00,347.09821664709926,347.27464186044676,344.3311518128284,344.9161376953125,53680500
2020-12-30 00:00:00-05:00,345.7332289197448,346.4389297116673,345.0182619794542,345.4082336425781,49455300
2020-12-31 00:00:00-05:00,345.2132645868987,347.8874694685123,344.7025779385661,347.1632080078125,78520700
2021-01-04 00:00:00-05:00,348.4910332362678,348.6210426946345,338.7506384714175,342.43695068359375,110210800
2021-01-05 00:00:00-05:00,341.79620806023695,345.88178590422,341.74976397277425,344.7953796386719,66426200
2021-01-06 00:00:00-05:00,343.2911234562188,350.0416393473608,342.743287286381,346.8567199707031,107997700
2021-01-07 00:00:00-05:00,349.22459781978796,352.75304553896814,349.0481726001441,352.0102233886719,68766800
2021-01-08 00:00:00-05:00,353.3937031789076,354.2293850911422,350.1531015213458,354.0158386230469,71677200
2021-01-11 00:00:00-05:00,350.84954484541544,353.3844459686813,350.72882987062206,351.6295166015625,51034700
2021-01-12 00:00:00-05:00,351.8151841603632,352.71584242095815,349.4659464169587,351.7037353515625,52547700
2021-01-13 00:00:00-05:00,351.62950774382404,353.64442764556827,350.8495360073249,352.6509094238281,45303600
2021-01-14 00:00:00-05:00,353.39375334288167,353.8951738961369,351.08169311224,351.41595458984375,49989100
2021-01-15 00:00:00-05:00,349.80031300572944,350.5988454547158,346.9961266104406,348.85321044921875,107160000
2021-01-19 00:00:00-05:00,351.3044700083426,352.13088573862603,349.82809207789774,351.5923156738281,51233300
2021-01-20 00:00:00-05:00,353.87657321374,357.2936287805517,353.4866015027723,356.45794677734375,61836100
2021-01-21 00:00:00-05:00,357.01500286554875,357.4421524664681,355.86362018115483,356.7828674316406,47840100
2021-01-22 00:00:00-05:00,354.9350642448892,356.6807271719311,354.5543587480902,355.5200500488281,52860500
2021-01-25 00:00:00-05:00,356.25362897614195,357.2750022410849,351.415906011499,356.92218017578125,70402000
2021-01-26 00:00:00-05:00,357.8693456849632,358.2779063977357,356.1329768241054,356.3651123046875,42665300
2021-01-27 00:00:00-05:00,353.0500670240874,353.14292684586337,345.42674888149446,347.6552429199219,123351100
2021-01-28 00:00:00-05:00,349.46599738570745,354.6379822958076,349.02960991918064,350.645263671875,94198100
2021-01-29 00:00:00-05:00,348.7881167338835,349.75380801800657,341.9540352154757,343.62542724609375,126765100
2021-02-01 00:00:00-05:00,347.01474825402323,350.3760660592476,343.91342109846113,349.34539794921875,75817600
2021-02-02 00:00:00-05:00,352.5208108168436,355.8357111112943,349.4287797742082,354.2850341796875,64450700
2021-02-03 00:00:00-05:00,355.1114653148641,356.2814368432758,353.2915316437675,354.5636291503906,52427100
2021-02-04 00:00:00-05:00,355.59436662167684,358.63998265068375,354.6751192898168,358.59356689453125,47142600
2021-02-05 00:00:00-05:00,360.4598874996903,360.71058354923707,358.54709392712255,360.0048828125,48669800
2021-02-08 00:00:00-05:00,361.4534777465929,362.6513046740329,360.59923510850524,362.6048889160156,38365200
2021-02-09 00:00:00-05:00,361.76918395765694,362.95774475328056,361.3606516052226,362.36346435546875,35551100
2021-02-10 00:00:00-05:00,364.09986093308623,364.24843104388964,359.81000170472225,362.20562744140625,59154400
2021-02-11 00:00:00-05:00,363.28271443963257,363.70056961850463,360.36710768462626,362.79058837890625,42913300
2021-02-12 00:00:00-05:00,361.99209312046787,364.8241347977366,361.9177938941386,364.5827331542969,50593300
2021-02-16 00:00:00-05:00,365.8083200461877,366.0033342269587,363.55197027023985,364.2669372558594,50972400
2021-02-17 00:00:00-05:00,362.52129645099154,364.6012209832248,361.5091609681263,364.35052490234375,52290600
2021-02-18 00:00:00-05:00,361.750669777265,363.54274901362083,360.0328614317489,362.7999267578125,59712800
2021-02-19 00:00:00-05:00,364.05341301185115,364.34125872083973,361.71346939446187,362.1591796875,83241000
2021-02-22 00:00:00-05:00,359.4013597570989,361.77842431901905,359.1042196026477,359.3735046386719,67414200
2021-02-23 00:00:00-05:00,357.1728812923066,361.15633342710237,353.0315929249602,359.8099365234375,107284100
2021-02-24 00:00:00-05:00,358.7235712258007,364.2019909749651,357.7393191021612,363.77484130859375,72433900
2021-02-25 00:00:00-05:00,362.51206472788135,363.87702252268934,353.5702012493284,355.0094299316406,146670500
2021-02-26 00:00:00-05:00,356.8850463128118,358.0271345906392,351.20237503364604,353.1801452636719,152701600
2021-03-01 00:00:00-05:00,358.03639956573255,362.9855428178806,353.3751303176071,361.74127197265625,105348800
2021-03-02 00:00:00-05:00,361.96410294439573,362.1962383505726,358.41706713717036,358.9184875488281,79595300
2021-03-03 00:00:00-05:00,358.22218274333903,359.18784590388924,354.0623048857202,354.1644592285156,119940200
2021-03-04 00:00:00-05:00,353.9787373865895,356.5600826850542,345.3061596092031,349.78173828125,183433000
2021-03-05 00:00:00-05:00,353.27300175449477,357.2657484566025,346.01182648724296,356.21649169921875,152039600
2021-03-08 00:00:00-05:00,357.17284694203045,359.97703262153334,354.1643809589317,354.44293212890625,123149200
2021-03-09 00:00:00-05:00,358.27788847962165,362.04776622878813,357.77646793232316,359.5035705566406,113633600
2021-03-10 00:00:00-05:00,361.84342629734385,363.4312247093334,360.4320530796693,361.74127197265625,109899400
2021-03-11 00:00:00-05:00,364.201964598063,367.3775617218999,363.7469598417814,365.4090576171875,86245000
2021-03-12 00:00:00-05:00,364.05339494438545,366.0404596864284,363.2455681020347,365.90118408203125,64653600
2021-03-15 00:00:00-04:00,366.15189953144346,368.34327305827475,364.01626458616573,368.0832824707031,73427200
2021-03-16 00:00:00-04:00,368.6960999272851,369.40177242737843,366.84828247321997,367.6189880371094,73722500
2021-03-17 00:00:00-04:00,366.33759873657715,369.6710604301495,365.1954821103504,368.8725280761719,97959300
2021-03-18 00:00:00-04:00,366.2911796002453,368.37110416522074,362.8277084837041,363.50555419921875,115349100
2021-03-19 00:00:00-04:00,363.205574280837,364.77995178052817,360.66234252833834,362.83294677734375,113624500
2021-03-22 00:00:00-04:00,363.3452527508921,367.10885537239466,363.2893600550484,365.7301025390625,73778600
2021-03-23 00:00:00-04:00,365.09671154896347,366.54065388487237,362.06906667782835,362.8515930175781,90686600
2021-03-24 00:00:00-04:00,364.2489379839986,365.87920816679144,360.9604512667513,361.00701904296875,97588600
2021-03-25 00:00:00-04:00,359.57244319585334,363.8297562145069,357.6347344917859,363.0379333496094,116128600
2021-03-26 00:00:00-04:00,364.18370331754596,369.28878794295866,363.587505033435,368.8882141113281,114409100
2021-03-29 00:00:00-04:00,367.4163152580118,369.60554090899944,365.93510175704296,368.701904296875,108107600
2021-03-30 00:00:00-04:00,367.4349664373488,368.39449575639236,366.1307275395253,367.7237548828125,76262200
2021-03-31 00:00:00-04:00,368.2920058783888,370.77001997622074,368.26405952663214,369.2142639160156,112734200
2021-04-01 00:00:00-04:00,371.1425953951237,373.257306623369,370.9376460344491,373.2013854980469,99682900
2021-04-05 00:00:00-04:00,375.8565503888312,379.0984701636254,375.7820362417883,378.5581359863281,91684800
2021-04-06 00:00:00-04:00,377.9991164320186,379.3778410378448,377.663731778131,378.33447265625,62021000
2021-04-07 00:00:00-04:00,378.16675464905626,379.11695894712534,377.710288137678,378.77227783203125,55836300
2021-04-08 00:00:00-04:00,380.0206514166771,380.626174688792,379.089068404298,380.5702819824219,57863100
2021-04-09 00:00:00-04:00,380.44924276681104,383.5048342531352,380.3281324128653,383.3371276855469,61104600
2021-04-12 00:00:00-04:00,382.74087863290447,383.7469757570129,382.135355372954,383.4768371582031,56704900
2021-04-13 00:00:00-04:00,383.37444066667837,385.23760710316594,382.9924881356388,384.6134338378906,56551000
2021-04-14 00:00:00-04:00,384.58539585907903,385.63808919365846,382.7595011466084,383.2998352050781,61659900
2021-04-15 00:00:00-04:00,385.433112724498,387.687555926274,385.38654494981597,387.4173889160156,60229800
2021-04-16 00:00:00-04:00,388.70301638087244,389.3178645876654,387.28702042046496,388.71234130859375,82037300
2021-04-19 00:00:00-04:00,387.78079162080644,388.227933315343,385.4797802188034,386.8026123046875,78498500
2021-04-20 00:00:00-04:00,385.59158768451925,386.6908489859736,382.4987247820928,383.97064208984375,81851800
2021-04-21 00:00:00-04:00,383.3557735882246,387.8087397039986,383.21601337839934,387.6037902832031,66793000
2021-04-22 00:00:00-04:00,387.43604432459205,388.2651383615414,383.0017004125384,384.0636901855469,97582800
2021-04-23 00:00:00-04:00,384.6226532391619,389.6345741269456,384.54813911119874,388.2278747558594,73209200
2021-04-26 00:00:00-04:00,388.8799463969704,389.60657988132425,388.2930446539053,389.0382995605469,52182400
2021-04-27 00:00:00-04:00,389.3364201598553,389.5320730309627,387.81793554032805,388.9544677734375,51303100
2021-04-28 00:00:00-04:00,389.2246648182536,390.342575715046,388.3769209336228,388.84271240234375,51238900
2021-04-29 00:00:00-04:00,391.56289934262634,391.93552678623496,387.94835343735446,391.3206787109375,78544300
2021-04-30 00:00:00-04:00,389.05704160482367,389.9047856090629,387.85529148566474,388.7496032714844,85527000
2021-05-03 00:00:00-04:00,390.73387217038277,391.1158246327663,389.0943053331574,389.5880432128906,68128300
2021-05-04 00:00:00-04:00,387.6037329855272,388.09747082223015,383.5047736052085,387.18450927734375,101591200
2021-05-05 00:00:00-04:00,388.82405711429095,389.0569528283678,386.74661711005075,387.3055725097656,60162200
2021-05-06 00:00:00-04:00,387.38015025282107,390.52890537303807,385.3772524687335,390.39849853515625,74321400
2021-05-07 00:00:00-04:00,391.16233454379056,393.8918654572951,390.4822688320736,393.23974609375,67733800
2021-05-10 00:00:00-04:00,393.59381081117,393.81738162988034,389.2246843410474,389.3457946777344,81852400
2021-05-11 00:00:00-04:00,384.836989107153,386.85850853881635,382.00496848744234,385.87103271484375,116888000
2021-05-12 00:00:00-04:00,383.09494694764567,384.3618863785904,376.35959057471223,377.6731262207031,134811000
2021-05-13 00:00:00-04:00,379.2194656575238,384.1382223326197,379.17286945378146,382.2098388671875,106394000
2021-05-14 00:00:00-04:00,384.9393967974584,388.9265708311616,384.9114504451291,388.0788269042969,82201600
2021-05-17 00:00:00-04:00,386.9702267000928,387.9018095813703,385.0790861586322,387.09130859375,65129200
2021-05-18 00:00:00-04:00,387.3521831986254,387.59440386559174,383.597905008926,383.75628662109375,59810200
2021-05-19 00:00:00-04:00,379.0797721892408,382.9271861523255,377.5985301803542,382.75018310546875,106467100
2021-05-20 00:00:00-04:00,383.62587868681237,388.1254406224363,383.5047967743601,386.8677978515625,78022200
2021-05-21 00:00:00-04:00,388.3490656109407,389.5880871287696,386.0946502945075,386.5511169433594,76578700
2021-05-24 00:00:00-04:00,388.7867646935149,391.5628916889913,388.5445440665606,390.4915771484375,51376700
2021-05-25 00:00:00-04:00,391.5722490957163,391.9262551656702,389.0476672600288,389.625244140625,57451400
2021-05-26 00:00:00-04:00,390.21217056143115,390.90153289083105,389.1781270673312,390.39849853515625,43088600
2021-05-27 00:00:00-04:00,391.4231910374945,391.93555024942225,390.3239016330106,390.6033935546875,56707700
2021-05-28 00:00:00-04:00,392.1685199593985,392.4293620777178,391.0692587771713,391.3021545410156,58520200
2021-06-01 00:00:00-04:00,393.65904356804924,393.7987753351119,390.5196133395258,390.95745849609375,54216600
2021-06-02 00:00:00-04:00,391.60950638441597,392.41068247668926,390.6034093428114,391.5722351074219,49097100
2021-06-03 00:00:00-04:00,389.26197808041053,391.2555509981351,387.7993858877597,390.1190185546875,58138800
2021-06-04 00:00:00-04:00,391.9635773504691,393.985125124761,390.1842502722685,393.68701171875,55938800
2021-06-07 00:00:00-04:00,393.67768124837585,393.85468430384935,392.3734706525122,393.3050537109375,51555000
2021-06-08 00:00:00-04:00,394.162117490748,394.2552814880263,391.563021073544,393.388916015625,47134300
2021-06-09 00:00:00-04:00,394.2272923071258,394.3018348687151,392.57840061009364,392.8019714355469,48436300
2021-06-10 00:00:00-04:00,394.0223453765083,395.5781015257895,392.7088099094243,394.62786865234375,51020100
2021-06-11 00:00:00-04:00,395.17753829078254,395.3917841957337,393.8919491424424,395.2799987792969,45570800
2021-06-14 00:00:00-04:00,395.3918091672138,396.2674995574854,394.1528161505777,396.1650390625,42358500
2021-06-15 00:00:00-04:00,396.31407535492747,396.3513182077345,394.5626946646038,395.4383850097656,51508500
2021-06-16 00:00:00-04:00,395.5781066988787,395.8016775286566,391.19035858653814,393.2304992675781,80386100
2021-06-17 00:00:00-04:00,392.8205731235447,394.07818729216916,390.63134762723126,393.10003662109375,90949700
2021-06-18 00:00:00-04:00,389.82512979232945,390.5167474088944,387.5913771677302,387.7969970703125,118676300
2021-06-21 00:00:00-04:00,389.55403474074245,393.53557034735695,388.7409106571749,393.3486328125,72822000
2021-06-22 00:00:00-04:00,393.33932268734105,396.28340358966534,392.6196388178262,395.4515686035156,57700300
2021-06-23 00:00:00-04:00,395.5264348867474,396.33020373335535,394.8908927490569,394.9750061035156,49445400
2021-06-24 00:00:00-04:00,397.115289475811,397.7321206963649,396.86292090837077,397.3115539550781,45110300
2021-06-25 00:00:00-04:00,398.0591985278256,399.17141131218983,397.73207208724824,398.7227783203125,58129500
2021-06-28 00:00:00-04:00,399.2462335097463,399.69483801915226,398.04990728021846,399.526611328125,53159600
2021-06-29 00:00:00-04:00,399.9097427746152,400.5452847325405,399.2087698297282,399.74151611328125,35970500
2021-06-30 00:00:00-04:00,399.2835611544407,400.75093815402226,399.25552337520446,400.0780029296875,64827900
2021-07-01 00:00:00-04:00,400.83506919032,402.4519905914438,400.76963819499144,402.2930908203125,53441000
2021-07-02 00:00:00-04:00,403.4520300284134,405.7231756894549,402.37718195001327,405.3680114746094,57697700
2021-07-06 00:00:00-04:00,405.4241415803903,405.6391169295271,401.9005937821132,404.62969970703125,68710400
2021-07-07 00:00:00-04:00,405.3120600691236,406.34015981579034,403.3026092367635,406.05975341796875,63549500
2021-07-08 00:00:00-04:00,400.7510054866028,403.5081778396305,399.57336151548776,402.7511291503906,97595200
2021-07-09 00:00:00-04:00,404.25584763381096,407.349473214676,402.55481277928465,407.0503845214844,76238600
2021-07-12 00:00:00-04:00,406.9662877159468,408.76079142536776,406.53636552867664,408.5084228515625,52889600
2021-07-13 00:00:00-04:00,407.72328794262097,409.2187027689948,406.85408823599073,407.11578369140625,52911300
2021-07-14 00:00:00-04:00,408.8075333770508,409.29355967985066,406.48031165768174,407.7233581542969,64130400
2021-07-15 00:00:00-04:00,406.38679455738685,407.05972983900836,404.43341971053184,406.3307189941406,55126400
2021-07-16 00:00:00-04:00,407.50829208648764,407.55501220685557,402.75102581295585,403.1435546875,75874700
2021-07-19 00:00:00-04:00,398.33022241023,403.20899534087897,394.38608009064285,397.1899719238281,147987000
2021-07-20 00:00:00-04:00,397.85357937142714,404.15300952398457,397.05913759218004,402.88189697265625,99608200
2021-07-21 00:00:00-04:00,404.0782727663207,406.28401626491234,402.83522636423976,406.143798828125,64724400
2021-07-22 00:00:00-04:00,406.3213274734552,407.23727579624176,405.33997668113454,406.9942626953125,47878500
2021-07-23 00:00:00-04:00,408.9196688873081,411.51794144372303,408.23740663856285,411.1814880371094,63766600
2021-07-26 00:00:00-04:00,410.59261588453984,412.20018185039044,410.5458957579973,412.1908264160156,43719200
2021-07-27 00:00:00-04:00,411.1533566719681,411.18139444947093,407.489592116502,410.31219482421875,67397100
2021-07-28 00:00:00-04:00,410.93839316496434,411.51785959844165,408.72332311063053,410.1439514160156,52472400
2021-07-29 00:00:00-04:00,411.06927031045103,412.91982079238494,411.05991487644866,411.8450012207031,47435300
2021-07-30 00:00:00-04:00,409.28415602981516,411.29360644207577,409.1532940336554,409.8449401855469,68951200
2021-08-02 00:00:00-04:00,411.5553115323718,412.10674026622047,408.62991264660883,408.9850769042969,58783300
2021-08-03 00:00:00-04:00,409.7795060797524,412.43385397257424,407.5924735593852,412.3123474121094,58053900
2021-08-04 00:00:00-04:00,411.0319033838049,412.2843051456388,410.0505525213927,410.2842102050781,46732200
2021-08-05 00:00:00-04:00,411.4431070974712,412.96655962509095,411.1253360982536,412.8824462890625,38969700
2021-08-06 00:00:00-04:00,413.2002671340216,413.9853535543252,412.9198607907698,413.56475830078125,46930000
2021-08-09 00:00:00-04:00,413.5366870620658,413.85445807390835,412.46186747322616,413.228271484375,41222600
2021-08-10 00:00:00-04:00,413.6768480634151,414.45260745639985,412.99458596031207,413.7422790527344,43339300
2021-08-11 00:00:00-04:00,414.8077789542653,414.86385451105014,413.6862107732414,414.7703857421875,44034300
2021-08-12 00:00:00-04:00,414.6208676326382,416.1536756754447,413.7236301446858,416.0134582519531,38909400
2021-08-13 00:00:00-04:00,416.4620942233985,416.7892206760995,415.9760965228515,416.7705383300781,39470300
2021-08-16 00:00:00-04:00,415.47148191493113,417.8828171396479,413.91999116430753,417.7519836425781,73740000
2021-08-17 00:00:00-04:00,415.2003367624512,415.87327201338974,412.0319534928369,415.013427734375,92673900
2021-08-18 00:00:00-04:00,414.004033503329,415.5648794226537,410.2281457688839,410.47113037109375,89351900
2021-08-19 00:00:00-04:00,407.7512775027748,412.30295243814317,407.61108861871384,411.1065979003906,92812200
2021-08-20 00:00:00-04:00,411.4524984131377,414.7049951138694,410.96647217681397,414.37786865234375,72008700
2021-08-23 00:00:00-04:00,416.06015823361497,418.9294809997778,414.4525924726287,418.02288818359375,54973000
2021-08-24 00:00:00-04:00,418.6864929199219,419.2192392352231,418.17245747210313,418.6864929199219,38744700
2021-08-25 00:00:00-04:00,418.8735372999682,420.0791906082296,418.49966212692135,419.5651550292969,40529700
2021-08-26 00:00:00-04:00,419.2847079423929,419.5183656415265,416.99487960448477,417.0883483886719,57829600
2021-08-27 00:00:00-04:00,417.89207569885787,421.1913209422029,417.8360001384459,420.8174743652344,77235100
2021-08-30 00:00:00-04:00,421.4904164695936,423.4531466839395,421.2474033554113,422.6680603027344,48357400
2021-08-31 00:00:00-04:00,422.57455539172196,422.91100873089704,421.4436603048322,422.04180908203125,59300200
2021-09-01 00:00:00-04:00,422.9764722664043,423.4905077483613,422.03248612109024,422.2661437988281,48721400
2021-09-02 00:00:00-04:00,423.686814177093,424.36907636322894,422.3689814101181,423.5653076171875,42501000
2021-09-03 00:00:00-04:00,422.4343619875005,423.97649682090514,422.03244913978364,423.4624328613281,47170500
2021-09-07 00:00:00-04:00,423.1166526229062,423.21012139664674,421.27542901861193,421.9483642578125,51671500
2021-09-08 00:00:00-04:00,421.4156133100836,422.14462405168274,419.51828577257527,421.4342956542969,56181900
2021-09-09 00:00:00-04:00,421.23805907529504,422.98581388405796,419.38748005990004,419.6304931640625,57970400
2021-09-10 00:00:00-04:00,421.55586791625456,421.97643464658915,416.2004233686548,416.3219299316406,89948200
2021-09-13 00:00:00-04:00,419.31275573342043,419.57445120398825,415.07885103030503,417.38739013671875,83738600
2021-09-14 00:00:00-04:00,418.8266922544094,419.03231214319595,414.2470076652523,415.1349182128906,78197100
2021-09-15 00:00:00-04:00,415.5555116773011,419.0977701394543,414.4526542585058,418.6024169921875,78792200
2021-09-16 00:00:00-04:00,418.0790622084627,419.05105771787464,414.99476341128366,417.9388732910156,77786700
2021-09-17 00:00:00-04:00,417.1681649070518,417.59007902636665,413.5114041887088,413.8677062988281,118425000
2021-09-20 00:00:00-04:00,407.75427620029495,409.3294789915099,402.10975661071774,406.9666748046875,166445500
2021-09-21 00:00:00-04:00,409.30141250201683,410.59533949300106,406.0572382327374,406.5823059082031,92526100
2021-09-22 00:00:00-04:00,408.8514237643601,412.5831820579313,406.69489742536064,410.54852294921875,102350100
2021-09-23 00:00:00-04:00,412.41443344556274,417.14007227646357,412.18002715493935,415.5367126464844,76396000
2021-09-24 00:00:00-04:00,413.9051954031547,416.9337345501658,413.6895313452658,416.22113037109375,62094800
2021-09-27 00:00:00-04:00,415.1897757538297,416.3524217423701,414.3365334637065,415.0303955078125,61371100
2021-09-28 00:00:00-04:00,412.2643090052773,412.5924834545763,405.9353407086728,406.66668701171875,130436300
2021-09-29 00:00:00-04:00,408.0449990691309,409.77961092728947,406.78858508585967,407.3511657714844,82329200
2021-09-30 00:00:00-04:00,408.8232109595568,409.52642965582174,402.0348156347722,402.37237548828125,140506000
2021-10-01 00:00:00-04:00,404.0976283486504,408.8326231008619,400.58153463739126,407.1542663574219,129240100
2021-10-04 00:00:00-04:00,405.9915954205408,406.8917073430287,399.7657521393978,401.903564453125,128570000
2021-10-05 00:00:00-04:00,403.4037961536202,408.32632771246665,402.60683774485324,406.0854187011719,90682500
2021-10-06 00:00:00-04:00,402.49420829771526,407.9793193826561,400.8721356232664,407.7730407714844,113032200
2021-10-07 00:00:00-04:00,411.04546603542565,414.1302318975777,410.867314983928,411.2986145019531,72437500
2021-10-08 00:00:00-04:00,412.06749968548957,412.45192941991166,409.92033014017494,410.54852294921875,74557400
2021-10-11 00:00:00-04:00,409.89216791478833,412.79881127574237,407.5105922896659,407.57623291015625,65233300
2021-10-12 00:00:00-04:00,408.49511604042164,408.89828794249456,405.785365924999,406.5729675292969,71181200
2021-10-13 00:00:00-04:00,407.594929147859,408.8513431322092,404.6226741156243,408.0356140136719,72974000
2021-10-14 00:00:00-04:00,411.6923881563111,415.04910180856405,411.2235756383798,414.8990783691406,70236800
2021-10-15 00:00:00-04:00,417.00870250976914,418.42452536112467,416.3898666001841,418.058837890625,66260200
2021-10-18 00:00:00-04:00,416.27735526871015,419.6340400404351,415.621006350095,419.2965087890625,62213200
2021-10-19 00:00:00-04:00,420.91859501540216,422.59692303340495,420.30911592133424,422.53131103515625,46996800
2021-10-20 00:00:00-04:00,422.99075914645675,424.4909648278342,422.878248727811,424.19091796875,49571600
2021-10-21 00:00:00-04:00,423.59081795122904,425.5223230800388,423.15951848148666,425.29730224609375,41305400
2021-10-22 00:00:00-04:00,424.86601382430814,426.30996431243693,422.91573783259383,424.85662841796875,58845100
2021-10-25 00:00:00-04:00,425.94423644921017,427.4631842019091,424.1721402757418,427.135009765625,45214500
2021-10-26 00:00:00-04:00,428.68214462677764,429.8916602272119,427.144425952367,427.51947021484375,56075100
2021-10-27 00:00:00-04:00,427.97890546543795,428.6446111455954,425.5504317463337,425.6254577636719,72438000
2021-10-28 00:00:00-04:00,427.050677407055,429.80729721502064,427.0413206145411,429.7322998046875,51437900
2021-10-29 00:00:00-04:00,427.43504092002377,430.8948789471614,427.1443795021593,430.6042175292969,70162400
2021-11-01 00:00:00-04:00,431.5887947913139,431.9638676988326,429.6198050970678,431.34503173828125,48433600
2021-11-02 00:00:00-04:00,431.51378609797507,433.398421537022,431.38250486096626,433.0889892578125,48908400
2021-11-03 00:00:00-04:00,432.5263425699782,436.1362040546767,432.085657735004,435.7330322265625,52509800
2021-11-04 00:00:00-04:00,436.33313266603705,437.87085131761023,435.9862160130472,437.7864685058594,52847100
2021-11-05 00:00:00-04:00,440.0086692059953,441.2932109079652,437.7958878886841,439.3054504394531,66390600
2021-11-08 00:00:00-05:00,440.4024399467041,440.8993800137787,438.99600255528054,439.6804504394531,50405200
2021-11-09 00:00:00-05:00,440.0461369788913,440.28054321030675,436.8207049454919,438.2271423339844,51149100
2021-11-10 00:00:00-05:00,436.53942763125457,438.2271697715408,433.220255788708,434.7016906738281,69429700
2021-11-11 00:00:00-05:00,436.1924978999976,436.2675239203641,434.8235734757579,434.8423156738281,34848500
2021-11-12 00:00:00-05:00,436.1081354103615,438.6772187538003,435.1611250038921,438.1240234375,53466700
2021-11-15 00:00:00-05:00,439.40862530276064,439.56800554034606,437.14894545673525,438.2740783691406,46980500
2021-11-16 00:00:00-05:00,438.0114907479462,441.14315465497026,437.9364933419403,440.0086364746094,48857500
2021-11-17 00:00:00-05:00,439.74616317118915,439.9243142257767,438.3209833485355,438.9398193359375,47858300
2021-11-18 00:00:00-05:00,439.97120828973823,440.69319795520033,437.2521011266173,440.4306640625,50625600
2021-11-19 00:00:00-05:00,440.31809847431913,441.5651558500262,439.2773483740664,439.6430358886719,57315600
2021-11-22 00:00:00-05:00,441.5181949166131,444.0028951339013,438.1989948186662,438.4052734375,72762000
2021-11-23 00:00:00-05:00,438.07713594296996,439.83987544998917,435.4799250989726,438.98663330078125,73206500
2021-11-24 00:00:00-05:00,436.9894839645097,440.28055671099236,436.17375483241744,440.1586608886719,61858800
2021-11-26 00:00:00-05:00,433.50149668510204,434.96418925297854,429.2165439866492,430.3417053222656,112669600
2021-11-29 00:00:00-05:00,435.1236348523177,437.4583119148909,432.92959581507233,435.6205749511719,86268800
2021-11-30 00:00:00-05:00,433.18277789277585,435.0861556207731,426.9006785426518,427.14447021484375,148559600
2021-12-01 00:00:00-05:00,432.8451797070104,435.68618205628803,422.2031311937479,422.4000244140625,131939200
2021-12-02 00:00:00-05:00,422.6157168413784,430.43550572803196,422.22190176024696,428.8696594238281,127637800
2021-12-03 00:00:00-05:00,430.5292522904625,431.58874442702455,420.9185967447433,425.1379089355469,137331600
2021-12-06 00:00:00-05:00,427.6788877462588,432.0482235973753,425.2691846744251,430.1729736328125,98977500
2021-12-07 00:00:00-05:00,435.4424103932935,439.633595102183,430.0416814760553,439.0710144042969,95484700
2021-12-08 00:00:00-05:00,439.46484235390875,440.68374339000826,437.7114595944113,440.2336730957031,72238800
2021-12-09 00:00:00-05:00,438.94912708653544,440.3368223530035,437.06452034105865,437.26141357421875,61272600
2021-12-10 00:00:00-05:00,439.9617388281514,441.52755637554407,437.4113979747184,441.3775329589844,77159800
2021-12-13 00:00:00-05:00,440.8619719048485,441.20888863236604,437.18646872385557,437.4677734375,87724700
2021-12-14 00:00:00-05:00,434.20470680540546,436.6894070406909,431.54185555192583,434.4578552246094,97264100
2021-12-15 00:00:00-05:00,434.5141971486355,441.49010093703475,432.00134036114184,441.246337890625,116899300
2021-12-16 00:00:00-05:00,443.09342361388826,443.37469964954175,435.8080595359977,437.35516357421875,116568600
2021-12-17 00:00:00-05:00,434.28123782567144,437.2827723193572,430.997439062657,432.70050048828125,135511600
2021-12-20 00:00:00-05:00,427.62890570329984,428.4945351603184,424.4862394814665,428.099365234375,107134800
2021-12-21 00:00:00-05:00,431.5148641473523,435.8430974441347,429.3507618562461,435.70196533203125,69806300
2021-12-22 00:00:00-05:00,435.44791327448115,440.17131633051764,435.25029960943573,440.05841064453125,58890200
2021-12-23 00:00:00-05:00,441.0558332086626,444.2925972471357,440.9523458894644,442.7965393066406,56439700
2021-12-27 00:00:00-05:00,444.17025861450196,449.11008378457836,444.12322414632985,449.06304931640625,56808600
2021-12-28 00:00:00-05:00,449.4958929694086,450.5214913868531,447.93396375035627,448.69610595703125,47274600
2021-12-29 00:00:00-05:00,448.7995600259367,450.28619942831625,447.802188171838,449.27001953125,54503000
2021-12-30 00:00:00-05:00,449.69343150623797,450.7002217741406,447.56697399413,448.02801513671875,55329000
2021-12-31 00:00:00-05:00,447.53874202831184,448.68663568101795,446.6260494189647,446.8988952636719,65237400
2022-01-03 00:00:00-05:00,448.15975083339737,449.61819265083415,445.8545162929149,449.4864501953125,72668200
2022-01-04 00:00:00-05:00,450.9072238974489,451.62233155714586,447.4822648058163,449.33587646484375,71178700
2022-01-05 00:00:00-05:00,448.9688781043653,449.7404385150584,440.613513448486,440.7076110839844,104538900
2022-01-06 00:00:00-05:00,440.2466667010779,443.0035528678846,437.9319849605687,440.293701171875,86858900
2022-01-07 00:00:00-05:00,440.3030723284207,441.479221117935,437.1980222953608,438.5529479980469,85111600
2022-01-10 00:00:00-05:00,435.36328278709937,438.2236562011222,429.62367048499374,438.00726318359375,119362000
2022-01-11 00:00:00-05:00,437.7438209696161,442.0908627934465,434.751676287286,441.99676513671875,74303100
2022-01-12 00:00:00-05:00,443.7280727675989,445.24296757937765,441.2346426828555,443.1917419433594,67605400
2022-01-13 00:00:00-05:00,444.2925567024861,444.9417931268879,436.0595152339108,437.0851135253906,91173100
2022-01-14 00:00:00-05:00,433.94241224020107,437.6119903971506,432.7286187563213,437.26385498046875,95890900
2022-01-18 00:00:00-05:00,432.5781593461344,432.7851627070061,428.4098944174529,429.5201721191406,109709100
2022-01-19 00:00:00-05:00,431.0632487949444,432.455790611051,424.7873060995941,425.0601806640625,109357600
2022-01-20 00:00:00-05:00,426.94202425230395,431.6372011815895,418.2385229314581,420.3555908203125,122379700
2022-01-21 00:00:00-05:00,419.2358518525332,421.58814926561837,412.0754723100945,412.10369873046875,202271200
2022-01-24 00:00:00-05:00,406.5052754832323,414.36195566976323,395.90112761933347,413.8538513183594,251783900
2022-01-25 00:00:00-05:00,407.47441758472695,413.7409421509055,401.9135823339121,408.8011169433594,167997300
2022-01-26 00:00:00-05:00,414.68182421507754,417.80568219701877,403.5225099061903,407.7754821777344,186391100
2022-01-27 00:00:00-05:00,412.3672026513168,415.50045053402,404.0777079047049,405.7619323730469,149878300
2022-01-28 00:00:00-05:00,407.11692430319016,415.88629839154174,402.54407064233396,415.8392639160156,164457400
2022-01-31 00:00:00-05:00,415.17107731403024,423.67699284659494,413.8255700778436,423.328857421875,152251400
2022-02-01 00:00:00-05:00,424.0534262540882,426.82914917104256,420.5343978995624,426.1893310546875,123155400
2022-02-02 00:00:00-05:00,428.5886396673794,431.05384305532795,426.2833764423959,430.329345703125,117361000
2022-02-03 00:00:00-05:00,424.30741975423217,426.2080657307745,419.3769848400867,420.21441650390625,118024400
2022-02-04 00:00:00-05:00,419.97923360740066,426.0293363499769,417.6080991681987,422.1903991699219,118454400
2022-02-07 00:00:00-05:00,422.95251700944823,424.3450587788941,419.5087499574974,420.83544921875,84472900
2022-02-08 00:00:00-05:00,420.33677354523064,425.2201456654425,418.91597660458353,424.29803466796875,81012000
2022-02-09 00:00:00-05:00,428.325239275932,430.82808779311625,428.12765428405766,430.5081787109375,92589900
2022-02-10 00:00:00-05:00,424.67438876665915,430.6680383540824,420.778998939607,422.77374267578125,140103700
2022-02-11 00:00:00-05:00,422.858431768966,424.9284364407401,413.00700821201644,414.43719482421875,153214600
2022-02-14 00:00:00-05:00,413.9291560964369,415.50989334254666,409.61973040303707,413.0823059082031,123006300
2022-02-15 00:00:00-05:00,417.5139841588956,419.91331604233613,416.9964614975675,419.74395751953125,88482700
2022-02-16 00:00:00-05:00,417.7021502270157,421.5881501559702,415.8297306709073,420.21441650390625,84863600
2022-02-17 00:00:00-05:00,417.0341013310905,420.1861855804149,410.6358639083822,411.238037109375,102259100
2022-02-18 00:00:00-05:00,411.4921744012356,412.7436129970205,406.3077292195654,408.5753479003906,132642900
2022-02-22 00:00:00-05:00,406.37358261467153,409.7702869392554,400.6998126141375,404.1906433105469,124391800
2022-02-23 00:00:00-05:00,407.0980794779474,407.6626367061376,396.45628627766916,397.0208435058594,132578000
2022-02-24 00:00:00-05:00,386.7365259239518,403.4284488931798,386.3790008159794,402.99560546875,213942900
2022-02-25 00:00:00-05:00,404.22817407311,411.9719473256861,402.5815659197891,411.88726806640625,121804500
2022-02-28 00:00:00-05:00,406.50529284633944,412.3107765451423,405.25388303089113,410.8335266113281,145615000
2022-03-01 00:00:00-05:00,409.3374336179091,411.34159579885494,401.8759236906789,404.5763854980469,137785900
2022-03-02 00:00:00-05:00,406.82512147422693,413.74088149381066,406.07239780068846,412.0190124511719,117726500
2022-03-03 00:00:00-05:00,414.4466183746847,415.04879163986294,408.17067562721684,409.96783447265625,105501700
2022-03-04 00:00:00-05:00,406.2418252656333,407.7661096277124,402.60047290853925,406.63702392578125,113978200
2022-03-07 00:00:00-05:00,406.0536235461076,406.7593128666358,394.5838174926232,394.6496887207031,137896600
2022-03-08 00:00:00-05:00,394.82845492231417,401.9700272063481,390.5943191141427,391.6575622558594,164772700
2022-03-09 00:00:00-05:00,400.0222969242245,404.13410814898197,397.83935806469975,402.1581726074219,116990800
2022-03-10 00:00:00-05:00,397.55708322285636,401.2360799371363,395.5999843486872,400.34222412109375,93972700
2022-03-11 00:00:00-05:00,402.8262482347944,403.43783985789673,394.7437572588801,395.2518615722656,95636300
2022-03-14 00:00:00-04:00,396.0234704863825,399.46720926881693,391.22477713105775,392.36328125,95729200
2022-03-15 00:00:00-04:00,394.9695806826798,401.62188528128036,393.69936293232934,400.9914855957031,106219100
2022-03-16 00:00:00-04:00,404.4917305799787,409.9396315604553,399.7024270341616,409.8831787109375,144954800
2022-03-17 00:00:00-04:00,407.9731146505722,415.0111999511719,407.5967527483876,415.0111999511719,102676900
2022-03-18 00:00:00-04:00,413.4028912886427,419.87763507524926,412.66669551110175,419.5567321777344,106345500
2022-03-21 00:00:00-04:00,419.3867810928451,421.38772166865976,415.93231566706595,419.4339904785156,88349800
2022-03-22 00:00:00-04:00,420.8214384644653,425.27637447242336,420.8214384644653,424.34197998046875,74650400
2022-03-23 00:00:00-04:00,421.8125003060186,423.303758234989,418.79219389310117,418.87713623046875,79426100
2022-03-24 00:00:00-04:00,420.8969665486931,425.200884406194,419.7832397355188,425.1914367675781,64736900
2022-03-25 00:00:00-04:00,425.8237756229709,427.5415750381884,423.2470765001447,427.2678527832031,77101300
2022-03-28 00:00:00-04:00,426.67326991890525,430.30706787109375,424.7855856636152,430.30706787109375,68529800
2022-03-29 00:00:00-04:00,434.18629362949696,436.1211874892994,431.50578514438973,435.63037109375,86581500
2022-03-30 00:00:00-04:00,434.4883159212036,435.30003519309184,430.83565120715195,432.9404296875,79666900
2022-03-31 00:00:00-04:00,432.1758375929519,432.996975544084,425.823770410925,426.2768249511719,121699900
2022-04-01 00:00:00-04:00,427.853038256275,427.99460880330986,423.91723302983837,427.4849548339844,89048800
2022-04-04 00:00:00-04:00,427.6832403411355,431.2509628688752,426.8621021980193,431.1471252441406,59601000
2022-04-05 00:00:00-04:00,429.6558116325977,432.119225743506,424.5590699380688,425.70111083984375,74214500
2022-04-06 00:00:00-04:00,421.7936733149173,423.7190907497015,418.5657201739074,421.4444274902344,106898000
2022-04-07 00:00:00-04:00,420.5665823101026,425.380182602623,418.62226996039726,423.5679931640625,78097200
2022-04-08 00:00:00-04:00,422.8129864370016,425.32361011547357,420.89698794603316,422.4354553222656,79272700
2022-04-11 00:00:00-04:00,419.1696679234195,420.00970115153353,414.71476121675994,415.2149963378906,89770500
2022-04-12 00:00:00-04:00,418.19758861647455,420.71765996000386,412.12869019333453,413.6766052246094,84363600
2022-04-13 00:00:00-04:00,413.4312476212873,419.16979621635505,413.25191527733693,418.41473388671875,74070400
2022-04-14 00:00:00-04:00,418.64113099890267,419.7548865120772,413.1007827575576,413.2046203613281,97869500
2022-04-18 00:00:00-04:00,412.2797123367979,415.05461073103595,411.1470901663332,413.37457275390625,66002500
2022-04-19 00:00:00-04:00,413.2707073837323,420.76481631207815,413.10082271070314,420.0475158691406,77821000
2022-04-20 00:00:00-04:00,421.8218734437516,422.43536497446013,418.5750547046313,419.7359619140625,65224400
2022-04-21 00:00:00-04:00,423.3510108398269,424.73846009934624,412.55345319655066,413.45953369140625,85417300
2022-04-22 00:00:00-04:00,412.37412370691203,413.4784030168014,401.54825187367607,402.11456298828125,132471800
2022-04-25 00:00:00-04:00,399.8775479777912,404.61562439113396,395.3187750428099,404.44573974609375,119647700
2022-04-26 00:00:00-04:00,401.9163240296101,402.11455163658286,392.70444345361744,392.7327575683594,103996300
2022-04-27 00:00:00-04:00,393.80869150273776,399.169736833569,391.70394193167726,393.8370056152344,122030000
2022-04-28 00:00:00-04:00,398.5751272035263,405.51237307337215,394.1485050200903,403.7851257324219,105449100
2022-04-29 00:00:00-04:00,399.80216617743,401.95412552190345,388.11739360908206,388.863037109375,145491100
2022-05-02 00:00:00-04:00,388.92904179526005,392.56283983474725,382.2749373532382,391.2037048339844,158312500
2022-05-03 00:00:00-04:00,391.7039805238848,395.4038260055901,390.14661777180356,392.9970397949219,100028200
2022-05-04 00:00:00-04:00,393.65766562044956,405.53121582781534,390.47692222902697,404.96490478515625,144247900
2022-05-05 00:00:00-04:00,400.7082377196595,401.1329782769947,386.44679436485006,390.5713806152344,172929100
2022-05-06 00:00:00-04:00,388.01350785652954,391.50570647733946,382.9450801949944,388.2400207519531,151770800
2022-05-09 00:00:00-04:00,382.3504814055953,383.5869123846669,374.23343271582064,375.8096618652344,155586100
2022-05-10 00:00:00-04:00,381.7747515433738,383.27545730002635,372.64781289944233,376.6780090332031,132497200
2022-05-11 00:00:00-04:00,375.71521640762944,381.34995466803645,369.9483264327751,370.6939697265625,142361000
2022-05-12 00:00:00-04:00,367.5037643543331,373.57266165703663,363.5207498600562,370.3069763183594,125090800
2022-05-13 00:00:00-04:00,374.43168009743755,380.5383410827449,373.3934477808123,379.16033935546875,104174400
2022-05-16 00:00:00-04:00,377.51798684544667,381.28390774009296,375.271637959596,377.6217956542969,78622400
2022-05-17 00:00:00-04:00,383.7001932426954,385.6256395203469,379.9720047899369,385.3896789550781,83029700
2022-05-18 00:00:00-04:00,380.84034133335325,381.12348248197793,368.6175728842904,369.85400390625,117674500
2022-05-19 00:00:00-04:00,366.79601254568104,372.0060407960963,365.3708013679359,367.5888366699219,98510700
2022-05-20 00:00:00-04:00,371.1659719805041,374.7336946022532,359.1697448163897,367.749267578125,131432200
2022-05-23 00:00:00-04:00,370.7695426186861,375.39439273940906,368.45714636210454,374.6298828125,76414900
2022-05-24 00:00:00-04:00,370.5146324408455,372.9591798912348,365.2291112058376,371.76995849609375,91448800
2022-05-25 00:00:00-04:00,370.27866600739725,377.0177119551158,369.88226848328026,375.05450439453125,91472900
2022-05-26 00:00:00-04:00,376.2815783765453,384.18153289436907,376.073931942696,382.5486755371094,82168300
2022-05-27 00:00:00-04:00,385.0027250950815,392.0532283938841,384.80452627248354,391.9399719238281,84768700
2022-05-31 00:00:00-04:00,390.3259612932842,393.07254576990726,387.0036468547426,389.74078369140625,95937000
2022-06-01 00:00:00-04:00,391.8549424707136,392.86483164009155,384.0776638781302,386.5882873535156,86585800
2022-06-02 00:00:00-04:00,386.4278338799512,393.9974369297573,384.1814851394755,393.95025634765625,79609600
2022-06-03 00:00:00-04:00,389.240487364167,390.7884022780611,386.51279859544996,387.4849548339844,71874300
2022-06-06 00:00:00-04:00,391.48678171831267,393.21399989631647,387.4943197082246,388.6647033691406,57508900
2022-06-07 00:00:00-04:00,385.18194504153405,392.84593785258215,384.7194428520581,392.39288330078125,59272400
2022-06-08 00:00:00-04:00,390.6846048993001,392.4684805286195,387.33397652533813,388.1268005371094,64350000
2022-06-09 00:00:00-04:00,386.352312221375,388.6175274447086,378.8959655761719,378.8959655761719,86289800
2022-06-10 00:00:00-04:00,372.70440234363315,373.55385453962793,367.86248738155257,367.90966796875,132893900
2022-06-13 00:00:00-04:00,358.5184668650851,360.3683895194282,352.3362831480851,353.9408264160156,170004900
2022-06-14 00:00:00-04:00,355.68695837561785,356.7157429736958,349.77849666174114,352.8742980957031,104011800
2022-06-15 00:00:00-04:00,356.1683036625761,362.3410401471121,351.2225794060758,357.9049987792969,125666800
2022-06-16 00:00:00-04:00,349.702968623294,350.10881384000515,343.63404163139757,346.0597229003906,134473300
2022-06-17 00:00:00-04:00,346.4739460122469,350.1423885814665,343.30789944734585,346.8056945800781,111113900
2022-06-21 00:00:00-04:00,352.5216653163301,356.91999511391333,352.4458155848116,355.5360412597656,76811900
2022-06-22 00:00:00-04:00,351.3178660517575,358.9960185982588,350.9007792220965,354.89154052734375,90059400
2022-06-23 00:00:00-04:00,357.0243321478926,359.1002487608876,353.46963484148904,358.370361328125,79292100
2022-06-24 00:00:00-04:00,361.53644062032527,369.7738622299875,361.5080041964566,369.7643737792969,98050300
2022-06-27 00:00:00-04:00,370.68380190795756,370.9776545538821,367.2618273862305,368.3519287109375,66009600
2022-06-28 00:00:00-04:00,369.9065529188097,372.68394948048416,360.71172428504013,360.8254699707031,86548900
2022-06-29 00:00:00-04:00,361.3752782573753,362.36109348225904,358.7116273894593,360.5316162109375,65676000
2022-06-30 00:00:00-04:00,356.6451313576215,360.8349471944622,353.1567954408799,357.6025390625,112508300
2022-07-01 00:00:00-04:00,356.9484798436387,361.82079880218214,354.33221338787916,361.3847351074219,74839700
2022-07-05 00:00:00-04:00,356.3038638558327,362.08617660456315,353.47905430233544,362.06719970703125,81438000
2022-07-06 00:00:00-04:00,362.2094276989218,365.7736135029027,359.8301699411462,363.2900695800781,70426200
2022-07-07 00:00:00-04:00,365.0626968664323,369.52738892243804,363.3090402764563,368.73114013671875,64525900
2022-07-08 00:00:00-04:00,367.10068528955685,370.29519752923926,365.5745491503481,368.42779541015625,72397800
2022-07-11 00:00:00-04:00,365.7546185718872,366.72148571389,363.527002730403,364.218994140625,58366900
2022-07-12 00:00:00-04:00,363.6692331147653,366.0485198112267,359.251925711996,360.99609375,62219200
2022-07-13 00:00:00-04:00,355.56452982281553,362.02934629353234,355.14744302288534,359.1002502441406,84224600
2022-07-14 00:00:00-04:00,354.1521096552973,359.3087928722651,351.715979081912,358.2281799316406,89704800
2022-07-15 00:00:00-04:00,362.6265563284071,365.1859502897795,360.72125799807424,365.07220458984375,79060400
2022-07-18 00:00:00-04:00,368.1529146526756,368.82592927824663,360.83497625525047,362.05780029296875,63203600
2022-07-19 00:00:00-04:00,365.97267860433266,372.40905889172745,365.31864088700104,371.8403015136719,78506000
2022-07-20 00:00:00-04:00,372.02988023942527,375.62250240338216,370.6648741646818,374.2100830078125,71843800
2022-07-21 00:00:00-04:00,373.63188089355765,378.06813634762244,371.2336461823122,378.020751953125,64903900
2022-07-22 00:00:00-04:00,378.143943990978,379.3383025244326,372.29526973672574,374.5133972167969,72197300
2022-07-25 00:00:00-04:00,375.13912441855206,375.8216275834664,372.73140090229776,374.968505859375,53631500
2022-07-26 00:00:00-04:00,373.328540675696,373.5370840827539,369.64114957187473,370.5321960449219,52946400
2022-07-27 00:00:00-04:00,373.82147154826214,381.89776315262577,373.52761885571124,380.1535949707031,82342100
2022-07-28 00:00:00-04:00,380.95927437369363,385.61353235014826,377.4140367716771,384.92156982421875,73966600
2022-07-29 00:00:00-04:00,386.352936564959,391.51910833460266,385.585124244229,390.53326416015625,87003700
2022-08-01 00:00:00-04:00,387.84120629648845,391.8793520889404,387.1302667656035,389.3768310546875,69997500
2022-08-02 00:00:00-04:00,387.8127450392465,391.4906766053588,385.63254218875403,386.8079528808594,63435400
2022-08-03 00:00:00-04:00,388.93125481134643,394.0310649800449,388.6468906090099,392.8651428222656,67820600
2022-08-04 00:00:00-04:00,392.7892674075008,393.4717703766951,390.9597903262571,392.5997009277344,45656600
2022-08-05 00:00:00-04:00,388.3246175842232,392.5807659148732,388.26774474140564,391.9361877441406,56814900
2022-08-08 00:00:00-04:00,393.6234160956121,395.8699797901509,390.3815199643233,391.4811096191406,53886100
2022-08-09 00:00:00-04:00,390.75135154157846,391.25374768614296,388.85551266726645,389.9266662597656,44931800
2022-08-10 00:00:00-04:00,396.96966387104465,398.2588492285253,395.01695232609546,398.11663818359375,68665700
2022-08-11 00:00:00-04:00,400.9603962309802,402.81833898357877,397.37726224840134,398.11663818359375,59489700
2022-08-12 00:00:00-04:00,400.0503656332881,404.9605804756404,399.10244636975136,404.8563232421875,61694500
2022-08-15 00:00:00-04:00,402.64767172710765,407.04603117644456,402.59079888321116,406.524658203125,54048300
2022-08-16 00:00:00-04:00,405.4535207281274,409.2451978170758,404.64778356108576,407.3209228515625,59289000
2022-08-17 00:00:00-04:00,403.7282975362389,407.1313242254354,402.42965277199465,404.42974853515625,63563400
2022-08-18 00:00:00-04:00,404.6288399076743,406.2876987703884,403.3396834770453,405.605224609375,49023200
2022-08-19 00:00:00-04:00,402.84675039895933,403.11216664311075,399.28256461046794,400.1546630859375,68016900
2022-08-22 00:00:00-04:00,395.329701995395,395.5003494416631,390.92188337608326,391.8224182128906,77695600
2022-08-23 00:00:00-04:00,391.3958251809502,393.7846000380237,390.3246718748115,390.8744812011719,49105200
2022-08-24 00:00:00-04:00,390.64695191540625,393.4907094010359,389.96447788992435,392.125732421875,49177800
2022-08-25 00:00:00-04:00,393.6139873082117,397.70900548583626,392.5238859364247,397.66162109375,50942300
2022-08-26 00:00:00-04:00,397.547891912805,398.0881839321778,384.1442990308555,384.201171875,103087000
2022-08-29 00:00:00-04:00,381.25313774516417,384.70354880710715,380.3052184856568,381.6607360839844,65370800
2022-08-30 00:00:00-04:00,382.8171333082862,383.0541130826595,375.37596260732516,377.4708557128906,85652400
2022-08-31 00:00:00-04:00,379.10137171228644,380.3431437236325,374.4660612189248,374.5987548828125,76029700
2022-09-01 00:00:00-04:00,372.428046300128,376.1154375189932,369.7264703742915,375.7742004394531,78740100
2022-09-02 00:00:00-04:00,379.43310730382876,380.6464427581479,370.00129941700374,371.81182861328125,99632100
2022-09-06 00:00:00-04:00,372.6555609471726,373.5939919026862,368.19086864195987,370.40899658203125,76637400
2022-09-07 00:00:00-04:00,370.0961415467539,377.83116684452074,369.87813861226584,377.0633544921875,70964200
2022-09-08 00:00:00-04:00,374.79781566335777,379.98290632149366,373.59393967123003,379.5279235839844,80821700
2022-09-09 00:00:00-04:00,381.7649972904449,386.28659071940456,381.4995810521483,385.4239807128906,76706900
2022-09-12 00:00:00-04:00,387.49046061347366,390.2868341942052,387.1871194866291,389.56640625,69256300
2022-09-13 00:00:00-04:00,380.90239200547273,382.10626800654813,371.5085373863549,372.6270751953125,122947100
2022-09-14 00:00:00-04:00,373.9257160615463,375.5656268148488,370.7501807174359,374.0489501953125,85023700
2022-09-15 00:00:00-04:00,372.4943332407687,375.3380909362644,368.53203779447915,369.80224609375,87633800
2022-09-16 00:00:00-04:00,365.6295510878898,367.6378630769438,363.69734233012485,366.9811096191406,103084800
2022-09-19 00:00:00-04:00,363.8401719669829,369.8270568847656,363.7640106344205,369.8270568847656,73278500
2022-09-20 00:00:00-04:00,366.5051079074727,367.5140273539414,362.8311237056201,365.58184814453125,77274900
2022-09-21 00:00:00-04:00,367.50461804644806,370.5504322147043,359.1953065563563,359.204833984375,106746600
2022-09-22 00:00:00-04:00,358.4337956869669,360.07091552367,355.44511739669144,356.1875305175781,89472600
2022-09-23 00:00:00-04:00,352.7229097506912,352.7609904104437,345.78421269474035,350.21966552734375,122346900
2022-09-26 00:00:00-04:00,348.7538794551558,352.3707580104209,345.53674617910787,346.75506591796875,92581200
2022-09-27 00:00:00-04:00,350.2862710344236,352.5515910179344,343.4808127042095,345.869873046875,108294100
2022-09-28 00:00:00-04:00,346.8217084645166,354.3600529595543,345.127482081543,352.67535400390625,110802200
2022-09-29 00:00:00-04:00,349.1346285560483,349.42016092257757,342.36725004597866,345.308349609375,112952300
2022-09-30 00:00:00-04:00,344.36600021604005,348.2779675279083,339.8353891876637,339.9686279296875,153711200
2022-10-03 00:00:00-04:00,343.6806881754969,350.7907337489844,341.90080218718504,348.9442138671875,89756500
2022-10-04 00:00:00-04:00,354.45525951637643,359.78541969158493,348.90620087696135,359.7568664550781,103602800
2022-10-05 00:00:00-04:00,355.397528717206,361.17501250579096,353.07510228982494,358.9192199707031,88065700
2022-10-06 00:00:00-04:00,357.52010776378955,360.4707348086878,354.7217743328191,355.21673583984375,82333500
2022-10-07 00:00:00-04:00,351.19054873616767,355.3023890964065,343.5474892236813,345.308349609375,107789500
2022-10-10 00:00:00-04:00,346.42192984075376,346.65988314467035,340.43504562807703,342.6717834472656,76042800
2022-10-11 00:00:00-04:00,340.9775545535183,345.5367479558779,338.56946829764377,340.50164794921875,92482800
2022-10-12 00:00:00-04:00,340.9110051762944,342.4814914166193,339.13108978708493,339.3785705566406,76991800
2022-10-13 00:00:00-04:00,332.3826842498608,349.8008834901985,331.3356839052994,348.3350830078125,147254500
2022-10-14 00:00:00-04:00,350.7907569397952,352.41837848921915,339.7592450066515,340.39697265625,123737000
2022-10-17 00:00:00-04:00,346.4695113964719,350.24821073516875,340.0637984886666,349.14410400390625,93168200
2022-10-18 00:00:00-04:00,357.0536821558411,357.35826934412756,349.81036876588746,353.2464294433594,97162900
2022-10-19 00:00:00-04:00,351.2095126771094,353.9317132956456,347.9352732315164,350.7431335449219,79746900
2022-10-20 00:00:00-04:00,350.2958396474553,354.71226720130164,347.04062545500517,347.8020935058594,88283100
2022-10-21 00:00:00-04:00,347.5259812950986,356.7395247837277,346.02212943460694,356.2541198730469,131038400
2022-10-24 00:00:00-04:00,357.77704931693273,361.7460937798273,355.1309809456278,360.6134338378906,85436900
2022-10-25 00:00:00-04:00,360.53735873384517,366.6860643599622,360.4231457883191,366.3719787597656,78846300
2022-10-26 00:00:00-04:00,363.230974837986,368.90377378445976,362.9739957124518,363.6116943359375,104087300
2022-10-27 00:00:00-04:00,364.6110821532887,366.44807462100994,361.05128110498777,361.66998291015625,81971800
2022-10-28 00:00:00-04:00,361.5652980348159,370.75029017440346,361.3844511918501,370.2743835449219,100302000
2022-10-31 00:00:00-04:00,367.81871998807645,369.68426585196175,366.6955873080766,367.59979248046875,96631300
2022-11-01 00:00:00-04:00,371.3404875904526,371.5784409364616,364.8205601003969,365.99127197265625,85407600
2022-11-02 00:00:00-04:00,365.4009604923893,369.90304589229135,356.70140583388684,356.80609130859375,126990400
2022-11-03 00:00:00-04:00,353.5700586148132,356.1685191668986,351.01920615203176,353.1322326660156,87100100
2022-11-04 00:00:00-04:00,358.8335469874606,360.61343287804317,352.170855133582,358.2148742675781,103505200
2022-11-07 00:00:00-05:00,359.50933724612685,362.231537963315,357.4343915475703,361.64141845703125,68286900
2022-11-08 00:00:00-05:00,362.74552365571884,366.5623039769019,359.5188919325988,363.5926513671875,84641100
2022-11-09 00:00:00-05:00,361.6224344512429,362.7741495038233,355.60696718518795,356.1019287109375,78495500
2022-11-10 00:00:00-05:00,369.3510591794325,376.00425245255667,367.0572151863192,375.6711120605469,141455800
2022-11-11 00:00:00-05:00,376.5277909851231,380.1066180137116,374.64319033872147,379.3070983886719,93839900
2022-11-14 00:00:00-05:00,377.5462448649226,380.89661702699635,375.80441036199727,376.0804443359375,71903500
2022-11-15 00:00:00-05:00,381.8198821687392,382.9239890323085,375.48080239259394,379.2880554199219,93194500
2022-11-16 00:00:00-05:00,377.66046061084984,378.6122738619531,375.76636153620575,376.3945617675781,68508500
2022-11-17 00:00:00-05:00,371.6449756187588,375.9186366580597,371.3404174691277,375.2428283691406,74496300
2022-11-18 00:00:00-05:00,378.5741867367159,378.6408206344442,374.1006819611119,376.94659423828125,92922500
2022-11-21 00:00:00-05:00,375.62359686049797,376.746729530004,373.73899615884227,375.57598876953125,51243200
2022-11-22 00:00:00-05:00,377.5176474312929,380.79188693120494,376.1089535381112,380.63006591796875,60429000
2022-11-23 00:00:00-05:00,380.2969884985024,383.5141220670557,380.0685626038953,383.0287170410156,68261600
2022-11-25 00:00:00-05:00,382.46708656258517,383.49506108811516,382.1910816475926,382.9429931640625,30545400
2022-11-28 00:00:00-05:00,379.8591259436192,381.4962458070925,376.0708989562592,376.8323669433594,67881600
2022-11-29 00:00:00-05:00,376.9655537509073,378.1553200852392,374.34806781537714,376.1850891113281,52310000
2022-11-30 00:00:00-05:00,376.4325818837763,388.0351867675781,374.51945716113363,388.0351867675781,144566700
2022-12-01 00:00:00-05:00,389.0726695441886,390.24341023181614,385.2463909544575,387.7496643066406,76398200
2022-12-02 00:00:00-05:00,382.8668240269508,388.20648163885994,382.7621385272809,387.3022766113281,85342700
2022-12-05 00:00:00-05:00,384.48494250767516,385.4177008262784,378.98346353454565,380.33502197265625,77289800
2022-12-06 00:00:00-05:00,380.17319983401165,380.7157112233438,372.76809510416285,374.8525390625,77972200
2022-12-07 00:00:00-05:00,374.0054742055746,376.5753814167961,373.0822142567911,374.2148742675781,65927900
2022-12-08 00:00:00-05:00,376.0994521400108,378.212449392276,374.3195371968257,377.14642333984375,60737900
2022-12-09 00:00:00-05:00,375.9090843451082,378.45993659247966,374.205330689029,374.3290710449219,81447700
2022-12-12 00:00:00-05:00,375.11908962319546,379.72589111328125,374.45283780553007,379.72589111328125,75405800
2022-12-13 00:00:00-05:00,390.45283160745686,390.7098107273862,379.8401197057134,382.6003723144531,123782500
2022-12-14 00:00:00-05:00,382.2577044665144,385.9602719426471,377.2131058725146,380.1542053222656,108111300
2022-12-15 00:00:00-05:00,375.2999627142446,376.20419694431035,369.19886518287717,370.8550109863281,117705900
2022-12-16 00:00:00-05:00,368.302907769073,369.6415593936089,364.34432159505855,366.4765930175781,119858000
2022-12-19 00:00:00-05:00,366.6678340994925,367.00250429400353,361.70523742151596,363.3689880371094,79878100
2022-12-20 00:00:00-05:00,362.61367325179793,365.48222528681765,361.2941346468216,363.86627197265625,74427200
2022-12-21 00:00:00-05:00,366.4575373430041,370.435266494614,365.92207660917404,369.3069763183594,78167400
2022-12-22 00:00:00-05:00,366.2662563964438,369.28780122976565,358.3490543275083,364.0383605957031,100120900
2022-12-23 00:00:00-05:00,363.01521636298173,366.2758070046261,361.4662030943732,366.13238525390625,59857300
2022-12-27 00:00:00-05:00,366.017616610939,366.36182878328543,363.01518537687076,364.6885070800781,51638200
2022-12-28 00:00:00-05:00,364.6216744960134,366.59144061221747,359.9268361860706,360.15631103515625,70911500
2022-12-29 00:00:00-05:00,362.9961320141737,367.5093216045126,362.4702133125497,366.6391906738281,66970900
2022-12-30 00:00:00-05:00,363.961883087202,365.8168531569802,361.84869548769285,365.6734313964844,84022200
2023-01-03 00:00:00-05:00,367.52844425814527,369.4981809896888,361.2749926451564,364.1340026855469,74850700
2023-01-04 00:00:00-05:00,366.3905873546689,368.9722958919306,363.3499291613042,366.9451904296875,85934100
2023-01-05 00:00:00-05:00,364.9945163658359,365.1092537639918,362.16422021646383,362.7570495605469,76970500
2023-01-06 00:00:00-05:00,365.84547897836046,372.19455357778276,362.785708249104,371.0758056640625,104189600
2023-01-09 00:00:00-05:00,373.26550947515705,376.44961824670435,370.6838304181261,370.865478515625,73978100
2023-01-10 00:00:00-05:00,370.28225918611713,373.53327899556643,369.34518834804146,373.4663391113281,65358100
2023-01-11 00:00:00-05:00,375.0440257972263,378.26636090740493,374.2312636370513,378.1898498535156,68881100
2023-01-12 00:00:00-05:00,379.2895306207411,381.02976337180365,375.2257485082276,379.5668029785156,90157700
2023-01-13 00:00:00-05:00,376.3731242643396,381.6130228505716,376.10539392375364,381.039306640625,63903900
2023-01-17 00:00:00-05:00,381.0201591163604,382.69348088927234,379.66236518124305,380.34124755859375,62677300
2023-01-18 00:00:00-05:00,381.52697849057256,382.58832869980466,374.1356658339176,374.3364562988281,99632300
2023-01-19 00:00:00-05:00,372.2997219516563,373.9443593060729,370.2917592534764,371.6112976074219,86958900
2023-01-20 00:00:00-05:00,373.00734634342695,378.68708106087394,371.36270886328373,378.5340881347656,91806400
2023-01-23 00:00:00-05:00,379.3373059432333,385.0074698849866,378.3811219727352,383.07598876953125,84178800
2023-01-24 00:00:00-05:00,381.40259479828296,383.5731214964874,380.2169362364954,382.6647644042969,59524900
2023-01-25 00:00:00-05:00,378.6010544265812,383.14292828207675,376.3157607326886,382.8082580566406,84800300
2023-01-26 00:00:00-05:00,385.46642861189923,387.17800600043023,382.5022526217131,387.01544189453125,72287400
2023-01-27 00:00:00-05:00,385.97321255052447,390.2760402786123,385.7628509166012,387.9046936035156,68346200
2023-01-30 00:00:00-05:00,385.1509087422322,387.37883383343035,382.7413355345612,383.0377502441406,74202000
2023-01-31 00:00:00-05:00,383.5540574493801,388.7174447402499,383.20981606709955,388.6696472167969,86811800
2023-02-01 00:00:00-05:00,387.45528923844535,395.54462644508357,384.7206171548962,392.80035400390625,101459200
2023-02-02 00:00:00-05:00,396.68245506156615,399.9813013244029,394.78922953717114,398.5183410644531,101654500
2023-02-03 00:00:00-05:00,393.55570061661354,398.69997431086017,393.07760869975664,394.28240966796875,94736800
2023-02-06 00:00:00-05:00,391.8346069060138,393.26888274999055,390.21865378736663,391.8728332519531,60295300
2023-02-07 00:00:00-05:00,390.9548967397829,398.241013206568,389.7118693730586,396.99798583984375,90990700
2023-02-08 00:00:00-05:00,395.02826801613645,396.3669196696717,391.9684677962696,392.65692138671875,76227500
2023-02-09 00:00:00-05:00,396.25217230001425,396.40516522520073,388.028984948847,389.2528991699219,78694900
2023-02-10 00:00:00-05:00,388.07678232835883,390.54375312300726,387.26404936045475,390.1612854003906,70769700
2023-02-13 00:00:00-05:00,390.81149214644563,394.875273798094,390.3525133608386,394.74139404296875,64913500
2023-02-14 00:00:00-05:00,393.2211029770664,396.8641617211256,390.6107393049538,394.5597839355469,88389300
2023-02-15 00:00:00-05:00,392.3700815999979,395.91751581058026,391.5286350725414,395.8410339355469,61555700
2023-02-16 00:00:00-05:00,390.8784407346895,394.8179138959173,390.25692701019995,390.3907775878906,76431500
2023-02-17 00:00:00-05:00,388.26803395095567,389.6545122847336,386.34609496505783,389.41546630859375,89257800
2023-02-21 00:00:00-05:00,385.39947527197734,386.4512833840668,381.3452649276504,381.6034240722656,82655900
2023-02-22 00:00:00-05:00,382.01458672604707,383.55405800104023,379.624126941612,381.0775451660156,83742300
2023-02-23 00:00:00-05:00,383.96517386295295,384.57714551664407,378.8878400941684,383.1046142578125,96242400
2023-02-24 00:00:00-05:00,378.0942785897589,379.84408241701556,376.39227228887677,379.01220703125,108194400
2023-02-27 00:00:00-05:00,382.3492579579314,383.7070519585176,379.365968807818,380.30303955078125,80444700
2023-02-28 00:00:00-05:00,379.82496053517093,381.78512595829335,378.79226552930106,378.8974609375,96438600
2023-03-01 00:00:00-05:00,378.08465625730815,379.3085704071732,376.14360422634064,377.4440002441406,99706800
2023-03-02 00:00:00-05:00,375.4742885040699,381.2209631061389,375.13961830151106,380.3795166015625,85127800
2023-03-03 00:00:00-05:00,382.1962358283126,386.7285670881584,381.54603781817946,386.4799499511719,90120000
2023-03-06 00:00:00-05:00,387.3023155770407,389.5971805098177,386.30790523195174,386.74774169921875,72795900
2023-03-07 00:00:00-05:00,386.69995200651795,386.9389980101572,380.2074543771584,380.81939697265625,108310600
2023-03-08 00:00:00-05:00,380.9341111603913,382.19625170885286,379.212962662717,381.4408874511719,74746600
2023-03-09 00:00:00-05:00,382.2249589763906,383.88873887527785,373.41851305631604,374.40338134765625,111945300
2023-03-10 00:00:00-05:00,373.85837851710613,375.9333106680976,367.4806474809918,369.0009765625,189253000
2023-03-13 00:00:00-04:00,365.08065570997655,373.2847317823488,363.9714786315951,368.47509765625,157790000
2023-03-14 00:00:00-04:00,373.3898317252391,376.21058604424246,370.0909854321958,374.5659484863281,149752400
2023-03-15 00:00:00-04:00,368.98181836154816,372.4240570496017,366.89731528704147,372.2232666015625,172996900
2023-03-16 00:00:00-04:00,369.87107021323396,379.0982391870772,369.36429390384325,378.7539978027344,143254200
2023-03-17 00:00:00-04:00,377.42568128509345,378.558277638752,372.94324653075375,374.3254089355469,140553400
2023-03-20 00:00:00-04:00,375.1028011958168,378.33746367070916,374.40214170963634,377.9247131347656,93055800
2023-03-21 00:00:00-04:00,381.28415054635593,383.3670015855469,379.69082383763816,382.8870849609375,91524200
2023-03-22 00:00:00-04:00,382.71428861761933,386.3232414014182,376.3217962204962,376.36016845703125,111746600
2023-03-23 00:00:00-04:00,379.22048781510506,383.25179889041164,374.6708879123496,377.37762451171875,119351300
2023-03-24 00:00:00-04:00,376.1010826470393,379.9404159071664,373.7590870150187,379.8540344238281,107682400
2023-03-27 00:00:00-04:00,382.1288028794633,382.8966870426311,379.6716321408978,380.56427001953125,74010400
2023-03-28 00:00:00-04:00,379.8731772141997,380.5642582938647,377.8767370350477,379.71002197265625,62871700
2023-03-29 00:00:00-04:00,383.8660280747297,385.46896217088675,382.66623675154574,385.22900390625,77497900
2023-03-30 00:00:00-04:00,387.8589693504225,388.1085353397573,385.6225710265115,387.4846496582031,69840000
2023-03-31 00:00:00-04:00,388.4060846284512,393.2436518891425,388.3004877505952,392.94610595703125,112062600
2023-04-03 00:00:00-04:00,392.42779542260035,394.84656445369103,392.03426030988214,394.4434509277344,67391100
2023-04-04 00:00:00-04:00,395.0865256835199,395.3744932102715,390.8824517022873,392.2550354003906,66601500
2023-04-05 00:00:00-04:00,391.52560384016596,392.28388034677903,389.5771434182015,391.2280578613281,65200200
2023-04-06 00:00:00-04:00,390.4313411526847,393.0325102209904,389.3851264771968,392.754150390625,63743300
2023-04-10 00:00:00-04:00,390.27775752337686,393.23406013832266,389.66347951634174,393.1572570800781,63681000
2023-04-11 00:00:00-04:00,393.7811965721071,394.66422675434245,392.4950235384784,393.26287841796875,59297900
2023-04-12 00:00:00-04:00,395.3264818376402,395.61444936283374,391.0744279375137,391.659912109375,86420400
2023-04-13 00:00:00-04:00,392.7444905245143,397.21731616818573,391.60228682213693,396.8621826171875,85814800
2023-04-14 00:00:00-04:00,396.2287697684171,398.4171884519207,393.5892282764297,395.892822265625,78161500
2023-04-17 00:00:00-04:00,395.80637894641507,397.3325100919648,394.5777937246766,397.3133239746094,66436400
2023-04-18 00:00:00-04:00,398.887415353016,399.0218060432113,396.199894466918,397.57244873046875,63560000
2023-04-19 00:00:00-04:00,395.6623567920076,398.40746508670185,395.6047691558796,397.5052490234375,55227300
2023-04-20 00:00:00-04:00,394.69301944461137,397.08302413683805,393.79077385332334,395.33612060546875,75840400
2023-04-21 00:00:00-04:00,395.6336418065236,396.10395069254025,393.6947893230702,395.64324951171875,73457400
2023-04-24 00:00:00-04:00,395.44166194381876,396.4782981802782,394.1075090570705,396.05596923828125,64332100
2023-04-25 00:00:00-04:00,394.088292257947,394.6450119030647,389.7114553215701,389.76904296875,97766700
2023-04-26 00:00:00-04:00,390.3833550986097,391.4583635816679,387.56144318468967,388.1181335449219,80447000
2023-04-27 00:00:00-04:00,390.652086810784,396.11353970438057,390.40252082176045,395.84478759765625,92968400
2023-04-28 00:00:00-04:00,394.9617875942257,399.23305741321724,394.90419994068407,399.22344970703125,89433100
2023-05-01 00:00:00-04:00,398.781880454679,400.845515871164,398.5899021077479,398.8202819824219,62122300
2023-05-02 00:00:00-04:00,398.1099974743272,398.1580067083917,391.43917444922255,394.3378601074219,103998500
2023-05-03 00:00:00-04:00,394.83697342513307,397.24616414474065,391.39117573178515,391.6311340332031,91531800
2023-05-04 00:00:00-04:00,390.58489620304397,390.91123595861524,387.52302611509293,388.8572082519531,94901900
2023-05-05 00:00:00-04:00,392.48538864162396,397.1021838881152,392.22624422840113,396.05596923828125,87891800
2023-05-08 00:00:00-04:00,396.3823322476967,396.64147667611564,394.76021173712985,396.16156005859375,50046800
2023-05-09 00:00:00-04:00,394.6162031980649,395.53763480997924,394.1938742734827,394.4242248535156,49220100
2023-05-10 00:00:00-04:00,397.25577792419296,397.88927136463667,392.44700411687967,396.26715087890625,96142900
2023-05-11 00:00:00-04:00,395.40334787228096,395.86404911911495,393.5028673537258,395.57611083984375,70157100
2023-05-12 00:00:00-04:00,396.8142197460938,397.0253842033069,392.6389398327061,395.0577087402344,70481500
2023-05-15 00:00:00-04:00,395.66240845072787,396.8237983199805,393.75234992228525,396.4206848144531,54289400
2023-05-16 00:00:00-04:00,395.3168627044219,396.23832360826236,393.7619377053924,393.77154541015625,57705500
2023-05-17 00:00:00-04:00,395.7872805401457,399.1562756190207,394.1459737431661,398.5516052246094,87287000
2023-05-18 00:00:00-04:00,398.234744921799,402.81316752783374,398.01400205687503,402.3908386230469,97177200
2023-05-19 00:00:00-04:00,403.29311788250186,403.82101441184767,400.58638129995114,401.80535888671875,103793300
2023-05-22 00:00:00-04:00,401.8245672616326,403.50427528786696,400.586374286309,401.9685363769531,60745400
2023-05-23 00:00:00-04:00,400.32725913165393,401.9013998007867,397.0638317760762,397.4573669433594,86383500
2023-05-24 00:00:00-04:00,395.8543837451471,396.2383111304324,393.41639944632345,394.5777893066406,89213700
2023-05-25 00:00:00-04:00,398.0812240048889,399.4442000783956,395.84482546980115,397.9948425292969,90961600
2023-05-26 00:00:00-04:00,398.64748907245814,403.8689837488059,398.57071530888675,403.14910888671875,93830000
2023-05-30 00:00:00-04:00,405.07843177412394,405.60632835331285,401.920572129655,403.302734375,72216000
2023-05-31 00:00:00-04:00,401.479097047602,402.38134275024066,399.50184266738273,401.0663757324219,110811800
2023-06-01 00:00:00-04:00,401.2966730663804,405.9326839874396,400.0489015795839,404.8768615722656,88865000
2023-06-02 00:00:00-04:00,407.44919955900986,411.5188830151562,406.92130300774403,410.7318420410156,91426200
2023-06-05 00:00:00-04:00,411.0773593229492,412.36353228842165,409.2440744066445,409.94476318359375,65460200
2023-06-06 00:00:00-04:00,409.53204325524,411.3652988856477,408.8793344192004,410.83740234375,64022200
2023-06-07 00:00:00-04:00,411.2309077542299,412.36350381538136,408.99448016231673,409.41680908203125,85373300
2023-06-08 00:00:00-04:00,409.48408900675076,412.3444028643595,408.7162340623749,411.8932800292969,61952800
2023-06-09 00:00:00-04:00,412.689850828952,414.63831094166113,411.6436362158996,412.63226318359375,85742800
2023-06-12 00:00:00-04:00,413.61128515907586,416.4523828840486,412.8914103465747,416.3755798339844,76104300
2023-06-13 00:00:00-04:00,417.8345851160925,419.76382988102273,417.1722978814529,419.1207580566406,95899700
2023-06-14 00:00:00-04:00,419.4566872999007,421.4243335080621,416.1740450929453,419.6198425292969,100612100
2023-06-15 00:00:00-04:00,418.8040313332803,426.06997610483035,418.7080714411939,424.82220458984375,110303100
2023-06-16 00:00:00-04:00,426.804818584776,427.37322020593024,422.9030661850773,423.3751220703125,114165800
2023-06-20 00:00:00-04:00,421.4387558395076,422.32506614292663,419.1073181445954,421.1786193847656,76160400
2023-06-21 00:00:00-04:00,420.19597746428883,420.995585443212,418.43294139177686,419.0206298828125,76982300
2023-06-22 00:00:00-04:00,418.0668439684426,420.6391018260277,417.72964857046975,420.53314208984375,70637200
2023-06-23 00:00:00-04:00,417.08416191308544,419.1362056994903,416.64100677536294,417.3539123535156,92074500
2023-06-26 00:00:00-04:00,416.7855154988048,418.7026693868189,415.40786249787595,415.6487121582031,72823600
2023-06-27 00:00:00-04:00,416.5253768197751,420.82212620155866,416.0725783167209,420.20556640625,72813700
2023-06-28 00:00:00-04:00,419.1265614695,421.4290983033547,418.5100016357142,420.41754150390625,75636000
2023-06-29 00:00:00-04:00,420.00325329466176,422.2383451446893,419.5986423394109,422.0745544433594,67882300
2023-06-30 00:00:00-04:00,425.2827088718478,428.0380149404403,424.9647708481831,427.05535888671875,104964000
2023-07-03 00:00:00-04:00,426.70857023719304,427.82608687001783,426.42917637868914,427.5467224121094,32793400
2023-07-05 00:00:00-04:00,425.7354801650757,427.6430199831629,425.7258367708566,426.91082763671875,58418400
2023-07-06 00:00:00-04:00,423.3366343156822,423.991738320798,421.06299828536083,423.5678405761719,80658300
2023-07-07 00:00:00-04:00,422.5755624788719,426.4388005460157,422.2576244540767,422.49847412109375,86134200
2023-07-10 00:00:00-04:00,422.1420000351028,423.7412452715391,421.57359837767063,423.5678405761719,62443500
2023-07-11 00:00:00-04:00,424.32893908451956,426.7566930521444,423.3558970583311,426.2653503417969,64463800
2023-07-12 00:00:00-04:00,430.0515200243212,431.1016209821125,428.62567949600117,429.6950378417969,91924500
2023-07-13 00:00:00-04:00,431.50622355890425,433.89546265173254,431.07271183277675,433.10546875,72425200
2023-07-14 00:00:00-04:00,433.99187516083117,434.8396413558847,432.07469167502427,432.8357849121094,69815800
2023-07-17 00:00:00-04:00,432.6912500682276,435.3887545883977,432.64306249429234,434.3386535644531,52680200
2023-07-18 00:00:00-04:00,434.01103608987984,438.2114395521847,433.57749499281715,437.56597900390625,80668200
2023-07-19 00:00:00-04:00,438.3559839057652,439.7239933832524,437.48890168977437,438.5390319824219,65891700
2023-07-20 00:00:00-04:00,437.5467608684042,438.44271452207744,434.91667207150675,435.62957763671875,70591600
2023-07-21 00:00:00-04:00,437.3444259913096,437.5467608684042,435.61996364299455,435.62957763671875,71275600
2023-07-24 00:00:00-04:00,436.77598531715506,438.38487379289774,435.7451418375123,437.57562255859375,54023400
2023-07-25 00:00:00-04:00,437.30587795856155,440.02263949533193,437.2576903912355,438.7702331542969,55191200
2023-07-26 00:00:00-04:00,437.83576473919794,440.263518637083,436.7856637889011,438.83770751953125,71052900
2023-07-27 00:00:00-04:00,442.2191833737535,442.62382369326946,435.0225951669556,435.9281921386719,92194400
2023-07-28 00:00:00-04:00,439.1942240663801,441.0246757996423,435.92828821232376,440.1961669921875,80011800
2023-07-31 00:00:00-04:00,440.6681140687776,441.39066294813205,439.3578768125751,441.0342102050781,62040400
2023-08-01 00:00:00-04:00,439.5698819163366,440.51402315707037,438.81843216166044,439.772216796875,55291500
2023-08-02 00:00:00-04:00,436.660370149276,436.92047716007846,432.90312187918494,433.6545715332031,93933400
2023-08-03 00:00:00-04:00,431.64112757810364,434.2904737931767,430.9956375639887,432.4118347167969,64276100
2023-08-04 00:00:00-04:00,434.2230384704291,436.3232404604835,429.9359027397443,430.4561462402344,100128900
2023-08-07 00:00:00-04:00,432.28655130575453,434.3674956833761,431.5929031798807,434.2133483886719,58357500
2023-08-08 00:00:00-04:00,431.67967473239247,434.20380401220746,428.9725267488997,432.3251647949219,71361300
2023-08-09 00:00:00-04:00,432.59488283321724,432.7586735355105,428.6738433785323,429.4349365234375,78789600
2023-08-10 00:00:00-04:00,431.7856284811605,435.16716703483127,428.42337671620794,429.5890808105469,93005500
2023-08-11 00:00:00-04:00,427.72008989099777,430.3501787286785,427.1227874459535,429.3385925292969,68690900
2023-08-14 00:00:00-04:00,428.4233633029166,431.7085266113281,428.1150686990038,431.7085266113281,47867400
2023-08-15 00:00:00-04:00,429.935919835655,430.292402044995,426.1112258867205,426.6796569824219,75707500
2023-08-16 00:00:00-04:00,426.26534575201464,427.9223925566891,423.44259484772283,423.548583984375,80107200
2023-08-17 00:00:00-04:00,425.01294414487614,425.27305119137833,419.8009540161682,420.3211975097656,95711300
2023-08-18 00:00:00-04:00,417.5080258452247,421.5543115245304,417.1612164787308,420.5234680175781,98852000
2023-08-21 00:00:00-04:00,421.5350602162778,424.00135836533855,419.3867000805202,423.2595520019531,68719000
2023-08-22 00:00:00-04:00,425.0321947779214,425.0321947779214,421.55433988295033,422.11309814453125,64994200
2023-08-23 00:00:00-04:00,423.17286834168584,427.4311034249485,423.0283644204359,426.81451416015625,68441000
2023-08-24 00:00:00-04:00,428.4137593836846,428.9243595057039,420.87033128977225,420.8992614746094,88517300
2023-08-25 00:00:00-04:00,422.62366273446645,425.14776219480035,419.07836317797603,423.866455078125,102325100
2023-08-28 00:00:00-04:00,426.05339622552776,427.1709421526019,423.8664919427265,426.55438232421875,61595400
2023-08-29 00:00:00-04:00,426.44841900560834,432.9995476574254,426.2653709047112,432.72015380859375,83081900
2023-08-30 00:00:00-04:00,433.05737382451,435.13831861559964,432.35408216529396,434.5024719238281,69053900
2023-08-31 00:00:00-04:00,435.11898360214246,436.2557869248091,433.6835290574293,433.8665771484375,66084600
2023-09-01 00:00:00-04:00,436.58338220970904,437.06508153807744,433.2211009052936,434.67584228515625,58944100
2023-09-05 00:00:00-04:00,434.23269470933957,434.5506033353466,432.72979513066315,432.7972106933594,55166200
2023-09-06 00:00:00-04:00,431.98789706191957,432.09388618903915,427.5659013158959,429.8876953125,70758500
2023-09-07 00:00:00-04:00,426.8915375451562,429.24223247025344,426.5447281630559,428.56787109375,70355400
2023-09-08 00:00:00-04:00,428.6160154651993,430.74511806057524,428.2595627004295,429.21331787109375,61659700
2023-09-11 00:00:00-04:00,431.8337369226589,432.344336954817,430.12853215124545,432.03607177734375,60180100
2023-09-12 00:00:00-04:00,430.59105211482444,432.11320909412444,429.08815252492514,429.6661682128906,67565400
2023-09-13 00:00:00-04:00,429.8877509320253,431.3232055262028,428.7894623481302,430.1671447753906,60199300
2023-09-14 00:00:00-04:00,432.6334271290332,434.5698383708397,431.332833106535,433.8761901855469,83430800
2023-09-15 00:00:00-04:00,432.2935551441486,432.6222625307114,428.2136712808251,428.6487121582031,111848900
2023-09-18 00:00:00-04:00,428.3393572391215,430.1956202798295,427.8656361967372,428.9001159667969,55752200
2023-09-19 00:00:00-04:00,427.9815258456734,428.57128713325005,425.3325125161532,428.0105285644531,66514600
2023-09-20 00:00:00-04:00,429.2674693964477,429.68318495179983,423.8727265693422,424.0757751464844,82562600
2023-09-21 00:00:00-04:00,421.233389771168,421.49441429318694,416.91180676973505,417.0664978027344,104095800
2023-09-22 00:00:00-04:00,418.0913502784636,419.68655933537104,415.7130085528767,416.1287536621094,100829700
2023-09-25 00:00:00-04:00,414.920205158679,417.9172517040119,414.485134786977,417.87860107421875,70874500
2023-09-26 00:00:00-04:00,414.84288124552415,415.54865360911657,410.90801075336816,411.7394714355469,96168400
2023-09-27 00:00:00-04:00,412.90925504168933,413.4700137261174,408.2686420542666,411.9037780761719,104705800
2023-09-28 00:00:00-04:00,411.3527373620953,415.964347748709,410.76297593705533,414.2917785644531,92258300
2023-09-29 00:00:00-04:00,417.3371969608053,417.5112133076614,411.7684378270295,413.28631591796875,115111300
2023-10-02 00:00:00-04:00,412.4548865420046,414.36915501527096,410.3666017087048,413.1219787597656,83798600
2023-10-03 00:00:00-04:00,410.9467055118216,413.1800040858978,406.2287317175528,407.5919189453125,103760600
2023-10-04 00:00:00-04:00,408.0559059967463,411.30432887204057,406.5960334820363,410.5599060058594,87453000
2023-10-05 00:00:00-04:00,410.2699382204488,411.2464125781848,407.1858831038249,410.4053039550781,70142700
2023-10-06 00:00:00-04:00,407.95932437186144,416.81518828263125,406.6348172249464,415.2779846191406,113273300
2023-10-09 00:00:00-04:00,413.3830108074734,418.5070521455923,412.8319589906931,417.9366455078125,80374400
2023-10-10 00:00:00-04:00,418.5650575162268,422.70294712015226,418.1686672417201,420.1119384765625,78607300
2023-10-11 00:00:00-04:00,421.17540990507433,422.08417183466213,418.797068320578,421.83282470703125,62451700
2023-10-12 00:00:00-04:00,422.44187816631086,422.8189135801861,416.91179922986146,419.2611083984375,81154200
2023-10-13 00:00:00-04:00,420.7596289275812,421.9584770278049,415.60661494268294,417.1728210449219,95143100
2023-10-16 00:00:00-04:00,419.4157827397426,422.6255551040407,419.1740835467255,421.56207275390625,75433200
2023-10-17 00:00:00-04:00,418.43931518310666,423.59235858221746,418.09128250171426,421.542724609375,75324700
2023-10-18 00:00:00-04:00,419.77352121429993,420.73064064200355,414.8428514424272,415.9256591796875,93559800
2023-10-19 00:00:00-04:00,416.64115074369084,418.449056290601,411.5944695651963,412.2712097167969,121323000
2023-10-20 00:00:00-04:00,411.83604228000905,412.37744603668705,407.09871515263904,407.205078125,123919900
2023-10-23 00:00:00-04:00,405.67760643648245,410.35692908932583,403.92770652261123,406.4993896484375,92035100
2023-10-24 00:00:00-04:00,408.61667642933105,410.7146385432617,406.7700909338865,409.56414794921875,78564200
2023-10-25 00:00:00-04:00,407.88192884542195,407.91093157015536,403.17360349885,403.6860046386719,94223200
2023-10-26 00:00:00-04:00,402.6225515026816,403.47330792914914,397.9335809780985,398.8520202636719,115156800
2023-10-27 00:00:00-04:00,400.43759484678344,400.8339851009318,395.62293584989493,397.04412841796875,107367700
2023-10-30 00:00:00-04:00,399.8284803456642,402.8448816266276,398.5329761803426,401.79107666015625,86562700
2023-10-31 00:00:00-04:00,402.3614742415841,404.6334525608876,400.4568834170143,404.3144226074219,79665200
2023-11-01 00:00:00-04:00,405.28123407598383,409.43844855236455,404.74947812853236,408.6263427734375,98068100
2023-11-02 00:00:00-04:00,412.41616442869764,416.612088488878,412.3968391143164,416.4573974609375,94938900
2023-11-03 00:00:00-04:00,418.75837375712325,421.8037777300333,418.6326854543438,420.25689697265625,100167800
2023-11-06 00:00:00-05:00,421.01102787683624,421.66844265759465,419.28045324415575,421.2237243652344,67831700
2023-11-07 00:00:00-05:00,421.223666855701,423.0605747296388,420.08285380291056,422.4224853515625,64256100
2023-11-08 00:00:00-05:00,423.02196085453033,423.5440394282341,420.43095231056213,422.73193359375,61746000
2023-11-09 00:00:00-05:00,423.8727133946502,423.9113935278032,419.0097266771128,419.43511962890625,83174400
2023-11-10 00:00:00-05:00,421.5041020397778,426.28972875327344,419.42546520511473,425.9803466796875,89462200
2023-11-13 00:00:00-05:00,424.64619358239656,426.6764433760795,423.86309048956497,425.5743103027344,52236100
2023-11-14 00:00:00-05:00,431.50076562505876,435.1165763059157,431.2783917339626,433.83074951171875,97176900
2023-11-15 00:00:00-05:00,435.16486101976614,436.3927117469104,433.8983596665992,434.7491455078125,77327600
2023-11-16 00:00:00-05:00,434.3045010394223,435.60000533429076,433.2410185572766,435.2809753417969,66665800
2023-11-17 00:00:00-05:00,435.2906012114316,436.43144390959674,434.37216191303287,435.8223571777344,83133200
2023-11-20 00:00:00-05:00,435.57099160312566,440.0182630951851,435.5613141930735,439.1771545410156,69936200
2023-11-21 00:00:00-05:00,438.13296253247677,439.05143128536895,436.95346926763995,438.219970703125,49244600
2023-11-22 00:00:00-05:00,439.8732451207241,441.22675482120695,438.8194400859089,439.9118957519531,59394900
2023-11-24 00:00:00-05:00,439.9602117787139,440.3759273074353,439.631504418495,440.18255615234375,29737400
2023-11-27 00:00:00-05:00,439.55420100976517,440.3663068584605,439.0031197003399,439.3898620605469,50506000
2023-11-28 00:00:00-05:00,439.00310690168646,441.1203943936042,438.4423777026132,439.82489013671875,62115000
2023-11-29 00:00:00-05:00,441.97117519611106,443.10234049536746,439.1191421839662,439.5155029296875,63146000
2023-11-30 00:00:00-05:00,440.3565962233876,441.5940948885885,438.2876370073433,441.24603271484375,79752700
2023-12-01 00:00:00-05:00,440.6369952391435,444.3881717849613,440.0472633152973,443.8564453125,89183400
2023-12-04 00:00:00-05:00,440.47265370720123,443.8757680204174,439.25448022667734,441.5264587402344,72430900
2023-12-05 00:00:00-05:00,440.14388801429857,442.3965114095888,439.7668231281598,441.43939208984375,69793500
2023-12-06 00:00:00-05:00,443.57603770145914,443.60504042530386,439.2254520989698,439.6605224609375,69124700
2023-12-07 00:00:00-05:00,441.73920179328286,443.6631182990797,441.1397923997764,443.015380859375,66995400
2023-12-08 00:00:00-05:00,442.2709087807209,445.4516788944759,442.02920955180366,444.9199523925781,83194400
2023-12-11 00:00:00-05:00,444.42680041904015,446.82446698086267,444.2141039538438,446.6504211425781,65002200
2023-12-12 00:00:00-05:00,446.3024402574832,448.7871152745883,445.30664066950123,448.6904296875,68327600
2023-12-13 00:00:00-05:00,449.06747102737427,455.12930631637573,448.70976090431213,454.8779296875,93278000
2023-12-14 00:00:00-05:00,456.8114895469167,458.0006602364905,453.6693999362765,456.3377685546875,119026000
2023-12-15 00:00:00-05:00,455.7417134699126,456.9163018501235,453.7420397034311,455.5863952636719,141553700
2023-12-18 00:00:00-05:00,457.18810894495897,459.12954211953263,456.13003141968665,458.14910888671875,70375300
2023-12-19 00:00:00-05:00,458.69270565753243,461.012732509764,458.61506136543755,460.93505859375,55761800
2023-12-20 00:00:00-05:00,460.08088857770923,461.9640813854923,454.12070331796554,454.5478210449219,102921000
2023-12-21 00:00:00-05:00,457.52788134560456,459.1295875723286,455.1108062836296,458.8577880859375,86667500
2023-12-22 00:00:00-05:00,459.98371888478914,461.4592269639175,457.88699725724837,459.7798767089844,67160400
2023-12-26 00:00:00-05:00,460.18765521976536,462.62413389794295,460.109981297383,461.72137451171875,55387000
2023-12-27 00:00:00-05:00,461.51756987350683,462.70184548290086,460.9836875153384,462.5562438964844,68000300
2023-12-28 00:00:00-05:00,462.91536504878167,463.5657286208665,462.3135254600746,462.7309265136719,77158100
2023-12-29 00:00:00-05:00,462.5367654374911,463.06096072132885,459.4401769650659,461.3913269042969,122283100
2024-01-02 00:00:00-05:00,458.33359292378987,459.79938459581,456.7124830275094,458.8092346191406,123623700
2024-01-03 00:00:00-05:00,456.6542463475319,457.39200051317124,454.4604467676884,455.0622863769531,103585900
2024-01-04 00:00:00-05:00,454.5865557790852,457.1686653982138,453.3731600721968,453.596435546875,84232200
2024-01-05 00:00:00-05:00,453.80034274035296,456.66396886840727,452.7713854034213,454.2177734375,86118900
2024-01-08 00:00:00-05:00,454.71278328613425,460.84771948944723,454.5865853845721,460.7021179199219,74879100
2024-01-09 00:00:00-05:00,458.05202403896755,461.02241437904433,457.54726208619434,460.003173828125,65931400
2024-01-10 00:00:00-05:00,460.275022232607,463.4686883884697,459.99350610212235,462.604736328125,67310600
2024-01-11 00:00:00-05:00,463.6045886611641,464.11906733105025,458.43068164604205,462.4009094238281,77940700
2024-01-12 00:00:00-05:00,463.84719564870727,464.58494971105563,461.31363965656635,462.7211608886719,58026400
2024-01-16 00:00:00-05:00,461.34278348918724,462.6532272077025,459.2071951071508,461.0224304199219,85014900
2024-01-17 00:00:00-05:00,458.0035703058881,458.94516670999695,456.1106608508071,458.4598083496094,68843900
2024-01-18 00:00:00-05:00,460.1294153145847,463.0900892897804,458.58597937392244,462.5367736816406,91856200
2024-01-19 00:00:00-05:00,463.6628015298727,468.58434205067863,462.5853202688259,468.3028259277344,110834500
2024-01-22 00:00:00-05:00,469.83656769535,471.0111265282756,468.6425755704272,469.29296875,75844900
2024-01-23 00:00:00-05:00,469.836566173897,470.9043307691421,468.7493682867175,470.6616516113281,49945300
2024-01-24 00:00:00-05:00,473.525326396796,474.4572061642856,470.6811334834007,471.17620849609375,81765000
2024-01-25 00:00:00-05:00,473.30199623812143,474.0106300348732,471.1761540957068,473.73883056640625,72525000
2024-01-26 00:00:00-05:00,473.3117458196852,474.7969411657135,472.2925051479898,473.13702392578125,76641600
2024-01-29 00:00:00-05:00,473.4476261562877,477.0295728420406,472.9040272208165,476.8839416503906,61322800
2024-01-30 00:00:00-05:00,476.1947226231299,477.2236798269538,475.7578883130134,476.51507568359375,58618400
2024-01-31 00:00:00-05:00,474.31152767890586,474.7580490082776,468.7201907326481,468.7396240234375,126011100
2024-02-01 00:00:00-05:00,470.43842101293257,474.90372358641025,469.6327095934461,474.8746032714844,91891600
2024-02-02 00:00:00-05:00,475.31139921660196,481.5239798187347,474.971642466127,479.873779296875,99228200
2024-02-05 00:00:00-05:00,479.24287384642,479.90295413015167,475.87448552123806,478.12652587890625,75757100
2024-02-06 00:00:00-05:00,479.06812791328576,479.8447191007998,477.6411730816488,479.5146789550781,55918600
2024-02-07 00:00:00-05:00,481.75692144262655,483.93131701939416,480.8541325434168,483.513916015625,70556500
2024-02-08 00:00:00-05:00,483.513949705615,484.1060726186496,482.69855130751233,483.7275085449219,52343600
2024-02-09 00:00:00-05:00,484.2322563033971,486.95996752942966,483.89249957484776,486.5231628417969,63979400
2024-02-12 00:00:00-05:00,486.4940393494017,488.7557959365899,485.59125041968997,486.3096008300781,56502300
2024-02-13 00:00:00-05:00,480.04849815534635,482.53353038052535,476.3500701317823,479.6116638183594,113099200
2024-02-14 00:00:00-05:00,482.2423403647749,484.4555731763151,479.92231331563113,483.97021484375,68387800
2024-02-15 00:00:00-05:00,484.66912826614583,487.49391729462275,484.1934569596569,487.3094787597656,61683000
2024-02-16 00:00:00-05:00,487.00856229426716,488.1442842020213,484.144936285217,484.8826904296875,75532900
2024-02-20 00:00:00-05:00,483.14510603430045,483.8149029118612,479.97087316267243,482.2132263183594,71736700
2024-02-21 00:00:00-05:00,480.9124629140013,482.8053426352379,479.1069145137689,482.6500244140625,59293400
2024-02-22 00:00:00-05:00,489.25088043870596,493.5996718242251,488.2898508655614,492.638671875,76402500
2024-02-23 00:00:00-05:00,494.3568250348437,495.1916567031526,492.25038663284334,492.9784240722656,61321800
2024-02-26 00:00:00-05:00,493.4152963659735,493.85213073904663,491.04674520195,491.1729431152344,50386700
2024-02-27 00:00:00-05:00,491.86205080043067,492.3085720852041,489.9691418205027,492.0852966308594,48854500
2024-02-28 00:00:00-05:00,490.5322390639573,492.01743437576624,490.17307863790023,491.4350280761719,56506600
2024-02-29 00:00:00-05:00,493.19203416880555,494.8131144463538,490.5516835957709,493.20172119140625,83924800
2024-03-01 00:00:00-05:00,494.075392019808,498.2591489639279,493.6676779750869,497.83203125,76844800
2024-03-04 00:00:00-05:00,497.03607301464484,499.1425115484434,497.00692307628157,497.2981262207031,49799300
2024-03-05 00:00:00-05:00,495.2984545471132,495.745005535815,490.1245478315941,492.32806396484375,72855600
2024-03-06 00:00:00-05:00,495.5993458504527,497.0748540345267,493.53174438668293,494.8227844238281,68382400
2024-03-07 00:00:00-05:00,498.11356939849594,500.78304025779806,494.8810662776538,499.7346496582031,58652100
2024-03-08 00:00:00-05:00,500.36560770630734,503.04473579557066,496.1623881738849,496.735107421875,86532500
2024-03-11 00:00:00-04:00,495.5314219659159,496.89041928478855,493.6093924281333,496.3079833984375,62557200
2024-03-12 00:00:00-04:00,498.41449998303995,502.2294094929587,495.9003176684613,501.6470031738281,73114400
2024-03-13 00:00:00-04:00,501.9672268025058,502.1419486738022,499.4239541516855,500.860595703125,55104100
2024-03-14 00:00:00-04:00,501.83132111592977,501.9866689472691,496.8321662856789,499.8705139160156,110171800
2024-03-15 00:00:00-04:00,496.80813351794416,498.2590153922283,494.7730358188075,496.4381103515625,107646300
2024-03-18 00:00:00-04:00,500.4985582011873,501.93966343615864,498.97953771699747,499.38848876953125,88893300
2024-03-19 00:00:00-04:00,498.6972103635703,502.44605736767124,497.6942371868493,502.1636962890625,60755300
2024-03-20 00:00:00-04:00,502.2220766323413,506.94465591796825,501.5501987684062,506.8083190917969,69594600
2024-03-21 00:00:00-04:00,509.6419901809582,510.34304922248214,508.20082532016534,508.4832458496094,60256100
2024-03-22 00:00:00-04:00,508.39551924735605,508.8823855528386,507.2854498071945,507.5191955566406,79070800
2024-03-25 00:00:00-04:00,506.14624650613894,507.2660628859731,505.961234915521,506.1170654296875,48512100
2024-03-26 00:00:00-04:00,507.5386061090331,507.87944816611747,504.78298573958654,505.18218994140625,65463700
2024-03-27 00:00:00-04:00,508.00615306178463,509.466752240446,505.84443537276076,509.4277648925781,82999800
2024-03-28 00:00:00-04:00,509.46668962011773,510.8298796934876,509.04799170553036,509.3303527832031,96294900
2024-04-01 00:00:00-04:00,510.07035956686866,510.605900605306,507.2854391895369,508.4441833496094,62477500
2024-04-02 00:00:00-04:00,504.62730299960265,505.34785579995645,502.91352367339005,505.2115783691406,74230300
2024-04-03 00:00:00-04:00,504.12080800253995,507.2660046821648,504.0721332594207,505.76641845703125,59155800
2024-04-04 00:00:00-04:00,509.76856679026787,510.10934946561747,499.2911933332161,499.5930480957031,96858100
2024-04-05 00:00:00-04:00,500.9465048519071,506.7694068986325,500.5083132867227,504.81219482421875,74546500
2024-04-08 00:00:00-04:00,505.5133313161047,506.51624504555883,504.28641866242464,505.0945739746094,48401800
2024-04-09 00:00:00-04:00,506.8278915451877,507.0713247303679,500.83941141698267,505.67889404296875,68049200
2024-04-10 00:00:00-04:00,499.9922143304957,502.60181066009386,498.6387711363,500.61541748046875,82652800
2024-04-11 00:00:00-04:00,502.1344876196163,505.8346601112469,498.6290735605831,504.3935546875,70099000
2024-04-12 00:00:00-04:00,500.85889444352966,502.27081877394835,495.70784003413945,497.4313659667969,92561100
2024-04-15 00:00:00-04:00,501.5989207934361,501.7644387082916,490.3522904966187,491.199462890625,92101400
2024-04-16 00:00:00-04:00,491.676555438244,493.19557596027215,489.018254666714,490.3035888671875,73484000
2024-04-17 00:00:00-04:00,492.75738492725213,492.9229325491744,486.00942494137024,487.40185546875,75910300
2024-04-18 00:00:00-04:00,488.7943295112607,490.88784877913054,485.46415075166374,486.39892578125,74548100
2024-04-19 00:00:00-04:00,486.3210167619427,487.31421332567436,480.8875721611567,482.1534423828125,102212600
2024-04-22 00:00:00-04:00,484.75331996273405,489.18382142190774,482.4163675078979,486.59368896484375,67961000
2024-04-23 00:00:00-04:00,488.5995792337359,492.7963646750655,486.4086807205422,492.367919921875,64633600
2024-04-24 00:00:00-04:00,493.2540334865075,494.0427545951939,489.914137461728,492.1342468261719,55928100
2024-04-25 00:00:00-04:00,486.0678630419317,491.02415872515365,484.42225246602163,490.2646484375,69122400
2024-04-26 00:00:00-04:00,493.0495298783495,496.4868049205615,492.4166096033967,494.90936279296875,64306100
2024-04-29 00:00:00-04:00,496.69125912925006,497.33392621215023,493.92586210692747,496.66204833984375,46415400
2024-04-30 00:00:00-04:00,495.20145909113546,496.1751917116098,488.7943115234375,488.7943115234375,77483600
2024-05-01 00:00:00-04:00,488.2100662136069,494.84118298455326,486.73972044696376,487.2071228027344,80242800
2024-05-02 00:00:00-04:00,490.90736213065725,492.6016773299733,486.42818551774343,491.7642517089844,62550200
2024-05-03 00:00:00-04:00,497.73321224009646,499.08668524553275,495.20150126804214,497.85980224609375,72756700
2024-05-06 00:00:00-04:00,500.25513498697876,503.039996024656,499.81694342031363,503.0010681152344,47264700
2024-05-07 00:00:00-04:00,503.9651034446084,504.9485829994704,502.8842743906612,503.55615234375,52561300
2024-05-08 00:00:00-04:00,501.72543965182825,504.14027734043043,501.6085965012132,503.604736328125,42047200
2024-05-09 00:00:00-04:00,503.7898378767789,506.5455181068331,503.1374535973279,506.50653076171875,43643700
2024-05-10 00:00:00-04:00,508.10342768254765,508.91164241656554,505.94176974404485,507.158935546875,52233200
2024-05-13 00:00:00-04:00,508.8337334335511,508.94082976185797,506.0878002167031,507.22705078125,36716400
2024-05-14 00:00:00-04:00,507.4217834719146,510.07036706182174,506.88624242560803,509.55426025390625,57535900
2024-05-15 00:00:00-04:00,512.0179402902028,516.1563047340521,511.38499019072265,515.8641967773438,59504900
2024-05-16 00:00:00-04:00,515.9615398171848,517.5584758697495,514.6567117176663,514.8027954101562,50244800
2024-05-17 00:00:00-04:00,514.9195214966393,515.6108930215729,513.4686694664939,515.542724609375,59187600
2024-05-20 00:00:00-04:00,515.6596602461204,517.5973789121299,515.2701433728218,516.1367797851562,37764200
2024-05-21 00:00:00-04:00,515.3772666864285,517.5584184029028,515.1727614260365,517.402587890625,33437000
2024-05-22 00:00:00-04:00,516.7113097871478,517.4221156794935,513.7413773413039,515.912841796875,48390000
2024-05-23 00:00:00-04:00,518.9605372397859,519.0676335599267,510.9369308576571,512.1444091796875,57211200
2024-05-24 00:00:00-04:00,513.9848197975488,516.3412958961842,513.0403275362747,515.5330810546875,41291100
2024-05-28 00:00:00-04:00,516.3412489766735,516.5749353115505,513.2642204156563,515.893310546875,36269600
2024-05-29 00:00:00-04:00,511.871810616093,513.4589997088932,511.56995584928654,512.28076171875,45190300
2024-05-30 00:00:00-04:00,510.7422784507473,511.4044095336918,507.6360688600374,508.8824157714844,46377600
2024-05-31 00:00:00-04:00,509.8367770177735,513.6440460717812,504.7441141188356,513.5174560546875,90785800
2024-06-03 00:00:00-04:00,515.1241421408643,515.4065032558699,508.87273480704334,513.9361572265625,46835700
2024-06-04 00:00:00-04:00,512.631323194632,515.2506664560023,511.17072418863216,514.5106201171875,34632700
2024-06-05 00:00:00-04:00,516.8282099211538,520.6452260973251,514.8417568472363,520.625732421875,47610400
2024-06-06 00:00:00-04:00,520.927446289771,521.3558910101924,518.6878732006264,520.6158447265625,30808500
2024-06-07 00:00:00-04:00,519.6420681166458,522.787264555686,518.5514924537447,519.98291015625,43224500
2024-06-10 00:00:00-04:00,519.1748224338155,521.9110090941606,518.5808597177815,521.5896606445312,35686100
2024-06-11 00:00:00-04:00,520.0414093421914,522.9041857425336,518.0744503489441,522.8457641601562,36383400
2024-06-12 00:00:00-04:00,527.4028804771598,529.8274655446977,526.1077992631506,527.1399536132812,63251300
2024-06-13 00:00:00-04:00,528.8829798084458,529.0582445758802,525.4164935113477,528.2013549804688,44760900
2024-06-14 00:00:00-04:00,526.6725282080745,528.5518251182958,525.6695550365463,528.5226440429688,40089900
2024-06-17 00:00:00-04:00,527.8410888070123,534.1216772051151,527.3834034899254,532.7291870117188,55839500
2024-06-18 00:00:00-04:00,532.7876822378984,534.2093537069524,532.3689842110815,534.082763671875,41376400
2024-06-20 00:00:00-04:00,535.0076850141029,535.669816103357,530.8595742964317,532.6317749023438,70328200
2024-06-21 00:00:00-04:00,531.810221745453,533.0313142277637,530.4621308750893,531.9176635742188,64338600
2024-06-24 00:00:00-04:00,531.7417933525489,534.3011982327657,530.0713174980777,530.1885375976562,45528700
2024-06-25 00:00:00-04:00,531.4096242974609,532.5916631831469,529.8954816744096,532.230224609375,37936200
2024-06-26 00:00:00-04:00,531.1167351250136,533.6077524053179,530.4720243887124,532.8946533203125,38550600
2024-06-27 00:00:00-04:00,532.7578670304722,534.311123211826,532.0154331135317,533.7347412109375,35041500
2024-06-28 00:00:00-04:00,534.5063503169283,537.5542520433446,530.3937489459842,531.6343383789062,76144500
2024-07-01 00:00:00-04:00,533.0118486999152,533.2560672380866,529.973784394742,532.7285766601562,40297800
2024-07-02 00:00:00-04:00,531.1264605772033,536.3136596679688,531.0776287968915,536.3136596679688,40434800
2024-07-03 00:00:00-04:00,536.0010708200014,539.068469909586,535.9620173191718,538.70703125,32789900
2024-07-05 00:00:00-04:00,539.0098526062544,542.213968717536,538.3748605783948,541.8134765625,41488400
2024-07-08 00:00:00-04:00,542.5949332840256,543.3861988920726,541.3738407022457,542.4386596679688,36110500
2024-07-09 00:00:00-04:00,543.3959524424528,544.2946598471173,542.6730752067231,542.9661254882812,27289700
2024-07-10 00:00:00-04:00,544.1872136667199,548.6808102777995,543.894163387503,548.3389282226562,38701200
2024-07-11 00:00:00-04:00,548.4561564855596,549.3255886798729,542.9759074999535,543.61083984375,53054200
2024-07-12 00:00:00-04:00,544.7343252522627,550.6346235261244,544.2654447499774,547.0397338867188,53084400
2024-07-15 00:00:00-04:00,549.0324432768749,551.7774564341378,546.6879221671659,548.5440063476562,40584300
2024-07-16 00:00:00-04:00,549.8530882979716,552.090108393895,549.1008762046278,551.7970581054688,36475300
2024-07-17 00:00:00-04:00,545.8772131422685,547.5476892504238,543.7378565645935,544.0602416992188,57119000
2024-07-18 00:00:00-04:00,545.5939606590898,546.5806130354061,537.7008012722223,539.8792114257812,56270400
2024-07-19 00:00:00-04:00,539.6447995873152,541.2664440605769,535.2390876445896,536.2941284179688,65509100
2024-07-22 00:00:00-04:00,540.2113760766848,542.4288993582354,538.277184442637,541.8232421875,43346700
2024-07-23 00:00:00-04:00,541.7156406949248,543.8647752379528,540.4848296428585,540.9732666015625,34439600
2024-07-24 00:00:00-04:00,536.1669925418511,536.4698210648305,527.7951760937185,528.7134399414062,74515300
2024-07-25 00:00:00-04:00,528.8306910081631,534.7994361794972,525.0209183627663,525.9586791992188,61158300
2024-07-26 00:00:00-04:00,529.7394040953245,534.5358304934725,528.967635268205,531.8494262695312,53763800
2024-07-29 00:00:00-04:00,533.3927359573876,534.3988851266782,530.169004207153,532.161865234375,39515800
2024-07-30 00:00:00-04:00,533.6272524601584,534.6822931769603,526.0662565076813,529.4657592773438,46853600
2024-07-31 00:00:00-04:00,536.284203519186,540.6996925359946,534.9166158614872,538.0718994140625,65663400
2024-08-01 00:00:00-04:00,539.7913062018092,542.0381046138815,526.9551667505608,530.452392578125,76428700
2024-08-02 00:00:00-04:00,523.3603002519518,524.5716145988897,516.3756265717791,520.5762329101562,82789100
2024-08-05 00:00:00-04:00,499.80782241877216,511.4717002411795,498.4694800108966,505.4150695800781,146267400
2024-08-06 00:00:00-04:00,507.21253555376086,517.4990483238507,505.89377938390135,510.0748291015625,84826300
2024-08-07 00:00:00-04:00,516.2485672171777,519.2964689099484,506.06955696870784,506.6654357910156,70698300
2024-08-08 00:00:00-04:00,511.79405372836936,519.0033889369354,509.77197692780607,518.3782348632812,63276600
2024-08-09 00:00:00-04:00,517.5576710131196,522.1489912653111,516.3365783728381,520.6641235351562,45619600
2024-08-12 00:00:00-04:00,521.8559471668351,523.3407552909962,518.6713279832952,520.9376831054688,42542100
2024-08-13 00:00:00-04:00,524.122235093717,529.739260585726,523.8780165940644,529.5047607421875,52333100
2024-08-14 00:00:00-04:00,530.2960824274743,532.3573320967027,527.6292352085552,531.17529296875,42446900
2024-08-15 00:00:00-04:00,536.7923373384469,540.5630571909627,536.1866801444643,540.27978515625,60846800
2024-08-16 00:00:00-04:00,538.6678476452682,542.1846298407453,538.5115740387317,541.4910278320312,44430700
2024-08-19 00:00:00-04:00,541.9013070349608,546.66845703125,541.0514314058853,546.66845703125,39121800
2024-08-20 00:00:00-04:00,546.2190851764095,547.8700045132335,544.4411674580102,545.7794799804688,33732300
2024-08-21 00:00:00-04:00,546.8248322343893,549.1106842316043,541.9013486274712,547.6551513671875,41514600
2024-08-22 00:00:00-04:00,549.5502187339081,550.155875826028,542.1454973391976,543.3568115234375,56121500
2024-08-23 00:00:00-04:00,546.5903394303513,550.0680084955276,544.4020915801096,549.1301879882812,50639400
2024-08-26 00:00:00-04:00,550.1559715338451,550.8690705771505,546.1214765619129,547.8212280273438,35788600
2024-08-27 00:00:00-04:00,546.5512279111676,549.0618012606642,545.4083020191189,548.5733642578125,32693900
2024-08-28 00:00:00-04:00,548.2315309438809,548.661357929549,542.204174863817,545.3887939453125,41066000
2024-08-29 00:00:00-04:00,547.352316743397,550.644377643334,544.2946960843145,545.4376220703125,38715200
2024-08-30 00:00:00-04:00,547.8016102208953,551.1522806301471,544.255553101835,550.644287109375,62700100
2024-09-03 00:00:00-04:00,547.5086116923438,547.8407751289367,536.8021094517958,539.3126831054688,60600100
2024-09-04 00:00:00-04:00,537.4761456891545,541.6083040829072,536.7532683896355,538.2088012695312,47224900
2024-09-05 00:00:00-04:00,538.1502689658041,540.9929467939947,534.447877405527,536.8998413085938,44264300
2024-09-06 00:00:00-04:00,537.2221796738046,538.8437645502386,526.9650009606123,527.8637084960938,68493800
2024-09-09 00:00:00-04:00,532.0544335310877,535.043665505135,530.1299607989381,533.773681640625,40445800
2024-09-10 00:00:00-04:00,535.6786451567546,536.4504138231891,530.8138314182086,536.0986938476562,36394600
2024-09-11 00:00:00-04:00,536.0108800293665,542.5168359009789,527.4730091477311,541.5985717773438,75248600
2024-09-12 00:00:00-04:00,542.1749203516514,546.4634120914028,539.9573969973035,546.1605834960938,51819600
2024-09-13 00:00:00-04:00,546.7662020730168,550.0094311099382,546.5122052774053,549.0130004882812,39310500
2024-09-16 00:00:00-04:00,548.7491943236346,550.0875069413107,546.9517795427174,549.8237915039062,36656100
2024-09-17 00:00:00-04:00,552.0315464267048,553.4773606816602,547.8212213158272,550.0485229492188,49321000
2024-09-18 00:00:00-04:00,550.7030274298603,555.5385664291312,547.8603498689396,548.4171752929688,59044900
2024-09-19 00:00:00-04:00,557.8048475354702,559.6315971955383,554.9426137920285,557.7755126953125,75315500
2024-09-20 00:00:00-04:00,556.4097417755912,557.8501228348005,553.7934442412877,556.8114624023438,77503100
2024-09-23 00:00:00-04:00,557.8793836152081,558.8494456443765,556.6642942041962,558.2026977539062,44116900
2024-09-24 00:00:00-04:00,558.9964258828836,559.8587165873663,556.1743944512203,559.7999267578125,46805700
2024-09-25 00:00:00-04:00,559.6432009533316,560.378103761662,557.4580492681129,558.5653076171875,38428600
2024-09-26 00:00:00-04:00,562.8180547288375,563.1414287581459,558.4282537761399,560.7799072265625,48336000
2024-09-27 00:00:00-04:00,561.847824630314,562.6610738881527,558.9375788488986,559.9664306640625,42100900
2024-09-30 00:00:00-04:00,558.9376557740085,562.8179640810873,556.6447925339722,562.21044921875,63557400
2024-10-01 00:00:00-04:00,561.8576982708267,562.5043864049716,554.6066335561335,557.1738891601562,72668800
2024-10-02 00:00:00-04:00,556.282242548741,558.4281611024765,553.8913563966638,557.4090576171875,38097800
2024-10-03 00:00:00-04:00,555.9392527365582,558.3301388916863,554.106899883147,556.3900146484375,40846500
2024-10-04 00:00:00-04:00,560.828843806913,561.8185225581165,556.6643942780399,561.4461669921875,42939100
2024-10-07 00:00:00-04:00,559.7999074826037,560.446655391967,555.2239297880301,556.370361328125,49964700
2024-10-08 00:00:00-04:00,558.9376197622599,562.230029540932,558.0655806170524,561.6322631835938,37398700
2024-10-09 00:00:00-04:00,561.6225963883663,566.0810553811073,561.024889687,565.5225219726562,37912200
2024-10-10 00:00:00-04:00,564.1799758679994,565.9535388259317,562.9257131010544,564.53271484375,44138100
2024-10-11 00:00:00-04:00,564.4542980317323,568.6481717987969,564.3171018304082,567.9132690429688,42268000
2024-10-14 00:00:00-04:00,569.5201665882303,573.4886890058166,569.0400397275337,572.5578002929688,36217200
2024-10-15 00:00:00-04:00,572.8224268603595,573.1261842726946,566.8941634738084,568.1092529296875,54203600
2024-10-16 00:00:00-04:00,568.1093193754714,571.097912292803,567.3058184280349,570.5785522460938,30725400
2024-10-17 00:00:00-04:00,574.1157772582931,574.3215715502484,570.4412636582532,570.62744140625,34393700
2024-10-18 00:00:00-04:00,572.3128360166068,573.6062719503354,570.8528388827377,572.8223876953125,37416800
2024-10-21 00:00:00-04:00,572.0973176864316,573.0771881011084,568.912738838732,571.8817749023438,36439000
2024-10-22 00:00:00-04:00,569.3536780068462,572.7342428128154,568.697181591541,571.5780029296875,34183800
2024-10-23 00:00:00-04:00,569.5594810059998,570.0004346494243,562.8571411229607,566.3552856445312,49314600
2024-10-24 00:00:00-04:00,568.3051725972728,568.3835789691921,564.9638411001258,567.580078125,34979900
2024-10-25 00:00:00-04:00,569.8044050522926,572.6950344865168,566.443456997856,567.3840942382812,47268200
2024-10-28 00:00:00-04:00,570.8528957024953,570.9802836348513,568.8343651367928,569.1381225585938,30174700
2024-10-29 00:00:00-04:00,568.1778099310847,571.1762108700161,566.7864107519835,570.0592041015625,42899700
2024-10-30 00:00:00-04:00,569.5888588084969,571.5780244818477,567.6291179550885,568.3346557617188,41435800
2024-10-31 00:00:00-04:00,563.9741674152153,564.0427655154251,556.9974954170759,557.1934814453125,60182500
2024-11-01 00:00:00-04:00,559.8196194970722,563.9644525610958,559.1336981878939,559.5452270507812,45667500
2024-11-04 00:00:00-05:00,559.6823223393656,560.9757583388703,556.4585705161212,558.3399047851562,38217000
2024-11-05 00:00:00-05:00,559.2512590975022,565.1304818819561,559.0357163025479,565.09130859375,39478300
2024-11-06 00:00:00-05:00,577.3396500855225,580.0146771322202,573.6063462638446,579.142578125,68182000
2024-11-07 00:00:00-05:00,581.1415644099445,584.639708979933,581.063158030651,583.62060546875,47233200
2024-11-08 00:00:00-05:00,584.1693242787533,587.5695056932594,584.1693242787533,586.148681640625,46444900
2024-11-11 00:00:00-05:00,587.7360663213191,588.0888053142032,584.9826328704219,586.7072143554688,37586800
2024-11-12 00:00:00-05:00,586.6288429184635,587.2265495486535,582.4056036057904,584.8847045898438,43006100
2024-11-13 00:00:00-05:00,585.3451927424278,587.1677373847895,582.9837313260188,585.1688232421875,47388600
2024-11-14 00:00:00-05:00,585.2961219646461,585.7762488320935,580.7201445096133,581.406005859375,38904100
2024-11-15 00:00:00-05:00,577.8491633593196,578.3195418358689,572.1071369723535,573.9591064453125,75988800
2024-11-18 00:00:00-05:00,574.4195885423085,577.6237838402152,573.5573576252949,576.310791015625,37001700
2024-11-19 00:00:00-05:00,572.9400384688264,579.142574989824,572.2737337790142,578.41748046875,49412000
2024-11-20 00:00:00-05:00,578.495884693383,578.8976052377521,572.8616299600318,578.6134643554688,50032600
2024-11-21 00:00:00-05:00,581.455141177832,583.1404896221547,575.6249001169805,581.7196655273438,46750300
2024-11-22 00:00:00-05:00,581.7097870344509,584.1497143652956,581.2101034094488,583.5225830078125,38226400
2024-11-25 00:00:00-05:00,587.451946771504,588.7649396726674,583.2188992835091,585.5020141601562,42441400
2024-11-26 00:00:00-05:00,586.746407902425,589.2255088244219,586.0311216188419,588.5592041015625,45621300
2024-11-27 00:00:00-05:00,588.3729502321648,588.7550542016285,585.256969810655,586.7757568359375,34000200
2024-11-29 00:00:00-05:00,587.5890586237147,591.2047827973582,587.3147260107087,590.4208984375,30177400
2024-12-02 00:00:00-05:00,590.8324390421951,592.1552999944694,590.3425038316959,591.4791870117188,31746000
2024-12-03 00:00:00-05:00,591.2439261058101,591.9983855319149,590.2150743018244,591.75341796875,26906600
2024-12-04 00:00:00-05:00,593.438872844782,595.6729460981672,592.7725681970518,595.427978515625,42787600
2024-12-05 00:00:00-05:00,595.4279293312596,596.231430112411,594.095320145877,594.4480590820312,28762200
2024-12-06 00:00:00-05:00,595.212464951605,596.8096584526629,594.800936138575,595.5750122070312,31241500
2024-12-09 00:00:00-05:00,595.4574149257465,595.6239761392873,591.9200973185369,592.5079956054688,34742700
2024-12-10 00:00:00-05:00,593.1841677805376,593.605504896008,590.0093971009587,590.6658935546875,37234500
2024-12-11 00:00:00-05:00,593.5858806768452,596.1825011825678,593.3114882757061,595.2320556640625,28677700
2024-12-12 00:00:00-05:00,594.3698085144841,594.9380902901107,592.1651000976562,592.1651000976562,31543800
2024-12-13 00:00:00-05:00,594.1935263218123,594.908812686274,590.6757647272243,592.047607421875,35904700
2024-12-16 00:00:00-05:00,593.8014854078001,595.5456834945226,593.0274092921627,594.5755615234375,43695200
2024-12-17 00:00:00-05:00,592.0278303510687,592.9880840930309,590.7540109408761,592.1257934570312,55773500
2024-12-18 00:00:00-05:00,591.8220501813851,594.2031278558312,574.0962297805506,574.4783935546875,108248700
2024-12-19 00:00:00-05:00,579.456191269411,581.0631932062172,574.0570953688857,574.3020629882812,85919500
2024-12-20 00:00:00-05:00,571.9778279294948,585.7225012446567,571.132257605004,581.199951171875,125716700
2024-12-23 00:00:00-05:00,580.9443919924163,585.2801382457641,577.7687172457148,584.680419921875,57635800
2024-12-24 00:00:00-05:00,586.0273454449668,591.2185033240278,585.4472496940897,591.1791381835938,33160100
2024-12-26 00:00:00-05:00,589.4093887705021,592.3392110668057,588.0133066034633,591.2184448242188,41219100
2024-12-27 00:00:00-05:00,587.4823184826345,587.7183292627742,580.8164691334702,584.9949340820312,64969300
2024-12-30 00:00:00-05:00,577.9948115421023,581.7799853973963,574.5733451400716,578.3192138671875,56578800
2024-12-31 00:00:00-05:00,579.9807622286955,580.6985158642835,574.583178079053,576.2152709960938,57052700
2025-01-02 00:00:00-05:00,579.4696102256324,581.1803135593343,570.7292291618253,574.799560546875,50204000
2025-01-03 00:00:00-05:00,577.6409845465478,582.6255957493436,576.5594632537445,581.986572265625,37888500
2025-01-06 00:00:00-05:00,586.2337670283534,589.6060270134918,583.608664526265,585.3390502929688,47679400
2025-01-07 00:00:00-05:00,587.3644406233403,587.6889029930588,576.9035745975999,578.722412109375,60393100
2025-01-08 00:00:00-05:00,578.7911287868388,580.6394897953063,575.3500401020275,579.5678100585938,47304700
2025-01-10 00:00:00-05:00,576.0185903209236,576.0874192959229,568.8119506064235,570.7192993164062,73105000
2025-01-13 00:00:00-05:00,566.0788468496604,571.9581742427216,565.6658729466735,571.604248046875,47910100
2025-01-14 00:00:00-05:00,574.5242054496483,575.1534475548353,568.6153544470202,572.3907470703125,48420600
2025-01-15 00:00:00-05:00,580.3938376431494,583.943061283102,579.2828525136379,582.8026123046875,56900200
2025-01-16 00:00:00-05:00,584.1692088227892,584.3461719512361,580.9837524950591,581.6818237304688,43319700
2025-01-17 00:00:00-05:00,586.9121689712896,589.2717368825727,585.5848557638515,587.521728515625,58070600
2025-01-21 00:00:00-05:00,590.5596519481012,592.9094384516549,588.5933154613438,592.8995971679688,42532900
2025-01-22 00:00:00-05:00,595.7213382459036,597.5893820777127,595.1707663809229,596.2326049804688,48196000
2025-01-23 00:00:00-05:00,595.6033506126263,599.4868774414062,595.3280946897063,599.4868774414062,41152100
2025-01-24 00:00:00-05:00,599.54587252364,600.4995770008244,596.5865262707722,597.73681640625,34604700
2025-01-27 00:00:00-05:00,584.798310310645,589.5961762199101,584.6311885086425,589.2815551757812,70361100
2025-01-28 00:00:00-05:00,590.5104687195756,595.1805175844501,587.1971967465958,594.3448486328125,44433300
2025-01-29 00:00:00-05:00,593.5583059073574,593.9614384934404,589.1340487911447,591.6804809570312,37177400
2025-01-30 00:00:00-05:00,593.7943006280343,596.389819126707,590.6087851839717,594.8560791015625,39281300
2025-01-31 00:00:00-05:00,597.2746959271392,599.6933113603776,590.9332488823969,591.6903076171875,66566900
2025-02-03 00:00:00-05:00,582.6943020815504,590.1860392450765,580.5510025263411,587.70849609375,65857200
2025-02-04 00:00:00-05:00,587.767535135661,592.1622687341741,587.2268045597665,591.6510620117188,33457800
2025-02-05 00:00:00-05:00,590.5302274178379,594.1974260072697,588.5049031019603,594.0499267578125,30653100
2025-02-06 00:00:00-05:00,595.7901616750784,596.242440705887,592.4867305159943,596.1146240234375,35771500
2025-02-07 00:00:00-05:00,596.6750050236558,597.8941240756534,589.9501076619601,590.6580200195312,50788500
2025-02-10 00:00:00-05:00,593.8631663388722,595.3083949100401,592.5948408497425,594.6693115234375,26048700
2025-02-11 00:00:00-05:00,592.4080280097315,595.662312577201,592.2900526181724,595.12158203125,30056700
2025-02-12 00:00:00-05:00,589.1143924293652,594.3743182514838,588.436003976824,593.204345703125,45076100
2025-02-13 00:00:00-05:00,594.3055902381474,599.6737110792319,593.047165943141,599.4672241210938,40921300
2025-02-14 00:00:00-05:00,599.6736338799176,600.7059485220444,598.8182823186273,599.4376831054688,26910400
2025-02-18 00:00:00-05:00,600.5978525430173,601.1975708007812,598.1399318067746,601.1975708007812,26749000
2025-02-19 00:00:00-05:00,599.8112758662747,602.9082197102092,599.3000091966954,602.61328125,31011100
2025-02-20 00:00:00-05:00,601.2467110134413,601.3843689751305,596.8028311734677,600.1062622070312,36554000
2025-02-21 00:00:00-05:00,599.8899309928074,600.0275889538111,589.3798596850504,589.8419799804688,76519800
2025-02-24 00:00:00-05:00,591.8869960824046,592.8800056614799,586.4500466079941,587.157958984375,50737200
2025-02-25 00:00:00-05:00,587.0989070332523,587.8264418905826,579.636634088407,584.2378540039062,58266500
2025-02-26 00:00:00-05:00,585.8995163780398,589.4881049123491,581.8980139327481,584.5328979492188,43321600
2025-02-27 00:00:00-05:00,586.8040113591791,587.9543615454245,574.8094053796542,575.20263671875,74196700
2025-02-28 00:00:00-05:00,575.7040488167072,584.7098443771037,572.6365684069419,584.178955078125,88744100
2025-03-03 00:00:00-05:00,586.1452445030724,587.2857532860544,570.1392964764723,573.9441528320312,74249200
2025-03-04 00:00:00-05:00,569.9525173224438,575.5369060706639,562.6180601948478,567.1504516601562,109648200
2025-03-05 00:00:00-05:00,566.9833166199888,575.035467216836,563.434093538414,573.24609375,71230500
2025-03-06 00:00:00-05:00,565.7937090893346,570.4047711019521,560.523941077153,563.0703735351562,80094900
2025-03-07 00:00:00-05:00,561.2907328755356,567.6714847046253,556.1094174114145,566.2261962890625,81158800
2025-03-10 00:00:00-04:00,558.0365509948175,559.9536812738498,546.2385307775894,551.14453125,99326600
2025-03-11 00:00:00-04:00,549.984271043128,554.5265029627828,542.7284855075093,546.5628051757812,88102100
2025-03-12 00:00:00-04:00,552.7076387923001,553.6318192815521,544.3703918307585,549.4631958007812,69588200
2025-03-13 00:00:00-04:00,549.0896174558009,549.6991769603108,540.4279077137791,542.1386108398438,74079400
2025-03-14 00:00:00-04:00,546.7497351697265,554.3398260143258,542.2075022062043,553.3369750976562,62660300
2025-03-17 00:00:00-04:00,553.3173439083719,560.1209127085318,552.8847473951123,557.60400390625,49008700
2025-03-18 00:00:00-04:00,555.2934937414076,555.5098219909205,549.6501167935029,551.5771484375,66041400
2025-03-19 00:00:00-04:00,553.3565563629542,561.3398770802173,552.1767425607164,557.5841674804688,66556000
2025-03-20 00:00:00-04:00,553.8483063542163,560.9664364159598,553.1305525718145,555.971923828125,62958200
2025-03-21 00:00:00-04:00,551.5205297947124,557.0526817242638,550.2878724028328,556.1552734375,83763000
2025-03-24 00:00:00-04:00,562.880651498493,567.1703352751009,562.2890000340255,566.1151733398438,58766800
2025-03-25 00:00:00-04:00,567.3181993393742,568.4127846067184,565.73055113845,567.4760131835938,38355700
2025-03-26 00:00:00-04:00,567.2096383928869,568.3338361253896,559.3206328679597,560.7012329101562,51848300
2025-03-27 00:00:00-04:00,559.3108687859911,562.9792883535321,557.101956447335,559.2122802734375,42164200
2025-03-28 00:00:00-04:00,557.6837393471919,558.4134627917625,547.3688420558537,547.9506225585938,71662700
2025-03-31 00:00:00-04:00,542.201546342058,552.9305994826874,539.282592409213,551.62890625,95328200
2025-04-01 00:00:00-04:00,549.715889513425,555.1297110203275,545.9981756472096,553.18701171875,54609600
2025-04-02 00:00:00-04:00,547.3491017135567,559.547472787333,547.1124411566806,556.687744140625,76014500
2025-04-03 00:00:00-04:00,537.5471385326381,540.3674444952709,529.2538452148438,529.2538452148438,125986000
2025-04-04 00:00:00-04:00,516.404523136506,518.5740121118964,498.05273494035157,498.2696838378906,217965100
2025-04-07 00:00:00-04:00,482.40291724281104,515.9114550791749,475.115432610906,497.3821716308594,256611400
2025-04-08 00:00:00-04:00,514.6196468974629,517.6963548854247,482.3733480760591,489.591796875,165816600
2025-04-09 00:00:00-04:00,486.5939443539347,541.0083618164062,486.20934082523814,541.0083618164062,241867300
2025-04-10 00:00:00-04:00,524.7865408671853,526.098105010763,502.2535908103832,517.3018798828125,162331200
2025-04-11 00:00:00-04:00,515.7536950429114,528.9874872153164,512.8544826104954,526.5320434570312,97866300
2025-04-14 00:00:00-04:00,536.5017912856171,536.7286411738348,526.453165817952,531.6401977539062,68034000
2025-04-15 00:00:00-04:00,532.1824786951643,535.6930840370895,529.3621734315309,530.1510620117188,56892900
2025-04-16 00:00:00-04:00,524.3033791384568,530.4272422697393,513.0713913810127,518.3668823242188,83484800
2025-04-17 00:00:00-04:00,520.3194821276195,523.800475242003,516.6411916080497,519.1065063476562,79868100
2025-04-21 00:00:00-04:00,513.9293312369678,514.4618777265953,501.4055507612705,506.7503662109375,69368100
2025-04-22 00:00:00-04:00,512.9235348557764,521.9564215250564,511.9867032226325,519.9348754882812,75948100
2025-04-23 00:00:00-04:00,532.9319549297188,537.8625838932508,526.4728430251603,527.991455078125,90590700
2025-04-24 00:00:00-04:00,529.2734571828396,539.8348871004667,528.0211182344198,539.1051635742188,64150400
2025-04-25 00:00:00-04:00,539.0657336001437,543.4046513367819,536.1467793425768,543.0003662109375,61119600
2025-04-28 00:00:00-04:00,543.7399439376,545.8699492792146,537.4583271221219,543.2073974609375,47613800
2025-04-29 00:00:00-04:00,541.294298062473,547.7435994540236,540.9393072120234,546.6292724609375,47775100
2025-04-30 00:00:00-04:00,539.9729835885655,548.7988227140515,534.0069337400583,546.8462524414062,93101500
2025-05-01 00:00:00-04:00,552.595342895286,556.2440206119321,550.1201573586014,550.7216796875,63186100
2025-05-02 00:00:00-04:00,556.8948640346016,560.4942476694231,554.5774922291787,558.896728515625,60717300
2025-05-05 00:00:00-04:00,554.7648727126054,558.788283367358,553.9069479669498,555.6918334960938,38659200
2025-05-06 00:00:00-04:00,550.1891944565425,555.533979770925,549.2326812616892,551.047119140625,48264700
2025-05-07 00:00:00-04:00,552.3784980322621,555.9975635671368,548.325474465382,553.3646240234375,55588000
2025-05-08 00:00:00-04:00,557.3977713110521,562.3974366423718,553.9069074354913,557.2202758789062,65130800
2025-05-09 00:00:00-04:00,558.6205173502777,559.6263849147109,554.9521583078488,556.51025390625,37603400
2025-05-12 00:00:00-04:00,573.4026196086874,574.9114211824733,569.0340889310521,574.9015502929688,78993600
2025-05-13 00:00:00-04:00,575.3157161654024,580.907093658496,574.7536773375426,578.6981811523438,67947200
2025-05-14 00:00:00-04:00,579.6546629482465,580.8084133986617,577.4161378946785,579.437744140625,66283500
2025-05-15 00:00:00-04:00,577.4357820961777,582.7706958315019,576.9821425909696,582.267822265625,71268100
2025-05-16 00:00:00-04:00,583.0468496173695,586.251758304484,581.104210780506,585.9559326171875,76052100
2025-05-19 00:00:00-04:00,579.9405744991373,587.2773530559552,579.9405744991373,586.596923828125,68168500
2025-05-20 00:00:00-04:00,584.8614155899625,585.8080578995526,581.419785763877,584.6246948242188,60614500
2025-05-21 00:00:00-04:00,580.2759146876367,584.3584902721909,573.7477661832594,574.7733154296875,95197700
2025-05-22 00:00:00-04:00,574.5760959985981,578.4811762683786,573.3434386116112,575.0001831054688,70860400
2025-05-23 00:00:00-04:00,567.988738706783,573.7378691727489,567.6140060747297,571.0753173828125,76029000
2025-05-27 00:00:00-04:00,577.9387671986972,583.1060568711622,570.4047514802384,582.9483032226562,72588500
2025-05-28 00:00:00-04:00,583.3526236048898,584.545857588394,578.8460211072919,579.5757446289062,68445500
2025-05-29 00:00:00-04:00,584.8318964184041,584.969968506741,577.9388851521843,581.8636474609375,69973300
2025-05-30 00:00:00-04:00,580.7590679776305,582.92855680446,575.148009692676,581.2127075195312,90601200
2025-06-02 00:00:00-04:00,579.6053591727813,584.5655410710423,576.9428072484826,584.4866943359375,61630500
2025-06-03 00:00:00-04:00,584.121791379625,588.7960181097066,583.6385391723649,587.8197631835938,63606200
2025-06-04 00:00:00-04:00,588.6776647088699,589.6539195966438,587.2280285207049,587.6619262695312,57314200
2025-06-05 00:00:00-04:00,589.3384339818148,590.6894216670538,582.8497086239531,584.8219604492188,92278700
2025-06-06 00:00:00-04:00,590.3540722792903,592.4940086999786,588.5790577947733,590.8274536132812,66588700
2025-06-09 00:00:00-04:00,591.3994087206146,592.9082102708385,590.1864930975049,591.3599853515625,53016400
2025-06-10 00:00:00-04:00,591.8924637491524,595.0973729509094,590.7781968461302,594.7128295898438,66247000
2025-06-11 00:00:00-04:00,595.807477097167,596.6654019118176,590.9557539749433,593.0167236328125,73658200
2025-06-12 00:00:00-04:00,591.6854337777163,595.37353515625,591.2022416981604,595.37353515625,64129000
2025-06-13 00:00:00-04:00,590.1963519379123,593.499849631983,587.218232455665,588.7171630859375,89506000
2025-06-16 00:00:00-04:00,592.0699627819344,596.0637602908375,591.892407169678,594.3182983398438,79984100
2025-06-17 00:00:00-04:00,591.8826784891205,593.401290785268,588.480531921813,589.2398681640625,82209400
2025-06-18 00:00:00-04:00,590.1371267775953,592.8785252065284,588.1944276516227,589.1510009765625,76605000
2025-06-20 00:00:00-04:00,591.8224395288368,592.8906208578056,586.3629131433069,587.7673950195312,94051400
2025-06-23 00:00:00-04:00,588.5190130228361,593.9587392448562,585.4035696790836,593.5730590820312,87426000
2025-06-24 00:00:00-04:00,597.7072691809916,601.1886530620405,596.7973078378046,600.1304321289062,67735300
2025-06-25 00:00:00-04:00,601.2479344884113,601.9402753154866,598.9039119654944,600.4666137695312,62114800
2025-06-26 00:00:00-04:00,602.3161684365299,605.5997923429508,601.7029677445283,605.1646118164062,78548400
2025-06-27 00:00:00-04:00,606.1634816784541,609.6350254118207,604.1359596054803,608.1712036132812,86258400
2025-06-30 00:00:00-04:00,610.6142201701539,612.4340220516922,608.2998373553096,611.0790405273438,92502500
2025-07-01 00:00:00-04:00,609.6053849111585,612.0483479268365,608.7746241554748,610.8812866210938,70030100
2025-07-02 00:00:00-04:00,610.4757907292374,613.6901746824169,609.8526899336259,613.650634765625,66510400
2025-07-03 00:00:00-04:00,615.628656191773,619.4167005776212,615.6088560521965,618.4869995117188,51065800
2025-07-07 00:00:00-04:00,616.5286134886126,617.1913144548079,611.0987877910964,613.8779907226562,74814500
2025-07-08 00:00:00-04:00,614.5406899285775,615.2923708557059,612.7307881009865,613.5418090820312,59024600
2025-07-09 00:00:00-04:00,615.945166968477,617.8737488887257,614.1055045789822,617.2210083007812,66113300
2025-07-10 00:00:00-04:00,617.3595500232223,620.000273214104,616.1825885407072,618.9617919921875,57529000
2025-07-11 00:00:00-04:00,615.9154666088177,618.0122289852302,614.7187654701638,616.7858276367188,63670200
2025-07-14 00:00:00-04:00,616.3308265898004,618.3089087938923,614.9857451789246,617.9627685546875,51898500
2025-07-15 00:00:00-04:00,620.6431287961128,620.9793689858044,615.242942324076,615.3220825195312,74317300
2025-07-16 00:00:00-04:00,616.9044910111767,617.8836320494379,611.276844692317,617.3792114257812,88987500
2025-07-17 00:00:00-04:00,617.557284919235,621.5134493059918,617.3396644874989,621.1573486328125,68885700
2025-07-18 00:00:00-04:00,622.4036365954075,622.5717567026577,619.5947932954602,620.7025146484375,65621600
2025-07-21 00:00:00-04:00,621.87939453125,624.6189973413707,621.4541141003111,621.87939453125,63375000
2025-07-22 00:00:00-04:00,622.2058050575365,622.828905853138,619.3277216791315,621.9684448242188,60046300
2025-07-23 00:00:00-04:00,624.6288825447934,627.259765625,622.8288205336723,627.259765625,70511000
2025-07-24 00:00:00-04:00,627.6454884244192,629.1785504969665,627.0421878119985,627.4674682617188,71307100
2025-07-25 00:00:00-04:00,628.1301809903662,630.5928838363332,627.8829206987424,630.1181030273438,56865400
2025-07-28 00:00:00-04:00,630.4939604147171,631.0478210681617,628.5752180855901,629.9598999023438,54917100
2025-07-29 00:00:00-04:00,631.3543820995848,631.6708825055948,627.3883778702398,628.2982788085938,60556300
2025-07-30 00:00:00-04:00,628.9510415464463,630.6917636576716,624.6190364089183,627.507080078125,80418900
2025-07-31 00:00:00-04:00,632.4523273568442,632.8380075585872,623.857556644127,625.1531982421875,103385200
2025-08-01 00:00:00-04:00,619.4364414435403,619.476041722763,612.5032535330552,614.9066162109375,140103600
2025-08-04 00:00:00-04:00,618.813325728958,624.3024917393647,618.7243458354196,624.2530517578125,73218000
2025-08-05 00:00:00-04:00,624.8662177521945,625.6772386500149,620.168272806011,621.0880737304688,68051400
2025-08-06 00:00:00-04:00,622.1563552914652,626.4982606508958,621.2464542892866,625.8455200195312,64357500
2025-08-07 00:00:00-04:00,629.2674923107387,629.9993730574174,622.2156245224251,625.3212280273438,74205800
2025-08-08 00:00:00-04:00,627.1114011688534,630.6620853000642,626.7949007710238,630.1972045898438,64051600
2025-08-11 00:00:00-04:00,630.4742118551501,631.947873553624,627.70484826023,628.9510498046875,58742300
2025-08-12 00:00:00-04:00,631.2950454377703,635.8050706066525,629.8114837326607,635.6468505859375,64730800
2025-08-13 00:00:00-04:00,637.8425547169825,639.1085564704525,635.6370120856271,637.8228149414062,60092800
2025-08-14 00:00:00-04:00,635.7457174616427,638.5447207235369,635.300697252298,637.882080078125,59327500
2025-08-15 00:00:00-04:00,638.9107148606824,639.0096552004113,635.4787708739423,636.388671875,68592500
2025-08-18 00:00:00-04:00,635.814941575414,636.942462907598,635.1424008771667,636.2501220703125,43804900
2025-08-19 00:00:00-04:00,636.0721245937336,637.0512656505922,631.4829592777961,632.7984008789062,69750700
2025-08-20 00:00:00-04:00,632.3929060531275,632.6500060324975,626.013578858981,631.1170043945312,88890300
2025-08-21 00:00:00-04:00,629.3071851926883,630.978606926108,626.8642219548319,628.5851440429688,54805800
2025-08-22 00:00:00-04:00,630.7709103705197,639.4151205943501,630.2664897119097,638.2381591796875,84083200
2025-08-25 00:00:00-04:00,636.9820621561176,638.218363635622,635.3105801411765,635.4292602539062,51274300
2025-08-26 00:00:00-04:00,635.1622594491828,638.4359833484747,634.5391586749303,638.0897827148438,51581600
2025-08-27 00:00:00-04:00,637.5062179210042,640.2755208793137,637.3578376120881,639.5436401367188,48341100
2025-08-28 00:00:00-04:00,640.146950913372,642.3623933153343,638.267809046051,641.8085327148438,61519500
2025-08-29 00:00:00-04:00,640.374480883152,640.7404816664739,636.0919759234915,637.9810180664062,74522200
2025-09-02 00:00:00-04:00,630.5136938017484,633.4709169972102,627.9619508913343,633.2533569335938,81983500
2025-09-03 00:00:00-04:00,635.6270824559713,637.1502445176759,633.4413400681225,636.6853637695312,70820900
2025-09-04 00:00:00-04:00,637.3578424589464,642.0360478647699,636.4578416280056,642.00634765625,65219200
2025-09-05 00:00:00-04:00,644.3405588325719,645.0625999768899,636.2799090574998,640.1470336914062,85178900
2025-09-08 00:00:00-04:00,641.5118230975241,642.718484610511,640.1370415028089,641.7195434570312,63133100
2025-09-09 00:00:00-04:00,641.8580441132016,643.7273464852004,640.1272219983028,643.2031860351562,66133900
2025-09-10 00:00:00-04:00,646.4570825189741,647.3768835600082,643.4998590892842,645.0625610351562,78034500
2025-09-11 00:00:00-04:00,647.0108918753651,651.115436538164,646.4273914384058,650.423095703125,69934400
2025-09-12 00:00:00-04:00,650.3934866540098,651.8869485652141,649.701206088218,650.20556640625,72780100
2025-09-15 00:00:00-04:00,652.4111340519337,653.795755474802,652.1144337731963,653.6671752929688,63772400
2025-09-16 00:00:00-04:00,654.2210123755038,654.5276730798186,651.9858301119879,652.7671508789062,61169000
2025-09-17 00:00:00-04:00,652.7770367516476,654.4682584259048,647.1295902463727,651.9561157226562,101952200
2025-09-18 00:00:00-04:00,654.6364399867887,657.603563340362,653.0341982051615,655.0023803710938,90459200
2025-09-19 00:00:00-04:00,656.8877828567474,659.0895125014193,654.9438659954435,658.2465209960938,97945600
2025-09-22 00:00:00-04:00,656.7588293222589,661.8069717744121,656.7290467709187,661.3607177734375,69452200
2025-09-23 00:00:00-04:00,661.2416672722171,661.856628548307,656.5406245808955,657.7605590820312,81708900
2025-09-24 00:00:00-04:00,659.0497999269948,659.1489540239103,654.2495430702726,655.6677856445312,68082200
2025-09-25 00:00:00-04:00,652.5338627083877,653.9917550046746,649.0328388399253,652.6429443359375,89622100
2025-09-26 00:00:00-04:00,654.0909412604747,656.9274266555326,652.4743298182361,656.3819580078125,69179200
2025-09-29 00:00:00-04:00,658.9010899003678,659.8135740530697,656.4216318338509,658.2266845703125,73499000
2025-09-30 00:00:00-04:00,657.4828203674869,661.1722852976668,656.173659297658,660.7061157226562,86288000
2025-10-01 00:00:00-04:00,657.7208144097488,663.8698820443607,657.6117327913598,662.9574584960938,72545400
2025-10-02 00:00:00-04:00,664.9410037342527,665.0600128657511,661.3011766397112,663.7210693359375,56896000
2025-10-03 00:00:00-04:00,664.4848020775174,667.1527012490268,662.6698219114437,663.7112426757812,70494400
2025-10-06 00:00:00-04:00,666.1014192164715,666.9841207809839,663.9591941673339,666.0914916992188,54623300
2025-10-07 00:00:00-04:00,667.0138297258598,667.4601442579947,662.1838505424819,663.6219482421875,72020100
2025-10-08 00:00:00-04:00,664.7426772273783,667.6783772359653,663.919480237528,667.5791625976562,60702200
2025-10-09 00:00:00-04:00,667.9957845708525,668.4023890582872,663.7112737749407,665.6452026367188,66501900
2025-10-10 00:00:00-04:00,666.6071968358344,668.4122493878771,647.4757221413303,647.6542358398438,159422600
2025-10-13 00:00:00-04:00,655.2216030747315,659.664772492732,654.3488290056752,657.5919189453125,79560500
2025-10-14 00:00:00-04:00,651.7701536094826,660.3590300864076,647.8030207789583,656.78857421875,88779600
2025-10-15 00:00:00-04:00,661.3408732132422,664.7228272522149,653.5156893256119,659.7044067382812,81702600
2025-10-16 00:00:00-04:00,661.3409444600238,663.2154294168515,651.710706867285,655.2117309570312,110563300
2025-10-17 00:00:00-04:00,654.0810128478913,660.2895852935891,652.7322022395391,658.9308471679688,96500900
2025-10-20 00:00:00-04:00,661.8367798071084,666.6866142382812,661.7872027532737,665.7840576171875,60493400
2025-10-21 00:00:00-04:00,665.9229005771253,667.4601523988813,664.4748753427003,665.7741088867188,56249000
2025-10-22 00:00:00-04:00,666.4783066993808,666.4783066993808,657.8497808005621,662.3128051757812,80564000
2025-10-23 00:00:00-04:00,662.6301900162397,667.1825015615415,662.3128121266341,666.2402954101562,65604500
2025-10-24 00:00:00-04:00,670.9016937183009,672.8951271271609,670.0983517375236,671.6851806640625,74356500
2025-10-27 00:00:00-04:00,677.1201116013259,679.9070199177999,676.5151383891614,679.6094970703125,63339800
2025-10-28 00:00:00-04:00,681.4045622297778,683.2492642554724,679.2028328185232,681.4144897460938,61738100
2025-10-29 00:00:00-04:00,683.0609104229828,684.0328991417463,677.2590027977353,681.7418823242188,85657100
2025-10-30 00:00:00-04:00,678.2805836148408,680.3037996369978,674.2440185546875,674.2440185546875,76335800
2025-10-31 00:00:00-04:00,679.4111219213156,679.4508319897004,673.6587916341136,676.4556274414062,87164100
2025-11-03 00:00:00-05:00,680.0359699637585,680.1649066224819,674.3530715971103,677.7251586914062,57315000
2025-11-04 00:00:00-05:00,670.5545580097922,674.3729598389511,669.0371611161902,669.6917114257812,78427000
2025-11-05 00:00:00-05:00,669.4337786331213,675.2654684624238,668.6304366940664,672.012451171875,74402400
2025-11-06 00:00:00-05:00,670.9115428502156,671.8140994484131,663.2252231578799,664.8021850585938,85035300
2025-11-07 00:00:00-05:00,662.4218719882706,665.5658682287408,655.7769731606511,665.4567260742188,100592400
2025-11-10 00:00:00-05:00,671.6752576501947,676.57466917413,669.4834554774103,675.8407592773438,75842900
2025-11-11 00:00:00-05:00,674.3629519753922,677.9532020666294,673.1529450781785,677.3878784179688,58953400
2025-11-12 00:00:00-05:00,679.1631581075335,679.3318048264125,675.3547447293747,677.7647705078125,62312500
2025-11-13 00:00:00-05:00,674.9085136071693,675.265541055433,665.0105359672095,666.5180053710938,103457800
2025-11-14 00:00:00-05:00,659.9127066954921,670.1082064558575,657.8200586834998,666.4088745117188,96846700
2025-11-17 00:00:00-05:00,664.1971714004484,668.1742314199619,656.7290154076413,660.2002563476562,90456100
2025-11-18 00:00:00-05:00,656.6595496130724,659.6547538697382,650.4708329116884,654.6561889648438,114467500
2025-11-19 00:00:00-05:00,655.3505280387882,661.856623370592,653.3371790986623,657.185302734375,94703000
2025-11-20 00:00:00-05:00,667.3808213360044,670.0090710879778,646.5335791707308,647.1683349609375,165293500
2025-11-21 00:00:00-05:00,649.6675301260088,659.0894699034471,645.5020288545189,653.6148681640625,123956200
2025-11-24 00:00:00-05:00,657.2448196444445,664.5542570793402,656.1538823239337,663.2351684570312,80437900
2025-11-25 00:00:00-05:00,663.135941149376,670.6536740212097,659.020017057554,669.4734497070312,81077100
2025-11-26 00:00:00-05:00,672.0620713400136,676.0986363282427,671.1595147067713,674.09521484375,71879600
2025-11-28 00:00:00-05:00,675.2654787466182,678.0523870500939,674.9084513312986,677.7747192382812,49212000
2025-12-01 00:00:00-05:00,673.232272756968,677.3779187836101,673.1628406770591,674.6802978515625,61201200
2025-12-02 00:00:00-05:00,676.316803165018,678.2012155152329,673.7481184984898,675.9300537109375,62953800
2025-12-03 00:00:00-05:00,674.9779023816353,679.2822075879724,674.105128319461,678.2706298828125,57238500
2025-12-04 00:00:00-05:00,679.6690366334618,679.7384687237238,675.7416137771377,678.7665405273438,61970300
2025-12-05 00:00:00-05:00,679.8375623637357,682.7336127271673,678.9549213715281,680.0557861328125,79241000
2025-12-08 00:00:00-05:00,680.9484564225444,680.9980334759979,675.9696853695019,678.0127563476562,55231500
2025-12-09 00:00:00-05:00,677.5367544682442,679.7583392727543,676.9813582671167,677.4276123046875,58310100
2025-12-10 00:00:00-05:00,676.9515664343469,683.3088703732143,675.711837383319,681.92041015625,85671300
2025-12-11 00:00:00-05:00,679.5104080599091,683.5866227950731,676.5647802535024,683.5072631835938,86173700
2025-12-12 00:00:00-05:00,682.5154459360199,683.2196338188487,673.5893968987631,676.1581420898438,113160300
2025-12-15 00:00:00-05:00,680.1053789946951,680.1252340287925,673.6687159286942,675.1365356445312,90811000
2025-12-16 00:00:00-05:00,673.6488975485244,675.4837328267965,669.4338188610296,673.2918701171875,122030600
2025-12-17 00:00:00-05:00,674.3034691132465,674.8489377460819,665.6848710067972,665.8832397460938,110625200
2025-12-18 00:00:00-05:00,672.0322187932205,675.1464323222394,669.3544527925658,670.9114990234375,108650100
2025-12-19 00:00:00-05:00,673.0134542661981,677.4896664833268,672.8940327515619,676.9923095703125,103599500
2025-12-22 00:00:00-05:00,680.3245290528953,681.7370055876305,676.9922622536055,681.2098388671875,69556700
2025-12-23 00:00:00-05:00,680.3046207584179,684.562024812114,680.2548972126992,684.3233032226562,64840000
2025-12-24 00:00:00-05:00,684.313382495532,687.1781631452748,684.164151137988,686.7305297851562,39445600
2025-12-26 00:00:00-05:00,686.989161229118,688.0037280321676,685.6264081645946,686.660888671875,41613300
2025-12-29 00:00:00-05:00,683.9055083361335,685.5567672531378,682.4433081832867,684.2138671875,62559500
2025-12-30 00:00:00-05:00,683.8159723723246,684.9200900521846,682.9505762759469,683.3782958984375,47160700
2025-12-31 00:00:00-05:00,683.5076844111845,683.726492314561,678.1063955310838,678.3152465820312,74144800
2026-01-02 00:00:00-05:00,682.0852055985325,683.2390468658663,676.2263268834449,679.55859375,89377200
2026-01-05 00:00:00-05:00,682.910839643419,685.7855773037328,682.7517121374489,684.0845947265625,71927200
2026-01-06 00:00:00-05:00,684.2934596862484,688.6602678554459,684.1442890432024,688.1529541015625,69273800
2026-01-07 00:00:00-05:00,688.5309418430683,690.2916046822218,685.6761181181482,685.9347534179688,75588300
2026-01-08 00:00:00-05:00,685.1787573638412,686.9692300361542,683.8557710289468,685.8651123046875,64019200
2026-01-09 00:00:00-05:00,686.9791831428475,691.6344363504869,685.5368360184962,690.4010009765625,80125500
2026-01-12 00:00:00-05:00,687.0289310253164,692.410366767912,686.979207477028,691.4852294921875,63976000
2026-01-13 00:00:00-05:00,691.813478661017,692.4103433578374,687.6953490317495,690.1026000976562,78309700
2026-01-14 00:00:00-05:00,687.347202661372,688.0633674208381,682.4134005947378,686.7105712890625,94676700
2026-01-15 00:00:00-05:00,690.8983886882239,691.7737417111902,687.5959315038539,688.5806884765625,77862000
2026-01-16 00:00:00-05:00,689.9931507530615,690.5800586110835,686.4519720383781,688.0037231445312,79289200
2026-01-20 00:00:00-05:00,677.8874730475171,681.1501633341576,672.9934983300664,673.9981689453125,111623300
2026-01-21 00:00:00-05:00,676.0572511802958,685.0991655259935,674.5452667925615,681.77685546875,127844500
2026-01-22 00:00:00-05:00,686.2033478813381,687.476610793547,683.2888434897402,685.3379516601562,77112200
2026-01-23 00:00:00-05:00,684.5123006998919,687.3074439470811,683.5274830754288,685.5865478515625,63059600
2026-01-26 00:00:00-05:00,686.8399658941375,690.4607389282814,686.2729717064406,689.068115234375,60473800
2026-01-27 00:00:00-05:00,690.5104039402848,692.8480177488461,689.9036431059924,691.8134765625,55506100
2026-01-28 00:00:00-05:00,693.3652237572153,694.1510864943795,690.271678492269,691.7438354492188,61172200
2026-01-29 00:00:00-05:00,692.7087686795362,693.375209936545,681.2098793986574,690.3711547851562,97486200
2026-01-30 00:00:00-05:00,688.1330925763239,690.540343876794,683.4877957603626,688.3121337890625,101835100
2026-02-02 00:00:00-05:00,685.9347490634862,693.2458711004026,685.7755608588325,691.73388671875,79286500
2026-02-03 00:00:00-05:00,692.529690413304,693.2757257351432,680.4140840721383,685.885009765625,107904600
2026-02-04 00:00:00-05:00,686.7006659106327,687.7948875474046,678.1561081391175,682.5626831054688,105204600
2026-02-05 00:00:00-05:00,677.3404209861714,680.0758839506523,672.2176206040476,674.0379638671875,113610800
2026-02-06 00:00:00-05:00,677.8576866055596,688.6503070282812,677.2508650473027,686.96923828125,89127600
2026-02-09 00:00:00-05:00,685.7755337993461,692.1914496038428,684.7012866666231,690.2816162109375,73885200
2026-02-10 00:00:00-05:00,691.276360737094,692.8579216647231,688.0037135108784,688.4613037109375,65185700
2026-02-11 00:00:00-05:00,692.7087599208829,693.4547952732178,685.5368515439336,688.3021850585938,76353900
2026-02-12 00:00:00-05:00,690.5701102294341,691.6742279947084,676.7734344520502,677.668701171875,118829000
2026-02-13 00:00:00-05:00,678.0864377658819,682.6522007204912,673.9384983110481,678.1461181640625,96267500
2026-02-17 00:00:00-05:00,676.5446598627462,681.31927396984,672.2077222570326,679.2402954101562,81354700
2026-02-18 00:00:00-05:00,680.4041503420104,685.507036973797,679.2204384959671,682.662109375,73570300
2026-02-19 00:00:00-05:00,680.2251236342836,682.5527199680946,677.9471901363287,680.8616943359375,58649400
2026-02-20 00:00:00-05:00,678.7131823752115,686.4122580979458,678.126274472082,685.7855834960938,100034000
2026-02-23 00:00:00-05:00,684.1940214696967,686.3525334522094,676.7734345413753,678.7827758789062,90558100
2026-02-24 00:00:00-05:00,678.295350173768,684.7112054782021,676.4053697086953,683.7164916992188,73798700
2026-02-25 00:00:00-05:00,686.53156929616,690.0130676270821,686.4519751919497,689.4859008789062,56369500
2026-02-26 00:00:00-05:00,689.615191050754,689.6350440416309,680.7323436648176,685.6561889648438,71671000
2026-02-27 00:00:00-05:00,679.4790749097389,683.2291046432514,678.0367277603054,682.3637084960938,83308900
2026-03-02 00:00:00-05:00,675.1122534180175,684.9797970984218,674.4358553343317,682.7516479492188,87477200
2026-03-03 00:00:00-05:00,671.4915420947397,679.0016196644848,666.1200629162043,676.7337036132812,105003100
2026-03-04 00:00:00-05:00,678.026802327329,683.4579617719511,676.027417786932,681.50830078125,79182200
2026-03-05 00:00:00-05:00,678.4743840881955,681.9061587313661,672.0385544367263,677.7084350585938,106606500
2026-03-06 00:00:00-05:00,669.8501461298736,672.5358853430707,666.2194774432897,668.8256225585938,100687000
2026-03-09 00:00:00-04:00,662.8673051642795,676.3257505242918,658.888450195908,674.6845092773438,102667700
2026-03-10 00:00:00-04:00,674.1374043547928,679.7476047325034,671.1930903760745,673.6002807617188,81505300
2026-03-11 00:00:00-04:00,673.9982140650914,676.4849986405864,669.7806371390539,672.7548217773438,68441700
2026-03-12 00:00:00-04:00,667.6120785283837,668.0995392824933,662.3500644519811,662.5390625,108882200
2026-03-13 00:00:00-04:00,665.7321452917186,668.7859240392634,657.863924887251,658.7890014648438,97200200
2026-03-16 00:00:00-04:00,664.8468199428278,668.5173163233716,663.5934708305671,665.493408203125,82023100
2026-03-17 00:00:00-04:00,668.8355969918504,670.8747480492216,666.1598145596139,667.2440185546875,87128000
2026-03-18 00:00:00-04:00,664.8268919718373,666.1796881508768,657.6948111200146,657.9335327148438,82062600
2026-03-19 00:00:00-04:00,653.497076818377,659.4753162945015,651.7066041735543,656.3121337890625,111272500
2026-03-20 00:00:00-04:00,654.8230422006715,655.0025723674255,643.063298812559,646.9034423828125,163617500
2026-03-23 00:00:00-04:00,656.3790129905765,660.9173090129275,652.2596206790361,653.6959228515625,134802700
2026-03-24 00:00:00-04:00,649.6463809650626,655.3417305137531,648.2100787416998,651.5015869140625,96457500
2026-03-25 00:00:00-04:00,656.9774239230809,659.1917509309695,652.5588148295345,655.1322021484375,90653800
2026-03-26 00:00:00-04:00,650.3844333840033,653.1672421520028,643.1630473705688,643.432373046875,96494400
2026-03-27 00:00:00-04:00,640.8489947137006,641.0085567819559,631.4831091918358,632.4606323242188,103649400
2026-03-30 00:00:00-04:00,638.4651675144013,638.7245091624994,627.6630399662237,630.3460693359375,99275900
2026-03-31 00:00:00-04:00,637.2981538716512,649.865752001465,636.3405988140365,648.6688842773438,152534100
2026-04-01 00:00:00-04:00,652.219751792706,656.8278752918841,651.3220400966815,653.5562744140625,97841500
2026-04-02 00:00:00-04:00,644.7589215344626,656.5086804928782,643.4522901873171,654.144775390625,68358700
2026-04-06 00:00:00-04:00,654.1746977251443,658.0247645183308,653.8356054757206,657.23681640625,39105800
2026-04-07 00:00:00-04:00,654.9626585699763,657.9150134208243,649.386996170508,657.5260009765625,69980400
2026-04-08 00:00:00-04:00,674.6519776493207,675.3402070755335,669.734652974974,674.27294921875,93606100
2026-04-09 00:00:00-04:00,673.1059235004034,679.4096297331154,672.0386657215836,678.162841796875,57134400
2026-04-10 00:00:00-04:00,679.5692561407437,680.2774536083281,676.7066358948267,677.7140502929688,42253500
2026-04-13 00:00:00-04:00,675.669302461078,684.536473353906,674.8414790590384,684.3369750976562,54185800
2026-04-14 00:00:00-04:00,685.9229138241225,692.7952238870419,685.8929616905456,692.675537109375,63480500
2026-04-15 00:00:00-04:00,693.4734516118131,698.480571570673,692.4161778504387,698.1414184570312,58240400
2026-04-16 00:00:00-04:00,699.2585607342904,700.9741726960574,696.7350934539525,699.8569946289062,49972400
2026-04-17 00:00:00-04:00,704.3255249385737,710.5594650064761,703.9464965121796,708.3152465820312,70661900
2026-04-20 00:00:00-04:00,706.9587079747221,708.0857482546458,704.3254772575062,706.8988037109375,43546800
2026-04-21 00:00:00-04:00,708.4548936431559,709.4523240430285,700.8345107773317,702.2708129882812,58941400
2026-04-22 00:00:00-04:00,707.3278031045794,709.6218808832724,706.4001392457644,709.3825073242188,42518500
2026-04-23 00:00:00-04:00,707.6768673789517,710.5295037064266,700.4754491270062,706.6295776367188,56174000
2026-04-24 00:00:00-04:00,708.9236633096505,712.6340752101273,707.1881441382454,712.10546875,45182000
2026-04-27 00:00:00-04:00,711.3374146094498,713.7911152864904,710.4696550399041,713.332275390625,33135900
2026-04-28 00:00:00-04:00,709.9908768700561,711.0481506026886,707.4274735730012,709.8612060546875,43117400
2026-04-29 00:00:00-04:00,709.1729992133655,710.3699278433978,706.5497524472755,709.7515258789062,41859200
2026-04-30 00:00:00-04:00,712.7936806635566,717.9403946619685,708.6244289610544,716.8132934570312,67240900
2026-05-01 00:00:00-04:00,719.3966516418469,723.0073446973263,718.6186267345964,718.7982177734375,43049800
2026-05-04 00:00:00-04:00,718.2196821209096,720.2644021704073,713.152718877996,716.1649780273438,51950600
2026-05-05 00:00:00-04:00,719.9153564929043,723.1769124909786,719.6360467603954,721.9102172851562,36933200
2026-05-06 00:00:00-04:00,726.288861980811,732.7023927493656,725.9497697512824,731.9443359375,53288900
2026-05-07 00:00:00-04:00,733.161188473549,734.238430329629,727.8748196364371,729.7001342773438,51724600
2026-05-08 00:00:00-04:00,733.0415191543954,736.1834492768152,732.6824588199246,735.724609375,47227100
2026-05-11 00:00:00-04:00,734.5576163199453,738.8864300819614,734.5576163199453,737.4002685546875,44024000
2026-05-12 00:00:00-04:00,734.9964788307154,736.9414802248905,729.9494836014034,736.2831420898438,54185300
2026-05-13 00:00:00-04:00,736.5723674930287,741.9983910774667,733.5800764180441,740.4025268554688,44200200
2026-05-14 00:00:00-04:00,741.7391534739264,747.6040491923611,741.649357949993,746.2474975585938,45307600
2026-05-15 00:00:00-04:00,739.8838927249178,741.5496453663399,736.0637780312098,737.2706298828125,60410800
2026-05-18 00:00:00-04:00,737.9289136337939,739.5147938000424,731.5054597381557,736.751953125,47843900
2026-05-19 00:00:00-04:00,732.8919551385734,735.7545755811656,729.650306265128,731.8446044921875,54255900
2026-05-20 00:00:00-04:00,733.8195334397973,739.9636778498481,732.0042028263388,739.3452758789062,45768000
2026-05-21 00:00:00-04:00,736.7419902854853,742.9559620700644,735.1361419849363,740.8114624023438,43332200
2026-05-22 00:00:00-04:00,744.3224328967863,747.015507083493,742.566945697205,743.7239990234375,41762000
2026-05-26 00:00:00-04:00,748.0827892360243,750.1973368284331,746.4469887578754,748.6613159179688,41123600
2026-05-27 00:00:00-04:00,748.9505199197505,749.4492351039673,746.2973210478585,748.5316162109375,42106300
2026-05-28 00:00:00-04:00,748.3221518516883,753.2095851254732,747.3047533704411,752.6609497070312,41562600
2026-05-29 00:00:00-04:00,753.9576670103595,756.1320579864754,752.7507543048832,754.5361328125,55075700
2026-06-01 00:00:00-04:00,753.4189990020213,758.3264003155792,752.7507376917755,756.5908203125,43634900
2026-06-02 00:00:00-04:00,755.0847737682097,758.4461093852723,754.805464031348,757.6182250976562,31581900
2026-06-03 00:00:00-04:00,756.2018667594974,756.8501599793441,751.6336185743088,752.3018798828125,51402500
2026-06-04 00:00:00-04:00,750.1673635570705,756.3614281257201,749.5389775481502,755.1445922851562,49923000
2026-06-05 00:00:00-04:00,750.3768677170906,750.8855669656407,733.6400171295905,735.65478515625,93989400
2026-06-08 00:00:00-04:00,741.4498108327123,743.4247643242134,736.2931129658897,737.3204345703125,49319100
2026-06-09 00:00:00-04:00,741.7191759970133,744.9807928982774,720.7332622187009,735.1560668945312,87683500
2026-06-10 00:00:00-04:00,731.5054857614351,736.4826536495077,723.4661992814284,723.56591796875,60341300
2026-06-11 00:00:00-04:00,726.8873842592473,738.0984921563339,722.5485255148498,735.8642578125,86330500
2026-06-12 00:00:00-04:00,738.8066884479139,742.5270843334097,733.1412911200548,739.843994140625,57079500
2026-06-15 00:00:00-04:00,749.9179969688896,754.7356026867302,749.8282623277308,752.890380859375,60176400
2026-06-16 00:00:00-04:00,752.6111046530555,753.4988323298886,747.9531216783239,748.4019775390625,67093100
2026-06-17 00:00:00-04:00,749.3594421826946,750.217278570044,737.3204502885575,739.0560302734375,85945200
2026-06-18 00:00:00-04:00,747.760009765625,748.22998046875,743.8599853515625,746.739990234375,80875700
2026-06-22 00:00:00-04:00,747.7000122070312,750.1799926757812,743.1300048828125,744.3900146484375,46628100
2026-06-23 00:00:00-04:00,733.8099975585938,739.6300048828125,732.2999877929688,733.5800170898438,66846800
2026-06-24 00:00:00-04:00,735.1699829101562,739.9500122070312,730.8400268554688,733.239990234375,57439500
2026-06-25 00:00:00-04:00,738.9099731445312,739.3699951171875,729.5999755859375,734.2999877929688,53934400
2026-06-26 00:00:00-04:00,728.9500122070312,736.530029296875,716.5800170898438,728.989990234375,71034000
2026-06-29 00:00:00-04:00,736.530029296875,741.5599975585938,732.0900268554688,741.0,58035200
2026-06-30 00:00:00-04:00,741.2899780273438,748.02001953125,740.8900146484375,746.77001953125,55626000
2026-07-01 00:00:00-04:00,745.0,749.4400024414062,742.3800048828125,745.760009765625,47100900
2026-07-02 00:00:00-04:00,747.4000244140625,751.3099975585938,740.030029296875,744.780029296875,57447800
2026-07-06 00:00:00-04:00,748.739990234375,752.4099731445312,747.4099731445312,751.280029296875,50673300
2026-07-07 00:00:00-04:00,750.219970703125,750.9600219726562,745.2100219726562,747.7100219726562,43721500
2026-07-08 00:00:00-04:00,743.1599731445312,746.1500244140625,739.510009765625,745.4000244140625,43767400
2026-07-09 00:00:00-04:00,747.3499755859375,751.969970703125,745.5900268554688,751.7100219726562,41441700
2026-07-10 00:00:00-04:00,752.0499877929688,755.4199829101562,748.0999755859375,754.9500122070312,42191300
2026-07-13 00:00:00-04:00,752.469970703125,753.9099731445312,748.0,749.1699829101562,44013600
2026-07-14 00:00:00-04:00,750.9099731445312,753.3400268554688,748.6599731445312,751.8300170898438,35143100
2026-07-15 00:00:00-04:00,754.239990234375,755.5800170898438,750.2000122070312,754.8099975585938,43844800
2026-07-16 00:00:00-04:00,752.760009765625,754.5700073242188,747.8800048828125,750.719970703125,46409800
2026-07-17 00:00:00-04:00,742.0800170898438,747.2899780273438,740.7999877929688,743.2899780273438,62651000
2026-07-20 00:00:00-04:00,747.0599975585938,748.72998046875,741.510009765625,742.0900268554688,50422300
2026-07-21 00:00:00-04:00,746.2899780273438,749.0399780273438,744.1799926757812,748.280029296875,34324300
2026-07-22 00:00:00-04:00,746.6199951171875,750.02001953125,746.3699951171875,747.4099731445312,32836200
2026-07-23 00:00:00-04:00,739.3699951171875,742.5599975585938,735.2100219726562,738.1799926757812,55437300
2026-07-24 00:00:00-04:00,738.510009765625,743.719970703125,737.2899780273438,738.9299926757812,44782000
2026-07-27 00:00:00-04:00,744.9099731445312,745.530029296875,735.8699951171875,739.0900268554688,41461200
2026-07-28 00:00:00-04:00,739.1900024414062,742.7899780273438,735.97998046875,740.8599853515625,47322200
2026-07-29 00:00:00-04:00,739.969970703125,742.6799926757812,729.0999755859375,729.4600219726562,70697200
2026-07-30 00:00:00-04:00,736.0499877929688,742.4500122070312,734.5900268554688,741.6900024414062,66811300
2026-07-31 00:00:00-04:00,744.6799926757812,748.9000244140625,737.6799926757812,747.030029296875,62445900
2026-08-03 00:00:00-04:00,749.4400024414062,758.5800170898438,748.7999877929688,757.6699829101562,59927500
2026-08-04 00:00:00-04:00,760.6300048828125,773.4099731445312,760.52001953125,771.3300170898438,69154800
2026-08-05 00:00:00-04:00,775.8499755859375,776.8499755859375,769.510009765625,769.7899780273438,44689100
2026-08-06 00:00:00-04:00,770.2100219726562,771.8200073242188,767.4600219726562,768.5599975585938,38416900
2026-08-07 00:00:00-04:00,771.02001953125,773.9199829101562,769.6099853515625,773.260009765625,43586300
2026-08-10 00:00:00-04:00,772.5999755859375,775.0499877929688,771.6199951171875,773.030029296875,39249500
2026-08-11 00:00:00-04:00,774.530029296875,774.6099853515625,769.2000122070312,770.5599975585938,36740600
2026-08-12 00:00:00-04:00,774.7100219726562,774.9000244140625,771.280029296875,772.489990234375,33179100
2026-08-13 00:00:00-04:00,774.8699951171875,779.3699951171875,774.1099853515625,777.8800048828125,35634500
2026-08-14 00:00:00-04:00,778.5399780273438,778.7999877929688,775.4299926757812,776.3400268554688,31367900
2026-08-17 00:00:00-04:00,776.1799926757812,776.780029296875,772.510009765625,772.6699829101562,34356600
2026-08-18 00:00:00-04:00,768.7000122070312,769.5,766.9199829101562,767.4500122070312,43920900
2026-08-19 00:00:00-04:00,770.3599853515625,772.469970703125,768.0999755859375,769.0599975585938,40306000
2026-08-20 00:00:00-04:00,765.9600219726562,768.1500244140625,762.0399780273438,762.5999755859375,45520300
2026-08-21 00:00:00-04:00,766.0499877929688,767.8499755859375,764.1699829101562,765.719970703125,39188700
2026-08-24 00:00:00-04:00,764.780029296875,765.219970703125,762.0800170898438,763.469970703125,32430900
2026-08-25 00:00:00-04:00,766.1599731445312,766.780029296875,763.0499877929688,765.9099731445312,27422300
2026-08-26 00:00:00-04:00,764.72998046875,767.3499755859375,763.9299926757812,766.0800170898438,28751600
2026-08-27 00:00:00-04:00,768.5,772.3599853515625,767.1599731445312,771.0999755859375,34557100
2026-08-28 00:00:00-04:00,771.760009765625,775.2999877929688,768.3099975585938,769.3499755859375,36744300
2026-08-31 00:00:00-04:00,767.3300170898438,768.0,764.719970703125,767.0499877929688,38810800
2026-09-01 00:00:00-04:00,762.010009765625,764.6699829101562,759.47998046875,761.780029296875,41126300
2026-09-02 00:00:00-04:00,762.4500122070312,766.4299926757812,761.72998046875,765.1599731445312,29566200
2026-09-03 00:00:00-04:00,767.9000244140625,774.030029296875,767.4500122070312,773.1699829101562,43531600
2026-09-04 00:00:00-04:00,772.010009765625,772.8699951171875,769.0,770.1900024414062,34015600
