Date,open,high,low,close,volume
2012-01-31 00:00:00-05:00,102.56868134497591,102.69297917127493,101.527602584103,102.02484130859375,157212000
2012-02-01 00:00:00-05:00,102.77844545238668,103.43883029158928,102.6541476202135,102.91829681396484,166234500
2012-02-02 00:00:00-05:00,103.120292045993,103.3456048374555,102.71630334203326,103.0814437866211,113090400
2012-02-03 00:00:00-05:00,104.10698936273855,104.58867462445488,103.92830158094463,104.52651977539062,160598500
2012-02-06 00:00:00-05:00,104.09145166097805,104.5032171787778,103.97491872379916,104.45660400390625,107694500
2012-02-07 00:00:00-05:00,104.2390712354785,104.89945617983385,103.82730570470554,104.72075653076172,135528100
2012-02-08 00:00:00-05:00,104.77509468386678,105.05478545848584,104.34778768725154,105.03147888183594,139361400
2012-02-09 00:00:00-05:00,105.20243010466402,105.34226960234604,104.54204530830306,105.16358184814453,148602900
2012-02-10 00:00:00-05:00,104.23129940726298,104.47214203892155,103.98268001017972,104.38668060302734,167907500
2012-02-13 00:00:00-05:00,105.13251035582302,105.28789152707752,104.68189666080853,105.16358184814453,115841900
2012-02-14 00:00:00-05:00,104.88386265983974,105.09363370450909,104.30117453395174,105.03147888183594,165329500
2012-02-15 00:00:00-05:00,105.37336861684103,105.52874981119827,104.33228971951466,104.54206085205078,195195100
2012-02-16 00:00:00-05:00,104.54981876875131,105.79287995433035,104.36335425624407,105.69965362548828,186567800
2012-02-17 00:00:00-05:00,106.06480101539739,106.15026243118541,105.62972902768479,105.97933959960938,129869400
2012-02-21 00:00:00-05:00,106.22792659454053,106.4765458851793,105.69962838416352,106.02593231201172,134042300
2012-02-22 00:00:00-05:00,105.86281558297975,106.08812838458134,105.49766326713568,105.68412780761719,124455300
2012-02-23 00:00:00-05:00,105.62974271314074,106.22796084633984,105.27235533131773,106.15027618408203,137704300
2012-02-24 00:00:00-05:00,106.38333892822266,106.59311003437682,106.15027309341107,106.38333892822266,105539100
2012-02-27 00:00:00-05:00,105.67636403484535,106.84950566242077,105.50544116793701,106.56204986572266,145728900
2012-02-28 00:00:00-05:00,106.5931118729531,106.99711241830117,106.3833407631807,106.872802734375,129355900
2012-02-29 00:00:00-05:00,107.02821217008234,107.3622930519869,106.08037132583279,106.45330047607422,185934700
2012-03-01 00:00:00-05:00,106.67857876658712,107.20688902293978,106.3833462158364,107.0048828125,145023500
2012-03-02 00:00:00-05:00,106.9349425912202,107.07479392974534,106.4377157800174,106.67855834960938,120638300
2012-03-05 00:00:00-05:00,106.51543335266703,106.59311801848176,105.87835507693323,106.2435073852539,140765000
2012-03-06 00:00:00-05:00,105.1558144763233,105.21795745951111,104.38666169261317,104.68965911865234,202129900
2012-03-07 00:00:00-05:00,104.93049809873023,105.59088285692009,104.82949500858234,105.41996002197266,143692200
2012-03-08 00:00:00-05:00,106.06480711017548,106.68634363754695,105.84727110381895,106.46879577636719,116968900
2012-03-09 00:00:00-05:00,106.67082882562457,107.16027903576615,106.5387542067085,106.88059997558594,122836800
2012-03-12 00:00:00-04:00,106.86501434408937,107.02816039542472,106.5076270450335,106.88832092285156,104003500
2012-03-13 00:00:00-04:00,107.46324967885704,108.86946865845381,107.284550092797,108.81507873535156,184090500
2012-03-14 00:00:00-04:00,108.84618652753203,109.11810063965483,108.36448943907732,108.69857025146484,145163600
2012-03-15 00:00:00-04:00,108.86168742287278,109.37445587039102,108.58199662011934,109.32784271240234,165118500
2012-03-16 00:00:00-04:00,109.52608075664129,109.61971565859578,109.24516414399989,109.47926330566406,152893500
2012-03-19 00:00:00-04:00,109.409033663662,110.2439726287913,109.33099664331978,109.90843963623047,125291100
2012-03-20 00:00:00-04:00,109.28414522508713,109.7211238269115,108.96421021061792,109.58847045898438,121729700
2012-03-21 00:00:00-04:00,109.65092517866881,109.752359010895,109.1827268982605,109.40902709960938,122388400
2012-03-22 00:00:00-04:00,108.605285601016,108.89401303795363,108.26195368447941,108.62089538574219,135216700
2012-03-23 00:00:00-04:00,108.71451186258236,109.09686218089338,108.1136603393845,108.97200775146484,120521000
2012-03-26 00:00:00-04:00,109.75237277071795,110.50148773193358,109.71336616477434,110.5014877319336,120164000
2012-03-27 00:00:00-04:00,110.60292403528214,110.67315020811554,110.08790828761582,110.15813446044922,119868500
2012-03-28 00:00:00-04:00,110.10349964128834,110.27517152843906,108.96422365444946,109.61189270019531,148562100
2012-03-29 00:00:00-04:00,108.96424175883526,109.62752069728266,108.53506196965031,109.42462921142578,164963700
2012-03-30 00:00:00-04:00,109.96304847818847,110.06449421631554,109.28417169355792,109.87721252441406,135486800
2012-04-02 00:00:00-04:00,109.74457681201476,110.96968908544977,109.52608742297059,110.68096160888672,151741100
2012-04-03 00:00:00-04:00,110.5249123765532,110.71219412052494,109.5807166225183,110.22838592529297,155806700
2012-04-04 00:00:00-04:00,109.41681132450364,109.51044620528289,108.73012378072175,109.13589477539062,146896000
2012-04-05 00:00:00-04:00,108.76136037432452,109.40121867112448,108.66771357210767,109.08128356933594,137439400
2012-04-09 00:00:00-04:00,107.70790748280172,109.12028922089641,107.55964431130656,107.85617065429688,127555900
2012-04-10 00:00:00-04:00,107.64550887062623,107.94983423261729,105.93660033529991,106.04584503173828,235360300
2012-04-11 00:00:00-04:00,107.13048601104882,107.32556666377303,106.70911704014688,106.9041976928711,154133000
2012-04-12 00:00:00-04:00,107.00563039903028,108.38679267908104,106.92759338474166,108.30095672607422,154321500
2012-04-13 00:00:00-04:00,108.05125809362538,108.32437573276682,106.91198199867506,107.013427734375,169246700
2012-04-16 00:00:00-04:00,107.55962566295987,107.71568774550616,106.57642382682195,106.94317626953125,147825300
2012-04-17 00:00:00-04:00,107.55967071751459,108.74576447388951,107.45042602329445,108.52727508544922,147877600
2012-04-18 00:00:00-04:00,108.04343309989325,108.52722912558995,107.9810058858076,108.16047668457031,123884200
2012-04-19 00:00:00-04:00,108.17613806878745,108.5818972937458,106.95883658035383,107.4660415649414,198666700
2012-04-20 00:00:00-04:00,107.94196537769655,108.33212645609198,107.5830119465934,107.64543914794922,143199600
2012-04-23 00:00:00-04:00,106.54522242642385,106.83394983045918,106.07703609898464,106.74030303955078,171844900
2012-04-24 00:00:00-04:00,106.83393295990217,107.41917470686519,106.74809702740998,107.14605712890625,137484200
2012-04-25 00:00:00-04:00,108.19175529675275,108.65995375608038,108.09812036759979,108.6131362915039,150252200
2012-04-26 00:00:00-04:00,108.37899741345238,109.49486484035917,108.31657018126107,109.37001037597656,136291600
2012-04-27 00:00:00-04:00,109.69773980541237,109.86160086459917,109.08908920059393,109.54947662353516,130725000
2012-04-30 00:00:00-04:00,109.33099660948197,109.40903362980004,108.8472004224872,109.14371490478516,115092200
2012-05-01 00:00:00-04:00,109.08124747188332,110.54045824800346,108.95640495486929,109.82256317138672,138832200
2012-05-02 00:00:00-04:00,109.18271403958782,109.6040948236838,108.82377238608802,109.4948501586914,121081000
2012-05-03 00:00:00-04:00,109.51045311882228,109.59628906721396,108.45702492322562,108.65990447998047,143759700
2012-05-04 00:00:00-04:00,108.0902913953322,108.69894207928951,106.84177045518597,106.9041976928711,193927300
2012-05-07 00:00:00-04:00,106.52181657282519,107.34115755136908,106.48280997457036,106.98221588134766,127765900
2012-05-08 00:00:00-04:00,106.34236437090775,106.72472673636527,105.2811251447108,106.55305480957031,213377700
2012-05-09 00:00:00-04:00,105.4215916148831,106.59987449459226,104.94559433639269,105.9209976196289,220752500
2012-05-10 00:00:00-04:00,106.65448444410696,106.78714976057795,105.89758249627494,106.13948059082031,150600000
2012-05-11 00:00:00-04:00,105.47619810260991,106.80274406188789,105.42938065449545,105.81954193115234,153032400
2012-05-14 00:00:00-04:00,104.80507940249595,105.81950070798013,104.4929552654728,104.64901733398438,163910000
2012-05-15 00:00:00-04:00,104.57881268599925,105.19526215070545,103.88432621760997,104.04818725585938,207629300
2012-05-16 00:00:00-04:00,104.51638109316657,104.99237821946541,103.62681405954945,103.65022277832031,207265500
2012-05-17 00:00:00-04:00,103.67365164934732,103.79850611157781,102.0583782995297,102.11300659179688,247992900
2012-05-18 00:00:00-04:00,102.51095402693214,102.69043675907457,101.0907733929737,101.2390365600586,319615900
2012-05-21 00:00:00-04:00,101.56676721507455,103.0181673663982,101.40289427084566,102.9791488647461,177861100
2012-05-22 00:00:00-04:00,103.2444663209107,103.96236157993609,102.48755255619103,103.15863037109375,197531200
2012-05-23 00:00:00-04:00,102.41732457959309,103.36152001088925,101.43412255006835,103.2132568359375,204958400
2012-05-24 00:00:00-04:00,103.49417470630475,103.65803575990185,102.5499792631136,103.4161376953125,167357600
2012-05-25 00:00:00-04:00,103.37710369685847,103.66583106883779,102.83088042210278,103.0805892944336,135465600
2012-05-29 00:00:00-04:00,103.9077479064231,104.50858766403043,102.35490183080432,104.32911682128906,152883500
2012-05-30 00:00:00-04:00,103.4395143857242,104.32128232842469,102.60457577918339,102.81525421142578,162370400
2012-05-31 00:00:00-04:00,102.7762938545585,103.35372495243135,101.70724380666766,102.5890121459961,196186000
2012-06-01 00:00:00-04:00,100.98153715406355,102.61240831451583,100.00613403320312,100.00613403320312,253240900
2012-06-04 00:00:00-04:00,100.1855777746312,100.45869533730787,99.21017491760475,99.95928955078125,202545800
2012-06-05 00:00:00-04:00,99.76425460144317,100.86450649720882,99.70963225134685,100.71625518798828,164149400
2012-06-06 00:00:00-04:00,101.41850405286151,103.02596630401864,101.38728448882982,102.9791488647461,184202800
2012-06-07 00:00:00-04:00,104.14963663206194,104.19645407320377,102.83088980828161,103.04158020019531,184772700
2012-06-08 00:00:00-04:00,102.77626847864528,103.88432485713867,102.44852259288852,103.86091613769531,143915400
2012-06-11 00:00:00-04:00,104.69583758452269,104.75826479496372,102.44070669947186,102.54215240478516,169756100
2012-06-12 00:00:00-04:00,102.83869080265319,103.79068514749204,102.34709575405823,103.720458984375,181931800
2012-06-13 00:00:00-04:00,103.41615456243463,104.06382375762114,102.7060581296277,103.05721282958984,172223900
2012-06-14 00:00:00-04:00,103.26787472680465,104.56321290852158,102.9869581561525,104.14964294433594,230615500
2012-06-15 00:00:00-04:00,104.61866927168691,105.30890274048241,104.39904789955192,105.21478271484375,169444500
2012-06-18 00:00:00-04:00,104.77555812205259,105.67757377326882,104.54024604872293,105.41873168945312,131360900
2012-06-19 00:00:00-04:00,105.95212025237282,106.86982668567737,105.39521533892949,106.43842315673828,137382600
2012-06-20 00:00:00-04:00,106.44626659688737,106.75216871868646,105.31677815686922,106.26585388183594,206451800
2012-06-21 00:00:00-04:00,106.39135342193023,106.50116413123402,103.79510510530757,103.88138580322266,205272200
2012-06-22 00:00:00-04:00,104.42259255605958,104.87752602458387,104.02255845403766,104.68143463134766,130029200
2012-06-25 00:00:00-04:00,103.57549806611044,103.61471874669316,102.63426157448173,103.00291442871094,146375700
2012-06-26 00:00:00-04:00,103.30092459684862,103.83429931212603,102.69695986539917,103.52054595947266,141634000
2012-06-27 00:00:00-04:00,103.86569762704725,104.65790262253563,103.51273547929382,104.45397186279297,108088000
2012-06-28 00:00:00-04:00,103.7637238624883,104.31278937792496,102.97151888532667,104.1559066772461,169242100
2012-06-29 00:00:00-04:00,106.04623808077461,106.885515107502,105.77171727246295,106.7521743774414,212250900
2012-07-02 00:00:00-04:00,107.0502309720173,107.18357170926897,106.29724657712887,107.07376098632812,129524500
2012-07-03 00:00:00-04:00,107.05023485738553,107.8581306273024,106.9404241304591,107.77970123291016,80450000
2012-07-05 00:00:00-04:00,107.37964617351224,108.08558239670344,106.9011826773436,107.29336547851562,126177500
2012-07-06 00:00:00-04:00,106.25803674969204,106.49334888530475,105.77173377963884,106.27372741699219,151192100
2012-07-09 00:00:00-04:00,106.1874408902285,106.33647230024573,105.65406594745481,106.140380859375,103780500
2012-07-10 00:00:00-04:00,106.68154230055971,106.85410365987538,104.85396933578359,105.21478271484375,167884800
2012-07-11 00:00:00-04:00,105.2697123118289,105.57561441671149,104.6186874284184,105.2304916381836,141733400
2012-07-12 00:00:00-04:00,104.61869794906488,105.28540159420305,104.00689367777552,104.72065734863281,143583200
2012-07-13 00:00:00-04:00,104.99518762736514,106.58744895818658,104.97949696300829,106.4776382446289,129642600
2012-07-16 00:00:00-04:00,106.23448248064467,106.54038459656492,105.81091833954301,106.22663116455078,97525200
2012-07-17 00:00:00-04:00,106.65019833924576,107.17572188828923,105.53640055297109,106.95610046386719,138860300
2012-07-18 00:00:00-04:00,106.70509096077485,107.96008070819667,106.64235224502607,107.74829864501953,113349700
2012-07-19 00:00:00-04:00,107.96793473205673,108.38364759909999,107.62282387464921,108.03068542480469,129847300
2012-07-20 00:00:00-04:00,107.41887344770852,107.58359550044864,106.92473122642815,107.0423812866211,142904500
2012-07-23 00:00:00-04:00,105.47365043261998,106.97179170393375,104.97949624077499,105.95995330810547,145210900
2012-07-24 00:00:00-04:00,106.03835685949515,106.08541686699549,104.34412477868842,105.050048828125,173301200
2012-07-25 00:00:00-04:00,105.26975328027056,105.54427416568612,104.51675674602808,105.07366180419922,129122300
2012-07-26 00:00:00-04:00,106.58744644914822,107.03454060926796,106.09329226553584,106.80706787109375,156526500
2012-07-27 00:00:00-04:00,107.37182374655958,109.08174725273564,106.78354945209706,108.77583312988281,236768900
2012-07-30 00:00:00-04:00,108.65034370976889,109.29351738144291,108.45425227828139,108.77583312988281,106782000
2012-07-31 00:00:00-04:00,108.62680364178776,108.92485445150304,108.01499938964844,108.01499938964844,120575900
2012-08-01 00:00:00-04:00,108.79156042396536,108.81509044618836,107.77188224322666,107.92091369628906,138293800
2012-08-02 00:00:00-04:00,107.10515305301955,107.90520952519154,106.34431726478712,107.17574310302734,199556600
2012-08-03 00:00:00-04:00,108.68169791516699,109.52881421726477,107.2070867261298,109.30135345458984,157825000
2012-08-06 00:00:00-04:00,109.59158681150222,109.94454901582037,109.46608541533118,109.51314544677734,86326200
2012-08-07 00:00:00-04:00,109.95237214241853,110.53280703771772,109.83472208116132,110.06219482421875,109545100
2012-08-08 00:00:00-04:00,109.6935402184816,110.32102315957891,109.66215889034478,110.1955337524414,89754700
2012-08-09 00:00:00-04:00,110.03867005698892,110.50929431257838,109.92885932648099,110.2896728515625,90291700
2012-08-10 00:00:00-04:00,109.84258247462006,110.50929819873878,109.66218168997133,110.47007751464844,99792700
2012-08-13 00:00:00-04:00,110.28177468112537,110.47001470818148,109.84252002490804,110.41511535644531,79426900
2012-08-14 00:00:00-04:00,110.82301472463287,110.89361672745143,110.10139978041539,110.43083190917969,102379400
2012-08-15 00:00:00-04:00,110.3131611759831,110.74456458581777,110.2425711548649,110.55631256103516,71085900
2012-08-16 00:00:00-04:00,110.71320172949795,111.50541866017959,110.43868094542972,111.37207794189453,112014200
2012-08-17 00:00:00-04:00,111.56034647788803,111.61525782978595,111.27013495634911,111.52112579345703,90813700
2012-08-20 00:00:00-04:00,111.36423149982048,111.55248356423976,111.05832937543286,111.5289535522461,78255700
2012-08-21 00:00:00-04:00,111.80350055919693,112.234904161001,110.94854467374066,111.19169616699219,105581100
2012-08-22 00:00:00-04:00,110.90932534513483,111.4191703238575,110.65049514935896,111.23876953125,133243500
2012-08-23 00:00:00-04:00,110.96422227435043,110.97206162310633,110.15632651905244,110.32888793945312,111466400
2012-08-24 00:00:00-04:00,110.05433859769751,111.24657769528216,109.98374856409258,110.99557495117188,99481200
2012-08-27 00:00:00-04:00,111.29365970163049,111.4426911143256,110.86225613026888,111.01912689208984,68785900
2012-08-28 00:00:00-04:00,110.73672511663074,111.25440926380885,110.572015049736,110.90928649902344,75689600
2012-08-29 00:00:00-04:00,111.00342626721881,111.29363771768544,110.68967283708096,110.99557495117188,65421300
2012-08-30 00:00:00-04:00,110.5171145707893,110.54849589892612,109.96022166529495,110.1955337524414,96589900
2012-08-31 00:00:00-04:00,110.82301346945208,111.23873826011608,110.09355918583641,110.72105407714844,151970400
2012-09-04 00:00:00-04:00,110.62694182699899,110.95638597935559,109.91317807948428,110.61910247802734,120226200
2012-09-05 00:00:00-04:00,110.66615872518838,110.96422153452436,110.3053571892808,110.52497863769531,100660300
2012-09-06 00:00:00-04:00,111.19168198755297,112.77610411918718,111.1838426388736,112.76826477050781,158272500
2012-09-07 00:00:00-04:00,112.95647866315404,113.25454140237085,112.85451928010762,113.20748138427734,107272100
2012-09-10 00:00:00-04:00,113.09767535729269,113.29376675309395,112.52509183272431,112.56430053710938,86458500
2012-09-11 00:00:00-04:00,112.63491557261935,113.23886852429442,112.60353424331628,112.87806701660156,88760000
2012-09-12 00:00:00-04:00,113.25453186035156,113.38003321033936,112.87018846418921,113.25453186035156,87640900
2012-09-13 00:00:00-04:00,113.23884824414677,115.3331027824248,112.94079747996815,114.98014068603516,225470200
2012-09-14 00:00:00-04:00,115.20762576264659,116.17239212128767,115.11349374995928,115.48999786376953,169777000
2012-09-17 00:00:00-04:00,115.2546795592701,115.45077095311167,114.8075854364463,115.09780883789062,119427800
2012-09-18 00:00:00-04:00,114.90171035881791,115.15270110385434,114.71345832368948,115.00366973876953,98326600
2012-09-19 00:00:00-04:00,115.13708024113093,115.43514315199378,114.83902929874345,115.06649017333984,128318300
2012-09-20 00:00:00-04:00,114.54091255989935,115.13702613300883,114.2271710937301,115.07428741455078,154009800
2012-09-21 00:00:00-04:00,115.63337305956489,115.65702867912438,114.97887284291224,115.02618408203125,108737500
2012-09-24 00:00:00-04:00,114.45843052153079,115.11293076891121,114.37168923495362,114.85270690917969,95682000
2012-09-25 00:00:00-04:00,115.09717905530702,115.3179728902866,113.59892142381807,113.6304702758789,133165200
2012-09-26 00:00:00-04:00,113.60682735546055,113.63836417868596,112.72363988443094,112.99174499511719,146502200
2012-09-27 00:00:00-04:00,113.46483705543241,114.31647533675834,113.16518320671824,114.0562515258789,111830300
2012-09-28 00:00:00-04:00,113.62256895689033,113.9931897318672,113.12578887973723,113.52794647216797,150696100
2012-10-01 00:00:00-04:00,113.96165110045385,114.88425640889365,113.55948148206382,113.82759857177734,135911200
2012-10-02 00:00:00-04:00,114.27709075468302,114.45845456203368,113.41757093684403,113.9458999633789,113422200
2012-10-03 00:00:00-04:00,114.25340940750331,114.67922260549994,113.65411363897022,114.41111755371094,121283100
2012-10-04 00:00:00-04:00,114.844813650309,115.39679812856747,114.68710551828647,115.23120880126953,124311600
2012-10-05 00:00:00-04:00,115.84627123832891,116.0434093983428,114.89211724962398,115.23908233642578,124842100
2012-10-08 00:00:00-04:00,114.81329655514641,115.22333536235416,114.58460949693318,114.84483337402344,78415400
2012-10-09 00:00:00-04:00,114.7580737173338,114.85269619118407,113.66986713861839,113.70929718017578,148872900
2012-10-10 00:00:00-04:00,113.69352595152417,113.80393488393075,112.83400637027611,112.98383331298828,124247500
2012-10-11 00:00:00-04:00,113.77243392013496,113.93803535608166,113.02331092365124,113.04696655273438,123601500
2012-10-12 00:00:00-04:00,113.12575790472467,113.51214096645239,112.43182778713741,112.67627716064453,124181900
2012-10-15 00:00:00-04:00,112.94446347881463,113.73301662304334,112.58173577059443,113.61473846435547,107689100
2012-10-16 00:00:00-04:00,114.1509132831514,114.8448436843572,114.0720652126995,114.76598358154297,108815500
2012-10-17 00:00:00-04:00,114.84485026488846,115.3810725235533,114.67136765464657,115.28643798828125,128834100
2012-10-18 00:00:00-04:00,114.98676300048828,115.53874749607006,114.60036783740125,114.98676300048828,148108500
2012-10-19 00:00:00-04:00,114.77385637446487,114.78173757039802,112.80247447875905,113.0705795288086,185645200
2012-10-22 00:00:00-04:00,112.88127238416509,113.29132300535505,112.19523563960783,113.0863037109375,125578600
2012-10-23 00:00:00-04:00,111.86410077756872,112.021808931221,111.05189235551666,111.51713562011719,192056300
2012-10-24 00:00:00-04:00,111.91930278612692,112.05336736217306,111.02824622724188,111.20172882080078,120179400
2012-10-25 00:00:00-04:00,111.99022611416159,112.19524542646309,110.84682742937521,111.52497100830078,134457400
2012-10-26 00:00:00-04:00,111.42249927968867,111.84831244483864,110.70491343258324,111.46192932128906,146023500
2012-10-31 00:00:00-04:00,111.85620567257433,111.99813938350454,110.93358842209058,111.46192932128906,103438500
2012-11-01 00:00:00-04:00,111.69850680880832,112.77093917012807,111.59600311992946,112.6290054321289,100995600
2012-11-02 00:00:00-04:00,113.29928428331476,113.33083314005151,111.50927771531357,111.62755584716797,137702200
2012-11-05 00:00:00-05:00,111.46190202894785,112.10850882990196,111.13069938648962,111.8561782836914,98378500
2012-11-06 00:00:00-05:00,112.19526144192788,113.17307098429916,112.07698336647708,112.73148345947266,107068100
2012-11-07 00:00:00-05:00,111.70639967962062,111.72216207332885,109.65615745555908,110.17660522460938,264304500
2012-11-08 00:00:00-05:00,110.16083014046887,110.72070795516842,108.76508823448505,108.8518295288086,181517300
2012-11-09 00:00:00-05:00,108.5206316622884,109.95580352293281,108.46543922353477,108.94645690917969,201055300
2012-11-12 00:00:00-05:00,109.28548024430438,109.45896274444283,108.78870038695831,109.03314971923828,97677500
2012-11-13 00:00:00-05:00,108.45755538793803,109.80598607672806,108.3156216482558,108.65469360351562,123018300
2012-11-14 00:00:00-05:00,108.98588442077981,109.15935496165747,106.94352358717823,107.18797302246094,191505000
2012-11-15 00:00:00-05:00,107.22740851086785,107.62957814758985,106.5965638518295,107.0066146850586,178128400
2012-11-16 00:00:00-05:00,107.16431424133101,107.74784760977361,106.21805334489552,107.5349349975586,239483900
2012-11-19 00:00:00-05:00,108.74140580409377,109.72709661824385,107.56647005433635,109.71133422851562,151495800
2012-11-20 00:00:00-05:00,109.53789601123768,109.94005369450996,108.88339560189095,109.7586898803711,119807400
2012-11-21 00:00:00-05:00,109.85331003800822,110.05834150665137,109.63251617359495,109.96370697021484,81710800
2012-11-23 00:00:00-05:00,110.49989406156426,111.50134733053011,110.42891517373981,111.46192932128906,65409200
2012-11-26 00:00:00-05:00,110.90994398221727,111.46982175171055,110.54721644059674,111.22537231445312,100124400
2012-11-27 00:00:00-05:00,111.11497006772409,111.49347201586136,110.58664117301832,110.65760803222656,128646200
2012-11-28 00:00:00-05:00,110.20812625751809,111.61174916763049,109.60883050868848,111.54867553710938,177086500
2012-11-29 00:00:00-05:00,111.96663387525258,112.37667273193644,111.47772288095611,112.06913757324219,151085900
2012-11-30 00:00:00-05:00,112.08486935473513,112.30566312659202,111.70636746474592,112.0927505493164,136568300
2012-12-03 00:00:00-05:00,112.6053531984354,112.6999756932829,111.45406070422227,111.54080200195312,124656300
2012-12-04 00:00:00-05:00,111.5328759226882,111.87194774768653,111.08339518831498,111.38304901123047,127512200
2012-12-05 00:00:00-05:00,111.47769212264028,112.10065549808677,110.68913941716532,111.58020782470703,147300500
2012-12-06 00:00:00-05:00,111.47766929547663,112.00599805607641,111.3120799993557,111.95868682861328,103220600
2012-12-07 00:00:00-05:00,112.39239009152472,112.51856138291521,111.71423444074658,112.29776763916016,108726400
2012-12-10 00:00:00-05:00,112.14011911664399,112.6132436621755,112.09279583296414,112.34513854980469,98840700
2012-12-11 00:00:00-05:00,112.81036956314124,113.63835246774538,112.75517712009386,113.11002349853516,152570400
2012-12-12 00:00:00-05:00,113.55157914278372,113.98528549737019,113.00747590088056,113.1651840209961,145880100
2012-12-13 00:00:00-05:00,113.09424201098115,113.41755154926021,112.18741109687842,112.4712905883789,135715000
2012-12-14 00:00:00-05:00,112.22684256748957,112.431861968034,111.87987740321357,112.05335998535156,137701700
2012-12-17 00:00:00-05:00,112.34511065244493,113.43331729196277,112.31356180449252,113.37023162841797,143238200
2012-12-18 00:00:00-05:00,113.55159123028439,114.73442030559985,113.38598986550201,114.63190460205078,177762800
2012-12-19 00:00:00-05:00,114.75809858998979,114.79752864009325,113.74087067854757,113.78028869628906,150895400
2012-12-20 00:00:00-05:00,113.85123976499483,114.45053547002051,113.53581147364525,114.43476104736328,168487000
2012-12-21 00:00:00-05:00,112.90366789263555,114.42842584728832,112.72101781474825,113.39603424072266,245883800
2012-12-24 00:00:00-05:00,113.14986154720398,113.21339464924499,112.91956465529297,113.046630859375,53874600
2012-12-26 00:00:00-05:00,113.2769337893633,113.33252980075022,112.25249124388334,112.57014465332031,106947700
2012-12-27 00:00:00-05:00,112.60190822721307,112.83221725540028,111.11685971503802,112.41925811767578,167920600
2012-12-28 00:00:00-05:00,111.68861469109125,112.3080471676163,111.07711930663014,111.20418548583984,148806700
2012-12-31 00:00:00-05:00,110.91032368032141,113.21333995768173,110.81501801445046,113.09422302246094,243935200
2013-01-02 00:00:00-05:00,115.23846118512465,116.06436722490628,114.93668199861817,115.9928970336914,192059000
2013-01-03 00:00:00-05:00,115.9373358583968,116.23910298631965,115.421133879423,115.73085021972656,144761800
2013-01-04 00:00:00-05:00,115.92142134932922,116.42967399227177,115.68317527220329,116.23907470703125,116817700
2013-01-07 00:00:00-05:00,115.82614652530668,116.03262002948453,115.49259469268742,115.92144012451172,110002500
2013-01-08 00:00:00-05:00,115.71491863607659,115.87374527479025,115.13518383411284,115.58785247802734,121265100
2013-01-09 00:00:00-05:00,115.84201942085059,116.19939464928365,115.65936931851193,115.88172912597656,90745600
2013-01-10 00:00:00-05:00,116.52497694065629,116.81086983264363,115.92143066543846,116.80293273925781,130735400
2013-01-11 00:00:00-05:00,116.77113976936072,116.85849625217203,116.42966304781498,116.79497528076172,113917300
2013-01-14 00:00:00-05:00,116.65199732027746,116.79494976896952,116.2866851671267,116.71553039550781,89567200
2013-01-15 00:00:00-05:00,116.17553069138287,116.90615515727634,116.10406051027299,116.79497528076172,93172600
2013-01-16 00:00:00-05:00,116.55674635443097,116.96175622460227,116.42968015754212,116.77910614013672,104849500
2013-01-17 00:00:00-05:00,117.2952927350526,117.8670784879092,116.8585102686067,117.53353881835938,133833500
2013-01-18 00:00:00-05:00,117.50968520002883,117.92264416370698,117.08083993682952,117.79557800292969,169906000
2013-01-22 00:00:00-05:00,117.79558186670124,118.43090057373047,117.51762614559581,118.43090057373047,111797300
2013-01-23 00:00:00-05:00,118.43094143001828,118.72477143483495,118.2165187174139,118.62152862548828,104596100
2013-01-24 00:00:00-05:00,118.44680419613974,119.2330126547421,118.335624303603,118.65328979492188,146426400
2013-01-25 00:00:00-05:00,119.0265131054474,119.32034301757812,118.62149120743283,119.32034301757812,147211600
2013-01-28 00:00:00-05:00,119.35206894832591,119.38384154015075,118.73263670236786,119.1773681640625,113357700
2013-01-29 00:00:00-05:00,118.93917655620406,119.7968551620693,118.85975715803735,119.64596557617188,105694400
2013-01-30 00:00:00-05:00,119.6300245971734,119.86827056508649,119.06617621036887,119.1773681640625,137447700
2013-01-31 00:00:00-05:00,119.03445737978122,119.42359300076598,118.8041605381029,118.8835678100586,108975800
2013-02-01 00:00:00-05:00,119.6379971384605,120.24949247651266,119.43152370118824,120.10655212402344,131173000
2013-02-04 00:00:00-05:00,119.37599083239404,120.1304268452899,118.66918950631764,118.75654602050781,159073600
2013-02-05 00:00:00-05:00,119.39976622962514,120.29714229529293,119.35210732656294,119.9556655883789,113912400
2013-02-06 00:00:00-05:00,119.53478477618361,120.12244469441201,119.44742828594713,120.04303741455078,138762800
2013-02-07 00:00:00-05:00,120.08271448387507,120.19389433962947,119.01061349662547,119.8841781616211,162490000
2013-02-08 00:00:00-05:00,120.09067136299304,120.62274734018595,120.09067136299304,120.55127716064453,103133700
2013-02-11 00:00:00-05:00,120.50361191320363,120.63066595146906,120.22565621175086,120.52743530273438,73775000
2013-02-12 00:00:00-05:00,120.53538341464643,120.94834240043134,120.40038015572951,120.72598266601562,65392700
2013-02-13 00:00:00-05:00,120.97216847453883,121.19452821388508,120.48773930288516,120.82921600341797,82322600
2013-02-14 00:00:00-05:00,120.46396479050762,121.08339747541481,120.32896147381778,120.94044494628906,80834300
2013-02-15 00:00:00-05:00,121.05159799197212,121.1786641857238,120.35275816173629,120.79747772216797,215226500
2013-02-19 00:00:00-05:00,121.00392226701022,121.72659743877149,120.83715853057072,121.70277404785156,95105400
2013-02-20 00:00:00-05:00,121.6154152492476,121.65512493925343,120.12241815244005,120.18595123291016,160574800
2013-02-21 00:00:00-05:00,119.88422106684371,120.2495212446184,119.07418918919144,119.45537567138672,183257000
2013-02-22 00:00:00-05:00,120.03512289919223,120.62279510498047,119.51099592397813,120.62279510498047,106356600
2013-02-25 00:00:00-05:00,121.21045024127967,121.3931003415007,118.32769775390625,118.32769775390625,245824800
2013-02-26 00:00:00-05:00,118.89943404266201,119.28062038972301,118.11322584150913,119.13768005371094,186596200
2013-02-27 00:00:00-05:00,119.03452433726594,120.97224220488384,118.93128149618165,120.63870239257812,150781900
2013-02-28 00:00:00-05:00,120.63070275875378,121.40102490247953,120.2415791992238,120.40040588378906,126866000
2013-03-01 00:00:00-05:00,119.98744588412502,120.980127802124,119.44743273722919,120.79747772216797,170634800
2013-03-04 00:00:00-05:00,120.51950798300906,121.44071960449217,120.32892083214897,121.44071960449219,99010200
2013-03-05 00:00:00-05:00,122.02842875872884,122.85433493861856,122.0125424520863,122.52873229980469,121431900
2013-03-06 00:00:00-05:00,122.96549455592903,123.02902765431242,122.4254813962194,122.69548797607422,94469900
2013-03-07 00:00:00-05:00,122.85435933456985,123.07671920091482,122.7114188995069,122.91789245605469,86101400
2013-03-08 00:00:00-05:00,123.45784949679214,123.60872694426995,122.82253075180664,123.44196319580078,123477800
2013-03-11 00:00:00-04:00,123.34668593700103,123.91845955363422,123.19579635187192,123.9105224609375,83746800
2013-03-12 00:00:00-04:00,123.82312179902556,123.96607424046248,123.25928547622655,123.63252258300781,105755800
2013-03-13 00:00:00-04:00,123.69613971896862,123.982032678441,123.27524343387077,123.80731964111328,92550900
2013-03-14 00:00:00-04:00,124.13290619971136,124.52204193555882,123.81525278273052,124.46644592285156,126329900
2013-03-15 00:00:00-04:00,124.31803520408434,124.46958369514594,123.88728256584886,124.30207824707031,138601100
2013-03-18 00:00:00-04:00,123.11356332078735,124.15054668107858,123.00188893870029,123.61610412597656,126704300
2013-03-19 00:00:00-04:00,123.87936385878626,124.04686937945382,122.51532947536438,123.32896423339844,167567300
2013-03-20 00:00:00-04:00,124.05481071156548,124.39780620112288,123.84740676756057,124.19041442871094,113759300
2013-03-21 00:00:00-04:00,123.44860572502782,124.15056604856363,122.92214765397263,123.1295394897461,128605000
2013-03-22 00:00:00-04:00,123.52042445198033,124.11868286132812,123.4246948297977,124.11868286132812,111163600
2013-03-25 00:00:00-04:00,124.44568743469918,124.6530914162532,123.12155176866162,123.60015106201172,151322300
2013-03-26 00:00:00-04:00,124.11069049693373,124.6212038206463,123.97508672659109,124.58930206298828,86856600
2013-03-27 00:00:00-04:00,123.8474553527635,124.62918838875912,123.64006349899199,124.58930206298828,99950600
2013-03-28 00:00:00-04:00,124.50945261751924,125.11569518348801,124.23824524410702,124.97210693359375,102932800
2013-04-01 00:00:00-04:00,124.9083406744723,125.16360336561887,124.17447869481846,124.47760009765625,99194100
2013-04-02 00:00:00-04:00,124.92426399880195,125.40287533003468,124.7328170319905,125.09178161621094,101504300
2013-04-03 00:00:00-04:00,125.16355242102695,125.2592698054501,123.49640972717654,123.82344818115234,154167400
2013-04-04 00:00:00-04:00,123.98306488122896,124.57335088389773,123.71185732794801,124.3260726928711,131885000
2013-04-05 00:00:00-04:00,122.80242892620997,123.91918454942905,122.65885284168236,123.76762390136719,159666000
2013-04-08 00:00:00-04:00,123.85539054278038,124.61318174392261,123.44059482900848,124.60520935058594,86571200
2013-04-09 00:00:00-04:00,124.83652271228163,125.49062407301052,124.42172702429727,125.03594207763672,101922200
2013-04-10 00:00:00-04:00,125.37100358268502,126.72705324847126,125.33910182994941,126.56752014160156,135711100
2013-04-11 00:00:00-04:00,126.59139536716637,127.39705729548155,126.46376406760882,126.98226165771484,110142500
2013-04-12 00:00:00-04:00,126.57549689676894,126.8626613676641,125.96926620114415,126.67122650146484,116359900
2013-04-15 00:00:00-04:00,126.03312589563744,126.1368279321093,123.7198645294843,123.73580932617188,217259000
2013-04-16 00:00:00-04:00,124.66910749148202,125.62633096871114,124.36599808385478,125.56251525878906,147507800
2013-04-17 00:00:00-04:00,124.66902163133602,124.69296315622002,123.0656941029201,123.72776794433594,226834800
2013-04-18 00:00:00-04:00,123.93514224160454,123.96705615588402,122.48337560328103,122.9540023803711,167583200
2013-04-19 00:00:00-04:00,123.24116009883471,124.07872381537808,122.93803878750116,124.02288055419922,149687600
2013-04-22 00:00:00-04:00,124.26220946077525,124.86844002527334,123.44060254679226,124.57330322265625,106553500
2013-04-23 00:00:00-04:00,125.19550057479012,125.97722123777854,124.5733130021838,125.85757446289062,166141300
2013-04-24 00:00:00-04:00,125.89748397744897,126.27239350330827,125.66615060791186,125.93737030029297,96781200
2013-04-25 00:00:00-04:00,126.30424955363027,127.0460959409711,126.11281474780742,126.44783782958984,131060600
2013-04-26 00:00:00-04:00,126.29626772211162,126.51164403415909,125.8176564001376,126.22447967529297,95918800
2013-04-29 00:00:00-04:00,126.56748948447193,127.34921003890251,126.36807010628912,127.07003021240234,88572800
2013-04-30 00:00:00-04:00,127.04611512000845,127.40506760670664,126.51964498133418,127.37315368652344,116010700
2013-05-01 00:00:00-04:00,127.0940647600809,127.15788047451095,126.11292401537526,126.25650024414062,138874200
2013-05-02 00:00:00-04:00,126.57544206016651,127.54063705495355,126.45579532062683,127.42896270751953,96407600
2013-05-03 00:00:00-04:00,128.53772902189735,129.12801464877657,127.45288732781073,128.72119140625,144202300
2013-05-06 00:00:00-04:00,128.81692720142502,129.23171068424895,128.76108394128076,129.04824829101562,66882100
2013-05-07 00:00:00-04:00,129.3274678889551,129.74225146042832,128.96053085247405,129.70237731933594,90359200
2013-05-08 00:00:00-04:00,129.55880160162923,130.33254989077582,129.48701353478344,130.29266357421875,97419200
2013-05-09 00:00:00-04:00,130.23684455588852,130.57984013260474,129.59869994653243,129.92575073242188,106738600
2013-05-10 00:00:00-04:00,130.01348758197958,130.46018512892348,129.63059353751743,130.3485107421875,103203000
2013-05-13 00:00:00-04:00,130.18101719506748,130.66760114990888,129.87790790153835,130.4522247314453,81843200
2013-05-14 00:00:00-04:00,130.55587226556133,131.89597676708692,130.55587226556133,131.8002471923828,119000900
2013-05-15 00:00:00-04:00,131.5849113006613,132.77344321657694,131.54502498359946,132.5102081298828,120718500
2013-05-16 00:00:00-04:00,132.23898055053093,132.70163498062428,131.68858110487514,131.88800048828125,109913600
2013-05-17 00:00:00-04:00,132.37463173498412,133.2440976372086,132.19914164093547,133.16433715820312,129801000
2013-05-20 00:00:00-04:00,133.03669475834502,133.67483939548035,132.9010910008382,133.15634155273438,85071200
2013-05-21 00:00:00-04:00,133.27594449748707,133.85027321233582,132.81329013432608,133.3477325439453,95804200
2013-05-22 00:00:00-04:00,133.48334017453976,134.86333091224387,131.75238158662046,132.35861206054688,244031800
2013-05-23 00:00:00-04:00,130.9467701965626,132.3427061293837,130.77128013413744,131.97576904296875,211064400
2013-05-24 00:00:00-04:00,131.1940133005695,131.91990271301097,130.80314696196436,131.8640594482422,151573900
2013-05-28 00:00:00-04:00,133.24406699593087,133.83435282849558,132.2629269114471,132.65379333496094,143679800
2013-05-29 00:00:00-04:00,131.95187628475725,132.25499778058307,131.09038269525124,131.79234313964844,160363400
2013-05-30 00:00:00-04:00,131.89600302742485,132.88511551408973,131.792301039012,132.2788848876953,107793800
2013-05-31 00:00:00-04:00,131.9119102705031,132.6617289883241,130.12512065008684,130.38037109375,176850100
2013-06-03 00:00:00-04:00,130.6835014265176,131.18604212774179,129.75022024681,131.09829711914062,168390700
2013-06-04 00:00:00-04:00,131.17005377285554,131.69652369844445,129.80602026957322,130.4680938720703,157631500
2013-06-05 00:00:00-04:00,130.09326193352243,130.35649705284266,128.52982035231918,128.64149475097656,211737800
2013-06-06 00:00:00-04:00,128.58558491561757,129.8140148366641,127.82779387609915,129.8060302734375,200225500
2013-06-07 00:00:00-04:00,130.69946890831088,131.5769068933845,130.1331125032635,131.45726013183594,188337800
2013-06-10 00:00:00-04:00,131.86407129269423,131.93585934962337,131.11425246274135,131.45726013183594,105667100
2013-06-11 00:00:00-04:00,130.2607598989164,131.2498723739831,129.81406237190632,130.10122680664062,159505400
2013-06-12 00:00:00-04:00,130.99463318361163,131.13023693234715,128.9047214994826,129.0243682861328,177361500
2013-06-13 00:00:00-04:00,128.95256817524606,131.21796971603007,128.66540374249917,130.9866485595703,163587800
2013-06-14 00:00:00-04:00,130.8430086116878,131.3535216048868,129.94961391648704,130.16497802734375,141197500
2013-06-17 00:00:00-04:00,131.05044603889058,131.79229252757403,130.1969373459514,131.17010498046875,136295600
2013-06-18 00:00:00-04:00,131.24189701555372,132.4065116888961,131.23392462117815,132.20709228515625,114695600
2013-06-19 00:00:00-04:00,132.0953848395641,132.32670593449606,130.32454000390769,130.38037109375,206149500
2013-06-20 00:00:00-04:00,129.11211088564284,130.39637244838724,126.81479525251105,127.14981842041016,321255900
2013-06-21 00:00:00-04:00,128.0150438068026,128.1112676870462,126.27492596841434,127.55796813964844,271956800
2013-06-24 00:00:00-04:00,126.22682869410939,127.04475624320597,124.87963303418833,125.94615936279297,222329000
2013-06-25 00:00:00-04:00,127.0848404217721,128.3839240011694,126.23483017307832,127.15702056884766,162262200
2013-06-26 00:00:00-04:00,128.19946915410955,128.70466896650623,127.7022961552406,128.41598510742188,134848000
2013-06-27 00:00:00-04:00,129.18584119927183,129.76320904431878,129.06554909388768,129.1697998046875,129483700
2013-06-28 00:00:00-04:00,128.808922207946,129.42637506200893,128.1914571178866,128.64051818847656,160402900
2013-07-01 00:00:00-04:00,129.31409239927308,130.29240912974117,129.16975660428346,129.394287109375,131954800
2013-07-02 00:00:00-04:00,129.20185244515054,130.1480988184549,128.70467940595506,129.27403259277344,154863700
2013-07-03 00:00:00-04:00,128.68861816068022,129.7230736783842,128.48012903614853,129.33013916015625,75216400
2013-07-05 00:00:00-04:00,130.2844173564216,130.77357580727158,129.3461978167907,130.7254638671875,122416900
2013-07-08 00:00:00-04:00,131.39903876410492,131.824043828711,130.7735591506848,131.47120666503906,108092500
2013-07-09 00:00:00-04:00,132.29717312789086,132.57784241672448,131.72783220848075,132.41746520996094,119298000
2013-07-10 00:00:00-04:00,132.28920329033855,132.9146831734512,132.01656072303317,132.4656219482422,121410100
2013-07-11 00:00:00-04:00,134.00520855173767,134.4061576513197,132.4575386646335,134.26983642578125,135592200
2013-07-12 00:00:00-04:00,134.2297496347866,134.66276931258315,134.0212604915507,134.3259735107422,104212700
2013-07-15 00:00:00-04:00,134.69485180844424,135.03164760956813,134.46229446071817,134.8391876220703,69450600
2013-07-16 00:00:00-04:00,134.92744249236935,135.00763723991193,133.97319351821577,134.33404541015625,88702100
2013-07-17 00:00:00-04:00,134.84729816609564,135.10389940609375,134.50247533721833,134.67889404296875,92873900
2013-07-18 00:00:00-04:00,134.9675342578072,135.73736219982524,134.87932493357596,135.41659545898438,103620100
2013-07-19 00:00:00-04:00,135.1359060050644,135.70524695038455,134.96750197690105,135.65713500976562,103831700
2013-07-22 00:00:00-04:00,135.84964602681256,136.1142740355953,135.52887924222665,135.92181396484375,79428600
2013-07-23 00:00:00-04:00,136.16235832701645,136.18641430147215,135.560934493625,135.6331024169922,80829700
2013-07-24 00:00:00-04:00,136.1543428511992,136.2104816202709,134.86328575855282,135.1359405517578,112914000
2013-07-25 00:00:00-04:00,134.89531975959278,135.58495271931804,134.67078923651906,135.46466064453125,111088600
2013-07-26 00:00:00-04:00,134.89538057498012,135.64916720055825,134.33405401423084,135.60906982421875,107814600
2013-07-29 00:00:00-04:00,135.26418450399132,135.56890974001837,134.80710888594643,135.1920166015625,79695000
2013-07-30 00:00:00-04:00,135.60099252065052,135.74532832550815,134.87126221121505,135.1920166015625,85209600
2013-07-31 00:00:00-04:00,135.47268694829754,136.2024172635407,135.11183519728584,135.2882537841797,142388700
2013-08-01 00:00:00-04:00,136.31470406450202,136.97225434464943,136.2425239140975,136.8519744873047,110438400
2013-08-02 00:00:00-04:00,136.5472480144819,137.10055982545634,136.36281482282297,137.0845184326172,91116700
2013-08-05 00:00:00-04:00,136.779855736448,137.0925957139519,136.6034370582661,136.88409423828125,54072700
2013-08-06 00:00:00-04:00,136.61941561758323,136.9161263224441,135.80148812460914,136.106201171875,87495000
2013-08-07 00:00:00-04:00,135.67321846698053,135.86566628912405,135.16000388126307,135.66519165039062,84854700
2013-08-08 00:00:00-04:00,136.3066740822953,136.46705130036042,135.46467839245673,136.16233825683594,102181300
2013-08-09 00:00:00-04:00,135.98598629514834,136.40297705528963,135.29635290706997,135.76947021484375,91757700
2013-08-12 00:00:00-04:00,135.087840639809,135.7694470935755,135.02368728486604,135.60906982421875,68593300
2013-08-13 00:00:00-04:00,135.84963250729336,136.2425549548058,135.0477339796347,136.010009765625,80806000
2013-08-14 00:00:00-04:00,135.94584179700064,136.1623578022669,135.28026462229258,135.31234741210938,79829200
2013-08-15 00:00:00-04:00,134.24581521997368,134.26184437819077,133.18730344971087,133.41986083984375,152931800
2013-08-16 00:00:00-04:00,133.16325401732624,133.62034200493682,132.7141928452171,132.97882080078125,130868200
2013-08-19 00:00:00-04:00,132.82641643452655,133.28350427862458,132.12074210791718,132.12876892089844,96437600
2013-08-20 00:00:00-04:00,132.34530359281283,133.27550865265232,132.20096775731957,132.77833557128906,89294400
2013-08-21 00:00:00-04:00,132.40943398317458,133.13916432102377,131.66367449038088,131.9603729248047,159530500
2013-08-22 00:00:00-04:00,132.23307895598182,133.35574437757415,132.2250643746569,133.1632843017578,101471400
2013-08-23 00:00:00-04:00,133.55619341577685,133.78072400982512,132.93071358435665,133.61231994628906,90888900
2013-08-26 00:00:00-04:00,133.7486985401301,134.15767476856652,133.02699449795568,133.11520385742188,89702100
2013-08-27 00:00:00-04:00,131.79998367702538,133.11509618605015,130.87780567615857,130.97402954101562,158619400
2013-08-28 00:00:00-04:00,130.91795232863305,131.9042963509897,130.74956048598733,131.43919372558594,108113000
2013-08-29 00:00:00-04:00,131.15051660993498,132.34533767588263,131.0302244800467,131.64768981933594,119200500
2013-08-30 00:00:00-04:00,131.92025420471975,131.936295593063,130.84571366961214,131.23062133789062,134928900
2013-09-03 00:00:00-04:00,132.49764248684622,132.77831176464673,131.27073916113972,131.8240509033203,142375100
2013-09-04 00:00:00-04:00,131.85614584907213,133.1391881621649,131.6155861218658,132.91465759277344,97389400
2013-09-05 00:00:00-04:00,132.99485953090235,133.4358938786728,132.89862339880784,133.08306884765625,63090500
2013-09-06 00:00:00-04:00,133.52404884935768,133.90094193699662,131.89619667763807,133.14715576171875,159756500
2013-09-09 00:00:00-04:00,133.47594922222876,134.50237791073798,133.47594922222876,134.4221954345703,87559300
2013-09-10 00:00:00-04:00,135.2321622305009,135.44065143504744,134.9274368857021,135.41659545898438,105847200
2013-09-11 00:00:00-04:00,135.23212968623076,135.84156799316406,134.99958456158427,135.84156799316406,94545900
2013-09-12 00:00:00-04:00,135.79346802654817,135.9698866481108,135.29629494905248,135.48072814941406,83209000
2013-09-13 00:00:00-04:00,135.625068947625,135.88969686577974,135.3123290872599,135.7854461669922,72727800
2013-09-16 00:00:00-04:00,137.25290746971172,137.31706079806074,136.35477310882155,136.5712890625,106299200
2013-09-17 00:00:00-04:00,136.69155152269565,137.21278037809438,136.69155152269565,137.1807098388672,82523300
2013-09-18 00:00:00-04:00,137.13261438147168,139.14538680612327,136.7878040096287,138.76849365234375,203460600
2013-09-19 00:00:00-04:00,139.1454309146357,139.209584262849,138.39965894815614,138.53598022460938,146616900
2013-09-20 00:00:00-04:00,138.86474807876078,138.86474807876078,137.4545855617542,137.56739807128906,132867100
2013-09-23 00:00:00-04:00,137.3820637183181,137.5109835160245,136.49567094610495,136.93080139160156,104616500
2013-09-24 00:00:00-04:00,136.90660412749807,137.4142664711598,136.3506076268674,136.60845947265625,106333100
2013-09-25 00:00:00-04:00,136.69711221190212,136.97108366745204,136.09275690343833,136.213623046875,117306500
2013-09-26 00:00:00-04:00,136.4392363496329,137.12416486807197,136.22166503406373,136.7373809814453,77146900
2013-09-27 00:00:00-04:00,136.05244381221604,136.2941883586983,135.75429917241632,136.10885620117188,99141800
2013-09-30 00:00:00-04:00,134.9566053586741,135.81075914327903,134.69068746986702,135.38368225097656,143937000
2013-10-01 00:00:00-04:00,135.48841715531478,136.58431539901454,135.3514314118075,136.45538330078125,127160000
2013-10-02 00:00:00-04:00,135.65765260869426,136.45539390024055,135.23862940470838,136.3264617919922,113350000
2013-10-03 00:00:00-04:00,136.01220527281743,136.13308374210717,134.44088353719724,135.0694122314453,176698000
2013-10-04 00:00:00-04:00,135.17415374885655,136.22975918191753,134.99687518651817,136.0927734375,96878000
2013-10-07 00:00:00-04:00,134.9082213799537,135.73820169806507,134.77123565028526,134.91627502441406,96295000
2013-10-08 00:00:00-04:00,134.89211903644744,135.06939760235707,133.24827777468045,133.344970703125,178015000
2013-10-09 00:00:00-04:00,133.60279406185512,133.92511192189352,132.57941579799402,133.44163513183594,168973000
2013-10-10 00:00:00-04:00,134.80340820575375,136.39084851526502,134.75506176719165,136.31832885742188,195955000
2013-10-11 00:00:00-04:00,136.108884070142,137.24507506430263,135.99607156476984,137.19671630859375,105040000
2013-10-14 00:00:00-04:00,136.35064687549774,137.85750246184435,136.24588800093287,137.74468994140625,112106000
2013-10-15 00:00:00-04:00,137.39815461906903,137.91387063530235,136.56012070355484,136.74545288085938,155485000
2013-10-16 00:00:00-04:00,137.56744376075645,138.72780841315245,137.50297769166272,138.65528869628906,161676000
2013-10-17 00:00:00-04:00,138.09120638897477,139.66254061208676,138.0670331512941,139.5819549560547,129389000
2013-10-18 00:00:00-04:00,140.09759676223763,140.62136636127076,139.81555941159624,140.52467346191406,138316000
2013-10-21 00:00:00-04:00,140.57305343633786,140.81479803802065,140.21849632662193,140.5327606201172,104104000
2013-10-22 00:00:00-04:00,140.9437151243197,141.76562946862802,140.55691888455593,141.34661865234375,126663000
2013-10-23 00:00:00-04:00,140.86317042632606,140.92763648501642,140.17824160707247,140.66978454589844,105484000
2013-10-24 00:00:00-04:00,140.95175280181954,141.31436347683763,140.62136899531123,141.1370849609375,70350000
2013-10-25 00:00:00-04:00,141.42722689811558,141.82207687949563,141.15325538237084,141.7817840576172,93625000
2013-10-28 00:00:00-04:00,141.7334594722295,142.20082922776348,141.58035410283884,142.00743103027344,84979000
2013-10-29 00:00:00-04:00,142.32970115223762,142.82124393757368,142.12824939260219,142.76483154296875,87401000
2013-10-30 00:00:00-04:00,142.93406416185863,143.03881072149943,141.54807499695318,142.05572509765625,140002000
2013-10-31 00:00:00-04:00,141.9429383841291,142.53924015965924,141.44334183705726,141.65284729003906,133795000
2013-11-01 00:00:00-04:00,141.83818190141602,142.3136051820868,141.19353370449136,141.9912872314453,142805000
2013-11-04 00:00:00-05:00,142.37807798528954,142.54729061392862,141.8059494557731,142.4908905029297,85677000
2013-11-05 00:00:00-05:00,141.93485296554482,142.42639575672885,141.4755493418442,142.03961181640625,85825000
2013-11-06 00:00:00-05:00,142.6520190493985,143.0307493411643,142.25716917408275,142.76483154296875,87348000
2013-11-07 00:00:00-05:00,143.03076914488324,143.14358165407327,140.82285312714544,140.9598388671875,157000000
2013-11-08 00:00:00-05:00,140.911489954176,142.87766133354828,140.89538266431572,142.86154174804688,136713000
2013-11-11 00:00:00-05:00,142.72455566536883,143.05493954132263,142.55534305275714,142.88572692871094,62614000
2013-11-12 00:00:00-05:00,142.57949198954975,142.91792945274915,142.1201760994398,142.59561157226562,83990000
2013-11-13 00:00:00-05:00,141.8945932257774,143.78017920692352,141.8945932257774,143.73989868164062,103844000
2013-11-14 00:00:00-05:00,143.86882884893188,144.57794320219992,143.6351501437741,144.4570770263672,103435000
2013-11-15 00:00:00-05:00,144.69073659960168,145.14198665723475,144.5054043892828,145.08558654785156,102818000
2013-11-18 00:00:00-05:00,145.32731838908316,145.44818453831022,144.25559344858715,144.57791137695312,104796000
2013-11-19 00:00:00-05:00,144.50541651062187,144.94054701822694,144.0138735932598,144.263671875,93891000
2013-11-20 00:00:00-05:00,144.55374957764127,144.98888004490718,143.41755850250001,143.81240844726562,124909000
2013-11-21 00:00:00-05:00,144.2153479325978,145.08562137938245,144.12670862887958,144.97280883789062,92841000
2013-11-22 00:00:00-05:00,145.02913102832926,145.7140718522432,144.8599184548416,145.6979522705078,81296000
2013-11-25 00:00:00-05:00,145.9558209670044,145.98804783584623,145.3433997982615,145.55291748046875,79486000
2013-11-26 00:00:00-05:00,145.62542458650225,146.0283280382587,145.37562641371525,145.5931854248047,86994000
2013-11-27 00:00:00-05:00,145.74631740225797,146.04447437220907,145.56903886735944,145.94776916503906,58800000
2013-11-29 00:00:00-05:00,146.10893837341948,146.45542949866194,145.6899152699014,145.85107421875,55870900
2013-12-02 00:00:00-05:00,145.92361637754436,146.1975878623499,145.24674131073954,145.4723663330078,99726000
2013-12-03 00:00:00-05:00,144.996962160157,145.35957297260106,144.37648711935262,144.84385681152344,116563000
2013-12-04 00:00:00-05:00,144.32003246778618,145.43203771936143,143.7156772435419,144.8276824951172,123033000
2013-12-05 00:00:00-05:00,144.5698772300971,144.83579508990124,144.05416109777335,144.19114685058594,106934000
2013-12-06 00:00:00-05:00,145.58514778556753,145.9397048293897,145.1661247069014,145.80271911621094,127728000
2013-12-09 00:00:00-05:00,146.22978274763105,146.3909416724942,145.97998456974747,146.17337036132812,70124000
2013-12-10 00:00:00-05:00,145.83497514679672,146.1411857996252,145.5610036656562,145.64964294433594,80976000
2013-12-11 00:00:00-05:00,145.70597772505508,145.73015094312254,143.83650022360547,144.01377868652344,130591000
2013-12-12 00:00:00-05:00,143.94940942744051,144.1266880095147,143.24029509914376,143.5384521484375,115565000
2013-12-13 00:00:00-05:00,143.83658793053863,143.96552003594033,143.24835210615157,143.52232360839844,107808000
2013-12-16 00:00:00-05:00,144.19920716080478,144.89220189835913,144.1589143385524,144.41677856445312,96195000
2013-12-17 00:00:00-05:00,144.5456913129684,144.56986454395278,143.63512529375197,143.9574432373047,89886000
2013-12-18 00:00:00-05:00,144.17500314624834,146.43931910308544,142.88571917892682,146.41514587402344,234906000
2013-12-19 00:00:00-05:00,145.99608492408063,146.41510794534184,145.61736700166898,146.2458953857422,136531200
2013-12-20 00:00:00-05:00,146.3917340085648,147.4449726957742,146.29451616009342,147.09658813476562,197087000
2013-12-23 00:00:00-05:00,147.81766078185262,147.97159729542506,147.50980011710044,147.88247680664062,85598000
2013-12-24 00:00:00-05:00,147.89061825658763,148.27140478922536,147.88252088697277,148.2065887451172,45368800
2013-12-26 00:00:00-05:00,148.53875441852878,149.04107562946845,148.52255968059828,148.96005249023438,63365000
2013-12-27 00:00:00-05:00,149.15449555206771,149.21929922638432,148.79801353135161,148.9519500732422,61814000
2013-12-30 00:00:00-05:00,148.96817255323512,149.08970728060103,148.73322519349665,148.92767333984375,56857000
2013-12-31 00:00:00-05:00,149.1301832602598,149.6324920654297,149.01674593016926,149.6324920654297,86119900
2014-01-02 00:00:00-05:00,149.05727724911557,149.13020302275123,147.84200427886944,148.198486328125,119636900
2014-01-03 00:00:00-05:00,148.44965326541555,148.74942902975056,147.96355145381847,148.1741943359375,81390600
2014-01-06 00:00:00-05:00,148.66026035062836,148.71696664719906,147.51790106549373,147.7447509765625,108028200
2014-01-07 00:00:00-05:00,148.33623590027486,148.90336089083033,148.22281090216376,148.65220642089844,86144200
2014-01-08 00:00:00-05:00,148.62780589253438,148.93567884374957,148.17410619330545,148.6845245361328,96582300
2014-01-09 00:00:00-05:00,149.162631680905,149.17883878489306,148.10129507405247,148.78184509277344,90683400
2014-01-10 00:00:00-05:00,149.0329988436676,149.25175147804126,148.2714256711355,149.1869354248047,102026400
2014-01-13 00:00:00-05:00,148.80606048421072,149.2192486705635,146.91833577763495,147.201904296875,149892000
2014-01-14 00:00:00-05:00,147.68808188913727,148.8871602357065,147.4126229564378,148.80613708496094,105016100
2014-01-15 00:00:00-05:00,149.1545001646257,149.83505002755044,148.8385297023824,149.6082000732422,98525800
2014-01-16 00:00:00-05:00,149.30033234299026,149.60820544735148,148.93575292921267,149.41375732421875,72290600
2014-01-17 00:00:00-05:00,149.15453431011005,149.43809063671137,148.52259324095513,148.78184509277344,107848700
2014-01-21 00:00:00-05:00,149.6405667703482,149.69728542680332,148.3037718276459,149.21926879882812,88621200
2014-01-22 00:00:00-05:00,149.47038848842553,149.5352044915232,149.000481737759,149.3164520263672,61270900
2014-01-23 00:00:00-05:00,148.5630772343338,148.5873817066264,147.30730495789385,148.09317016601562,132496900
2014-01-24 00:00:00-05:00,147.12902408433578,147.1776330157601,144.884816971896,144.9334259033203,208677100
2014-01-27 00:00:00-05:00,145.07121374920715,145.4439029775294,143.4994584007847,144.22052001953125,180843100
2014-01-28 00:00:00-05:00,144.32580904187628,145.26562305107743,144.30960194174656,145.07928466796875,110463200
2014-01-29 00:00:00-05:00,143.87214470358688,144.65802236181793,143.30501968280115,143.68580627441406,216597300
2014-01-30 00:00:00-05:00,144.88485546931108,145.67883040579392,144.42304577328534,145.20892333984375,118938100
2014-01-31 00:00:00-05:00,143.4102887661334,145.25750244599578,143.33737536460063,144.3582000732422,194677900
2014-02-03 00:00:00-05:00,144.18806858252796,144.51213638599648,140.83391613081236,141.109375,254837100
2014-02-04 00:00:00-05:00,141.7413115886185,142.46237293758875,141.06076180445658,142.09779357910156,165012400
2014-02-05 00:00:00-05:00,141.60355478189635,142.2354955110724,140.7366668020847,141.91952514648438,164230500
2014-02-06 00:00:00-05:00,142.25173603247998,143.79107666015625,141.96007006106404,143.79107666015625,132877600
2014-02-07 00:00:00-05:00,144.46351073161745,145.72739232621592,143.99360381729878,145.57345581054688,170787200
2014-02-10 00:00:00-05:00,145.58962023676472,145.88939581293016,145.19263919417222,145.8407745361328,92218800
2014-02-11 00:00:00-05:00,145.9623802155983,147.80959403636945,145.86514997707675,147.43690490722656,117814100
2014-02-12 00:00:00-05:00,147.6556381965012,148.12554514036688,147.2181454487055,147.5098114013672,94717700
2014-02-13 00:00:00-05:00,146.51328441295342,148.4253140946679,146.5051870448254,148.27137756347656,100542200
2014-02-14 00:00:00-05:00,148.13366999892406,149.3651500678559,147.9959405460508,149.08969116210938,96498400
2014-02-18 00:00:00-05:00,149.21933828267066,149.47050512656583,148.78994274416328,149.26795959472656,80460900
2014-02-19 00:00:00-05:00,148.87900661461964,149.84312495724913,148.15794529017805,148.27947998046875,126524300
2014-02-20 00:00:00-05:00,148.4820579574759,149.4947854530835,147.93923750331774,149.15451049804688,104998100
2014-02-21 00:00:00-05:00,149.43801374387465,149.7944956737966,148.91140057801204,148.98431396484375,118116400
2014-02-24 00:00:00-05:00,149.30029624835169,150.8153322090011,149.2354802229773,149.8107147216797,114063900
2014-02-25 00:00:00-05:00,149.93228461483716,150.36168010209204,149.2598320459068,149.75404357910156,117085000
2014-02-26 00:00:00-05:00,149.97278886331196,150.36978248940375,149.34084789926126,149.76214599609375,98677200
2014-02-27 00:00:00-05:00,149.54338931718624,150.5885186177119,149.37324566424704,150.5480194091797,93880800
2014-02-28 00:00:00-05:00,150.5236810461113,151.62552886080928,149.92415438675698,150.92877197265625,150842000
2014-03-03 00:00:00-05:00,149.60003968976596,150.2481874950781,148.8708811352843,149.86740112304688,167748500
2014-03-04 00:00:00-05:00,151.33385690915574,152.29797525415432,151.30145507576805,151.97390747070312,167545900
2014-03-05 00:00:00-05:00,152.10350541727055,152.37086684173457,151.86854581892757,152.11160278320312,88376900
2014-03-06 00:00:00-05:00,152.48433880273475,152.80840661345044,152.13595416194056,152.46002197265625,82516500
2014-03-07 00:00:00-05:00,153.09196321768718,153.09196321768718,151.85237365101298,152.5248260498047,114513500
2014-03-10 00:00:00-04:00,152.28991109870154,152.50055396764373,151.56884961523474,152.44384765625,74939200
2014-03-11 00:00:00-04:00,152.67072500239104,152.88947764246902,151.34202678238884,151.69039916992188,99009100
2014-03-12 00:00:00-04:00,150.95309777624945,151.78758414555313,150.61281049881393,151.73086547851562,104824400
2014-03-13 00:00:00-04:00,152.18453586952128,152.30607054859146,149.60816385681258,150.02944946289062,155014300
2014-03-14 00:00:00-04:00,149.76213661989323,150.531806990753,149.4299590573721,149.6082000732422,153919600
2014-03-17 00:00:00-04:00,150.36162743867473,151.3176483284511,150.2968114154363,150.96116638183594,98359500
2014-03-18 00:00:00-04:00,151.26907171395297,152.24128754541803,151.10702544004627,152.0387420654297,101804600
2014-03-19 00:00:00-04:00,152.05495340782747,152.26560864195244,150.26445809214343,151.22857666015625,176267300
2014-03-20 00:00:00-04:00,150.89633032421617,152.22502771821294,150.62896889975212,152.11160278320312,117241000
2014-03-21 00:00:00-04:00,152.75044944260213,153.8164699459679,151.38333017408104,151.52166748046875,163128000
2014-03-24 00:00:00-04:00,152.04248187469906,152.22965508121388,150.23593883265067,150.89508056640625,121411000
2014-03-25 00:00:00-04:00,151.66006006090774,152.12390803692887,150.76493379622775,151.61123657226562,103852000
2014-03-26 00:00:00-04:00,152.2052392438912,152.44936904449938,150.4800768423198,150.52076721191406,119843000
2014-03-27 00:00:00-04:00,150.34172170607778,150.82183572631462,149.65002275580326,150.20338439941406,142383000
2014-03-28 00:00:00-04:00,150.63463113305818,151.7006513284735,150.54511732337699,150.94386291503906,101642000
2014-03-31 00:00:00-04:00,151.90417248611206,152.41684389193287,150.9683559493195,152.18084716796875,99745000
2014-04-01 00:00:00-04:00,152.6772242766591,153.2794094785892,152.17269844774546,153.1898956298828,89193000
2014-04-02 00:00:00-04:00,153.38521064148046,153.90601513153712,153.10039044757636,153.70257568359375,78774000
2014-04-03 00:00:00-04:00,153.93852337104022,153.97921373434386,153.02711883442527,153.4990997314453,77435000
2014-04-04 00:00:00-04:00,154.3371979250209,154.36974275048948,151.44022419727526,151.68434143066406,169381000
2014-04-07 00:00:00-04:00,151.31819133833105,151.57045415444048,149.69882200255,150.00804138183594,140803000
2014-04-08 00:00:00-04:00,149.94299048633408,150.8706737747982,149.39777431317123,150.62655639648438,112660000
2014-04-09 00:00:00-04:00,151.03340459634293,152.2947188514959,150.59396857065025,152.2458953857422,100254000
2014-04-10 00:00:00-04:00,152.2378267610753,152.3110619907248,148.86072408492748,149.0478973388672,172959000
2014-04-11 00:00:00-04:00,148.21781042732383,149.25941917363315,147.54239012172462,147.70513916015625,167251000
2014-04-14 00:00:00-04:00,148.86072044128414,149.21877588897524,147.64822916800972,148.86886596679688,132382000
2014-04-15 00:00:00-04:00,149.17800596692967,149.99989643467805,147.70509470747174,149.89410400390625,157093000
2014-04-16 00:00:00-04:00,150.92760821887194,151.47282426720534,150.26032109237315,151.46469116210938,105197000
2014-04-17 00:00:00-04:00,151.26134895230885,152.09951874294288,151.00094041849982,151.67636108398438,105255000
2014-04-21 00:00:00-04:00,151.7169683461561,152.25405134015608,151.52980757562477,152.20521545410156,68329000
2014-04-22 00:00:00-04:00,152.359889457536,153.31198471873248,152.27852111700858,152.89697265625,85790000
2014-04-23 00:00:00-04:00,152.83994761124427,152.92131591533143,152.41679021234503,152.53884887695312,73869000
2014-04-24 00:00:00-04:00,153.28753771894173,153.30381635008726,152.11572461561227,152.84811401367188,88170000
2014-04-25 00:00:00-04:00,152.35172608679613,152.44123993546825,151.25314816372554,151.5949249267578,100380000
2014-04-28 00:00:00-04:00,152.21333422536168,152.73413849914525,150.51258412689148,152.0749969482422,135121000
2014-04-29 00:00:00-04:00,152.56322576252302,153.0189278955781,152.23772778661274,152.78294372558594,84098000
2014-04-30 00:00:00-04:00,152.53069771489976,153.3932786212297,152.31911283202044,153.23866271972656,101508000
2014-05-01 00:00:00-04:00,153.16546053018055,153.66998628214427,152.76671482549432,153.25497436523438,93019000
2014-05-02 00:00:00-04:00,153.2387177549438,153.91413816795452,152.8074271468821,153.0352783203125,98122000
2014-05-05 00:00:00-04:00,152.28660774301932,153.4340090217849,151.8634502837737,153.32821655273438,75883000
2014-05-06 00:00:00-04:00,152.9864530251011,153.09224550327892,151.9611227568461,151.99366760253906,85454000
2014-05-07 00:00:00-04:00,152.5063420703446,152.96204442112963,151.3670737764242,152.88880920410156,106500000
2014-05-08 00:00:00-04:00,152.75045259526684,153.84088485656233,152.23778130687074,152.7260284423828,93618000
2014-05-09 00:00:00-04:00,152.75049424964087,153.0190234180733,152.03438335526212,152.9539337158203,83679000
2014-05-12 00:00:00-04:00,153.63745727644346,154.51631708838772,152.98644862867468,154.4430694580078,86940000
2014-05-13 00:00:00-04:00,154.64648005824205,154.9557119021067,154.42677445892704,154.58139038085938,66454000
2014-05-14 00:00:00-04:00,154.4430385528121,154.51628616853463,153.62928101017934,153.8489990234375,72367000
2014-05-15 00:00:00-04:00,153.5398084037388,153.57236566767918,151.74954381271587,152.49819946289062,154956000
2014-05-16 00:00:00-04:00,152.58770925294638,153.0922474949326,151.9448461022474,153.0271453857422,97458000
2014-05-19 00:00:00-04:00,152.734159858664,153.71066645645118,152.59582256219832,153.58860778808594,63839000
2014-05-20 00:00:00-04:00,153.51541120600294,153.5316898395151,152.22968474860153,152.6202850341797,111644000
2014-05-21 00:00:00-04:00,153.05969085342065,153.97924107615248,153.0352791144948,153.906005859375,89093000
2014-05-22 00:00:00-04:00,153.94667557711986,154.59768421988227,153.68627957018913,154.2803192138672,61549000
2014-05-23 00:00:00-04:00,154.41860110989214,155.00450743639337,154.28026384071165,154.8987274169922,61092800
2014-05-27 00:00:00-04:00,155.47651141033967,155.89966880191193,155.38699758552542,155.85084533691406,72010000
2014-05-28 00:00:00-04:00,155.85089458745549,156.09502440654688,155.47656054258755,155.73696899414062,66723000
2014-05-29 00:00:00-04:00,156.0949999841699,156.5669684990892,155.69625426147576,156.5425567626953,64377000
2014-05-30 00:00:00-04:00,156.39608176940274,156.89247442315178,156.26587756780648,156.79481506347656,76316000
2014-06-02 00:00:00-04:00,157.0145673271129,157.04712459308675,156.21708814817703,156.973876953125,64656000
2014-06-03 00:00:00-04:00,156.59137255113365,156.9738396251444,156.44490213995806,156.89247131347656,65047000
2014-06-04 00:00:00-04:00,156.62394758088195,157.29936797083704,156.46119852212394,157.20985412597656,55529000
2014-06-05 00:00:00-04:00,157.3888659864315,158.39791749942088,156.81109260644888,158.23516845703125,92103000
2014-06-06 00:00:00-04:00,158.57696474691588,159.03266708864416,158.5037295313433,158.9919891357422,78696000
2014-06-09 00:00:00-04:00,158.9675328549529,159.53716062250513,158.8210500478943,159.15469360351562,65119000
2014-06-10 00:00:00-04:00,158.95943554643665,159.20356535427766,158.6176587822424,159.1710205078125,57129000
2014-06-11 00:00:00-04:00,158.60144291946318,158.78047068826902,158.2596660200055,158.6177215576172,68772000
2014-06-12 00:00:00-04:00,158.43044217843058,158.51995599588065,157.14470389912648,157.49461364746094,106350000
2014-06-13 00:00:00-04:00,157.80389789329402,158.12940843625597,157.29937207289998,157.97479248046875,82017000
2014-06-16 00:00:00-04:00,157.77948235059347,158.43862411088267,157.59232155350134,158.10498046875,87424000
2014-06-17 00:00:00-04:00,157.885261372053,158.65832864951395,157.71436680356177,158.54440307617188,84834000
2014-06-18 00:00:00-04:00,158.54441653828323,159.7975979514545,158.19449426526288,159.7080841064453,105267000
2014-06-19 00:00:00-04:00,159.84640985367636,159.9847595816383,159.33375097570436,159.88710021972656,85929000
2014-06-20 00:00:00-04:00,160.28528656861064,160.34252854225846,160.0154582852451,160.21170043945312,100587000
2014-06-23 00:00:00-04:00,160.25258619397073,160.30164361353548,159.86828643877416,160.1626434326172,70611000
2014-06-24 00:00:00-04:00,159.8764717466059,160.66960003241414,159.0179294038133,159.19781494140625,96237000
2014-06-25 00:00:00-04:00,158.86254355978355,160.08085675522173,158.8298427754924,159.91732788085938,82782000
2014-06-26 00:00:00-04:00,159.9419024285487,159.95825906360886,158.73177343969272,159.8029022216797,84312000
2014-06-27 00:00:00-04:00,159.42674512074063,160.16264384547245,159.35315899120386,160.11358642578125,71445100
2014-06-30 00:00:00-04:00,160.0154121715775,160.39971181503557,159.87641203107472,160.03176879882812,70201200
2014-07-01 00:00:00-04:00,160.42427907618404,161.59353491484333,160.36704958172808,161.10293579101562,90470000
2014-07-02 00:00:00-04:00,161.1193224722518,161.47090901128735,161.04573633288945,161.26649475097656,52475000
2014-07-03 00:00:00-04:00,161.72432804039568,162.13315642790272,161.60168451472447,162.0595703125,52938800
2014-07-07 00:00:00-04:00,161.74892178491837,161.87973742932755,161.25832256990083,161.4954376220703,61696000
2014-07-08 00:00:00-04:00,161.20110504663452,161.25834703686934,160.06456208664272,160.45704650878906,108143000
2014-07-09 00:00:00-04:00,160.85764322923512,161.3237136647991,160.51422881819278,161.17652893066406,72992000
2014-07-10 00:00:00-04:00,159.6230159060952,160.9639730161399,159.49218777915013,160.53878784179688,99040000
2014-07-11 00:00:00-04:00,160.44063579664575,160.87399294980463,160.08086476916577,160.759521484375,64243000
2014-07-14 00:00:00-04:00,161.5771570616422,161.78157125697973,161.43815690598697,161.56898498535156,58658000
2014-07-15 00:00:00-04:00,161.66715119270998,161.97786486084837,160.55513711756103,161.26649475097656,111307000
2014-07-16 00:00:00-04:00,161.98606216380327,162.10870574850497,161.42187672125894,161.86341857910156,79986400
2014-07-17 00:00:00-04:00,161.36463882838706,161.97788167296954,159.79472616697322,160.023681640625,145398000
2014-07-18 00:00:00-04:00,160.54693692524032,161.82247968998584,160.4569941673952,161.65895080566406,124330000
2014-07-21 00:00:00-04:00,161.1520158028646,161.48725816860198,160.6123591862809,161.35643005371094,67592000
2014-07-22 00:00:00-04:00,161.90421352901495,162.35392725056315,161.78974207957108,162.0595703125,67678000
2014-07-23 00:00:00-04:00,162.30491633514671,162.59110127896483,161.97785852203103,162.4193878173828,65612000
2014-07-24 00:00:00-04:00,162.57476655636734,162.7628242004315,162.26405285851195,162.42758178710938,56888000
2014-07-25 00:00:00-04:00,161.9696738761758,162.1086740704948,161.34825904102212,161.66714477539062,76837000
2014-07-28 00:00:00-04:00,161.69981542545443,161.96964368523302,160.7676871082436,161.73252868652344,69259000
2014-07-29 00:00:00-04:00,162.03507911564066,162.2640220675247,161.01300791028154,161.03753662109375,80466000
2014-07-30 00:00:00-04:00,161.60988613735938,161.82248492266098,160.39158530478142,161.0620574951172,104222000
2014-07-31 00:00:00-04:00,159.94190810613654,160.08090831793973,157.7832938304763,157.88140869140625,183479000
2014-08-01 00:00:00-04:00,157.44802898109054,158.42921487992484,156.63855654086868,157.3989715576172,189261000
2014-08-04 00:00:00-04:00,157.70147843246164,158.87073425846435,157.03100627870552,158.53549194335938,91340000
2014-08-05 00:00:00-04:00,157.88950044922066,158.2983287647531,156.42588809280235,156.9982452392578,152690000
2014-08-06 00:00:00-04:00,156.26243755010094,157.71786608445714,156.237908836996,157.04739379882812,94818000
2014-08-07 00:00:00-04:00,157.75878022914688,157.91413709147466,155.80458004417568,156.19705200195312,135733000
2014-08-08 00:00:00-04:00,156.54859999522847,158.11031523633244,156.13158697949297,158.0040283203125,117014000
2014-08-11 00:00:00-04:00,158.6009295143126,159.16511484135017,158.38834318553347,158.46192932128906,74544000
2014-08-12 00:00:00-04:00,158.30659448627696,158.748123838602,157.75876571656772,158.24118041992188,73632000
2014-08-13 00:00:00-04:00,158.86255731738208,159.49215663847684,158.59274151336737,159.31227111816406,69047000
2014-08-14 00:00:00-04:00,159.57394270607392,160.0645294189453,159.42675795869354,160.0645294189453,57371000
2014-08-15 00:00:00-04:00,160.64501131799088,160.79218353389345,158.8788698684539,160.03176879882812,139951000
2014-08-18 00:00:00-04:00,160.9149319786723,161.44640414339491,160.82498919179298,161.37281799316406,75424000
2014-08-19 00:00:00-04:00,161.76523677492096,162.3375941049359,161.43817900818502,162.21495056152344,59135000
2014-08-20 00:00:00-04:00,161.9941873887426,162.84455758490736,161.96148660109995,162.6483154296875,72763000
2014-08-21 00:00:00-04:00,162.7872705736354,163.33509906938178,162.65644250635086,163.1225128173828,67791000
2014-08-22 00:00:00-04:00,162.9917231340231,163.27790803904705,162.5011364808516,162.86907958984375,76107000
2014-08-25 00:00:00-04:00,163.64585835165315,164.013801476842,162.83637349507399,163.69491577148438,63855000
2014-08-26 00:00:00-04:00,163.8011474609375,164.20180368471233,163.76026213582585,163.8011474609375,47298000
2014-08-27 00:00:00-04:00,163.88301213805596,163.99749611334855,163.48236813036243,163.73583984375,47874000
2014-08-28 00:00:00-04:00,163.19616017115933,163.75217342755485,163.03263126390982,163.6458740234375,58330000
2014-08-29 00:00:00-04:00,163.89935491516508,164.12829789347623,163.38423945219327,164.11195373535156,65907000
2014-09-02 00:00:00-04:00,164.3245542090455,164.34908292479824,163.41695429682036,164.0301971435547,72426000
2014-09-03 00:00:00-04:00,164.65980413962072,164.68433285649272,163.7113188323762,163.9402618408203,57462000
2014-09-04 00:00:00-04:00,164.2182251555205,164.8232958133007,163.2533959061348,163.70310974121094,85236000
2014-09-05 00:00:00-04:00,163.67041099316566,164.50442468160844,163.04899612368357,164.4390106201172,102177000
2014-09-08 00:00:00-04:00,164.28368335401697,164.5208109291618,163.53144022615172,164.01385498046875,64146000
2014-09-09 00:00:00-04:00,163.8666306451541,163.98110211790924,162.64014523286824,162.9753875732422,88591000
2014-09-10 00:00:00-04:00,163.06534106999337,163.69494049799076,162.52569689388076,163.58865356445312,67251000
2014-09-11 00:00:00-04:00,162.93456269305278,163.80127737645807,162.8119066204358,163.77674865722656,66774400
2014-09-12 00:00:00-04:00,163.6131354414622,163.62947959489287,162.35393694593108,162.82000732421875,117409300
2014-09-15 00:00:00-04:00,162.84460298945743,162.97543112941503,162.20683140273684,162.69741821289062,76401000
2014-09-16 00:00:00-04:00,162.3948744013148,164.2182462102684,162.30493162276784,163.92388916015625,116201000
2014-09-17 00:00:00-04:00,164.16104047539253,164.9050990495353,163.32702663321868,164.14468383789062,151266000
2014-09-18 00:00:00-04:00,164.64338834023368,165.04404469926882,164.43080204491403,165.01951599121094,94990000
2014-09-19 00:00:00-04:00,165.5444991170389,165.85665270301035,164.53407063191023,164.87088012695312,121649000
2014-09-22 00:00:00-04:00,164.58334968694203,164.60799305820626,163.25254496478962,163.59756469726562,125553000
2014-09-23 00:00:00-04:00,163.00615265914954,163.6879820709025,162.61184605366165,162.6611328125,111393000
2014-09-24 00:00:00-04:00,162.68572017026568,164.04116824547012,162.2585600509073,163.9343719482422,107276000
2014-09-25 00:00:00-04:00,163.50720631048515,163.51542912433348,161.23171806483828,161.28921508789062,150300000
2014-09-26 00:00:00-04:00,161.58493681333388,162.9732385009077,161.35492366761738,162.57070922851562,103547000
2014-09-29 00:00:00-04:00,161.17419963346188,162.56250134145887,161.05098278029266,162.2749786376953,95112000
2014-09-30 00:00:00-04:00,162.39818299639077,162.8992856800085,161.5109841859803,161.84779357910156,131302000
2014-10-01 00:00:00-04:00,161.584933044978,161.64244259745408,159.29301191976143,159.6544647216797,177798000
2014-10-02 00:00:00-04:00,159.51483230828418,160.2377380483554,158.01153633438454,159.67913818359375,157285000
2014-10-03 00:00:00-04:00,160.74699041125197,161.78206188147936,160.2541105759389,161.43704223632812,121569000
2014-10-06 00:00:00-04:00,162.1107247315167,162.32431737530376,160.6649256521545,161.2481689453125,104778000
2014-10-07 00:00:00-04:00,160.4184706122452,160.7799234960903,158.7262253240421,158.7590789794922,147913000
2014-10-08 00:00:00-04:00,158.84937444075254,161.76562710804325,158.01968524568244,161.53561401367188,186461000
2014-10-09 00:00:00-04:00,161.28100102449594,161.50280390198415,158.20045425018122,158.33189392089844,210705000
2014-10-10 00:00:00-04:00,158.29076904042788,159.07938175396376,156.4835179925706,156.5245819091797,221909000
2014-10-13 00:00:00-04:00,156.4589444102898,157.0257545669811,153.8630669563472,153.95343017578125,230939000
2014-10-14 00:00:00-04:00,154.78308580983855,155.93316403572277,153.64944067519184,154.19161987304688,215847000
2014-10-15 00:00:00-04:00,152.10504618278952,154.18338693433543,149.44344985840436,153.1483154296875,380715000
2014-10-16 00:00:00-04:00,150.3799534623979,154.09304229233166,150.24030352753704,153.01690673828125,270391000
2014-10-17 00:00:00-04:00,154.78305074586507,155.87561917229954,154.1258651277756,154.82412719726562,214625000
2014-10-20 00:00:00-04:00,154.54487588661502,156.450700988959,154.49558914337516,156.32748413085938,130011000
2014-10-21 00:00:00-04:00,157.461076526223,159.53120695586858,157.2967832458834,159.42442321777344,154949000
2014-10-22 00:00:00-04:00,159.70374698726562,160.11448651707096,158.22508217301117,158.29080200195312,151822000
2014-10-23 00:00:00-04:00,159.87629435507725,161.17423312889727,159.580561311235,160.13095092773438,154944000
2014-10-24 00:00:00-04:00,160.39378937044268,161.41242793581398,159.76946978605272,161.36312866210938,117927000
2014-10-27 00:00:00-04:00,160.7880691837367,161.3795350224625,160.21303643352377,161.1413116455078,82954000
2014-10-28 00:00:00-04:00,161.68355132370672,162.9979105973281,161.60960866508506,162.9897003173828,106736000
2014-10-29 00:00:00-04:00,163.10460144403783,163.57283779371915,161.66701369213706,162.74314880371094,142557000
2014-10-30 00:00:00-04:00,162.3078644502813,164.25476617446097,162.15999167381887,163.78652954101562,113330000
2014-10-31 00:00:00-04:00,165.75805834804967,165.7909245328237,164.92836893676946,165.65948486328125,146903000
2014-11-03 00:00:00-05:00,165.87304899744913,166.30843189307168,165.371946273366,165.7498321533203,93600000
2014-11-04 00:00:00-05:00,165.30621654298392,165.61017229825384,164.34508761202454,165.17478942871094,93343000
2014-11-05 00:00:00-05:00,166.38235665297634,166.4234331112912,165.48694752167876,166.2180633544922,91709000
2014-11-06 00:00:00-05:00,166.25917944852188,166.9738623614327,165.64307003124614,166.8834991455078,107089000
2014-11-07 00:00:00-05:00,166.8998703517129,167.25311280471678,166.4398441629601,167.03952026367188,89540000
2014-11-10 00:00:00-05:00,167.07239723756584,167.6145638323363,166.86702749468742,167.56527709960938,66319000
2014-11-11 00:00:00-05:00,167.6309950171113,167.83636475765658,167.29418563427126,167.7295684814453,54499400
2014-11-12 00:00:00-05:00,167.0477559622911,167.77887175469928,167.0148897835455,167.54885864257812,90120300
2014-11-13 00:00:00-05:00,167.71311908932574,168.2635083951759,166.93271671639707,167.73776245117188,85357900
2014-11-14 00:00:00-05:00,167.66390881929192,167.98428520415314,167.35174271386592,167.77891540527344,80417500
2014-11-17 00:00:00-05:00,167.4585362615405,168.0582125546518,167.29423039732146,167.8856964111328,80441000
2014-11-18 00:00:00-05:00,167.9432143239465,169.15900006401884,167.9432143239465,168.8550567626953,76068100
2014-11-19 00:00:00-05:00,168.6578839733172,168.85504348381534,167.82819453601152,168.58395385742188,82373000
2014-11-20 00:00:00-05:00,167.79532595812685,168.98648074842,167.72960612223105,168.8796844482422,72840300
2014-11-21 00:00:00-05:00,170.5719354601238,170.73622878823045,169.20827702076141,169.78330993652344,142327300
2014-11-24 00:00:00-05:00,170.18583550919146,170.3665619265749,169.97225544081888,170.259765625,65880800
2014-11-25 00:00:00-05:00,170.4897656382271,170.69513541170875,169.8818791309782,170.13653564453125,79108300
2014-11-26 00:00:00-05:00,170.28440721568992,170.6705034183542,170.07082714955146,170.57192993164062,62167800
2014-11-28 00:00:00-05:00,170.44874627290326,170.76089988655596,169.9722867696887,170.21051025390625,57890100
2014-12-01 00:00:00-05:00,169.55325764617268,169.66826420278758,168.71535810573903,169.0275115966797,103968400
2014-12-02 00:00:00-05:00,169.06862485960139,170.32548697864857,169.04398148744573,170.1201171875,74507200
2014-12-03 00:00:00-05:00,170.2925978582392,170.9908474818442,170.12830456649536,170.7772674560547,68952000
2014-12-04 00:00:00-05:00,170.48979287558095,171.08948173499218,169.79975333478853,170.58837890625,91316600
2014-12-05 00:00:00-05:00,170.76083372500187,171.2537261331566,170.4979669661541,170.8676300048828,91025500
2014-12-08 00:00:00-05:00,170.4733179076276,170.96619776455188,169.16715683005884,169.72576904296875,108588200
2014-12-09 00:00:00-05:00,167.88569801362604,169.71760563197813,167.50782460578156,169.61080932617188,125180100
2014-12-10 00:00:00-05:00,169.1507451227983,169.20824213513163,166.7027286600397,166.8916778564453,159856400
2014-12-11 00:00:00-05:00,167.48310602224723,169.380720093031,167.34345612686184,167.73776245117188,159012800
2014-12-12 00:00:00-05:00,166.4644893682512,167.43384102078957,164.9940476033174,165.0269012451172,202330200
2014-12-15 00:00:00-05:00,165.9223497243175,166.37416574884256,163.29361903813998,163.89329528808594,189965800
2014-12-16 00:00:00-05:00,163.12930790506184,166.2673512935725,162.5378419984192,162.57891845703125,259543800
2014-12-17 00:00:00-05:00,163.01433334746906,166.21809719181957,162.89110394743852,165.7662811279297,253910100
2014-12-18 00:00:00-05:00,168.18962103416158,174.95038993808632,167.5160022131921,169.8654327392578,257633900
2014-12-19 00:00:00-05:00,170.5138908136317,171.25731022107504,169.83656657551904,170.58824157714844,245084600
2014-12-22 00:00:00-05:00,170.77822482483685,171.37295532226562,170.53868654857624,171.37295532226562,148318900
2014-12-23 00:00:00-05:00,171.95115680038083,172.000715573,171.31512314252663,171.60423278808594,122167900
2014-12-24 00:00:00-05:00,171.82723079267222,172.0915484032343,171.57942436754888,171.6207275390625,42963400
2014-12-26 00:00:00-05:00,172.06677808755734,172.5128321970742,172.01721932071302,172.17416381835938,57326700
2014-12-29 00:00:00-05:00,171.99241954537655,172.61192926539766,171.9263369960994,172.40542602539062,79643900
2014-12-30 00:00:00-05:00,171.9841999360943,172.11635245834034,171.40598065993237,171.48033142089844,73540800
2014-12-31 00:00:00-05:00,171.80242821879258,171.9676282785882,169.65478962957997,169.7786865234375,130333800
2015-01-02 00:00:00-05:00,170.47255808561408,170.88556456408185,168.65531949719002,169.68783569335938,121465900
2015-01-05 00:00:00-05:00,168.64708148544278,168.81228157325947,166.31773125812248,166.62335205078125,169632600
2015-01-06 00:00:00-05:00,166.92890327683457,167.44929531034774,164.26088578879694,165.05386352539062,209151400
2015-01-07 00:00:00-05:00,166.37558176833852,167.44940147841223,165.92954017391855,167.11073303222656,125346700
2015-01-08 00:00:00-05:00,168.5149312956221,170.29086705779733,168.4984201081495,170.0760955810547,147217800
2015-01-09 00:00:00-05:00,170.48908829723226,170.5056120873232,168.10191108942752,168.71316528320312,158567300
2015-01-12 00:00:00-05:00,168.8453161791333,169.00226066188512,166.7885393225758,167.3915252685547,144396100
2015-01-13 00:00:00-05:00,168.60574554907672,169.72912357347792,165.62383853897953,166.92068481445312,214553300
2015-01-14 00:00:00-05:00,164.91346747166824,166.1111962382504,164.02138464722543,165.91294860839844,192991100
2015-01-15 00:00:00-05:00,166.54899117615352,166.86286751898896,164.2774556177399,164.39309692382812,176613900
2015-01-16 00:00:00-05:00,164.18659841874955,166.70594044959492,164.00487456052744,166.5489959716797,211879600
2015-01-20 00:00:00-05:00,167.18498561405204,167.4493157598487,165.34298059986864,166.90414428710938,130991100
2015-01-21 00:00:00-05:00,166.4415870447863,168.22577780182866,165.9790218716173,167.74668884277344,122942700
2015-01-22 00:00:00-05:00,168.4983992677013,170.37343973468046,167.12721463947537,170.2412872314453,174356000
2015-01-23 00:00:00-05:00,169.98518533689273,170.24125991747914,169.17569624213647,169.307861328125,117516800
2015-01-26 00:00:00-05:00,169.0931802503025,169.79528395996311,168.38280834149393,169.7044219970703,92009700
2015-01-27 00:00:00-05:00,167.6558913620966,168.6058014503683,166.63989870883796,167.46591186523438,134044600
2015-01-28 00:00:00-05:00,168.64703747352567,168.74615497955716,165.12822736589717,165.31820678710938,168514300
2015-01-29 00:00:00-05:00,165.5164476333486,167.1023906847634,164.11221580090753,166.84632873535156,173585400
2015-01-30 00:00:00-05:00,165.6734494946458,166.9950628601836,164.48398864289024,164.74830627441406,197729700
2015-02-02 00:00:00-05:00,165.24390342208943,166.87940563546837,163.4349329327051,166.78854370117188,163107000
2015-02-03 00:00:00-05:00,167.68066983135327,169.20879920391286,167.3089664338,169.20053100585938,124212900
2015-02-04 00:00:00-05:00,168.4405873095906,169.64657196321926,168.101918918727,168.5562286376953,134306700
2015-02-05 00:00:00-05:00,169.2169950571287,170.40645559253682,169.14265692465472,170.2577667236328,97953200
2015-02-06 00:00:00-05:00,170.62122529181084,171.18292062670562,169.26656461865574,169.78695678710938,125672000
2015-02-09 00:00:00-05:00,169.14269515542406,169.8613224730138,168.62230290257145,169.0270538330078,87219000
2015-02-10 00:00:00-05:00,170.05952712324256,171.0837749758462,169.06830163446324,170.8277130126953,96164200
2015-02-11 00:00:00-05:00,170.66256225237188,171.35641021173268,170.01827306097127,170.9268798828125,91087800
2015-02-12 00:00:00-05:00,171.7198101932229,172.62842936615894,170.95987988674725,172.5706024169922,97545900
2015-02-13 00:00:00-05:00,172.69452848136683,173.3305493595107,172.43845388699384,173.28099060058594,93670400
2015-02-17 00:00:00-05:00,172.96709889458353,173.72704186582325,172.7193051039149,173.55357360839844,76968200
2015-02-18 00:00:00-05:00,173.18185657165742,173.64442174946387,172.91752641065045,173.57008361816406,80652900
2015-02-19 00:00:00-05:00,172.97540711218107,173.80967580969232,172.83498639699363,173.44622802734375,91462500
2015-02-20 00:00:00-05:00,173.03320849141335,174.56133766054108,172.4136987099765,174.48699951171875,140896400
2015-02-23 00:00:00-05:00,174.2391617104285,174.46218872070312,173.85919023381086,174.46218872070312,74411100
2015-02-24 00:00:00-05:00,174.38781284109243,175.15601127508992,174.0904477382474,174.957763671875,72472300
2015-02-25 00:00:00-05:00,174.83386140539332,175.3129503120881,174.47041377935219,174.80908203125,73061700
2015-02-26 00:00:00-05:00,174.71828719907174,174.87523169819997,173.99964726116664,174.60264587402344,72697900
2015-02-27 00:00:00-05:00,174.50350429733115,174.76783451094943,173.95834528867053,174.00790405273438,108076000
2015-03-02 00:00:00-05:00,174.1070098663145,175.16430544173227,174.05745110558516,175.1064910888672,87491400
2015-03-03 00:00:00-05:00,174.67695747104125,175.15604648882834,173.52879998833052,174.38784790039062,110325800
2015-03-04 00:00:00-05:00,173.79310011661133,173.86745085276726,172.68624591289165,173.65267944335938,114497200
2015-03-05 00:00:00-05:00,173.97481910043814,174.12350796464634,173.33879829297229,173.84266662597656,76873000
2015-03-06 00:00:00-05:00,172.98367939572782,173.4132097803056,171.06733536385,171.39773559570312,188128000
2015-03-09 00:00:00-04:00,171.59592352318504,172.46322698067183,171.43897905633878,172.10804748535156,89818900
2015-03-10 00:00:00-04:00,170.74515846303427,170.82775220341048,169.27484367841856,169.31614685058594,157121300
2015-03-11 00:00:00-04:00,169.57216126199876,169.74562949481395,168.83701037807722,168.91961669921875,110145700
2015-03-12 00:00:00-04:00,169.54740269157224,171.13334594125118,169.497843934388,171.06727600097656,93993500
2015-03-13 00:00:00-04:00,170.79474969819526,171.75291541326115,168.98577880740035,170.01829528808594,162410900
2015-03-16 00:00:00-04:00,170.74510926241626,172.38061105651056,170.04299334976287,172.2897491455078,136099200
2015-03-17 00:00:00-04:00,171.55468286868114,172.15766897326645,170.96820795318064,171.7777099609375,94510400
2015-03-18 00:00:00-04:00,171.30680117516405,174.51173500502452,170.6707677637426,173.84266662597656,228808500
2015-03-19 00:00:00-04:00,173.42971522233455,173.8509773639673,172.66151648881646,173.04974365234375,117917300
2015-03-20 00:00:00-04:00,173.9964219067773,175.08332706439776,173.813886863184,174.57720947265625,177715100
2015-03-23 00:00:00-04:00,174.5855025701291,175.1579976944319,174.23703002929688,174.23703002929688,71784500
2015-03-24 00:00:00-04:00,174.11260110194763,174.56892610753695,173.1916333255744,173.2580108642578,77805300
2015-03-25 00:00:00-04:00,173.46540362154204,173.69771863356073,170.67761081709924,170.71908569335938,159521700
2015-03-26 00:00:00-04:00,170.0553102954272,171.22517762361446,169.35835270347835,170.31251525878906,153067200
2015-03-27 00:00:00-04:00,170.1963970468826,170.8767445914697,170.00555689564965,170.7025146484375,118939000
2015-03-30 00:00:00-04:00,171.73132674457867,173.08374198713193,171.71474185758936,172.78504943847656,96180400
2015-03-31 00:00:00-04:00,171.9636618523457,172.66061965410185,171.21693672358907,171.27500915527344,126768700
2015-04-01 00:00:00-04:00,171.24183724971087,171.2667272448523,169.68199669966828,170.66934204101562,137303600
2015-04-02 00:00:00-04:00,170.6029193047295,171.73131187302016,170.4203842819018,171.2832794189453,86900900
2015-04-06 00:00:00-04:00,170.39551652393973,172.9509945167097,170.262774121107,172.43658447265625,114368200
2015-04-07 00:00:00-04:00,172.46143685403993,173.20816176547933,171.94702692216907,171.98020935058594,81236300
2015-04-08 00:00:00-04:00,172.2042701655457,173.0007752267654,171.81431007882907,172.56103515625,89351900
2015-04-09 00:00:00-04:00,172.3950959634002,173.5566711080269,171.90557591389464,173.32435607910156,85548900
2015-04-10 00:00:00-04:00,173.57327279212356,174.31170543599447,173.37415285413942,174.2702178955078,72722900
2015-04-13 00:00:00-04:00,174.1291290766868,174.75970915796123,173.4321841386416,173.48196411132812,74436600
2015-04-14 00:00:00-04:00,173.2828505371855,173.9963930455423,172.66057553548654,173.81385803222656,75099900
2015-04-15 00:00:00-04:00,174.27848786713062,175.09988276617088,174.19551280288417,174.59376525878906,99529300
2015-04-16 00:00:00-04:00,174.26189611739576,175.05010861308017,174.0627635527124,174.5439910888672,68934900
2015-04-17 00:00:00-04:00,173.35754046703426,173.5981479249098,171.7562126949012,172.5361328125,191113200
2015-04-20 00:00:00-04:00,173.45710914574687,174.44445433742973,173.3741467279249,174.11257934570312,92189500
2015-04-21 00:00:00-04:00,174.79292391814982,174.95056896762836,173.60645881560166,173.9051513671875,72559800
2015-04-22 00:00:00-04:00,174.24531243943684,174.94227014118775,173.3243448273341,174.75973510742188,78264600
2015-04-23 00:00:00-04:00,174.36148812213582,175.84665853711883,174.24533060310532,175.19949340820312,102585900
2015-04-24 00:00:00-04:00,175.61429265078135,175.8714976070036,175.15795515092753,175.60598754882812,61327400
2015-04-27 00:00:00-04:00,176.17024581984043,176.2946957863419,174.685075365081,174.87591552734375,79358100
2015-04-28 00:00:00-04:00,174.85097525162385,175.4815426675977,173.6810952620545,175.4317626953125,86863500
2015-04-29 00:00:00-04:00,174.54402602905753,175.30734868948554,173.9051659940532,174.70997619628906,125684900
2015-04-30 00:00:00-04:00,174.1374775440112,174.52743764078912,172.2623470377464,172.9593048095703,161304900
2015-05-01 00:00:00-04:00,173.73921654071185,174.87591442186115,173.63965656814005,174.8344268798828,103399700
2015-05-04 00:00:00-04:00,175.25757748874994,175.9130477655993,175.1497250669073,175.33226013183594,70927200
2015-05-05 00:00:00-04:00,175.09162144791608,175.44839909533542,173.183308572984,173.32435607910156,113326200
2015-05-06 00:00:00-04:00,173.8719416972736,174.1789266667018,171.54877900859634,172.6107940673828,135060200
2015-05-07 00:00:00-04:00,172.51130193950033,173.72267006795227,172.17942685072555,173.2995147705078,88244900
2015-05-08 00:00:00-04:00,174.96717621586973,175.78027883907203,174.8842011346324,175.58114624023438,155877300
2015-05-11 00:00:00-04:00,175.53966651686653,175.80516398110535,174.66847882878935,174.74314880371094,75708100
2015-05-12 00:00:00-04:00,173.9134587041349,174.75975644947212,173.0920509518764,174.22044372558594,119727600
2015-05-13 00:00:00-04:00,174.62697884122056,175.2492539083147,174.02130132077684,174.2536163330078,94667900
2015-05-14 00:00:00-04:00,175.26583815484017,176.1619157026827,174.99203562687012,176.07064819335938,95934000
2015-05-15 00:00:00-04:00,176.261474609375,176.4025220938169,175.78024707763444,176.261474609375,76510100
2015-05-18 00:00:00-04:00,176.09553949672417,177.05798191288406,176.02916197488247,176.80908203125,74549700
2015-05-19 00:00:00-04:00,176.92523439359275,177.19903691566,176.46889685681396,176.75099182128906,72114600
2015-05-20 00:00:00-04:00,176.85053574557546,177.37325075490276,176.31123585293534,176.62652587890625,76857500
2015-05-21 00:00:00-04:00,176.48553362894427,177.34841625919387,176.319583462163,177.1409912109375,64764600
2015-05-22 00:00:00-04:00,176.75930935079924,177.17415941398292,176.65145694332057,176.71783447265625,57433500
2015-05-26 00:00:00-04:00,176.228266945015,176.6514220283665,174.4029295598266,174.81777954101562,124308600
2015-05-27 00:00:00-04:00,175.27415594755252,176.70953365613138,174.86759831808982,176.4772186279297,93214000
2015-05-28 00:00:00-04:00,176.17022636479442,176.3859438363147,175.58943881822523,176.27809143066406,74974600
2015-05-29 00:00:00-04:00,176.2117399535306,176.25321483710226,174.91740961261766,175.1829071044922,124919600
2015-06-01 00:00:00-04:00,175.84664258087983,176.17851755936138,174.75143236349666,175.53965759277344,93338800
2015-06-02 00:00:00-04:00,175.0833529472345,176.05410073518627,174.46107775032527,175.36544799804688,91531000
2015-06-03 00:00:00-04:00,175.8964098715841,176.45230738355588,175.34051235961232,175.8300323486328,87820900
2015-06-04 00:00:00-04:00,175.12479923909686,175.78025672160754,174.02958907362384,174.34487915039062,151882800
2015-06-05 00:00:00-04:00,174.1955741067988,174.71828934303034,173.3907638092005,174.04623413085938,121704700
2015-06-08 00:00:00-04:00,173.93833102314068,174.08768362665737,172.90120588284333,172.9758758544922,89063300
2015-06-09 00:00:00-04:00,172.95101928710938,173.49033206041878,172.32045163762882,172.95101928710938,105034700
2015-06-10 00:00:00-04:00,173.71431032637201,175.40690566336218,173.65623790120128,175.02523803710938,134551300
2015-06-11 00:00:00-04:00,175.46501489863908,175.97113258516208,175.23269982878148,175.5894775390625,73876400
2015-06-12 00:00:00-04:00,174.7680459769165,175.46499109192928,173.97152823103042,174.24533081054688,135382400
2015-06-15 00:00:00-04:00,173.1086513386087,173.7807064831923,172.40340109589576,173.4986114501953,124384200
2015-06-16 00:00:00-04:00,173.3492325606859,174.52741782155275,173.17500263268036,174.44444274902344,85308200
2015-06-17 00:00:00-04:00,174.72653198242188,175.33222213944873,173.70600445707223,174.72653198242188,126708600
2015-06-18 00:00:00-04:00,175.32397960472704,177.00827030886364,174.75978944147187,176.54364013671875,165867900
2015-06-19 00:00:00-04:00,176.30185435107938,176.37688755239955,175.3847394844856,175.75991821289062,130478700
2015-06-22 00:00:00-04:00,176.6770023791208,177.24393676409846,176.45189009247287,176.6603240966797,70696000
2015-06-23 00:00:00-04:00,176.86877909092357,177.11890247001577,176.39355612027157,176.785400390625,68476800
2015-06-24 00:00:00-04:00,176.51860864780568,176.89378734958865,175.47643851962894,175.50144958496094,92307300
2015-06-25 00:00:00-04:00,176.00165632585197,176.1267116240838,174.8927860349281,174.9678192138672,97107400
2015-06-26 00:00:00-04:00,175.3263229424074,175.56811348606794,174.38420999329747,174.93447875976562,104174800
2015-06-29 00:00:00-04:00,173.45875114834269,174.9427999864751,171.19098855307968,171.26602172851562,202621300
2015-06-30 00:00:00-04:00,172.8001309279785,172.85016577780942,171.1493370940324,171.62457275390625,182925100
2015-07-01 00:00:00-04:00,173.1919387824699,173.44206207348822,172.21646939711758,173.00018310546875,135979900
2015-07-02 00:00:00-04:00,173.4754443357118,173.6421889804988,172.4249289021321,172.841796875,104373700
2015-07-06 00:00:00-04:00,171.55786786015534,173.12528295856598,171.35776663146783,172.34991455078125,117975400
2015-07-07 00:00:00-04:00,172.5499579529365,173.55877109520605,170.17380595557438,173.4337158203125,173820200
2015-07-08 00:00:00-04:00,172.0997778121791,172.3832449894244,170.29057227957045,170.52401733398438,164020100
2015-07-09 00:00:00-04:00,172.61666799820853,172.8751368028293,170.72409674318993,170.8324737548828,144113100
2015-07-10 00:00:00-04:00,172.82515438619453,173.40043434338125,170.87421492236402,172.9835662841797,129456900
2015-07-13 00:00:00-04:00,174.24246353034553,175.00115350121004,174.2007741926102,174.8927764892578,106069400
2015-07-14 00:00:00-04:00,174.85112503459231,175.9599955052407,174.79275740475703,175.65150451660156,81709600
2015-07-15 00:00:00-04:00,175.69318389756324,176.15174124239255,175.11790402148668,175.5931396484375,97914100
2015-07-16 00:00:00-04:00,176.6436384017293,177.0021514892578,176.401860564588,177.0021514892578,106683300
2015-07-17 00:00:00-04:00,176.99379455908894,177.21057404232326,176.58527209631774,177.15220642089844,89030000
2015-07-20 00:00:00-04:00,177.37734308080402,177.73584347269255,176.92713121534828,177.2439422607422,70446800
2015-07-21 00:00:00-04:00,177.11055933777794,177.3690282234421,176.2434793633619,176.5436248779297,77965000
2015-07-22 00:00:00-04:00,175.85989978960689,176.56024758434305,175.82655595261932,176.22674560546875,88667900
2015-07-23 00:00:00-04:00,176.36019849648346,176.4602427588005,174.87614923703148,175.23464965820312,90509100
2015-07-24 00:00:00-04:00,175.33464818245892,175.39300307541941,173.08356397825546,173.41705322265625,117755000
2015-07-27 00:00:00-04:00,172.53333219491864,173.04191167062774,171.96638509196006,172.40826416015625,132361100
2015-07-28 00:00:00-04:00,173.24200980610797,174.66770406215596,172.41661925106152,174.52597045898438,123544800
2015-07-29 00:00:00-04:00,174.65103579980737,175.9516620887631,174.50930218850357,175.7265625,105791300
2015-07-30 00:00:00-04:00,175.21793500317514,175.9349483664293,174.60096587420767,175.76820373535156,91304400
2015-07-31 00:00:00-04:00,176.2684852726826,176.29349633801456,175.21798236332967,175.50144958496094,103266900
2015-08-03 00:00:00-04:00,175.46806861139632,175.52642351088926,173.9589958987843,174.90945434570312,113965700
2015-08-04 00:00:00-04:00,174.83441582600307,175.29297311573126,174.08405860412074,174.567626953125,81820800
2015-08-05 00:00:00-04:00,175.45970953616686,176.17672288604265,174.8594186980476,175.1428985595703,85786800
2015-08-06 00:00:00-04:00,175.32636070443925,175.43475046954953,173.12529788629934,173.70892333984375,116030800
2015-08-07 00:00:00-04:00,173.55042578736715,173.70049210640482,172.47489961374185,173.37533569335938,117858000
2015-08-10 00:00:00-04:00,174.4842877735788,175.64318042898392,174.4842877735788,175.559814453125,80270700
2015-08-11 00:00:00-04:00,174.22581609792064,174.64268410548195,173.21698992202937,173.97569274902344,126081400
2015-08-12 00:00:00-04:00,172.6750373934088,174.36752020008473,171.21599961373644,174.18409729003906,172123700
2015-08-13 00:00:00-04:00,174.0257163564138,174.7093860011013,173.4254254026694,173.9673614501953,89383300
2015-08-14 00:00:00-04:00,173.77557948836994,174.67601584894675,173.63384590223302,174.60098266601562,72786500
2015-08-17 00:00:00-04:00,174.00906187998444,175.57647705078125,173.55050449419164,175.57647705078125,79072600
2015-08-18 00:00:00-04:00,175.30128558356714,175.65145309465998,174.83439556877664,175.06784057617188,71692700
2015-08-19 00:00:00-04:00,174.32586652045595,175.09290215490807,172.87517394473667,173.68389892578125,172946000
2015-08-20 00:00:00-04:00,172.1748281472573,173.65887730749114,169.99877653472075,170.05714416503906,194327900
2015-08-21 00:00:00-04:00,168.1895379121759,170.0320998308811,164.67951693145798,164.93797302246094,346588500
2015-08-24 00:00:00-04:00,156.31713079104918,164.64614334806805,152.0734058714553,157.99293518066406,507244300
2015-08-25 00:00:00-04:00,162.93700341049941,162.95368169086757,155.84191536900306,156.13372802734375,369833100
2015-08-26 00:00:00-04:00,160.14395508139316,162.40337170840206,157.05079003103154,162.1282501220703,339257000
2015-08-27 00:00:00-04:00,164.26261393065198,166.26357455548757,162.75355432383384,166.13851928710938,274143900
2015-08-28 00:00:00-04:00,165.49659854882236,166.61380175279606,165.0130301347587,166.14691162109375,160414400
2015-08-31 00:00:00-04:00,165.17141124248494,166.02182537926092,164.2542967104913,164.8045654296875,163298800
2015-09-01 00:00:00-04:00,161.01111043486603,162.38678262332616,159.01848167867516,159.8855743408203,256000400
2015-09-02 00:00:00-04:00,162.26172097409798,162.96206898938476,160.42750403896449,162.92037963867188,160269300
2015-09-03 00:00:00-04:00,163.62900898451664,165.1214034229012,162.54516245333764,163.0370635986328,152087800
2015-09-04 00:00:00-04:00,160.78599337005926,161.62806215377893,159.75215614582967,160.5692138671875,207081000
2015-09-08 00:00:00-04:00,163.36224883448918,164.75458655536866,162.72026849359887,164.60450744628906,116025700
2015-09-09 00:00:00-04:00,166.18029407215408,166.30534940483957,162.03662442512285,162.40345764160156,149347700
2015-09-10 00:00:00-04:00,162.2116440453836,164.42938444737737,161.95318796879775,163.28717041015625,158611100
2015-09-11 00:00:00-04:00,162.89529368431928,164.09587519080304,162.18661321341497,164.0291748046875,119691200
2015-09-14 00:00:00-04:00,164.20432249066465,164.2543446212188,162.93704005547906,163.4206085205078,79452000
2015-09-15 00:00:00-04:00,163.92084010360617,165.90513591068714,163.3789167770044,165.4632568359375,113806200
2015-09-16 00:00:00-04:00,165.76339385199034,167.08903100857285,165.4215590465416,166.8972625732422,99581600
2015-09-17 00:00:00-04:00,166.76387002000322,169.15668815047755,166.14690083072153,166.52207946777344,276046600
2015-09-18 00:00:00-04:00,164.01877931187536,166.50783687324343,163.39022645170527,163.80087280273438,223657500
2015-09-21 00:00:00-04:00,164.63060439074857,165.66980383682204,163.59978104771184,164.64736938476562,105726200
2015-09-22 00:00:00-04:00,162.48506704497171,162.97114933314833,161.3788081571345,162.5102081298828,153890900
2015-09-23 00:00:00-04:00,162.67788442413593,163.14720191333413,161.67220226329084,162.25047302246094,92790600
2015-09-24 00:00:00-04:00,161.03523499204192,162.12472915587193,159.70270601966715,161.66378784179688,159378800
2015-09-25 00:00:00-04:00,163.12201224652293,163.42371808373352,160.75027162388326,161.6218719482422,155054800
2015-09-28 00:00:00-04:00,160.72511068200106,160.83406390607155,157.25550037665104,157.56558227539062,178515900
2015-09-29 00:00:00-04:00,157.78357044757266,159.01553536976584,156.66054601793866,157.65785217285156,159045600
2015-09-30 00:00:00-04:00,159.5434342791708,160.7670225082803,158.76403506104677,160.5994110107422,163452000
2015-10-01 00:00:00-04:00,160.97654180415807,161.3201536899569,159.08250756457684,161.01844787597656,131079000
2015-10-02 00:00:00-04:00,159.04064658051715,163.44889292368572,158.49589306831552,163.4237518310547,211003300
2015-10-05 00:00:00-04:00,164.64731598970752,166.55811547378664,164.5383627458455,166.3318328857422,126320800
2015-10-06 00:00:00-04:00,166.19774784370665,166.7592535071073,165.09987760721134,165.76194763183594,110274500
2015-10-07 00:00:00-04:00,166.69220479911124,167.4716169552266,165.50214631315984,167.11962890625,124307300
2015-10-08 00:00:00-04:00,166.73409610650796,168.91308416476795,166.4323902644095,168.62814331054688,153055200
2015-10-09 00:00:00-04:00,168.77060480397452,169.2063921622075,168.1001459916969,168.72869873046875,107069200
2015-10-12 00:00:00-04:00,168.80414255469205,169.08908342854323,168.3767312439153,168.88795471191406,56395600
2015-10-13 00:00:00-04:00,168.15881617556323,169.42431063021064,167.65598162169104,167.82359313964844,88038700
2015-10-14 00:00:00-04:00,167.76494043382095,168.34321110380344,166.72574123600018,167.01905822753906,99106200
2015-10-15 00:00:00-04:00,167.68114875415054,169.59194848911545,167.31239568460623,169.5835723876953,134142200
2015-10-16 00:00:00-04:00,169.98584592238217,170.37135120218616,169.22319867641423,170.35459899902344,114580100
2015-10-19 00:00:00-04:00,169.7092678031965,170.43838500976562,169.39918582577107,170.43838500976562,76523900
2015-10-20 00:00:00-04:00,170.00259578875122,170.83227734943787,169.75117209632427,170.22048950195312,78448500
2015-10-21 00:00:00-04:00,170.6395196068124,170.79036614497844,168.9968959484565,169.16452026367188,102038000
2015-10-22 00:00:00-04:00,170.1115392319672,172.2318564832243,169.16452830328043,172.0223388671875,174911700
2015-10-23 00:00:00-04:00,173.6901262741854,174.2767731177643,172.89396178733242,173.90802001953125,144442300
2015-10-26 00:00:00-04:00,173.73202980492053,173.79068809444453,173.11185298629266,173.48060607910156,69033000
2015-10-27 00:00:00-04:00,172.8100889227646,173.4805477033603,172.4664770393679,173.14532470703125,77905800
2015-10-28 00:00:00-04:00,173.480587526555,175.13996347879436,172.81851748104603,175.1148223876953,135906700
2015-10-29 00:00:00-04:00,174.61193580682243,175.38295887623602,174.49460648730158,175.0142059326172,90525500
2015-10-30 00:00:00-04:00,175.20704895599116,175.52551989679264,174.10080234195664,174.26002502441406,131076900
2015-11-02 00:00:00-05:00,174.5868408471371,176.51439263594077,174.46112260790636,176.32164001464844,86270800
2015-11-03 00:00:00-05:00,175.9696437316192,177.3859847602942,175.74336114194094,176.83285522460938,95246100
2015-11-04 00:00:00-05:00,177.12618784722594,177.25189329467037,175.76012897461092,176.29649353027344,96224500
2015-11-05 00:00:00-05:00,176.35514207934628,176.81608334110962,175.23213085100582,176.1204833984375,78408700
2015-11-06 00:00:00-05:00,175.77690939553904,176.26299181489833,174.70418019003608,176.0283203125,110471500
2015-11-09 00:00:00-05:00,175.41655015621294,175.567409509571,173.43870308601487,174.38572692871094,131008700
2015-11-10 00:00:00-05:00,173.9079873730397,174.82149384506457,173.63981148972155,174.7879638671875,75874600
2015-11-11 00:00:00-05:00,175.05616889469752,175.10645107827153,174.03372186888976,174.10076904296875,67846000
2015-11-12 00:00:00-05:00,173.06153376457812,173.5308511321067,171.65358166199235,171.6703338623047,121315200
2015-11-13 00:00:00-05:00,171.259685447527,171.5278613165477,169.65896796963872,169.74276733398438,153577100
2015-11-16 00:00:00-05:00,169.55839847536257,172.38269144815004,169.44105635054686,172.3240203857422,117645200
2015-11-17 00:00:00-05:00,172.63411865075938,173.51408230141928,171.70386003645876,172.1983184814453,121123700
2015-11-18 00:00:00-05:00,172.6760538291458,175.07293615993984,172.63416053119036,174.9304656982422,121342500
2015-11-19 00:00:00-05:00,174.81313450517308,175.1986525882852,174.48628749929313,174.7796173095703,88220500
2015-11-20 00:00:00-05:00,175.53384851339226,176.09535416536397,175.03939003018522,175.41651916503906,94011500
2015-11-23 00:00:00-05:00,175.47517757537733,175.9780121229308,174.75443654807228,175.2153778076172,64931200
2015-11-24 00:00:00-05:00,174.20967417883455,175.8522976407663,173.82416899099331,175.4500274658203,98874400
2015-11-25 00:00:00-05:00,175.5757733126617,175.77691484040187,175.16511415567015,175.4249267578125,51980100
2015-11-27 00:00:00-05:00,175.5170995987319,175.8271943811606,175.03940606095202,175.6260528564453,37317800
2015-11-30 00:00:00-05:00,175.78529486042987,175.90262422390845,174.78798887689123,174.89694213867188,112822700
2015-12-01 00:00:00-05:00,175.5254827993396,176.68202415007264,175.24891800729733,176.56468200683594,97858400
2015-12-02 00:00:00-05:00,176.51442766375988,176.83289858748088,174.51143941876535,174.7628631591797,108441300
2015-12-03 00:00:00-05:00,175.01419983587758,175.28237564775307,171.5948719158949,172.31561279296875,166224200
2015-12-04 00:00:00-05:00,172.31568749989472,175.96967563491964,172.31568749989472,175.6763458251953,192913900
2015-12-07 00:00:00-05:00,175.3495082033207,175.7685435036695,173.64822590694013,174.6120147705078,102027100
2015-12-08 00:00:00-05:00,173.05320013551412,174.561716961954,172.4581643919731,173.43870544433594,103372400
2015-12-09 00:00:00-05:00,172.8017509958119,174.88853826661926,171.11722117910855,172.08938598632812,162401500
2015-12-10 00:00:00-05:00,172.1564097185433,173.84092651795578,171.92175104363824,172.53353881835938,116128900
2015-12-11 00:00:00-05:00,170.42161596421371,171.08368593413098,168.8795567545404,169.1896514892578,211173300
2015-12-14 00:00:00-05:00,169.34893777928676,170.17024341333217,167.57221935379252,170.04452514648438,182385200
2015-12-15 00:00:00-05:00,171.55299458177075,172.73467682022866,170.01932433805825,171.82955932617188,154069600
2015-12-16 00:00:00-05:00,172.95259575159645,174.645501651764,171.6368317866301,174.3437957763672,197017000
2015-12-17 00:00:00-05:00,174.65391343882058,174.7209606234904,171.6703840546984,171.68714904785156,173092500
2015-12-18 00:00:00-05:00,170.94690416829022,171.08178369521318,168.46831115642496,168.6284942626953,251393500
2015-12-21 00:00:00-05:00,169.800340767622,170.19657911718517,168.6874978631349,170.01953125,99094300
2015-12-22 00:00:00-05:00,170.90476303100496,171.85742293411286,169.9183864593483,171.56234741210938,111026200
2015-12-23 00:00:00-05:00,172.56559014783053,173.7290146149224,172.47285322851093,173.68685913085938,110987200
2015-12-24 00:00:00-05:00,173.43390652848993,173.94817246379162,173.18098653564485,173.40017700195312,48539600
2015-12-28 00:00:00-05:00,172.70889178931722,173.0461099010935,171.93327984099471,173.00396728515625,65899900
2015-12-29 00:00:00-05:00,174.09994421962654,175.17905768630865,174.0662275518134,174.8502655029297,92640700
2015-12-30 00:00:00-05:00,174.6058079314911,174.69011890851283,173.46767406194292,173.61099243164062,63317700
2015-12-31 00:00:00-05:00,172.9365137681449,173.57723329901134,171.87425231933594,171.87425231933594,114877900
2016-01-04 00:00:00-05:00,169.0247378144135,169.47998356786456,167.42291956654066,169.4715576171875,222353500
2016-01-05 00:00:00-05:00,169.7918801127749,170.21340912285035,168.65375950399786,169.75816345214844,110845800
2016-01-06 00:00:00-05:00,167.21220501788264,168.66226653879372,166.58835001603646,167.61688232421875,152112600
2016-01-07 00:00:00-05:00,164.67458789447326,166.45344151506174,163.20766174470162,163.59547424316406,213436100
2016-01-08 00:00:00-05:00,164.55653231278043,165.1129538128163,161.51309169258369,161.7997283935547,209817200
2016-01-11 00:00:00-05:00,162.7186624135249,163.05589341995838,160.02931749748547,161.9599151611328,187941300
2016-01-12 00:00:00-05:00,163.40153973265294,164.01696859123618,161.14213716090515,163.2666473388672,172330500
2016-01-13 00:00:00-05:00,163.93273287075496,164.2783899644627,158.81537414919865,159.1947479248047,221168900
2016-01-14 00:00:00-05:00,159.8016965822818,162.92943553919108,158.208316977203,161.80816650390625,240795600
2016-01-15 00:00:00-05:00,157.45795733418973,159.13563463917376,156.40413476008618,158.33473205566406,324846400
2016-01-19 00:00:00-05:00,160.14735061786772,160.27380420958087,156.97744336907945,158.5455322265625,195244400
2016-01-20 00:00:00-05:00,155.99101058300855,158.0733647369332,152.61035285355692,156.51370239257812,286547800
2016-01-21 00:00:00-05:00,156.98588434296087,159.2284095391439,155.66227669927426,157.3905487060547,195772900
2016-01-22 00:00:00-05:00,159.99557812528212,160.82177152815098,159.23683091955206,160.61944580078125,168319600
2016-01-25 00:00:00-05:00,160.11359294935863,160.30749271059665,157.99752174755105,158.19142150878906,130371700
2016-01-26 00:00:00-05:00,158.84902781199466,160.62788116564204,158.51180967058326,160.34967041015625,141036800
2016-01-27 00:00:00-05:00,159.82698511645978,161.49623685514294,157.70247471737795,158.60455322265625,185681700
2016-01-28 00:00:00-05:00,160.147314333677,160.34964003457762,157.78674919882445,159.4307098388672,143798800
2016-01-29 00:00:00-05:00,160.19794749351098,163.45215316238034,160.07991984185455,163.3172607421875,210529300
2016-02-01 00:00:00-05:00,162.31400336657373,164.0422753468065,161.73229111753486,163.2582244873047,136061600
2016-02-02 00:00:00-05:00,161.83342499457996,161.84185094381846,159.79321324293684,160.31591796875,182564900
2016-02-03 00:00:00-05:00,161.36972968943766,161.6816570229346,157.73615188427675,161.27699279785156,205054900
2016-02-04 00:00:00-05:00,160.77963173464707,162.49946476772794,160.14733809741855,161.5299530029297,139531800
2016-02-05 00:00:00-05:00,161.01567798450176,161.58895134209288,157.82048044601333,158.45277404785156,180788300
2016-02-08 00:00:00-05:00,156.61493026107567,156.9099929217756,154.1110463004901,156.31985473632812,191526700
2016-02-09 00:00:00-05:00,154.58310851845235,157.60125756788545,154.448216157082,156.32823181152344,184513100
2016-02-10 00:00:00-05:00,157.15455244988775,158.78164932900023,156.06699968152236,156.19346618652344,148214100
2016-02-11 00:00:00-05:00,153.72318158695094,155.20697179332245,152.66935916267266,154.1615753173828,219058900
2016-02-12 00:00:00-05:00,155.9320449597169,157.3568024628288,155.08898678876355,157.33995056152344,127632400
2016-02-16 00:00:00-05:00,159.14409084927416,160.02086566659136,158.18300507119434,159.99557495117188,120250700
2016-02-17 00:00:00-05:00,161.15899356755773,162.98000219707777,161.0325271309253,162.6090545654297,136009500
2016-02-18 00:00:00-05:00,162.8788340130157,162.93785425898483,161.63111153758322,161.9430389404297,102343000
2016-02-19 00:00:00-05:00,161.16746278651044,162.01894708663167,160.56045974704102,161.86720275878906,114793000
2016-02-22 00:00:00-05:00,163.44369040940836,164.3541948162909,163.37624420918957,164.21087646484375,103640300
2016-02-23 00:00:00-05:00,163.5532945241324,163.82307932901813,162.01892239045185,162.136962890625,111455300
2016-02-24 00:00:00-05:00,160.71225250620876,163.15711710999852,159.6078478845509,162.87890625,150812200
2016-02-25 00:00:00-05:00,163.3256295149316,164.86000131333842,162.5668824290666,164.8515625,110728300
2016-02-26 00:00:00-05:00,165.71997983614435,165.81270390168882,164.3120611239384,164.4722442626953,129833700
2016-02-29 00:00:00-05:00,164.48903916432758,165.4332599634594,162.98839702397447,163.1822967529297,125918100
2016-03-01 00:00:00-05:00,164.40476411830258,167.1025604717824,163.93265361565753,167.01824951171875,141799700
2016-03-02 00:00:00-05:00,166.7063516447515,167.81918190324672,166.29324844973772,167.7686004638672,102415000
2016-03-03 00:00:00-05:00,167.59151530457737,168.44301222499766,167.0182419669896,168.4261474609375,95172200
2016-03-04 00:00:00-05:00,168.62003825160113,169.7497458306991,167.79384495325377,168.97412109375,129293600
2016-03-07 00:00:00-05:00,168.05517107764842,169.51367061419285,167.97929894842989,169.10899353027344,100219000
2016-03-08 00:00:00-05:00,168.038381279782,168.54420852554634,167.1025860814623,167.26275634765625,123974900
2016-03-09 00:00:00-05:00,168.07206345871057,168.43457226724504,167.288012735809,168.08892822265625,94801200
2016-03-10 00:00:00-05:00,168.57788107599362,169.51367595798664,166.40278992152216,168.22378540039062,156838700
2016-03-11 00:00:00-05:00,169.67387411243973,170.98061678289588,168.20696120355464,170.93846130371094,137964500
2016-03-14 00:00:00-04:00,170.43264735941028,171.17452982159008,170.10385517875008,170.7192840576172,73612000
2016-03-15 00:00:00-04:00,169.75819548969022,170.74457201573492,169.49684951236813,170.44107055664062,93169100
2016-03-16 00:00:00-04:00,169.9604860968941,171.83207575554053,169.9183306270241,171.42739868164062,129303200
2016-03-17 00:00:00-04:00,171.34308841413124,173.02076536481033,170.94685018082538,172.5149383544922,134278500
2016-03-18 00:00:00-04:00,173.01495584424373,173.53187424367286,172.701419627185,173.1929168701172,138372400
2016-03-21 00:00:00-04:00,172.9302083916966,173.66744772876373,172.70140507211255,173.4386444091797,72926700
2016-03-22 00:00:00-04:00,172.66751604840624,173.91320443773537,172.5065197008016,173.34544372558594,97471900
2016-03-23 00:00:00-04:00,172.96412238673693,173.150552830856,172.0319701661417,172.2014617919922,81052500
2016-03-24 00:00:00-04:00,171.17607690453912,172.15907134055288,170.95575591594056,172.1251678466797,84360900
2016-03-28 00:00:00-04:00,172.54043445422136,172.75228607488955,171.77777379197454,172.22689819335938,62408200
2016-03-29 00:00:00-04:00,171.82012757996412,173.93017430072314,171.51506073997965,173.82000732421875,92922900
2016-03-30 00:00:00-04:00,174.8199295998602,175.3029444872904,174.21826541228114,174.58265686035156,86365300
2016-03-31 00:00:00-04:00,174.48942346607075,174.91312658967516,173.9979262910424,174.158935546875,94584100
2016-04-01 00:00:00-04:00,173.16752418241117,175.53178263807487,172.8539749834099,175.34535217285156,114423500
2016-04-04 00:00:00-04:00,175.26910050628197,175.4724827357991,174.47253627033734,174.77760314941406,63497000
2016-04-05 00:00:00-04:00,173.43864226417537,174.7860151498737,172.77766639834624,173.03189086914062,99662200
2016-04-06 00:00:00-04:00,173.03188798409573,174.9809249871637,172.8539269783888,174.92160034179688,91839800
2016-04-07 00:00:00-04:00,173.83692200157756,174.1928310839261,172.0997365590909,172.82850646972656,113859000
2016-04-08 00:00:00-04:00,174.00645032583586,174.43863592304353,172.7607617169382,173.2946319580078,95040600
2016-04-11 00:00:00-04:00,173.93012339335658,174.6250026873143,172.79460218314483,172.8878173828125,83757500
2016-04-12 00:00:00-04:00,173.05732137408188,174.7775551858431,172.61666646292107,174.49790954589844,115350600
2016-04-13 00:00:00-04:00,175.41313736255353,176.3452896414696,175.27754922554817,176.2605438232422,96336400
2016-04-14 00:00:00-04:00,176.3198982265034,176.76902269200207,175.92161608835949,176.26904296875,65212900
2016-04-15 00:00:00-04:00,176.2690270780215,176.40461522567665,175.752108579184,176.07412719726562,75761600
2016-04-18 00:00:00-04:00,176.07410600301003,177.3452156408778,175.4131300257505,177.3113250732422,82531000
2016-04-19 00:00:00-04:00,177.73503026630098,178.12482998523546,177.05710253247176,177.87060546875,88316100
2016-04-20 00:00:00-04:00,177.9129813720752,178.7349666619935,177.43843582952366,178.04010009765625,81100300
2016-04-21 00:00:00-04:00,178.05706242161108,178.16722941224492,176.81137374277495,177.08255004882812,85695000
2016-04-22 00:00:00-04:00,176.7266408449318,177.35371342448335,176.1843011632234,177.08255004882812,99251700
2016-04-25 00:00:00-04:00,176.48080744822406,176.81977768048833,175.87067396054059,176.77740478515625,66166500
2016-04-26 00:00:00-04:00,177.14179997053336,177.54856428767246,176.56556991684315,177.0401153564453,75864200
2016-04-27 00:00:00-04:00,176.65878883136563,177.7943101471621,176.30287974419332,177.40451049804688,77329400
2016-04-28 00:00:00-04:00,176.65030689544608,177.7519246407792,175.37919756123753,175.79441833496094,97216200
2016-04-29 00:00:00-04:00,175.1758401291601,175.5232798328265,173.74372134169164,174.84535217285156,142424100
2016-05-02 00:00:00-04:00,175.34532812902663,176.4130555222075,174.91315552639526,176.235107421875,62188000
2016-05-03 00:00:00-04:00,175.00634545912317,175.24361817887922,173.95555703563667,174.70127868652344,106422100
2016-05-04 00:00:00-04:00,173.70988307735092,174.43865326842055,173.22685511018216,173.72682189941406,92243800
2016-05-05 00:00:00-04:00,174.19286831503095,174.54877747344975,173.26919838505867,173.69290161132812,67619200
2016-05-06 00:00:00-04:00,172.92171743762816,174.37078781560305,172.76919051910093,174.3284149169922,89315000
2016-05-09 00:00:00-04:00,174.2012793968678,174.90461508602237,174.02331842525632,174.47244262695312,74374900
2016-05-10 00:00:00-04:00,175.17589691129402,176.65885849113394,175.10810283028206,176.64190673828125,77472200
2016-05-11 00:00:00-04:00,176.18425645121343,176.71811365637674,174.98941040039062,174.98941040039062,81727000
2016-05-12 00:00:00-04:00,175.65885569735008,175.82834731079288,174.03183706537783,175.04025268554688,89586300
2016-05-13 00:00:00-04:00,174.74362657194527,175.29443539316273,173.1928717774143,173.51487731933594,96474600
2016-05-16 00:00:00-04:00,173.68442685674904,175.70124535905617,173.62510220030677,175.22669982910156,77486800
2016-05-17 00:00:00-04:00,174.9554804324832,175.24359542185923,173.0657553971476,173.59115600585938,114924900
2016-05-18 00:00:00-04:00,173.2437772589709,174.81995377820982,172.55738010114683,173.64205932617188,120062100
2016-05-19 00:00:00-04:00,172.9217078869592,173.32845924429304,171.83702898047395,173.04034423828125,115430500
2016-05-20 00:00:00-04:00,173.65050185323304,174.65044803642593,173.59965954280523,174.13352966308594,104990400
2016-05-23 00:00:00-04:00,174.15037535663492,174.43002084484812,173.70973361495422,173.8961639404297,58682600
2016-05-24 00:00:00-04:00,174.70980211521845,176.4639398326518,174.68438095384093,176.150390625,93537800
2016-05-25 00:00:00-04:00,176.8282507665179,177.7604027616489,176.15032321827653,177.3451690673828,76621400
2016-05-26 00:00:00-04:00,177.48080294319328,177.7096062974516,177.08252089075677,177.39605712890625,55280700
2016-05-27 00:00:00-04:00,177.55707291212292,178.16720659219732,177.5062305938494,178.1587371826172,64211200
2016-05-31 00:00:00-04:00,178.42991216225533,178.5400791459648,177.26048704410013,177.8197784423828,109879400
2016-06-01 00:00:00-04:00,177.20961797158864,178.36209116510832,177.0147181247832,178.18414306640625,69936200
2016-06-02 00:00:00-04:00,177.78583423166788,178.74339450363115,177.31128879947488,178.72645568847656,63044700
2016-06-03 00:00:00-04:00,178.16720579410213,178.5400667002992,176.98931134792298,178.192626953125,101757100
2016-06-06 00:00:00-04:00,178.54851283883448,179.45524382712608,178.38750356574386,179.09933471679688,64887000
2016-06-07 00:00:00-04:00,179.25186150671053,179.93825857110662,179.22644035102138,179.37896728515625,60974800
2016-06-08 00:00:00-04:00,179.51462062962904,180.0908638722168,179.387514804999,179.9637451171875,66170900
2016-06-09 00:00:00-04:00,179.2348678020025,179.83653185005488,178.96370456133056,179.7178955078125,73786900
2016-06-10 00:00:00-04:00,178.34516695298538,178.6841243604403,177.47232641451623,178.01467895507812,113829200
2016-06-13 00:00:00-04:00,177.41304986309373,178.26892589137205,176.55717383481542,176.64190673828125,117751200
2016-06-14 00:00:00-04:00,176.26052776899468,176.8876131477305,175.34532732316208,176.29441833496094,125059300
2016-06-15 00:00:00-04:00,176.29443297815249,177.41301570387913,175.86226034161066,176.04869079589844,109124500
2016-06-16 00:00:00-04:00,176.0486479088348,176.74352723833687,174.21824731103703,176.57403564453125,149533100
2016-06-17 00:00:00-04:00,176.47014679380524,176.49570015111058,175.2605735566787,175.91647338867188,117055700
2016-06-20 00:00:00-04:00,177.87562194878873,178.54854859459653,176.96417567156655,177.0493621826172,82789600
2016-06-21 00:00:00-04:00,177.4326875929435,177.96080760410712,176.98974110100497,177.55194091796875,72461700
2016-06-22 00:00:00-04:00,177.73083125459377,178.4548777236498,177.1175246684293,177.26234436035156,95560500
2016-06-23 00:00:00-04:00,178.71895691353055,179.62187698505792,178.2589834234159,179.57077026367188,102731400
2016-06-24 00:00:00-04:00,173.454750008894,179.60484320130777,172.67959677050362,173.12254333496094,333444400
2016-06-27 00:00:00-04:00,171.71702689879322,171.7255533496306,169.21269390864185,170.0219268798828,230775800
2016-06-28 00:00:00-04:00,171.62328993578808,173.11396277555616,171.3166367174161,173.08840942382812,159382400
2016-06-29 00:00:00-04:00,174.48544479534866,176.26573159068695,174.3832313518315,176.03575134277344,137328600
2016-06-30 00:00:00-04:00,176.5042742574847,178.48898819813584,175.95058770521945,178.43788146972656,165021900
2016-07-01 00:00:00-04:00,178.4378983236662,179.29823832529055,178.27605166998862,178.8126983642578,106055300
2016-07-05 00:00:00-04:00,177.98638642688363,178.09712631512292,176.93014625342386,177.5264129638672,109803700
2016-07-06 00:00:00-04:00,177.0323514386638,178.7104246011787,176.376451588928,178.59117126464844,96021500
2016-07-07 00:00:00-04:00,178.76999049839642,179.43440359987767,177.71375069482878,178.48037719726562,85593800
2016-07-08 00:00:00-04:00,179.77518342317939,181.38510989572447,179.54519021349057,181.13807678222656,133971000
2016-07-11 00:00:00-04:00,181.5980887568401,182.34768865826774,181.39364887527617,181.77696228027344,73633900
2016-07-12 00:00:00-04:00,182.73951473729417,183.39541464824282,181.80251486451039,183.09727478027344,101275600
2016-07-13 00:00:00-04:00,183.51466287223738,183.52317632624678,182.58618947726342,183.07171630859375,87324100
2016-07-14 00:00:00-04:00,184.33239401470564,184.56238724640937,183.70206048745473,184.09388732910156,91230900
2016-07-15 00:00:00-04:00,184.6560981398424,184.85201157224094,183.40393146762003,183.8468780517578,107155400
2016-07-18 00:00:00-04:00,183.96611194887564,184.50275846526557,183.71056536975473,184.34091186523438,58725900
2016-07-19 00:00:00-04:00,183.92351020759827,184.18757022804962,183.6764900910065,184.15350341796875,54345700
2016-07-20 00:00:00-04:00,184.15350877137692,185.15864216846145,184.15350877137692,184.92013549804688,58159500
2016-07-21 00:00:00-04:00,184.8094482951668,185.03091510877863,183.77874832142388,184.22169494628906,67777300
2016-07-22 00:00:00-04:00,184.3409060500352,185.09901931234043,184.07684602574125,185.04791259765625,62787500
2016-07-25 00:00:00-04:00,184.84345841291403,184.89456512363662,183.966091885143,184.54531860351562,55873100
2016-07-26 00:00:00-04:00,184.44310848175783,184.98826840194747,183.78720868792976,184.63050842285156,70080500
2016-07-27 00:00:00-04:00,185.00531412403691,185.07346074090879,183.6679611384984,184.43460083007812,84083900
2016-07-28 00:00:00-04:00,184.23870324264314,184.93719642657732,183.77872975387785,184.6475830078125,65035700
2016-07-29 00:00:00-04:00,184.38350708685488,185.30345398524094,184.10240714659952,184.94569396972656,79519400
2016-08-01 00:00:00-04:00,185.0053269756298,185.3971538028139,184.34091366202279,184.79237365722656,73311400
2016-08-02 00:00:00-04:00,184.54530878477047,184.69864190641763,182.77354891834582,183.6083221435547,92295500
2016-08-03 00:00:00-04:00,183.54870710658165,184.204606918532,183.25058028125014,184.1449737548828,53993600
2016-08-04 00:00:00-04:00,184.25572533964777,184.65607861415472,182.5009920927308,184.34091186523438,46585500
2016-08-05 00:00:00-04:00,184.34085684724045,185.8911497686357,184.34085684724045,185.8485565185547,71892200
2016-08-08 00:00:00-04:00,186.0359807982686,186.1382072113854,185.47379401549162,185.73785400390625,39906500
2016-08-09 00:00:00-04:00,185.80597626610873,186.34260962469725,185.52487641273615,185.8485565185547,51251700
2016-08-10 00:00:00-04:00,185.9593393883668,186.03599945766584,185.03937956386426,185.3886260986328,57941100
2016-08-11 00:00:00-04:00,185.9167709854497,186.49601080319758,185.65271093524512,186.2489776611328,72504300
2016-08-12 00:00:00-04:00,185.94230799561387,186.30008099732774,185.68677441958778,186.08712768554688,61313500
2016-08-15 00:00:00-04:00,186.4534497201718,186.97305645619718,186.44493626463242,186.62380981445312,49813500
2016-08-16 00:00:00-04:00,186.20638433318723,186.2745179562473,185.66122436523438,185.66122436523438,53213600
2016-08-17 00:00:00-04:00,185.69525506641838,186.146714967824,184.86048187105433,186.0104217529297,75134300
2016-08-18 00:00:00-04:00,185.98492511942834,186.46193851939626,185.87419822149027,186.42787170410156,52989300
2016-08-19 00:00:00-04:00,185.95934477450407,186.33414467656135,185.47381799057598,186.15525817871094,75443000
2016-08-22 00:00:00-04:00,185.91676580332864,186.37675226307763,185.5504923239354,186.14675903320312,61368800
2016-08-23 00:00:00-04:00,186.76002151993063,187.05816130293945,186.4618817369218,186.52151489257812,53399200
2016-08-24 00:00:00-04:00,186.37670947206888,186.47040943327224,185.15009652454734,185.56748962402344,71728900
2016-08-25 00:00:00-04:00,185.18418122816422,185.85712092302123,185.03086109372353,185.43972778320312,69224800
2016-08-26 00:00:00-04:00,185.62714639773398,186.64931972308202,184.2046197953318,185.0904998779297,122506300
2016-08-29 00:00:00-04:00,185.2182104744571,186.26593676671283,185.18413067768137,186.0018768310547,70502200
2016-08-30 00:00:00-04:00,185.9167334635116,186.19783336276384,185.14159337511722,185.6952667236328,58114500
2016-08-31 00:00:00-04:00,185.3630276086425,185.48228090883924,184.39196130771631,185.1671142578125,85269500
2016-09-01 00:00:00-04:00,185.15861927743916,185.46527252972356,184.0171927819061,185.1756591796875,97844200
2016-09-02 00:00:00-04:00,186.02746165420058,186.43632830124716,185.43970853790063,186.0104217529297,79293900
2016-09-06 00:00:00-04:00,186.2915014671845,186.64926136932482,185.57598166290387,186.57260131835938,56702100
2016-09-07 00:00:00-04:00,186.41078109706655,186.73447424370875,185.9508077286711,186.5555877685547,76554900
2016-09-08 00:00:00-04:00,186.22344547938243,186.49603201229638,185.82309213269093,186.12974548339844,74102900
2016-09-09 00:00:00-04:00,184.81792135656548,184.86902807179513,181.64917503593986,181.6747283935547,221589100
2016-09-12 00:00:00-04:00,180.9166356660939,184.68164908797755,180.84848903883682,184.2812957763672,168110900
2016-09-13 00:00:00-04:00,183.00357638087698,183.26763643886903,181.0103362679948,181.6321563720703,182828800
2016-09-14 00:00:00-04:00,181.68324870057552,182.88430854433517,181.01032192860217,181.56399536132812,134185500
2016-09-15 00:00:00-04:00,181.40217203040726,183.76168559041375,181.22328551258488,183.3783721923828,134427900
2016-09-16 00:00:00-04:00,182.76359159253812,182.94338165274544,181.9845361670797,182.66941833496094,155236400
2016-09-19 00:00:00-04:00,183.32013997282112,183.96222703135763,182.3784070616497,182.7037353515625,80250500
2016-09-20 00:00:00-04:00,183.55988582869148,183.7139804812361,182.67808714811602,182.7123260498047,69665300
2016-09-21 00:00:00-04:00,183.41431802619306,184.94676009783961,182.7294225333122,184.76698303222656,110284400
2016-09-22 00:00:00-04:00,185.77719504411826,186.23093553533752,185.52892712117182,185.93128967285156,76678700
2016-09-23 00:00:00-04:00,185.5374671479672,185.67444884801776,184.81833281764258,184.91250610351562,73630900
2016-09-26 00:00:00-04:00,184.08207611232544,184.2618531667787,183.21739054421255,183.414306640625,89827300
2016-09-27 00:00:00-04:00,183.2516630614715,184.6471234918225,182.8835263269881,184.55296325683594,78494800
2016-09-28 00:00:00-04:00,184.77554217943597,185.623101833831,183.81669631342595,185.468994140625,87411000
2016-09-29 00:00:00-04:00,185.26347497848633,185.66585049534166,183.24304093802039,183.79095458984375,128070600
2016-09-30 00:00:00-04:00,184.62143417016583,185.87992589879707,184.37316624574723,185.17791748046875,117202900
2016-10-03 00:00:00-04:00,184.76696374787355,184.95529725204656,184.09918124112315,184.7327117919922,83512100
2016-10-04 00:00:00-04:00,184.84398654925255,185.0665719797992,183.2002455937824,183.79095458984375,119948100
2016-10-05 00:00:00-04:00,184.4159777481273,185.03238240361438,184.3474868904848,184.6043243408203,72816000
2016-10-06 00:00:00-04:00,184.3817010923231,184.95529725204656,183.84235688848102,184.7327117919922,62927400
2016-10-07 00:00:00-04:00,185.00667607802794,185.1778966683796,183.37149135408836,184.09918212890625,89788300
2016-10-10 00:00:00-04:00,185.05804443359375,185.52034134257795,184.91250627588957,185.05804443359375,51855000
2016-10-11 00:00:00-04:00,184.63000405030357,184.6984949069336,181.99316485487475,182.72085571289062,130367400
2016-10-12 00:00:00-04:00,182.85781322727746,183.48278731258375,182.36126437989276,182.96055603027344,73866100
2016-10-13 00:00:00-04:00,181.63362191101672,182.85786184561832,180.82031410777756,182.36131286621094,101357000
2016-10-14 00:00:00-04:00,183.33725813528716,183.79956814610816,182.37841228068805,182.45545959472656,93346200
2016-10-17 00:00:00-04:00,182.42978031832754,182.686617766202,181.642155057929,181.8219451904297,58275700
2016-10-18 00:00:00-04:00,183.41429646501757,183.47421779207957,182.5838629003062,182.96055603027344,76869700
2016-10-19 00:00:00-04:00,183.22596189159376,183.75674966585316,182.8663947158089,183.44854736328125,66519200
2016-10-20 00:00:00-04:00,183.09757061406387,183.66261045082263,182.44692699383353,183.10614013671875,73639800
2016-10-21 00:00:00-04:00,183.106107657494,183.27732825736294,182.14724878429806,183.19171142578125,89089100
2016-10-24 00:00:00-04:00,184.06498324117868,184.33894669592,183.61979915887235,183.97080993652344,60146600
2016-10-25 00:00:00-04:00,183.79096929824388,184.04780670068533,183.19169073474242,183.35435485839844,66542300
2016-10-26 00:00:00-04:00,182.53249614221528,183.56838917561575,182.29277164656682,182.98623657226562,75705500
2016-10-27 00:00:00-04:00,183.70535656869063,183.73959545780744,182.4211826824867,182.49822998046875,77220200
2016-10-28 00:00:00-04:00,182.47261356427293,183.14893964117863,181.24837362022305,181.9589385986328,140623200
2016-10-31 00:00:00-04:00,182.29279876235523,182.51539731357715,181.8048193679365,181.9674835205078,61272500
2016-11-01 00:00:00-04:00,182.2927583487816,182.34413627764692,179.44190380314225,180.64901733398438,122781800
2016-11-02 00:00:00-04:00,180.34085382978796,180.7261165309572,179.12517051792338,179.56179809570312,103330800
2016-11-03 00:00:00-04:00,179.77575875504616,179.98978770172488,178.46590264643558,178.73985290527344,88939300
2016-11-04 00:00:00-04:00,178.85121684361937,179.69020696041335,178.39747635756683,178.5430145263672,109122100
2016-11-07 00:00:00-05:00,178.54302887338312,182.51540735756313,178.54302887338312,182.4811553955078,109794900
2016-11-08 00:00:00-05:00,182.08734096045808,183.8680640704405,181.82194705147958,183.3030242919922,106772100
2016-11-09 00:00:00-05:00,181.8133351814696,185.86277292051915,181.78765274873078,185.24636840820312,258429000
2016-11-10 00:00:00-05:00,186.03402274157074,186.8986952607369,184.2532997663908,185.7086944580078,172113300
2016-11-11 00:00:00-05:00,184.98956331771262,185.52035110471618,184.33891980256973,185.2806396484375,100552700
2016-11-14 00:00:00-05:00,185.80288643230247,186.00835901047284,184.68137636929268,185.4261932373047,94580000
2016-11-15 00:00:00-05:00,185.81145806271672,186.873046875,185.60599853106606,186.873046875,91652600
2016-11-16 00:00:00-05:00,186.25662452049548,186.75317344713747,186.1367687839471,186.5220184326172,65617700
2016-11-17 00:00:00-05:00,186.67617504456678,187.5408478659994,186.56487573743127,187.48092651367188,69797200
2016-11-18 00:00:00-05:00,187.54936330481615,187.72058391490273,186.88158071787657,187.06137084960938,86265800
2016-11-21 00:00:00-05:00,187.63496313098892,188.49963568487826,187.4894249623122,188.4739532470703,72402600
2016-11-22 00:00:00-05:00,188.7821371419699,189.02184858031546,188.11436769753672,188.84207153320312,67429000
2016-11-23 00:00:00-05:00,188.3283587340298,188.99612804384225,188.13145574864689,188.94476318359375,56620200
2016-11-25 00:00:00-05:00,189.28731383521736,189.68112000670217,189.21025344227672,189.64688110351562,37872300
2016-11-28 00:00:00-05:00,189.3386507599294,189.61260113485753,188.65375522766547,188.75648498535156,76572500
2016-11-29 00:00:00-05:00,188.7907185282828,189.5783437413918,188.49107267987097,189.12460327148438,69886700
2016-11-30 00:00:00-05:00,189.74104372210638,189.90370789549405,188.61096403117952,188.6708984375,113291800
2016-12-01 00:00:00-05:00,188.97053241172634,188.97053241172634,187.6178671962816,187.97744750976562,79040500
2016-12-02 00:00:00-05:00,188.06299200507038,188.55954083115392,187.71198132508658,188.07154846191406,74840300
2016-12-05 00:00:00-05:00,188.9019990580523,189.5440860882473,188.70509602651484,189.20164489746094,67837800
2016-12-06 00:00:00-05:00,189.39000177393402,189.83518579680896,188.91057885543555,189.80093383789062,59877400
2016-12-07 00:00:00-05:00,189.6468220127813,192.34358221640227,189.5269662940269,192.28366088867188,110738100
2016-12-08 00:00:00-05:00,192.25802646430432,193.22542891322635,191.9926194620121,192.7545623779297,99714400
2016-12-09 00:00:00-05:00,192.97711869989007,193.93596447940914,192.94286674302495,193.91883850097656,88005800
2016-12-12 00:00:00-05:00,193.8246554596792,194.30409138860358,193.27674174705902,193.6962432861328,102016100
2016-12-13 00:00:00-05:00,194.3555112774371,195.485577914432,194.33838529501833,194.98902893066406,110477500
2016-12-14 00:00:00-05:00,194.68935787987144,195.39136626171157,192.9428737882111,193.37950134277344,142501800
2016-12-15 00:00:00-05:00,193.61923467509018,195.03182111956679,193.38807965321905,194.1757049560547,124972600
2016-12-16 00:00:00-05:00,194.6312573112015,194.6915449704416,193.47730315707153,193.79592895507812,156420200
2016-12-19 00:00:00-05:00,193.97675592107728,194.63985439307436,193.83035994627357,194.21788024902344,90341100
2016-12-20 00:00:00-05:00,194.7518115170943,195.11351117714477,194.5193072017222,194.96710205078125,89838800
2016-12-21 00:00:00-05:00,194.8379452358374,195.0101750455565,194.42459106445312,194.42459106445312,67909000
2016-12-22 00:00:00-05:00,194.27815603553404,194.39871819214375,193.69255903179445,194.0886993408203,56219100
2016-12-23 00:00:00-05:00,194.13174158145424,194.38148591773765,193.94229803224883,194.3728790283203,36697800
2016-12-27 00:00:00-05:00,194.6398577945518,195.25127551528226,194.6226308736002,194.8551483154297,42672500
2016-12-28 00:00:00-05:00,195.11348411321208,195.13069789250957,193.13280884997076,193.2447509765625,64095000
2016-12-29 00:00:00-05:00,193.31364806068328,193.66672764527488,192.76250488924578,193.2017059326172,48696100
2016-12-30 00:00:00-05:00,193.52893622499533,193.61505768273278,191.80661219256285,192.49554443359375,108998300
2017-01-03 00:00:00-05:00,193.79594246656237,194.47626798685826,192.79700426633804,193.9681854248047,91366500
2017-01-04 00:00:00-05:00,194.29540986030497,195.26852734369186,194.2868029688766,195.12213134765625,78744400
2017-01-05 00:00:00-05:00,194.85515990866216,195.12211806798737,194.17483446364827,194.96710205078125,78379000
2017-01-06 00:00:00-05:00,195.0790148593262,196.1296334861943,194.53647862766636,195.66461181640625,71559900
2017-01-09 00:00:00-05:00,195.4063191925194,195.5441082990617,194.98434498134318,195.018798828125,46939700
2017-01-10 00:00:00-05:00,195.03601261122344,195.87134100173415,194.63126532343816,195.018798828125,63771900
2017-01-11 00:00:00-05:00,194.93268151291917,195.5699462890625,194.26958292128418,195.5699462890625,74650000
2017-01-12 00:00:00-05:00,195.0531914599818,195.268481958282,193.7270077721798,195.0790252685547,72113200
2017-01-13 00:00:00-05:00,195.25123158032957,195.82820846961746,195.21679088646673,195.5268096923828,62717900
2017-01-17 00:00:00-05:00,194.88958876507553,195.2943359950259,194.4504008335571,194.83792114257812,61240800
2017-01-18 00:00:00-05:00,195.0876133518998,195.31152385833252,194.536470254992,195.26846313476562,54793300
2017-01-19 00:00:00-05:00,195.34599463170878,195.483783712224,194.11453921786523,194.5451202392578,66608800
2017-01-20 00:00:00-05:00,195.2254643669878,195.75077382452264,194.59681965232878,195.25991821289062,129168600
2017-01-23 00:00:00-05:00,195.2599267517825,195.3202012743101,193.99401723548334,194.7518310546875,75061600
2017-01-24 00:00:00-05:00,194.96709848500868,196.41385767787654,194.85515634493692,196.00050354003906,95555300
2017-01-25 00:00:00-05:00,196.9478014011602,197.697021484375,196.78417847332832,197.697021484375,84437700
2017-01-26 00:00:00-05:00,197.55060044787433,197.8175717636981,197.2147477205455,197.49032592773438,59970700
2017-01-27 00:00:00-05:00,197.56783347843495,197.7142294779201,196.9994632637566,197.18031311035156,59711100
2017-01-30 00:00:00-05:00,196.49129834590934,196.51713215026635,194.97565821572096,195.95738220214844,79737300
2017-01-31 00:00:00-05:00,195.46657427051073,196.00050372017813,194.898217258071,195.94021606445312,75880800
2017-02-01 00:00:00-05:00,195.94019876504385,196.853028428981,195.4321163128962,196.0177001953125,79117700
2017-02-02 00:00:00-05:00,196.01771416236227,196.43108143382898,195.32879499049955,196.1468963623047,69657600
2017-02-03 00:00:00-05:00,197.0511370106404,197.67978172491428,196.74111809916565,197.49893188476562,80563200
2017-02-06 00:00:00-05:00,197.09416062482688,197.4903009625108,196.80997556219742,197.1458282470703,57790100
2017-02-07 00:00:00-05:00,197.53334759389273,197.77447190734355,196.96497750920597,197.15443420410156,57931200
2017-02-08 00:00:00-05:00,197.15442953477168,197.54194980504766,196.61189327221177,197.41278076171875,51566200
2017-02-09 00:00:00-05:00,197.4127730625225,198.88535266019773,197.4127730625225,198.58395385742188,65955200
2017-02-10 00:00:00-05:00,198.92839639554848,199.59149472948081,198.6011506727763,199.36758422851562,66015900
2017-02-13 00:00:00-05:00,199.85852425311793,200.71107955863835,199.83269043843177,200.45272827148438,55182100
2017-02-14 00:00:00-05:00,200.27183115065384,201.2621753275736,199.92737160929255,201.25355529785156,71109000
2017-02-15 00:00:00-05:00,201.03827471556946,202.49364065914128,200.98660709584573,202.30418395996094,86785800
2017-02-16 00:00:00-05:00,202.33005214808165,202.51090198813316,201.38278163151736,202.13198852539062,84722400
2017-02-17 00:00:00-05:00,201.46882223227414,202.45054626464844,201.4515953151342,202.45054626464844,77204100
2017-02-21 00:00:00-05:00,202.82087604014896,203.82843399397925,202.81225601044366,203.6562042236328,88946100
2017-02-22 00:00:00-05:00,203.25147490734517,203.69926972156108,203.08785201202807,203.47537231445312,62115200
2017-02-23 00:00:00-05:00,203.9920878749946,204.00930165644274,202.8553475654405,203.61317443847656,74615900
2017-02-24 00:00:00-05:00,202.76923455546964,203.91456858901134,202.72617382226116,203.87152099609375,82381600
2017-02-27 00:00:00-05:00,203.78537731620193,204.36235428548795,203.53564611528,204.19012451171875,56515400
2017-02-28 00:00:00-05:00,203.81122209260744,204.05234641691743,203.25147201266427,203.6389923095703,96961900
2017-03-01 00:00:00-05:00,205.29245650216862,206.9545063824952,205.2752295788725,206.48947143554688,149158200
2017-03-02 00:00:00-05:00,206.2999648439958,206.30858487370685,205.1374040381639,205.18907165527344,70246000
2017-03-03 00:00:00-05:00,205.10293156730737,205.48184491207374,204.724018222541,205.31822204589844,81974300
2017-03-06 00:00:00-05:00,204.52598307687302,205.05989933306515,204.10400894970482,204.7068328857422,55391500
2017-03-07 00:00:00-05:00,204.40541680082913,204.75849638133062,203.8887143347153,204.09539794921875,65103700
2017-03-08 00:00:00-05:00,204.38818173543348,204.64653295819397,203.57868736958557,203.7164764404297,78168800
2017-03-09 00:00:00-05:00,203.8369881849098,204.30202289893668,203.01028024486212,203.9747772216797,90683900
2017-03-10 00:00:00-05:00,204.9307758611835,204.97383660051867,203.742367785055,204.6896514892578,81991700
2017-03-13 00:00:00-04:00,204.62937633228012,204.836060009545,204.30214360197766,204.79299926757812,57256800
2017-03-14 00:00:00-04:00,204.25040165819996,204.3020824172589,203.39785966792678,204.00927734375,59880800
2017-03-15 00:00:00-04:00,204.5777193934545,206.19670876593702,204.34520188691206,205.7747344970703,96081800
2017-03-16 00:00:00-04:00,205.91240921393336,205.9899106262883,205.04264048128076,205.369873046875,78344000
2017-03-17 00:00:00-04:00,205.63199726496683,205.82227819204954,205.00926208496094,205.00926208496094,89002100
2017-03-20 00:00:00-04:00,205.00928004947667,205.2947014651116,204.3952023470911,204.78440856933594,52537000
2017-03-21 00:00:00-04:00,205.38985335831487,205.51094003857907,202.02535931655473,202.15509033203125,131809300
2017-03-22 00:00:00-04:00,202.18963877523575,202.91615865814032,201.5669036763305,202.6307373046875,97569200
2017-03-23 00:00:00-04:00,202.63073209762806,203.54753285927518,202.04260074013908,202.4145050048828,100410300
2017-03-24 00:00:00-04:00,202.71725794521547,203.28808752371825,201.4890894619878,202.2675018310547,112504900
2017-03-27 00:00:00-04:00,200.59820862722134,202.31938117796201,200.32144478844586,202.05990600585938,87454500
2017-03-28 00:00:00-04:00,201.75722350860326,203.95408544436285,201.6447811726046,203.53028869628906,93483900
2017-03-29 00:00:00-04:00,203.24481573132235,203.9540337080173,203.01993111637077,203.7205047607422,61950400
2017-03-30 00:00:00-04:00,203.65998362917261,204.56814009591145,203.48700458728308,204.36920166015625,56737900
2017-03-31 00:00:00-04:00,204.03191476196116,204.55950948750663,203.84163383160336,203.89353942871094,73733100
2017-04-03 00:00:00-04:00,203.94537207718605,204.14429728338644,202.3106959798202,203.5388641357422,85546500
2017-04-04 00:00:00-04:00,203.25351822724852,203.75516679210006,202.8729563368468,203.66867065429688,56466200
2017-04-05 00:00:00-04:00,204.34330876146382,205.3206597393664,202.85566485778097,203.06324768066406,108800600
2017-04-06 00:00:00-04:00,203.20157900865607,204.15297031801492,202.76046728392677,203.634033203125,69135800
2017-04-07 00:00:00-04:00,203.38325034394884,204.11842792690598,202.94215171264923,203.42649841308594,74412300
2017-04-10 00:00:00-04:00,203.56487877074764,204.343291194087,203.01998215593574,203.54757690429688,67615300
2017-04-11 00:00:00-04:00,203.16704662245124,203.40922000059405,201.81779117352434,203.30543518066406,88045300
2017-04-12 00:00:00-04:00,203.02859575515922,203.2188766525714,202.18963357951134,202.4145050048828,81864400
2017-04-13 00:00:00-04:00,202.0771889279115,202.81236631371326,201.09983825683594,201.09983825683594,92880400
2017-04-17 00:00:00-04:00,201.6188347524172,202.88160705566406,201.4199094790997,202.88160705566406,68405400
2017-04-18 00:00:00-04:00,202.14639206600955,202.8123752285135,201.59285121855888,202.276123046875,83225800
2017-04-19 00:00:00-04:00,202.83835390279546,203.2102582391283,201.67936643251812,201.9042510986328,68699900
2017-04-20 00:00:00-04:00,202.51833360852208,203.9886887153188,202.19832166519814,203.54757690429688,92572200
2017-04-21 00:00:00-04:00,203.46972277708795,203.52161517502364,202.50102948907167,202.8988800048828,110389800
2017-04-24 00:00:00-04:00,205.1390306880979,205.33796918308076,202.87297421055138,205.13038635253906,119209900
2017-04-25 00:00:00-04:00,205.77038791146632,206.669886959925,205.68389178100873,206.3239288330078,76698300
2017-04-26 00:00:00-04:00,206.28932381353593,207.17153418835883,206.15094848210717,206.19418334960938,84702500
2017-04-27 00:00:00-04:00,206.51420510170553,206.66988229606818,205.83091999989713,206.36717224121094,57410300
2017-04-28 00:00:00-04:00,206.6266222370468,206.65256843460105,205.7876599895779,205.9174041748047,63532800
2017-05-01 00:00:00-04:00,206.4364013671875,206.8602113796017,206.0212488881132,206.4364013671875,66882500
2017-05-02 00:00:00-04:00,206.5747121383258,206.6957987823536,206.1076674249198,206.51417541503906,57375700
2017-05-03 00:00:00-04:00,206.51415171219764,206.60929214997498,205.588693526777,206.26332092285156,73137700
2017-05-04 00:00:00-04:00,206.56611939387074,206.64395799930222,205.6579627381305,206.5055694580078,61462700
2017-05-05 00:00:00-04:00,206.87745917038717,207.33585960395547,206.4363474040606,207.3185577392578,62001300
2017-05-08 00:00:00-04:00,207.36183518801747,207.50886806514407,206.8601866203432,207.28399658203125,48385700
2017-05-09 00:00:00-04:00,207.5434450706046,207.7423703261031,206.74771765369846,207.09368896484375,51363200
2017-05-10 00:00:00-04:00,207.0504238301856,207.465576171875,206.84284106061338,207.465576171875,54293800
2017-05-11 00:00:00-04:00,207.0158781386859,207.20615908597674,205.96068859369421,207.0418243408203,62358300
2017-05-12 00:00:00-04:00,206.7909564966798,207.08502219994918,206.4276965342667,206.69581604003906,53912700
2017-05-15 00:00:00-04:00,207.11963353742098,207.95859581385963,207.10233167263556,207.83750915527344,61918900
2017-05-16 00:00:00-04:00,208.1315939933016,208.15754019413583,207.25804110448254,207.64724731445312,51241800
2017-05-17 00:00:00-04:00,207.64722812837044,207.64722812837044,203.90217285033032,203.9627227783203,172174100
2017-05-18 00:00:00-04:00,203.88489625385785,205.63201528405148,203.6254210398754,204.78440856933594,107047700
2017-05-19 00:00:00-04:00,205.26877200035327,206.78236214162976,205.21687959281718,206.1163787841797,115011400
2017-05-22 00:00:00-04:00,206.6266353290807,207.32722229980186,206.55745426285634,207.1628875732422,61010600
2017-05-23 00:00:00-04:00,207.53476547872376,207.7855963023231,207.15420367564522,207.6212615966797,48341700
2017-05-24 00:00:00-04:00,207.85484941708714,208.20945192723073,207.51752238000833,208.1056671142578,46927700
2017-05-25 00:00:00-04:00,208.61593409813327,209.37705782517145,208.4083644980005,209.10028076171875,64071700
2017-05-26 00:00:00-04:00,208.91000654420898,209.22137415187208,208.8321679416575,209.0570526123047,46629900
2017-05-30 00:00:00-04:00,208.7370082051156,209.12621437940422,208.58133101438253,208.87539672851562,35201900
2017-05-31 00:00:00-04:00,209.16945969341108,209.20406342253426,208.13157217646426,208.82350158691406,91796000
2017-06-01 00:00:00-04:00,209.28190858500193,210.5014327244796,208.9964871993291,210.484130859375,68962000
2017-06-02 00:00:00-04:00,210.5360110522851,211.34038276481593,210.2419453498353,211.1846923828125,88666100
2017-06-05 00:00:00-04:00,211.01170509458183,211.29712645256342,210.83006852224628,211.0290069580078,44698800
2017-06-06 00:00:00-04:00,210.466845031661,211.02038598008141,210.27656409337987,210.3544158935547,50375400
2017-06-07 00:00:00-04:00,210.69169891436508,210.9684627494031,210.02571572770137,210.74359130859375,54144300
2017-06-08 00:00:00-04:00,210.83872200018845,211.32306858716709,210.31977168702295,210.8473663330078,65950700
2017-06-09 00:00:00-04:00,211.11547509073324,211.91118918567153,209.26457175746387,210.52734375,132256400
2017-06-12 00:00:00-04:00,210.28520560176892,210.53602325723256,209.63652423363692,210.484130859375,86108100
2017-06-13 00:00:00-04:00,211.02036254185137,211.56525909526675,210.67440443656096,211.51336669921875,60067000
2017-06-14 00:00:00-04:00,211.78149355764182,211.79013789146447,210.42358089248344,211.24525451660156,78602300
2017-06-15 00:00:00-04:00,209.89596964776152,210.95981650965615,209.6192058152247,210.83872985839844,66464900
2017-06-16 00:00:00-04:00,210.99783260155976,211.04997806682266,210.00702897611282,210.8848419189453,84553100
2017-06-19 00:00:00-04:00,211.7104703959348,212.70127383885932,211.61486597329232,212.64044189453125,65123800
2017-06-20 00:00:00-04:00,212.28412717005747,212.29281365996601,211.18903265983135,211.20640563964844,56906400
2017-06-21 00:00:00-04:00,211.59749874860742,211.71047615166384,210.68491346435795,211.15423583984375,55977600
2017-06-22 00:00:00-04:00,211.16294370634014,211.65833882940308,210.8848169088331,211.0586395263672,44148100
2017-06-23 00:00:00-04:00,211.11946010978448,211.64092790155846,210.73704243872845,211.3106689453125,66986800
2017-06-26 00:00:00-04:00,211.97993573108084,212.3971259753546,211.24118620608652,211.44976806640625,56700500
2017-06-27 00:00:00-04:00,211.23249094792286,211.5280040260247,209.7289058715889,209.7462921142578,82247700
2017-06-28 00:00:00-04:00,210.763171460494,211.82350682734375,210.52850359751773,211.6236114501953,70042600
2017-06-29 00:00:00-04:00,211.77135183215356,211.8234972967315,208.55558665228156,209.763671875,106949700
2017-06-30 00:00:00-04:00,210.57191628538862,210.9456474858864,209.96353053531456,210.1547393798828,86820700
2017-07-03 00:00:00-04:00,211.09342148732742,211.52798468158704,210.5111083984375,210.5111083984375,39153800
2017-07-05 00:00:00-04:00,210.8761560786922,211.2064151136477,210.0678615791739,210.99783325195312,54427600
2017-07-06 00:00:00-04:00,210.23293954349657,210.35461668308216,208.88579125834767,209.0683135986328,65400800
2017-07-07 00:00:00-04:00,209.64195547243426,210.5719136942868,209.07701543431983,210.42416381835938,57972300
2017-07-10 00:00:00-04:00,210.42419365296854,211.02389299205186,210.11999410763698,210.65016174316406,36663300
2017-07-11 00:00:00-04:00,210.65011921638546,210.80656883325656,209.32905690096658,210.49368286132812,50354600
2017-07-12 00:00:00-04:00,211.45844346560077,212.24065187535012,211.45844346560077,212.0755157470703,59610400
2017-07-13 00:00:00-04:00,212.08423949125515,212.54487544761292,211.85825812727933,212.431884765625,39471600
2017-07-14 00:00:00-04:00,212.43186492959558,213.77901345016744,212.33626049879845,213.42266845703125,60262700
2017-07-17 00:00:00-04:00,213.34443047246788,213.7268481601751,213.22275332290783,213.39657592773438,33531900
2017-07-18 00:00:00-04:00,212.98811662584762,213.56174324120425,212.64915785528538,213.5095977783203,42742500
2017-07-19 00:00:00-04:00,213.8224585033008,214.6741985738077,213.81375875263902,214.66551208496094,51034300
2017-07-20 00:00:00-04:00,214.91756003256464,215.03923718954388,214.21356981991232,214.76112365722656,47135200
2017-07-21 00:00:00-04:00,214.18749805873117,214.59598850082523,213.96151672202305,214.56991577148438,82340800
2017-07-24 00:00:00-04:00,214.49162946961616,214.65676555442158,214.04837992235852,214.51771545410156,46622300
2017-07-25 00:00:00-04:00,215.265183138537,215.36948730652418,214.81324703724425,215.03921508789062,54915600
2017-07-26 00:00:00-04:00,215.32602409893403,215.36078331303545,214.78717007857182,215.0478973388672,47575400
2017-07-27 00:00:00-04:00,215.50853633663485,215.54329554910623,213.52691641862165,214.84799194335938,70766600
2017-07-28 00:00:00-04:00,214.37001170050198,214.72635669145512,213.91807554115323,214.5959930419922,50088400
2017-07-31 00:00:00-04:00,214.99580262225925,215.09140706086657,214.26573959752176,214.47433471679688,65838700
2017-08-01 00:00:00-04:00,215.0740392342521,215.10879845738904,214.43088088077172,214.95236206054688,55050400
2017-08-02 00:00:00-04:00,215.08266757439077,215.19565822721768,214.12662342388683,215.0565948486328,47211200
2017-08-03 00:00:00-04:00,214.9436210594324,214.9696937872359,214.36130803546263,214.63943481445312,40856000
2017-08-04 00:00:00-04:00,215.1261677878745,215.36082236469053,214.64814562096288,215.0305633544922,60191800
2017-08-07 00:00:00-04:00,215.1001303399262,215.43038940429688,214.99582613797162,215.43038940429688,31995000
2017-08-08 00:00:00-04:00,215.11747386415053,216.3342588003273,214.5264742685518,214.9001922607422,61719400
2017-08-09 00:00:00-04:00,214.21360766535665,214.94367073621333,213.85726262059882,214.8915252685547,62632600
2017-08-10 00:00:00-04:00,214.05711915685916,214.18749606416483,211.8060851326242,211.8582305908203,120479500
2017-08-11 00:00:00-04:00,212.08417688094036,212.76209424910257,211.8495090960186,212.17108154296875,74869900
2017-08-14 00:00:00-04:00,213.448761845484,214.491710933965,213.4140026226554,214.27442932128906,73291900
2017-08-15 00:00:00-04:00,214.65684253490522,214.67422877685988,213.94416575656814,214.24835205078125,55242700
2017-08-16 00:00:00-04:00,214.76985074420944,215.16965477089622,214.1962240692398,214.62210083007812,56715500
2017-08-17 00:00:00-04:00,214.01364977380297,214.32653575018128,211.27589416503906,211.27589416503906,128490400
2017-08-18 00:00:00-04:00,211.1108015904025,212.23198209604297,210.50241575027266,210.9456787109375,136748000
2017-08-21 00:00:00-04:00,210.88481073859253,211.37151935817374,210.18082053799722,211.11077880859375,65469700
2017-08-22 00:00:00-04:00,211.6930974516388,213.47479574199497,211.6757112124789,213.318359375,63140100
2017-08-23 00:00:00-04:00,212.35364773887312,212.97941978670568,212.205897847276,212.5535430908203,50203800
2017-08-24 00:00:00-04:00,212.93597944081628,213.09241583554956,211.84957138244476,212.05816650390625,50741700
2017-08-25 00:00:00-04:00,212.8490428740146,213.46612843239413,212.40579319922318,212.5535430908203,64445900
2017-08-28 00:00:00-04:00,213.0837237566261,213.10979648839782,212.14506562739396,212.562255859375,40565600
2017-08-29 00:00:00-04:00,211.24979876540687,213.06626922634067,211.13680812273213,212.8055419921875,51135700
2017-08-30 00:00:00-04:00,212.7882037622832,214.0832067852587,212.6056813953853,213.8137664794922,62030800
2017-08-31 00:00:00-04:00,214.43085140317208,215.3434367114177,213.848538347503,215.10008239746094,103803900
2017-09-01 00:00:00-04:00,215.47382858264075,215.83017361111806,215.25654696944488,215.404296875,62007000
2017-09-05 00:00:00-04:00,214.90017245863578,215.12615379291992,212.89249275003215,213.8572235107422,91398800
2017-09-06 00:00:00-04:00,214.53510430665335,214.91752194991508,214.00493680337013,214.58724975585938,57916900
2017-09-07 00:00:00-04:00,214.89152108379372,214.90890732661396,214.15275827483524,214.56124877929688,58034700
2017-09-08 00:00:00-04:00,214.2744468728575,214.7698553560106,214.06586499516635,214.30921936035156,63832800
2017-09-11 00:00:00-04:00,215.57809645054567,216.67320415146062,215.56072347185696,216.59498596191406,71364800
2017-09-12 00:00:00-04:00,216.96002648847752,217.35981720404104,216.7775041101089,217.32505798339844,56896000
2017-09-13 00:00:00-04:00,217.03821711288396,217.4640937671046,216.92522645196908,217.4293212890625,59228000
2017-09-14 00:00:00-04:00,217.10776144378448,217.55971085193482,216.93393882890064,217.35980224609375,95446300
2017-09-15 00:00:00-04:00,217.21571546411664,217.73977127387886,217.11090696769054,217.65243530273438,95432400
2017-09-18 00:00:00-04:00,218.01924704393736,218.46469641738005,217.7310103925462,218.11532592773438,46235200
2017-09-19 00:00:00-04:00,218.35988131876667,218.42102848279805,218.01051083970842,218.33367919921875,47108100
2017-09-20 00:00:00-04:00,218.42103540568147,218.52584388719498,217.41657192320085,218.41229248046875,59574100
2017-09-21 00:00:00-04:00,218.25506228819327,218.3423982399205,217.6523869124714,217.8270721435547,48211400
2017-09-22 00:00:00-04:00,217.53010193880021,218.03669842901505,217.50389982099844,217.87074279785156,51214000
2017-09-25 00:00:00-04:00,217.6175270904261,217.96691101704303,216.6829534079482,217.4253692626953,57064400
2017-09-26 00:00:00-04:00,217.85331699185963,218.0978790288707,217.32051826959304,217.5563507080078,54082000
2017-09-27 00:00:00-04:00,218.25505083053952,218.78784942033215,217.37286846929294,218.40353393554688,81001400
2017-09-28 00:00:00-04:00,218.12407725765934,218.74422526534195,218.0367412903613,218.66561889648438,44778800
2017-09-29 00:00:00-04:00,218.65682826696917,219.5128085221101,218.47341344631633,219.43418884277344,85578000
2017-10-02 00:00:00-04:00,219.6612893935846,220.38624572753906,219.48659084361725,220.38624572753906,59023000
2017-10-03 00:00:00-04:00,220.38628914782512,220.8841427959599,220.30766945379898,220.85794067382812,66810200
2017-10-04 00:00:00-04:00,220.70944693575927,221.36452661284386,220.59589552688965,221.11996459960938,55953600
2017-10-05 00:00:00-04:00,221.45186859770155,222.447589200853,221.15490233464226,222.4301300048828,63522800
2017-10-06 00:00:00-04:00,221.9846763219045,222.4650707832565,221.7226550953771,222.1768341064453,80646000
2017-10-09 00:00:00-04:00,222.40389755498163,222.46503138780173,221.54791727447073,221.80995178222656,35803100
2017-10-10 00:00:00-04:00,222.37771292417833,222.77075805290576,221.83617134486326,222.39517211914062,43057400
2017-10-11 00:00:00-04:00,222.29908992244182,222.7445526123047,222.13314760699538,222.7445526123047,47674300
2017-10-12 00:00:00-04:00,222.43013121510202,222.77950172323375,222.1768262682205,222.41265869140625,47065100
2017-10-13 00:00:00-04:00,222.8493968318015,222.9629482537238,222.4126769968777,222.68344116210938,54800400
2017-10-16 00:00:00-04:00,222.91045274543984,223.17247387701616,222.5698119467644,222.98031616210938,38221700
2017-10-17 00:00:00-04:00,222.9279734690156,223.18127840295898,222.70961358067885,223.13760375976562,31561000
2017-10-18 00:00:00-04:00,223.51318501846194,223.55685966334508,223.1638145146575,223.35597229003906,40888300
2017-10-19 00:00:00-04:00,222.57863488865067,223.4520745672181,222.1593875746752,223.41712951660156,61903800
2017-10-20 00:00:00-04:00,224.2119510702714,224.59626661827306,223.39964532969876,224.57003784179688,89176400
2017-10-23 00:00:00-04:00,224.89316747131173,224.9193695849069,223.61792686233952,223.696533203125,63915300
2017-10-24 00:00:00-04:00,224.12459043068006,224.32546446473933,223.73153197709217,224.0896453857422,66935900
2017-10-25 00:00:00-04:00,223.75767661691367,223.87122799234757,221.8535853134525,222.98031616210938,103715300
2017-10-26 00:00:00-04:00,223.59187382653388,223.8626247221904,223.14641096970772,223.26869201660156,69798000
2017-10-27 00:00:00-04:00,224.01105961565028,225.2513555999806,223.27737353607554,225.0941162109375,85562500
2017-10-30 00:00:00-04:00,224.01103797268954,224.99802890928333,223.95863373315882,224.25559997558594,54285700
2017-10-31 00:00:00-04:00,224.6311978502524,224.85830068394264,224.3080294517007,224.60499572753906,60304800
2017-11-01 00:00:00-04:00,225.38240065372474,225.72302829563802,224.53516302963726,224.90199279785156,54202700
2017-11-02 00:00:00-04:00,224.8320756098468,225.1290418553702,223.7664783028467,224.98928833007812,56449500
2017-11-03 00:00:00-04:00,225.14650410247782,225.7841245724056,224.73598644613577,225.74046325683594,59589700
2017-11-06 00:00:00-05:00,225.60942075481384,226.2208390901341,225.53955732047456,226.08982849121094,49652600
2017-11-07 00:00:00-05:00,226.1946689399576,226.52658027431363,225.4260377772938,225.93264770507812,57502200
2017-11-08 00:00:00-05:00,225.75790711573666,226.4129867363392,225.47840008035098,226.31689453125,50469600
2017-11-09 00:00:00-05:00,225.1116255581351,225.68809896409653,223.91499076764975,225.49594116210938,95085500
2017-11-10 00:00:00-05:00,225.11166087607066,225.60078505691072,224.79720867109137,225.42608642578125,59984700
2017-11-13 00:00:00-05:00,224.74473659867962,225.86273819686548,224.70979155194425,225.63563537597656,50228600
2017-11-14 00:00:00-05:00,224.83204998810425,225.21636547504622,224.0546760901173,225.11155700683594,61315200
2017-11-15 00:00:00-05:00,224.14207601909382,224.66614513383567,223.27737930569037,223.98486328125,80811500
2017-11-16 00:00:00-05:00,224.9281576360003,226.2558028958665,224.8844963178253,225.88894653320312,67777000
2017-11-17 00:00:00-05:00,225.53962613881805,225.8627945998558,225.14656756685645,225.2251739501953,75756800
2017-11-20 00:00:00-05:00,225.4697091570141,225.80159381167795,225.22512048211286,225.60943603515625,48075500
2017-11-21 00:00:00-05:00,226.3780568662347,227.26898226933415,225.57450740471495,227.08554077148438,69176800
2017-11-22 00:00:00-05:00,227.09427576911906,227.22528636639564,226.71870317183996,226.88465881347656,45033400
2017-11-24 00:00:00-05:00,227.37378827509912,227.51354180063734,227.2340347495609,227.40870666503906,27856500
2017-11-27 00:00:00-05:00,227.45242453316544,227.749390818247,227.09431107476212,227.2952117919922,52274900
2017-11-28 00:00:00-05:00,227.7580688250894,229.62721529965407,227.66197662936466,229.60101318359375,98971700
2017-11-29 00:00:00-05:00,229.7321289544472,230.26494109864657,229.0159285691106,229.46136474609375,77512100
2017-11-30 00:00:00-05:00,230.3784306347225,232.37858806797493,230.29982427167096,231.47023010253906,127894400
2017-12-01 00:00:00-05:00,231.25182442487917,231.73220543350666,227.7580668195733,230.98977661132812,164390900
2017-12-04 00:00:00-05:00,232.60572212855533,233.03369904773825,230.65794202046783,230.7103729248047,94040600
2017-12-05 00:00:00-05:00,229.8805694580078,231.59250360309943,229.74955884962907,229.8805694580078,77994500
2017-12-06 00:00:00-05:00,229.97659857098364,230.35219779582366,229.46127248952516,229.9241943359375,75898600
2017-12-07 00:00:00-05:00,230.64918518066406,230.9636106197974,229.66219423795215,230.64918518066406,77218600
2017-12-08 00:00:00-05:00,231.60124271960038,231.91566817453804,230.61425172727832,231.90695190429688,76563900
2017-12-11 00:00:00-05:00,232.605712890625,232.66686006386954,231.88076970373237,232.605712890625,83077500
2017-12-12 00:00:00-05:00,233.39180801442237,233.48790023937693,232.64066268870263,233.0162353515625,85195800
2017-12-13 00:00:00-05:00,233.2607696276706,233.69748941303737,232.90265620503862,232.99000549316406,102905400
2017-12-14 00:00:00-05:00,233.28696073833632,233.40051214201415,231.98554436904854,232.03794860839844,100666700
2017-12-15 00:00:00-05:00,233.03963870240307,234.43550291442347,232.98696660319516,233.97021484375,144610300
2017-12-18 00:00:00-05:00,235.36610742514497,235.80505949912268,235.26076321403167,235.4539031982422,83653600
2017-12-19 00:00:00-05:00,235.69970433667532,235.74358882543072,234.47940476779215,234.54965209960938,82382900
2017-12-20 00:00:00-05:00,235.51539643781595,235.56806855686088,234.12831931710755,234.4268035888672,76751500
2017-12-21 00:00:00-05:00,235.05002902454035,235.6206881078484,234.66374908730396,234.90956115722656,67032300
2017-12-22 00:00:00-05:00,234.92710689692217,234.96223055721842,234.312563403501,234.8480987548828,78720900
2017-12-26 00:00:00-05:00,234.44429552333253,234.78669100611233,234.3038544340734,234.5672149658203,45244400
2017-12-27 00:00:00-05:00,234.73397702859452,235.04124878849487,234.40915683354422,234.68130493164062,57751000
2017-12-28 00:00:00-05:00,235.18174454026212,235.20808059186288,234.79546458911238,235.16416931152344,45116100
2017-12-29 00:00:00-05:00,235.7436541678577,235.7612026099224,234.08442887700204,234.2775421142578,96007400
2018-01-02 00:00:00-05:00,235.13790107652088,235.98946937922523,234.75162101396333,235.954345703125,86655700
2018-01-03 00:00:00-05:00,236.12111810246338,237.59601759479307,236.12111810246338,237.44676208496094,90070400
2018-01-04 00:00:00-05:00,238.0876536192369,238.93043423408284,237.5082335741826,238.44757080078125,80636400
2018-01-05 00:00:00-05:00,239.23767928983673,240.15946797234622,238.7460550869637,240.0365753173828,83524000
2018-01-08 00:00:00-05:00,239.939882847017,240.6334343431567,239.6501863844003,240.4754180908203,57319200
2018-01-09 00:00:00-05:00,240.89690172182273,241.64312563339757,240.6159659541577,241.0198211669922,57254000
2018-01-10 00:00:00-05:00,240.26476683908032,240.91443403501134,239.59757799911702,240.6510467529297,69574300
2018-01-11 00:00:00-05:00,241.2041360978791,242.4068603515625,241.03733218619251,242.4068603515625,62361500
2018-01-12 00:00:00-05:00,242.67035647810275,244.15399032974705,242.37184539272397,243.98721313476562,90816100
2018-01-16 00:00:00-05:00,245.2425689643196,245.89220956615077,242.45960057454664,243.1531524658203,106555100
2018-01-17 00:00:00-05:00,244.0836267144975,245.856982994558,243.1530506991537,245.470703125,113258800
2018-01-18 00:00:00-05:00,245.35666596416098,245.77804281728476,244.56653078153596,245.0581817626953,100728000
2018-01-19 00:00:00-05:00,245.6375450366647,246.17308044433594,245.05815193414344,246.17308044433594,140920100
2018-01-22 00:00:00-05:00,245.9624044391286,248.17471313476562,245.90970554473782,248.17471313476562,91322400
2018-01-23 00:00:00-05:00,248.21858322942705,248.9911430822644,247.8937630166444,248.70144653320312,97084700
2018-01-24 00:00:00-05:00,249.34226396533919,249.93925899787192,247.42843983241525,248.60482788085938,134816100
2018-01-25 00:00:00-05:00,249.46526240327177,249.56181900601126,247.92014242735834,248.7102508544922,84587300
2018-01-26 00:00:00-05:00,249.54420197136452,251.6336176940361,249.28960231997522,251.58970642089844,107743100
2018-01-29 00:00:00-05:00,251.0191331432591,251.45808522868774,249.76373660889539,249.9217529296875,90118300
2018-01-30 00:00:00-05:00,248.09568201322094,249.9743826890042,246.884170176036,247.35824584960938,131796400
2018-01-31 00:00:00-05:00,248.20980017949023,248.71018508305838,246.4100809581383,247.4811248779297,108364800
2018-02-01 00:00:00-05:00,246.7526043421576,248.49962558295857,246.41020875484568,247.2003173828125,90102500
2018-02-02 00:00:00-05:00,245.88336854660707,246.01507559481632,241.78357140273644,241.81869506835938,173174800
2018-02-05 00:00:00-05:00,240.0628951810938,242.16985973581026,231.1609344386689,231.70523071289062,294681800
2018-02-06 00:00:00-05:00,228.20236948886597,236.77072116167997,227.11377709458372,236.2703094482422,355026800
2018-02-07 00:00:00-05:00,235.7172502975997,239.10594725573497,234.9095667392294,234.9886016845703,167376100
2018-02-08 00:00:00-05:00,235.28711910488605,235.4275869953834,226.13934532363862,226.17446899414062,246449500
2018-02-09 00:00:00-05:00,228.95741676009237,231.4243255493233,222.0395404071036,229.57196044921875,283565300
2018-02-12 00:00:00-05:00,231.61747121653497,234.40922715006334,229.71243395839974,232.943115234375,143736000
2018-02-13 00:00:00-05:00,231.74039262423426,234.0668335954932,231.1609725875507,233.5225372314453,81223600
2018-02-14 00:00:00-05:00,232.038891067794,237.03416884340766,232.03010345121902,236.67422485351562,120735700
2018-02-15 00:00:00-05:00,238.41240518393013,239.70292518687265,235.9542578113466,239.6941375732422,111200300
2018-02-16 00:00:00-05:00,239.07080319233245,241.70451496630102,239.02689192119868,239.7643280029297,160420100
2018-02-20 00:00:00-05:00,238.81623691260538,240.25601241008334,237.47304479191206,238.26315307617188,86369700
2018-02-21 00:00:00-05:00,238.70211558804763,241.17781154014494,236.98143108137657,237.07798767089844,98883700
2018-02-22 00:00:00-05:00,237.99985866174583,239.71175595438413,236.71812589843753,237.38531494140625,110511300
2018-02-23 00:00:00-05:00,238.60555670362223,241.1690216064453,238.13148100019365,241.1690216064453,92766400
2018-02-26 00:00:00-05:00,242.24014706555099,244.06620316353616,241.65196613924496,243.96961975097656,86491400
2018-02-27 00:00:00-05:00,244.1539757758523,244.8651029762562,240.861834330438,240.9232940673828,99099200
2018-02-28 00:00:00-05:00,242.02061880237406,242.46835850910344,238.1666333695874,238.482666015625,121907800
2018-03-01 00:00:00-05:00,238.27192412429704,239.81704371338597,233.5224603436801,235.01490783691406,176855100
2018-03-02 00:00:00-05:00,233.3468706278778,236.78826606877433,232.48654186128144,236.2263946533203,139083200
2018-03-05 00:00:00-05:00,235.0413262022246,239.5713155727941,234.93595518210756,238.95677185058594,97307400
2018-03-06 00:00:00-05:00,239.9312506039078,240.0102855727528,238.0700976494251,239.5625457763672,79213200
2018-03-07 00:00:00-05:00,237.40284479799493,239.82584195994448,237.20970481921924,239.4746856689453,87063500
2018-03-08 00:00:00-05:00,240.15063585578204,240.75639177769847,239.15862681019166,240.6334991455078,66901200
2018-03-09 00:00:00-05:00,242.03821028889664,244.82115173339847,241.72215083012168,244.82115173339844,113625300
2018-03-12 00:00:00-04:00,245.11086546193317,245.73416994766413,244.12759024461914,244.5138702392578,71924800
2018-03-13 00:00:00-04:00,245.67271164185843,246.17312347300873,242.32789873513437,242.93365478515625,91968900
2018-03-14 00:00:00-04:00,243.89051360543561,244.07486594797848,241.1339089147542,241.6869659423828,105895100
2018-03-15 00:00:00-04:00,242.19625089308755,242.83710390754044,240.92327889773995,241.42369079589844,83433000
2018-03-16 00:00:00-04:00,241.94980954895198,242.73428632376158,241.63251123474083,241.68539428710938,100343700
2018-03-19 00:00:00-04:00,240.93622002883185,241.86170049075108,236.7670927477109,238.41534423828125,109208400
2018-03-20 00:00:00-04:00,238.81197797211732,239.45542436621005,238.14209004943496,238.82080078125,59757300
2018-03-21 00:00:00-04:00,238.7767869849174,240.8657490816394,238.1509860168484,238.36251831054688,78709600
2018-03-22 00:00:00-04:00,236.14129640944108,236.98745229628895,232.13081823448522,232.40408325195312,148785900
2018-03-23 00:00:00-04:00,232.84473728310243,233.17085838496294,227.2565107150129,227.45042419433594,183534800
2018-03-26 00:00:00-04:00,231.0467092863797,233.9553855388046,228.64924497633498,233.67332458496094,141956100
2018-03-27 00:00:00-04:00,234.60762172890932,235.13645231917573,228.1467967301256,229.69810485839844,129941400
2018-03-28 00:00:00-04:00,229.83029701052686,231.49619395397707,227.91760350865525,229.01937866210938,146452300
2018-03-29 00:00:00-04:00,230.1564273834921,233.80551974952124,229.0282106570557,231.94570922851562,111601600
2018-04-02 00:00:00-04:00,231.41682631878385,231.9280650176336,224.47124538181424,226.93922424316406,186286300
2018-04-03 00:00:00-04:00,228.1732682393446,230.32393591836862,226.38398611035794,229.84796142578125,119956900
2018-04-04 00:00:00-04:00,226.30464403356794,233.01223907187764,226.17243637884116,232.30711364746094,123715300
2018-04-05 00:00:00-04:00,234.0611819384505,235.02195386789444,232.97705203631966,234.14053344726562,82652600
2018-04-06 00:00:00-04:00,232.18373580132868,233.67331128789823,227.40642617564995,228.92247009277344,179521200
2018-04-09 00:00:00-04:00,230.37676505100026,233.43529384498132,229.11634077565296,230.05064392089844,105442900
2018-04-10 00:00:00-04:00,232.93291826893037,234.49304931652253,231.79590552096968,233.7085723876953,103529000
2018-04-11 00:00:00-04:00,232.2278400182136,234.14053417238085,232.15733821982425,232.48345947265625,91140200
2018-04-12 00:00:00-04:00,233.80555112463333,235.33921379794384,233.6292563098291,234.39608764648438,68890500
2018-04-13 00:00:00-04:00,235.70059074735886,235.81517968292337,232.70376729661248,233.7085723876953,85079200
2018-04-16 00:00:00-04:00,235.33917858817293,236.39689352112617,234.51946430947865,235.63003540039062,63405300
2018-04-17 00:00:00-04:00,237.39279806607553,238.75019217646576,236.88158638488406,238.1508331298828,64682000
2018-04-18 00:00:00-04:00,238.59167058773116,239.12932407604146,237.86889946351178,238.32725524902344,57303900
2018-04-19 00:00:00-04:00,237.67500341890963,237.87773979272504,235.97386851737917,237.00514221191406,77655900
2018-04-20 00:00:00-04:00,236.93457291245892,237.15492797278438,234.1140173807684,234.9954376220703,99953100
2018-04-23 00:00:00-04:00,235.56835661263662,236.12365560791923,233.88484090745573,234.96017456054688,65558000
2018-04-24 00:00:00-04:00,235.98266000422277,236.20301507306138,230.29748846866164,231.79591369628906,112885500
2018-04-25 00:00:00-04:00,231.73424219844446,232.80957616985228,229.91851831376155,232.36886596679688,103840900
2018-04-26 00:00:00-04:00,233.39128417911363,235.55957054280748,232.95057403778003,234.7310333251953,67731900
2018-04-27 00:00:00-04:00,235.33922785351837,235.6389075375341,234.01709735995928,234.95140075683594,57053600
2018-04-30 00:00:00-04:00,235.56834497682607,236.1236439446799,233.07391102580115,233.14443969726562,82182300
2018-05-01 00:00:00-04:00,232.58037107286572,233.66452772924058,231.02906273180506,233.5587615966797,74203400
2018-05-02 00:00:00-04:00,233.36480513816895,234.17569660455436,231.60196485617357,231.9897918701172,86368900
2018-05-03 00:00:00-04:00,231.16126305069108,232.13080372140743,228.3318849297842,231.4785614013672,136311500
2018-05-04 00:00:00-04:00,230.50901174745036,235.15411363285418,230.18289056208346,234.47540283203125,91222100
2018-05-07 00:00:00-04:00,235.24221997236103,236.23820207584941,234.55468648152564,235.26866149902344,55304900
2018-05-08 00:00:00-04:00,234.89845322694333,235.6300200638076,233.70853072952212,235.26866149902344,67499200
2018-05-09 00:00:00-04:00,235.93863961013147,237.86895271124584,235.41860472838565,237.54283142089844,59666100
2018-05-10 00:00:00-04:00,238.28316684656053,240.09009464765438,238.17740071163087,239.76394653320312,72063900
2018-05-11 00:00:00-04:00,239.88734702869564,240.75994449971634,239.37610820211677,240.4955291748047,59871500
2018-05-14 00:00:00-04:00,240.92746691331217,241.57970945043496,240.06366517318418,240.61016845703125,54790600
2018-05-15 00:00:00-04:00,239.3848901863238,239.40250890537564,238.00987693366224,238.9530029296875,87036100
2018-05-16 00:00:00-04:00,238.98829921102723,240.4161957105122,238.96183078069996,239.9578399658203,53942600
2018-05-17 00:00:00-04:00,239.69339057117915,240.83043006232478,238.97944242294543,239.75509643554688,56536400
2018-05-18 00:00:00-04:00,239.41144224161067,239.77282789007,238.80325991844984,239.15582275390625,64368000
2018-05-21 00:00:00-04:00,240.6365285554006,241.49150719389405,240.2487015297659,240.95382690429688,58025900
2018-05-22 00:00:00-04:00,241.47384280155237,241.7294621619401,239.95779915524992,240.28392028808594,52966400
2018-05-23 00:00:00-04:00,239.01466133209374,240.97141471059587,238.85598529690526,240.9449462890625,64694200
2018-05-24 00:00:00-04:00,240.5484167533651,240.8216548938382,238.67098721482813,240.45144653320312,76043800
2018-05-25 00:00:00-04:00,239.87852478027344,240.50432564990533,239.3761087629519,239.87852478027344,56374800
2018-05-29 00:00:00-04:00,238.25669904659816,239.01473442804837,236.0090882306861,237.11965942382812,115908600
2018-05-30 00:00:00-04:00,238.4241367905371,240.72463033760636,238.3536350180888,240.28392028808594,69678400
2018-05-31 00:00:00-04:00,239.87843075938645,240.1781103104658,238.21256106385695,238.81192016601562,93519900
2018-06-01 00:00:00-04:00,240.10769344433027,241.45626535039463,240.0371647610212,241.15658569335938,71258400
2018-06-04 00:00:00-04:00,241.97629276170582,242.5580333367851,241.73831898505043,242.3024139404297,45385200
2018-06-05 00:00:00-04:00,242.43464209387946,242.8577335202975,241.66781073878218,242.47872924804688,51135000
2018-06-06 00:00:00-04:00,243.08689252902062,244.61173231021175,242.46988760909116,244.50596618652344,62732200
2018-06-07 00:00:00-04:00,244.99079207863485,245.2816489527639,243.57169135650165,244.47955322265625,72969400
2018-06-08 00:00:00-04:00,244.02120112053123,245.2551840883835,243.85372912145007,245.20230102539062,72139700
2018-06-11 00:00:00-04:00,245.42267624813843,246.24239069067596,245.30808730263703,245.5284423828125,58892500
2018-06-12 00:00:00-04:00,245.9427380122248,246.20715337794084,245.20234808940336,245.84579467773438,72329000
2018-06-13 00:00:00-04:00,246.083714726765,246.33933412363743,244.85852770279948,245.06126403808594,79070600
2018-06-14 00:00:00-04:00,245.92509556733162,246.20712963062033,245.0877354919689,245.6782989501953,77097600
2018-06-15 00:00:00-04:00,244.895603562976,245.70130092797672,243.7888808670294,245.36485290527344,120041600
2018-06-18 00:00:00-04:00,243.91286819163997,244.98419542815554,243.43478334616947,244.8602294921875,52917600
2018-06-19 00:00:00-04:00,242.59362460653927,244.14303644252993,242.17749577551783,243.92169189453125,97531500
2018-06-20 00:00:00-04:00,244.60338642311115,245.0018173571571,244.00133582821002,244.33778381347656,53785500
2018-06-21 00:00:00-04:00,244.32891207392933,244.34663692695875,242.31025125886632,242.80606079101562,71061400
2018-06-22 00:00:00-04:00,244.06330844702353,244.17841191285814,243.0274042741051,243.24874877929688,54898500
2018-06-25 00:00:00-04:00,242.09779424744752,242.25715582365535,238.2552564656156,239.93746948242188,137854200
2018-06-26 00:00:00-04:00,240.50414217516678,241.31867497111477,239.7515653170251,240.46871948242188,68547400
2018-06-27 00:00:00-04:00,241.0530619154473,242.47850775660206,238.3260821033997,238.4766082763672,105110700
2018-06-28 00:00:00-04:00,238.4235078556914,240.60153070616383,237.71518906963607,239.84011840820312,76650500
2018-06-29 00:00:00-04:00,240.92915464242017,242.29264488028508,240.0703365537109,240.18544006347656,97592500
2018-07-02 00:00:00-04:00,238.61829634130885,240.85830219113393,238.3792269257358,240.69891357421875,63554800
2018-07-03 00:00:00-04:00,241.59310330365744,241.69050893899274,239.42394330078528,239.84890747070312,42187100
2018-07-05 00:00:00-04:00,240.97343328577176,241.86764703064435,239.90210604648493,241.8056640625,56925900
2018-07-06 00:00:00-04:00,241.83226003568575,244.22276541387367,241.4515268031284,243.85092163085938,66493700
2018-07-09 00:00:00-04:00,244.8513799026031,246.09976665933533,244.807121791495,246.04664611816406,50550400
2018-07-10 00:00:00-04:00,246.49811917960713,247.0293514416216,246.20592927668127,246.93194580078125,51966800
2018-07-11 00:00:00-04:00,245.38256069839704,246.17056025929276,244.82476811387056,245.12579345703125,77054700
2018-07-12 00:00:00-04:00,246.3829637811254,247.4011429739848,245.7809132868629,247.3480224609375,60124700
2018-07-13 00:00:00-04:00,247.17103350001074,247.84390253014723,246.71948199088973,247.54287719726562,48216000
2018-07-16 00:00:00-04:00,247.58707121314117,247.72870788977002,246.8787527320604,247.32144165039062,48201000
2018-07-17 00:00:00-04:00,246.55124995828604,248.71157476595965,246.49812943183477,248.32200622558594,52315500
2018-07-18 00:00:00-04:00,248.40159515450185,248.95052507123103,247.95890625138654,248.8442840576172,44593500
2018-07-19 00:00:00-04:00,248.18037940734067,248.56108557675034,247.42780247784685,247.90591430664062,61412100
2018-07-20 00:00:00-04:00,247.7022699136115,248.3309079420703,247.46322750676137,247.62258911132812,82337700
2018-07-23 00:00:00-04:00,247.41894365871448,248.28659698414955,247.07363319847968,248.08297729492188,47047600
2018-07-24 00:00:00-04:00,249.49071794855155,250.17244940108057,248.46367604604748,249.33132934570312,68026900
2018-07-25 00:00:00-04:00,249.08341911238333,251.7749762113117,249.03916101342188,251.4562530517578,78882900
2018-07-26 00:00:00-04:00,250.73905246712084,251.54472264436467,250.64164684001761,250.8629913330078,57919500
2018-07-27 00:00:00-04:00,251.19056669837929,251.28797232154227,248.24227005963422,249.16307067871094,76768700
2018-07-30 00:00:00-04:00,249.24274438650986,249.4021059257977,247.33916026207643,247.86155700683594,63742500
2018-07-31 00:00:00-04:00,248.62303289486857,249.6943328768987,248.24232678004086,249.0834197998047,68570500
2018-08-01 00:00:00-04:00,249.28705758708554,249.79172959266052,248.0209733790744,248.6672821044922,53853300
2018-08-02 00:00:00-04:00,247.36579266220008,250.19012385564247,247.16214597845703,250.0219268798828,63426400
2018-08-03 00:00:00-04:00,250.14585496093795,251.14633646287567,249.96876854623287,251.0932159423828,53935400
2018-08-06 00:00:00-04:00,251.12864477115582,252.3238835310707,250.73907626495154,252.01402282714844,39400900
2018-08-07 00:00:00-04:00,252.67810121530914,253.22703138431552,252.54527286766023,252.84629821777344,43196600
2018-08-08 00:00:00-04:00,252.67814109609557,253.13852811253292,252.2797100294611,252.74009704589844,42114600
2018-08-09 00:00:00-04:00,252.80201123908088,253.19157976992932,252.26194356016575,252.39474487304688,35717000
2018-08-10 00:00:00-04:00,250.9604109905374,251.5004786142231,249.99532516990476,250.70364379882812,77076000
2018-08-13 00:00:00-04:00,250.9781155764383,251.58902858924932,249.47296209162405,249.76515197753906,65732900
2018-08-14 00:00:00-04:00,250.49121809619365,251.5979408721001,250.10164951750664,251.35887145996094,43842000
2018-08-15 00:00:00-04:00,250.01304372685388,250.15470744907108,248.04750348792777,249.4818115234375,102925400
2018-08-16 00:00:00-04:00,250.91616596894616,252.36819912554938,250.88074327694193,251.50051879882812,69967900
2018-08-17 00:00:00-04:00,251.2969003032694,252.82861442412454,250.88963386809417,252.38592529296875,65618500
2018-08-20 00:00:00-04:00,252.83743639827378,253.19158224261395,252.38588491047236,252.9259796142578,39807500
2018-08-21 00:00:00-04:00,253.43943848945128,254.37793695600215,252.96132683039625,253.5191192626953,67272000
2018-08-22 00:00:00-04:00,253.11188513982498,253.8910221589118,252.84625550899398,253.36865234375,44993300
2018-08-23 00:00:00-04:00,253.19157287482844,254.05039070086602,252.71346114188097,253.03221130371094,49204900
2018-08-24 00:00:00-04:00,253.60769270562974,254.69671744235123,253.55457218379885,254.5550537109375,57487400
2018-08-27 00:00:00-04:00,255.75035100152513,256.6711519566475,255.5909893995617,256.5649108886719,57072400
2018-08-28 00:00:00-04:00,257.0252026557289,257.1314707039436,256.22836792145466,256.68878173828125,46943500
2018-08-29 00:00:00-04:00,256.90136255603954,258.3002483366861,256.66232014973934,258.070068359375,61485500
2018-08-30 00:00:00-04:00,257.59198471514225,257.9638284989663,256.43214121387564,257.02532958984375,61229500
2018-08-31 00:00:00-04:00,256.61805079345055,257.47686885054827,256.1311035219384,257.0341796875,66140800
2018-09-04 00:00:00-04:00,256.61805196833916,256.9456376273583,255.59100986301283,256.59149169921875,57594400
2018-09-05 00:00:00-04:00,256.23728113360505,256.4409278252253,254.89151613831157,255.9008331298828,72452400
2018-09-06 00:00:00-04:00,256.007069863912,256.3080951728007,254.1035123702836,255.13055419921875,65909900
2018-09-07 00:00:00-04:00,254.0858507118014,255.6087023274441,253.84678130041397,254.63478088378906,73524800
2018-09-10 00:00:00-04:00,255.64408158618681,255.90971124627146,254.88266933705808,255.07745361328125,50210900
2018-09-11 00:00:00-04:00,254.4311955973622,256.3613140937847,254.08591205919015,255.9186248779297,50530500
2018-09-12 00:00:00-04:00,255.92742451264513,256.58259574508,255.1925724832599,255.9805450439453,59810800
2018-09-13 00:00:00-04:00,257.0429214397845,257.6803946160753,256.7595940237465,257.49444580078125,51034200
2018-09-14 00:00:00-04:00,257.6980883432781,257.8840101360217,256.75958993473887,257.5387268066406,55079900
2018-09-17 00:00:00-04:00,257.48563159353705,257.52102725876375,255.9007974379103,256.1752624511719,68244000
2018-09-18 00:00:00-04:00,256.38777016818403,258.15852631195645,256.36120990681127,257.5653381347656,61930400
2018-09-19 00:00:00-04:00,257.61843821443676,258.25591145639254,257.4944723248046,257.83978271484375,49080600
2018-09-20 00:00:00-04:00,259.0971818947862,260.2481631577569,257.8576303566848,259.9294128417969,100360600
2018-09-21 00:00:00-04:00,260.6701942475922,260.78581879458903,259.5317810140974,259.6918640136719,105479700
2018-09-24 00:00:00-04:00,259.11358938939173,259.2558943379939,258.25088429854327,258.8289794921875,53409600
2018-09-25 00:00:00-04:00,259.28270927831363,259.38943125963567,258.3488647998379,258.5889892578125,44370000
2018-09-26 00:00:00-04:00,258.73137442985745,259.9142462784833,257.3972949662459,257.8153076171875,79739700
2018-09-27 00:00:00-04:00,258.2865870236804,259.6206660004718,258.0108795398294,258.5356140136719,59249500
2018-09-28 00:00:00-04:00,257.9131161804193,259.0604320703618,257.877560271739,258.5623779296875,70091400
2018-10-01 00:00:00-04:00,259.7984234766992,260.52772620770645,258.79344051350586,259.4604797363281,62078900
2018-10-02 00:00:00-04:00,259.3092956542969,260.020793366136,258.9357688552456,259.3092956542969,47258200
2018-10-03 00:00:00-04:00,260.35885464256023,260.77686715736866,259.09594169443756,259.4516906738281,64694600
2018-10-04 00:00:00-04:00,258.9713814326385,259.02474241561276,255.84075281656695,257.4238586425781,111545900
2018-10-05 00:00:00-04:00,257.6462100766158,258.1620419692603,254.56003983967008,255.98306274414062,105951700
2018-10-08 00:00:00-04:00,255.29821821295369,256.3388116847822,253.91968088975355,255.98306274414062,87742200
2018-10-09 00:00:00-04:00,255.6005758932085,256.907946849449,255.04913394590037,255.6094512939453,74339000
2018-10-10 00:00:00-04:00,255.10259051241061,255.17375659636278,247.14260159596967,247.51612854003906,214731000
2018-10-11 00:00:00-04:00,246.43100839323338,248.04969708215216,240.45433466191096,242.06414794921875,274840500
2018-10-12 00:00:00-04:00,246.15534704015607,246.43995706680374,242.24205417042162,245.4260711669922,183186500
2018-10-15 00:00:00-04:00,245.0703043529026,246.39550796513305,243.95857183970327,244.04751586914062,102263700
2018-10-16 00:00:00-04:00,246.00425407612462,249.75746531832138,245.5328804265037,249.3839111328125,118255800
2018-10-17 00:00:00-04:00,249.41939640534218,250.0508528260985,246.8579605429045,249.4282989501953,110626000
2018-10-18 00:00:00-04:00,248.49448289152238,249.090383549691,244.5545087926348,245.82632446289062,134557500
2018-10-19 00:00:00-04:00,246.47556569491306,248.40551826556748,244.99918156304307,245.69290161132812,139901600
2018-10-22 00:00:00-04:00,246.35991149336718,246.68007741159767,244.05640510863475,244.5900421142578,82415800
2018-10-23 00:00:00-04:00,240.97916660583792,244.4655448019636,238.89797931644497,243.34490966796875,146352700
2018-10-24 00:00:00-04:00,243.09582507216817,243.478281619658,235.42044790269816,235.97186279296875,177806700
2018-10-25 00:00:00-04:00,237.8040420361195,241.74401565139752,236.78125352573443,240.2053680419922,138061500
2018-10-26 00:00:00-04:00,236.5055661327389,241.0236356256426,233.2770902132027,235.98080444335938,201574600
2018-10-29 00:00:00-04:00,239.06692370520128,240.35654414200332,231.1069360307844,234.67335510253906,160749100
2018-10-30 00:00:00-04:00,234.50440300293118,238.46215415518796,234.01522445024443,238.15086364746094,157116000
2018-10-31 00:00:00-04:00,240.71232751034958,243.0069587045786,240.2409539924511,240.69454956054688,128296300
2018-11-01 00:00:00-04:00,241.55726602534855,243.4516627284058,240.4722139163721,243.25599670410156,99495000
2018-11-02 00:00:00-04:00,244.35878577669246,244.7857007968148,239.76955109252017,241.81515502929688,122634100
2018-11-05 00:00:00-05:00,242.30440991225117,243.70075294133537,241.33498208560187,243.1493377685547,65622500
2018-11-06 00:00:00-05:00,243.0869671464693,244.84793390433546,243.0247036177618,244.68785095214844,60085900
2018-11-07 00:00:00-05:00,246.85799876173513,250.00643309191767,246.43108367126504,249.9263916015625,102752100
2018-11-08 00:00:00-05:00,249.12587426965408,250.11310674373306,248.3343349233927,249.47274780273438,65584900
2018-11-09 00:00:00-05:00,248.16546054761142,248.35222407263922,245.6307041402837,247.03594970703125,98812600
2018-11-12 00:00:00-05:00,246.52888040043038,246.76900482293735,241.90406285226152,242.419921875,99673600
2018-11-13 00:00:00-05:00,242.88243618622874,244.8746522778252,241.24596909071613,241.96636962890625,98176600
2018-11-14 00:00:00-05:00,243.83400223194454,244.23420953718542,238.75561716262624,240.31204223632812,125335900
2018-11-15 00:00:00-05:00,239.04918691779187,243.28267329833074,237.47498334426214,242.82017517089844,135101400
2018-11-16 00:00:00-05:00,241.72621869757143,244.3587935506492,241.21035963910745,243.45162963867188,126668000
2018-11-19 00:00:00-05:00,242.846782611707,243.14029512611222,238.41765868432543,239.33372497558594,103061700
2018-11-20 00:00:00-05:00,236.00744722346693,237.4660532377612,234.04191183572692,234.9046173095703,136021300
2018-11-21 00:00:00-05:00,236.45211321876684,237.59942858521316,235.6961569464699,235.7050323486328,75563700
2018-11-23 00:00:00-05:00,234.06861109703652,235.527217228284,233.97079166091788,234.13087463378906,42807900
2018-11-26 00:00:00-05:00,236.38100636061282,238.1330978393555,235.98967435527595,237.91075134277344,79981400
2018-11-27 00:00:00-05:00,236.87903362796823,238.71116638183594,236.27425773952518,238.71116638183594,75502400
2018-11-28 00:00:00-05:00,239.77848590009825,244.20761108398438,238.6489482392209,244.20761108398438,127629600
2018-11-29 00:00:00-05:00,243.43382912733134,245.07029607445224,242.29541615794696,243.67398071289062,82346400
2018-11-30 00:00:00-05:00,243.52277377138495,245.71955823450747,243.2026078457021,245.15924072265625,98204200
2018-12-03 00:00:00-05:00,249.27720225624412,249.38392427432314,246.81361186586318,248.4055938720703,103176300
2018-12-04 00:00:00-05:00,247.57839310389085,248.00530818364757,240.04529209231492,240.35658264160156,177986000
2018-12-06 00:00:00-05:00,236.50562517511156,240.10762896031346,233.4105509709225,239.99200439453125,204185400
2018-12-07 00:00:00-05:00,239.65395115076464,241.2192792431404,233.57945653094646,234.4154815673828,161018900
2018-12-10 00:00:00-05:00,234.23758739782187,235.82959594381217,230.01300388121976,234.86016845703125,151445900
2018-12-11 00:00:00-05:00,238.05307539835013,238.2398388706836,233.44606213473483,234.91354370117188,121504400
2018-12-12 00:00:00-05:00,237.88409498741427,239.24485459889894,236.0163787982232,236.09642028808594,97976700
2018-12-13 00:00:00-05:00,237.03916121383372,237.90186677142725,234.90464011376045,236.01637268066406,96662700
2018-12-14 00:00:00-05:00,233.87293341160515,234.8245829393611,231.10695599803614,231.6583709716797,116961100
2018-12-17 00:00:00-05:00,230.70673052985472,231.81846306627645,225.4860388815235,227.11361694335938,165492300
2018-12-18 00:00:00-05:00,228.75010114550832,229.41714067784332,225.26369591406458,226.86459350585938,134515100
2018-12-19 00:00:00-05:00,226.9446197617869,230.70671867180351,221.76840039515483,223.4671173095703,214992800
2018-12-20 00:00:00-05:00,222.22201009148066,223.78732473209402,217.58830256839778,219.82955932617188,252053400
2018-12-21 00:00:00-05:00,220.72860171340417,223.3855045339363,214.6812341608542,215.32533264160156,255345600
2018-12-24 00:00:00-05:00,213.84040289872803,215.4506496717276,209.57326601303907,209.63587951660156,147311600
2018-12-26 00:00:00-05:00,211.09396462178614,220.2276153564453,209.11693755623702,220.2276153564453,218485400
2018-12-27 00:00:00-05:00,216.998192653221,222.115175702482,213.7687595647507,221.9183807373047,186267300
2018-12-28 00:00:00-05:00,223.26923912477056,224.89736734289866,220.46919984471873,221.6321563720703,153100200
2018-12-31 00:00:00-05:00,223.2512997725202,223.81488933145144,221.3816315423611,223.57334899902344,144299400
2019-01-02 00:00:00-05:00,220.0487217817502,224.72738367473102,220.02188548142522,223.8059539794922,126925200
2019-01-03 00:00:00-05:00,222.06151737501295,222.36568485027112,217.9822360854176,218.46531677246094,144140700
2019-01-04 00:00:00-05:00,221.48897390263343,226.42705742914634,221.11325208488387,225.782958984375,142628800
2019-01-07 00:00:00-05:00,226.05137509532184,228.96770037116784,225.15679528246304,227.56321716308594,103139100
2019-01-08 00:00:00-05:00,229.74599353972656,230.18432891084558,227.2232719214142,229.7012481689453,102512600
2019-01-09 00:00:00-05:00,230.40796876553281,231.61565694335764,229.18239882003667,230.77474975585938,95006600
2019-01-10 00:00:00-05:00,229.2449965104731,231.8392721108213,228.56510722057578,231.5887908935547,96823900
2019-01-11 00:00:00-05:00,230.51525285614454,231.70505895084622,229.9337816062925,231.67822265625,73858100
2019-01-14 00:00:00-05:00,229.78172036067835,231.06991726630778,229.37917589042223,230.26480102539062,70908200
2019-01-15 00:00:00-05:00,230.6405836982719,233.2169780367859,230.63162916363206,232.90386962890625,85208300
2019-01-16 00:00:00-05:00,233.33322893857783,234.3530629785704,233.1274930641431,233.46743774414062,77636700
2019-01-17 00:00:00-05:00,232.59969924486884,236.09750948945432,232.55495387525625,235.2386932373047,96118400
2019-01-18 00:00:00-05:00,237.0457750313044,238.83493470526588,235.2744971259349,238.36973571777344,127900300
2019-01-22 00:00:00-05:00,236.9025962600359,237.11728664606434,233.53896794342953,235.14920043945312,115531200
2019-01-23 00:00:00-05:00,236.17800390992494,236.87577500924823,233.18115634601335,235.64125061035156,86030300
2019-01-24 00:00:00-05:00,235.46235613492826,236.34800875620095,234.4514765300922,235.76651000976562,59204100
2019-01-25 00:00:00-05:00,237.60932299896712,238.58443898655247,235.86490880279874,237.76141357421875,96883400
2019-01-28 00:00:00-05:00,235.62340130094339,236.01699132108016,234.19206807171742,235.9543914794922,85613700
2019-01-29 00:00:00-05:00,236.09749501004995,236.66105730917477,234.80929801123665,235.64125061035156,66136300
2019-01-30 00:00:00-05:00,237.15310270700996,240.2125502350187,236.3927044417232,239.37164306640625,92473700
2019-01-31 00:00:00-05:00,239.3090246230662,241.9569728947139,239.09430693048517,241.47389221191406,104012100
2019-02-01 00:00:00-05:00,241.67068833626018,242.61001335424547,240.80294497890085,241.59017944335938,85782500
2019-02-04 00:00:00-05:00,241.6349691969302,243.35257465629314,240.96403425662496,243.28994750976562,60744800
2019-02-05 00:00:00-05:00,243.71932746285626,244.61390727961893,243.2183649495019,244.30975341796875,79552800
2019-02-06 00:00:00-05:00,244.03244678910357,244.52445479019647,243.25416668172613,243.98770141601562,58347800
2019-02-07 00:00:00-05:00,242.37736530681573,242.92304568274858,240.00673515651917,241.66171264648438,95482000
2019-02-08 00:00:00-05:00,240.41833753894525,242.05540667168086,239.59531205500326,241.95701599121094,75788900
2019-02-11 00:00:00-05:00,242.6100733987666,242.8694819066253,241.56340293120226,242.09120178222656,68021400
2019-02-12 00:00:00-05:00,243.70135192977918,245.57994698185766,243.62977028375013,245.20423889160156,72270200
2019-02-13 00:00:00-05:00,246.03623333401944,246.84134953696977,245.61577981797595,246.0004425048828,65277200
2019-02-14 00:00:00-05:00,244.91801968992252,246.5819520637004,244.1039489183974,245.45477294921875,83234400
2019-02-15 00:00:00-05:00,247.22608897461075,248.16541425333372,247.02035306911316,248.12962341308594,97088700
2019-02-19 00:00:00-05:00,247.33340539822623,249.21200092876802,247.32445086509222,248.55897521972656,59120800
2019-02-20 00:00:00-05:00,248.52322892328903,249.51622676490462,248.02226638531727,249.0599822998047,76610800
2019-02-21 00:00:00-05:00,248.4247976342912,248.7826240600063,247.21710955964718,248.17431640625,64214700
2019-02-22 00:00:00-05:00,248.79155411176745,249.90977876755096,248.15641015139627,249.71299743652344,78114600
2019-02-25 00:00:00-05:00,251.13537861516554,251.65422284883292,249.97240858043799,250.05291748046875,69030700
2019-02-26 00:00:00-05:00,249.7040206033896,250.75066349950507,249.49825745695466,249.87399291992188,56844100
2019-02-27 00:00:00-05:00,249.15829721146872,250.1155039234547,248.2279540955296,249.76663208007812,56921600
2019-02-28 00:00:00-05:00,249.5519796714006,249.99034234875845,248.97946278114267,249.30149841308594,69268300
2019-03-01 00:00:00-05:00,250.87592925092025,251.26954649667508,249.4267145280981,250.85804748535156,78880500
2019-03-04 00:00:00-05:00,251.913673610794,252.155200325263,247.65546508632025,249.94558715820312,106494600
2019-03-05 00:00:00-05:00,250.0708202602486,250.26762888884477,249.05994081793222,249.60562133789062,59114600
2019-03-06 00:00:00-05:00,249.72192215208347,249.73087668536957,247.77174492415404,248.09378051757812,75039800
2019-03-07 00:00:00-05:00,247.646501244507,247.78963728117097,245.17747968817417,246.0183868408203,94885100
2019-03-08 00:00:00-05:00,244.16664605202442,245.6963700742614,243.7014743208143,245.52639770507812,85795800
2019-03-11 00:00:00-04:00,246.24204997563308,249.24782506646932,246.21521367305095,249.08680725097656,65098900
2019-03-12 00:00:00-04:00,249.64136883696645,250.54490292510243,249.45351477422585,250.02603149414062,79667500
2019-03-13 00:00:00-04:00,250.91167447017656,252.61137010400643,250.75062940771232,251.68099975585938,80639200
2019-03-14 00:00:00-04:00,251.7079194255833,252.12837303273284,251.08172993222647,251.5200653076172,67518400
2019-03-15 00:00:00-04:00,252.07072294837283,253.57123548367173,251.88201406953203,252.7625732421875,81309000
2019-03-18 00:00:00-04:00,252.97836976731972,253.97574152070632,252.75373970095887,253.67921447753906,62199800
2019-03-19 00:00:00-04:00,254.7393757034298,255.50309565216767,252.85247850277997,253.74200439453125,90268100
2019-03-20 00:00:00-04:00,253.52650522689095,254.73051920531813,251.8732310734985,252.9783935546875,84609200
2019-03-21 00:00:00-04:00,252.16076368445215,256.240026322461,252.11582121464255,255.83570861816406,79550400
2019-03-22 00:00:00-04:00,254.47888460808878,255.00001424357242,250.84885542975505,250.91175842285156,122659300
2019-03-25 00:00:00-04:00,250.57027724900775,251.75633027368409,249.46511515748892,250.72303771972656,85575200
2019-03-26 00:00:00-04:00,252.47515272202335,253.54439382873687,251.19027556711794,252.5919647216797,68125900
2019-03-27 00:00:00-04:00,252.58305708493032,253.1671172828575,249.72576878707068,251.27122497558594,72224700
2019-03-28 00:00:00-04:00,251.90011770045834,252.6728318312341,250.7500130593253,252.22357177734375,56238500
2019-03-29 00:00:00-04:00,253.73305556436193,254.13737307946633,252.60990565465173,253.8139190673828,82186800
2019-04-01 00:00:00-04:00,255.80863958619787,257.1204710295328,255.539067150015,256.8239440917969,77617900
2019-04-02 00:00:00-04:00,257.01270157304134,257.1834225886773,256.1590964948618,256.9497985839844,40070400
2019-04-03 00:00:00-04:00,258.16281915464305,258.55817021900583,256.7521359213784,257.3541564941406,68243200
2019-04-04 00:00:00-04:00,257.67761523563604,258.2886023749723,256.98576457085767,258.0370178222656,48997500
2019-04-05 00:00:00-04:00,258.70185623328587,259.33979767108934,258.4143232903756,259.285888671875,58621700
2019-04-08 00:00:00-04:00,258.8636614791043,259.59146060914446,258.2077318961907,259.483642578125,53566300
2019-04-09 00:00:00-04:00,258.52226624870707,258.8457204003386,257.6057853984204,258.15386962890625,66142300
2019-04-10 00:00:00-04:00,258.56711479989013,259.1242202855344,258.1538032388763,259.03436279296875,52601500
2019-04-11 00:00:00-04:00,259.5195414386195,259.528535413988,258.3963913438245,258.96246337890625,55093100
2019-04-12 00:00:00-04:00,260.57083310063365,260.9931386511058,259.0074168766403,260.714599609375,69727800
2019-04-15 00:00:00-04:00,260.78647484201645,260.8853263154702,259.74418819639936,260.54388427734375,49596700
2019-04-16 00:00:00-04:00,261.4244381773299,261.47834719052565,260.12157304356356,260.714599609375,52153200
2019-04-17 00:00:00-04:00,261.8287886640842,261.8557431740678,259.6633516265314,260.0766906738281,58268300
2019-04-18 00:00:00-04:00,260.6607641724938,260.85843975022857,259.3668926492603,260.5888671875,68708500
2019-04-22 00:00:00-04:00,259.8250653691345,260.9661760070736,259.7352078763909,260.81341552734375,40160100
2019-04-23 00:00:00-04:00,261.1818444505832,263.39222387949684,260.9482478452623,263.1585998535156,52246600
2019-04-24 00:00:00-04:00,263.07769295982763,263.4101409908237,262.4307574273886,262.57452392578125,50392900
2019-04-25 00:00:00-04:00,262.4757447986305,263.06877148518953,261.22681584442034,262.412841796875,57770900
2019-04-26 00:00:00-04:00,262.4577369591944,263.7066656882998,261.68499538422964,263.6347961425781,50916400
2019-04-29 00:00:00-04:00,263.72467211131345,264.56928329115584,263.634814607374,264.0481262207031,57197700
2019-04-30 00:00:00-04:00,263.7066772500253,264.47042488251304,262.29602141570473,264.1828918457031,81111700
2019-05-01 00:00:00-04:00,264.8117786461539,265.01844808882976,262.18808854617345,262.19708251953125,71671900
2019-05-02 00:00:00-04:00,262.08027190269394,262.99677972910905,260.1394656722656,261.6310119628906,65030200
2019-05-03 00:00:00-04:00,263.10463197802125,264.47037250137964,261.7388640340087,264.19183349609375,56543700
2019-05-06 00:00:00-04:00,259.8968915051246,263.54488025187277,259.5824040433734,263.1046142578125,107198100
2019-05-07 00:00:00-04:00,260.70559211160116,261.29861864665406,256.80601830897126,258.71087646484375,144729900
2019-05-08 00:00:00-04:00,258.3514709472656,260.0586535717971,257.7584444190409,258.3514709472656,91568300
2019-05-09 00:00:00-04:00,256.2848860812778,258.17175626704255,254.55072152918922,257.56976318359375,103471100
2019-05-10 00:00:00-04:00,256.6353379863347,259.6184316644171,253.65224430825242,258.8636779785156,112429300
2019-05-13 00:00:00-04:00,253.76009998975235,254.7214958134563,251.52276593072727,252.35838317871094,127290500
2019-05-14 00:00:00-04:00,253.3736322842843,256.1680435914764,253.24785374984583,254.6405487060547,77003200
2019-05-15 00:00:00-04:00,253.0143053717125,256.7701133090534,252.8076358497461,256.1321716308594,73956400
2019-05-16 00:00:00-04:00,256.83298031022184,259.8609886388919,256.76111076781007,258.5042419433594,76749600
2019-05-17 00:00:00-04:00,256.2040296890674,259.312901499198,256.1860417381828,256.8329772949219,100353000
2019-05-20 00:00:00-04:00,255.2336049280397,256.94078755040437,254.3889938816998,255.13478088378906,62877600
2019-05-21 00:00:00-04:00,256.8240743983572,257.8124523245358,256.57248978266324,257.4350891113281,46847100
2019-05-22 00:00:00-04:00,256.482621077497,257.59677743350494,256.1681335000444,256.64434814453125,49482500
2019-05-23 00:00:00-04:00,254.42491861053117,254.46983364087836,252.09775517308566,253.50843811035156,98733800
2019-05-24 00:00:00-04:00,254.9460676553149,255.35940661704134,253.46351507181586,254.08349609375,55268100
2019-05-28 00:00:00-04:00,254.3620800476199,255.3145092656679,251.70246793424027,251.72042846679688,70029400
2019-05-29 00:00:00-04:00,250.6062244273925,251.01054198780503,248.62946939652528,250.03115844726562,104972900
2019-05-30 00:00:00-04:00,250.78588930608086,251.6215336966896,249.61782434295864,250.71401977539062,62523800
2019-05-31 00:00:00-04:00,248.1712769051262,248.99790008924552,247.30867781649005,247.33563232421875,86862800
2019-06-03 00:00:00-04:00,247.37156112390167,248.48571724890928,245.37684544872747,246.7066650390625,96428000
2019-06-04 00:00:00-04:00,248.99790209790564,252.19663167059005,248.5486420183639,252.06185913085938,77231900
2019-06-05 00:00:00-04:00,253.67919765838639,254.2722242847403,251.87319069063545,254.24526977539062,71169700
2019-06-06 00:00:00-04:00,254.54178226538465,256.5724191686605,253.89484665726926,255.89852905273438,69430400
2019-06-07 00:00:00-04:00,256.9138642871934,259.53755523499956,256.74314326213107,258.4593200683594,74272200
2019-06-10 00:00:00-04:00,260.0048494610901,261.30771503792096,259.5555892512404,259.64544677734375,60799100
2019-06-11 00:00:00-04:00,261.46033152755564,261.8287280257867,258.9354924680753,259.5824279785156,58641300
2019-06-12 00:00:00-04:00,259.3488365521413,259.9059145875843,258.6120435410981,259.12420654296875,47096300
2019-06-13 00:00:00-04:00,260.03175438157257,260.5529114811726,259.33090968470435,260.1934814453125,48945200
2019-06-14 00:00:00-04:00,259.9059143066406,260.50790737500523,259.14216679214854,259.9059143066406,52324700
2019-06-17 00:00:00-04:00,260.13956380841864,260.76853892968074,259.8340702245848,260.0047912597656,39205700
2019-06-18 00:00:00-04:00,261.81980818690425,263.778575596661,261.4603781786856,262.727294921875,85434800
2019-06-19 00:00:00-04:00,262.862058449699,263.85043609708407,261.8916687545038,263.3203125,78674400
2019-06-20 00:00:00-04:00,265.9979361214567,266.2405267117123,263.38323896605675,265.836181640625,116570000
2019-06-21 00:00:00-04:00,265.56702609854386,266.82202880424734,265.2329612248102,265.44964599609375,83309500
2019-06-24 00:00:00-04:00,265.6573967423069,265.97338627298683,264.9711913645555,265.12469482421875,47582700
2019-06-25 00:00:00-04:00,265.17891396740316,265.2059995764725,262.41607162622273,262.5244140625,82028700
2019-06-26 00:00:00-04:00,263.4182718416797,263.92388825683076,262.154230803802,262.2625732421875,51584900
2019-06-27 00:00:00-04:00,263.02095353294095,263.69812121274236,262.6417550625053,263.1925048828125,40355200
2019-06-28 00:00:00-04:00,264.1676184518848,265.0434231006258,263.6529919480454,264.5468444824219,59350900
2019-07-01 00:00:00-04:00,267.8695161656501,268.08622859750477,265.74771822350516,266.9485778808594,78705600
2019-07-02 00:00:00-04:00,266.90333077615117,267.6978784773819,266.0636495912675,267.6437072753906,61504500
2019-07-03 00:00:00-04:00,268.32083097815763,269.8015837345022,268.1763652784644,269.78350830078125,40898900
2019-07-05 00:00:00-04:00,268.5556853748782,269.63916472557844,267.2645588956779,269.47662353515625,51677300
2019-07-08 00:00:00-04:00,268.1674009349462,269.2960135747465,267.454110031467,267.995849609375,45841800
2019-07-09 00:00:00-04:00,266.84028369491307,268.62798936831035,266.78611246566066,268.3300476074219,41101300
2019-07-10 00:00:00-04:00,269.39534519807506,270.5600812739369,268.8626432853066,269.6120300292969,58448500
2019-07-11 00:00:00-04:00,270.25305627246956,270.48778894864506,269.2418238255109,270.2440185546875,50826100
2019-07-12 00:00:00-04:00,270.73164779402924,271.5261956250817,270.42466841458145,271.4539489746094,40326000
2019-07-15 00:00:00-04:00,271.88738375791934,271.88738375791934,271.0386645988323,271.5442810058594,33900000
2019-07-16 00:00:00-04:00,271.4540284074998,271.6617031458477,270.3615385971301,270.66851806640625,36650100
2019-07-17 00:00:00-04:00,270.641387055438,270.8039007082595,268.8265686035156,268.8265686035156,36036300
2019-07-18 00:00:00-04:00,268.3299433311183,270.18989495674094,267.8875359461371,269.8106689453125,51392600
2019-07-19 00:00:00-04:00,270.9030568335614,270.93014242475374,268.1402163159036,268.311767578125,58678600
2019-07-22 00:00:00-04:00,268.70916240503885,269.51274797837686,268.1945358876464,268.97100830078125,43638100
2019-07-23 00:00:00-04:00,270.090607031503,270.8941650390625,269.259935864137,270.8941650390625,44564500
2019-07-24 00:00:00-04:00,270.13579386637423,272.16729736328125,270.0454993112613,272.16729736328125,47213200
2019-07-25 00:00:00-04:00,271.71578443902234,271.76995564778645,270.0634799096485,270.8670654296875,55394100
2019-07-26 00:00:00-04:00,271.55321120558057,272.8804606370098,271.4267933768651,272.68182373046875,45084100
2019-07-29 00:00:00-04:00,272.5645287849981,272.68190893290586,271.6345528760698,272.185302734375,38126500
2019-07-30 00:00:00-04:00,270.7857511266804,271.9234013772406,270.40652519182134,271.51708984375,45849000
2019-07-31 00:00:00-04:00,271.7608869474775,271.9505137105572,266.53317301954223,268.5466003417969,104245200
2019-08-01 00:00:00-04:00,268.70014633011544,271.65258755474997,265.4136125645929,266.2081604003906,142646600
2019-08-02 00:00:00-04:00,265.3142083191041,265.55797867789045,262.65067203534284,264.2036437988281,116749700
2019-08-05 00:00:00-04:00,260.113601003053,260.2219434044942,254.36219557639544,256.2582702636719,178745400
2019-08-06 00:00:00-04:00,258.1453280546701,260.0684884974278,256.67361269034296,259.8517761230469,120711700
2019-08-07 00:00:00-04:00,256.78201534695285,260.7728029003708,254.65120730275834,260.0053405761719,140572300
2019-08-08 00:00:00-04:00,261.4950674503696,265.10662841796875,260.94431762874206,265.10662841796875,87713900
2019-08-09 00:00:00-04:00,264.1677010377765,264.7636120983332,261.5222383788756,263.3009338378906,93730000
2019-08-12 00:00:00-04:00,261.80205988649254,263.2918233491414,259.1475602385619,260.0956115722656,65527600
2019-08-13 00:00:00-04:00,259.79763351897674,265.58516336808646,259.4545308129541,264.1405334472656,94299800
2019-08-14 00:00:00-04:00,260.0955384148288,260.7004593066789,256.2040845769867,256.3304748535156,135622100
2019-08-15 00:00:00-04:00,257.2154567222614,257.9016623373555,254.9672681362208,257.0077819824219,99556600
2019-08-16 00:00:00-04:00,258.6601109459989,261.2333271320565,257.06197693743957,260.7999572753906,83018300
2019-08-19 00:00:00-04:00,263.8154737214388,264.6190316225491,263.13830611256157,263.9418640136719,53571800
2019-08-20 00:00:00-04:00,263.43628262555785,263.9689845752752,261.7930432847781,261.91943359375,51596400
2019-08-21 00:00:00-04:00,264.077348056287,264.4204232030708,263.39114265467236,264.0502624511719,49524700
2019-08-22 00:00:00-04:00,264.7544706280108,265.38647715768724,262.1992762467483,263.96893310546875,51666400
2019-08-23 00:00:00-04:00,262.66887506036954,264.33019001252563,255.94233087198558,257.1883239746094,149161500
2019-08-26 00:00:00-04:00,259.37328982123614,260.03240966796875,257.84740299073746,260.03240966796875,72423800
2019-08-27 00:00:00-04:00,261.42287531434596,261.7930636581838,258.2537214211673,259.01214599609375,66668900
2019-08-28 00:00:00-04:00,258.3529896937288,260.9984511070822,257.5494042686789,260.8359375,59696700
2019-08-29 00:00:00-04:00,263.3911301931494,264.69129428520955,262.3889077432596,264.1676025390625,57899400
2019-08-30 00:00:00-04:00,265.64836826101157,265.66641614641384,263.12028660352104,264.0502624511719,62901200
2019-09-03 00:00:00-04:00,262.35278021837604,263.2646804730789,261.1790065682752,262.5062561035156,69101400
2019-09-04 00:00:00-04:00,264.6732746057014,265.5039182477998,263.9238602297381,265.4858703613281,46887300
2019-09-05 00:00:00-04:00,267.9688277765969,269.81070420416734,265.44975604997495,268.8988037109375,83258100
2019-09-06 00:00:00-04:00,269.2148152948554,269.74751727016104,268.5376475637681,269.1064453125,49584300
2019-09-09 00:00:00-04:00,270.0906319733859,270.1808989649801,268.3028991645869,269.2419128417969,51260300
2019-09-10 00:00:00-04:00,268.4834068391647,269.2418588270002,267.22840383509777,269.17864990234375,57947100
2019-09-11 00:00:00-04:00,269.48569071099945,271.17409129973674,268.8356085403277,271.09283447265625,68821100
2019-09-12 00:00:00-04:00,271.9956759928493,273.08816543274827,271.23725152228974,272.03179931640625,72908700
2019-09-13 00:00:00-04:00,272.4742538818412,272.8263943509441,271.48106896722373,271.85125732421875,62104800
2019-09-16 00:00:00-04:00,270.7225736719622,271.8963473751053,270.3704608488334,271.0115051269531,58191200
2019-09-17 00:00:00-04:00,270.81294193474486,271.78805141832373,270.6413905587591,271.6977844238281,41475500
2019-09-18 00:00:00-04:00,271.30948262871954,271.9686024312111,269.27797956454594,271.8602600097656,73375800
2019-09-19 00:00:00-04:00,272.24844412507855,273.2416287217111,271.5080676481326,271.8421325683594,76560500
2019-09-20 00:00:00-04:00,272.4444725268905,272.7256865360811,269.7686626835575,270.55780029296875,89565000
2019-09-23 00:00:00-04:00,269.89559997751627,271.21084760193804,269.6416243712935,270.4942626953125,43476800
2019-09-24 00:00:00-04:00,271.5827026529989,271.97273161522907,267.41022319495477,268.3717041015625,94869400
2019-09-25 00:00:00-04:00,268.45338400504926,270.40355684518136,266.9748722488337,269.9591064453125,71854000
2019-09-26 00:00:00-04:00,269.9681805505696,270.17678656371356,267.9907970655747,269.396728515625,56179700
2019-09-27 00:00:00-04:00,270.14955226807103,270.25842267385457,266.3943398657859,267.9454040527344,84746600
2019-09-30 00:00:00-04:00,268.4625040639401,269.8956464426555,268.41716214409126,269.1881408691406,51662400
2019-10-01 00:00:00-04:00,270.06800612770223,270.72109036382295,265.76855105398255,265.9862365722656,88242400
2019-10-02 00:00:00-04:00,264.4080394421108,264.41711890181637,259.9997403048071,261.2877502441406,122539500
2019-10-03 00:00:00-04:00,261.06081329580894,263.45546385374735,258.34871403256653,263.4282531738281,85278800
2019-10-04 00:00:00-04:00,264.0813879558739,267.2470176140269,264.0269389043035,266.9930419921875,65091200
2019-10-07 00:00:00-04:00,266.19483104942367,267.81847578384463,265.55987813972894,265.841064453125,59610500
2019-10-08 00:00:00-04:00,263.9906876592985,264.7254038708757,261.67766859806807,261.7139587402344,95708100
2019-10-09 00:00:00-04:00,263.7275882237998,265.13351958206624,263.10171486269707,264.1992492675781,62359400
2019-10-10 00:00:00-04:00,264.1176953902786,266.8660857836884,263.9544312515663,265.9862365722656,55296300
2019-10-11 00:00:00-04:00,268.7345728885581,270.9750115009524,268.61667837739276,268.74365234375,98720400
2019-10-14 00:00:00-04:00,268.42617702704035,269.09742004492904,268.0996488139588,268.4443359375,40394800
2019-10-15 00:00:00-04:00,269.4874853651235,271.8458464973218,269.3695631563232,271.10205078125,46754500
2019-10-16 00:00:00-04:00,270.6394458056109,271.35603084525394,270.2312854776649,270.6666564941406,48928200
2019-10-17 00:00:00-04:00,271.82760100086114,272.33555213753766,270.7754085945281,271.46478271484375,45736600
2019-10-18 00:00:00-04:00,270.929634312639,271.5736388782995,269.4239120539197,270.27655029296875,64304000
2019-10-21 00:00:00-04:00,271.59188362078226,272.3084410011963,271.15648490964367,272.10888671875,39048600
2019-10-22 00:00:00-04:00,272.6440336093649,272.93429940069217,271.12925918317654,271.219970703125,48594700
2019-10-23 00:00:00-04:00,270.965950615548,272.0634850874928,270.75731692201106,272.0090637207031,34352200
2019-10-24 00:00:00-04:00,272.9433722970273,273.08850518920275,271.62812449255955,272.45355224609375,35453100
2019-10-25 00:00:00-04:00,271.8820987429654,274.1134858073228,271.82767736883653,273.5692443847656,45205400
2019-10-28 00:00:00-04:00,274.7846473563298,275.61007494387354,274.7574366745982,275.1111755371094,42147000
2019-10-29 00:00:00-04:00,274.8391882309899,275.9548820296619,274.7121865401747,275.0296630859375,44284900
2019-10-30 00:00:00-04:00,275.22916703094626,276.24506964645207,273.92299861636155,275.8731994628906,49643900
2019-10-31 00:00:00-04:00,275.86406156075225,275.86406156075225,273.6871238914147,275.1383972167969,69053800
2019-11-01 00:00:00-04:00,276.58073316174546,277.73268933726877,276.41744133237114,277.6873474121094,71141500
2019-11-04 00:00:00-05:00,279.2382855082534,279.3743389032854,278.4309892289629,278.8028869628906,60606900
2019-11-05 00:00:00-05:00,279.0025497152499,279.30189498204095,278.2043325788355,278.4945983886719,42933200
2019-11-06 00:00:00-05:00,278.4945130993228,278.83012072860964,277.61466416358525,278.5580139160156,46487100
2019-11-07 00:00:00-05:00,279.89145582645773,280.87106825413883,279.06602806695554,279.5376892089844,54272300
2019-11-08 00:00:00-05:00,279.1930197495144,280.2815026770793,278.4945936077772,280.2270812988281,49032100
2019-11-11 00:00:00-05:00,278.848365987301,279.86426864392786,278.71228485760133,279.6919250488281,35797300
2019-11-12 00:00:00-05:00,280.05472917772806,281.17947453569053,279.5104877305214,280.281494140625,46484600
2019-11-13 00:00:00-05:00,279.2927585959564,280.77127035209,279.0659936684823,280.3721618652344,53917700
2019-11-14 00:00:00-05:00,280.0910183287371,280.862024736105,279.4560653623706,280.7803649902344,51219900
2019-11-15 00:00:00-05:00,282.1138019169126,282.8575977885821,281.42445511407726,282.812255859375,62023600
2019-11-18 00:00:00-05:00,282.5762710973889,283.25656578539156,282.1227413053871,283.0207214355469,49228000
2019-11-19 00:00:00-05:00,283.61947336896316,283.6285528256652,282.2951737101685,282.9391784667969,67804700
2019-11-20 00:00:00-05:00,282.3495416770167,282.86657234836355,280.3358680402715,281.8869323730469,79406200
2019-11-21 00:00:00-05:00,281.99578034720054,282.1046230732926,280.63519090852355,281.4333801269531,54664700
2019-11-22 00:00:00-05:00,282.1772178522817,282.31327128023827,281.05247260615073,282.0592956542969,44850200
2019-11-25 00:00:00-05:00,282.984501675249,284.24530029296875,282.984501675249,284.24530029296875,48647200
2019-11-26 00:00:00-05:00,284.28162866852205,285.0707663027961,283.96415218727157,284.88934326171875,37569000
2019-11-27 00:00:00-05:00,285.3700754304547,286.15924072265625,285.15238993261636,286.15924072265625,44444600
2019-11-29 00:00:00-05:00,285.59683323960326,285.84175709981287,284.87119647744976,285.09796142578125,36592700
2019-12-02 00:00:00-05:00,285.3519882399865,285.41548908041284,282.24985869193915,282.6761779785156,75767800
2019-12-03 00:00:00-05:00,279.9640166629559,280.862024736105,278.58529565869156,280.7803649902344,73941700
2019-12-04 00:00:00-05:00,281.8235621366424,283.1115718765543,281.47887489655255,282.5129089355469,49080000
2019-12-05 00:00:00-05:00,283.21122387869605,283.2293551051219,281.71455342008073,283.0207214355469,40709000
2019-12-06 00:00:00-05:00,284.9256011908763,286.00500449632267,284.9165217354681,285.60589599609375,48927000
2019-12-09 00:00:00-05:00,285.2159897889052,285.8872054277955,284.63545801808664,284.7080383300781,34838500
2019-12-10 00:00:00-05:00,284.6534664265952,285.3156022560636,283.73732732073876,284.3904113769531,52649800
2019-12-11 00:00:00-05:00,284.84392633852576,285.4516684529647,284.3087644939141,285.19769287109375,53429100
2019-12-12 00:00:00-05:00,285.20687172961357,288.43600314424464,284.97105495075266,287.65594482421875,96389600
2019-12-13 00:00:00-05:00,287.42012000138783,289.0528447364349,286.64911340549975,287.82830810546875,81503900
2019-12-16 00:00:00-05:00,289.5515664116201,290.39512519551226,287.76465789365096,289.8055419921875,82749700
2019-12-17 00:00:00-05:00,290.18655602615394,290.48587355216506,289.7874475372953,289.86907958984375,61097700
2019-12-18 00:00:00-05:00,290.2591048310666,290.4858697567159,289.8327856635954,289.88720703125,48133000
2019-12-19 00:00:00-05:00,290.07766829054526,291.14801972745664,289.8236926929126,291.075439453125,85310500
2019-12-20 00:00:00-05:00,292.1055564808797,293.4819599466499,291.1302516726063,292.3516845703125,147142100
2019-12-23 00:00:00-05:00,293.1354448960883,293.19013382059256,292.6523408513955,292.7981872558594,52990000
2019-12-24 00:00:00-05:00,293.0260982506087,293.07166308676193,292.5065255951328,292.8073425292969,20270000
2019-12-26 00:00:00-05:00,293.1901602146185,294.37515192605576,293.1810639379538,294.36602783203125,30911200
2019-12-27 00:00:00-05:00,295.0951404064096,295.14982931884344,293.76433050826716,294.2929992675781,42528800
2019-12-30 00:00:00-05:00,294.3752190438764,294.5119413986182,292.1875500985432,292.670654296875,49729100
2019-12-31 00:00:00-05:00,292.1692833540794,293.6277198137139,291.82290156546304,293.381591796875,57077300
2020-01-02 00:00:00-05:00,294.91296621198353,296.1435228475682,293.9923228046252,296.1252746582031,59151200
2020-01-03 00:00:00-05:00,292.74359626818324,295.0041745676097,292.68890732538284,293.88299560546875,77709700
2020-01-06 00:00:00-05:00,292.13287226263657,295.08621432416686,292.01437027823323,295.0041809082031,55653900
2020-01-07 00:00:00-05:00,294.43891159464124,294.9129193650481,293.72792775638845,294.1745910644531,40496400
2020-01-08 00:00:00-05:00,294.3660286722624,296.9547400028766,294.1199284891358,295.742431640625,68296000
2020-01-09 00:00:00-05:00,297.3011366636997,297.820709338136,296.71775096243204,297.7477722167969,48473300
2020-01-10 00:00:00-05:00,298.33120751452185,298.48615024274386,296.4261352089056,296.8909912109375,53029300
2020-01-13 00:00:00-05:00,297.5107715003253,298.9418355342063,297.0823563543286,298.9327392578125,47086800
2020-01-14 00:00:00-05:00,298.49524063629786,299.54348231822837,297.9209789989077,298.4770202636719,62832800
2020-01-15 00:00:00-05:00,298.3858164658878,299.9080379561586,298.3037830757557,299.1514892578125,72056600
2020-01-16 00:00:00-05:00,300.52792945323296,301.6399841308594,300.30004962435345,301.6399841308594,54050300
2020-01-17 00:00:00-05:00,302.3510080804288,302.7885196066415,301.57621099627295,302.5788879394531,95846000
2020-01-21 00:00:00-05:00,301.6217259743135,302.78846954692693,301.5488166711206,301.986328125,77742400
2020-01-22 00:00:00-05:00,302.8432196250379,303.4904184768439,301.8679149339362,302.0228576660156,48914900
2020-01-23 00:00:00-05:00,301.37561848363805,302.77936593801815,300.2635638696882,302.3691711425781,51963000
2020-01-24 00:00:00-05:00,303.0254945486543,303.1075279519649,298.39496067890184,299.6802062988281,87578400
2020-01-27 00:00:00-05:00,294.4480497017618,296.3531215152195,294.1107920443717,294.87646484375,84062500
2020-01-28 00:00:00-05:00,296.2984568633764,298.8416034600196,294.96764649476006,297.966552734375,63834000
2020-01-29 00:00:00-05:00,299.32471133178075,299.55259115613137,297.5198931086739,297.7204284667969,53888900
2020-01-30 00:00:00-05:00,295.6603946749964,298.89630496665,294.91296997027223,298.6866455078125,75491800
2020-01-31 00:00:00-05:00,298.06685040639036,298.2218209474655,292.35163365596884,293.2631530761719,113845600
2020-02-03 00:00:00-05:00,294.73976005288546,297.30112696346464,294.6212580975968,295.4416198730469,69083000
2020-02-04 00:00:00-05:00,299.0422151737549,300.8105652654087,298.72317777873883,299.9446105957031,62573200
2020-02-05 00:00:00-05:00,302.8704711762649,303.61792358805616,301.41206272649225,303.40826416015625,65951100
2020-02-06 00:00:00-05:00,304.365386197161,304.6206104661579,303.3535853975724,304.42919921875,50359700
2020-02-07 00:00:00-05:00,303.37190028539015,304.4383624299263,302.2598454793981,302.8067626953125,64139400
2020-02-10 00:00:00-05:00,301.92250576733755,305.13104324290214,301.8860372115477,305.0672302246094,42070000
2020-02-11 00:00:00-05:00,306.41633961218275,307.2002328793031,305.0672809970112,305.5959777832031,54864500
2020-02-12 00:00:00-05:00,307.02718131633657,307.77463417816665,306.66257898436754,307.56500244140625,43992700
2020-02-13 00:00:00-05:00,306.1428600443528,308.20290257264736,305.8694153801374,307.2366943359375,54501900
2020-02-14 00:00:00-05:00,307.64690946641167,307.8474448392001,306.4528213248784,307.72894287109375,64582200
2020-02-18 00:00:00-05:00,306.735347223604,307.79271287619065,305.550355525555,306.9358825683594,57226200
2020-02-19 00:00:00-05:00,307.90211788539574,309.07795777585227,307.61954912250815,308.4034423828125,48814700
2020-02-20 00:00:00-05:00,307.85646314336725,308.6768526171269,304.1556976879884,307.1363830566406,74163400
2020-02-21 00:00:00-05:00,305.7874255135602,306.0973387829116,303.1531209980254,303.9735107421875,113788200
2020-02-24 00:00:00-05:00,294.5484460794996,304.046464384972,292.81653664920486,293.89215087890625,161088400
2020-02-25 00:00:00-05:00,295.27766705130574,295.8883696171643,284.1115517394657,284.9866027832031,218913200
2020-02-26 00:00:00-05:00,286.3810972156628,289.9633610159589,283.2090281846531,283.938232421875,194773800
2020-02-27 00:00:00-05:00,278.4326260777627,283.99289834255785,271.1860656738281,271.1860656738281,284353500
2020-02-28 00:00:00-05:00,263.15566832306206,271.5325340386913,260.27526361074985,270.0467529296875,384975800
2020-03-02 00:00:00-05:00,271.8241810091955,281.80532914475464,268.40598340350584,281.74151611328125,238703600
2020-03-03 00:00:00-05:00,282.11520716459734,286.07119736155244,271.24078921564694,273.6745300292969,300139100
2020-03-04 00:00:00-05:00,279.03425638312916,285.3966704893052,276.4911099959197,285.1778869628906,176613400
2020-03-05 00:00:00-05:00,277.99522810355086,281.17642226819964,273.4649750598973,275.69818115234375,186366800
2020-03-06 00:00:00-05:00,267.2118873410211,272.3437456449538,264.5502664620457,271.1405334472656,228667200
2020-03-09 00:00:00-04:00,250.94130814535401,259.04472988247346,249.25501931805033,249.96600341796875,309417300
2020-03-10 00:00:00-04:00,259.4549092564181,262.9915813511426,249.30056924454237,262.90045166015625,276444100
2020-03-11 00:00:00-04:00,255.8634682272535,256.9937432117131,246.9123423892593,250.08441162109375,255316300
2020-03-12 00:00:00-04:00,233.34892983989002,243.0657284595874,225.76508294392715,226.15704345703125,392220700
2020-03-13 00:00:00-04:00,239.8115967480577,247.45925662714072,226.53076847464146,245.49037170410156,329566100
2020-03-16 00:00:00-04:00,219.84023822786799,234.16932404862888,216.35824141554718,218.6279296875,297240000
2020-03-17 00:00:00-04:00,223.35869921057358,233.50392810842425,216.09390266325667,230.43209838867188,262070500
2020-03-18 00:00:00-04:00,215.34645080566406,226.39406110097966,207.8446502974257,218.7646484375,327597100
2020-03-19 00:00:00-04:00,218.08099810602204,225.49165465544974,211.6730183757266,219.22950744628906,289322000
2020-03-20 00:00:00-04:00,222.37074721498362,224.14949538908877,209.50693107809147,209.78199768066406,347158800
2020-03-23 00:00:00-04:00,209.22272735900054,210.5888688079637,200.11810699641129,204.41827392578125,326025200
2020-03-24 00:00:00-04:00,214.9348708645978,223.81027088011052,214.36641010403872,222.93922424316406,235494500
2020-03-25 00:00:00-04:00,224.51625036542322,235.04203577073906,219.82183239457268,226.2766571044922,299430300
2020-03-26 00:00:00-04:00,228.77974835482536,240.9558914934752,228.34881392408727,239.48890686035156,257632800
2020-03-27 00:00:00-04:00,232.21803399813555,239.13129805518238,230.18256074726233,232.35556030273438,224341200
2020-03-30 00:00:00-04:00,234.44601489405457,240.61660815727984,232.45638865585167,239.9014434814453,171369500
2020-03-31 00:00:00-04:00,238.90211266816877,241.44185872909284,234.922859122693,236.32568359375,194881100
2020-04-01 00:00:00-04:00,227.36771002403904,236.2431083425227,223.62684104588152,225.6898193359375,189554600
2020-04-02 00:00:00-04:00,224.8096570813122,231.67707467324524,224.25952385795503,230.89773559570312,177660400
2020-04-03 00:00:00-04:00,229.91664470662855,232.26386743063676,224.83713961830722,227.56027221679688,135561200
2020-04-06 00:00:00-04:00,236.40812276656246,244.80673935456574,227.54190283658446,242.8446044921875,188061200
2020-04-07 00:00:00-04:00,251.41747622455648,252.16932399949252,242.87218203318542,243.09222412109375,201427200
2020-04-08 00:00:00-04:00,245.68696224301036,253.05867943513024,243.20222724698658,251.25242614746094,153774500
2020-04-09 00:00:00-04:00,254.50739317768844,257.8265203918572,252.5727909100661,255.0758819580078,189999200
2020-04-13 00:00:00-04:00,254.10393966346695,254.443180523553,248.8502112627236,252.7469482421875,114839100
2020-04-14 00:00:00-04:00,257.6247736197147,261.21892505517496,252.60944238232008,260.2012023925781,134143400
2020-04-15 00:00:00-04:00,254.49812350646258,260.33863855236933,252.56349416937462,254.67233276367188,121775000
2020-04-16 00:00:00-04:00,255.94694057675252,256.7537991200917,252.83873321200886,255.90110778808594,131798300
2020-04-17 00:00:00-04:00,261.65899326176117,263.4193856745287,258.9266831445482,262.81427001953125,146684800
2020-04-20 00:00:00-04:00,259.1191971166025,262.95177313986176,257.96394844153764,258.1839904785156,100109300
2020-04-21 00:00:00-04:00,253.7280752057677,254.92918511748837,249.40955259580767,250.34478759765625,126385700
2020-04-22 00:00:00-04:00,255.2134480724144,257.64317347159806,253.89313917984944,255.90110778808594,92951600
2020-04-23 00:00:00-04:00,257.17549374033564,260.33873886010645,255.58013253954968,255.8826904296875,104709700
2020-04-24 00:00:00-04:00,257.39547955712044,260.1186116006174,255.3508290930433,259.44927978515625,85063200
2020-04-27 00:00:00-04:00,261.4205849434391,264.30874873794517,260.96214535761493,263.1901550292969,77896600
2020-04-28 00:00:00-04:00,266.83019054311086,267.1786091367333,261.6773336103177,261.97991943359375,105270000
2020-04-29 00:00:00-04:00,267.2978148114988,270.36936598916276,266.27091449702925,268.8381652832031,118745600
2020-04-30 00:00:00-04:00,267.46279588157535,268.93898579069054,264.6021375509596,266.3350524902344,122901700
2020-05-01 00:00:00-04:00,261.5949198596324,266.5002313799912,258.11993829550914,259.2843933105469,125180000
2020-05-04 00:00:00-04:00,257.4046969992286,260.30203907180845,255.92853469244014,259.9994812011719,80873200
2020-05-05 00:00:00-04:00,262.81434034545913,265.20738229155137,260.1278622774751,262.4017333984375,79569900
2020-05-06 00:00:00-04:00,264.09796681903833,264.48304052192884,260.1920513755059,260.62298583984375,73632600
2020-05-07 00:00:00-04:00,263.83207158010157,265.69333581380084,263.2636107768448,263.76788330078125,75250400
2020-05-08 00:00:00-04:00,266.89434866344646,268.59975843411314,265.7665772347648,268.13214111328125,76452400
2020-05-11 00:00:00-04:00,266.2067321816507,269.56251377203523,265.7849755389823,268.18719482421875,79514200
2020-05-12 00:00:00-04:00,269.37003545665283,269.7826144420416,262.7043036007516,262.84185791015625,95870800
2020-05-13 00:00:00-04:00,262.2824804769914,263.31855852406073,255.77263209509584,258.1932067871094,144721100
2020-05-14 00:00:00-04:00,255.7635079143885,261.41146013220174,250.29888679853764,261.2831115722656,121977900
2020-05-15 00:00:00-04:00,258.89919065123917,262.53002466488874,257.95480613821377,262.48419189453125,111146300
2020-05-18 00:00:00-04:00,268.6914747602291,272.08393945209053,268.3705893815132,270.4794006347656,119703800
2020-05-19 00:00:00-04:00,269.88344074536735,271.58882289589167,267.6829359139752,267.7012634277344,95189300
2020-05-20 00:00:00-04:00,271.2312094120459,273.1108005640989,271.0019896139452,272.2489318847656,85861700
2020-05-21 00:00:00-04:00,272.1205969507901,272.9274551573874,269.2782657160711,270.3693542480469,78293900
2020-05-22 00:00:00-04:00,270.0852232989164,271.05711341057327,268.8474302756722,270.8829040527344,63958200
2020-05-26 00:00:00-04:00,276.83335693039163,277.07175449936034,270.90114681308035,274.2202453613281,88951400
2020-05-27 00:00:00-04:00,277.0075509205538,278.3370370080894,272.1939349208289,278.30035400390625,104817400
2020-05-28 00:00:00-04:00,279.3272767982314,281.3352447299404,277.1175942986496,277.78692626953125,90405200
2020-05-29 00:00:00-04:00,277.3193394971249,279.61153803025144,274.577879005406,279.0247497558594,119090800
2020-06-01 00:00:00-04:00,278.38304706724426,280.75776244841245,277.86959660542146,280.1526184082031,55758300
2020-06-02 00:00:00-04:00,281.06940446353366,282.5180897682759,279.7399459537755,282.47222900390625,74267200
2020-06-03 00:00:00-04:00,284.45263612777273,287.18494662104723,284.1775835194625,286.23138427734375,92567600
2020-06-04 00:00:00-04:00,285.2503028822557,286.98321817364206,283.3890390401753,285.4795227050781,75794400
2020-06-05 00:00:00-04:00,290.861571594763,294.56574307144007,290.79738334131844,292.7961730957031,150524700
2020-06-08 00:00:00-04:00,293.60319885897314,296.52804714326027,293.06224323015726,296.33551025390625,73641200
2020-06-09 00:00:00-04:00,293.67647298750563,296.4087837876376,292.8146040767573,294.1257629394531,77479200
2020-06-10 00:00:00-04:00,294.70338803982554,295.5927621739855,291.7693627776029,292.4845275878906,95000800
2020-06-11 00:00:00-04:00,285.5712235543959,286.20387252008595,275.0729721884442,275.6230773925781,209243600
2020-06-12 00:00:00-04:00,282.61894313978905,283.38911860299044,273.7802388403364,278.9239196777344,194678900
2020-06-15 00:00:00-04:00,273.2483818586524,282.65557322051234,272.0747773753375,281.5278015136719,135782700
2020-06-16 00:00:00-04:00,289.25708690915724,289.4037909524716,282.0962619316776,286.946533203125,137627500
2020-06-17 00:00:00-04:00,287.96425988813667,288.2576679504427,285.0210574809537,285.75457763671875,83398900
2020-06-18 00:00:00-04:00,284.2418487856552,286.341482886705,283.78340899366174,285.8647155761719,80828700
2020-06-19 00:00:00-04:00,289.32364222607004,289.5170263493881,282.2878438676283,284.2309875488281,135549600
2020-06-22 00:00:00-04:00,283.6322522922705,286.4502464708875,282.49032809295295,286.05426025390625,74649400
2020-06-23 00:00:00-04:00,288.69733429029844,289.6274664668477,286.96601139314646,287.3712158203125,68471200
2020-06-24 00:00:00-04:00,285.3359965817493,285.95302134093265,278.2081310603143,280.0407409667969,132813500
2020-06-25 00:00:00-04:00,279.46975709772886,283.3099806290678,277.4529533020281,283.04290771484375,89468000
2020-06-26 00:00:00-04:00,281.94711324330086,282.15893364058905,275.7401601235611,276.3203125,127961000
2020-06-29 00:00:00-04:00,277.5727234684733,280.51963173893165,275.2888463730119,280.3815002441406,79773300
2020-06-30 00:00:00-04:00,279.9486629348006,285.667559621828,279.7921232790596,283.9730529785156,113394800
2020-07-01 00:00:00-04:00,285.08742860608777,287.22395639224413,284.62697148514405,285.9622802734375,72396500
2020-07-02 00:00:00-04:00,289.38806675534465,290.7326217108491,286.8739889973159,287.53704833984375,69344200
2020-07-06 00:00:00-04:00,291.3496151795207,292.55601050927066,290.6036769406393,291.975830078125,61713800
2020-07-07 00:00:00-04:00,290.43791531370204,292.408657022588,288.5868688394488,288.9644470214844,82910000
2020-07-08 00:00:00-04:00,289.7288100254336,291.28515730964824,287.9698885921955,291.1746520996094,54638600
2020-07-09 00:00:00-04:00,291.78240850045916,292.0218551502653,286.1095744969354,289.5169677734375,83354200
2020-07-10 00:00:00-04:00,289.4525470058198,292.74021752489676,288.02514120267125,292.47314453125,57550400
2020-07-13 00:00:00-04:00,294.81228763297554,297.1882340667077,289.2868020526864,289.9406433105469,102997500
2020-07-14 00:00:00-04:00,288.5224361241147,294.4715626788139,287.3252587874631,293.697998046875,93657000
2020-07-15 00:00:00-04:00,296.91198050758385,297.4921610086868,294.0202961383002,296.3962707519531,87196500
2020-07-16 00:00:00-04:00,294.4991602617193,295.87131342816184,293.85450907927094,295.4200744628906,54622500
2020-07-17 00:00:00-04:00,296.4239304864982,297.0593636685046,294.4531601877359,296.2765808105469,62774900
2020-07-20 00:00:00-04:00,296.00938243299004,299.4167754994566,295.26344433587724,298.67083740234375,56308800
2020-07-21 00:00:00-04:00,300.6323928502155,301.07441359288947,298.3208896684092,299.3062744140625,57292200
2020-07-22 00:00:00-04:00,298.94711028029644,301.323084234717,298.8366050924752,301.00994873046875,57792900
2020-07-23 00:00:00-04:00,300.65081332964456,301.35071700630476,296.05546117826077,297.41839599609375,75738000
2020-07-24 00:00:00-04:00,295.56736989715625,296.52510025578465,294.001804800679,295.5028991699219,73766600
2020-07-27 00:00:00-04:00,296.19358696402725,297.8328128298591,295.4015862760953,297.6578369140625,48293000
2020-07-28 00:00:00-04:00,296.9303216498821,298.0446479275418,295.4752897615271,295.7699890136719,57495000
2020-07-29 00:00:00-04:00,296.6449108985429,299.96942614775605,296.60806645726814,299.40765380859375,48454200
2020-07-30 00:00:00-04:00,296.44227447076116,298.7537780991364,294.36102749576685,298.33935546875,61861700
2020-07-31 00:00:00-04:00,300.1259370973195,300.79821459184643,295.9173523890963,300.6968994140625,84986800
2020-08-03 00:00:00-04:00,302.3545227663099,303.5516998495723,301.8111868221174,302.787353515625,53077900
2020-08-04 00:00:00-04:00,301.9308868941844,303.9569091796875,301.9308868941844,303.9569091796875,41917900
2020-08-05 00:00:00-04:00,305.2554476092795,306.10270108517585,304.98837460760626,305.8448181152344,42697700
2020-08-06 00:00:00-04:00,305.26457778295924,308.008883470918,304.94225226748324,307.88916015625,43679400
2020-08-07 00:00:00-04:00,306.9223032635199,308.39577169944573,306.01979717179796,308.11029052734375,57308300
2020-08-10 00:00:00-04:00,308.56148325207386,309.21532440909493,306.62755797641967,309.0311584472656,44282100
2020-08-11 00:00:00-04:00,310.21000563915504,310.84543879148185,305.7527835401026,306.48028564453125,69601100
2020-08-12 00:00:00-04:00,308.91143712616207,311.526829875344,308.8838108265044,310.7532653808594,53774400
2020-08-13 00:00:00-04:00,309.9889565628064,311.4992695414481,309.2706445155212,310.1915588378906,41816100
2020-08-14 00:00:00-04:00,309.80469729931406,310.73482947821054,309.0771673345119,310.20068359375,47260400
2020-08-17 00:00:00-04:00,311.2136614504933,311.58202140842496,310.2098686209025,311.18603515625,35481000
2020-08-18 00:00:00-04:00,311.58207682428633,312.281980541681,309.98888529540005,311.8583679199219,38733900
2020-08-19 00:00:00-04:00,312.2359484919656,312.7516581960092,309.99813372934017,310.5599060058594,68054200
2020-08-20 00:00:00-04:00,308.8377736301808,312.0057207368476,308.7088602558769,311.52685546875,42207800
2020-08-21 00:00:00-04:00,311.1953037485117,312.85293788001695,310.8545419255064,312.6319274902344,55106600
2020-08-24 00:00:00-04:00,315.06311760311377,315.87352648257695,312.6042927708127,315.79986572265625,48588700
2020-08-25 00:00:00-04:00,316.3616627587458,316.9878776871024,315.2013018413242,316.9049987792969,38463400
2020-08-26 00:00:00-04:00,317.49438668215004,320.3491982017806,316.95105067989545,320.0821533203125,50790200
2020-08-27 00:00:00-04:00,320.94779884525434,322.2278548973866,319.1243787139967,320.7820129394531,58034100
2020-08-28 00:00:00-04:00,321.804237442081,322.983006410203,320.61625033931085,322.85406494140625,48588900
2020-08-31 00:00:00-04:00,322.6422984405211,323.5171500758055,321.4543112428884,321.6845397949219,66099200
2020-09-01 00:00:00-04:00,322.5132660887835,324.81555096041706,321.6199784344271,324.7142639160156,54908700
2020-09-02 00:00:00-04:00,326.62058140555735,330.3778981673585,325.47862893248646,329.41094970703125,69540000
2020-09-03 00:00:00-04:00,327.7256853866652,328.1953605553692,315.4959476689743,318.07452392578125,148011100
2020-09-04 00:00:00-04:00,318.75592922726366,320.3214659777526,308.3864298330547,315.47747802734375,139156300
2020-09-08 00:00:00-04:00,310.0809875272591,315.54202965407626,306.55389879011744,306.8577880859375,114465300
2020-09-09 00:00:00-04:00,310.8545829924272,315.37627517454166,309.98892137932586,312.9174499511719,91462300
2020-09-10 00:00:00-04:00,314.78685053527204,315.4406916483202,306.52625029812896,307.4840087890625,90569500
2020-09-11 00:00:00-04:00,309.26128974942566,310.3203350352158,304.8224783350407,307.6404724121094,84680200
2020-09-14 00:00:00-04:00,310.7992477225099,313.460702594157,307.78786914857267,311.6925354003906,65605700
2020-09-15 00:00:00-04:00,314.1422160421619,314.97103311859536,311.70179927663685,313.2673645019531,52920900
2020-09-16 00:00:00-04:00,314.50136995908423,315.9287755119788,311.7478178059842,312.02410888671875,82096000
2020-09-17 00:00:00-04:00,307.18016277231743,310.9927613539666,306.65523489152685,309.27984619140625,91523300
2020-09-18 00:00:00-04:00,310.0832931282361,310.19424068358853,303.2412544546544,305.71917724609375,105877900
2020-09-21 00:00:00-04:00,301.14238742219266,302.4645593357365,297.4717223903731,302.3166198730469,99450800
2020-09-22 00:00:00-04:00,303.79599750028683,305.95030428150574,301.29030979270976,305.3955383300781,63612100
2020-09-23 00:00:00-04:00,305.9503536740996,306.22775080288056,297.8138791281714,298.31317138671875,93112200
2020-09-24 00:00:00-04:00,297.0001276478436,302.15938522189947,295.68718272630684,299.10821533203125,76681300
2020-09-25 00:00:00-04:00,298.257653382287,304.729857674503,297.3885547651494,303.9439697265625,71069400
2020-09-28 00:00:00-04:00,308.0954761934487,309.7042725378093,307.10614657674506,308.9923400878906,64584600
2020-09-29 00:00:00-04:00,308.788814611231,309.5284836874694,306.6159979020015,307.3094482421875,51304000
2020-09-30 00:00:00-04:00,307.9752282610911,312.78316294549495,307.7810700245136,309.6395263671875,104081100
2020-10-01 00:00:00-04:00,312.22836509125534,313.1991843917802,309.7504423645945,311.62738037109375,88698700
2020-10-02 00:00:00-04:00,306.69000965854815,311.59963625667905,306.2184543549931,308.66864013671875,89431100
2020-10-05 00:00:00-04:00,310.72123983393703,314.32717611812427,310.67502109585257,314.14227294921875,45713100
2020-10-06 00:00:00-04:00,314.28097349200937,316.37057974539914,309.16793362544905,309.67645263671875,90128900
2020-10-07 00:00:00-04:00,312.6259052380061,315.87126190492677,312.598168352672,315.0668640136719,56999600
2020-10-08 00:00:00-04:00,316.9993505468978,317.92395123204756,316.0839766813295,317.8592224121094,45242500
2020-10-09 00:00:00-04:00,319.5049503113114,321.15999312657567,318.8854837702439,320.69769287109375,59528600
2020-10-12 00:00:00-04:00,323.2311019429976,327.32707559553944,322.7410647815939,325.8569641113281,80388500
2020-10-13 00:00:00-04:00,325.71829333157706,325.89396970025575,322.76881520469266,323.73040771484375,73255500
2020-10-14 00:00:00-04:00,324.3035773052644,325.39459896157194,320.96578353895984,321.6961975097656,57727900
2020-10-15 00:00:00-04:00,317.7944619067174,321.7794882050628,317.25820597808996,321.2987060546875,60357700
2020-10-16 00:00:00-04:00,322.6486204375523,324.30366342738694,320.9288768497177,321.10455322265625,89501900
2020-10-19 00:00:00-04:00,322.3619272638812,322.9906487706289,315.32573168859045,316.22259521484375,68425600
2020-10-20 00:00:00-04:00,317.5633049958053,320.7254513716909,316.8051539703146,317.4893493652344,60051900
2020-10-21 00:00:00-04:00,317.4431044735385,319.6066946596672,316.58323270677243,316.88836669921875,63575000
2020-10-22 00:00:00-04:00,317.10091051192785,319.20899806410466,314.9650860794551,318.6264953613281,55399300
2020-10-23 00:00:00-04:00,319.8470279304944,319.9025017003484,317.25815794875194,319.7083435058594,49143900
2020-10-26 00:00:00-04:00,316.3336287158571,317.11954492115404,310.31446938243005,313.80023193359375,91473000
2020-10-27 00:00:00-04:00,314.1422764667609,314.4751191044585,312.5057155150436,312.7183837890625,65994100
2020-10-28 00:00:00-04:00,307.059827691063,312.7461150486337,301.5399616493468,302.0299987792969,127094300
2020-10-29 00:00:00-04:00,302.2612006889962,308.26184985459844,300.5784207406355,305.0997314453125,90597700
2020-10-30 00:00:00-04:00,303.52792464897027,304.8316150562413,298.2761993068476,301.91912841796875,120287300
2020-11-02 00:00:00-05:00,305.3031311035156,307.3002435800331,302.566292996373,305.3031311035156,86068300
2020-11-03 00:00:00-05:00,308.5299804346644,312.7461569674992,305.3863439975958,310.69354248046875,93294200
2020-11-04 00:00:00-05:00,315.1593172475223,321.7055046793928,313.98508475423665,317.63726806640625,126959700
2020-11-05 00:00:00-05:00,322.907491721787,325.63507467035436,322.55613899305547,323.83209228515625,82039700
2020-11-06 00:00:00-05:00,323.5454798982403,325.0063646417054,321.43739166729375,323.7581481933594,74973000
2020-11-09 00:00:00-05:00,336.5269118315226,336.90600149766686,327.36411567397204,327.826416015625,172304200
2020-11-10 00:00:00-05:00,326.83706430106344,328.39964160698554,324.08177251066513,327.3456115722656,85552000
2020-11-11 00:00:00-05:00,329.5276225136965,330.60016251209254,328.2886611922482,329.77728271484375,58649000
2020-11-12 00:00:00-05:00,328.7695157722759,329.823574150401,324.7752620558113,326.5782165527344,67546200
2020-11-13 00:00:00-05:00,328.48282147525566,331.8391259274995,327.96504743366876,331.0994567871094,62892200
2020-11-16 00:00:00-05:00,333.76234079790987,335.4266106214588,332.4771323966517,335.2324523925781,74541100
2020-11-17 00:00:00-05:00,332.8284586496354,334.63144099542336,331.3213552496351,333.429443359375,66111000
2020-11-18 00:00:00-05:00,333.69759212727365,334.2431030727179,329.3796950886092,329.41668701171875,70591300
2020-11-19 00:00:00-05:00,328.7879360767462,331.1733928980095,327.44725409515723,330.8035583496094,59940900
2020-11-20 00:00:00-05:00,330.54466445649757,330.74807768636424,328.46431342145667,328.53826904296875,70417300
2020-11-23 00:00:00-05:00,330.3412386076394,331.7651311623136,328.112948198128,330.5076599121094,63230600
2020-11-24 00:00:00-05:00,333.05037819016013,336.3789460330993,332.19976142931375,335.83343505859375,62415900
2020-11-25 00:00:00-05:00,335.7502372606201,335.7779741513508,334.2246518372895,335.315673828125,45330900
2020-11-27 00:00:00-05:00,336.4066780190502,336.7210388362217,335.24167223686067,336.24951171875,28514100
2020-11-30 00:00:00-05:00,335.47279650501997,335.7409385582566,332.08878340971694,334.7608642578125,83872700
2020-12-01 00:00:00-05:00,338.0061269848223,339.9570200077388,337.4143692689327,338.42218017578125,74231400
2020-12-02 00:00:00-05:00,337.3127825968703,339.2914131198718,336.73953476512753,339.1342468261719,45927000
2020-12-03 00:00:00-05:00,339.03249301288866,340.4286487496057,337.94147123204993,339.041748046875,62882000
2020-12-04 00:00:00-05:00,339.6242628374325,341.9635009765625,339.5317971440086,341.9635009765625,50749900
2020-12-07 00:00:00-05:00,341.1960744141505,341.75084037057263,339.99410502237635,341.26080322265625,48944300
2020-12-08 00:00:00-05:00,339.9940864550397,342.82336164005824,339.9478677180988,342.2593688964844,42458900
2020-12-09 00:00:00-05:00,342.915836132159,343.0730024150456,338.35756246336115,339.189697265625,74098300
2020-12-10 00:00:00-05:00,337.82132486772645,340.12357138803657,336.95219802540623,339.07879638671875,57735400
2020-12-11 00:00:00-05:00,337.38671728522763,339.0879788216525,335.8703871356922,338.68115234375,57698600
2020-12-14 00:00:00-05:00,340.8447456280566,341.91725738932104,336.9891490851876,337.1648254394531,69216200
2020-12-15 00:00:00-05:00,339.6983275613441,341.72320556640625,338.32993643883503,341.72320556640625,63865300
2020-12-16 00:00:00-05:00,341.935753088197,343.1747143338236,341.0573713537836,342.2593688964844,58420500
2020-12-17 00:00:00-05:00,343.8959709330282,344.37675311713696,343.07306280359876,344.17333984375,64119500
2020-12-18 00:00:00-05:00,344.4611087749372,344.62823947679175,340.7933577976849,342.79901123046875,136542300
2020-12-21 00:00:00-05:00,338.8899235370573,351.415944151772,336.1600082036477,341.5733947753906,96386700
2020-12-22 00:00:00-05:00,341.89839793934385,342.0098184311258,339.87418344037354,340.9977111816406,47949000
2020-12-23 00:00:00-05:00,341.96339496968784,343.20763766131074,340.9791428653168,341.30413818359375,46201400
2020-12-24 00:00:00-05:00,341.7776565578183,342.659782611028,341.19269902115246,342.6319274902344,26457900
2020-12-28 00:00:00-05:00,345.1761449139129,345.9654111690172,344.5540377310399,345.575439453125,39000400
2020-12-29 00:00:00-05:00,347.09815522580993,347.27458040793783,344.3310908811892,344.91607666015625,53680500
2020-12-30 00:00:00-05:00,345.733259466037,346.4389603203097,345.0182924625775,345.40826416015625,49455300
2020-12-31 00:00:00-05:00,345.2132949330659,347.8875000497571,344.7026082398412,347.1632385253906,78520700
2021-01-04 00:00:00-05:00,348.4909711220461,348.6209805572402,338.7505780933009,342.4368896484375,110210800
2021-01-05 00:00:00-05:00,341.7962685644844,345.8818471316903,341.7498244688002,344.7954406738281,66426200
2021-01-06 00:00:00-05:00,343.2911234562188,350.0416393473608,342.743287286381,346.8567199707031,107997700
2021-01-07 00:00:00-05:00,349.22459781978796,352.75304553896814,349.0481726001441,352.0102233886719,68766800
2021-01-08 00:00:00-05:00,353.3937031789076,354.2293850911422,350.1531015213458,354.0158386230469,71677200
2021-01-11 00:00:00-05:00,350.84951439553026,353.3844152987946,350.7287994312137,351.6294860839844,51034700
2021-01-12 00:00:00-05:00,351.8152146876118,352.71587302635754,349.4659767403623,351.7037658691406,52547700
2021-01-13 00:00:00-05:00,351.6294773146356,353.6443970420134,350.84950564563337,352.65087890625,45303600
2021-01-14 00:00:00-05:00,353.39375334288167,353.8951738961369,351.08169311224,351.41595458984375,49989100
2021-01-15 00:00:00-05:00,349.8002212044383,350.59875344385847,346.9960355450777,348.8531188964844,107160000
2021-01-19 00:00:00-05:00,351.3045005009363,352.13091630295105,349.8281224423444,351.59234619140625,51233300
2021-01-20 00:00:00-05:00,353.876603510318,357.2936593696755,353.4866317659634,356.4579772949219,61836100
2021-01-21 00:00:00-05:00,357.01500286554875,357.4421524664681,355.86362018115483,356.7828674316406,47840100
2021-01-22 00:00:00-05:00,354.93503377752586,356.6806965547213,354.5543283134063,355.52001953125,52860500
2021-01-25 00:00:00-05:00,356.25368989697324,357.2750633365752,351.4159661050598,356.9222412109375,70402000
2021-01-26 00:00:00-05:00,357.8692230993864,358.2777836722093,356.1328548333093,356.364990234375,42665300
2021-01-27 00:00:00-05:00,353.05012900637144,353.1429888444501,345.4268095254111,347.6553039550781,123351100
2021-01-28 00:00:00-05:00,349.46593655582046,354.6379205656578,349.02954916525357,350.64520263671875,94198100
2021-01-29 00:00:00-05:00,348.78814770996314,349.75383907984985,341.9540655846165,343.6254577636719,126765100
2021-02-01 00:00:00-05:00,347.01468762606163,350.3760048440203,343.91336101234145,349.3453369140625,75817600
2021-02-02 00:00:00-05:00,352.52093227928594,355.8358337158987,349.42890017127894,354.28515625,64450700
2021-02-03 00:00:00-05:00,355.11155700905664,356.28152883956943,353.29162286803046,354.563720703125,52427100
2021-02-04 00:00:00-05:00,355.59436662167684,358.63998265068375,354.6751192898168,358.59356689453125,47142600
2021-02-05 00:00:00-05:00,360.45994861198795,360.7106447040377,358.54715471512554,360.00494384765625,48669800
2021-02-08 00:00:00-05:00,361.45341690524697,362.6512436310637,360.5991744109489,362.6048278808594,38365200
2021-02-09 00:00:00-05:00,361.7692144251859,362.9577753209079,361.3606820383457,362.3634948730469,35551100
2021-02-10 00:00:00-05:00,364.09983025590975,364.24840035419544,359.8099713889872,362.2055969238281,59154400
2021-02-11 00:00:00-05:00,363.2827449986079,363.70060021262947,360.3671379983436,362.7906188964844,42913300
2021-02-12 00:00:00-05:00,361.9920022182859,364.82404318438233,361.9177030106144,364.5826416015625,50593300
2021-02-16 00:00:00-05:00,365.80835069289986,366.0033648900088,363.55200072791945,364.2669677734375,50972400
2021-02-17 00:00:00-05:00,362.52129645099154,364.6012209832248,361.5091609681263,364.35052490234375,52290600
2021-02-18 00:00:00-05:00,361.7506393479471,363.5427184335589,360.03283114692755,362.7998962402344,59712800
2021-02-19 00:00:00-05:00,364.05341301185115,364.34125872083973,361.71346939446187,362.1591796875,83241000
2021-02-22 00:00:00-05:00,359.4013902770424,361.7784550408201,359.1042500973584,359.37353515625,67414200
2021-02-23 00:00:00-05:00,357.17294188013483,361.15639469065013,353.0316528102948,359.80999755859375,107284100
2021-02-24 00:00:00-05:00,358.72354113198065,364.20196042155277,357.7392890909114,363.7748107910156,72433900
2021-02-25 00:00:00-05:00,362.51194007778116,363.87689740324714,353.57007967389603,355.0093078613281,146670500
2021-02-26 00:00:00-05:00,356.8850154751008,358.0271036542426,351.20234468696304,353.18011474609375,152701600
2021-03-01 00:00:00-05:00,358.03642977075657,362.9855734404292,353.37516012939244,361.7413024902344,105348800
2021-03-02 00:00:00-05:00,361.964195274004,362.19633073939394,358.41715856200267,358.9185791015625,79595300
2021-03-03 00:00:00-05:00,358.22212100889243,359.1877840030245,354.06224386816876,354.1643981933594,119940200
2021-03-04 00:00:00-05:00,353.9787373865895,356.5600826850542,345.3061596092031,349.78173828125,183433000
2021-03-05 00:00:00-05:00,353.27300175449477,357.2657484566025,346.01182648724296,356.21649169921875,152039600
2021-03-08 00:00:00-05:00,357.1728161894063,359.97700162746855,354.16435046533684,354.4429016113281,123149200
2021-03-09 00:00:00-05:00,358.2777972390248,362.04767402813786,357.7763768194202,359.50347900390625,113633600
2021-03-10 00:00:00-05:00,361.84345682354007,363.431255369481,360.4320834867978,361.7413024902344,109899400
2021-03-11 00:00:00-05:00,364.2019950148293,367.37759240388004,363.7469902205475,365.4090881347656,86245000
2021-03-12 00:00:00-05:00,364.05345567131616,366.0405207448169,363.2456286942137,365.9012451171875,64653600
2021-03-15 00:00:00-04:00,366.15189953144346,368.34327305827475,364.01626458616573,368.0832824707031,73427200
2021-03-16 00:00:00-04:00,368.6961305342788,369.40180309295295,366.8483129268186,367.6190185546875,73722500
2021-03-17 00:00:00-04:00,366.3376593522936,369.67112159743425,365.1955425370876,368.8725891113281,97959300
2021-03-18 00:00:00-04:00,366.2912411031278,368.37116601733726,362.8277694050452,363.505615234375,115349100
2021-03-19 00:00:00-04:00,363.20560482975657,364.7799824618673,360.6623728633488,362.8329772949219,113624500
2021-03-22 00:00:00-04:00,363.34534370663016,367.1089472702704,363.2894509967949,365.7301940917969,73778600
2021-03-23 00:00:00-04:00,365.0967422553669,366.54068471271836,362.0690971295922,362.85162353515625,90686600
2021-03-24 00:00:00-04:00,364.2489379839986,365.87920816679144,360.9604512667513,361.00701904296875,97588600
2021-03-25 00:00:00-04:00,359.57244319585334,363.8297562145069,357.6347344917859,363.0379333496094,116128600
2021-03-26 00:00:00-04:00,364.18370331754596,369.28878794295866,363.587505033435,368.8882141113281,114409100
2021-03-29 00:00:00-04:00,367.4162848468423,369.60551031662703,365.935071468474,368.7018737792969,108107600
2021-03-30 00:00:00-04:00,367.4349664373488,368.39449575639236,366.1307275395253,367.7237548828125,76262200
2021-03-31 00:00:00-04:00,368.29203631973724,370.7700506223906,368.2640899656706,369.21429443359375,112734200
2021-04-01 00:00:00-04:00,371.14256504589775,373.257276101218,370.9376157019824,373.20135498046875,99682900
2021-04-05 00:00:00-04:00,375.8565503888312,379.0984701636254,375.7820362417883,378.5581359863281,91684800
2021-04-06 00:00:00-04:00,377.9990859414913,379.3778104361055,377.66370131465686,378.3344421386719,62021000
2021-04-07 00:00:00-04:00,378.16672418026496,379.1169284017763,377.71025770566405,378.7722473144531,55836300
2021-04-08 00:00:00-04:00,380.0206514166771,380.626174688792,379.089068404298,380.5702819824219,57863100
2021-04-09 00:00:00-04:00,380.4491821914655,383.5047731912766,380.328071856803,383.3370666503906,61104600
2021-04-12 00:00:00-04:00,382.7408177148852,383.7469146788607,382.13529455131146,383.4767761230469,56704900
2021-04-13 00:00:00-04:00,383.3742885703342,385.2374542676468,382.99233619082685,384.61328125,56551000
2021-04-14 00:00:00-04:00,384.585426479011,385.6381198974038,382.7595316211662,383.29986572265625,61659900
2021-04-15 00:00:00-04:00,385.4331734470441,387.68761700399335,385.3866056650256,387.4174499511719,60229800
2021-04-16 00:00:00-04:00,388.70301638087244,389.3178645876654,387.28702042046496,388.71234130859375,82037300
2021-04-19 00:00:00-04:00,387.78069983654575,388.22784142524785,385.4796889791716,386.8025207519531,78498500
2021-04-20 00:00:00-04:00,385.5914957452918,386.6907567846418,382.4986335803177,383.9705505371094,81851800
2021-04-21 00:00:00-04:00,383.3556830388797,387.80864810285476,383.21592286206607,387.60369873046875,66793000
2021-04-22 00:00:00-04:00,387.43604432459205,388.2651383615414,383.0017004125384,384.0636901855469,97582800
2021-04-23 00:00:00-04:00,384.6227137075241,389.6346353832558,384.5481995678462,388.2279357910156,73209200
2021-04-26 00:00:00-04:00,388.87997690212677,389.60661044348035,388.29307511302295,389.038330078125,52182400
2021-04-27 00:00:00-04:00,389.33645070740164,389.53210359386003,387.8179659687333,388.9544982910156,51303100
2021-04-28 00:00:00-04:00,389.2246648182536,390.342575715046,388.3769209336228,388.84271240234375,51238900
2021-04-29 00:00:00-04:00,391.56296041556226,391.9355879172904,387.9484139465216,391.32073974609375,78544300
2021-04-30 00:00:00-04:00,389.05698052139843,389.9047243925387,387.85523059091884,388.7495422363281,85527000
2021-05-03 00:00:00-04:00,390.7338109557142,391.11576335825885,389.09424437535307,389.5879821777344,68128300
2021-05-04 00:00:00-04:00,387.6036718842852,388.0974096431561,383.50471315012,387.1844482421875,101591200
2021-05-05 00:00:00-04:00,388.82417966319684,389.05707545067736,386.7467390041926,387.3056945800781,60162200
2021-05-06 00:00:00-04:00,387.38008968955535,390.5288443174939,385.3771922186021,390.3984375,74321400
2021-05-07 00:00:00-04:00,391.16236490015007,393.89189602548134,390.48229913565626,393.2397766113281,67733800
2021-05-10 00:00:00-04:00,393.59381081117,393.81738162988034,389.2246843410474,389.3457946777344,81852400
2021-05-11 00:00:00-04:00,384.8368977997584,386.85841675179097,382.0048778519801,385.8709411621094,116888000
2021-05-12 00:00:00-04:00,383.0948540805935,384.36179320441613,376.3594993403955,377.67303466796875,134811000
2021-05-13 00:00:00-04:00,379.21952621514686,384.13828367571983,379.17293000396353,382.20989990234375,106394000
2021-05-14 00:00:00-04:00,384.9394270681594,388.9266014154042,384.9114807136324,388.078857421875,82201600
2021-05-17 00:00:00-04:00,386.97025720812496,387.9018401628468,385.07911651757036,387.0913391113281,65129200
2021-05-18 00:00:00-04:00,387.35227560923283,387.5944963339857,383.5979965238752,383.7563781738281,59810200
2021-05-19 00:00:00-04:00,379.0797721892408,382.9271861523255,377.5985301803542,382.75018310546875,106467100
2021-05-20 00:00:00-04:00,383.62587868681237,388.1254406224363,383.5047967743601,386.8677978515625,78022200
2021-05-21 00:00:00-04:00,388.34903495141754,389.5880563714277,386.09461981296676,386.55108642578125,76578700
2021-05-24 00:00:00-04:00,388.7868558465473,391.5629834929008,388.54463516280316,390.4916687011719,51376700
2021-05-25 00:00:00-04:00,391.5723104358726,391.92631656128196,389.047728204707,389.62530517578125,57451400
2021-05-26 00:00:00-04:00,390.2121095554055,390.9014717770301,389.1780662229686,390.3984375,43088600
2021-05-27 00:00:00-04:00,391.4231910374945,391.93555024942225,390.3239016330106,390.6033935546875,56707700
2021-05-28 00:00:00-04:00,392.1685199593985,392.4293620777178,391.0692587771713,391.3021545410156,58520200
2021-06-01 00:00:00-04:00,393.6589206542093,393.7986523776429,390.5194914059235,390.95733642578125,54216600
2021-06-02 00:00:00-04:00,391.609475863933,392.4106518937659,390.60337890073964,391.57220458984375,49097100
2021-06-03 00:00:00-04:00,389.26191717934057,391.2554897851653,387.7993252155161,390.11895751953125,58138800
2021-06-04 00:00:00-04:00,391.963516582505,393.98506404338684,390.18418978016194,393.68695068359375,55938800
2021-06-07 00:00:00-04:00,393.67771179486715,393.8547148640748,392.3735010978064,393.3050842285156,51555000
2021-06-08 00:00:00-04:00,394.1620869131879,394.2552509032389,391.5629906976117,393.3888854980469,47134300
2021-06-09 00:00:00-04:00,394.2272616788116,394.30180423460956,392.5783701098852,392.80194091796875,48436300
2021-06-10 00:00:00-04:00,394.0223758472598,395.5781321168516,392.70884027859677,394.6278991699219,51020100
2021-06-11 00:00:00-04:00,395.1775077811149,395.3917536695252,393.89191873202867,395.27996826171875,45570800
2021-06-14 00:00:00-04:00,395.3916873351566,396.2673774556017,394.1526947002913,396.1649169921875,42358500
2021-06-15 00:00:00-04:00,396.3140447697688,396.3512876197017,394.56266421460623,395.4383544921875,51508500
2021-06-16 00:00:00-04:00,395.5781066988787,395.8016775286566,391.19035858653814,393.2304992675781,80386100
2021-06-17 00:00:00-04:00,392.82060361942723,394.0782178856841,390.63137795315737,393.1000671386719,90949700
2021-06-18 00:00:00-04:00,389.82509911514796,390.51671667728624,387.5913466663332,387.7969665527344,118676300
2021-06-21 00:00:00-04:00,389.5540649639203,393.53560087943845,388.7409408172673,393.3486633300781,72822000
2021-06-22 00:00:00-04:00,393.33932268734105,396.28340358966534,392.6196388178262,395.4515686035156,57700300
2021-06-23 00:00:00-04:00,395.5263737663793,396.3301424887815,394.8908317268986,394.9749450683594,49445400
2021-06-24 00:00:00-04:00,397.1152589733079,397.73209014648296,396.8628904252522,397.3115234375,45110300
2021-06-25 00:00:00-04:00,398.0591985278256,399.17141131218983,397.73207208724824,398.7227783203125,58129500
2021-06-28 00:00:00-04:00,399.2462030135846,399.6948074887242,398.0498768754374,399.5265808105469,53159600
2021-06-29 00:00:00-04:00,399.9098343658785,400.5453764693619,399.2088612604478,399.7416076660156,35970500
2021-06-30 00:00:00-04:00,399.2835916114196,400.7509687229313,399.2555538300446,400.0780334472656,64827900
2021-07-01 00:00:00-04:00,400.83509959729395,402.4520211210759,400.7696685970019,402.2931213378906,53441000
2021-07-02 00:00:00-04:00,403.45209077508554,405.72323677808726,402.37724253484845,405.3680725097656,57697700
2021-07-06 00:00:00-04:00,405.4241415803903,405.6391169295271,401.9005937821132,404.62969970703125,68710400
2021-07-07 00:00:00-04:00,405.31193822358387,406.34003766118167,403.30248799530796,406.05963134765625,63549500
2021-07-08 00:00:00-04:00,400.7510054866028,403.5081778396305,399.57336151548776,402.7511291503906,97595200
2021-07-09 00:00:00-04:00,404.25584763381096,407.349473214676,402.55481277928465,407.0503845214844,76238600
2021-07-12 00:00:00-04:00,406.9662877159468,408.76079142536776,406.53636552867664,408.5084228515625,52889600
2021-07-13 00:00:00-04:00,407.72331850573784,409.2187334442086,406.854118733952,407.1158142089844,52911300
2021-07-14 00:00:00-04:00,408.8075027783235,409.29352904474496,406.48028123314407,407.72332763671875,64130400
2021-07-15 00:00:00-04:00,406.3867029920177,407.0596381220163,404.43332858528896,406.33062744140625,55126400
2021-07-16 00:00:00-04:00,407.5083537824567,407.555073909898,402.75108678868395,403.14361572265625,75874700
2021-07-19 00:00:00-04:00,398.3302530154178,403.20902632092094,394.38611039278754,397.19000244140625,147987000
2021-07-20 00:00:00-04:00,397.85360950811923,404.1530401378472,397.0591676686946,402.8819274902344,99608200
2021-07-21 00:00:00-04:00,404.0783031286955,406.2840467930264,402.8352566332123,406.1438293457031,64724400
2021-07-22 00:00:00-04:00,406.3213884076943,407.23733686784163,405.34003746820474,406.99432373046875,47878500
2021-07-23 00:00:00-04:00,408.9196992370157,411.51797198627247,408.2374369376335,411.1815185546875,63766600
2021-07-26 00:00:00-04:00,410.5926462837905,412.20021236866125,410.5459261537889,412.19085693359375,43719200
2021-07-27 00:00:00-04:00,411.15341783224966,411.1814556139232,407.48965273178777,410.312255859375,67397100
2021-07-28 00:00:00-04:00,410.93836258827423,411.5178289786352,408.7232926987571,410.1439208984375,52472400
2021-07-29 00:00:00-04:00,411.0693007705477,412.91985138960683,411.05994533585215,411.84503173828125,47435300
2021-07-30 00:00:00-04:00,409.2841865056366,411.29363706752343,409.15332449973266,409.844970703125,68951200
2021-08-02 00:00:00-04:00,411.5552501136449,412.10667876520074,408.6298516644557,408.9850158691406,58783300
2021-08-03 00:00:00-04:00,409.7794757496443,412.43382344600275,407.59244339115173,412.31231689453125,58053900
2021-08-04 00:00:00-04:00,411.03193395699765,412.28433581198715,410.050583021591,410.28424072265625,46732200
2021-08-05 00:00:00-04:00,411.4431375086628,412.96659014888616,411.12536648595767,412.8824768066406,38969700
2021-08-06 00:00:00-04:00,413.2002061526581,413.9852924570962,412.91979985078956,413.564697265625,46930000
2021-08-09 00:00:00-04:00,413.53674814277605,413.8545192015544,412.46192839518204,413.22833251953125,41222600
2021-08-10 00:00:00-04:00,413.6770006271748,414.45276030625917,412.99473827245396,413.742431640625,43339300
2021-08-11 00:00:00-04:00,414.8077789542653,414.86385451105014,413.6862107732414,414.7703857421875,44034300
2021-08-12 00:00:00-04:00,414.62092846348145,416.1537367311729,413.72369084389135,416.0135192871094,38909400
2021-08-13 00:00:00-04:00,416.462216203369,416.78934275188396,415.97621836047534,416.7706604003906,39470300
2021-08-16 00:00:00-04:00,415.4713908619817,417.8827255582406,413.9199004513762,417.75189208984375,73740000
2021-08-17 00:00:00-04:00,415.2003367624512,415.87327201338974,412.0319534928369,415.013427734375,92673900
2021-08-18 00:00:00-04:00,414.004033503329,415.5648794226537,410.2281457688839,410.47113037109375,89351900
2021-08-19 00:00:00-04:00,407.7513077712783,412.30298304453,407.6111188768107,411.10662841796875,92812200
2021-08-20 00:00:00-04:00,411.45246811100355,414.70496457219946,410.96644191047403,414.3778381347656,72008700
2021-08-23 00:00:00-04:00,416.0602189821948,418.9295421673049,414.45265298648917,418.02294921875,54973000
2021-08-24 00:00:00-04:00,418.6865539550781,419.2193003480419,418.17251843232447,418.6865539550781,38744700
2021-08-25 00:00:00-04:00,418.87350683269574,420.0791600532625,418.49963168684314,419.56512451171875,40529700
2021-08-26 00:00:00-04:00,419.2845852292662,419.5182428600146,416.994757561528,417.0882263183594,57829600
2021-08-27 00:00:00-04:00,417.89207569885787,421.1913209422029,417.8360001384459,420.8174743652344,77235100
2021-08-30 00:00:00-04:00,421.4904469021432,423.4531772582027,421.24743377041483,422.6680908203125,48357400
2021-08-31 00:00:00-04:00,422.57464706002395,422.91110047218524,421.4437517278113,422.0419006347656,59300200
2021-09-01 00:00:00-04:00,422.97644169749003,423.49047714229727,422.03245562039876,422.26611328125,48721400
2021-09-02 00:00:00-04:00,423.686814177093,424.36907636322894,422.3689814101181,423.5653076171875,42501000
2021-09-03 00:00:00-04:00,422.43445331796556,423.97658848478034,422.032540383355,423.4625244140625,47170500
2021-09-07 00:00:00-04:00,423.1166832249812,423.2101520054819,421.27545948751975,421.9483947753906,51671500
2021-09-08 00:00:00-04:00,421.4156743425341,422.14468518971387,419.5183465302411,421.4343566894531,56181900
2021-09-09 00:00:00-04:00,421.23805907529504,422.98581388405796,419.38748005990004,419.6304931640625,57970400
2021-09-10 00:00:00-04:00,421.5559297187358,421.9764965107279,416.2004843859975,416.3219909667969,89948200
2021-09-13 00:00:00-04:00,419.3127250750678,419.57442052650157,415.07882068151736,417.3873596191406,83738600
2021-09-14 00:00:00-04:00,418.82672304337876,419.03234294728094,414.2470381175579,415.13494873046875,78197100
2021-09-15 00:00:00-04:00,415.55554197274927,419.0978006931455,414.45268447355176,418.6024475097656,78792200
2021-09-16 00:00:00-04:00,418.07903168064803,419.0510271190857,414.99473310868217,417.9388427734375,77786700
2021-09-17 00:00:00-04:00,417.168134146106,417.59004823430996,413.51137369740354,413.86767578125,118425000
2021-09-20 00:00:00-04:00,407.75436793021106,409.3295710757895,402.10984707082173,406.9667663574219,166445500
2021-09-21 00:00:00-04:00,409.30144322368784,410.59537031179264,406.05726871090457,406.58233642578125,92526100
2021-09-22 00:00:00-04:00,408.85136298150707,412.5831207202877,406.69483696311266,410.5484619140625,102350100
2021-09-23 00:00:00-04:00,412.41434258074156,417.1399803704705,412.17993634176355,415.53662109375,76396000
2021-09-24 00:00:00-04:00,413.90516505538227,416.9337039803391,413.6895010133059,416.2210998535156,62094800
2021-09-27 00:00:00-04:00,415.1896841659372,416.3523298980062,414.33644206403306,415.0303039550781,61371100
2021-09-28 00:00:00-04:00,412.26433994291904,412.59251441684535,405.93537117136833,406.6667175292969,130436300
2021-09-29 00:00:00-04:00,408.0449990691309,409.77961092728947,406.78858508585967,407.3511657714844,82329200
2021-09-30 00:00:00-04:00,408.8232729732289,409.5264917761639,402.0348766187246,402.3724365234375,140506000
2021-10-01 00:00:00-04:00,404.0975980601775,408.83259245748525,400.5815046124614,407.15423583984375,129240100
2021-10-04 00:00:00-04:00,405.9916879045195,406.89180003205087,399.76584320514337,401.9036560058594,128570000
2021-10-05 00:00:00-04:00,403.4038567857251,408.32638908443437,402.60689825717435,406.0854797363281,90682500
2021-10-06 00:00:00-04:00,402.49426854273986,407.97938044868795,400.8721956255004,407.7731018066406,113032200
2021-10-07 00:00:00-04:00,411.0454355366307,414.13020116989895,410.86728449835147,411.298583984375,72437500
2021-10-08 00:00:00-04:00,412.06743842451107,412.45186810178103,409.92026919841044,410.5484619140625,74557400
2021-10-11 00:00:00-04:00,409.8921065328173,412.79874945849707,407.5105312643394,407.576171875,65233300
2021-10-12 00:00:00-04:00,408.4950853785661,408.89825725037673,405.7853354665387,406.57293701171875,71181200
2021-10-13 00:00:00-04:00,407.59495963247764,408.8513737107969,404.62270437794365,408.03564453125,72974000
2021-10-14 00:00:00-04:00,411.6924184380236,415.049132337177,411.22360588560923,414.89910888671875,70236800
2021-10-15 00:00:00-04:00,417.00870250976914,418.42452536112467,416.3898666001841,418.058837890625,66260200
2021-10-18 00:00:00-04:00,416.27735526871015,419.6340400404351,415.621006350095,419.2965087890625,62213200
2021-10-19 00:00:00-04:00,420.9186558175996,422.59698407803893,420.30917663549167,422.5313720703125,46996800
2021-10-20 00:00:00-04:00,422.99078957769177,424.49099536699856,422.8782791509517,424.1909484863281,49571600
2021-10-21 00:00:00-04:00,423.5908483463569,425.5223536137635,423.1595488456662,425.2973327636719,41305400
2021-10-22 00:00:00-04:00,424.8660443425605,426.3099949344086,422.9157682107572,424.8566589355469,58845100
2021-10-25 00:00:00-04:00,425.9442973142117,427.46324528395957,424.1722008875209,427.13507080078125,45214500
2021-10-26 00:00:00-04:00,428.68220582792407,429.8917216010357,427.1444869339798,427.51953125,56075100
2021-10-27 00:00:00-04:00,427.9789361517596,428.6446418796485,425.55046225853243,425.62548828125,72438000
2021-10-28 00:00:00-04:00,427.05064707991323,429.8072666921166,427.04129028806375,429.7322692871094,51437900
2021-10-29 00:00:00-04:00,427.43510150597126,430.8949400235168,427.14444004690756,430.6042785644531,70162400
2021-11-01 00:00:00-04:00,431.5887642564896,431.96383713747196,429.61977470154915,431.3450012207031,48433600
2021-11-02 00:00:00-04:00,431.51378609797507,433.398421537022,431.38250486096626,433.0889892578125,48908400
2021-11-03 00:00:00-04:00,432.5264031559585,436.1362651463071,432.08571825925554,435.73309326171875,52509800
2021-11-04 00:00:00-04:00,436.33310224976924,437.87082079414984,435.98618562096254,437.78643798828125,52847100
2021-11-05 00:00:00-04:00,440.00863863956613,441.29318025230174,437.79585747597196,439.305419921875,66390600
2021-11-08 00:00:00-05:00,440.4024399467041,440.8993800137787,438.99600255528054,439.6804504394531,50405200
2021-11-09 00:00:00-05:00,440.0461676231419,440.2805738708811,436.8207353651275,438.2271728515625,51149100
2021-11-10 00:00:00-05:00,436.53945827784827,438.2272005366199,433.2202862022842,434.70172119140625,69429700
2021-11-11 00:00:00-05:00,436.19252851233256,436.2675545379645,434.8236039920207,434.84234619140625,34848500
2021-11-12 00:00:00-05:00,436.1081354103615,438.6772187538003,435.1611250038921,438.1240234375,53466700
2021-11-15 00:00:00-05:00,439.40862530276064,439.56800554034606,437.14894545673525,438.2740783691406,46980500
2021-11-16 00:00:00-05:00,438.0114907479462,441.14315465497026,437.9364933419403,440.0086364746094,48857500
2021-11-17 00:00:00-05:00,439.74607145027005,439.9242224676994,438.32089192487604,438.9397277832031,47858300
2021-11-18 00:00:00-05:00,439.9711168325113,440.6931063478928,437.25201023461375,440.4305725097656,50625600
2021-11-19 00:00:00-05:00,440.31803734544474,441.5650945480242,439.2772873896782,439.6429748535156,57315600
2021-11-22 00:00:00-05:00,441.5182563851529,444.0029569483632,438.19905582510415,438.40533447265625,72762000
2021-11-23 00:00:00-05:00,438.0771663973215,439.8399060268832,435.4799553727706,438.9866638183594,73206500
2021-11-24 00:00:00-05:00,436.98951426235885,440.2805872370219,436.17378507370955,440.15869140625,61858800
2021-11-26 00:00:00-05:00,433.5015889100639,434.9642817891199,429.21663530001194,430.341796875,112669600
2021-11-29 00:00:00-05:00,435.1236348523177,437.4583119148909,432.92959581507233,435.6205749511719,86268800
2021-11-30 00:00:00-05:00,433.1827469437874,435.08612453579684,426.90064804249147,427.1444396972656,148559600
2021-12-01 00:00:00-05:00,432.8451797070104,435.68618205628803,422.2031311937479,422.4000244140625,131939200
2021-12-02 00:00:00-05:00,422.61574691393747,430.43553635703284,422.22193180478286,428.86968994140625,127637800
2021-12-03 00:00:00-05:00,430.5292522904625,431.58874442702455,420.9185967447433,425.1379089355469,137331600
2021-12-06 00:00:00-05:00,427.6789484275413,432.04828489860165,425.26924501380654,430.17303466796875,98977500
2021-12-07 00:00:00-05:00,435.44238012792107,439.63356454550274,430.04165158605986,439.07098388671875,95484700
2021-12-08 00:00:00-05:00,439.46484235390875,440.68374339000826,437.7114595944113,440.2336730957031,72238800
2021-12-09 00:00:00-05:00,438.9491883572712,440.3368838174408,437.0645813487315,437.261474609375,61272600
2021-12-10 00:00:00-05:00,439.9618300872147,441.52764795939703,437.41148870477724,441.37762451171875,77159800
2021-12-13 00:00:00-05:00,440.86187964178026,441.20879629669554,437.1863772299923,437.4676818847656,87724700
2021-12-14 00:00:00-05:00,434.2047373052017,436.6894377150197,431.5418858646757,434.4578857421875,97264100
2021-12-15 00:00:00-05:00,434.5141370446989,441.4900398681601,432.0012806047948,441.24627685546875,116899300
2021-12-16 00:00:00-05:00,443.0934545318682,443.3747305871484,435.80808994562267,437.3551940917969,116568600
2021-12-17 00:00:00-05:00,434.28117656754216,437.2827106378424,430.99737826772844,432.700439453125,135511600
2021-12-20 00:00:00-05:00,427.62896667138153,428.4945962518149,424.4863000014907,428.09942626953125,107134800
2021-12-21 00:00:00-05:00,431.5148943716561,435.84312797159805,429.3507919289712,435.7019958496094,69806300
2021-12-22 00:00:00-05:00,435.44791327448115,440.17131633051764,435.25029960943573,440.05841064453125,58890200
2021-12-23 00:00:00-05:00,441.0558332086626,444.2925972471357,440.9523458894644,442.7965393066406,56439700
2021-12-27 00:00:00-05:00,444.17028879957417,449.11011430535285,444.1232543282057,449.0630798339844,56808600
2021-12-28 00:00:00-05:00,449.4958929694086,450.5214913868531,447.93396375035627,448.69610595703125,47274600
2021-12-29 00:00:00-05:00,448.7996209971791,450.28626060152465,447.8022490075834,449.27008056640625,54503000
2021-12-30 00:00:00-05:00,449.69337024420093,450.7001603749478,447.5669130217818,448.0279541015625,55329000
2021-12-31 00:00:00-05:00,447.53874202831184,448.68663568101795,446.6260494189647,446.8988952636719,65237400
2022-01-03 00:00:00-05:00,448.15975083339737,449.61819265083415,445.8545162929149,449.4864501953125,72668200
2022-01-04 00:00:00-05:00,450.9072851460478,451.6223929028808,447.48232558918886,449.3359375,71178700
2022-01-05 00:00:00-05:00,448.9688781043653,449.7404385150584,440.613513448486,440.7076110839844,104538900
2022-01-06 00:00:00-05:00,440.2466667010779,443.0035528678846,437.9319849605687,440.293701171875,86858900
2022-01-07 00:00:00-05:00,440.3030723284207,441.479221117935,437.1980222953608,438.5529479980469,85111600
2022-01-10 00:00:00-05:00,435.36331312046167,438.2236867337772,429.6237004184561,438.0072937011719,119362000
2022-01-11 00:00:00-05:00,437.7438209696161,442.0908627934465,434.751676287286,441.99676513671875,74303100
2022-01-12 00:00:00-05:00,443.7280727675989,445.24296757937765,441.2346426828555,443.1917419433594,67605400
2022-01-13 00:00:00-05:00,444.2926807857127,444.9419173914351,436.0596370177914,437.0852355957031,91173100
2022-01-14 00:00:00-05:00,433.9424425259686,437.6120209390258,432.7286489573756,437.2638854980469,95890900
2022-01-18 00:00:00-05:00,432.57806714158636,432.7850704583351,428.4098031013755,429.52008056640625,109709100
2022-01-19 00:00:00-05:00,431.06331069209193,432.45585270815616,424.78736709556773,425.06024169921875,109357600
2022-01-20 00:00:00-05:00,426.9420862438029,431.6372638548228,418.2385836592185,420.35565185546875,122379700
2022-01-21 00:00:00-05:00,419.2359760354794,421.58827414534477,412.07559437204594,412.10382080078125,202271200
2022-01-24 00:00:00-05:00,406.50524550753806,414.3619251147175,395.901098425589,413.85382080078125,251783900
2022-01-25 00:00:00-05:00,407.4744480032651,413.7409730372485,401.9136123373261,408.8011474609375,167997300
2022-01-26 00:00:00-05:00,414.6818552495206,417.80571346524874,403.5225401054795,407.7755126953125,186391100
2022-01-27 00:00:00-05:00,412.36723366568094,415.50048178403745,404.07773829561154,405.761962890625,149878300
2022-01-28 00:00:00-05:00,407.11680479333506,415.88617630742215,402.5439524748477,415.8391418457031,164457400
2022-01-31 00:00:00-05:00,415.1711072435179,423.67702338927,413.82559991033423,423.3288879394531,152251400
2022-02-01 00:00:00-05:00,424.0534262540882,426.82914917104256,420.5343978995624,426.1893310546875,123155400
2022-02-02 00:00:00-05:00,428.5886396673794,431.05384305532795,426.2833764423959,430.329345703125,117361000
2022-02-03 00:00:00-05:00,424.30741975423217,426.2080657307745,419.3769848400867,420.21441650390625,118024400
2022-02-04 00:00:00-05:00,419.97926396514714,426.0293671450485,417.6081293545503,422.1904296875,118454400
2022-02-07 00:00:00-05:00,422.95251700944823,424.3450587788941,419.5087499574974,420.83544921875,84472900
2022-02-08 00:00:00-05:00,420.3368642432255,425.2202374171449,418.9160669960065,424.2981262207031,81012000
2022-02-09 00:00:00-05:00,428.325239275932,430.82808779311625,428.12765428405766,430.5081787109375,92589900
2022-02-10 00:00:00-05:00,424.67438876665915,430.6680383540824,420.778998939607,422.77374267578125,140103700
2022-02-11 00:00:00-05:00,422.85846290665194,424.92846773085336,413.00703862428105,414.4372253417969,153214600
2022-02-14 00:00:00-05:00,413.9291560964369,415.50989334254666,409.61973040303707,413.0823059082031,123006300
2022-02-15 00:00:00-05:00,417.5140448697904,419.9133771021189,416.99652213320917,419.7440185546875,88482700
2022-02-16 00:00:00-05:00,417.7021502270157,421.5881501559702,415.8297306709073,420.21441650390625,84863600
2022-02-17 00:00:00-05:00,417.0341632264874,420.186247943638,410.63592485416507,411.23809814453125,102259100
2022-02-18 00:00:00-05:00,411.49211293034836,412.74355133918664,406.30766852315804,408.5752868652344,132642900
2022-02-22 00:00:00-05:00,406.37355193227506,409.7702560003978,400.6997823601273,404.19061279296875,124391800
2022-02-23 00:00:00-05:00,407.09801689358864,407.66257403498787,396.4562253293039,397.0207824707031,132578000
2022-02-24 00:00:00-05:00,386.7365259239518,403.4284488931798,386.3790008159794,402.99560546875,213942900
2022-02-25 00:00:00-05:00,404.22823397331,411.97200837339045,402.58162557598797,411.8873291015625,121804500
2022-02-28 00:00:00-05:00,406.50529284633944,412.3107765451423,405.25388303089113,410.8335266113281,145615000
2022-03-01 00:00:00-05:00,409.3374644946176,411.3416268267393,401.8759540045587,404.576416015625,137785900
2022-03-02 00:00:00-05:00,406.8251817399771,413.740942784039,406.0724579549326,412.0190734863281,117726500
2022-03-03 00:00:00-05:00,414.44664922565886,415.0488225356622,408.1707060110163,409.9678649902344,105501700
2022-03-04 00:00:00-05:00,406.2417642897953,407.76604842308336,402.6004124792588,406.636962890625,113978200
2022-03-07 00:00:00-05:00,406.05356074725825,406.759249958647,394.5837564676544,394.6496276855469,137896600
2022-03-08 00:00:00-05:00,394.82848568696517,401.97005852746355,390.59434954887394,391.6575927734375,164772700
2022-03-09 00:00:00-05:00,400.02232727972273,404.13413881650297,397.8393882545467,402.158203125,116990800
2022-03-10 00:00:00-05:00,397.55711352812676,401.2361105228519,395.6000145047704,400.3422546386719,93972700
2022-03-11 00:00:00-05:00,402.82621713239433,403.4378087082755,394.743726780533,395.2518310546875,95636300
2022-03-14 00:00:00-04:00,396.02340888185535,399.4671471285895,391.2247162730047,392.36322021484375,95729200
2022-03-15 00:00:00-04:00,394.969610741959,401.62191584683524,393.6993928949382,400.99151611328125,106219100
2022-03-16 00:00:00-04:00,404.4917305799787,409.9396315604553,399.7024270341616,409.8831787109375,144954800
2022-03-17 00:00:00-04:00,407.9730846505351,415.01116943359375,407.596722776026,415.01116943359375,102676900
2022-03-18 00:00:00-04:00,413.40286121868064,419.8776045343294,412.6666654946888,419.55670166015625,106345500
2022-03-21 00:00:00-04:00,419.38687263527476,421.3878136478484,415.93240645546575,419.43408203125,88349800
2022-03-22 00:00:00-04:00,420.8214687288552,425.27640505720075,420.8214687288552,424.3420104980469,74650400
2022-03-23 00:00:00-04:00,421.81256176889076,423.30381991515435,418.79225491588033,418.877197265625,79426100
2022-03-24 00:00:00-04:00,420.897026967389,425.2009454427064,419.78329999434203,425.1914978027344,64736900
2022-03-25 00:00:00-04:00,425.8238364518409,427.5416361124458,423.2471369609336,427.2679138183594,77101300
2022-03-28 00:00:00-04:00,426.6733304386402,430.30712890625,424.7856459155993,430.30712890625,68529800
2022-03-29 00:00:00-04:00,434.18632404591193,436.12121804126116,431.50581537302486,435.6304016113281,86581500
2022-03-30 00:00:00-04:00,434.4883159212036,435.30003519309184,430.83565120715195,432.9404296875,79666900
2022-03-31 00:00:00-04:00,432.17589947274035,432.9970375414447,425.823831381212,426.2768859863281,121699900
2022-04-01 00:00:00-04:00,427.8530993439852,427.99466991123313,423.91729355560483,427.4850158691406,89048800
2022-04-04 00:00:00-04:00,427.68327061353193,431.2509933938032,426.86213241229365,431.14715576171875,59601000
2022-04-05 00:00:00-04:00,429.6558116325977,432.119225743506,424.5590699380688,425.70111083984375,74214500
2022-04-06 00:00:00-04:00,421.793612229182,423.71902938512,418.5656595556562,421.4443664550781,106898000
2022-04-07 00:00:00-04:00,420.56664291276263,425.38024389891154,418.6223302828864,423.56805419921875,78097200
2022-04-08 00:00:00-04:00,422.8129864370016,425.32361011547357,420.89698794603316,422.4354553222656,79272700
2022-04-11 00:00:00-04:00,419.16969873165914,420.0097320215141,414.7147916975716,415.21502685546875,89770500
2022-04-12 00:00:00-04:00,418.19752691427806,420.7175978859881,412.1286293865626,413.6765441894531,84363600
2022-04-13 00:00:00-04:00,413.4311270048809,419.1696739257571,413.2517947132498,418.41461181640625,74070400
2022-04-14 00:00:00-04:00,418.64119283709516,419.7549485147844,413.1008437773758,413.2046813964844,97869500
2022-04-18 00:00:00-04:00,412.27974277354747,415.0546413726437,411.1471205194664,413.3746032714844,66002500
2022-04-19 00:00:00-04:00,413.27073740895713,420.76484688177004,413.1008527235854,420.04754638671875,77821000
2022-04-20 00:00:00-04:00,421.8219654514646,422.4354571159878,418.5751460041488,419.7360534667969,65224400
2022-04-21 00:00:00-04:00,423.3509483444846,424.7383973991878,412.55339229515056,413.45947265625,85417300
2022-04-22 00:00:00-04:00,412.3740611145033,413.47834025677906,401.5481909244776,402.114501953125,132471800
2022-04-25 00:00:00-04:00,399.87760832355883,404.6156854519276,395.31883470061024,404.44580078125,119647700
2022-04-26 00:00:00-04:00,401.9163240296101,402.11455163658286,392.70444345361744,392.7327575683594,103996300
2022-04-27 00:00:00-04:00,393.8086609873536,399.169705902769,391.7039115793856,393.83697509765625,122030000
2022-04-28 00:00:00-04:00,398.5750669559005,405.5123117771295,394.1484454415817,403.7850646972656,105449100
2022-04-29 00:00:00-04:00,399.80207204922027,401.95403088704296,388.11730223189977,388.8629455566406,145491100
2022-05-02 00:00:00-04:00,388.929072135393,392.56287045835074,382.2749671742883,391.2037353515625,158312500
2022-05-03 00:00:00-04:00,391.7039196895496,395.40376459664327,390.1465571793375,392.9969787597656,100028200
2022-05-04 00:00:00-04:00,393.65763595496884,405.53118526756083,390.47689280324255,404.9648742675781,144247900
2022-05-05 00:00:00-04:00,400.7082064100307,401.1329469341785,386.44676416954945,390.57135009765625,172929100
2022-05-06 00:00:00-04:00,388.01350785652954,391.50570647733946,382.9450801949944,388.2400207519531,151770800
2022-05-09 00:00:00-04:00,382.3504814055953,383.5869123846669,374.23343271582064,375.8096618652344,155586100
2022-05-10 00:00:00-04:00,381.77478247387813,383.2754883521144,372.64784309050333,376.67803955078125,132497200
2022-05-11 00:00:00-04:00,375.7152782695393,381.35001745771194,369.94838734516037,370.69403076171875,142361000
2022-05-12 00:00:00-04:00,367.5037946408941,373.57269244374504,363.5207798183708,370.3070068359375,125090800
2022-05-13 00:00:00-04:00,374.43164996045624,380.53831045425517,373.3934177273955,379.1603088378906,104174400
2022-05-16 00:00:00-04:00,377.51804786382434,381.2839693671578,375.27169861489534,377.6218566894531,78622400
2022-05-17 00:00:00-04:00,383.70016285890136,385.62560898408395,379.9719747013643,385.3896484375,83029700
2022-05-18 00:00:00-04:00,380.840309909265,381.12345103452697,368.61754246873323,369.8539733886719,117674500
2022-05-19 00:00:00-04:00,366.79586028689556,372.00588637460305,365.3706497007624,367.58868408203125,98510700
2022-05-20 00:00:00-04:00,371.16591037827914,374.7336324078952,359.1696852051724,367.74920654296875,131432200
2022-05-23 00:00:00-04:00,370.7695728217986,375.39442331926466,368.4571763768478,374.6299133300781,76414900
2022-05-24 00:00:00-04:00,370.5146932699092,372.95924112163084,365.22917116715337,371.77001953125,91448800
2022-05-25 00:00:00-04:00,370.2786961363731,377.0177426324369,369.88229858000193,375.0545349121094,91472900
2022-05-26 00:00:00-04:00,376.2816083941698,384.1815635422074,376.07396194375553,382.5487060546875,82168300
2022-05-27 00:00:00-04:00,385.0026651402334,392.0531673410909,384.80446634850006,391.9399108886719,84768700
2022-05-31 00:00:00-04:00,390.3259307298854,393.0725149914447,387.00361655148845,389.7407531738281,95937000
2022-06-01 00:00:00-04:00,391.8549424707136,392.86483164009155,384.0776638781302,386.5882873535156,86585800
2022-06-02 00:00:00-04:00,386.4278638148007,393.9974674509903,384.1815149003103,393.9502868652344,79609600
2022-06-03 00:00:00-04:00,389.2405180200075,390.78843305581245,386.5128290364629,387.4849853515625,71874300
2022-06-06 00:00:00-04:00,391.48681245747764,393.21403077110097,387.49435013390536,388.66473388671875,57508900
2022-06-07 00:00:00-04:00,385.1819749982957,392.8459684053957,384.7194727728496,392.3929138183594,59272400
2022-06-08 00:00:00-04:00,390.6845741806073,392.4684496696644,387.333946070098,388.12677001953125,64350000
2022-06-09 00:00:00-04:00,386.3523744576506,388.61759004588066,378.8960266113281,378.8960266113281,86289800
2022-06-10 00:00:00-04:00,372.70440234363315,373.55385453962793,367.86248738155257,367.90966796875,132893900
2022-06-13 00:00:00-04:00,358.5184359528124,360.3683584476511,352.3362527688543,353.9407958984375,170004900
2022-06-14 00:00:00-04:00,355.68695837561785,356.7157429736958,349.77849666174114,352.8742980957031,104011800
2022-06-15 00:00:00-04:00,356.1683036625761,362.3410401471121,351.2225794060758,357.9049987792969,125666800
2022-06-16 00:00:00-04:00,349.70299946215493,350.1088447146559,343.63407193506487,346.05975341796875,134473300
2022-06-17 00:00:00-04:00,346.4739460122469,350.1423885814665,343.30789944734585,346.8056945800781,111113900
2022-06-21 00:00:00-04:00,352.52169557516805,356.9200257502837,352.44584583713896,355.53607177734375,76811900
2022-06-22 00:00:00-04:00,351.3178056312109,358.99595685720385,350.90071887328156,354.8914794921875,90059400
2022-06-23 00:00:00-04:00,357.0243321478926,359.1002487608876,353.46963484148904,358.370361328125,79292100
2022-06-24 00:00:00-04:00,361.5363809433128,369.77380119326506,361.507944524138,369.7643127441406,98050300
2022-06-27 00:00:00-04:00,370.6838633295004,370.97771602411575,367.2618882407592,368.35198974609375,66009600
2022-06-28 00:00:00-04:00,369.90658420443964,372.68398100101825,360.71175479299797,360.82550048828125,86548900
2022-06-29 00:00:00-04:00,361.3752782573753,362.36109348225904,358.7116273894593,360.5316162109375,65676000
2022-06-30 00:00:00-04:00,356.64516179349505,360.834977987892,353.156825579061,357.6025695800781,112508300
2022-07-01 00:00:00-04:00,356.9484798436387,361.82079880218214,354.33221338787916,361.3847351074219,74839700
2022-07-05 00:00:00-04:00,356.30389388763615,362.0862071237408,353.4790840960441,362.0672302246094,81438000
2022-07-06 00:00:00-04:00,362.2093668453206,365.7735520504945,359.83010948727616,363.2900085449219,70426200
2022-07-07 00:00:00-04:00,365.06263643850446,369.5273277554807,363.30898013880693,368.7310791015625,64525900
2022-07-08 00:00:00-04:00,367.10071569720793,370.2952282014979,365.5745794315864,368.4278259277344,72397800
2022-07-11 00:00:00-04:00,365.7546492181339,366.7215164411496,363.5270331899998,364.2190246582031,58366900
2022-07-12 00:00:00-04:00,363.6691716276499,366.04845792183517,359.25186497173377,360.99603271484375,62219200
2022-07-13 00:00:00-04:00,355.56452982281553,362.02934629353234,355.14744302288534,359.1002502441406,84224600
2022-07-14 00:00:00-04:00,354.1521096552973,359.3087928722651,351.715979081912,358.2281799316406,89704800
2022-07-15 00:00:00-04:00,362.62649570213034,365.1858892356065,360.7211976903377,365.0721435546875,79060400
2022-07-18 00:00:00-04:00,368.1528836213448,368.825898190188,360.8349458407432,362.0577697753906,63203600
2022-07-19 00:00:00-04:00,365.97267860433266,372.40905889172745,365.31864088700104,371.8403015136719,78506000
2022-07-20 00:00:00-04:00,372.0297892200906,375.62241050509095,370.664783479304,374.2099914550781,71843800
2022-07-21 00:00:00-04:00,373.63182056702766,378.0680753048155,371.2335862430008,378.02069091796875,64903900
2022-07-22 00:00:00-04:00,378.1439748043947,379.33833343517273,372.29530007355766,374.513427734375,72197300
2022-07-25 00:00:00-04:00,375.1390328241593,375.8215358224329,372.7313098957775,374.9684143066406,53631500
2022-07-26 00:00:00-04:00,373.3285714235852,373.537114847819,369.64118001606494,370.5322265625,52946400
2022-07-27 00:00:00-04:00,373.82147154826214,381.89776315262577,373.52761885571124,380.1535949707031,82342100
2022-07-28 00:00:00-04:00,380.95930457713075,385.61356292258694,377.4140666940386,384.9216003417969,73966600
2022-07-29 00:00:00-04:00,386.352936564959,391.51910833460266,385.585124244229,390.53326416015625,87003700
2022-08-01 00:00:00-04:00,387.8411758992656,391.8793213752261,387.1302364241008,389.3768005371094,69997500
2022-08-02 00:00:00-04:00,387.8127450392465,391.4906766053588,385.63254218875403,386.8079528808594,63435400
2022-08-03 00:00:00-04:00,388.931285023342,394.0310955881913,388.6469207989162,392.86517333984375,67820600
2022-08-04 00:00:00-04:00,392.78929793981433,393.4718009620609,390.9598207163616,392.5997314453125,45656600
2022-08-05 00:00:00-04:00,388.3245268751188,392.5806742115712,388.26765404558626,391.93609619140625,56814900
2022-08-08 00:00:00-04:00,393.6235081493515,395.87007236927724,390.3816112599049,391.481201171875,53886100
2022-08-09 00:00:00-04:00,390.7512903773344,391.25368644325886,388.8554517997777,389.9266052246094,44931800
2022-08-10 00:00:00-04:00,396.96969430070163,398.25887975700465,395.0169826060676,398.1166687011719,68665700
2022-08-11 00:00:00-04:00,400.96042696654627,402.81836986156515,397.37729270930276,398.1166687011719,59489700
2022-08-12 00:00:00-04:00,400.05042594390983,404.9606415265143,399.1025065374671,404.85638427734375,61694500
2022-08-15 00:00:00-04:00,402.6477019536426,407.0460617331619,402.5908291054767,406.5246887207031,54048300
2022-08-16 00:00:00-04:00,405.4535207281274,409.2451978170758,404.64778356108576,407.3209228515625,59289000
2022-08-17 00:00:00-04:00,403.7283280008868,407.1313549468698,402.42968313864895,404.4297790527344,63563400
2022-08-18 00:00:00-04:00,404.62874857532836,406.2876070636067,403.3395924356862,405.6051330566406,49023200
2022-08-19 00:00:00-04:00,402.84675039895933,403.11216664311075,399.28256461046794,400.1546630859375,68016900
2022-08-22 00:00:00-04:00,395.329701995395,395.5003494416631,390.92188337608326,391.8224182128906,77695600
2022-08-23 00:00:00-04:00,391.39585573923233,393.7846307828097,390.3247023494631,390.87451171875,49105200
2022-08-24 00:00:00-04:00,390.64704312287796,393.4908012724624,389.96456893805333,392.1258239746094,49177800
2022-08-25 00:00:00-04:00,393.6139571012594,397.70897496462175,392.52385581312956,397.6615905761719,50942300
2022-08-26 00:00:00-04:00,397.5479234905298,398.0882155528186,384.1443295439162,384.2012023925781,103087000
2022-08-29 00:00:00-04:00,381.2531682301508,384.70357956798847,380.30524889484775,381.6607666015625,65370800
2022-08-30 00:00:00-04:00,382.8172261577202,383.0542059895712,375.3760536519589,377.470947265625,85652400
2022-08-31 00:00:00-04:00,379.10134082789193,380.3431127380741,374.46603071215685,374.5987243652344,76029700
2022-09-01 00:00:00-04:00,372.428046300128,376.1154375189932,369.7264703742915,375.7742004394531,78740100
2022-09-02 00:00:00-04:00,379.4331384469464,380.64647400085363,370.0013297859772,371.8118591308594,99632100
2022-09-06 00:00:00-04:00,372.6555302445026,373.5939611226999,368.1908383071308,370.4089660644531,76637400
2022-09-07 00:00:00-04:00,370.0961415467539,377.83116684452074,369.87813861226584,377.0633544921875,70964200
2022-09-08 00:00:00-04:00,374.79778552612436,379.98287576733065,373.59390963079943,379.52789306640625,80821700
2022-09-09 00:00:00-04:00,381.7650577461701,386.2866518911624,381.4996414658426,385.4240417480469,76706900
2022-09-12 00:00:00-04:00,387.49043025851944,390.2868036201907,387.1870891554379,389.5663757324219,69256300
2022-09-13 00:00:00-04:00,380.9024232007864,382.1062993004574,371.5085678123265,372.6271057128906,122947100
2022-09-14 00:00:00-04:00,373.9257465690702,375.5656574561683,370.75021096587693,374.0489807128906,85023700
2022-09-15 00:00:00-04:00,372.49436398050875,375.33812191068284,368.53206820723454,369.8022766113281,87633800
2022-09-16 00:00:00-04:00,365.62958149307445,367.6378936491365,363.69737257463,366.98114013671875,103084800
2022-09-19 00:00:00-04:00,363.84005187278575,369.8269348144531,363.76389056536226,369.8269348144531,73278500
2022-09-20 00:00:00-04:00,366.5051690967704,367.51408871168167,362.83118428153335,365.5819091796875,77274900
2022-09-21 00:00:00-04:00,367.50461804644806,370.5504322147043,359.1953065563563,359.204833984375,106746600
2022-09-22 00:00:00-04:00,358.4337956869669,360.07091552367,355.44511739669144,356.1875305175781,89472600
2022-09-23 00:00:00-04:00,352.722940486398,352.7610211494688,345.78424282582023,350.2196960449219,122346900
2022-09-26 00:00:00-04:00,348.7538794551558,352.3707580104209,345.53674617910787,346.75506591796875,92581200
2022-09-27 00:00:00-04:00,350.2863328489352,352.5516532322038,343.4808733177717,345.86993408203125,108294100
2022-09-28 00:00:00-04:00,346.8217084645166,354.3600529595543,345.127482081543,352.67535400390625,110802200
2022-09-29 00:00:00-04:00,349.1345668445761,349.4200991606359,342.367189530678,345.30828857421875,112952300
2022-09-30 00:00:00-04:00,344.36600021604005,348.2779675279083,339.8353891876637,339.9686279296875,153711200
2022-10-03 00:00:00-04:00,343.6806881754969,350.7907337489844,341.90080218718504,348.9442138671875,89756500
2022-10-04 00:00:00-04:00,354.4551993806732,359.7853586515844,348.90614168269303,359.7568054199219,103602800
2022-10-05 00:00:00-04:00,355.3974984990643,361.1749817964111,353.0750722691506,358.919189453125,88065700
2022-10-06 00:00:00-04:00,357.52004633285617,360.4706728707626,354.7217133827097,355.2166748046875,82333500
2022-10-07 00:00:00-04:00,351.19048666130027,355.3023262947486,343.5474284997668,345.30828857421875,107789500
2022-10-10 00:00:00-04:00,346.42192984075376,346.65988314467035,340.43504562807703,342.6717834472656,76042800
2022-10-11 00:00:00-04:00,340.97758511374974,345.5367789247286,338.5694986420496,340.5016784667969,92482800
2022-10-12 00:00:00-04:00,340.91091321016154,342.48139902682294,339.1309983011124,339.37847900390625,76991800
2022-10-13 00:00:00-04:00,332.38265512986965,349.8008528442018,331.3356548770357,348.3350524902344,147254500
2022-10-14 00:00:00-04:00,350.7907254903841,352.4183468938871,339.7592145462475,340.3969421386719,123737000
2022-10-17 00:00:00-04:00,346.4695719640728,350.2482719633379,340.0638579364615,349.1441650390625,93168200
2022-10-18 00:00:00-04:00,357.0536513093477,357.35823847132036,349.81033854515664,353.24639892578125,97162900
2022-10-19 00:00:00-04:00,351.2095126771094,353.9317132956456,347.9352732315164,350.7431335449219,79746900
2022-10-20 00:00:00-04:00,350.29577817467606,354.71220495349155,347.0405645534775,347.8020324707031,88283100
2022-10-21 00:00:00-04:00,347.5260408349085,356.7395859020458,346.02218871676973,356.2541809082031,131038400
2022-10-24 00:00:00-04:00,357.77704931693273,361.7460937798273,355.1309809456278,360.6134338378906,85436900
2022-10-25 00:00:00-04:00,360.5373287022716,366.6860338162217,360.4231157662592,366.3719482421875,78846300
2022-10-26 00:00:00-04:00,363.2308833811119,368.903680899248,362.9739043202817,363.6116027832031,104087300
2022-10-27 00:00:00-04:00,364.61102062179475,366.44801277950654,361.0512201742432,361.669921875,81971800
2022-10-28 00:00:00-04:00,361.5652384352448,370.7502290607999,361.3843916220893,370.2743225097656,100302000
2022-10-31 00:00:00-04:00,367.81871998807645,369.68426585196175,366.6955873080766,367.59979248046875,96631300
2022-11-01 00:00:00-04:00,371.3404256632253,371.57837896955164,364.8204992604764,365.9912109375,85407600
2022-11-02 00:00:00-04:00,365.4010855031739,369.90317244332704,356.7015278683844,356.80621337890625,126990400
2022-11-03 00:00:00-04:00,353.5700586148132,356.1685191668986,351.01920615203176,353.1322326660156,87100100
2022-11-04 00:00:00-04:00,358.8335469874606,360.61343287804317,352.170855133582,358.2148742675781,103505200
2022-11-07 00:00:00-05:00,359.5093069084671,362.2315073959389,357.4343613850076,361.6413879394531,68286900
2022-11-08 00:00:00-05:00,362.74552365571884,366.5623039769019,359.5188919325988,363.5926513671875,84641100
2022-11-09 00:00:00-05:00,361.62234147920316,362.77405623568103,355.60687575970667,356.1018371582031,78495500
2022-11-10 00:00:00-05:00,369.35108918360226,376.00428299719744,367.0572450041489,375.671142578125,141455800
2022-11-11 00:00:00-05:00,376.5277303971915,380.1065568499029,374.6431300540452,379.3070373535156,93839900
2022-11-14 00:00:00-05:00,377.5462448649226,380.89661702699635,375.80441036199727,376.0804443359375,71903500
2022-11-15 00:00:00-05:00,381.8198821687392,382.9239890323085,375.48080239259394,379.2880554199219,93194500
2022-11-16 00:00:00-05:00,377.6604299906343,378.61224316456577,375.76633106956126,376.39453125,68508500
2022-11-17 00:00:00-05:00,371.6449453937852,375.91860608551974,371.34038726892305,375.2427978515625,74496300
2022-11-18 00:00:00-05:00,378.5741867367159,378.6408206344442,374.1006819611119,376.94659423828125,92922500
2022-11-21 00:00:00-05:00,375.6235052961584,376.7466376918826,373.7389050539046,375.5758972167969,51243200
2022-11-22 00:00:00-05:00,377.5176474312929,380.79188693120494,376.1089535381112,380.63006591796875,60429000
2022-11-23 00:00:00-05:00,380.2969884985024,383.5141220670557,380.0685626038953,383.0287170410156,68261600
2022-11-25 00:00:00-05:00,382.4671170422372,383.4950916496888,382.19111210524926,382.9430236816406,30545400
2022-11-28 00:00:00-05:00,379.85918746901655,381.4963075976525,376.0709598680813,376.8324279785156,67881600
2022-11-29 00:00:00-05:00,376.96561491269216,378.15538144006086,374.34812855248094,376.1851501464844,52310000
2022-11-30 00:00:00-05:00,376.4326114888511,388.03521728515625,374.519486615748,388.03521728515625,144566700
2022-12-01 00:00:00-05:00,389.0727307875974,390.2434716595096,385.24645159557684,387.7497253417969,76398200
2022-12-02 00:00:00-05:00,382.86685419503635,388.20651222768515,382.76216868711776,387.30230712890625,85342700
2022-12-05 00:00:00-05:00,384.48494250767516,385.4177008262784,378.98346353454565,380.33502197265625,77289800
2022-12-06 00:00:00-05:00,380.1732617355015,380.7157732131678,372.76815579992063,374.85260009765625,77972200
2022-12-07 00:00:00-05:00,374.005504706076,376.57541212687585,373.0822446819997,374.21490478515625,65927900
2022-12-08 00:00:00-05:00,376.09948257287107,378.2124799961138,374.3195674856605,377.1464538574219,60737900
2022-12-09 00:00:00-05:00,375.90905369871786,378.45990573812827,374.2053001815389,374.32904052734375,81447700
2022-12-12 00:00:00-05:00,375.119119770537,379.7259216308594,374.4528678993267,379.7259216308594,75405800
2022-12-13 00:00:00-05:00,390.45286275137533,390.70984189180217,379.8401500031239,382.60040283203125,123782500
2022-12-14 00:00:00-05:00,382.2577044665144,385.9602719426471,377.2131058725146,380.1542053222656,108111300
2022-12-15 00:00:00-05:00,375.2999318308924,376.20416598654884,369.1988348015829,370.85498046875,117705900
2022-12-16 00:00:00-05:00,368.3029691083944,369.6416209558771,364.34438227509384,366.4766540527344,119858000
2022-12-19 00:00:00-05:00,366.6678340994925,367.00250429400353,361.70523742151596,363.3689880371094,79878100
2022-12-20 00:00:00-05:00,362.6136124267533,365.4821639806004,361.29407404311723,363.8662109375,74427200
2022-12-21 00:00:00-05:00,366.4574464966575,370.4351746621718,365.9219858955704,369.306884765625,78167400
2022-12-22 00:00:00-05:00,366.26619498775557,369.2877393144812,358.34899424622876,364.0382995605469,100120900
2022-12-23 00:00:00-05:00,363.0152768784984,366.27586806369106,361.46626335166565,366.1324462890625,59857300
2022-12-27 00:00:00-05:00,366.0176778685383,366.36189009849295,363.01524613197586,364.6885681152344,51638200
2022-12-28 00:00:00-05:00,364.6216127041186,366.59137848650926,359.9267751898031,360.15625,70911500
2022-12-29 00:00:00-05:00,362.99604137114017,367.5092298344996,362.47012280084226,366.63909912109375,66970900
2022-12-30 00:00:00-05:00,363.961883087202,365.8168531569802,361.84869548769285,365.6734313964844,84022200
2023-01-03 00:00:00-05:00,367.52835185196017,369.49808808826083,361.27490181125125,364.1339111328125,74850700
2023-01-04 00:00:00-05:00,366.3905264117615,368.9722345195995,363.34986872415914,366.94512939453125,85934100
2023-01-05 00:00:00-05:00,364.99457777745386,365.1093151949147,362.1642811518745,362.7571105957031,76970500
2023-01-06 00:00:00-05:00,365.8455090657922,372.19458418736764,362.7857380848977,371.0758361816406,104189600
2023-01-09 00:00:00-05:00,373.26550947515705,376.44961824670435,370.6838304181261,370.865478515625,73978100
2023-01-10 00:00:00-05:00,370.2822289287242,373.5332484725184,369.34515816722075,373.46630859375,65358100
2023-01-11 00:00:00-05:00,375.0440257972263,378.26636090740493,374.2312636370513,378.1898498535156,68881100
2023-01-12 00:00:00-05:00,379.28943913488575,381.0296714661986,375.2256580025695,379.56671142578125,90157700
2023-01-13 00:00:00-05:00,376.3730941204777,381.61299228704434,376.10536380133436,381.0392761230469,63903900
2023-01-17 00:00:00-05:00,381.0201591163604,382.69348088927234,379.66236518124305,380.34124755859375,62677300
2023-01-18 00:00:00-05:00,381.526947386791,382.58829750949707,374.1356353327088,374.33642578125,99632300
2023-01-19 00:00:00-05:00,372.2997830998825,373.94442072442195,370.2918200719056,371.6113586425781,86958900
2023-01-20 00:00:00-05:00,373.0073162714171,378.68705053096147,371.36267892386525,378.5340576171875,91806400
2023-01-23 00:00:00-05:00,379.3373361629709,385.00750055643533,378.38115211629884,383.0760192871094,84178800
2023-01-24 00:00:00-05:00,381.40268604904264,383.57321326654665,380.2170272035857,382.66485595703125,59524900
2023-01-25 00:00:00-05:00,378.6010544265812,383.14292828207675,376.3157607326886,382.8082580566406,84800300
2023-01-26 00:00:00-05:00,385.46642861189923,387.17800600043023,382.5022526217131,387.01544189453125,72287400
2023-01-27 00:00:00-05:00,385.97324291614746,390.2760709827511,385.7628812656745,387.90472412109375,68346200
2023-01-30 00:00:00-05:00,385.1508780562935,387.37880296998725,382.7413050405992,383.0377197265625,74202000
2023-01-31 00:00:00-05:00,383.5540574493801,388.7174447402499,383.20981606709955,388.6696472167969,86811800
2023-02-01 00:00:00-05:00,387.45528923844535,395.54462644508357,384.7206171548962,392.80035400390625,101459200
2023-02-02 00:00:00-05:00,396.68245506156615,399.9813013244029,394.78922953717114,398.5183410644531,101654500
2023-02-03 00:00:00-05:00,393.5556701552829,398.69994345136115,393.0775782754304,394.2823791503906,94736800
2023-02-06 00:00:00-05:00,391.8345763914126,393.2688521236934,390.21862339860974,391.872802734375,60295300
2023-02-07 00:00:00-05:00,390.9548967397829,398.241013206568,389.7118693730586,396.99798583984375,90990700
2023-02-08 00:00:00-05:00,395.0282373142556,396.36688886374986,391.96843733219856,392.6568908691406,76227500
2023-02-09 00:00:00-05:00,396.2522033663381,396.4051963035193,388.0290153704697,389.2529296875,78694900
2023-02-10 00:00:00-05:00,388.0768126828916,390.5437836705012,387.2640796514173,390.16131591796875,70769700
2023-02-13 00:00:00-05:00,390.8115223602018,394.8753043260224,390.352543539111,394.7414245605469,64913500
2023-02-14 00:00:00-05:00,393.22101173495633,396.8640696336887,390.61064866854656,394.5596923828125,88389300
2023-02-15 00:00:00-05:00,392.3701118499811,395.9175463340548,391.52866525765285,395.841064453125,61555700
2023-02-16 00:00:00-05:00,390.8784407346895,394.8179138959173,390.25692701019995,390.3907775878906,76431500
2023-02-17 00:00:00-05:00,388.2680643786122,389.6545428210452,386.34612524209655,389.4154968261719,89257800
2023-02-21 00:00:00-05:00,385.39950609313314,386.4513142893378,381.34529542458307,381.60345458984375,82655900
2023-02-22 00:00:00-05:00,382.0145561334285,383.55402728513724,379.62409654042705,381.0775146484375,83742300
2023-02-23 00:00:00-05:00,383.965204449082,384.577176151522,378.88787027584414,383.1046447753906,96242400
2023-02-24 00:00:00-05:00,378.0942785897589,379.84408241701556,376.39227228887677,379.01220703125,108194400
2023-02-27 00:00:00-05:00,382.3492579579314,383.7070519585176,379.365968807818,380.30303955078125,80444700
2023-02-28 00:00:00-05:00,379.82496053517093,381.78512595829335,378.79226552930106,378.8974609375,96438600
2023-03-01 00:00:00-05:00,378.08465625730815,379.3085704071732,376.14360422634064,377.4440002441406,99706800
2023-03-02 00:00:00-05:00,375.4742885040699,381.2209631061389,375.13961830151106,380.3795166015625,85127800
2023-03-03 00:00:00-05:00,382.1962660076362,386.7285976253681,381.54606794616154,386.47998046875,90120000
2023-03-06 00:00:00-05:00,387.3022850157021,389.59714976739536,386.3078747490803,386.7477111816406,72795900
2023-03-07 00:00:00-05:00,386.6998590400402,386.93890498621045,380.20736297154104,380.8193054199219,108310600
2023-03-08 00:00:00-05:00,380.93414163742426,382.1962822868647,379.21299300204765,381.44091796875,74746600
2023-03-09 00:00:00-05:00,382.22492782127654,383.8887075845493,373.4184826190144,374.4033508300781,111945300
2023-03-10 00:00:00-05:00,373.8583166785041,375.9332484862883,367.48058669730784,369.00091552734375,189253000
2023-03-13 00:00:00-04:00,365.0805650006383,373.2846390345943,363.9713881978472,368.4750061035156,157790000
2023-03-14 00:00:00-04:00,373.3898317252391,376.21058604424246,370.0909854321958,374.5659484863281,149752400
2023-03-15 00:00:00-04:00,368.98175785790704,372.42399598152093,366.8972551252059,372.22320556640625,172996900
2023-03-16 00:00:00-04:00,369.87107021323396,379.0982391870772,369.36429390384325,378.7539978027344,143254200
2023-03-17 00:00:00-04:00,377.4255889740926,378.55818505074,372.9431553160695,374.3253173828125,140553400
2023-03-20 00:00:00-04:00,375.1028011958168,378.33746367070916,374.40214170963634,377.9247131347656,93055800
2023-03-21 00:00:00-04:00,381.28418093617404,383.3670321413763,379.690854100462,382.8871154785156,91524200
2023-03-22 00:00:00-04:00,382.71431965042825,386.3232727268631,376.3218267349629,376.3601989746094,111746600
2023-03-23 00:00:00-04:00,379.2204571484992,383.25176789780386,374.6708576136584,377.3775939941406,119351300
2023-03-24 00:00:00-04:00,376.10105243097433,379.94038538264834,373.7590569871103,379.85400390625,107682400
2023-03-27 00:00:00-04:00,382.12883352250185,382.8967177472465,379.671662586895,380.5643005371094,74010400
2023-03-28 00:00:00-04:00,379.8731772141997,380.5642582938647,377.8767370350477,379.71002197265625,62871700
2023-03-29 00:00:00-04:00,383.8660584843338,385.46899270747423,382.6662670661032,385.2290344238281,77497900
2023-03-30 00:00:00-04:00,387.8589998974814,388.10856590647154,385.62260139743574,387.48468017578125,69840000
2023-03-31 00:00:00-04:00,388.4060846284512,393.2436518891425,388.3004877505952,392.94610595703125,112062600
2023-04-03 00:00:00-04:00,392.42779542260035,394.84656445369103,392.03426030988214,394.4434509277344,67391100
2023-04-04 00:00:00-04:00,395.08655642138893,395.37452397054454,390.88248211307797,392.25506591796875,66601500
2023-04-05 00:00:00-04:00,391.52551221780175,392.28378854696774,389.57705225180376,391.22796630859375,65200200
2023-04-06 00:00:00-04:00,390.43128047849984,393.03244914257624,389.3850659655968,392.75408935546875,63743300
2023-04-10 00:00:00-04:00,390.277787817443,393.2340906618624,389.6635097627265,393.15728759765625,63681000
2023-04-11 00:00:00-04:00,393.7812271299072,394.6642573806665,392.4950539964702,393.2629089355469,59297900
2023-04-12 00:00:00-04:00,395.3264818376402,395.61444936283374,391.0744279375137,391.659912109375,86420400
2023-04-13 00:00:00-04:00,392.7445207254535,397.2173467130726,391.6023169352439,396.8622131347656,85814800
2023-04-14 00:00:00-04:00,396.22873922494233,398.4171577397506,393.58919793642514,395.8927917480469,78161500
2023-04-17 00:00:00-04:00,395.80637894641507,397.3325100919648,394.5777937246766,397.3133239746094,66436400
2023-04-18 00:00:00-04:00,398.8874765900454,399.0218673008723,396.1999552913603,397.572509765625,63560000
2023-04-19 00:00:00-04:00,395.66241754419593,398.4075262603893,395.60482989922565,397.50531005859375,55227300
2023-04-20 00:00:00-04:00,394.69301944461137,397.08302413683805,393.79077385332334,395.33612060546875,75840400
2023-04-21 00:00:00-04:00,395.63367232336066,396.10398124565415,393.6948196903557,395.6432800292969,73457400
2023-04-24 00:00:00-04:00,395.4416314735753,396.4782676301581,394.10747868962846,396.0559387207031,64332100
2023-04-25 00:00:00-04:00,394.0883231137075,394.6450428024144,389.7114858346393,389.7690734863281,97766700
2023-04-26 00:00:00-04:00,390.3833550986097,391.4583635816679,387.56144318468967,388.1181335449219,80447000
2023-04-27 00:00:00-04:00,390.652086810784,396.11353970438057,390.40252082176045,395.84478759765625,92968400
2023-04-28 00:00:00-04:00,394.9617875942257,399.23305741321724,394.90419994068407,399.22344970703125,89433100
2023-05-01 00:00:00-04:00,398.7818194253997,400.84545452606756,398.5898411078488,398.8202209472656,62122300
2023-05-02 00:00:00-04:00,398.10993585532395,398.1579450819576,391.43911386272157,394.3377990722656,103998500
2023-05-03 00:00:00-04:00,394.837004192524,397.24619509986604,391.3912062306647,391.63116455078125,91531800
2023-05-04 00:00:00-04:00,390.5849268562114,390.91126663739385,387.52305652796423,388.85723876953125,94901900
2023-05-05 00:00:00-04:00,392.4853583991723,397.10215328992234,392.2262140059175,396.0559387207031,87891800
2023-05-08 00:00:00-04:00,396.3823322476967,396.64147667611564,394.76021173712985,396.16156005859375,50046800
2023-05-09 00:00:00-04:00,394.6162031980649,395.53763480997924,394.1938742734827,394.4242248535156,49220100
2023-05-10 00:00:00-04:00,397.25577792419296,397.88927136463667,392.44700411687967,396.26715087890625,96142900
2023-05-11 00:00:00-04:00,395.4033173680311,395.8640185793233,393.5028369960926,395.5760803222656,70157100
2023-05-12 00:00:00-04:00,396.8142503993596,397.0254148728848,392.63897016343816,395.0577392578125,70481500
2023-05-15 00:00:00-04:00,395.66240845072787,396.8237983199805,393.75234992228525,396.4206848144531,54289400
2023-05-16 00:00:00-04:00,395.31695461644586,396.238415734528,393.762029255893,393.7716369628906,57705500
2023-05-17 00:00:00-04:00,395.78721992832476,399.1562144912637,394.14591338269895,398.5515441894531,87287000
2023-05-18 00:00:00-04:00,398.234744921799,402.81316752783374,398.01400205687503,402.3908386230469,97177200
2023-05-19 00:00:00-04:00,403.29311788250186,403.82101441184767,400.58638129995114,401.80535888671875,103793300
2023-05-22 00:00:00-04:00,401.8246282749285,403.5043365562108,400.5864351115969,401.9685974121094,60745400
2023-05-23 00:00:00-04:00,400.32722839371974,401.9013689419868,397.0638012887145,397.45733642578125,86383500
2023-05-24 00:00:00-04:00,395.85444497777297,396.238372422446,393.4164603018304,394.5778503417969,89213700
2023-05-25 00:00:00-04:00,398.08116295648546,399.44413882097075,395.8447647643643,397.9947814941406,90961600
2023-05-26 00:00:00-04:00,398.64745889564364,403.86895317673464,398.57068513788386,403.1490783691406,93830000
2023-05-30 00:00:00-04:00,405.07840112218025,405.6062976614237,401.9205417166639,403.3027038574219,72216000
2023-05-31 00:00:00-04:00,401.47897485167186,402.38122027969905,399.50172107325835,401.0662536621094,110811800
2023-06-01 00:00:00-04:00,401.2966730663804,405.9326839874396,400.0489015795839,404.8768615722656,88865000
2023-06-02 00:00:00-04:00,407.4491692853337,411.51885243910056,406.92127277329087,410.7318115234375,91426200
2023-06-05 00:00:00-04:00,411.0773593229492,412.36353228842165,409.2440744066445,409.94476318359375,65460200
2023-06-06 00:00:00-04:00,409.53201283462573,411.36526832885664,408.87930404707026,410.8373718261719,64022200
2023-06-07 00:00:00-04:00,411.2309997126284,412.36359602704806,408.994571620611,409.4169006347656,85373300
2023-06-08 00:00:00-04:00,409.48399798951436,412.34431121135276,408.71614321581194,411.8931884765625,61952800
2023-06-09 00:00:00-04:00,412.6898813507892,414.63834160760314,411.64366666036057,412.6322937011719,85742800
2023-06-12 00:00:00-04:00,413.61131547404943,416.45241340725585,412.8914406087862,416.3756103515625,76104300
2023-06-13 00:00:00-04:00,417.8346155400201,419.76386044542505,417.1723282571571,419.12078857421875,95899700
2023-06-14 00:00:00-04:00,419.4566872999007,421.4243335080621,416.1740450929453,419.6198425292969,100612100
2023-06-15 00:00:00-04:00,418.8040012480244,426.0699454976172,418.7080413628314,424.8221740722656,110303100
2023-06-16 00:00:00-04:00,426.80484934957235,427.3732510116979,422.9030966686289,423.3751525878906,114165800
2023-06-20 00:00:00-04:00,421.4387253030806,422.32503554227975,419.1072877770987,421.1785888671875,76160400
2023-06-21 00:00:00-04:00,420.1959468611093,420.99555478179644,418.4329109170005,419.0205993652344,76982300
2023-06-22 00:00:00-04:00,418.0668439684426,420.6391018260277,417.72964857046975,420.53314208984375,70637200
2023-06-23 00:00:00-04:00,417.0841314152319,419.13617505158805,416.6409763099136,417.3538818359375,92074500
2023-06-26 00:00:00-04:00,416.7855154988048,418.7026693868189,415.40786249787595,415.6487121582031,72823600
2023-06-27 00:00:00-04:00,416.52534656947205,420.82209563920264,416.07254809930254,420.2055358886719,72813700
2023-06-28 00:00:00-04:00,419.1265310456325,421.4290677123489,418.509971256602,420.4175109863281,75636000
2023-06-29 00:00:00-04:00,420.00325329466176,422.2383451446893,419.5986423394109,422.0745544433594,67882300
2023-06-30 00:00:00-04:00,425.28267848094407,428.0379843526411,424.96474047999936,427.0553283691406,104964000
2023-07-03 00:00:00-04:00,426.70853977944085,427.82605633249915,426.4291459408796,427.54669189453125,32793400
2023-07-05 00:00:00-04:00,425.7355105986345,427.6430505530816,425.725867203726,426.9108581542969,58418400
2023-07-06 00:00:00-04:00,423.3366038147622,423.9917077726785,421.06296794825374,423.56781005859375,80658300
2023-07-07 00:00:00-04:00,422.57550143257924,426.43873894163033,422.25756345371417,422.4984130859375,86134200
2023-07-10 00:00:00-04:00,422.1419696202549,423.7412147414674,421.5735680037754,423.56781005859375,62443500
2023-07-11 00:00:00-04:00,424.32893908451956,426.7566930521444,423.3558970583311,426.2653503417969,64463800
2023-07-12 00:00:00-04:00,430.0514894814251,431.1015903646367,428.62564905437046,429.69500732421875,91924500
2023-07-13 00:00:00-04:00,431.506253963796,433.89549322497544,431.0727422071223,433.1054992675781,72425200
2023-07-14 00:00:00-04:00,433.991813962652,434.83958003816,432.07463074719146,432.8357238769531,69815800
2023-07-17 00:00:00-04:00,432.6911892645716,435.3886934056767,432.6430016974079,434.3385925292969,52680200
2023-07-18 00:00:00-04:00,434.0110058202374,438.21140898958953,433.5774647534116,437.5659484863281,80668200
2023-07-19 00:00:00-04:00,438.35601441060516,439.724023983291,437.48893213427476,438.5390625,65891700
2023-07-20 00:00:00-04:00,437.5467915202886,438.442745236727,434.91670253914305,435.6296081542969,70591600
2023-07-21 00:00:00-04:00,437.34445662901965,437.5467915202886,435.6199941598992,435.6296081542969,71275600
2023-07-24 00:00:00-04:00,436.77598531715506,438.38487379289774,435.7451418375123,437.57562255859375,54023400
2023-07-25 00:00:00-04:00,437.30587795856155,440.02263949533193,437.2576903912355,438.7702331542969,55191200
2023-07-26 00:00:00-04:00,437.8357342912967,440.26348802035136,436.7856334140258,438.8376770019531,71052900
2023-07-27 00:00:00-04:00,442.2191833737535,442.62382369326946,435.0225951669556,435.9281921386719,92194400
2023-07-28 00:00:00-04:00,439.1941936182639,441.024645224626,435.9282579906258,440.1961364746094,80011800
2023-07-31 00:00:00-04:00,440.66814456102355,441.39069349037516,439.35790721415856,441.03424072265625,62040400
2023-08-01 00:00:00-04:00,439.5698819163366,440.51402315707037,438.81843216166044,439.772216796875,55291500
2023-08-02 00:00:00-04:00,436.66043160748643,436.9205386548979,432.9031828085776,433.6546325683594,93933400
2023-08-03 00:00:00-04:00,431.6410971149184,434.29044314301314,430.995607146359,432.41180419921875,64276100
2023-08-04 00:00:00-04:00,434.2230384704291,436.3232404604835,429.9359027397443,430.4561462402344,100128900
2023-08-07 00:00:00-04:00,432.2866424522289,434.36758726861206,431.59299418010113,434.21343994140625,58357500
2023-08-08 00:00:00-04:00,431.6797052044058,434.2038346623976,428.9725570298171,432.3251953125,71361300
2023-08-09 00:00:00-04:00,432.59491357535535,432.75870428928835,428.6738738420237,429.4349670410156,78789600
2023-08-10 00:00:00-04:00,431.7856284811605,435.16716703483127,428.42337671620794,429.5890808105469,93005500
2023-08-11 00:00:00-04:00,427.72008989099777,430.3501787286785,427.1227874459535,429.3385925292969,68690900
2023-08-14 00:00:00-04:00,428.4233633029166,431.7085266113281,428.1150686990038,431.7085266113281,47867400
2023-08-15 00:00:00-04:00,429.9358583347008,430.29234049304716,426.1111649328765,426.6795959472656,75707500
2023-08-16 00:00:00-04:00,426.2653150386881,427.9223617239687,423.44256433778145,423.5485534667969,80107200
2023-08-17 00:00:00-04:00,425.01294414487614,425.27305119137833,419.8009540161682,420.3211975097656,95711300
2023-08-18 00:00:00-04:00,417.50808644271694,421.55437270930423,417.1612770258868,420.5235290527344,98852000
2023-08-21 00:00:00-04:00,421.53502982303786,424.0013277942752,419.38666984217986,423.259521484375,68719000
2023-08-22 00:00:00-04:00,425.0321947779214,425.0321947779214,421.55433988295033,422.11309814453125,64994200
2023-08-23 00:00:00-04:00,423.17286834168584,427.4311034249485,423.0283644204359,426.81451416015625,68441000
2023-08-24 00:00:00-04:00,428.41369725884107,428.92429730681755,420.87027025881116,420.8992004394531,88517300
2023-08-25 00:00:00-04:00,422.62372359066535,425.14782341445994,419.07842352366526,423.86651611328125,102325100
2023-08-28 00:00:00-04:00,426.05339622552776,427.1709421526019,423.8664919427265,426.55438232421875,61595400
2023-08-29 00:00:00-04:00,426.44841900560834,432.9995476574254,426.2653709047112,432.72015380859375,83081900
2023-08-30 00:00:00-04:00,433.057282576268,435.13822692888783,432.35399106524045,434.50238037109375,69053900
2023-08-31 00:00:00-04:00,435.1189529964718,436.2557562391773,433.6834985527266,433.8665466308594,66084600
2023-09-01 00:00:00-04:00,436.5832902552028,437.0649894821143,433.2210096589612,434.6757507324219,58944100
2023-09-05 00:00:00-04:00,434.23266409054196,434.55057269413254,432.72976461783867,432.79718017578125,55166200
2023-09-06 00:00:00-04:00,431.987958395261,432.0939475374288,427.5659620214055,429.88775634765625,70758500
2023-09-07 00:00:00-04:00,426.89156794336543,429.24226303585164,426.5447585365695,428.5679016113281,70355400
2023-09-08 00:00:00-04:00,428.61604594030854,430.74514868706615,428.25959315019446,429.2133483886719,61659700
2023-09-11 00:00:00-04:00,431.83376742594476,432.34436749416994,430.12856253408137,432.0361022949219,60180100
2023-09-12 00:00:00-04:00,430.59102153155527,432.11317840274216,429.0881220484013,429.6661376953125,67565400
2023-09-13 00:00:00-04:00,429.88768993651144,431.32314432701645,428.78940150844926,430.1670837402344,60199300
2023-09-14 00:00:00-04:00,432.63336626870154,434.56977723810513,431.33277242916336,433.8761291503906,83430800
2023-09-15 00:00:00-04:00,432.29352436707654,432.62223173023705,428.2136407942197,428.648681640625,111848900
2023-09-18 00:00:00-04:00,428.3393572391215,430.1956202798295,427.8656361967372,428.9001159667969,55752200
2023-09-19 00:00:00-04:00,427.9816784232244,428.57143992105387,425.33266414931774,428.01068115234375,66514600
2023-09-20 00:00:00-04:00,429.2674693964477,429.68318495179983,423.8727265693422,424.0757751464844,82562600
2023-09-21 00:00:00-04:00,421.233389771168,421.49441429318694,416.91180676973505,417.0664978027344,104095800
2023-09-22 00:00:00-04:00,418.091288955446,419.6864977783781,415.71294757869936,416.1286926269531,100829700
2023-09-25 00:00:00-04:00,414.920205158679,417.9172517040119,414.485134786977,417.87860107421875,70874500
2023-09-26 00:00:00-04:00,414.84285049792544,415.54862280920696,410.90798029741677,411.73944091796875,96168400
2023-09-27 00:00:00-04:00,412.9092856337623,413.4700443597365,408.26867230252077,411.90380859375,104705800
2023-09-28 00:00:00-04:00,411.35267675993066,415.96428646714304,410.7629154217767,414.2917175292969,92258300
2023-09-29 00:00:00-04:00,417.3371969608053,417.5112133076614,411.7684378270295,413.28631591796875,115111300
2023-10-02 00:00:00-04:00,412.4548256054054,414.3690937958554,410.36654108063146,413.1219177246094,83798600
2023-10-03 00:00:00-04:00,410.9466132055397,413.17991127797546,406.22864047101564,407.5918273925781,103760600
2023-10-04 00:00:00-04:00,408.0559969911016,411.3044205907774,406.59612415084763,410.55999755859375,87453000
2023-10-05 00:00:00-04:00,410.26984669791165,411.2463208378169,407.18579226927517,410.40521240234375,70142700
2023-10-06 00:00:00-04:00,407.9592644123595,416.81512702154566,406.6347574601129,415.2779235839844,113273300
2023-10-09 00:00:00-04:00,413.3829806224,418.5070215863633,412.8319288458573,417.9366149902344,80374400
2023-10-10 00:00:00-04:00,418.5649663005958,422.7028550027733,418.1685761124723,420.1118469238281,78607300
2023-10-11 00:00:00-04:00,421.17537943505704,422.08414129890025,418.79703802262225,421.8327941894531,62451700
2023-10-12 00:00:00-04:00,422.4419396645169,422.8189751332802,416.9118599230101,419.26116943359375,81154200
2023-10-13 00:00:00-04:00,420.7596289275812,421.9584770278049,415.60661494268294,417.1728210449219,95143100
2023-10-16 00:00:00-04:00,419.4157827397426,422.6255551040407,419.1740835467255,421.56207275390625,75433200
2023-10-17 00:00:00-04:00,418.4393454760135,423.5923892481788,418.09131276942526,421.5427551269531,75324700
2023-10-18 00:00:00-04:00,419.7734596144878,420.7305789017386,414.842790566168,415.92559814453125,93559800
2023-10-19 00:00:00-04:00,416.64111990263626,418.4490253157197,411.59443909771255,412.27117919921875,121323000
2023-10-20 00:00:00-04:00,411.83610400929126,412.37750784711915,407.0987761718527,407.20513916015625,123919900
2023-10-23 00:00:00-04:00,405.6776368923659,410.3569598965053,403.92773684712256,406.4994201660156,92035100
2023-10-24 00:00:00-04:00,408.61667642933105,410.7146385432617,406.7700909338865,409.56414794921875,78564200
2023-10-25 00:00:00-04:00,407.88192884542195,407.91093157015536,403.17360349885,403.6860046386719,94223200
2023-10-26 00:00:00-04:00,402.6225515026816,403.47330792914914,397.9335809780985,398.8520202636719,115156800
2023-10-27 00:00:00-04:00,400.43756406837696,400.83395429205797,395.6229054415524,397.0440979003906,107367700
2023-10-30 00:00:00-04:00,399.82851071417565,402.84491222424634,398.53300645045545,401.7911071777344,86562700
2023-10-31 00:00:00-04:00,402.3614742415841,404.6334525608876,400.4568834170143,404.3144226074219,79665200
2023-11-01 00:00:00-04:00,405.28123407598383,409.43844855236455,404.74947812853236,408.6263427734375,98068100
2023-11-02 00:00:00-04:00,412.41619465013827,416.61211901779166,412.39686933434086,416.4574279785156,94938900
2023-11-03 00:00:00-04:00,418.7584345746445,421.80383898984763,418.63274625361095,420.2569580078125,100167800
2023-11-06 00:00:00-05:00,421.01102787683624,421.66844265759465,419.28045324415575,421.2237243652344,67831700
2023-11-07 00:00:00-05:00,421.2237277176419,423.0606358569916,420.0829145000172,422.42254638671875,64256100
2023-11-08 00:00:00-05:00,423.0218997774992,423.54397827582386,420.4308916076277,422.73187255859375,61746000
2023-11-09 00:00:00-05:00,423.8727133946502,423.9113935278032,419.0097266771128,419.43511962890625,83174400
2023-11-10 00:00:00-05:00,421.5040718428815,426.2896982135309,419.4254351571336,425.9803161621094,89462200
2023-11-13 00:00:00-05:00,424.6461326803493,426.67638218285714,423.863029699829,425.5742492675781,52236100
2023-11-14 00:00:00-05:00,431.50079597873554,435.1166069139446,431.2784220719966,433.8307800292969,97176900
2023-11-15 00:00:00-05:00,435.16492211328534,436.3927730128096,433.8984205823122,434.74920654296875,77327600
2023-11-16 00:00:00-05:00,434.30447059030485,435.59997479434537,433.24098818272,435.28094482421875,66665800
2023-11-17 00:00:00-05:00,435.2906012114316,436.43144390959674,434.37216191303287,435.8223571777344,83133200
2023-11-20 00:00:00-05:00,435.57093106914016,440.01820194313484,435.5612536604329,439.1770935058594,69936200
2023-11-21 00:00:00-05:00,438.13296253247677,439.05143128536895,436.95346926763995,438.219970703125,49244600
2023-11-22 00:00:00-05:00,439.8733061505178,441.22681603879204,438.81950096949345,439.9119567871094,59394900
2023-11-24 00:00:00-05:00,439.9602422808771,440.3759578384197,439.6315348978691,440.1825866699219,29737400
2023-11-27 00:00:00-05:00,439.55413995178077,440.3662456876674,439.00305871890555,439.3898010253906,50506000
2023-11-28 00:00:00-05:00,439.00304598057033,441.1203331786689,438.44231685931027,439.8248291015625,62115000
2023-11-29 00:00:00-05:00,441.97114450802434,443.10230972873876,439.1191116939092,439.5154724121094,63146000
2023-11-30 00:00:00-05:00,440.35665713551293,441.59415597189025,438.2876976332808,441.24609375,79752700
2023-12-01 00:00:00-05:00,440.6369952391435,444.3881717849613,440.0472633152973,443.8564453125,89183400
2023-12-04 00:00:00-05:00,440.4726841519421,443.87579870037587,439.25451058722007,441.5264892578125,72430900
2023-12-05 00:00:00-05:00,440.14394887033336,442.3965725770802,439.76688393206007,441.439453125,69793500
2023-12-06 00:00:00-05:00,443.57606849081975,443.60507121667763,439.225482586349,439.6605529785156,69124700
2023-12-07 00:00:00-05:00,441.73917136361564,443.6630877368815,441.13976201140014,443.0153503417969,66995400
2023-12-08 00:00:00-05:00,442.27087844484373,445.451648340426,442.02917923250493,444.919921875,83194400
2023-12-11 00:00:00-05:00,444.42680041904015,446.82446698086267,444.2141039538438,446.6504211425781,65002200
2023-12-12 00:00:00-05:00,446.3024402574832,448.7871152745883,445.30664066950123,448.6904296875,68327600
2023-12-13 00:00:00-05:00,449.067501155131,455.1293368508186,448.7097910080703,454.8779602050781,93278000
2023-12-14 00:00:00-05:00,456.8114895469167,458.0006602364905,453.6693999362765,456.3377685546875,119026000
2023-12-15 00:00:00-05:00,455.74168294193043,456.9162712434612,453.7420093093976,455.58636474609375,141553700
2023-12-18 00:00:00-05:00,457.1882003056551,459.1296338681887,456.13012256894524,458.1492004394531,70375300
2023-12-19 00:00:00-05:00,458.69270565753243,461.012732509764,458.61506136543755,460.93505859375,55761800
2023-12-20 00:00:00-05:00,460.0808576886502,461.96405036999886,454.1206728290634,454.54779052734375,102921000
2023-12-21 00:00:00-05:00,457.5278509164755,459.1295570366737,455.1107760152546,458.8577575683594,86667500
2023-12-22 00:00:00-05:00,459.98377994700513,461.4592882220052,457.8870580411275,459.7799377441406,67160400
2023-12-26 00:00:00-05:00,460.18765521976536,462.62413389794295,460.109981297383,461.72137451171875,55387000
2023-12-27 00:00:00-05:00,461.5175394244562,462.70181495571654,460.9836571015111,462.55621337890625,68000300
2023-12-28 00:00:00-05:00,462.9153345190397,463.5656980482324,462.31349497002446,462.73089599609375,77158100
2023-12-29 00:00:00-05:00,462.53673484415077,463.060930093317,459.44014657654174,461.39129638671875,122283100
2024-01-02 00:00:00-05:00,458.3335624378489,459.7993540123723,456.7124526493962,458.8092041015625,123623700
2024-01-03 00:00:00-05:00,456.6542157231931,457.3919698393569,454.4604162904711,455.062255859375,103585900
2024-01-04 00:00:00-05:00,454.5865863632777,457.16869615612853,453.37319057475315,453.5964660644531,84232200
2024-01-05 00:00:00-05:00,453.8003122508208,456.66393818647634,452.7713549830218,454.2177429199219,86118900
2024-01-08 00:00:00-05:00,454.71278328613425,460.84771948944723,454.5865853845721,460.7021179199219,74879100
2024-01-09 00:00:00-05:00,458.05205442710235,461.02244496424106,457.54729244084217,460.0032043457031,65931400
2024-01-10 00:00:00-05:00,460.27499186871785,463.4686578138975,459.9934757568045,462.6047058105469,67310600
2024-01-11 00:00:00-05:00,463.6045886611641,464.11906733105025,458.43068164604205,462.4009094238281,77940700
2024-01-12 00:00:00-05:00,463.84719564870727,464.58494971105563,461.31363965656635,462.7211608886719,58026400
2024-01-16 00:00:00-05:00,461.3428140279713,462.6532578332319,459.2072255045687,461.0224609375,85014900
2024-01-17 00:00:00-05:00,458.00353981867966,458.94513616011074,456.110630489601,458.45977783203125,68843900
2024-01-18 00:00:00-05:00,460.12935459709723,463.09002818161,458.58591886010277,462.5367126464844,91856200
2024-01-19 00:00:00-05:00,463.6628015298727,468.58434205067863,462.5853202688259,468.3028259277344,110834500
2024-01-22 00:00:00-05:00,469.83653714242234,471.0110958989677,468.6425450951434,469.2929382324219,75844900
2024-01-23 00:00:00-05:00,469.836566173897,470.9043307691421,468.7493682867175,470.6616516113281,49945300
2024-01-24 00:00:00-05:00,473.52526505734005,474.45714470411593,470.6810725123754,471.1761474609375,81765000
2024-01-25 00:00:00-05:00,473.30199623812143,474.0106300348732,471.1761540957068,473.73883056640625,72525000
2024-01-26 00:00:00-05:00,473.3117152908374,474.79691054106985,472.29247468488353,473.1369934082031,76641600
2024-01-29 00:00:00-05:00,473.4476261562877,477.0295728420406,472.9040272208165,476.8839416503906,61322800
2024-01-30 00:00:00-05:00,476.1947226231299,477.2236798269538,475.7578883130134,476.51507568359375,58618400
2024-01-31 00:00:00-05:00,474.3115894395865,474.7581108271003,468.72025176527393,468.73968505859375,126011100
2024-02-01 00:00:00-05:00,470.43839078044346,474.9036930669608,469.6326794127357,474.87457275390625,91891600
2024-02-02 00:00:00-05:00,475.31136898916844,481.523949196212,474.97161226030033,479.8737487792969,99228200
2024-02-05 00:00:00-05:00,479.2428126687566,479.90289286822576,475.87442477356564,478.12646484375,75757100
2024-02-06 00:00:00-05:00,479.0680669349689,479.84465802363434,477.6411122849623,479.5146179199219,55918600
2024-02-07 00:00:00-05:00,481.756982255993,483.93137810723994,480.854193242822,483.51397705078125,70556500
2024-02-08 00:00:00-05:00,483.5140107138251,484.10613370157176,482.69861221283804,483.7275695800781,52343600
2024-02-09 00:00:00-05:00,484.2322563033971,486.95996752942966,483.89249957484776,486.5231628417969,63979400
2024-02-12 00:00:00-05:00,486.4940393494017,488.7557959365899,485.59125041968997,486.3096008300781,56502300
2024-02-13 00:00:00-05:00,480.04846760997253,482.5334996770295,476.35003982173856,479.61163330078125,113099200
2024-02-14 00:00:00-05:00,482.2423403647749,484.4555731763151,479.92231331563113,483.97021484375,68387800
2024-02-15 00:00:00-05:00,484.66912826614583,487.49391729462275,484.1934569596569,487.3094787597656,61683000
2024-02-16 00:00:00-05:00,487.0085929456435,488.14431492487785,484.1449667563623,484.8827209472656,75532900
2024-02-20 00:00:00-05:00,483.14507545774694,483.8148722929186,479.970842787005,482.21319580078125,71736700
2024-02-21 00:00:00-05:00,480.9124325062878,482.80531210783914,479.10688422021883,482.6499938964844,59293400
2024-02-22 00:00:00-05:00,489.25091074641995,493.59970240133447,488.2898811137423,492.6387023925781,76402500
2024-02-23 00:00:00-05:00,494.35685563775104,495.1916873577398,492.25041710535265,492.97845458984375,61321800
2024-02-26 00:00:00-05:00,493.4152043952731,493.85203868692207,491.0466536727384,491.1728515625,50386700
2024-02-27 00:00:00-05:00,491.8621728153631,492.3086942109039,489.96926336586625,492.0854187011719,48854500
2024-02-28 00:00:00-05:00,490.5322390639573,492.01743437576624,490.17307863790023,491.4350280761719,56506600
2024-02-29 00:00:00-05:00,493.1920036518268,494.8130838290683,490.5516532421677,493.2016906738281,83924800
2024-03-01 00:00:00-05:00,494.07533144522296,498.2590878764062,493.6676174504883,497.83197021484375,76844800
2024-03-04 00:00:00-05:00,497.03607301464484,499.1425115484434,497.00692307628157,497.2981262207031,49799300
2024-03-05 00:00:00-05:00,495.29842384541166,495.7449748064334,490.1245174506037,492.3280334472656,72855600
2024-03-06 00:00:00-05:00,495.59937641592427,497.07488469099843,493.53177482463775,494.82281494140625,68382400
2024-03-07 00:00:00-05:00,498.1135389799133,500.7830096761973,494.8810360564722,499.734619140625,58652100
2024-03-08 00:00:00-05:00,500.36563844693006,503.0447667007892,496.1624186562773,496.7351379394531,86532500
2024-03-11 00:00:00-04:00,495.5313914960879,496.8903887313969,493.60936207648933,496.3079528808594,62557200
2024-03-12 00:00:00-04:00,498.4145606248991,502.2294705989761,495.90037800442104,501.6470642089844,73114400
2024-03-13 00:00:00-04:00,501.9672879725168,502.14200986510485,499.4240150117718,500.86065673828125,55104100
2024-03-14 00:00:00-04:00,501.83132111592977,501.9866689472691,496.8321662856789,499.8705139160156,110171800
2024-03-15 00:00:00-04:00,496.80819459859333,498.2590766512578,494.7730966492492,496.43817138671875,107646300
2024-03-18 00:00:00-04:00,500.498619372016,501.93972478311895,498.9795987021718,499.3885498046875,88893300
2024-03-19 00:00:00-04:00,498.6971497497458,502.4459962981956,497.69417669493055,502.16363525390625,60755300
2024-03-20 00:00:00-04:00,502.2222278394238,506.94480854690664,501.55034977320224,506.8084716796875,69594600
2024-03-21 00:00:00-04:00,509.64192900671355,510.34298796408666,508.2007643189091,508.4831848144531,60256100
2024-03-22 00:00:00-04:00,508.39551924735605,508.8823855528386,507.2854498071945,507.5191955566406,79070800
2024-03-25 00:00:00-04:00,506.1462159868013,507.2660322991133,505.96120440733904,506.1170349121094,48512100
2024-03-26 00:00:00-04:00,507.5386980888141,507.87954020766836,504.7830772199743,505.1822814941406,65463700
2024-03-27 00:00:00-04:00,508.00609219695343,509.4666912006187,505.8443747669276,509.4277038574219,82999800
2024-03-28 00:00:00-04:00,509.4666590943707,510.8298490860622,509.0479612048705,509.330322265625,96294900
2024-04-01 00:00:00-04:00,510.07042079723595,510.60596189996124,507.28550008559404,508.4442443847656,62477500
2024-04-02 00:00:00-04:00,504.62724203503336,505.3477947483364,502.9134629158643,505.2115173339844,74230300
2024-04-03 00:00:00-04:00,504.12080800253995,507.2660046821648,504.0721332594207,505.76641845703125,59155800
2024-04-04 00:00:00-04:00,509.76856679026787,510.10934946561747,499.2911933332161,499.5930480957031,96858100
2024-04-05 00:00:00-04:00,500.9464745680228,506.7693762627344,500.50828302932854,504.8121643066406,74546500
2024-04-08 00:00:00-04:00,505.5133007732254,506.516214442084,504.2863881936749,505.09454345703125,48401800
2024-04-09 00:00:00-04:00,506.8278303713481,507.0712635271461,500.8393509659492,505.6788330078125,68049200
2024-04-10 00:00:00-04:00,499.9922448100833,502.6018412987628,498.6388015333815,500.6154479980469,82652800
2024-04-11 00:00:00-04:00,502.1344572387197,505.8346295064768,498.6290433917763,504.3935241699219,70099000
2024-04-12 00:00:00-04:00,500.85889444352966,502.27081877394835,495.70784003413945,497.4313659667969,92561100
2024-04-15 00:00:00-04:00,501.5989519571189,501.7644698822578,490.3523209615631,491.1994934082031,92101400
2024-04-16 00:00:00-04:00,491.6765860412786,493.19560665785394,489.01828510429004,490.3036193847656,73484000
2024-04-17 00:00:00-04:00,492.7574466330574,492.92299427571044,486.0094858021586,487.40191650390625,75910300
2024-04-18 00:00:00-04:00,488.794360179131,490.8878795783521,485.46418121059236,486.3989562988281,74548100
2024-04-19 00:00:00-04:00,486.3210783246666,487.31427501412566,480.8876330360681,482.15350341796875,102212600
2024-04-22 00:00:00-04:00,484.75331996273405,489.18382142190774,482.4163675078979,486.59368896484375,67961000
2024-04-23 00:00:00-04:00,488.5996095177476,492.79639521919916,486.4087108687592,492.3679504394531,64633600
2024-04-24 00:00:00-04:00,493.2540334865075,494.0427545951939,489.914137461728,492.1342468261719,55928100
2024-04-25 00:00:00-04:00,486.0678630419317,491.02415872515365,484.42225246602163,490.2646484375,69122400
2024-04-26 00:00:00-04:00,493.0495298783495,496.4868049205615,492.4166096033967,494.90936279296875,64306100
2024-04-29 00:00:00-04:00,496.69128964862307,497.33395677101214,493.9258924563797,496.6620788574219,46415400
2024-04-30 00:00:00-04:00,495.2014281735309,496.1751607332108,488.7942810058594,488.7942810058594,77483600
2024-05-01 00:00:00-04:00,488.2101273744075,494.84124497607075,486.7397814235659,487.2071838378906,80242800
2024-05-02 00:00:00-04:00,490.9073316662554,492.6016467604268,486.4281553313073,491.76422119140625,62550200
2024-05-03 00:00:00-04:00,497.73321224009646,499.08668524553275,495.20150126804214,497.85980224609375,72756700
2024-05-06 00:00:00-04:00,500.2552260399176,503.0400875844757,499.81703439349593,503.00115966796875,47264700
2024-05-07 00:00:00-04:00,503.9651034446084,504.9485829994704,502.8842743906612,503.55615234375,52561300
2024-05-08 00:00:00-04:00,501.72543965182825,504.14027734043043,501.6085965012132,503.604736328125,42047200
2024-05-09 00:00:00-04:00,503.7897468150957,506.5454265470516,503.1373626535654,506.5064392089844,43643700
2024-05-10 00:00:00-04:00,508.1034888313709,508.91170366265516,505.9418306327187,507.15899658203125,52233200
2024-05-13 00:00:00-04:00,508.8336415908161,508.94073789979245,506.0877088695995,507.2269592285156,36716400
2024-05-14 00:00:00-04:00,507.42184425163964,510.070428158798,506.8863031411852,509.5543212890625,57535900
2024-05-15 00:00:00-04:00,512.018000870284,516.1563658037695,511.38505069591565,515.8642578125,59504900
2024-05-16 00:00:00-04:00,515.9614786446474,517.558414507879,514.6566506998298,514.802734375,50244800
2024-05-17 00:00:00-04:00,514.9195214966393,515.6108930215729,513.4686694664939,515.542724609375,59187600
2024-05-20 00:00:00-04:00,515.6594773099154,517.5971952884968,515.2699605748023,516.1365966796875,37764200
2024-05-21 00:00:00-04:00,515.3772666864285,517.5584184029028,515.1727614260365,517.402587890625,33437000
2024-05-22 00:00:00-04:00,516.7111875279095,517.4219932520712,513.7412557847823,515.9127197265625,48390000
2024-05-23 00:00:00-04:00,518.9605990872589,519.0676954201629,510.93699174891134,512.1444702148438,57211200
2024-05-24 00:00:00-04:00,513.9848197975488,516.3412958961842,513.0403275362747,515.5330810546875,41291100
2024-05-28 00:00:00-04:00,516.3411878885217,516.5748741957514,513.2641596915468,515.8932495117188,36269600
2024-05-29 00:00:00-04:00,511.871810616093,513.4589997088932,511.56995584928654,512.28076171875,45190300
2024-05-30 00:00:00-04:00,510.7423397089747,511.40447087133504,507.6361297457073,508.8824768066406,46377600
2024-05-31 00:00:00-04:00,509.8367164200918,513.6439850215788,504.7440541264526,513.5173950195312,90785800
2024-06-03 00:00:00-04:00,515.1240197883811,515.4063808363203,508.8726139393969,513.93603515625,46835700
2024-06-04 00:00:00-04:00,512.6313840068518,515.2507275789484,511.17078482758455,514.5106811523438,34632700
2024-06-05 00:00:00-04:00,516.8281493311971,520.6451650598835,514.84169649016,520.6256713867188,47610400
2024-06-06 00:00:00-04:00,520.9275684331457,521.3560132540258,518.6879948188819,520.615966796875,30808500
2024-06-07 00:00:00-04:00,519.6421291117942,522.787325920015,518.5515533208824,519.9829711914062,43224500
2024-06-10 00:00:00-04:00,519.1748224338155,521.9110090941606,518.5808597177815,521.5896606445312,35686100
2024-06-11 00:00:00-04:00,520.0414093421914,522.9041857425336,518.0744503489441,522.8457641601562,36383400
2024-06-12 00:00:00-04:00,527.4028194115604,529.8274041983666,526.1077383475028,527.139892578125,63251300
2024-06-13 00:00:00-04:00,528.8829186945259,529.0581834417079,525.4164327979901,528.2012939453125,44760900
2024-06-14 00:00:00-04:00,526.6725890295746,528.551886156822,525.6696157422205,528.522705078125,40089900
2024-06-17 00:00:00-04:00,527.8410283318889,534.1216160104203,527.3833430672393,532.7291259765625,55839500
2024-06-18 00:00:00-04:00,532.7874995764366,534.2091705580833,532.3688016931667,534.0825805664062,41376400
2024-06-20 00:00:00-04:00,535.0076850141029,535.669816103357,530.8595742964317,532.6317749023438,70328200
2024-06-21 00:00:00-04:00,531.8102827682807,533.0313753907063,530.4621917432297,531.917724609375,64338600
2024-06-24 00:00:00-04:00,531.7419157804823,534.3013212499749,530.0714395414016,530.1886596679688,45528700
2024-06-25 00:00:00-04:00,531.4096242974609,532.5916631831469,529.8954816744096,532.230224609375,37936200
2024-06-26 00:00:00-04:00,531.1166742934914,533.6076912884868,530.4719636310322,532.8945922851562,38550600
2024-06-27 00:00:00-04:00,532.7577451835803,534.3110010096894,532.0153114364416,533.734619140625,35041500
2024-06-28 00:00:00-04:00,534.5064116818106,537.5543137581463,530.3938098387125,531.6343994140625,76144500
2024-07-01 00:00:00-04:00,533.0117876323043,533.2560061424955,529.9737236752046,532.728515625,40297800
2024-07-02 00:00:00-04:00,531.126400132376,536.3135986328125,531.0775683576217,536.3135986328125,40434800
2024-07-03 00:00:00-04:00,536.0010100914286,539.068408833479,535.9619565950238,538.7069702148438,32789900
2024-07-05 00:00:00-04:00,539.0097918869257,542.2139076372644,538.3747999305978,541.8134155273438,41488400
2024-07-08 00:00:00-04:00,542.5949332840256,543.3861988920726,541.3738407022457,542.4386596679688,36110500
2024-07-09 00:00:00-04:00,543.3959524424528,544.2946598471173,542.6730752067231,542.9661254882812,27289700
2024-07-10 00:00:00-04:00,544.1872136667199,548.6808102777995,543.894163387503,548.3389282226562,38701200
2024-07-11 00:00:00-04:00,548.4562180647349,549.3256503566656,542.9759684638211,543.6109008789062,53054200
2024-07-12 00:00:00-04:00,544.7343252522627,550.6346235261244,544.2654447499774,547.0397338867188,53084400
2024-07-15 00:00:00-04:00,549.0325043663784,551.7775178290722,546.6879829958002,548.5440673828125,40584300
2024-07-16 00:00:00-04:00,549.8530882979716,552.090108393895,549.1008762046278,551.7970581054688,36475300
2024-07-17 00:00:00-04:00,545.8772131422685,547.5476892504238,543.7378565645935,544.0602416992188,57119000
2024-07-18 00:00:00-04:00,545.593898977862,546.580551242634,537.7007404833427,539.879150390625,56270400
2024-07-19 00:00:00-04:00,539.6446767543289,541.2663208584747,535.2389658144236,536.2940063476562,65509100
2024-07-22 00:00:00-04:00,540.2113760766848,542.4288993582354,538.277184442637,541.8232421875,43346700
2024-07-23 00:00:00-04:00,541.7157629327536,543.8648979607326,540.4849516029554,540.973388671875,34439600
2024-07-24 00:00:00-04:00,536.1671163330532,536.4699449259502,527.7952979520205,528.7135620117188,74515300
2024-07-25 00:00:00-04:00,528.8307523766035,534.7994982405838,525.0209792890996,525.958740234375,61158300
2024-07-26 00:00:00-04:00,529.7392825093052,534.5357078065754,528.9675138593225,531.8493041992188,53763800
2024-07-29 00:00:00-04:00,533.3928583100442,534.3990077101311,530.1691258203317,532.1619873046875,39515800
2024-07-30 00:00:00-04:00,533.6271909452782,534.6822315404584,526.0661958644091,529.4656982421875,46853600
2024-07-31 00:00:00-04:00,536.2843251839307,540.6998152024645,534.9167372159726,538.072021484375,65663400
2024-08-01 00:00:00-04:00,539.7913062018092,542.0381046138815,526.9551667505608,530.452392578125,76428700
2024-08-02 00:00:00-04:00,523.3603616135271,524.571676102486,516.3756871144337,520.5762939453125,82789100
2024-08-05 00:00:00-04:00,499.8078827767836,511.47176200774925,498.4695402072865,505.4151306152344,146267400
2024-08-06 00:00:00-04:00,507.2124748611044,517.4989864003181,505.8937188490462,510.07476806640625,84826300
2024-08-07 00:00:00-04:00,516.2486294067602,519.2965314666948,506.0696179320819,506.6654968261719,70698300
2024-08-08 00:00:00-04:00,511.79405372836936,519.0033889369354,509.77197692780607,518.3782348632812,63276600
2024-08-09 00:00:00-04:00,517.5575496711185,522.1488688468696,516.3364573171235,520.6640014648438,45619600
2024-08-12 00:00:00-04:00,521.8559471668351,523.3407552909962,518.6713279832952,520.9376831054688,42542100
2024-08-13 00:00:00-04:00,524.1223559231595,529.7393827100993,523.8781373672056,529.5048828125,52333100
2024-08-14 00:00:00-04:00,530.2960824274743,532.3573320967027,527.6292352085552,531.17529296875,42446900
2024-08-15 00:00:00-04:00,536.7922766972661,540.5629961238054,536.1866195717042,540.2797241210938,60846800
2024-08-16 00:00:00-04:00,538.6679083622046,542.1846909540823,538.5116347380534,541.4910888671875,44430700
2024-08-19 00:00:00-04:00,541.901367537868,546.6685180664062,541.0514918139045,546.6685180664062,39121800
2024-08-20 00:00:00-04:00,546.2190851764095,547.8700045132335,544.4411674580102,545.7794799804688,33732300
2024-08-21 00:00:00-04:00,546.8248322343893,549.1106842316043,541.9013486274712,547.6551513671875,41514600
2024-08-22 00:00:00-04:00,549.5502187339081,550.155875826028,542.1454973391976,543.3568115234375,56121500
2024-08-23 00:00:00-04:00,546.5902786774961,550.0679473561338,544.4020310704757,549.130126953125,50639400
2024-08-26 00:00:00-04:00,550.1559102385648,550.8690092024209,546.1214157161334,547.8211669921875,35788600
2024-08-27 00:00:00-04:00,546.5512279111676,549.0618012606642,545.4083020191189,548.5733642578125,32693900
2024-08-28 00:00:00-04:00,548.2314695905903,548.661296528156,542.2041141850556,545.3887329101562,41066000
2024-08-29 00:00:00-04:00,547.352316743397,550.644377643334,544.2946960843145,545.4376220703125,38715200
2024-08-30 00:00:00-04:00,547.8017316610252,551.1524028130747,544.2556737558524,550.6444091796875,62700100
2024-09-03 00:00:00-04:00,547.508549729637,547.8407131286382,536.8020487007664,539.3126220703125,60600100
2024-09-04 00:00:00-04:00,537.4760847370844,541.608242662233,536.7532075195429,538.208740234375,47224900
2024-09-05 00:00:00-04:00,538.1501466111926,540.9928237930679,534.4477558926965,536.8997192382812,44264300
2024-09-06 00:00:00-04:00,537.2220554393132,538.8436399407501,526.964879098129,527.8635864257812,68493800
2024-09-09 00:00:00-04:00,532.054494369654,535.0437266855093,530.1300214174476,533.7737426757812,40445800
2024-09-10 00:00:00-04:00,535.678706144088,536.450474898389,530.8138918516801,536.0987548828125,36394600
2024-09-11 00:00:00-04:00,536.0107592184578,542.5167136236998,527.4728902611638,541.5984497070312,75248600
2024-09-12 00:00:00-04:00,542.1749203516514,546.4634120914028,539.9573969973035,546.1605834960938,51819600
2024-09-13 00:00:00-04:00,546.7660805022687,550.0093088180744,546.5120837631322,549.0128784179688,39310500
2024-09-16 00:00:00-04:00,548.7491943236346,550.0875069413107,546.9517795427174,549.8237915039062,36656100
2024-09-17 00:00:00-04:00,552.0314851715059,553.477299266029,547.8211605278194,550.0484619140625,49321000
2024-09-18 00:00:00-04:00,550.7030274298603,555.5385664291312,547.8603498689396,548.4171752929688,59044900
2024-09-19 00:00:00-04:00,557.8048475354702,559.6315971955383,554.9426137920285,557.7755126953125,75315500
2024-09-20 00:00:00-04:00,556.4096197933483,557.8500005367814,553.7933228326182,556.8113403320312,77503100
2024-09-23 00:00:00-04:00,557.8794446150124,558.8495067502496,556.6643550711399,558.2027587890625,44116900
2024-09-24 00:00:00-04:00,558.9963649353333,559.8586555458002,556.174333811357,559.7998657226562,46805700
2024-09-25 00:00:00-04:00,559.6432009533316,560.378103761662,557.4580492681129,558.5653076171875,38428600
2024-09-26 00:00:00-04:00,562.8179934718497,563.1413674659622,558.428192996937,560.7798461914062,48336000
2024-09-27 00:00:00-04:00,561.8478858705382,562.6611352170194,558.9376397719122,559.9664916992188,42100900
2024-09-30 00:00:00-04:00,558.9377164538611,562.8180251821971,556.6448529649051,562.2105102539062,63557400
2024-10-01 00:00:00-04:00,561.8576982708267,562.5043864049716,554.6066335561335,557.1738891601562,72668800
2024-10-02 00:00:00-04:00,556.2823034605133,558.4282222492225,553.8914170466389,557.4091186523438,38097800
2024-10-03 00:00:00-04:00,555.9391917508498,558.3300776437013,554.1068390984451,556.3899536132812,40846500
2024-10-04 00:00:00-04:00,560.8287218708198,561.818400406846,556.6642732473864,561.446044921875,42939100
2024-10-07 00:00:00-04:00,559.7999688939893,560.4467168743025,555.22399069742,556.3704223632812,49964700
2024-10-08 00:00:00-04:00,558.9375590199429,562.2299684408138,558.065519969504,561.6322021484375,37398700
2024-10-09 00:00:00-04:00,561.6224145456196,566.0808720947961,561.0247080377793,565.5223388671875,37912200
2024-10-10 00:00:00-04:00,564.1799148709799,565.9534776371613,562.9256522396411,564.5326538085938,44138100
2024-10-11 00:00:00-04:00,564.4543586951436,568.6482329129351,564.3171624790748,567.913330078125,42268000
2024-10-14 00:00:00-04:00,569.520288010914,573.4888112745962,569.0401610478535,572.5579223632812,36217200
2024-10-15 00:00:00-04:00,572.8224268603595,573.1261842726946,566.8941634738084,568.1092529296875,54203600
2024-10-16 00:00:00-04:00,568.1092586044506,571.0978512020905,567.305757742965,570.5784912109375,30725400
2024-10-17 00:00:00-04:00,574.1157772582931,574.3215715502484,570.4412636582532,570.62744140625,34393700
2024-10-18 00:00:00-04:00,572.3128969974695,573.6063330690159,570.8528997080355,572.8224487304688,37416800
2024-10-21 00:00:00-04:00,572.0973176864316,573.0771881011084,568.912738838732,571.8817749023438,36439000
2024-10-22 00:00:00-04:00,569.3536780068462,572.7342428128154,568.697181591541,571.5780029296875,34183800
2024-10-23 00:00:00-04:00,569.5594810059998,570.0004346494243,562.8571411229607,566.3552856445312,49314600
2024-10-24 00:00:00-04:00,568.3052337104026,568.3836400907534,564.9639018539431,567.5801391601562,34979900
2024-10-25 00:00:00-04:00,569.8044663478088,572.6950960929863,566.4435179318251,567.3841552734375,47268200
2024-10-28 00:00:00-04:00,570.8528344834444,570.9802224021391,568.834304134212,569.1380615234375,30174700
2024-10-29 00:00:00-04:00,568.1778707648036,571.1762720247682,566.7864714367279,570.0592651367188,42899700
2024-10-30 00:00:00-04:00,569.588797638648,571.5779630983764,567.6290569957021,568.3345947265625,41435800
2024-10-31 00:00:00-04:00,563.974290971045,564.0428890862833,556.9976174444517,557.193603515625,60182500
2024-11-01 00:00:00-04:00,559.8194973668982,563.9643295266857,559.1335762073604,559.5451049804688,45667500
2024-11-04 00:00:00-05:00,559.6823223393656,560.9757583388703,556.4585705161212,558.3399047851562,38217000
2024-11-05 00:00:00-05:00,559.2512590975022,565.1304818819561,559.0357163025479,565.09130859375,39478300
2024-11-06 00:00:00-05:00,577.3396500855225,580.0146771322202,573.6063462638446,579.142578125,68182000
2024-11-07 00:00:00-05:00,581.1415644099445,584.639708979933,581.063158030651,583.62060546875,47233200
2024-11-08 00:00:00-05:00,584.1693242787533,587.5695056932594,584.1693242787533,586.148681640625,46444900
2024-11-11 00:00:00-05:00,587.7360663213191,588.0888053142032,584.9826328704219,586.7072143554688,37586800
2024-11-12 00:00:00-05:00,586.6287817012992,587.2264882691159,582.4055428293386,584.8846435546875,43006100
2024-11-13 00:00:00-05:00,585.3451927424278,587.1677373847895,582.9837313260188,585.1688232421875,47388600
2024-11-14 00:00:00-05:00,585.296183408181,585.7763103260314,580.7202054727688,581.4060668945312,38904100
2024-11-15 00:00:00-05:00,577.8492248081469,578.3196033347165,572.1071978105703,573.9591674804688,75988800
2024-11-18 00:00:00-05:00,574.4195885423085,577.6237838402152,573.5573576252949,576.310791015625,37001700
2024-11-19 00:00:00-05:00,572.9400989259979,579.1426361014928,572.2737941658764,578.4175415039062,49412000
2024-11-20 00:00:00-05:00,578.4958236706298,578.8975441726233,572.8615695316089,578.6134033203125,50032600
2024-11-21 00:00:00-05:00,581.4550801704302,583.1404284379229,575.6248397212988,581.7196044921875,46750300
2024-11-22 00:00:00-05:00,581.7098478799927,584.1497754660484,581.2101642027249,583.5226440429688,38226400
2024-11-25 00:00:00-05:00,587.4518855330788,588.7648782973704,583.2188384863542,585.501953125,42441400
2024-11-26 00:00:00-05:00,586.7463470552605,589.2254477201681,586.0310608458545,588.5591430664062,45621300
2024-11-27 00:00:00-05:00,588.3730114334577,588.755115442667,585.2570306878304,586.7758178710938,34000200
2024-11-29 00:00:00-05:00,587.5890586237147,591.2047827973582,587.3147260107087,590.4208984375,30177400
2024-12-02 00:00:00-05:00,590.8324390421951,592.1552999944694,590.3425038316959,591.4791870117188,31746000
2024-12-03 00:00:00-05:00,591.2439870884159,591.9984465923378,590.2151351783115,591.7534790039062,26906600
2024-12-04 00:00:00-05:00,593.4388120135218,595.6728850379003,592.772507434092,595.4279174804688,42787600
2024-12-05 00:00:00-05:00,595.4280516027892,596.2315525489399,594.0954421437544,594.4481811523438,28762200
2024-12-06 00:00:00-05:00,595.212464951605,596.8096584526629,594.800936138575,595.5750122070312,31241500
2024-12-09 00:00:00-05:00,595.4573535867661,595.6239147831491,591.920036343941,592.5079345703125,34742700
2024-12-10 00:00:00-05:00,593.1841677805376,593.605504896008,590.0093971009587,590.6658935546875,37234500
2024-12-11 00:00:00-05:00,593.5858806768452,596.1825011825678,593.3114882757061,595.2320556640625,28677700
2024-12-12 00:00:00-05:00,594.369747252086,594.9380289691392,592.1650390625,592.1650390625,31543800
2024-12-13 00:00:00-05:00,594.1934038090473,594.9086900260288,590.6756429397628,592.0474853515625,35904700
2024-12-16 00:00:00-05:00,593.8014854078001,595.5456834945226,593.0274092921627,594.5755615234375,43695200
2024-12-17 00:00:00-05:00,592.0278913761272,592.9881452170704,590.7540718346318,592.1258544921875,55773500
2024-12-18 00:00:00-05:00,591.822113059209,594.2031909866316,574.0962907751041,574.4784545898438,108248700
2024-12-19 00:00:00-05:00,579.456129686489,581.0631314525076,574.057034359764,574.302001953125,85919500
2024-12-20 00:00:00-05:00,571.9778879961826,585.722562754752,571.1323175828937,581.2000122070312,125716700
2024-12-23 00:00:00-05:00,580.9442707021165,585.2800160502417,577.7685966184363,584.6802978515625,57635800
2024-12-24 00:00:00-05:00,586.0273454449668,591.2185033240278,585.4472496940897,591.1791381835938,33160100
2024-12-26 00:00:00-05:00,589.4093887705021,592.3392110668057,588.0133066034633,591.2184448242188,41219100
2024-12-27 00:00:00-05:00,587.4823797773107,587.7183905820746,580.8165297326684,584.9949951171875,64969300
2024-12-30 00:00:00-05:00,577.9948725430215,581.7800467977985,574.5734057798932,578.3192749023438,56578800
2024-12-31 00:00:00-05:00,579.9807622286955,580.6985158642835,574.583178079053,576.2152709960938,57052700
2025-01-02 00:00:00-05:00,579.4695486945864,581.180251846637,570.7291685588775,574.7994995117188,50204000
2025-01-03 00:00:00-05:00,577.6408633877121,582.6254735449975,576.5593423217554,581.9864501953125,37888500
2025-01-06 00:00:00-05:00,586.2337670283534,589.6060270134918,583.608664526265,585.3390502929688,47679400
2025-01-07 00:00:00-05:00,587.3644406233403,587.6889029930588,576.9035745975999,578.722412109375,60393100
2025-01-08 00:00:00-05:00,578.7912506935644,580.6396120913392,575.3501612839806,579.5679321289062,47304700
2025-01-10 00:00:00-05:00,576.0187135246937,576.0875425144147,568.8120722687759,570.7194213867188,73105000
2025-01-13 00:00:00-05:00,566.0788468496604,571.9581742427216,565.6658729466735,571.604248046875,47910100
2025-01-14 00:00:00-05:00,574.5242054496483,575.1534475548353,568.6153544470202,572.3907470703125,48420600
2025-01-15 00:00:00-05:00,580.3937768602567,583.9430001285099,579.2827918470954,582.8025512695312,56900200
2025-01-16 00:00:00-05:00,584.1690862304802,584.34604932179,580.9836305712422,581.6817016601562,43319700
2025-01-17 00:00:00-05:00,586.9121079994578,589.2716756656154,585.5847949299089,587.5216674804688,58070600
2025-01-21 00:00:00-05:00,590.5597127423754,592.9094994878243,588.5933760531964,592.899658203125,42532900
2025-01-22 00:00:00-05:00,595.7213382459036,597.5893820777127,595.1707663809229,596.2326049804688,48196000
2025-01-23 00:00:00-05:00,595.6032899728609,599.48681640625,595.3280340779654,599.48681640625,41152100
2025-01-24 00:00:00-05:00,599.54587252364,600.4995770008244,596.5865262707722,597.73681640625,34604700
2025-01-27 00:00:00-05:00,584.798310310645,589.5961762199101,584.6311885086425,589.2815551757812,70361100
2025-01-28 00:00:00-05:00,590.5105293609671,595.1805787054238,587.1972570477369,594.3449096679688,44433300
2025-01-29 00:00:00-05:00,593.5583059073574,593.9614384934404,589.1340487911447,591.6804809570312,37177400
2025-01-30 00:00:00-05:00,593.7943615542468,596.3898803192325,590.6088457833347,594.8561401367188,39281300
2025-01-31 00:00:00-05:00,597.2747575383468,599.6933732210748,590.9333098394596,591.6903686523438,66566900
2025-02-03 00:00:00-05:00,582.6943625959686,590.1861005375324,580.5510628181718,587.7085571289062,65857200
2025-02-04 00:00:00-05:00,587.7675957701897,592.1623298220667,587.2268651385132,591.651123046875,33457800
2025-02-05 00:00:00-05:00,590.5301667443101,594.1973649569587,588.5048426365228,594.0498657226562,30653100
2025-02-06 00:00:00-05:00,595.7901616750784,596.242440705887,592.4867305159943,596.1146240234375,35771500
2025-02-07 00:00:00-05:00,596.6750666805723,597.8941858585465,589.9501686239648,590.6580810546875,50788500
2025-02-10 00:00:00-05:00,593.863227291288,595.30845601079,592.5949016719809,594.6693725585938,26048700
2025-02-11 00:00:00-05:00,592.4080280097315,595.662312577201,592.2900526181724,595.12158203125,30056700
2025-02-12 00:00:00-05:00,589.1144530437037,594.3743794070193,588.4360645213627,593.2044067382812,45076100
2025-02-13 00:00:00-05:00,594.3055297285264,599.6736500230521,593.0471055616473,599.4671630859375,40921300
2025-02-14 00:00:00-05:00,599.6736338799176,600.7059485220444,598.8182823186273,599.4376831054688,26910400
2025-02-18 00:00:00-05:00,600.5977915687461,601.197509765625,598.1398710820379,601.197509765625,26749000
2025-02-19 00:00:00-05:00,599.8112758662747,602.9082197102092,599.3000091966954,602.61328125,31011100
2025-02-20 00:00:00-05:00,601.2467721645895,601.3844301402796,596.8028918726411,600.1063232421875,36554000
2025-02-21 00:00:00-05:00,599.8899930676969,600.0276510429451,589.3799206723878,589.842041015625,76519800
2025-02-24 00:00:00-05:00,591.8870576091449,592.8800672914438,586.4501075695626,587.1580200195312,50737200
2025-02-25 00:00:00-05:00,587.0990297013516,587.8265647106925,579.6367551973434,584.2379760742188,58266500
2025-02-26 00:00:00-05:00,585.8994552001853,589.488043359785,581.8979531727184,584.5328369140625,43321600
2025-02-27 00:00:00-05:00,586.8039490929929,587.9542991571739,574.809344386224,575.2025756835938,74196700
2025-02-28 00:00:00-05:00,575.7040488167072,584.7098443771037,572.6365684069419,584.178955078125,88744100
2025-03-03 00:00:00-05:00,586.1452445030724,587.2857532860544,570.1392964764723,573.9441528320312,74249200
2025-03-04 00:00:00-05:00,569.9525173224438,575.5369060706639,562.6180601948478,567.1504516601562,109648200
2025-03-05 00:00:00-05:00,566.9833166199888,575.035467216836,563.434093538414,573.24609375,71230500
2025-03-06 00:00:00-05:00,565.793586428619,570.4046474415857,560.523819558892,563.0702514648438,80094900
2025-03-07 00:00:00-05:00,561.2908538818324,567.6716070865215,556.1095373006934,566.226318359375,81158800
2025-03-10 00:00:00-04:00,558.0365509948175,559.9536812738498,546.2385307775894,551.14453125,99326600
2025-03-11 00:00:00-04:00,549.9843938775969,554.5266268117218,542.728606721458,546.5629272460938,88102100
2025-03-12 00:00:00-04:00,552.7077615834074,553.6319422779778,544.3705127696392,549.4633178710938,69588200
2025-03-13 00:00:00-04:00,549.0896174558009,549.6991769603108,540.4279077137791,542.1386108398438,74079400
2025-03-14 00:00:00-04:00,546.7497351697265,554.3398260143258,542.2075022062043,553.3369750976562,62660300
2025-03-17 00:00:00-04:00,553.3172833424321,560.1208513978755,552.8846868765244,557.6039428710938,49008700
2025-03-18 00:00:00-04:00,555.2934937414076,555.5098219909205,549.6501167935029,551.5771484375,66041400
2025-03-19 00:00:00-04:00,553.3566775077279,561.3399999727566,552.1768634471969,557.5842895507812,66556000
2025-03-20 00:00:00-04:00,553.848245552193,560.966374832501,553.1304918485869,555.9718627929688,62958200
2025-03-21 00:00:00-04:00,551.5205297947124,557.0526817242638,550.2878724028328,556.1552734375,83763000
2025-03-24 00:00:00-04:00,562.880651498493,567.1703352751009,562.2890000340255,566.1151733398438,58766800
2025-03-25 00:00:00-04:00,567.3181993393742,568.4127846067184,565.73055113845,567.4760131835938,38355700
2025-03-26 00:00:00-04:00,567.2097618801449,568.3339598573967,559.3207546377017,560.7013549804688,51848300
2025-03-27 00:00:00-04:00,559.3108077400744,562.9792269072261,557.1018956425098,559.2122192382812,42164200
2025-03-28 00:00:00-04:00,557.6838014665011,558.4135249923543,547.3689030262066,547.95068359375,71662700
2025-03-31 00:00:00-04:00,542.201546342058,552.9305994826874,539.282592409213,551.62890625,95328200
2025-04-01 00:00:00-04:00,549.7158288612504,555.1296497708261,545.998115405224,553.1869506835938,54609600
2025-04-02 00:00:00-04:00,547.3491017135567,559.547472787333,547.1124411566806,556.687744140625,76014500
2025-04-03 00:00:00-04:00,537.5470765410741,540.3673821784607,529.2537841796875,529.2537841796875,125986000
2025-04-04 00:00:00-04:00,516.4045547647906,518.574043873056,498.0527654446422,498.26971435546875,217965100
2025-04-07 00:00:00-04:00,482.40291724281104,515.9114550791749,475.115432610906,497.3821716308594,256611400
2025-04-08 00:00:00-04:00,514.6196468974629,517.6963548854247,482.3733480760591,489.591796875,165816600
2025-04-09 00:00:00-04:00,486.5939443539347,541.0083618164062,486.20934082523814,541.0083618164062,241867300
2025-04-10 00:00:00-04:00,524.7866027854379,526.0981670837639,502.25365007002944,517.3019409179688,162331200
2025-04-11 00:00:00-04:00,515.7537548286505,528.9875485351057,512.8545420601603,526.5321044921875,97866300
2025-04-14 00:00:00-04:00,536.5017912856171,536.7286411738348,526.453165817952,531.6401977539062,68034000
2025-04-15 00:00:00-04:00,532.1825399641931,535.6931457102869,529.3622343758641,530.151123046875,56892900
2025-04-16 00:00:00-04:00,524.3034408726064,530.4273047249436,513.0714517926509,518.366943359375,83484800
2025-04-17 00:00:00-04:00,520.3194821276195,523.800475242003,516.6411916080497,519.1065063476562,79868100
2025-04-21 00:00:00-04:00,513.9293312369678,514.4618777265953,501.4055507612705,506.7503662109375,69368100
2025-04-22 00:00:00-04:00,512.9235348557764,521.9564215250564,511.9867032226325,519.9348754882812,75948100
2025-04-23 00:00:00-04:00,532.9319549297188,537.8625838932508,526.4728430251603,527.991455078125,90590700
2025-04-24 00:00:00-04:00,529.2734571828396,539.8348871004667,528.0211182344198,539.1051635742188,64150400
2025-04-25 00:00:00-04:00,539.0657336001437,543.4046513367819,536.1467793425768,543.0003662109375,61119600
2025-04-28 00:00:00-04:00,543.7399439376,545.8699492792146,537.4583271221219,543.2073974609375,47613800
2025-04-29 00:00:00-04:00,541.2944189414077,547.7437217731817,540.9394280116835,546.62939453125,47775100
2025-04-30 00:00:00-04:00,539.9729835885655,548.7988227140515,534.0069337400583,546.8462524414062,93101500
2025-05-01 00:00:00-04:00,552.595342895286,556.2440206119321,550.1201573586014,550.7216796875,63186100
2025-05-02 00:00:00-04:00,556.894803218062,560.4941864598073,554.5774316657111,558.8966674804688,60717300
2025-05-05 00:00:00-04:00,554.7648117792631,558.7882219920989,553.9068871278389,555.6917724609375,38659200
2025-05-06 00:00:00-04:00,550.1892553966732,555.5340413030556,549.2327420958744,551.0471801757812,48264700
2025-05-07 00:00:00-04:00,552.3784371058738,555.9975022415719,548.3254139860352,553.3645629882812,55588000
2025-05-08 00:00:00-04:00,557.3978323656503,562.3974982446085,553.9069681077176,557.2203369140625,65130800
2025-05-09 00:00:00-04:00,558.6205173502777,559.6263849147109,554.9521583078488,556.51025390625,37603400
2025-05-12 00:00:00-04:00,573.4024978566466,574.9112991100649,569.0339681065926,574.9014282226562,78993600
2025-05-13 00:00:00-04:00,575.3155948085854,580.9069711222367,574.7535560992819,578.6980590820312,67947200
2025-05-14 00:00:00-04:00,579.6546629482465,580.8084133986617,577.4161378946785,579.437744140625,66283500
2025-05-15 00:00:00-04:00,577.4358426248243,582.770756919371,576.9822030720642,582.2678833007812,71268100
2025-05-16 00:00:00-04:00,583.0469103495059,586.2518193704545,581.1042713102905,585.9559936523438,76052100
2025-05-19 00:00:00-04:00,579.9405744991373,587.2773530559552,579.9405744991373,586.596923828125,68168500
2025-05-20 00:00:00-04:00,584.8614155899625,585.8080578995526,581.419785763877,584.6246948242188,60614500
2025-05-21 00:00:00-04:00,580.2759146876367,584.3584902721909,573.7477661832594,574.7733154296875,95197700
2025-05-22 00:00:00-04:00,574.5760959985981,578.4811762683786,573.3434386116112,575.0001831054688,70860400
2025-05-23 00:00:00-04:00,567.988738706783,573.7378691727489,567.6140060747297,571.0753173828125,76029000
2025-05-27 00:00:00-04:00,577.938827709351,583.1061179228353,570.4048112020747,582.9483642578125,72588500
2025-05-28 00:00:00-04:00,583.3526236048898,584.545857588394,578.8460211072919,579.5757446289062,68445500
2025-05-29 00:00:00-04:00,584.8317737253767,584.9698457847473,577.9387639052553,581.863525390625,69973300
2025-05-30 00:00:00-04:00,580.7591289651484,582.9286180198035,575.1480700909575,581.2127685546875,90601200
2025-06-02 00:00:00-04:00,579.6053591727813,584.5655410710423,576.9428072484826,584.4866943359375,61630500
2025-06-03 00:00:00-04:00,584.1218520308094,588.7960792462304,583.6385997733717,587.81982421875,63606200
2025-06-04 00:00:00-04:00,588.6777258495218,589.6539808386906,587.2280895107962,587.6619873046875,57314200
2025-06-05 00:00:00-04:00,589.3383724752952,590.6893600195378,582.8496477946317,584.8218994140625,92278700
2025-06-06 00:00:00-04:00,590.3541332655441,592.4940699072976,588.5791185976601,590.8275146484375,66588700
2025-06-09 00:00:00-04:00,591.3993476813894,592.9081490758875,590.1864321834666,591.3599243164062,53016400
2025-06-10 00:00:00-04:00,591.8924637491524,595.0973729509094,590.7781968461302,594.7128295898438,66247000
2025-06-11 00:00:00-04:00,595.8073544523882,596.6652790904382,590.9556323288738,593.0166015625,73658200
2025-06-12 00:00:00-04:00,591.6854337777163,595.37353515625,591.2022416981604,595.37353515625,64129000
2025-06-13 00:00:00-04:00,590.1962907494013,593.4997881009825,587.2181715759101,588.7171020507812,89506000
2025-06-16 00:00:00-04:00,592.0700235861916,596.0638215052488,591.8924679557008,594.318359375,79984100
2025-06-17 00:00:00-04:00,591.8825558713082,593.4011678528512,588.480410008809,589.23974609375,82209400
2025-06-18 00:00:00-04:00,590.1371267775953,592.8785252065284,588.1944276516227,589.1510009765625,76605000
2025-06-20 00:00:00-04:00,591.8224395288368,592.8906208578056,586.3629131433069,587.7673950195312,94051400
2025-06-23 00:00:00-04:00,588.5189525073708,593.9586781700418,585.403509483969,593.572998046875,87426000
2025-06-24 00:00:00-04:00,597.7072691809916,601.1886530620405,596.7973078378046,600.1304321289062,67735300
2025-06-25 00:00:00-04:00,601.2479344884113,601.9402753154866,598.9039119654944,600.4666137695312,62114800
2025-06-26 00:00:00-04:00,602.3161684365299,605.5997923429508,601.7029677445283,605.1646118164062,78548400
2025-06-27 00:00:00-04:00,606.1636033457827,609.6351477759472,604.1360808658505,608.1713256835938,86258400
2025-06-30 00:00:00-04:00,610.6142201701539,612.4340220516922,608.2998373553096,611.0790405273438,92502500
2025-07-01 00:00:00-04:00,609.6053849111585,612.0483479268365,608.7746241554748,610.8812866210938,70030100
2025-07-02 00:00:00-04:00,610.4757300098587,613.6901136433279,609.8526292762224,613.6505737304688,66510400
2025-07-03 00:00:00-04:00,615.628656191773,619.4167005776212,615.6088560521965,618.4869995117188,51065800
2025-07-07 00:00:00-04:00,616.5286747873084,617.1913758193931,611.0988485499288,613.8780517578125,74814500
2025-07-08 00:00:00-04:00,614.5406899285775,615.2923708557059,612.7307881009865,613.5418090820312,59024600
2025-07-09 00:00:00-04:00,615.945166968477,617.8737488887257,614.1055045789822,617.2210083007812,66113300
2025-07-10 00:00:00-04:00,617.3594891460615,620.0002120765442,616.1825277796053,618.9617309570312,57529000
2025-07-11 00:00:00-04:00,615.9154666088177,618.0122289852302,614.7187654701638,616.7858276367188,63670200
2025-07-14 00:00:00-04:00,616.3308265898004,618.3089087938923,614.9857451789246,617.9627685546875,51898500
2025-07-15 00:00:00-04:00,620.6431287961128,620.9793689858044,615.242942324076,615.3220825195312,74317300
2025-07-16 00:00:00-04:00,616.9044910111767,617.8836320494379,611.276844692317,617.3792114257812,88987500
2025-07-17 00:00:00-04:00,617.5573456006476,621.5135103761386,617.3397251475282,621.1574096679688,68885700
2025-07-18 00:00:00-04:00,622.4035753929759,622.5716954836944,619.5947323692288,620.7024536132812,65621600
2025-07-21 00:00:00-04:00,621.87939453125,624.6189973413707,621.4541141003111,621.87939453125,63375000
2025-07-22 00:00:00-04:00,622.2056829406386,622.8287836139476,619.3276001270991,621.9683227539062,60046300
2025-07-23 00:00:00-04:00,624.6289433239532,627.2598266601562,622.8288811376781,627.2598266601562,70511000
2025-07-24 00:00:00-04:00,627.6454884244192,629.1785504969665,627.0421878119985,627.4674682617188,71307100
2025-07-25 00:00:00-04:00,628.1301809903662,630.5928838363332,627.8829206987424,630.1181030273438,56865400
2025-07-28 00:00:00-04:00,630.4938993278172,631.0477599275997,628.5751571845921,629.9598388671875,54917100
2025-07-29 00:00:00-04:00,631.3543820995848,631.6708825055948,627.3883778702398,628.2982788085938,60556300
2025-07-30 00:00:00-04:00,628.9510415464463,630.6917636576716,624.6190364089183,627.507080078125,80418900
2025-07-31 00:00:00-04:00,632.4522656090571,632.8379457731452,623.8574957354674,625.1531372070312,103385200
2025-08-01 00:00:00-04:00,619.4364414435403,619.476041722763,612.5032535330552,614.9066162109375,140103600
2025-08-04 00:00:00-04:00,618.813325728958,624.3024917393647,618.7243458354196,624.2530517578125,73218000
2025-08-05 00:00:00-04:00,624.8662177521945,625.6772386500149,620.168272806011,621.0880737304688,68051400
2025-08-06 00:00:00-04:00,622.1563552914652,626.4982606508958,621.2464542892866,625.8455200195312,64357500
2025-08-07 00:00:00-04:00,629.2675537310744,629.9994345491891,622.2156852544556,625.3212890625,74205800
2025-08-08 00:00:00-04:00,627.1114619051468,630.6621463802445,626.794961476664,630.197265625,64051600
2025-08-11 00:00:00-04:00,630.474150672182,631.9478122276477,627.7047873460086,628.9509887695312,58742300
2025-08-12 00:00:00-04:00,631.2950454377703,635.8050706066525,629.8114837326607,635.6468505859375,64730800
2025-08-13 00:00:00-04:00,637.8424936799373,639.10849531226,635.6369512596368,637.82275390625,60092800
2025-08-14 00:00:00-04:00,635.7457782923831,638.5447818220973,635.300758040457,637.8821411132812,59327500
2025-08-15 00:00:00-04:00,638.9107148606824,639.0096552004113,635.4787708739423,636.388671875,68592500
2025-08-18 00:00:00-04:00,635.814941575414,636.942462907598,635.1424008771667,636.2501220703125,43804900
2025-08-19 00:00:00-04:00,636.0721245937336,637.0512656505922,631.4829592777961,632.7984008789062,69750700
2025-08-20 00:00:00-04:00,632.3929672116759,632.6500672159099,626.0136394005863,631.1170654296875,88890300
2025-08-21 00:00:00-04:00,629.3071240874224,630.9785456585483,626.864161086776,628.5850830078125,54805800
2025-08-22 00:00:00-04:00,630.7708500494616,639.4150594466402,630.2664294390896,638.2380981445312,84083200
2025-08-25 00:00:00-04:00,636.9820009718095,638.2183023325629,635.3105191174199,635.42919921875,51274300
2025-08-26 00:00:00-04:00,635.1622594491828,638.4359833484747,634.5391586749303,638.0897827148438,51581600
2025-08-27 00:00:00-04:00,637.5062179210042,640.2755208793137,637.3578376120881,639.5436401367188,48341100
2025-08-28 00:00:00-04:00,640.1470117905141,642.362454403162,638.2678697444891,641.80859375,61519500
2025-08-29 00:00:00-04:00,640.374419619015,640.7404203673219,636.0919150690585,637.98095703125,74522200
2025-09-02 00:00:00-04:00,630.5136938017484,633.4709169972102,627.9619508913343,633.2533569335938,81983500
2025-09-03 00:00:00-04:00,635.6270215222661,637.1501834379544,633.4412793439511,636.685302734375,70820900
2025-09-04 00:00:00-04:00,637.3579030521721,642.0361089027498,636.4579021356687,642.0064086914062,65219200
2025-09-05 00:00:00-04:00,644.3404359625918,645.062476969223,636.2797877246134,640.1469116210938,85178900
2025-09-08 00:00:00-04:00,641.5118841129237,642.7185457406785,640.1371023874503,641.7196044921875,63133100
2025-09-09 00:00:00-04:00,641.8579832056892,643.7272854003053,640.1271612550325,643.203125,66133900
2025-09-10 00:00:00-04:00,646.4570825189741,647.3768835600082,643.4998590892842,645.0625610351562,78034500
2025-09-11 00:00:00-04:00,647.0108918753651,651.115436538164,646.4273914384058,650.423095703125,69934400
2025-09-12 00:00:00-04:00,650.393364548417,651.8868261792371,649.7010841125947,650.2054443359375,72780100
2025-09-15 00:00:00-04:00,652.4110731340584,653.7956944276398,652.114372883025,653.6671142578125,63772400
2025-09-16 00:00:00-04:00,654.2210123755038,654.5276730798186,651.9858301119879,652.7671508789062,61169000
2025-09-17 00:00:00-04:00,652.7770978636573,654.4683196962441,647.1296508296768,651.9561767578125,101952200
2025-09-18 00:00:00-04:00,654.6364399867887,657.603563340362,653.0341982051615,655.0023803710938,90459200
2025-09-19 00:00:00-04:00,656.8877828567474,659.0895125014193,654.9438659954435,658.2465209960938,97945600
2025-09-22 00:00:00-04:00,656.7588899327194,661.8070328507519,656.7291073786307,661.3607788085938,69452200
2025-09-23 00:00:00-04:00,661.2417286303936,661.8566899635472,656.540685502851,657.7606201171875,81708900
2025-09-24 00:00:00-04:00,659.0498612769777,659.1490153831234,654.2496039734066,655.6678466796875,68082200
2025-09-25 00:00:00-04:00,652.5338627083877,653.9917550046746,649.0328388399253,652.6429443359375,89622100
2025-09-26 00:00:00-04:00,654.0910020825955,656.9274877414105,652.4743904900326,656.3820190429688,69179200
2025-09-29 00:00:00-04:00,658.9010899003678,659.8135740530697,656.4216318338509,658.2266845703125,73499000
2025-09-30 00:00:00-04:00,657.4828203674869,661.1722852976668,656.173659297658,660.7061157226562,86288000
2025-10-01 00:00:00-04:00,657.7208144097488,663.8698820443607,657.6117327913598,662.9574584960938,72545400
2025-10-02 00:00:00-04:00,664.9410037342527,665.0600128657511,661.3011766397112,663.7210693359375,56896000
2025-10-03 00:00:00-04:00,664.4848020775174,667.1527012490268,662.6698219114437,663.7112426757812,70494400
2025-10-06 00:00:00-04:00,666.1014192164715,666.9841207809839,663.9591941673339,666.0914916992188,54623300
2025-10-07 00:00:00-04:00,667.0138297258598,667.4601442579947,662.1838505424819,663.6219482421875,72020100
2025-10-08 00:00:00-04:00,664.7426772273783,667.6783772359653,663.919480237528,667.5791625976562,60702200
2025-10-09 00:00:00-04:00,667.9957845708525,668.4023890582872,663.7112737749407,665.6452026367188,66501900
2025-10-10 00:00:00-04:00,666.6071968358344,668.4122493878771,647.4757221413303,647.6542358398438,159422600
2025-10-13 00:00:00-04:00,655.2216030747315,659.664772492732,654.3488290056752,657.5919189453125,79560500
2025-10-14 00:00:00-04:00,651.7701536094826,660.3590300864076,647.8030207789583,656.78857421875,88779600
2025-10-15 00:00:00-04:00,661.3408732132422,664.7228272522149,653.5156893256119,659.7044067382812,81702600
2025-10-16 00:00:00-04:00,661.340821247798,663.2153058553965,651.7105854492366,655.2116088867188,110563300
2025-10-17 00:00:00-04:00,654.0810128478913,660.2895852935891,652.7322022395391,658.9308471679688,96500900
2025-10-20 00:00:00-04:00,661.8367798071084,666.6866142382812,661.7872027532737,665.7840576171875,60493400
2025-10-21 00:00:00-04:00,665.9229005771253,667.4601523988813,664.4748753427003,665.7741088867188,56249000
2025-10-22 00:00:00-04:00,666.4783066993808,666.4783066993808,657.8497808005621,662.3128051757812,80564000
2025-10-23 00:00:00-04:00,662.6301900162397,667.1825015615415,662.3128121266341,666.2402954101562,65604500
2025-10-24 00:00:00-04:00,670.9016937183009,672.8951271271609,670.0983517375236,671.6851806640625,74356500
2025-10-27 00:00:00-04:00,677.1201116013259,679.9070199177999,676.5151383891614,679.6094970703125,63339800
2025-10-28 00:00:00-04:00,681.4046232640447,683.2493254549719,679.2028936555786,681.41455078125,61738100
2025-10-29 00:00:00-04:00,683.0609104229828,684.0328991417463,677.2590027977353,681.7418823242188,85657100
2025-10-30 00:00:00-04:00,678.2805836148408,680.3037996369978,674.2440185546875,674.2440185546875,76335800
2025-10-31 00:00:00-04:00,679.4110606194914,679.4507706842933,673.65873085131,676.45556640625,87164100
2025-11-03 00:00:00-05:00,680.0359699637585,680.1649066224819,674.3530715971103,677.7251586914062,57315000
2025-11-04 00:00:00-05:00,670.5545580097922,674.3729598389511,669.0371611161902,669.6917114257812,78427000
2025-11-05 00:00:00-05:00,669.4337786331213,675.2654684624238,668.6304366940664,672.012451171875,74402400
2025-11-06 00:00:00-05:00,670.9115428502156,671.8140994484131,663.2252231578799,664.8021850585938,85035300
2025-11-07 00:00:00-05:00,662.4218719882706,665.5658682287408,655.7769731606511,665.4567260742188,100592400
2025-11-10 00:00:00-05:00,671.6751969912248,676.5746080726943,669.4833950163819,675.8406982421875,75842900
2025-11-11 00:00:00-05:00,674.3629519753922,677.9532020666294,673.1529450781785,677.3878784179688,58953400
2025-11-12 00:00:00-05:00,679.1632192686196,679.3318660026857,675.3548055474994,677.7648315429688,62312500
2025-11-13 00:00:00-05:00,674.9085136071693,675.265541055433,665.0105359672095,666.5180053710938,103457800
2025-11-14 00:00:00-05:00,659.9127066954921,670.1082064558575,657.8200586834998,666.4088745117188,96846700
2025-11-17 00:00:00-05:00,664.1972328051172,668.1742931923078,656.7290761218832,660.2003173828125,90456100
2025-11-18 00:00:00-05:00,656.6596108350068,659.6548153709225,650.4708935566339,654.65625,114467500
2025-11-19 00:00:00-05:00,655.3505280387882,661.856623370592,653.3371790986623,657.185302734375,94703000
2025-11-20 00:00:00-05:00,667.3808213360044,670.0090710879778,646.5335791707308,647.1683349609375,165293500
2025-11-21 00:00:00-05:00,649.667590792559,659.0895314498267,645.5020891320908,653.6149291992188,123956200
2025-11-24 00:00:00-05:00,657.2447591605586,664.5541959227929,656.1538219404428,663.235107421875,80437900
2025-11-25 00:00:00-05:00,663.1360016067486,670.6537351639657,659.0200771396823,669.4735107421875,81077100
2025-11-26 00:00:00-05:00,672.0620713400136,676.0986363282427,671.1595147067713,674.09521484375,71879600
2025-11-28 00:00:00-05:00,675.2654787466182,678.0523870500939,674.9084513312986,677.7747192382812,49212000
2025-12-01 00:00:00-05:00,673.232272756968,677.3779187836101,673.1628406770591,674.6802978515625,61201200
2025-12-02 00:00:00-05:00,676.316803165018,678.2012155152329,673.7481184984898,675.9300537109375,62953800
2025-12-03 00:00:00-05:00,674.9779023816353,679.2822075879724,674.105128319461,678.2706298828125,57238500
2025-12-04 00:00:00-05:00,679.6689755171525,679.7384076011712,675.7415530139849,678.7664794921875,61970300
2025-12-05 00:00:00-05:00,679.8375623637357,682.7336127271673,678.9549213715281,680.0557861328125,79241000
2025-12-08 00:00:00-05:00,680.9484564225444,680.9980334759979,675.9696853695019,678.0127563476562,55231500
2025-12-09 00:00:00-05:00,677.5366934232544,679.7582780276033,676.9812972721672,677.4275512695312,58310100
2025-12-10 00:00:00-05:00,676.9515664343469,683.3088703732143,675.711837383319,681.92041015625,85671300
2025-12-11 00:00:00-05:00,679.51034738166,683.5865617528303,676.5647198382891,683.5072021484375,86173700
2025-12-12 00:00:00-05:00,682.5154459360199,683.2196338188487,673.5893968987631,676.1581420898438,113160300
2025-12-15 00:00:00-05:00,680.1053789946951,680.1252340287925,673.6687159286942,675.1365356445312,90811000
2025-12-16 00:00:00-05:00,673.6488975485244,675.4837328267965,669.4338188610296,673.2918701171875,122030600
2025-12-17 00:00:00-05:00,674.3034691132465,674.8489377460819,665.6848710067972,665.8832397460938,110625200
2025-12-18 00:00:00-05:00,672.0322187932205,675.1464323222394,669.3544527925658,670.9114990234375,108650100
2025-12-19 00:00:00-05:00,673.0134542661981,677.4896664833268,672.8940327515619,676.9923095703125,103599500
2025-12-22 00:00:00-05:00,680.3245900087294,681.7370666700199,676.9923229108747,681.2098999023438,69556700
2025-12-23 00:00:00-05:00,680.3046207584179,684.562024812114,680.2548972126992,684.3233032226562,64840000
2025-12-24 00:00:00-05:00,684.313382495532,687.1781631452748,684.164151137988,686.7305297851562,39445600
2025-12-26 00:00:00-05:00,686.989161229118,688.0037280321676,685.6264081645946,686.660888671875,41613300
2025-12-29 00:00:00-05:00,683.9055083361335,685.5567672531378,682.4433081832867,684.2138671875,62559500
2025-12-30 00:00:00-05:00,683.8160334465714,684.9201512250444,682.9506372729019,683.3783569335938,47160700
2025-12-31 00:00:00-05:00,683.5076844111845,683.726492314561,678.1063955310838,678.3152465820312,74144800
2026-01-02 00:00:00-05:00,682.0852055985325,683.2390468658663,676.2263268834449,679.55859375,89377200
2026-01-05 00:00:00-05:00,682.910778712987,685.7855161168121,682.7516512212146,684.0845336914062,71927200
2026-01-06 00:00:00-05:00,684.2934596862484,688.6602678554459,684.1442890432024,688.1529541015625,69273800
2026-01-07 00:00:00-05:00,688.5309418430683,690.2916046822218,685.6761181181482,685.9347534179688,75588300
2026-01-08 00:00:00-05:00,685.1787573638412,686.9692300361542,683.8557710289468,685.8651123046875,64019200
2026-01-09 00:00:00-05:00,686.9791831428475,691.6344363504869,685.5368360184962,690.4010009765625,80125500
2026-01-12 00:00:00-05:00,687.0289310253164,692.410366767912,686.979207477028,691.4852294921875,63976000
2026-01-13 00:00:00-05:00,691.813478661017,692.4103433578374,687.6953490317495,690.1026000976562,78309700
2026-01-14 00:00:00-05:00,687.3472637531122,688.0634285762314,682.4134612479594,686.7106323242188,94676700
2026-01-15 00:00:00-05:00,690.8983886882239,691.7737417111902,687.5959315038539,688.5806884765625,77862000
2026-01-16 00:00:00-05:00,689.9931507530615,690.5800586110835,686.4519720383781,688.0037231445312,79289200
2026-01-20 00:00:00-05:00,677.8874730475171,681.1501633341576,672.9934983300664,673.9981689453125,111623300
2026-01-21 00:00:00-05:00,676.0572511802958,685.0991655259935,674.5452667925615,681.77685546875,127844500
2026-01-22 00:00:00-05:00,686.2033478813381,687.476610793547,683.2888434897402,685.3379516601562,77112200
2026-01-23 00:00:00-05:00,684.5123006998919,687.3074439470811,683.5274830754288,685.5865478515625,63059600
2026-01-26 00:00:00-05:00,686.8399050563427,690.4606777697717,686.272910918868,689.0680541992188,60473800
2026-01-27 00:00:00-05:00,690.5104039402848,692.8480177488461,689.9036431059924,691.8134765625,55506100
2026-01-28 00:00:00-05:00,693.3652237572153,694.1510864943795,690.271678492269,691.7438354492188,61172200
2026-01-29 00:00:00-05:00,692.7087686795362,693.375209936545,681.2098793986574,690.3711547851562,97486200
2026-01-30 00:00:00-05:00,688.1330315570439,690.5402826440542,683.487735152998,688.3120727539062,101835100
2026-02-02 00:00:00-05:00,685.9348095869553,693.2459322689688,685.7756213682558,691.7339477539062,79286500
2026-02-03 00:00:00-05:00,692.529690413304,693.2757257351432,680.4140840721383,685.885009765625,107904600
2026-02-04 00:00:00-05:00,686.7006659106327,687.7948875474046,678.1561081391175,682.5626831054688,105204600
2026-02-05 00:00:00-05:00,677.3404209861714,680.0758839506523,672.2176206040476,674.0379638671875,113610800
2026-02-06 00:00:00-05:00,677.8576866055596,688.6503070282812,677.2508650473027,686.96923828125,89127600
2026-02-09 00:00:00-05:00,685.7755944360715,692.1915108078678,684.7013472083629,690.2816772460938,73885200
2026-02-10 00:00:00-05:00,691.276360737094,692.8579216647231,688.0037135108784,688.4613037109375,65185700
2026-02-11 00:00:00-05:00,692.7087599208829,693.4547952732178,685.5368515439336,688.3021850585938,76353900
2026-02-12 00:00:00-05:00,690.5701102294341,691.6742279947084,676.7734344520502,677.668701171875,118829000
2026-02-13 00:00:00-05:00,678.0864377658819,682.6522007204912,673.9384983110481,678.1461181640625,96267500
2026-02-17 00:00:00-05:00,676.5446598627462,681.31927396984,672.2077222570326,679.2402954101562,81354700
2026-02-18 00:00:00-05:00,680.4041503420104,685.507036973797,679.2204384959671,682.662109375,73570300
2026-02-19 00:00:00-05:00,680.225062656192,682.5526587813481,677.9471293624403,680.8616333007812,58649400
2026-02-20 00:00:00-05:00,678.7131823752115,686.4122580979458,678.126274472082,685.7855834960938,100034000
2026-02-23 00:00:00-05:00,684.1940214696967,686.3525334522094,676.7734345413753,678.7827758789062,90558100
2026-02-24 00:00:00-05:00,678.295350173768,684.7112054782021,676.4053697086953,683.7164916992188,73798700
2026-02-25 00:00:00-05:00,686.53156929616,690.0130676270821,686.4519751919497,689.4859008789062,56369500
2026-02-26 00:00:00-05:00,689.615191050754,689.6350440416309,680.7323436648176,685.6561889648438,71671000
2026-02-27 00:00:00-05:00,679.4790749097389,683.2291046432514,678.0367277603054,682.3637084960938,83308900
2026-03-02 00:00:00-05:00,675.1123137702438,684.9798583327654,674.4359156260907,682.751708984375,87477200
2026-03-03 00:00:00-05:00,671.4915420947397,679.0016196644848,666.1200629162043,676.7337036132812,105003100
2026-03-04 00:00:00-05:00,678.026741603972,683.4579005621853,676.0273572426378,681.5082397460938,79182200
2026-03-05 00:00:00-05:00,678.474445192334,681.9062201445739,672.0386149612469,677.70849609375,106606500
2026-03-06 00:00:00-05:00,669.8502072585248,672.5359467168151,666.2195382406165,668.82568359375,100687000
2026-03-09 00:00:00-04:00,662.8673651303956,676.3258117079225,658.888509802078,674.6845703125,102667700
2026-03-10 00:00:00-04:00,674.1374043547928,679.7476047325034,671.1930903760745,673.6002807617188,81505300
2026-03-11 00:00:00-04:00,673.9982140650914,676.4849986405864,669.7806371390539,672.7548217773438,68441700
2026-03-12 00:00:00-04:00,667.6120785283837,668.0995392824933,662.3500644519811,662.5390625,108882200
2026-03-13 00:00:00-04:00,665.7321452917186,668.7859240392634,657.863924887251,658.7890014648438,97200200
2026-03-16 00:00:00-04:00,664.8468199428278,668.5173163233716,663.5934708305671,665.493408203125,82023100
2026-03-17 00:00:00-04:00,668.8355969918504,670.8747480492216,666.1598145596139,667.2440185546875,87128000
2026-03-18 00:00:00-04:00,664.8268919718373,666.1796881508768,657.6948111200146,657.9335327148438,82062600
2026-03-19 00:00:00-04:00,653.4971375917409,659.4753776238247,651.7066647804095,656.3121948242188,111272500
2026-03-20 00:00:00-04:00,654.8230422006715,655.0025723674255,643.063298812559,646.9034423828125,163617500
2026-03-23 00:00:00-04:00,656.3790129905765,660.9173090129275,652.2596206790361,653.6959228515625,134802700
2026-03-24 00:00:00-04:00,649.6463809650626,655.3417305137531,648.2100787416998,651.5015869140625,96457500
2026-03-25 00:00:00-04:00,656.9774239230809,659.1917509309695,652.5588148295345,655.1322021484375,90653800
2026-03-26 00:00:00-04:00,650.3844333840033,653.1672421520028,643.1630473705688,643.432373046875,96494400
2026-03-27 00:00:00-04:00,640.8489947137006,641.0085567819559,631.4831091918358,632.4606323242188,103649400
2026-03-30 00:00:00-04:00,638.4651675144013,638.7245091624994,627.6630399662237,630.3460693359375,99275900
2026-03-31 00:00:00-04:00,637.2981538716512,649.865752001465,636.3405988140365,648.6688842773438,152534100
2026-04-01 00:00:00-04:00,652.219751792706,656.8278752918841,651.3220400966815,653.5562744140625,97841500
2026-04-02 00:00:00-04:00,644.7589215344626,656.5086804928782,643.4522901873171,654.144775390625,68358700
2026-04-06 00:00:00-04:00,654.1746977251443,658.0247645183308,653.8356054757206,657.23681640625,39105800
2026-04-07 00:00:00-04:00,654.9626585699763,657.9150134208243,649.386996170508,657.5260009765625,69980400
2026-04-08 00:00:00-04:00,674.6519776493207,675.3402070755335,669.734652974974,674.27294921875,93606100
2026-04-09 00:00:00-04:00,673.1059235004034,679.4096297331154,672.0386657215836,678.162841796875,57134400
2026-04-10 00:00:00-04:00,679.5692561407437,680.2774536083281,676.7066358948267,677.7140502929688,42253500
2026-04-13 00:00:00-04:00,675.669302461078,684.536473353906,674.8414790590384,684.3369750976562,54185800
2026-04-14 00:00:00-04:00,685.9229138241225,692.7952238870419,685.8929616905456,692.675537109375,63480500
2026-04-15 00:00:00-04:00,693.4734516118131,698.480571570673,692.4161778504387,698.1414184570312,58240400
2026-04-16 00:00:00-04:00,699.2585607342904,700.9741726960574,696.7350934539525,699.8569946289062,49972400
2026-04-17 00:00:00-04:00,704.3255249385737,710.5594650064761,703.9464965121796,708.3152465820312,70661900
2026-04-20 00:00:00-04:00,706.9587079747221,708.0857482546458,704.3254772575062,706.8988037109375,43546800
2026-04-21 00:00:00-04:00,708.4548936431559,709.4523240430285,700.8345107773317,702.2708129882812,58941400
2026-04-22 00:00:00-04:00,707.3278031045794,709.6218808832724,706.4001392457644,709.3825073242188,42518500
2026-04-23 00:00:00-04:00,707.6768673789517,710.5295037064266,700.4754491270062,706.6295776367188,56174000
2026-04-24 00:00:00-04:00,708.9236633096505,712.6340752101273,707.1881441382454,712.10546875,45182000
2026-04-27 00:00:00-04:00,711.3374146094498,713.7911152864904,710.4696550399041,713.332275390625,33135900
2026-04-28 00:00:00-04:00,709.9908768700561,711.0481506026886,707.4274735730012,709.8612060546875,43117400
2026-04-29 00:00:00-04:00,709.1729992133655,710.3699278433978,706.5497524472755,709.7515258789062,41859200
2026-04-30 00:00:00-04:00,712.7936806635566,717.9403946619685,708.6244289610544,716.8132934570312,67240900
2026-05-01 00:00:00-04:00,719.3966516418469,723.0073446973263,718.6186267345964,718.7982177734375,43049800
2026-05-04 00:00:00-04:00,718.2196821209096,720.2644021704073,713.152718877996,716.1649780273438,51950600
2026-05-05 00:00:00-04:00,719.9153564929043,723.1769124909786,719.6360467603954,721.9102172851562,36933200
2026-05-06 00:00:00-04:00,726.288861980811,732.7023927493656,725.9497697512824,731.9443359375,53288900
2026-05-07 00:00:00-04:00,733.161188473549,734.238430329629,727.8748196364371,729.7001342773438,51724600
2026-05-08 00:00:00-04:00,733.0415191543954,736.1834492768152,732.6824588199246,735.724609375,47227100
2026-05-11 00:00:00-04:00,734.5576163199453,738.8864300819614,734.5576163199453,737.4002685546875,44024000
2026-05-12 00:00:00-04:00,734.9964788307154,736.9414802248905,729.9494836014034,736.2831420898438,54185300
2026-05-13 00:00:00-04:00,736.5723674930287,741.9983910774667,733.5800764180441,740.4025268554688,44200200
2026-05-14 00:00:00-04:00,741.7391534739264,747.6040491923611,741.649357949993,746.2474975585938,45307600
2026-05-15 00:00:00-04:00,739.8838927249178,741.5496453663399,736.0637780312098,737.2706298828125,60410800
2026-05-18 00:00:00-04:00,737.9289136337939,739.5147938000424,731.5054597381557,736.751953125,47843900
2026-05-19 00:00:00-04:00,732.8919551385734,735.7545755811656,729.650306265128,731.8446044921875,54255900
2026-05-20 00:00:00-04:00,733.8195334397973,739.9636778498481,732.0042028263388,739.3452758789062,45768000
2026-05-21 00:00:00-04:00,736.7419902854853,742.9559620700644,735.1361419849363,740.8114624023438,43332200
2026-05-22 00:00:00-04:00,744.3224328967863,747.015507083493,742.566945697205,743.7239990234375,41762000
2026-05-26 00:00:00-04:00,748.0827892360243,750.1973368284331,746.4469887578754,748.6613159179688,41123600
2026-05-27 00:00:00-04:00,748.9505199197505,749.4492351039673,746.2973210478585,748.5316162109375,42106300
2026-05-28 00:00:00-04:00,748.3221518516883,753.2095851254732,747.3047533704411,752.6609497070312,41562600
2026-05-29 00:00:00-04:00,753.9576670103595,756.1320579864754,752.7507543048832,754.5361328125,55075700
2026-06-01 00:00:00-04:00,753.4189990020213,758.3264003155792,752.7507376917755,756.5908203125,43634900
2026-06-02 00:00:00-04:00,755.0847737682097,758.4461093852723,754.805464031348,757.6182250976562,31581900
2026-06-03 00:00:00-04:00,756.2018667594974,756.8501599793441,751.6336185743088,752.3018798828125,51402500
2026-06-04 00:00:00-04:00,750.1673635570705,756.3614281257201,749.5389775481502,755.1445922851562,49923000
2026-06-05 00:00:00-04:00,750.3768677170906,750.8855669656407,733.6400171295905,735.65478515625,93989400
2026-06-08 00:00:00-04:00,741.4498108327123,743.4247643242134,736.2931129658897,737.3204345703125,49319100
2026-06-09 00:00:00-04:00,741.7191759970133,744.9807928982774,720.7332622187009,735.1560668945312,87683500
2026-06-10 00:00:00-04:00,731.5054857614351,736.4826536495077,723.4661992814284,723.56591796875,60341300
2026-06-11 00:00:00-04:00,726.8873842592473,738.0984921563339,722.5485255148498,735.8642578125,86330500
2026-06-12 00:00:00-04:00,738.8066884479139,742.5270843334097,733.1412911200548,739.843994140625,57079500
2026-06-15 00:00:00-04:00,749.9179969688896,754.7356026867302,749.8282623277308,752.890380859375,60176400
2026-06-16 00:00:00-04:00,752.6111046530555,753.4988323298886,747.9531216783239,748.4019775390625,67093100
2026-06-17 00:00:00-04:00,749.3594421826946,750.217278570044,737.3204502885575,739.0560302734375,85945200
2026-06-18 00:00:00-04:00,747.760009765625,748.22998046875,743.8599853515625,746.739990234375,80875700
2026-06-22 00:00:00-04:00,747.7000122070312,750.1799926757812,743.1300048828125,744.3900146484375,46628100
2026-06-23 00:00:00-04:00,733.8099975585938,739.6300048828125,732.2999877929688,733.5800170898438,66846800
2026-06-24 00:00:00-04:00,735.1699829101562,739.9500122070312,730.8400268554688,733.239990234375,57439500
2026-06-25 00:00:00-04:00,738.9099731445312,739.3699951171875,729.5999755859375,734.2999877929688,53934400
2026-06-26 00:00:00-04:00,728.9500122070312,736.530029296875,716.5800170898438,728.989990234375,71034000
2026-06-29 00:00:00-04:00,736.530029296875,741.5599975585938,732.0900268554688,741.0,58035200
2026-06-30 00:00:00-04:00,741.2899780273438,748.02001953125,740.8900146484375,746.77001953125,55626000
2026-07-01 00:00:00-04:00,745.0,749.4400024414062,742.3800048828125,745.760009765625,47100900
2026-07-02 00:00:00-04:00,747.4000244140625,751.3099975585938,740.030029296875,744.780029296875,57447800
2026-07-06 00:00:00-04:00,748.739990234375,752.4099731445312,747.4099731445312,751.280029296875,50673300
2026-07-07 00:00:00-04:00,750.219970703125,750.9600219726562,745.2100219726562,747.7100219726562,43721500
2026-07-08 00:00:00-04:00,743.1599731445312,746.1500244140625,739.510009765625,745.4000244140625,43767400
2026-07-09 00:00:00-04:00,747.3499755859375,751.969970703125,745.5900268554688,751.7100219726562,41441700
2026-07-10 00:00:00-04:00,752.0499877929688,755.4199829101562,748.0999755859375,754.9500122070312,42191300
2026-07-13 00:00:00-04:00,752.469970703125,753.9099731445312,748.0,749.1699829101562,44013600
2026-07-14 00:00:00-04:00,750.9099731445312,753.3400268554688,748.6599731445312,751.8300170898438,35143100
2026-07-15 00:00:00-04:00,754.239990234375,755.5800170898438,750.2000122070312,754.8099975585938,43844800
2026-07-16 00:00:00-04:00,752.760009765625,754.5700073242188,747.8800048828125,750.719970703125,46409800
2026-07-17 00:00:00-04:00,742.0800170898438,747.2899780273438,740.7999877929688,743.2899780273438,62651000
2026-07-20 00:00:00-04:00,747.0599975585938,748.72998046875,741.510009765625,742.0900268554688,50422300
2026-07-21 00:00:00-04:00,746.2899780273438,749.0399780273438,744.1799926757812,748.280029296875,34324300
2026-07-22 00:00:00-04:00,746.6199951171875,750.02001953125,746.3699951171875,747.4099731445312,32836200
2026-07-23 00:00:00-04:00,739.3699951171875,742.5599975585938,735.2100219726562,738.1799926757812,55437300
2026-07-24 00:00:00-04:00,738.510009765625,743.719970703125,737.2899780273438,738.9299926757812,44782000
2026-07-27 00:00:00-04:00,744.9099731445312,745.530029296875,735.8699951171875,739.0900268554688,41461200
2026-07-28 00:00:00-04:00,739.1900024414062,742.7899780273438,735.97998046875,740.8599853515625,47322200
2026-07-29 00:00:00-04:00,739.969970703125,742.6799926757812,729.0999755859375,729.4600219726562,70697200
2026-07-30 00:00:00-04:00,736.0499877929688,742.4500122070312,734.5900268554688,741.6900024414062,66811300
2026-07-31 00:00:00-04:00,744.6799926757812,748.9000244140625,737.6799926757812,747.030029296875,62445900
2026-08-03 00:00:00-04:00,749.4400024414062,758.5800170898438,748.7999877929688,757.6699829101562,59927500
2026-08-04 00:00:00-04:00,760.6300048828125,773.4099731445312,760.52001953125,771.3300170898438,69154800
2026-08-05 00:00:00-04:00,775.8499755859375,776.8499755859375,769.510009765625,769.7899780273438,44689100
2026-08-06 00:00:00-04:00,770.2100219726562,771.8200073242188,767.4600219726562,768.5599975585938,38416900
2026-08-07 00:00:00-04:00,771.02001953125,773.9199829101562,769.6099853515625,773.260009765625,43557000
2026-08-10 00:00:00-04:00,772.5999755859375,775.030029296875,771.8900146484375,773.030029296875,31958749
